date,original,annual,seasonal_subannual,semiannual,subseasonal,trend,reconstructed_without_noise,residual
2005-01-01,-1.6488037,-10.402315665299101,0.5942302753572639,-0.9825191395459968,-1.2371566514978571,13.122291029724714,1.0945298487390236,-2.743333548739024
2005-01-02,-1.1027527,-10.478670624969201,0.885625378380204,-0.9751253214635541,-1.0210793829262832,13.12823965064759,1.5389896996687558,-2.6417423996687557
2005-01-03,4.3505554,-10.554311486982005,1.1232202506555509,-0.9624962563604739,-0.4352566863489035,13.132647283521244,2.3038031044854126,2.0467522955145876
2005-01-04,5.7543945,-10.636217385410312,1.2372058410174198,-0.9523542305682162,0.20916335915967843,13.132261513842174,2.990059098040744,2.764335401959256
2005-01-05,1.0656128,-10.720074655328016,1.249195495864814,-0.9425343679148206,0.7086660549480052,13.129260699605146,3.4245132271751277,-2.3589004271751275
2005-01-06,1.3544006,-10.800000139046357,1.2153411286443307,-0.9294727710024409,0.9203277888672899,13.12653355054829,3.5327295580111127,-2.1783289580111127
2005-01-07,4.646942,-10.87641616872967,1.1455219004118364,-0.9138319792384108,0.6663190526296133,13.123891925147252,3.1454847302206215,1.5014572697793787
2005-01-08,1.7946472,-10.951899253979741,1.0417125887712912,-0.8978662704555338,-0.0218775534692114,13.120084413262024,2.2901539241288287,-0.4955067241288287
2005-01-09,1.6760864,-11.023306687047201,0.943150533870544,-0.8797143888589576,-0.7776293331766932,13.116662503968493,1.3791626287561858,0.2969237712438142
2005-01-10,1.3103027,-11.090392364403238,0.8686959402602362,-0.8593165878336582,-1.2259844922246403,13.113749284865083,0.8067517806637827,0.5035509193362173
2005-01-11,1.6161194,-11.153198111436001,0.8283237319967645,-0.8367707791504942,-1.1519156403566484,13.111320181797483,0.7977593828511029,0.8183600171488972
2005-01-12,0.16461182,-11.211439285420816,0.8212642848514958,-0.811891691017485,-0.6062026713794094,13.109504943190805,1.301235580224592,-1.136623760224592
2005-01-13,2.4735718,-11.264622003610993,0.8426317997834961,-0.7843904025977508,0.14594760050602557,13.108536840327398,2.048103834408174,0.4254679655918263
2005-01-14,4.0799866,-11.314217856433098,0.8707668402206228,-0.7554506676124282,0.7369140565592228,13.107686108476406,2.645698481210726,1.434288118789274
2005-01-15,2.469757,-11.358871887532917,0.89034859850652,-0.724260020163001,0.932115797704435,13.107633544414169,2.846966032929206,-0.37720903292920616
2005-01-16,1.8267517,-11.398747907403825,0.8925826302960375,-0.6909107196513078,0.731340364049448,13.108284674308859,2.64254904159921,-0.8157973415992101
2005-01-17,1.2380981,-11.434073497641513,0.8709883985860686,-0.6555930737989764,0.3117062180583787,13.109517781606428,2.202545826810386,-0.9644477268103862
2005-01-18,2.7676697,-11.465575865436453,0.8248177540301052,-0.6189281519997298,-0.09262346853294376,13.11096469107489,1.7586549591358693,1.0090147408641306
2005-01-19,2.6843567,-11.494120365057997,0.7579553385219004,-0.5816204852330895,-0.3272713972481641,13.11219618313998,1.46713927412263,1.21721742587737
2005-01-20,1.3070374,-11.519875400174628,0.6843558732600501,-0.5438323550106942,-0.3615988292837925,13.113123753374316,1.372173042165251,-0.06513564216525092
2005-01-21,0.3708191,-11.542235470398433,0.6229275704813839,-0.5052170494026478,-0.2639654373105354,13.114040638760937,1.425550252130705,-1.054731152130705
2005-01-22,1.5896606,-11.561577255034058,0.5874110427397067,-0.4660799041792958,-0.1271431060844138,13.114754072057849,1.5473648494997878,0.04229575050021217
2005-01-23,0.6099243,-11.578483306449755,0.5827114832351799,-0.4269449951657774,0.01236710560386993,13.114977745905385,1.7046280331289019,-1.094703733128902
2005-01-24,2.5725708,-11.592868652461721,0.6097638739665303,-0.3878073981945569,0.2068877055220697,13.114746463713994,1.950721992546315,0.6218488074536848
2005-01-25,3.5881348,-11.604402605305733,0.6593954030607546,-0.3485506096342573,0.5068086512733925,13.114228965452547,2.3274798048467034,1.2606549951532968
2005-01-26,1.2706909,-11.613016346957927,0.7192422804063824,-0.30920424432533683,0.881050094509266,13.113461511984818,2.791533295617203,-1.520842395617203
2005-01-27,1.9042969,-11.617945789741078,0.7807020689601067,-0.2692375155940536,1.1834293107243326,13.112818947072713,3.1897670214220195,-1.2854701214220194
2005-01-28,2.9923096,-11.619238442368315,0.8329188958536788,-0.2286742135862378,1.1827995418474593,13.112277672633885,3.2800834543804687,-0.28777385438046865
2005-01-29,5.894684,-11.617321582803548,0.8684859300290527,-0.18783968011235974,0.712162175432122,13.11162309568722,2.887109938232486,3.0075740617675137
2005-01-30,1.8901672,-11.612565781815844,0.8843930798035539,-0.14700366956244054,-0.19453228521809426,13.110673039992816,2.0409643831999897,-0.1507971831999897
2005-01-31,1.0475464,-11.60355735039903,0.8913736821377983,-0.10517758004116462,-1.242046795839038,13.11012622470186,1.0507181805604269,-0.0031717805604267735
2005-02-01,-0.7069702,-11.590396763916047,0.8957999982119403,-0.06247187737045279,-2.0261746290059244,13.109932228290788,0.3266889562103046,-1.0336591562103046
2005-02-02,-0.14230347,-11.573013795774251,0.9029369475075766,-0.01882719583325232,-2.2153504800509825,13.110125698131844,0.20587117398093469,-0.3481746439809347
2005-02-03,1.207489,-11.551583708698546,0.9126042396716775,0.025604718519894487,-1.7301362062049956,13.11062328120582,0.7671123244938496,0.44037667550615045
2005-02-04,3.0696106,-11.526465939525089,0.9209586082165765,0.07051773195889455,-0.7856738613485275,13.11125046435922,1.7905870036610736,1.2790235963389263
2005-02-05,2.8552551,-11.49860942879692,0.9218076562945311,0.11517483675851342,0.21651819262655322,13.111537255599941,2.866428512482619,-0.01117341248261905
2005-02-06,2.4607544,-11.467789160760658,0.9131626755425629,0.15962949571784407,0.8989131431207463,13.111600360698308,3.615516514318802,-1.1547621143188023
2005-02-07,3.694336,-11.433732544518694,0.8945459560780699,0.20403607340172986,1.0808511139927262,13.111580828177349,3.857281427131179,-0.162945427131179
2005-02-08,2.5308228,-11.396308838757395,0.8648589169163974,0.24836103889673145,0.8413952819590688,13.11155156169371,3.6698579607085122,-1.139035160708512
2005-02-09,5.235382,-11.355447752456726,0.8236045170593149,0.29262080285785774,0.4492716663167926,13.111550444406413,3.321599678183654,1.9137823218163463
2005-02-10,5.480011,-11.311847827895447,0.7651923487034231,0.3363180184016104,0.18022866609565455,13.111236112738048,3.08112731804329,2.3988836819567103
2005-02-11,1.1763,-11.26538600325331,0.6872884539483803,0.3794495282382092,0.179503199464577,13.110678323557252,3.0915335019551087,-1.9152335019551088
2005-02-12,2.2851562,-11.215170232292417,0.5929613148131027,0.42259892057442994,0.40237447255590986,13.110325755208015,3.3130902308590393,-1.0279340308590394
2005-02-13,1.7672424,-11.161821526464426,0.4809851469841096,0.46526370623279056,0.6465293366227327,13.10987903592486,3.5408356993000663,-1.7735932993000663
2005-02-14,3.009735,-11.104892240255182,0.35493623549859876,0.5076669659089588,0.7188496350949802,13.109569671613892,3.586130267861247,-0.5763952678612467
2005-02-15,4.9972534,-11.044058717455842,0.2189212988547778,0.5500083593571574,0.5577004821566376,13.10956853127214,3.39213995418487,1.60511344581513
2005-02-16,2.3648987,-10.979226208212836,0.07672920393310378,0.5923255694093665,0.267775375940707,13.109936131621104,3.067540072691445,-0.7026413726914451
2005-02-17,4.868042,-10.910778230691607,-0.06750761689244518,0.6343459867475059,0.047183950406923886,13.110487390837934,2.813731480408311,2.054310519591689
2005-02-18,2.6246338,-10.83931812182446,-0.21563877218278144,0.6756548725511791,0.03409411416343949,13.110931661259139,2.7657237539665154,-0.14108995396651558
2005-02-19,3.0260315,-10.764593168666954,-0.3674201293980017,0.7164204743180663,0.2275646523244198,13.11140114178442,2.9233729703619513,0.10265852963804889
2005-02-20,4.427368,-10.686402501777687,-0.5241473588545057,0.7567325847387174,0.47296341994409685,13.112008642837043,3.131154786887665,1.2962132131123356
2005-02-21,0.40890503,-10.605068549456108,-0.6862478416010593,0.7962995807164955,0.565872294766347,13.112607206108489,3.1834626905341636,-2.7745576605341635
2005-02-22,2.0991516,-10.520056502333766,-0.8467087625458156,0.8354696599855356,0.40031377950312785,13.113471777332993,2.9824899519420747,-0.8833383519420748
2005-02-23,5.6869507,-10.431408109514377,-0.9994418639683273,0.8741664845886867,0.0235316961084555,13.114596004079464,2.581444211293901,3.105506488706099
2005-02-24,2.7563782,-10.339538427089161,-1.1376636228176586,0.9120781698586982,-0.38439068361068285,13.115790038750285,2.1662754750914814,0.5901027249085185
2005-02-25,1.9392395,-10.244515617184076,-1.2501585157645771,0.949160318612748,-0.6172448085433339,13.117030878501577,1.9542722556223389,-0.015032755622338856
2005-02-26,0.12545776,-10.146117099997777,-1.3287012943240406,0.9855120439509146,-0.6013081367929245,13.118443443377686,2.027828956213856,-1.902371196213856
2005-02-27,1.1864624,-10.044165302379072,-1.3695014700515875,1.0212440523252369,-0.4548828519632115,13.120129749362674,2.2728241772940407,-1.0863617772940408
2005-02-28,3.024292,-9.938974264294933,-1.3757937668834144,1.0561171542494354,-0.42083745370456366,13.121949510488681,2.442461179855206,0.5818308201447939
2005-03-01,1.6625366,-9.830925325950837,-1.3540762314860806,1.0898026511991235,-0.6901527334091934,13.123730954413366,2.338379314766378,-0.6758427147663781
2005-03-02,3.2037964,-9.719718301885461,-1.3086071097461176,1.1224646828810687,-1.2368648806707674,13.12564077036373,1.9829151609424525,1.2208812390575474
2005-03-03,3.4457703,-9.605664172948073,-1.2449509762913198,1.1538455975065864,-1.799272492182796,13.127542557202524,1.6315005132869231,1.8142697867130768
2005-03-04,0.52001953,-9.488929234924951,-1.1666754474710215,1.183801286002738,-1.9989680038245723,13.129371155428936,1.6585997552111298,-1.13858022521113
2005-03-05,1.7929993,-9.369246860547833,-1.0749051728295071,1.212511107020227,-1.5596887558918817,13.131275046760127,2.3399453645111326,-0.5469460645111326
2005-03-06,1.7034912,-9.246568368367917,-0.9741856310473018,1.239985164708341,-0.5085189231671587,13.133298325568623,3.6440105676945844,-1.9405193676945844
2005-03-07,3.471161,-9.120654665259536,-0.8708108180298807,1.2663627216857054,0.7983668590311166,13.135578179970036,5.208842277397441,-1.7376812773974408
2005-03-08,7.4058228,-8.992108563298014,-0.775536373198278,1.2912422816977698,1.8244795092303487,13.137831883086001,6.485908737517827,0.9199140624821736
2005-03-09,8.70401,-8.860906158215208,-0.6990444954795917,1.314617833296746,2.1258471877826137,13.140093997537932,7.020608364922491,1.6834016350775096
2005-03-10,7.932953,-8.727471198468105,-0.6485512861761438,1.3361988977552943,1.587826433237409,13.1421737242302,6.690176570578655,1.2427764294213457
2005-03-11,8.665894,-8.591848457231118,-0.6246740963572519,1.3559174955932836,0.48875698021221275,13.144068955312028,5.772220877529155,2.8936731224708447
2005-03-12,6.305023,-8.453802405542211,-0.6226902429308516,1.373915303945045,-0.6482944388633602,13.14591942557883,4.795047642187454,1.5099753578125465
2005-03-13,0.6060486,-8.313159733845529,-0.6327759146791905,1.3903337034694627,-1.317736046619978,13.147830653158382,4.274492661483148,-3.6684440614831475
2005-03-14,1.6791687,-8.170093695923708,-0.6432950415303453,1.4050817938653315,-1.2755239947435772,13.149732512300004,4.465901573967704,-2.786732873967704
2005-03-15,4.4969482,-8.024738792926259,-0.6468775307883555,1.4180462190385916,-0.6394067211435015,13.151580298180903,5.258603472361379,-0.761655272361379
2005-03-16,8.198547,-7.877111662596868,-0.6398197789903742,1.4291787512921255,0.22178079105305426,13.153390246159386,6.287418346917323,1.9111286530826765
2005-03-17,9.654083,-7.727150567304678,-0.621796052239749,1.4384695049481795,0.9115623547866263,13.155220798315746,7.156306038506125,2.4977769614938747
2005-03-18,7.333069,-7.575161067116427,-0.5946551314073906,1.4457307643972894,1.211849886664211,13.156943528627883,7.644707981165567,-0.3116389811655669
2005-03-19,5.7919617,-7.42088604623217,-0.559496061503098,1.4511692289018863,1.1582881529801834,13.158708578713263,7.7877838528600645,-1.9958221528600646
2005-03-20,5.9363403,-7.2645430202945125,-0.5192993087505685,1.4546905972171915,0.9486301281600292,13.160428643604234,7.779907039936374,-1.8435667399363735
2005-03-21,8.387268,-7.106209712713586,-0.4778440074373691,1.456269229435978,0.7779394797681276,13.16208790927046,7.8122428983236105,0.5750251016763901
2005-03-22,11.007202,-6.945917028438375,-0.43974260097491746,1.455884273982977,0.7041732958906572,13.1636958303765,7.938093770836842,3.0691082291631577
2005-03-23,9.011566,-6.783937438871793,-0.4095444335089113,1.453332540445705,0.6296911305116062,13.165141483768938,8.054683282345545,0.9568827176544552
2005-03-24,6.7781982,-6.620038136583675,-0.388138720503811,1.448823159145794,0.4008468217228589,13.16656387821329,8.008057001994459,-1.2298588019944585
2005-03-25,3.510315,-6.454242722980866,-0.3748041713890967,1.4424218296897782,-0.06823749813409319,13.167972915178128,7.71311035236385,-4.20279535236385
2005-03-26,5.535187,-6.2863246755411675,-0.366184958065752,1.4343441944589168,-0.7176787214351221,13.169503631905737,7.233659471322612,-1.6984724713226127
2005-03-27,9.893311,-6.116368583798334,-0.3592814938621472,1.4245749600467499,-1.372897643423696,13.171140776509853,6.747168015472426,3.1461429845275743
2005-03-28,8.607574,-5.944755740879845,-0.35022722890255326,1.4128632999333306,-1.8390779077114885,13.172722474959723,6.451524897399167,2.156049102600833
2005-03-29,7.932373,-5.771429046995031,-0.3311190191249987,1.3992796422041098,-1.9979843435999318,13.174302363836505,6.473049596320653,1.4593234036793472
2005-03-30,5.7599487,-5.59670054679707,-0.2948931316603606,1.3836887521080388,-1.8644744360394434,13.175749253249695,6.80336989086086,-1.04342119086086
2005-03-31,7.8231506,-5.420509822283031,-0.23594433188002914,1.3661910631136476,-1.5431229684952554,13.17711695287428,7.343730893329612,0.479419706670388
2005-04-01,7.7277527,-5.243030985641129,-0.1551022985662335,1.3467051366182776,-1.1386078492680507,13.178345347430016,7.98830935057288,-0.26055665057288024
2005-04-02,9.087097,-5.06404052371922,-0.05732269643545266,1.325429446050629,-0.6626026697216605,13.179572108997558,8.721035665171854,0.36606133482814585
2005-04-03,11.574951,-4.883566653165531,0.04742989778927772,1.3023919378725486,-0.032806552193668057,13.180811291937399,9.614259922240027,1.9606910777599733
2005-04-04,5.4281616,-4.7018236377019615,0.14667921220647834,1.2775018211424014,0.8398001775040963,13.181985028258026,10.74414260140904,-5.31598100140904
2005-04-05,10.157684,-4.518305158137544,0.23206502296717585,1.2511908251671384,1.9337373955207109,13.183370064753147,12.082058150270628,-1.9243741502706282
2005-04-06,16.148071,-4.333692289550141,0.2929212093959977,1.2230493798428026,3.0189074856532985,13.184655659870065,13.385841445212023,2.7622295547879787
2005-04-07,16.072327,-4.148306797391307,0.32370355484670077,1.192894083617246,3.720307511048526,13.18571189713618,14.274310249257347,1.7980167507426543
2005-04-08,13.284637,-3.962313537753814,0.326859513354629,1.1606690607117636,3.6902989677056035,13.186482799059549,14.401996803077731,-1.117359803077731
2005-04-09,12.395508,-3.775406817534603,0.3110191020004422,1.1266704701353478,2.7965860705580137,13.187146609174285,13.646015434333485,-1.2505074343334854
2005-04-10,16.383514,-3.5876194146124942,0.28598941038663006,1.0909565058523714,1.2260199161823662,13.187713108372924,12.203059526181796,4.180454473818205
2005-04-11,9.602783,-3.399280872947215,0.2597513779438927,1.0533971075402064,-0.5573642478047822,13.188047214324351,10.544550579056454,-0.941767579056453
2005-04-12,5.898651,-3.2098761730003655,0.2430241326301552,1.0144492674025007,-1.9798992831312496,13.188430012193603,9.256127956094645,-3.3574769560946445
2005-04-13,6.637024,-3.019104028668076,0.24229100882776008,0.9744517224006197,-2.6209371352299664,13.18903752821261,8.765739095542948,-2.1287150955429475
2005-04-14,10.781433,-2.8270404301903818,0.2585124795807767,0.93347033754775,-2.3962875425501298,13.189859809403002,9.158514653791016,1.6229183462089836
2005-04-15,13.360687,-2.634214644170445,0.2885153065676438,0.8912183428815383,-1.5744419254401696,13.190663038438641,10.161740118277208,3.198946881722792
2005-04-16,10.312012,-2.440962663132299,0.32920532366607247,0.8475501525260469,-0.6221592079597977,13.191308301245027,11.30494190634505,-0.9929299063450507
2005-04-17,13.825195,-2.247193037769719,0.380338284803008,0.8026307354178066,0.02540838243667145,13.191867246074404,12.153051610962171,1.6721433890378297
2005-04-18,11.051422,-2.053018289348166,0.44053173359607334,0.756472902537372,0.13856895494400082,13.19231382432188,12.47486912605116,-1.42344712605116
2005-04-19,13.128021,-1.8581458941019684,0.510989938623081,0.7093771072973531,-0.2316906613541107,13.19282178890112,12.323352279365476,0.804668720634524
2005-04-20,11.657318,-1.6627371665396298,0.5907973291731082,0.6613076424890614,-0.8352792122631809,13.193341339809734,11.947429932669094,-0.2901119326690935
2005-04-21,12.6848755,-1.4668754914857247,0.6794153511083245,0.6123250580025937,-1.3632597034640008,13.193858597933906,11.655463812095098,1.0294116879049025
2005-04-22,10.851898,-1.270817348708891,0.7750151793550195,0.5623689193068808,-1.5925666711248778,13.194273804807867,11.668273883636,-0.8163758836359989
2005-04-23,11.641846,-1.0744176289311083,0.8766804110228497,0.5116355129249791,-1.448609336050769,13.194687165417479,12.05997612438343,-0.4181301243834312
2005-04-24,11.570282,-0.8776835206299445,0.9820005981101341,0.4602149794177905,-0.9911841214589665,13.19512471914583,12.768472654584844,-1.1981906545848435
2005-04-25,14.001923,-0.6805962532384799,1.0876223317390674,0.4082346252129603,-0.33941025290481047,13.195624298927168,13.671474749735905,0.3304482502640944
2005-04-26,13.282959,-0.48361796149715097,1.187258749406375,0.3554521080748458,0.3925493604471473,13.19598485705497,14.647627113486188,-1.3646681134861876
2005-04-27,14.0034485,-0.2866407951751153,1.2744606587704561,0.30202650031920064,1.1253375303789774,13.196288859065865,15.611472753359383,-1.6080242533593836
2005-04-28,18.522034,-0.08973719063698393,1.3403989365723308,0.2480197235875374,1.7853140350664505,13.196529411468505,16.48052491605784,2.041509083942163
2005-04-29,19.957611,0.10687846765151798,1.374354249213464,0.1933905486966872,2.2729955849641956,13.196629995750946,17.14424884627681,2.8133621537231903
2005-04-30,15.352386,0.30310633928413533,1.3675828253593707,0.1381786031966048,2.4729190727205754,13.196569978437603,17.47835681899829,-2.12597081899829
2005-05-01,17.61502,0.49923852558924664,1.3162217017386202,0.08271952105049275,2.3034359458310627,13.196521401509289,17.39813709571871,0.21688290428129164
2005-05-02,18.048828,0.6952668284472452,1.2183928733778504,0.027122097131884043,1.7690124723853446,13.19650957858649,16.906303849928815,1.1425241500711856
2005-05-03,13.831055,0.8907606634748,1.0763685657117767,-0.028785386307487754,1.000837759418832,13.196348183684206,16.135529785982126,-2.3044747859821264
2005-05-04,16.664337,1.085877298928839,0.8983314678944292,-0.08478880086242137,0.23125835512256385,13.196142287908227,15.326820608991637,1.3375163910083625
2005-05-05,16.958435,1.2805521402404647,0.6931245453506685,-0.14082332957288657,-0.3118936968271974,13.195889611482723,14.716849270673773,2.2415857293262285
2005-05-06,11.436676,1.4748595553051878,0.47126103388826723,-0.1967023798795828,-0.5102036963918611,13.195654547718348,14.43486906064036,-2.998193060640359
2005-05-07,14.924652,1.6689996529574906,0.2441683299058725,-0.25215111806437673,-0.4204513204925979,13.195561762528351,14.43612730683474,0.48852469316526026
2005-05-08,15.436401,1.86271506305427,0.019215713407054517,-0.30721620976815966,-0.2634664804996274,13.19551212172842,14.506760207921957,0.9296407920780432
2005-05-09,16.139374,2.0558691358490417,-0.19660894698120485,-0.36187067699686154,-0.2994640067604201,13.195465353664774,14.39339085877533,1.74598314122467
2005-05-10,13.64679,2.248366651870966,-0.39689013721060024,-0.416051458158263,-0.6815877492357245,13.195401571602954,13.949238878869332,-0.3024488788693329
2005-05-11,11.946014,2.4403799160483417,-0.5742471032203262,-0.4695123860417863,-1.3534258911272106,13.195432986869866,13.238627522528885,-1.2926135225288853
2005-05-12,12.398163,2.6318758716086315,-0.7220993161063289,-0.5221640342509863,-2.0615498271568744,13.19557014982714,12.52163284392158,-0.12346984392157978
2005-05-13,10.487274,2.8226293974235253,-0.8355767152710848,-0.5740651938977162,-2.4731073822287315,13.195729342478948,12.13560944850494,-1.648335448504941
2005-05-14,12.588257,3.012585051186009,-0.9109695821243128,-0.6251540039536584,-2.338649570156033,13.195909891161872,12.333721786113877,0.25453521388612366
2005-05-15,13.442688,3.201692130275168,-0.9482010590450178,-0.6753880324328501,-1.627698376965807,13.196116031573505,13.146520693404998,0.29616730659500234
2005-05-16,13.343842,3.389926642797324,-0.9502047502020858,-0.7246905015760002,-0.5497387989001566,13.196364435899937,14.36165702801902,-1.0178150280190188
2005-05-17,14.426849,3.5772325295721417,-0.9229231750595376,-0.7729978312349397,0.5400546256743008,13.196654508300323,15.618020657252288,-1.191171657252287
2005-05-18,17.484497,3.763510610848723,-0.8746169054361119,-0.8202838947764601,1.3036690386341014,13.1969644451431,16.569243294413354,0.9152537055866468
2005-05-19,19.569397,3.94853811487394,-0.814400549413103,-0.8666166705595755,1.5671768939605308,13.197211609873332,17.031909398735124,2.537487601264875
2005-05-20,15.633362,4.132291683127124,-0.7496761197473734,-0.9119174972443084,1.378398783177138,13.197412261198592,17.046509110511174,-1.413147110511174
2005-05-21,17.979767,4.314952484703632,-0.6845771579724025,-0.955959100738319,0.9488346319788159,13.19768233847312,16.820933196444848,1.1588338035551509
2005-05-22,17.371368,4.4962941843267075,-0.6234631521144747,-0.9988117341481468,0.5123204747183974,13.197936665892607,16.58427643867509,0.7870915613249103
2005-05-23,16.9375,4.676318782714274,-0.5681817841651092,-1.0403806252039087,0.21209765758993418,13.1982025682914,16.47805659922659,0.4594434007734094
2005-05-24,15.901672,4.855003435880221,-0.519493538216403,-1.0805828156254984,0.05124591040299385,13.198494614484757,16.50466760692607,-0.6029956069260702
2005-05-25,15.370972,5.03231021659275,-0.47767524291297014,-1.1193451845939375,-0.06487479743106356,13.198819439813034,16.569234431467812,-1.1982624314678123
2005-05-26,15.885468,5.20819040359228,-0.4432582895990518,-1.156605279340628,-0.2323781233934637,13.199178202168113,16.57512691342725,-0.6896589134272517
2005-05-27,17.26825,5.382572585107493,-0.417224425969679,-1.1923252682177048,-0.46292668925715474,13.19956104346197,16.509657245124924,0.7585927548750746
2005-05-28,17.99881,5.555324754007896,-0.4006776840027704,-1.2265228773151633,-0.6632934811676022,13.199928013906849,16.46475872542921,1.534051274570789
2005-05-29,17.044678,5.7264073489874505,-0.3937337271294703,-1.259155176020462,-0.6922636397042093,13.200284798938458,16.581539605071768,0.46313839492823305
2005-05-30,14.754791,5.895829109871391,-0.3949962155633522,-1.29013733024103,-0.4608355598308975,13.2006604172882,16.95052042152431,-2.195729421524309
2005-05-31,16.80075,6.063617624519795,-0.4017472234677875,-1.3193742105739967,-0.010965391945934929,13.201092679844656,17.53262347837673,-0.7318734783767304
2005-06-01,19.376556,6.229689547503867,-0.41169291335393304,-1.3468621946371009,0.47869459860380853,13.201565787530479,18.15139482564712,1.2251611743528805
2005-06-02,17.44339,6.3939441546072615,-0.42256922017145027,-1.3726107106288699,0.7795399079724586,13.202055117982495,18.580359249761894,-1.1369692497618935
2005-06-03,18.881622,6.556338633260962,-0.4316737982236559,-1.3965768772803369,0.7396898918914933,13.202562638669487,18.67034048831795,0.21128151168204923
2005-06-04,17.253876,6.71667815586832,-0.43799761266085124,-1.418837709802776,0.37017420979564075,13.203015782858328,18.433032826058664,-1.1791568260586622
2005-06-05,18.11795,6.87495726705869,-0.4406944297527367,-1.4393385111686328,-0.14695845663343404,13.203434585199485,18.05140045470337,0.06654954529663115
2005-06-06,19.112549,7.031150619625048,-0.4399828020525716,-1.4580387185645987,-0.5513220143151367,13.203829836661903,17.785636921354644,1.326912078645357
2005-06-07,18.028503,7.185190603798516,-0.4360582945256162,-1.474939843512871,-0.6371445426376405,13.204190850121815,17.841238773244203,0.18726422675579713
2005-06-08,17.959137,7.337064065846722,-0.427988149332243,-1.4899913546680663,-0.358508386771607,13.204532791524006,18.26510896659881,-0.3059719665988112
2005-06-09,19.295685,7.486731109330923,-0.41409243926423583,-1.5031874437316457,0.14734996926615024,13.20485808030935,18.921659275910542,0.37402572408945645
2005-06-10,19.45578,7.634069215651092,-0.3923392382173166,-1.5145761319376625,0.6336327372403735,13.20512778853122,19.565914371267706,-0.11013437126770498
2005-06-11,20.944153,7.7791758016482415,-0.35992629842383006,-1.5240535341452706,0.8727428659399156,13.205412475524993,19.97335131054405,0.9708016894559499
2005-06-12,22.165161,7.921831291695037,-0.3151376362291682,-1.5317270324617547,0.7624827122144879,13.205624052540156,20.043073387758756,2.122087612241245
2005-06-13,19.246063,8.062018302260636,-0.25666795883398574,-1.5375738361076992,0.36279409553999786,13.205775326076292,19.83634592893524,-0.5902829289352418
2005-06-14,20.09317,8.199799347516382,-0.18304872099582722,-1.5415087353941836,-0.15328942202515217,13.20591686062115,19.52786932972237,0.5653006702776295
2005-06-15,17.17511,8.335141670367397,-0.09393297721494477,-1.5435317772564026,-0.6046307114162144,13.206052820897725,19.29909902537756,-2.1239890253775613
2005-06-16,16.528656,8.46810847082279,0.011628163258181348,-1.5435538668598863,-0.8849551612599817,13.206233389176523,19.257460995137627,-2.728804995137626
2005-06-17,19.761871,8.598720715971083,0.1338522929682695,-1.5415333131520863,-0.9920341431115973,13.206488195309992,19.40549374798566,0.35637725201434023
2005-06-18,20.141571,8.726865654986177,0.2712159752734843,-1.5375363978844998,-0.9855932389997389,13.206781488901495,19.68173348227692,0.4598375177230807
2005-06-19,20.466217,8.852441933111425,0.4209570082184278,-1.5316157105465895,-0.9080486900054493,13.207081773004708,20.04081631378252,0.42540068621747906
2005-06-20,21.728394,8.975439130034388,0.5776937617794994,-1.5237672255927006,-0.7370845994602255,13.207402415544102,20.499683482305063,1.2287105176949389
2005-06-21,22.110474,9.095776515556466,0.7326353397554217,-1.5140397838972057,-0.40008041177212117,13.20772173069662,21.122013390339184,0.988460609660816
2005-06-22,21.152954,9.213390940232642,0.8746370780542302,-1.5024750338162642,0.1584132581684824,13.208026164928624,21.951992407567715,-0.7990384075677142
2005-06-23,21.138763,9.32824974744069,0.9921052598738206,-1.489093843306153,0.9006080361192463,13.20831654493934,22.940185745066945,-1.8014227450669438
2005-06-24,23.3096,9.440332592158441,1.0749243550339205,-1.4739179227503802,1.666253215851361,13.208599622495344,23.916191862788686,-0.6065918627886866
2005-06-25,24.385498,9.549553874672394,1.1163956527230607,-1.4570099191307526,2.222134538780252,13.208849886818275,24.639924033863227,-0.25442603386322915
2005-06-26,25.193237,9.655820536401059,1.1151811090216206,-1.4384337723494514,2.371329089993602,13.20903713506542,24.912934098132247,0.28030290186775275
2005-06-27,25.769104,9.759081740645783,1.0747902293531388,-1.418226066627473,2.0547449991716373,13.209151606221242,24.679542508764328,1.0895614912356706
2005-06-28,26.702484,9.859355517830537,1.0017899564261779,-1.3963902645273665,1.3866815161481814,13.209218026284786,24.060654752162314,2.641829247837684
2005-06-29,22.228577,9.956590822180244,0.9032052188523287,-1.372973034390891,0.6007389969800289,13.20922576955823,23.296787773179943,-1.068210773179942
2005-06-30,22.983917,10.050928099474064,0.7859360474671606,-1.347869994371781,-0.06219624920015558,13.209257540645465,22.63605544401475,0.3478615559852507
2005-07-01,23.124084,10.14232555055736,0.6538471275738894,-1.3211205279090352,-0.4724352315189777,13.2093064690697,22.211923387772938,0.912160612227062
2005-07-02,22.84842,10.230736850207322,0.5096531929740943,-1.2927711801244877,-0.6526631889672144,13.209362656220865,22.00431833031058,0.8441016696894224
2005-07-03,20.134216,10.31614545265051,0.35671230386622416,-1.2628493196045234,-0.7316465300722238,13.209430764719766,21.88779267155975,-1.7535766715597525
2005-07-04,19.485107,10.398583036812912,0.2006210175686401,-1.2313519165435713,-0.8409723219921732,13.209538174813135,21.736417990658943,-2.2513109906589435
2005-07-05,22.738892,10.478031449891049,0.04851202847904809,-1.1983190478959398,-1.0237011550570878,13.209687963860738,21.514211239277806,1.224680760722194
2005-07-06,19.991058,10.55429633123818,-0.09238664555342109,-1.1639175750656956,-1.2073584771997792,13.20979560183738,21.300429235256665,-1.3093712352566662
2005-07-07,21.488892,10.627527355483377,-0.21437538460893257,-1.1280757220068052,-1.2540702596560915,13.209946192867212,21.24095218207876,0.24793981792123887
2005-07-08,20.837341,10.697652055054297,-0.3135824002997892,-1.090878512518034,-1.069902693186185,13.21011504188005,21.43340349093034,-0.5960624909303398
2005-07-09,20.925476,10.764676166660477,-0.389621791198893,-1.0523486212299342,-0.6817799674149176,13.210314729713007,21.851240516529742,-0.9257645165297426
2005-07-10,24.437073,10.82855469456585,-0.44571210620056634,-1.012545679503162,-0.24070973310133048,13.210532214971334,22.340119390732127,2.0969536092678744
2005-07-11,25.567444,10.88919430292566,-0.4871416152031355,-0.9715816481999615,0.06142655045510122,13.210731309947334,22.702628899924996,2.8648151000750026
2005-07-12,20.789307,10.946563932962642,-0.5178421603058535,-0.929521750611791,0.11510581071978214,13.210905936844922,22.8252117696097,-2.035904769609701
2005-07-13,20.325378,11.000813300777104,-0.538238403923599,-0.8862930506829121,-0.028512656212868335,13.211138020708258,22.75890721066598,-2.4335292106659807
2005-07-14,21.826843,11.051942980914205,-0.5474457810779704,-0.8419384338247697,-0.18510258473894925,13.21143582483761,22.688892006110123,-0.8620490061101229
2005-07-15,24.530426,11.099927345195761,-0.5442121366752747,-0.7965225835931738,-0.14744179890861125,13.211794696303107,22.823545522321808,1.7068804776781903
2005-07-16,24.418701,11.144692549677462,-0.5284571450270756,-0.7501431986776286,0.17832170456289495,13.212185645214529,23.25659955575018,1.1621014442498172
2005-07-17,24.703278,11.186162177454495,-0.5016213038778159,-0.7029005023581949,0.6954800654069356,13.212577347146139,23.88969778377156,0.8135802162284413
2005-07-18,25.861725,11.224245209751937,-0.4669432208544876,-0.6549092347560417,1.147538867736896,13.212930568927453,24.462862190805758,1.3988628091942417
2005-07-19,24.454865,11.258827616744743,-0.4281026831767654,-0.606297959018734,1.2518919732203102,13.213194055659823,24.689513003429376,-0.23464800342937409
2005-07-20,23.01355,11.289931881112594,-0.3866345663471889,-0.5571075051440195,0.8655039420391927,13.213383685231609,24.425077436892188,-1.4115274368921895
2005-07-21,24.281403,11.31762379016213,-0.3411269724095646,-0.5073482013237951,0.08314608872549722,13.213536412438291,23.76583111759256,0.5155718824074427
2005-07-22,23.31308,11.341832842869579,-0.28793398947798227,-0.4571255657885037,-0.7909679604203513,13.213621394759192,23.019426721941933,0.2936532780580663
2005-07-23,20.708649,11.362664465312733,-0.22178568587479983,-0.40642318309295244,-1.3864294336711855,13.213694674268321,22.561720836942115,-1.8530718369421137
2005-07-24,22.164886,11.380203006242205,-0.13893817257761704,-0.35522727403030785,-1.4570436235571904,13.213800545985768,22.642794482062857,-0.4779084820628583
2005-07-25,23.570892,11.394384841956562,-0.040364145547076645,-0.3036401357389306,-1.0113103363762055,13.213910296470667,23.252980520765014,0.3179114792349864
2005-07-26,23.294281,11.405188454850126,0.06850557590765573,-0.2517336111434343,-0.3038104347228188,13.214015424000074,24.132165408891602,-0.8378844088916004
2005-07-27,25.918152,11.412654841017517,0.17930483280130924,-0.19953614763898442,0.3023802875198707,13.214137656482858,24.90894147018257,1.0092105298174303
2005-07-28,24.366486,11.416723668343518,0.28250353751731067,-0.1471456042304303,0.5254567692447188,13.214248276723072,25.29178664759819,-0.925300647598192
2005-07-29,25.381256,11.417397172895651,0.37155826428456123,-0.09461237737201422,0.310577621176129,13.214348050950292,25.21926873193462,0.16198726806538133
2005-07-30,25.375397,11.414668774346232,0.44387066218735105,-0.04200190601400011,-0.15730860228076832,13.21443375714436,24.873662685383174,0.5017343146168258
2005-07-31,24.80014,11.408480609277508,0.5011472585846604,0.010586939363017689,-0.5676081067558183,13.21447587206965,24.567082572539018,0.2330574274609809
2005-08-01,24.61206,11.398833439392831,0.5475503219719436,0.06308938958880593,-0.6618368090251967,13.214473624736994,24.56210996666538,0.049950033334621224
2005-08-02,24.708588,11.385753268452767,0.5868250154201691,0.11545790039581567,-0.3716183775607206,13.214438325098474,24.930856131806507,-0.2222681318065085
2005-08-03,26.115356,11.369285481078355,0.6201831103274813,0.1676517797477938,0.15779697988200572,13.214390919591374,25.529308270627013,0.5860477293729858
2005-08-04,26.734772,11.349428607577149,0.645385615576467,0.21959700303131435,0.6625852642560237,13.21432880285973,26.091325293300685,0.643446706699315
2005-08-05,26.899445,11.326204923639882,0.6582463307859839,0.2712459309370567,0.914539871003277,13.21426005798295,26.384497114349145,0.5149478856508551
2005-08-06,26.17868,11.299638807578594,0.6548877387610205,0.3225574548960586,0.8407509903407784,13.214193057094832,26.332028048671283,-0.15334804867128327
2005-08-07,26.396637,11.269741232748766,0.6339784578152541,0.37348390878098414,0.5437049088451739,13.214128652334667,26.035037160524844,0.3615998394751543
2005-08-08,25.51529,11.236518897538541,0.5975602038639733,0.4239686917077815,0.21767023926097268,13.214065513668652,25.68978354603992,-0.17449354603991907
2005-08-09,24.905457,11.19994740243274,0.5506663666223631,0.4739357025679458,0.021541829300292123,13.213985867668514,25.46007716859185,-0.5546201685918533
2005-08-10,25.145477,11.160043469322584,0.4992729142577464,0.5233360977845658,-0.013802726172163174,13.213891977682634,25.382741732875367,-0.2372647328753672
2005-08-11,25.57724,11.116869545510676,0.4476909172488269,0.5721483163990351,0.012127904721078003,13.213808909360033,25.362645593239648,0.21459440676035157
2005-08-12,23.792755,11.07041172394397,0.39679475350268084,0.6202985919195957,-0.04487343170472284,13.213723155338352,25.256354792999876,-1.4635997929998759
2005-08-13,23.915344,11.020691702689692,0.344442171694973,0.6677375917622543,-0.2579148531406339,13.21363811904284,24.988594732049126,-1.0732507320491251
2005-08-14,25.446045,10.967736051546176,0.2863293354775037,0.7144150435034295,-0.564496932910912,13.21355971760016,24.617543215216358,0.8285017847836436
2005-08-15,25.646454,10.911533720717992,0.2179804954424018,0.7602566719312871,-0.7939610782505373,13.213474970037861,24.309284779879007,1.337169220120991
2005-08-16,23.064178,10.852087655023421,0.13698249455307546,0.8051974526058283,-0.7710468017901261,13.213377095301027,24.236597895693226,-1.1724198956932277
2005-08-17,24.141418,10.78950787617918,0.04419076998680366,0.8492525418651855,-0.432371684481724,13.213311519958646,24.46389102350809,-0.3224730235080884
2005-08-18,25.075745,10.723777156966149,-0.057639448316989556,0.8923413103054043,0.11482096971651519,13.213260671647447,24.886560660318526,0.18918433968147497
2005-08-19,25.491974,10.654916336743451,-0.1641816935930055,0.9344107206733602,0.6377882776381624,13.213225271576725,25.276158913038692,0.2158150869613067
2005-08-20,26.014496,10.58293551888552,-0.270665750374542,0.9754005442160857,0.8980172406034137,13.213200285030679,25.398887838361155,0.6156081616388462
2005-08-21,25.674774,10.507828687765993,-0.3726554648201447,1.015238731413723,0.7783594387086703,13.213172264265905,25.141943657334146,0.5328303426658536
2005-08-22,25.2677,10.42961710778733,-0.46573551413636505,1.0538770043998142,0.34646866786408076,13.213140578760125,24.57736784467498,0.6903321553250201
2005-08-23,24.415863,10.348321350681672,-0.5450565538572905,1.0912619691418572,-0.18272181927145836,13.213104188385316,23.9249091350801,0.4909538649199021
2005-08-24,21.787048,10.263992197909442,-0.6048535124344597,1.1273717016634655,-0.5612743342977147,13.213076071794967,23.4383121246357,-1.651264124635702
2005-08-25,22.66269,10.176725345410368,-0.6386527626927042,1.1622226734357728,-0.6342519758084844,13.213090486174096,23.27913376651905,-0.6164437665190476
2005-08-26,26.514038,10.086506337135656,-0.6415488839618213,1.1957492308067716,-0.4111680835399845,13.213127206336793,23.442665806777416,3.071372193222583
2005-08-27,24.762878,9.993242067652636,-0.6117366508084808,1.2278284258152432,-0.041424246110908086,13.21312718429309,23.78103678084158,0.9818412191584223
2005-08-28,21.74768,9.89698848486075,-0.5504756529350711,1.2584476052160043,0.28448204184931464,13.213103894952633,24.10254637394363,-2.3548663739436293
2005-08-29,23.006744,9.797859646041738,-0.4632732147318964,1.287641088495837,0.4366143300733031,13.21309909443181,24.271940944310792,-1.2651969443107909
2005-08-30,23.609894,9.695891615030249,-0.36011266158724065,1.315386636409337,0.3964359065596353,13.213115741536253,24.26071723794823,-0.6508232379482308
2005-08-31,22.945312,9.591048979258208,-0.25276256672426184,1.3416101856211777,0.24029425100557314,13.213121047090583,24.13331189625128,-1.1879998962512772
2005-09-01,24.276031,9.483397612930128,-0.1516604776718813,1.3663001436948816,0.07203147898495174,13.213132511210322,23.983201269148402,0.29282973085159725
2005-09-02,25.046997,9.372854750037838,-0.06444695236243243,1.389346006876452,-0.04762027958526484,13.213093338299439,23.863226863266032,1.183770136733969
2005-09-03,24.49353,9.259481407911924,0.0058946570609076585,1.4107345228245554,-0.12308611068847114,13.213017669731139,23.766042146840057,0.7274878531599427
2005-09-04,24.192078,9.143342276863498,0.0605745772585705,1.430458402035113,-0.19296970069429462,13.212920949262394,23.65432650472528,0.5377514952747191
2005-09-05,21.719543,9.02449319380138,0.10321997430647536,1.4485092577691452,-0.27416527000223,13.212813866587764,23.514871022462533,-1.795328022462531
2005-09-06,22.774078,8.903074974036475,0.1381032381520469,1.4649471406429346,-0.32537252662979577,13.212748400607191,23.39350122680885,-0.619423226808852
2005-09-07,24.578033,8.778995195699572,0.16703499373898556,1.4796664562225672,-0.26650346201380787,13.212660555863318,23.371853739510634,1.2061792604893675
2005-09-08,25.347229,8.652326787170345,0.18950895332189985,1.492664453298722,-0.03608785627327848,13.212568934749072,23.51098127226676,1.8362477277332374
2005-09-09,22.977905,8.523106788111932,0.2031102367033878,1.5039261050664936,0.3463530602051629,13.212473361382871,23.788969551469847,-0.8110645514698476
2005-09-10,24.113434,8.391430690163272,0.20512152408202908,1.5134813547590968,0.7607625995722455,13.212401673973718,24.083197842550362,0.030236157449639478
2005-09-11,23.797363,8.257331327322909,0.19290007731884373,1.5213040706281196,1.028211777853342,13.2123514400291,24.212098693152313,-0.41473569315231273
2005-09-12,23.983734,8.120786696488977,0.1651641684038587,1.527336162642242,1.0045802871615597,13.212291772428292,24.03015908712493,-0.04642508712493054
2005-09-13,25.356293,7.981764031785707,0.12202325291927903,1.5315150580877293,0.6696492325873448,13.212185829060152,23.517137404440213,1.839155595559788
2005-09-14,25.03592,7.840232980879405,0.06446430169318826,1.5337808441514484,0.15797308341883656,13.21199809993981,22.808449310082686,2.2274706899173147
2005-09-15,20.203766,7.696243645491027,-0.005850460519721927,1.5341302185501067,-0.29217196686155117,13.211732923414667,22.14408436007453,-1.940318360074528
2005-09-16,18.455566,7.549967492816349,-0.08698656936789807,1.532650750595285,-0.4527788161719904,13.21145373218401,21.754306590055755,-3.298740590055754
2005-09-17,20.704498,7.401499191128824,-0.1783636329456589,1.5293846588073041,-0.22708848406523183,13.211185575372852,21.736617308298086,-1.0321193082980855
2005-09-18,22.966766,7.250852835556659,-0.2804828453031098,1.5243081207137346,0.2961130511258509,13.210913869096439,22.001705031189573,0.9650609688104268
2005-09-19,23.887177,7.098076255118979,-0.39319683034690667,1.5174270278959392,0.8840610082595389,13.21064050665434,22.31700796758189,1.5701690324181108
2005-09-20,22.072388,6.943197029709966,-0.5143405817450061,1.5087377330325302,1.2703844779316456,13.210356828854241,22.418335487783377,-0.34594748778337703
2005-09-21,20.72992,6.786272844921054,-0.638849720696632,1.4982660608730076,1.2752158487917478,13.210067954411324,22.1309729883005,-1.4010529883004992
2005-09-22,20.329529,6.627377373613783,-0.7592231034791329,1.4860496144690925,0.8729928146750344,13.20978700168708,21.436983700965854,-1.107454700965853
2005-09-23,22.496735,6.4665441097656675,-0.8664175019413815,1.472098650185386,0.18337547399476062,13.209506963303376,20.465107695307807,2.0316273046921935
2005-09-24,20.02832,6.303725385685519,-0.9513311908898696,1.4563607627203348,-0.5999084649623739,13.209180481333636,19.418026973887248,0.6102930261127533
2005-09-25,18.312042,6.139033142117871,-1.0050616003926347,1.4388966856408125,-1.2919044909737525,13.208838668791245,18.48980240518354,-0.17776040518353753
2005-09-26,18.59378,5.972542303594404,-1.0211166377412408,1.4197447780609065,-1.7745648634944886,13.208494120528558,17.80509970094814,0.7886802990518582
2005-09-27,17.637451,5.804274643922504,-0.996578818188599,1.3989103487260015,-2.0023758151828015,13.208132921171433,17.412363280448538,0.22508771955146045
2005-09-28,16.82846,5.63433433287641,-0.9319706847654021,1.376455400824167,-1.969556248630743,13.207781896079714,17.317044696384144,-0.4885846963841445
2005-09-29,16.793976,5.462835344385001,-0.8313911944542662,1.352450898526571,-1.6790185644168565,13.207472483234143,17.512348967274594,-0.7183729672745933
2005-09-30,17.283691,5.289804356308698,-0.7020255573441345,1.326902923790739,-1.1400163296645625,13.207192952874912,17.98185834596565,-0.6981673459656506
2005-10-01,19.738525,5.11529119431023,-0.5531514884388935,1.299831229618189,-0.3970178970834444,13.206942958845463,18.671895997251543,1.0666290027484564
2005-10-02,23.319519,4.939261560959583,-0.3954969016807205,1.2712001692846853,0.4359130725212693,13.206680276169108,19.457558177253922,3.8619608227460773
2005-10-03,19.262573,4.761679092103554,-0.23994706751627456,1.2409794791103033,1.1745571067266196,13.206361207733778,20.14362981815798,-0.8810568181579796
2005-10-04,19.673676,4.582728447103052,-0.09537218490248804,1.2093022257585506,1.6161933687347956,13.206050534632167,20.518902391326076,-0.8452263913260758
2005-10-05,17.112549,4.402436591691284,0.030302596079903557,1.1761973697609291,1.6169740285828398,13.205734917448789,20.431645503563743,-3.319096503563742
2005-10-06,17.197113,4.220879061118355,0.13165672993770217,1.1417159164134654,1.1694062626105572,13.205424806333836,19.869082776413915,-2.6719697764139134
2005-10-07,19.610077,4.03807780161741,0.20554632020336666,1.1058707413068638,0.42360914041535647,13.20510448568137,18.978208489224365,0.6318685107756359
2005-10-08,21.62619,3.854047516597344,0.2516024132108739,1.0686748661035255,-0.36106576709491567,13.204754775826364,18.018013804643193,3.6081761953568083
2005-10-09,17.11493,3.6688054445293496,0.2726352098340132,1.0301331100099322,-0.918047130683187,13.204357712187148,17.257884345877258,-0.14295434587725708
2005-10-10,16.800995,3.4825187233440795,0.2749655775129336,0.990373843498992,-1.0804709116546822,13.20396843127748,16.871355663978804,-0.07036066397880347
2005-10-11,17.109406,3.2952657644627146,0.26589746425410477,0.9494657542093503,-0.8472039064151312,13.203598249085381,16.86702332559642,0.2423826744035793
2005-10-12,15.483002,3.107102412179423,0.25275855350886217,0.9074600376959259,-0.36630156352756416,13.203247441796373,17.104266881653018,-1.6212648816530173
2005-10-13,15.753418,2.918129187659754,0.2417959531387246,0.864439103836309,0.1461505006718517,13.20293786431036,17.373452609617,-1.6200346096170009
2005-10-14,18.277863,2.7283374479329163,0.23643246531859163,0.8204085209244787,0.5038639425739508,13.202637044845156,17.491679421595094,0.7861835784049056
2005-10-15,20.31659,2.537690200774883,0.2371204714947142,0.7753537265283295,0.6193859107663975,13.202298677403737,17.37184898696806,2.9447410130319405
2005-10-16,17.670105,2.3462252934239953,0.2426216033614324,0.7293107995505079,0.5153568717906343,13.201913601270483,17.035428169397054,0.6346768306029453
2005-10-17,16.77771,2.1540874839579747,0.25185580832598037,0.6824009715145127,0.28247072729271244,13.201525254013424,16.572340245104606,0.20536975489539344
2005-10-18,15.342651,1.961352105764823,0.264242990008167,0.6346932488911732,0.014813649206304763,13.20114277886194,16.07624477273241,-0.7335937727324087
2005-10-19,15.408295,1.7681029121890235,0.2806606030274385,0.5862620309018507,-0.2292947303361438,13.200779710149593,15.606510525931762,-0.1982155259317615
2005-10-20,14.9904785,1.574398910518225,0.3028954508125078,0.5371660626252894,-0.42648806819427787,13.200437056893167,15.188409412654911,-0.19793091265491114
2005-10-21,15.666168,1.3803040820906747,0.3327432084114405,0.48746453866180006,-0.5583132941511967,13.200118047172213,14.842316582184932,0.8238514178150691
2005-10-22,13.828735,1.1858374769581321,0.37045535324190043,0.43718492052384794,-0.5875546252274567,13.199803764498254,14.605726889994678,-0.7769918899946777
2005-10-23,13.532471,0.9911126857571088,0.4142005857347526,0.3864326237504302,-0.46667970530049435,13.19952179732146,14.524587987263256,-0.9921169872632571
2005-10-24,14.102356,0.7961591353256294,0.45935870884027213,0.33524552343516323,-0.18252746455623142,13.19925803267857,14.607493935723403,-0.5051379357234023
2005-10-25,15.4444275,0.6009815749576234,0.49998837635171794,0.28363977367289833,0.19951921469927886,13.19898636297596,14.783115302657478,0.6613121973425216
2005-10-26,14.173798,0.40565822320851563,0.5313901879668638,0.2316892944707697,0.5304837083438925,13.198717420201149,14.89793883419119,-0.724140834191191
2005-10-27,13.403687,0.21027581955558539,0.5525756694476015,0.17948461548100314,0.6308533352679638,13.198465001464804,14.771654441216958,-1.3679674412169582
2005-10-28,14.665527,0.014891268601088026,0.566883581483157,0.12709688741818803,0.38095898010532037,13.198227973714914,14.288058691322668,0.37746830867733294
2005-10-29,15.472168,-0.180452939222715,0.5811906225053504,0.07457918635048866,-0.19596366334660903,13.197998653332288,13.477351859618803,1.9948161403811966
2005-10-30,13.26059,-0.3757042165701653,0.6039263801691198,0.021996654471043556,-0.910878340503973,13.197774500300225,12.537114977866251,0.7234750221337496
2005-10-31,10.246918,-0.5707741026902305,0.6422712611064086,-0.030563060464348313,-1.4729020806956097,13.197570577834858,11.765602595091078,-1.5186845950910772
2005-11-01,10.810669,-0.7655569645457913,0.6990651783706521,-0.08299875551065171,-1.619083457811666,13.19741038177653,11.428836382279073,-0.6181673822790721
2005-11-02,12.055908,-0.9600026486106695,0.7709695508105991,-0.13525331883237904,-1.244590401455422,13.197290307273002,11.628413489185132,0.4274945108148689
2005-11-03,12.945526,-1.154125636683617,0.849583440410843,-0.18731512721730398,-0.45933960602994917,13.197174891098955,12.245977961578928,0.6995480384210708
2005-11-04,13.685913,-1.347866063731172,0.9242915435798352,-0.23913011749419222,0.46118045450036643,13.197065839659649,12.995541656514487,0.6903713434855128
2005-11-05,14.006653,-1.5411829256842018,0.9850787413029232,-0.29064888557656376,1.207438514858826,13.196955252421267,13.55764069732225,0.4490123026777493
2005-11-06,14.397583,-1.7340229225454866,1.0248000691295844,-0.34181022398917815,1.5821766704262654,13.196841294503562,13.727984887524746,0.6695981124752528
2005-11-07,14.40152,-1.92629908496388,1.039773563499934,-0.3925314603895692,1.5825083474361714,13.196739197538998,13.500190563121654,0.9013294368783455
2005-11-08,12.256592,-2.1180319052052043,1.0287983537995322,-0.4428045262438268,1.3748743878138614,13.196610475120186,13.039446785284548,-0.7828547852845489
2005-11-09,11.305878,-2.309136605103335,0.9921174692831433,-0.4925505023737319,1.1796980527792351,13.196468713677584,12.566597128262895,-1.2607191282628953
2005-11-10,10.719025,-2.4994986514813986,0.9300101509199581,-0.5416665633658406,1.130374252985112,13.196342828270682,12.215562017328512,-1.496537017328512
2005-11-11,12.520386,-2.689020152918694,0.8429790468506998,-0.5900661732497477,1.1908912514242385,13.196253732568394,11.95103770467489,0.5693482953251099
2005-11-12,10.936615,-2.8777130209785993,0.732842107115089,-0.6377365111788521,1.1788024921615348,13.196167997908514,11.592363065027687,-0.6557480650276872
2005-11-13,10.6008,-3.0655800053310798,0.6052772730946313,-0.6846606107473105,0.8842980204960665,13.19605615987832,10.935390837390628,-0.33459083739062834
2005-11-14,10.921234,-3.2525195009878893,0.47060413136535184,-0.7307467057750101,0.21179472895725715,13.195941033510938,9.895073687070647,1.0261603129293526
2005-11-15,7.8556213,-3.438420923810681,0.3428599543487733,-0.7758990209834821,-0.7365150802108913,13.195850128952214,8.587875058295932,-0.7322537582959319
2005-11-16,6.6805725,-3.623250365582296,0.2372502144302956,-0.8200670860273409,-1.6868316452063745,13.195772372876664,7.302873490490949,-0.6223009904909489
2005-11-17,6.893982,-3.8069242147870948,0.16620244283419516,-0.8631787964133353,-2.3211634518168576,13.19572224851759,6.370658228334499,0.5233237716655017
2005-11-18,7.28183,-3.9894281161317595,0.13594125322008338,-0.905203032524155,-2.435272669606505,13.195679725070892,6.001717160028557,1.2801128399714434
2005-11-19,6.911316,-4.17067986169647,0.1452945523375701,-0.9460774618762966,-2.039938911013119,13.195659345957619,6.184257663709303,0.727058336290697
2005-11-20,6.57428,-4.350632107251124,0.18640231641051758,-0.9857682259403544,-1.3492081604415267,13.195658522847868,6.696452345625381,-0.12217234562538071
2005-11-21,5.741211,-4.529186833393743,0.24741754716430808,-1.0242026279899217,-0.6601394980301698,13.195700188804384,7.229588776554858,-1.4883777765548585
2005-11-22,8.076294,-4.706275581802499,0.3158681274940302,-1.0613262096888532,-0.18962149297361866,13.195792548737993,7.554437391767052,0.521856608232949
2005-11-23,8.378601,-4.8818793615454155,0.38101317184093,-1.0971096876305668,0.03835288050498549,13.195919310003848,7.636296313173781,0.7423046868262189
2005-11-24,8.181274,-5.056003626363424,0.435304708074867,-1.1315404268654907,0.19163898292644957,13.196051881692101,7.635451519464503,0.545822480535497
2005-11-25,7.562744,-5.228625340728128,0.4735122831027446,-1.1645985396862892,0.5095893554344445,13.196176181253643,7.786053939376415,-0.2233099393764144
2005-11-26,8.949005,-5.399709970781072,0.49082594980217537,-1.1962672172231603,1.1320876642779185,13.196284141276633,8.223220567352495,0.7257844326475045
2005-11-27,8.509674,-5.56915655450287,0.48154428701461127,-1.2264792370893693,1.9784004726234916,13.196401558482943,8.860710526528807,-0.3510365265288069
2005-11-28,9.591187,-5.7368619012406175,0.4397471304840155,-1.2551617184058652,2.7518737851970436,13.196554798279452,9.396152094314028,0.19503490568597215
2005-11-29,9.561493,-5.902854332884003,0.36093765907845077,-1.2823323476800297,3.073144345235479,13.196705095712128,9.445600419462025,0.11589258053797558
2005-11-30,6.5438843,-6.067067603723199,0.24540469076764074,-1.307948173805421,2.6795363650517396,13.196861407994874,8.746786686285635,-2.2029023862856345
2005-12-01,5.089325,-6.2294654667258405,0.1000475482950924,-1.3319820225878387,1.5820534379510605,13.197017518876965,7.317671015809438,-2.2283460158094384
2005-12-02,7.063568,-6.389971225597607,-0.062142475238956746,-1.3543851524314394,0.09367994238608125,13.197187976827509,5.484369065945587,1.5791989340544133
2005-12-03,2.991394,-6.548566094655591,-0.22514624745616568,-1.375156132541095,-1.2915659154071364,13.197359218573324,3.756924828513336,-0.7655308285133358
2005-12-04,3.4032593,-6.705170774460971,-0.373455959639956,-1.394238801802717,-2.110214877767651,13.197546684256976,2.6144662705856803,0.78879302941432
2005-12-05,3.301239,-6.8597569503509,-0.4975026458104481,-1.4116188474976907,-2.136174197852266,13.197741389303523,2.2926887477922175,1.0085502522077823
2005-12-06,2.9644775,-7.012270838812629,-0.595592917744822,-1.4272735872188633,-1.4725160351230775,13.197947554346499,2.6902941754471072,0.27418332455289285
2005-12-07,3.7990417,-7.162637178567847,-0.6734429662103272,-1.4411695079524978,-0.49119762324567506,13.19818063581084,3.4297333598344917,0.3693083401655084
2005-12-08,3.7467957,-7.3108069394729185,-0.7412839180286769,-1.4532916532057145,0.3454803075773935,13.198443695318492,4.038541492188575,-0.2917457921885749
2005-12-09,4.279022,-7.456741360007561,-0.8093804099147242,-1.4636320962701186,0.6926922842588618,13.198734685376577,4.161673103443034,0.11734889655696623
2005-12-10,4.788788,-7.6004429282602075,-0.8843867313543705,-1.472207554987882,0.4599068531137762,13.199031065187143,3.7019007036984597,1.0868872963015406
2005-12-11,2.661621,-7.741853649175905,-0.9673411288530713,-1.4790033652435142,-0.17923460496153365,13.199341223556491,2.831908475322466,-0.17028747532246635
2005-12-12,0.98898315,-7.880917020143154,-1.054409566423671,-1.4839997397000653,-0.8960152372136733,13.199672402246067,1.8843308387655036,-0.8953476887655035
2005-12-13,0.84490967,-8.017580131737493,-1.1398914714572856,-1.487182348751586,-1.3712175727883535,13.200030300931262,1.1841587761965435,-0.3392491061965436
2005-12-14,1.608429,-8.151758067418022,-1.219177642616895,-1.48851632081186,-1.429163463711315,13.200437476838758,0.9118219822806655,0.6966070177193346
2005-12-15,1.1509094,-8.283402957536339,-1.2903585042092194,-1.4880009603148152,-1.0845068224081282,13.200898685553978,1.054629441085476,0.09627995891452401
2005-12-16,2.736267,-8.412471892236706,-1.353703403068266,-1.4856378145276041,-0.4971255719454305,13.201416437939276,1.4524777561612705,1.2837892438387293
2005-12-17,2.6362,-8.538939484774524,-1.4101148380783906,-1.4814437523721766,0.1227328735020217,13.201985233665075,1.8942200319420053,0.7419799680579948
2005-12-18,-1.0036621,-8.66280166920907,-1.4586225780512425,-1.47545050174508,0.6064419613874183,13.202589049828795,2.2121562622108204,-3.21581836221082
2005-12-19,0.4934082,-8.784010176326253,-1.4949244840917735,-1.4676613795296174,0.8731375080694097,13.203233566118712,2.329775034240477,-1.8363668342404769
2005-12-20,2.861267,-8.902565255669295,-1.5128268911678597,-1.45811757876137,0.9204518886362831,13.203901476963175,2.2508436400009337,0.610423359999066
2005-12-21,3.4173584,-9.018434817170363,-1.505924986928667,-1.4468444936629876,0.7907010009714617,13.204592339244323,2.0240890424537668,1.3932693575462332
2005-12-22,0.5706482,-9.1315896814981,-1.47016705668449,-1.4338568170622727,0.5394855543247689,13.205303973267267,1.7091759723471718,-1.1385277723471718
2005-12-23,1.5435181,-9.241983615079484,-1.4057437932031631,-1.4191602356555444,0.2243064415887321,13.20604286117557,1.363461658826111,0.18005644117388897
2005-12-24,0.52615356,-9.349580427471306,-1.318050688015136,-1.4027744488267244,-0.09229442236425889,13.206811533374129,1.0441115466967048,-0.5179579866967048
2005-12-25,2.9796143,-9.454340327869623,-1.2155641956507315,-1.3847181000594837,-0.33683333327885995,13.20761447754542,0.8161585206867219,2.1634557793132783
2005-12-26,0.90252686,-9.556272223243901,-1.107557248783277,-1.3650418327377636,-0.4390832328876889,13.20843278505818,0.7404782474055498,0.16204861259445025
2005-12-27,1.0230408,-9.655274434055201,-1.0007080786851452,-1.34372163688833,-0.36009871614996863,13.209302388586064,0.8494995228074185,0.1735412771925815
2005-12-28,0.97631836,-9.751315682329029,-0.8986803073318028,-1.3207796103925786,-0.12389285637416111,13.21022459843325,1.115556142005678,-0.13923778200567805
2005-12-29,1.8440552,-9.844413504486033,-0.8023397988885322,-1.2962668704641631,0.178347332321984,13.211176435265905,1.44650359374916,0.39755160625083996
2005-12-30,2.3056335,-9.934605613225827,-0.7112859773996884,-1.2702439032746544,0.41949332014517193,13.212124907202268,1.7154827334472706,0.5901507665527292
2005-12-31,0.68273926,-10.021861780526324,-0.6252815890606568,-1.2427061651634879,0.49166437243337746,13.213069754871992,1.8148845925548986,-1.1321453325548987
2006-01-01,2.2552795,-10.105607039374846,-0.5459376027886043,-1.2143582077554815,0.3569828378096674,13.214069072521221,1.7051490604119568,0.5501304395880431
2006-01-02,1.3753052,-10.186387942310041,-0.4738731018590612,-1.1846358765724272,0.048518200793566314,13.215049766797389,1.4186710468494255,-0.04336584684942557
2006-01-03,0.6796875,-10.264105614741602,-0.4086591485549075,-1.1535264983585307,-0.3449819066057303,13.21605047518672,1.0447773069259494,-0.3650898069259494
2006-01-04,0.7649536,-10.338658924546003,-0.3472342888902365,-1.1210147545850124,-0.731347030171114,13.217111199005235,0.67885620081287,0.08609739918713
2006-01-05,-0.45440674,-10.410034871125408,-0.28361964920009725,-1.0871503805141582,-1.0541272973405296,13.21822827886908,0.3832960806888863,-0.8377028206888864
2006-01-06,-0.4251709,-10.478237919672324,-0.20945834061691415,-1.0519965819342494,-1.2952953188086345,13.21938987757239,0.18440171654026827,-0.6095726165402683
2006-01-07,-0.5359497,-10.54325749353917,-0.11680153246177073,-1.0156056820900827,-1.446741678847657,13.2205921890214,0.09818580208271932,-0.6341355020827193
2006-01-08,0.40878296,-10.605029544940189,-0.0009945344194833422,-0.9779991562613135,-1.471369862381018,13.22185869056568,0.16646559256367688,0.2423173674363231
2006-01-09,1.0873413,-10.66360582921884,0.1364228490067326,-0.9392762898739372,-1.290737010159125,13.223155480967538,0.4659592007223683,0.6213820992776318
2006-01-10,1.0110168,-10.718988091446993,0.28729707075352706,-0.8995006826972456,-0.8157648557910498,13.224474097204391,1.0775175380226276,-0.06650073802262768
2006-01-11,2.498413,-10.771158128142826,0.4379898979100688,-0.85872158821964,-0.012965113529050692,13.225816441961735,2.020961509980287,0.4774514900197131
2006-01-12,2.7764282,-10.820144003038383,0.5718330006480656,-0.8170209883925474,1.0327580709472814,13.227161822766996,3.1945879029314135,-0.4181597029314137
2006-01-13,2.4728088,-10.865985171758128,0.6732400245144146,-0.7744891184645657,2.106284149432886,13.228484331245932,4.36753421497054,-1.89472541497054
2006-01-14,7.8702393,-10.908615498251322,0.7310158744262156,-0.731148837572732,2.917570689787024,13.229811367910003,5.238633596299188,2.631605703700812
2006-01-15,6.515747,-10.948177032449369,0.738929315182523,-0.6871608671892044,3.2048596014443875,13.23106655050114,5.539517567489477,0.9762294325105234
2006-01-16,5.8619995,-10.984621498588206,0.6984317764194525,-0.6425606048629466,2.850377754865746,13.232269259953775,5.153896687787821,0.7081028122121786
2006-01-17,3.5706177,-11.017908887378113,0.616193218249293,-0.5973831864986437,1.9309693241878807,13.233435157781715,4.165305626342134,-0.5946879263421336
2006-01-18,2.335968,-11.047971959316275,0.5025467867428569,-0.5516400266413031,0.6901930172690974,13.234593863030549,2.827721681084924,-0.4917536810849241
2006-01-19,1.2748718,-11.074755285513458,0.36907923818393906,-0.5053509375877099,-0.5610576022725264,13.235769511922372,1.4636849247326165,-0.18881312473261636
2006-01-20,1.9299927,-11.098226718914805,0.22732107294667225,-0.4585559469138133,-1.560640214274661,13.236975185252428,0.34687337809582,1.58311932190418
2006-01-21,-0.6357727,-11.118434895289065,0.08793364894430815,-0.41134732103334826,-2.1722237591000386,13.238184011201836,-0.37588831527630795,-0.259884384723692
2006-01-22,-2.103424,-11.135287044976204,-0.0384871826458974,-0.36372396412320873,-2.3889967716815153,13.239440450084944,-0.6870545133418808,-1.4163694866581191
2006-01-23,-3.2496338,-11.148744569347436,-0.14286294883742198,-0.31571930088584077,-2.283551473710752,13.240762248384366,-0.6501160443970839,-2.599517755602916
2006-01-24,-0.12283325,-11.158763982016975,-0.218417171961596,-0.26736597810536344,-1.9365745088839172,13.24217010313174,-0.3389515378361114,0.21611828783611142
2006-01-25,1.0291748,-11.165423673493464,-0.262464693460325,-0.21877849188405393,-1.3950855907624813,13.243624332575138,0.20187188297481384,0.8273029170251862
2006-01-26,1.9664612,-11.168746136819784,-0.27606634855532414,-0.17003899742197615,-0.6768158258970404,13.245113891635942,0.9534465829418171,1.0130146170581829
2006-01-27,2.3598022,-11.168773705372482,-0.26458180094355505,-0.12124064402755941,0.18045109030146966,13.246618325985107,1.8724732659429808,0.48732893405701905
2006-01-28,1.5169373,-11.16550490466851,-0.23668432650684368,-0.07244385753899579,1.0705238772141281,13.248139595679357,2.8440303841791366,-1.3270930841791366
2006-01-29,2.4214783,-11.158902114884107,-0.2025593408628795,-0.023683803642954783,1.8116135383910705,13.249698196681146,3.6761664756822743,-1.2546881756822743
2006-01-30,5.700653,-11.148987047697549,-0.17208509421517662,0.02496216789717286,2.1958746240976397,13.251285402732979,4.151050052815064,1.549602947184936
2006-01-31,4.912201,-11.135887115279527,-0.15239628597230606,0.07335106739249887,2.078825510390907,13.252839919250295,4.116733095781868,0.7954679042181318
2006-02-01,3.5828552,-11.119582545684413,-0.14470453450131573,0.12143853901523953,1.4616018440726108,13.254374742489091,3.573128045391213,0.009727154608786925
2006-02-02,3.3427734,-11.100112891502466,-0.14456512580659767,0.16914256662375668,0.5085492395201464,13.255873792853128,2.6888875816879683,0.6538858183120317
2006-02-03,2.8173523,-11.07749033244857,-0.14307884189995151,0.21640238138374873,-0.5095616835013496,13.25733504196573,1.7436065654996078,1.0737457345003922
2006-02-04,-0.9569092,-11.051653304785656,-0.12895454588303235,0.26321347319437294,-1.3209010781992723,13.258793590275358,1.0204981346017696,-1.9774073346017698
2006-02-05,0.05810547,-11.022470989989731,-0.09118444699771087,0.3096186270734203,-1.7547369246764342,13.260319618913774,0.7015458843233198,-0.6434404143233198
2006-02-06,1.0408325,-10.989957097860154,-0.023182293338527095,0.3555622543532091,-1.7931082172666601,13.26191160225398,0.811226248141848,0.2296062518581521
2006-02-07,3.7307434,-10.954140337332477,0.07670754908017115,0.4009770429081525,-1.5393384905965843,13.263561115729768,1.2477668797890296,2.4829765202109706
2006-02-08,3.2026978,-10.915123321673613,0.20502908178671053,0.44574497700184207,-1.1390382578035105,13.265223325489147,1.8618358048005756,1.3408619951994245
2006-02-09,0.9160156,-10.87291337060849,0.3554500912040419,0.4898140776866021,-0.6987950842547416,13.266901533642748,2.54045724767016,-1.6244416476701597
2006-02-10,1.9222107,-10.827383088335669,0.5202255379105742,0.5332256916338942,-0.2554747966798665,13.268666848732474,3.2392601932614085,-1.3170494932614085
2006-02-11,3.9549255,-10.778594880304464,0.690329486456523,0.5758961183592954,0.19464609596981877,13.270495838913998,3.9527726593951726,0.002152840604827233
2006-02-12,0.53775024,-10.726731635901157,0.8569285602072332,0.6176614240402485,0.6433535405338086,13.272305445723708,4.663517334603842,-4.125767094603842
2006-02-13,3.7988892,-10.671681320034978,1.013170570658959,0.658551653830398,1.0346303592915083,13.274160742740857,5.308832006486746,-1.509942806486746
2006-02-14,8.109039,-10.613545544829513,1.1513343954304993,0.6984609020360952,1.2634282055776616,13.27602026309921,5.775698221313953,2.333340778686046
2006-02-15,11.409393,-10.55242388831456,1.2636680837817411,0.7372892564738902,1.2318824290281332,13.277843862539873,5.9582597435090765,5.451133256490923
2006-02-16,5.883026,-10.488472713161448,1.3430153354607628,0.7749025962160196,0.9186286486717563,13.279563287737739,5.82763715492483,0.0553888450751705
2006-02-17,3.3339233,-10.421578774448387,1.3853736239883314,0.8113456654614257,0.4195294869857395,13.28124570426957,5.47591570625668,-2.1419924062566804
2006-02-18,3.1508484,-10.351637975831679,1.3889331395967015,0.846661268104208,-0.08272553450385611,13.282954102360396,5.084184999725771,-1.933336599725771
2006-02-19,5.5450745,-10.278716139054158,1.3549038053804352,0.8807815104212998,-0.39374445236977706,13.284666976694458,4.847891701072259,0.6971827989277415
2006-02-20,4.581299,-10.202886170077914,1.2881117471210024,0.913634856403891,-0.39337860875760844,13.28635972043365,4.89184154512302,-0.3105425451230204
2006-02-21,5.650696,-10.124140293136282,1.1972702626996903,0.9452034360373018,-0.08634941808278647,13.288048491594223,5.220032479112147,0.43066352088785287
2006-02-22,7.7445374,-10.042573174971892,1.092100914904798,0.9754081716384881,0.39889053568020566,13.289698498817453,5.713524946069052,2.0310124539309475
2006-02-23,7.8597107,-9.958208281880086,0.9813311332538832,1.00422141349805,0.8676080773606147,13.291311033516264,6.186263375748726,1.6734473242512742
2006-02-24,4.2347717,-9.871045649400811,0.8710642223324543,1.0316302798319918,1.1389993196446377,13.29289948683952,6.463547659247794,-2.2287759592477947
2006-02-25,6.289398,-9.781111572301365,0.7641450547852592,1.0576016888695507,1.1099217997945576,13.294464494954562,6.445021466102566,-0.15562346610256572
2006-02-26,6.669647,-9.6885266637026,0.6596408285161067,1.082044798339011,0.7757948140650612,13.295959778377647,6.124913555595225,0.5447334444047751
2006-02-27,4.988983,-9.593332737373354,0.5561568339105301,1.1049269163205675,0.22178883874718613,13.297378850190356,5.586918701795286,-0.5979357017952855
2006-02-28,3.4036255,-9.49543623309872,0.4541730513181806,1.126311372409666,-0.4106571418833702,13.298783365481937,4.973174414227692,-1.5695489142276924
2006-03-01,5.4997864,-9.394817663065709,0.3564344084295868,1.1462143095621893,-0.9632201641064504,13.300198326151783,4.4448092169714,1.0549771830285994
2006-03-02,4.297119,-9.291576862793283,0.2667942557569474,1.1645740878099529,-1.2938891209988332,13.301589358528656,4.1474917183034385,0.1496272816965618
2006-03-03,3.0154724,-9.185664764734614,0.18973518908470982,1.1814307702426632,-1.3002467522484595,13.302996907197322,4.18825134954162,-1.1727789495416197
2006-03-04,3.1469421,-9.077049639707532,0.12718052976163968,1.1968142383999205,-0.9512772901623642,13.30445324541604,4.600121083707704,-1.4531789837077036
2006-03-05,5.532379,-8.965777660100624,0.07637844366278845,1.2107051450698698,-0.31590173599989047,13.305952077735121,5.3113562703672645,0.22102272963273517
2006-03-06,9.192017,-8.851909466079178,0.030181360266274052,1.2230768220193975,0.4315862285559245,13.30748023222194,6.140415176984358,3.051601823015642
2006-03-07,4.5115967,-8.735684707752068,-0.020465431049606506,1.233788375683337,1.0478265470808026,13.308935151641636,6.834399935604102,-2.322803235604102
2006-03-08,9.263458,-8.617023765216281,-0.08070197235809222,1.2429072191410877,1.304130994996951,13.310374462669685,7.159686939233351,2.1037710607666487
2006-03-09,5.690979,-8.496041021978826,-0.15193786833517905,1.2503762512054466,1.0734116278612873,13.311759077016358,6.987568065769088,-1.2965890657690888
2006-03-10,4.7943115,-8.372628289076522,-0.2277555124473065,1.2562845193695038,0.41099438270940836,13.3131617304441,6.380056830999186,-1.5857453309991856
2006-03-11,8.963501,-8.246772492347237,-0.2975862999399896,1.2606628693752264,-0.4476379313511144,13.314607833294506,5.58327397903139,3.3802270209686105
2006-03-12,9.254456,-8.118667315121133,-0.35090412157204465,1.2634091082275354,-1.1695913461722176,13.31601958800001,4.9402659133621505,4.314190086637849
2006-03-13,1.5123596,-7.988414142102401,-0.3796378737821168,1.2644843024403867,-1.4600869002960417,13.317365663674401,4.753711049934228,-3.2413514499342284
2006-03-14,1.3767395,-7.855891620734011,-0.38054965630058785,1.2640022304526775,-1.1998470792025022,13.318726544838125,5.1464404190537,-3.7697009190537
2006-03-15,4.80777,-7.7211184742917265,-0.35881321670162325,1.2619882357251688,-0.5183365401121014,13.320112936386666,5.9838329410063835,-1.1760629410063839
2006-03-16,10.345581,-7.584176394369451,-0.32519873546378814,1.2584244649690952,0.2641333636480692,13.321504298884362,6.934686997668287,3.4108940023317125
2006-03-17,8.134033,-7.445235722881883,-0.2915640376420113,1.2532354611235519,0.796272791459051,13.322835984394551,7.63554447645326,0.4984885235467402
2006-03-18,9.644867,-7.304278817217205,-0.2650030671936245,1.246470147956336,0.8806753998196324,13.324137662111122,7.882001325476261,1.7628656745237388
2006-03-19,5.3610535,-7.1614129205040165,-0.24808466071836469,1.2381034491226437,0.5694841931484715,13.32537673291412,7.723466793962855,-2.362413293962855
2006-03-20,4.874695,-7.01656325291405,-0.23826276044448974,1.2282333529852845,0.1333940220829361,13.326612038836343,7.433413400546024,-2.5587184005460237
2006-03-21,7.8581543,-6.869749524173543,-0.2327166538148015,1.2168974196239513,-0.10070668029936274,13.327855416328811,7.341579977665055,0.5165743223349448
2006-03-22,7.86261,-6.721063655151026,-0.23128080001869417,1.2040855986734154,0.05661774382702717,13.329082883910194,7.637441771240916,0.2251682287590837
2006-03-23,9.580627,-6.570480571984812,-0.2365545283868644,1.1898659298009355,0.5374782538041817,13.330329193000257,8.250638276233698,1.3299887237663022
2006-03-24,7.343506,-6.4181097992156335,-0.2538170099881455,1.1742200607006286,1.03366104335063,13.331561996516129,8.867516291363609,-1.5240102913636093
2006-03-25,8.067047,-6.263909049106813,-0.28673625989384705,1.1572307565311428,1.160454409083277,13.332825239816335,9.099865096430095,-1.0328180964300948
2006-03-26,9.575378,-6.107987713686383,-0.3353819502972988,1.1388867730942038,0.6731658488831836,13.334087202788453,8.702770160782158,0.8726078392178422
2006-03-27,9.402161,-5.9504469722977404,-0.3937769668983959,1.1191834201384645,-0.3701789672079558,13.33532061281875,7.740101126553123,1.6620598734468768
2006-03-28,9.915588,-5.791245066732888,-0.45041641665781834,1.09820928914755,-1.6000952400802984,13.336569849579808,6.593022415256354,3.3225655847436455
2006-03-29,4.7281494,-5.630453228350145,-0.4927057522696272,1.0759828917772967,-2.498522554780762,13.337822930765649,5.7921242871424115,-1.063974887142411
2006-03-30,4.137085,-5.467939176530633,-0.5104845350405757,1.0526585463802711,-2.6487679897651413,13.339169994804863,5.764636839848784,-1.6275518398487838
2006-03-31,4.3924255,-5.303825548415661,-0.5019033481596479,1.028224943666749,-1.9566120211478397,13.340573859098146,6.606457885041746,-2.2140323850417465
2006-04-01,8.82193,-5.138126555430009,-0.4730805086593552,1.0027391564055075,-0.7084781862625406,13.342051851947588,8.025105758001189,0.7968242419988112
2006-04-02,10.677765,-4.970961770838514,-0.4360268431616389,0.9761925022071776,0.5586743087414796,13.343568732168848,9.471446929117352,1.2063180708826486
2006-04-03,10.445648,-4.802470100550743,-0.40248045974599683,0.9485636792463314,1.320990428252173,13.345079838283393,10.409683385485158,0.03596461451484245
2006-04-04,13.173981,-4.632752208427457,-0.3790553841203622,0.9198515492273381,1.3219820700609315,13.3465598641449,10.576585890885351,2.5973951091146485
2006-04-05,7.580841,-4.462057667287695,-0.3659628285286822,0.8899629501348736,0.6867491134798739,13.347909232580136,10.096600800378507,-2.5157598003785067
2006-04-06,9.143066,-4.290151088710697,-0.3560380731661623,0.8591300333986464,-0.15165328318311483,13.349271140866987,9.41055872920566,-0.26749272920566014
2006-04-07,7.208679,-4.117016094196774,-0.3423383651694398,0.8274435480712845,-0.693167861242737,13.350679213974049,9.025600441436382,-1.8169214414363815
2006-04-08,10.249298,-3.9426087454259124,-0.32115088329781116,0.795008305638361,-0.6255375667623553,13.352181047200427,9.257892157352709,0.9914058426472909
2006-04-09,9.891541,-3.767110528353741,-0.29613549288559365,0.7617833672766707,0.0188085789926369,13.353711617218298,10.071057542248273,-0.17951654224827251
2006-04-10,8.735352,-3.5906088673788723,-0.2758752562117731,0.7277898079338259,0.8957568119467585,13.355253188116945,11.112315684406884,-2.376963684406883
2006-04-11,11.897797,-3.4130318881319806,-0.2703805203622677,0.6931498758414993,1.5361573926211658,13.35686789498193,11.902762754950347,-0.004965754950346124
2006-04-12,14.4071045,-3.2346480329579332,-0.28766337868227965,0.6577636064292116,1.5880360275194845,13.358447580082995,12.08193580239148,2.3251686976085217
2006-04-13,14.844086,-3.055634732149095,-0.32830794968683213,0.6215948998921021,0.9988293046405361,13.359929711300394,11.596411233997106,3.247674766002895
2006-04-14,10.570374,-2.875979825380216,-0.3841151416012685,0.5847395851500976,0.03721442701966143,13.361346774202527,10.723205819390802,-0.15283181939080315
2006-04-15,7.8852844,-2.6955512040469376,-0.44078989106387,0.5473749187336254,-0.8512509912489636,13.362791423225856,9.92257425559971,-2.0372898555997097
2006-04-16,7.2475586,-2.514312176455355,-0.48452906700028125,0.5096098784417793,-1.2782210576121242,13.364308811011886,9.596856388385905,-2.349297788385906
2006-04-17,9.747101,-2.332398560022877,-0.507305209176844,0.47143743768497226,-1.1054784642561963,13.365857730191324,9.892112934420378,-0.14501193442037774
2006-04-18,13.523346,-2.1499041587071925,-0.5088673190475791,0.4328729684314778,-0.5001095421736773,13.367418064744422,10.641410013247452,2.8819359867525485
2006-04-19,14.012573,-1.9670555468682178,-0.4952275980273809,0.39384722144716033,0.169097382768638,13.368903186522608,11.469564645842809,2.543008354157191
2006-04-20,11.699707,-1.7838611717467527,-0.4733405303867891,0.3544386292862655,0.5336801825619851,13.370335626980019,12.001252736694727,-0.3015457366947274
2006-04-21,8.587372,-1.6002536328993902,-0.44710364816031556,0.31478016044394974,0.4110722124264846,13.371776025310105,12.050271117120833,-3.4628991171208323
2006-04-22,10.69696,-1.4161254860317527,-0.4155140379509177,0.27503101594163215,-0.11617414632719326,13.373305281878862,11.70052262751063,-1.0035626275106289
2006-04-23,12.542084,-1.231611481199305,-0.3746100935889862,0.23519372502366398,-0.7604604315280037,13.374883033956829,11.243394752664198,1.2986892473358012
2006-04-24,13.935516,-1.046880263111731,-0.3194049507032624,0.1952461522063413,-1.1823198624723126,13.376451982047792,11.023093057966827,2.9124229420331726
2006-04-25,8.653717,-0.8620385895141371,-0.24748845090162855,0.15520589192839498,-1.1630829223902173,13.377985773370721,11.260581702493134,-2.6068647024931337
2006-04-26,11.463501,-0.6769565330216084,-0.16061923998978628,0.11524306159225323,-0.7066670953769104,13.379576563330426,11.950576756534375,-0.48707575653437374
2006-04-27,11.611206,-0.4917592254358416,-0.06752384670346737,0.07536127064614775,-0.03460810944731382,13.38118873783687,12.862658826896396,-1.2514528268963971
2006-04-28,12.886108,-0.3065119785203192,0.02113449918087762,0.03560233788337964,0.5403927679268474,13.382816640523686,13.673434266994471,-0.7873262669944712
2006-04-29,13.33429,-0.12123075246121055,0.09675731879175156,-0.003963493071859753,0.7759597387499184,13.384479415693892,14.132002227702491,-0.7977122277024922
2006-04-30,15.691315,0.06405540365777013,0.156537027417944,-0.043277689924406185,0.6212866573943271,13.386189758377133,14.184791156922769,1.5065238430772308
2006-05-01,19.333588,0.24920258885567761,0.20368744563131172,-0.08235451026127366,0.23487830364170156,13.387902910587172,13.99331673845459,5.340271261545409
2006-05-02,11.354462,0.4340484260437043,0.24548426438010845,-0.12121833556264341,-0.10159881760158423,13.389564846124301,13.846280383383887,-2.4918183833838867
2006-05-03,11.594879,0.6188078244133997,0.2912139930129096,-0.15964829888680815,-0.1248712376655066,13.391310254485331,14.016812535359326,-2.421933535359326
2006-05-04,14.29306,0.8033420886962543,0.34376874897793686,-0.19765282882926094,0.2641236225970128,13.393096706803291,14.606678338245235,-0.31361833824523444
2006-05-05,17.613647,0.9876079079487472,0.3990870344548336,-0.23518166706124904,0.9513746692215356,13.394929489650124,15.497817434213992,2.115829565786008
2006-05-06,17.905914,1.1714629092159345,0.44771343504145883,-0.2722513633057007,1.6635013846505642,13.396764275263202,16.40719064086546,1.4987233591345408
2006-05-07,16.850525,1.354702969452747,0.4794962598300232,-0.30891862403182435,2.0953164889503815,13.398525800266007,17.019122894467333,-0.1685978944673323
2006-05-08,15.513733,1.537368432429369,0.4884925060003308,-0.3450791029260944,2.0442935666384847,13.40026100024343,17.12533640238552,-1.611603402385521
2006-05-09,15.141663,1.719486736461933,0.4752995860765588,-0.3806365347870847,1.4899412950218867,13.402010234969838,16.706101317743133,-1.564438317743134
2006-05-10,17.863739,1.9010538476423289,0.44673357523558843,-0.41551734050733324,0.5897989541405322,13.403798081894987,15.925867118406103,1.937871881593896
2006-05-11,16.826752,2.0818423634323757,0.4124305328257774,-0.4497963992723609,-0.3973544716644021,13.405537210163343,15.052659235484732,1.7740927645152667
2006-05-12,13.307404,2.261782681256506,0.3822944194691806,-0.48344545781048776,-1.2132764243049787,13.407219069712335,14.354574288322555,-1.0471702883225547
2006-05-13,11.278687,2.4409626233656674,0.3626747639926891,-0.5163314048876444,-1.689529606917248,13.408913743123657,14.00669011867712,-2.7280031186771208
2006-05-14,13.756378,2.619375152919642,0.353714737658768,-0.5483828493813837,-1.7873552520122582,13.410643710104361,14.04799549928913,-0.2916174992891296
2006-05-15,15.427826,2.796897527022489,0.35009067581600617,-0.5796078091439842,-1.5767713970477004,13.412373384496446,14.402982381143257,1.0248436188567425
2006-05-16,15.304504,2.9734319790088732,0.3452902603062237,-0.6100047970123315,-1.174948933050684,13.414079667392429,14.94784817664451,0.3566558233554904
2006-05-17,15.39151,3.148962227054258,0.33528767531610343,-0.639518185606774,-0.6893865493676296,13.415780080664318,15.571125248060277,-0.1796152480602764
2006-05-18,14.501373,3.3234076552323115,0.3197942410656543,-0.6681342940629291,-0.19462247361531773,13.417459759749512,16.19790488836923,-1.6965318883692309
2006-05-19,17.381287,3.496863907133001,0.30203816395075933,-0.6957273038879488,0.2585938345474984,13.419191786281909,16.780960388025218,0.6003266119747828
2006-05-20,19.16095,3.66918344977911,0.2850009279265268,-0.722336070848856,0.6165629959980597,13.420927435767602,17.269338738622444,1.8916112613775553
2006-05-21,17.391052,3.8401904225865833,0.2698403268997083,-0.7480181718449244,0.8165861503242285,13.42260348108867,17.601202209054264,-0.21015020905426596
2006-05-22,18.043793,4.009938948715121,0.25518143859980313,-0.7726817045340122,0.8066876659259524,13.42427174750119,17.723398096208054,0.32039490379194646
2006-05-23,18.254486,4.17836533161976,0.2360533795065153,-0.7963127554127295,0.5776585124966725,13.425924935743648,17.621689403953866,0.6327965960461341
2006-05-24,17.417084,4.345445502685801,0.20654183617641414,-0.818870193647071,0.19495946911254197,13.427575315728337,17.355651930056023,0.061432069943975876
2006-05-25,16.856934,4.511143337339684,0.16241340876817156,-0.8403183092105551,-0.20170446152376661,13.429228753448717,17.06076272882225,-0.203828728822252
2006-05-26,16.87436,4.67538446661988,0.10281178367006151,-0.8606503151128637,-0.4406385303201148,13.430871830380632,16.907779235237594,-0.033419235237595046
2006-05-27,16.368683,4.838166658181165,0.03067036149625796,-0.8798164037955556,-0.38787058769350324,13.43252708918906,17.033677117377422,-0.6649941173774216
2006-05-28,17.609497,4.999472587759287,-0.04872837344758393,-0.8977776162072679,-0.01448231668804148,13.434209203521739,17.472693484938134,0.1368035150618674
2006-05-29,18.17273,5.159145642012383,-0.1306559131388159,-0.914592630222202,0.5712766504503447,13.43586288152961,18.12103663063132,0.05169336936868163
2006-05-30,17.874939,5.317140012266307,-0.212209591506152,-0.930250523772183,1.1531579577410551,13.437487945413508,18.765325800142534,-0.890386800142533
2006-05-31,19.152863,5.4734023883383465,-0.293057754461167,-0.9447424219218812,1.4861508135004318,13.439080201586911,19.16083322704264,-0.007970227042640943
2006-06-01,20.549469,5.627865000233299,-0.3748108145784504,-0.9580719210607277,1.3946355553311647,13.440628052493237,19.13024587241852,1.4192231275814784
2006-06-02,18.634552,5.780488808312818,-0.45871691926756303,-0.9702294216790632,0.8493440458851488,13.442134087297864,18.643020600549203,-0.008468600549203842
2006-06-03,15.999329,5.931277184939009,-0.5431675962748154,-0.9811741176456985,-0.012942297418126802,13.443621682281329,17.837614855881696,-1.838285855881697
2006-06-04,15.384491,6.0802864651960755,-0.6232310395582469,-0.9908288366370264,-0.940806251119237,13.44514033833268,16.970560676214244,-1.5860696762142439
2006-06-05,16.68637,6.227481926857331,-0.6920803320973536,-0.9991781471204546,-1.6669354535126069,13.446693741232606,16.31598173535952,0.3703882646404786
2006-06-06,17.367401,6.3727969608435995,-0.742865606387375,-1.0062287742174245,-2.0086977498334653,13.44826926593998,16.063274096345314,1.3041269036546872
2006-06-07,17.015686,6.516198930439902,-0.7704181463948969,-1.0119704222523864,-1.9286667314634884,13.449871091795764,16.255014722124894,0.7606712778751046
2006-06-08,17.316711,6.657644980035316,-0.7726238511605755,-1.0164007021036139,-1.5337125586586067,13.451497992215831,16.78640586032835,0.5303051396716505
2006-06-09,16.505981,6.797078155235096,-0.7508216530252219,-1.0195278634862501,-1.0171528687971638,13.453141414525483,17.462717184451943,-0.9567361844519446
2006-06-10,20.66449,6.934493637154219,-0.708491262467145,-1.0213316443609508,-0.5695350382762533,13.454818726708142,18.089954418758012,2.574535581241989
2006-06-11,17.030792,7.0697112250308916,-0.6507566281899044,-1.0219104058026593,-0.3017341632538116,13.456459258921596,18.55176928670611,-1.5209772867061098
2006-06-12,18.838837,7.202842280413785,-0.5803465771764176,-1.0211742454171628,-0.2000407436258705,13.45813786300232,18.859418577196653,-0.020581577196651324
2006-06-13,18.695892,7.333850915360447,-0.4994040547709406,-1.0191307211268785,-0.1534173903524882,13.459855354576131,19.12175410368627,-0.42586210368627064
2006-06-14,20.05429,7.462668116290676,-0.40865762260567284,-1.0158097661695722,-0.017652457842004757,13.461595635164233,19.48214390483766,0.572146095162342
2006-06-15,19.747192,7.589190844792775,-0.30886330245309956,-1.0112693084404052,0.30017429337081347,13.463325413182309,20.032557940452392,-0.28536594045239383
2006-06-16,20.945557,7.7133805547272996,-0.20128155666260866,-1.0055276903430264,0.7836758937605058,13.465043378702156,20.755290580184326,0.19026641981567494
2006-06-17,22.261261,7.835155759016599,-0.08886740247269685,-0.9986282427807496,1.2982024811096393,13.466726250507769,21.512588845380563,0.7486721546194381
2006-06-18,20.670105,7.954489314529303,0.024294834896384305,-0.9905792440976364,1.6433125250558462,13.468377358322034,22.09989478870593,-1.429789788705932
2006-06-19,21.839111,8.071405340360247,0.1342765065147641,-0.9813590702722559,1.6429915667043697,13.470025321316788,22.33733966462391,-0.49822866462391247
2006-06-20,21.846924,8.18586663226307,0.23745198200736545,-0.9709871246046766,1.2293964053947053,13.471667769718099,22.153395664778564,-0.306471664778563
2006-06-21,21.452942,8.297861318612913,0.3320184602263273,-0.9594671820292828,0.4887495916226996,13.473314663297177,21.632476851729834,-0.17953485172983363
2006-06-22,20.486664,8.407382769939943,0.4181219528765901,-0.9468007033039396,-0.3608070443887486,13.474978250230937,20.99287522535478,-0.5062112253547788
2006-06-23,21.039917,8.514384517906864,0.4972720040763754,-0.9330158677005165,-1.0508481969598658,13.476650384956326,20.504442842279182,0.5354741577208166
2006-06-24,21.518555,8.618838754578334,0.571205067335325,-0.9181309037914795,-1.3690430704971832,13.478331979561194,20.38120182718619,1.1373531728138104
2006-06-25,20.55072,8.720701086322777,0.6410001248721026,-0.9021783703864303,-1.2412928790481113,13.480015280708452,20.69824524246879,-0.14752524246879162
2006-06-26,20.613525,8.819993318577607,0.7065625159417793,-0.8851519301224293,-0.75439809608085,13.481725223621899,21.368731031938005,-0.7552060319380054
2006-06-27,22.789062,8.916712299418375,0.7657775402642956,-0.867063541108956,-0.11274281416964671,13.483473854480149,22.186157338884215,0.6029046611157867
2006-06-28,23.242157,9.010796346431857,0.814529732907373,-0.8479656616907194,0.4513913206571353,13.485243532703965,22.91399527100961,0.32816172899038776
2006-06-29,23.718933,9.102240468393052,0.8483456316220953,-0.8278754626471425,0.7725959370718695,13.48704462126849,23.382351195708367,0.3365818042916331
2006-06-30,24.051544,9.190947542480643,0.8631690211896068,-0.806869192896223,0.802570762511239,13.488840981852825,23.538659115138092,0.5128848848619079
2006-07-01,23.60254,9.276865960410476,0.8568155826576039,-0.7849941086729638,0.6014469694088803,13.490618827617538,23.44075323142153,0.16178676857846952
2006-07-02,23.555695,9.359965298154878,0.8299014541822004,-0.762288974446975,0.2827249755665838,13.49237470307345,23.20267745653014,0.3530175434698606
2006-07-03,22.726044,9.440220409288546,0.7858327605522591,-0.7387913081796627,-0.051625430375084255,13.494107306864155,22.929743738150215,-0.20369973815021325
2006-07-04,22.293701,9.517612946792573,0.7304678879031812,-0.7145321894589383,-0.34578883676104294,13.495818212529917,22.68357802100569,-0.38987702100569166
2006-07-05,20.09784,9.592087793722168,0.6705766305315226,-0.6895666047169673,-0.582456027378169,13.497490186121048,22.488131978279604,-2.3902919782796026
2006-07-06,23.055084,9.663780517125637,0.6125832371547271,-0.6638299043558827,-0.7441688804920596,13.499201093215252,22.367566062647676,0.6875179373523252
2006-07-07,22.97754,9.732544579390773,0.5590389189007648,-0.6374397806586998,-0.783903476164145,13.500887080997419,22.371127322466112,0.6064126775338892
2006-07-08,23.220428,9.798345088576554,0.5092938925593041,-0.6104459864143654,-0.6204350533546013,13.502539814844786,22.579297756211677,0.6411302437883215
2006-07-09,22.379639,9.861156686638692,0.4591141237760041,-0.5828961198757024,-0.18202845721592303,13.504155396535921,23.059501629858993,-0.6798626298589916
2006-07-10,23.61444,9.920983208427431,0.40226243503019077,-0.5548156164922782,0.5303732224523608,13.50574393555889,23.804547184976595,-0.19010718497659695
2006-07-11,24.304138,9.977828566352848,0.33207134170307673,-0.5262302155814377,1.3958665085892659,13.507315062707677,24.68685126377143,-0.3827132637714321
2006-07-12,24.83252,10.031688769371048,0.2438276106652077,-0.49717411806899175,2.18258671169521,13.50887400820855,25.469802981871023,-0.6372829818710244
2006-07-13,25.100037,10.08248304232462,0.13590179516565778,-0.46773132391109307,2.6169548759454235,13.510387095216931,25.87799548474154,-0.7779584847415393
2006-07-14,26.45105,10.130175220167867,0.010175578391169688,-0.4379563542187921,2.489541502680791,13.511842492154011,25.703778439175046,0.7472715608249523
2006-07-15,27.258911,10.174698803208305,-0.12889675393764058,-0.40792534426717597,1.747810271780534,13.513212746467884,24.89889972325191,2.360011276748093
2006-07-16,24.7677,10.21609494451395,-0.2749514548782061,-0.3776421449095659,0.5329899056122444,13.514523781317651,23.611015031656073,1.156684968343928
2006-07-17,22.152954,10.254419009735873,-0.42076699094460035,-0.3470965463899808,-0.8609576038808469,13.515807991524698,22.141405860045143,0.011548139954857817
2006-07-18,19.510315,10.289703211565618,-0.5596024075738766,-0.31629530238117765,-2.088618425041102,13.51708574955208,20.84227282612154,-1.331957826121542
2006-07-19,19.115143,10.322041435401115,-0.6852927161172785,-0.28520987697852973,-2.8641858063313057,13.518407932511552,20.005760968485554,-0.8906179684855537
2006-07-20,20.266296,10.35143790065744,-0.7926205995778346,-0.2538710533837753,-3.0397334422606757,13.519780083229447,19.784992888664604,0.4813031113353965
2006-07-21,19.356506,10.377849956699777,-0.8771021103997779,-0.22234057433413268,-2.6251248448771753,13.52118390155076,20.17446632863945,-0.817960328639451
2006-07-22,22.44394,10.40133521852449,-0.9348245650642906,-0.1906180713739487,-1.7583088908122309,13.522650879006795,21.040234570280816,1.403705429719185
2006-07-23,22.843353,10.42179529040072,-0.9646487160009023,-0.15880565300465294,-0.6583392274233583,13.524133911852742,22.164135605824548,0.6792173941754527
2006-07-24,22.205261,10.439162718637052,-0.9678265841562518,-0.12698318344531198,0.42725575042727304,13.52560097237205,23.297209673834814,-1.091948673834814
2006-07-25,23.0307,10.453476587744632,-0.9482701725777614,-0.09516177247097415,1.2608455658354059,13.52707298872613,24.197963197257437,-1.1672631972574372
2006-07-26,24.404877,10.464737356970174,-0.9121042631993126,-0.06338139950768752,1.649568085091565,13.528551199723582,24.66737097907832,-0.2624939790783216
2006-07-27,24.975372,10.472916514204947,-0.8653048182407868,-0.03170044405024311,1.4898276284690672,13.53002185116677,24.595760731549753,0.3796112684502475
2006-07-28,23.337067,10.478037134797258,-0.810876385266418,-0.0001423597626439843,0.8137515060734974,13.531496524086092,24.012266419927784,-0.6751994199277824
2006-07-29,24.136444,10.48013686434676,-0.7472458989738,0.03128002041669598,-0.18790107782247747,13.532993637843482,23.109263545810663,1.0271804541893381
2006-07-30,21.79898,10.479197031627837,-0.6694528341232463,0.06252031494715936,-1.1970953801034885,13.534502860973138,22.2096719933214,-0.41069199332140016
2006-07-31,21.072144,10.475221788346513,-0.5707898763542067,0.09354262398518398,-1.8570916745419308,13.536024838992503,21.676907700428064,-0.6047637004280624
2006-08-01,21.713257,10.46825842799132,-0.44690386404579263,0.12433531101526782,-1.9036511122009911,13.53758149408429,21.77962025684409,-0.06636325684409172
2006-08-02,23.457306,10.458328933786753,-0.2988825105031501,0.154871008274809,-1.2801561647147122,13.539181710589814,22.573342977433512,0.883963022566487
2006-08-03,24.762848,10.445407310133163,-0.13426372991627167,0.1850934770423734,-0.1801731377709364,13.540809834716159,23.856873754204486,0.905974245795516
2006-08-04,26.017517,10.429474517037427,0.03483864493709804,0.21495116338165707,1.0137088698846273,13.542453226749378,25.23542642199019,0.7820905780098109
2006-08-05,26.819519,10.410528890912355,0.19531732466122198,0.2444015998903665,1.8763117054889875,13.544107606652155,26.270667127605087,0.5488518723949127
2006-08-06,26.13089,10.388550048771148,0.3373038440508391,0.27338877782874227,2.112063479875797,13.545759026121255,26.65706517664778,-0.5261751766477794
2006-08-07,26.238953,10.363550490954728,0.45729466710257627,0.30188002908158407,1.6745444932079414,13.547409496795845,26.344679177142673,-0.10572617714267452
2006-08-08,23.90036,10.335541289236485,0.5580153484769238,0.3298453845584356,0.7755140507268019,13.549059730910237,25.547975803908884,-1.6476158039088844
2006-08-09,23.463165,10.304588668889842,0.6464269374725464,0.3572902639939208,-0.2155889121428491,13.5507376512994,24.643454609512858,-1.180289609512858
2006-08-10,25.728546,10.270718301550328,0.7290236780626463,0.38419262122036735,-0.9369499119760933,13.552450557277897,23.999435246135146,1.7291107538648554
2006-08-11,25.122955,10.233881643164626,0.8082260542812267,0.41048324780504797,-1.181016523854543,13.554168215022708,23.825742636419065,1.297212363580936
2006-08-12,23.492584,10.194124967966442,0.8819451561508506,0.4361552584256323,-0.9566152089239774,13.555907465630588,24.111517639249534,-0.6189336392495335
2006-08-13,24.18628,10.151455933041799,0.9440895980136605,0.46117751523724293,-0.45332564109396467,13.55766528417634,24.661062689375076,-0.4747826893750755
2006-08-14,24.727295,10.105880056122004,0.9871637168625498,0.485516464575123,0.06885597743721814,13.559437130221673,25.20685334521857,-0.47955834521856744
2006-08-15,24.37207,10.057427847827437,1.0062028225378603,0.509153819339043,0.4071726372448104,13.561230633914692,25.541187760863842,-1.1691177608638412
2006-08-16,25.284576,10.00615494845746,1.0010632613385213,0.5320896017795976,0.4952750799701677,13.563065551448323,25.59764844299407,-0.3130724429940699
2006-08-17,25.020874,9.95201778787295,0.9756527342438343,0.5542622802352144,0.40174157572049685,13.564911565017134,25.44858594308963,-0.4277119430896299
2006-08-18,26.186676,9.895043122629982,0.9361703136273754,0.5756559904695167,0.26576400529139355,13.566773184388534,25.239406616406804,0.9472693835931949
2006-08-19,26.240417,9.835177536187022,0.8874360617793545,0.5961981893072669,0.20798953586757493,13.568614535697202,25.09541585883842,1.145001141161579
2006-08-20,25.676361,9.772462111831501,0.8313396810677708,0.6158786138107781,0.270575027597815,13.570446591441224,25.060702025749087,0.6156589742509126
2006-08-21,25.254883,9.706957804086713,0.766469125097913,0.6347029645343628,0.40796383788935353,13.572289843593595,25.088383575201938,0.16649942479806157
2006-08-22,24.744202,9.638698530297265,0.6897926311486651,0.6526609356016253,0.5265105593900637,13.574150823493474,25.081813479931093,-0.3376114799310912
2006-08-23,24.97876,9.567732588085727,0.5996781585949739,0.6697529135438087,0.5449984759631512,13.576042815862268,24.95820495204993,0.020555047950072236
2006-08-24,25.253052,9.49399084964793,0.4979220986555004,0.685901390146566,0.43867092785575834,13.577919888403999,24.694405154709756,0.5586468452902444
2006-08-25,24.544434,9.417463231355454,0.3905972597325817,0.7010676043818965,0.24682845819708124,13.579765274282217,24.33572182794923,0.2087121720507703
2006-08-26,23.427155,9.338226991443356,0.2864314441051197,0.7152748459881261,0.04285841879086444,13.581605528187449,23.964397228514915,-0.5372422285149163
2006-08-27,22.703674,9.256407521877188,0.19331967408913558,0.7285779258282661,-0.1131285373264284,13.583490895480127,23.648667479948287,-0.9449934799482875
2006-08-28,23.012817,9.172025640142472,0.1149893716043409,0.7409619531289393,-0.2089032614997378,13.58541897369962,23.404492677075634,-0.3916756770756358
2006-08-29,24.751038,9.085050748109747,0.04987763026930188,0.7523803638199718,-0.2819120343694813,13.587361242053733,23.192757949883273,1.5582800501167284
2006-08-30,22.444733,8.995411168693813,-0.007488035626771361,0.762758714207999,-0.3883221077292337,13.58926833932266,22.951628078868467,-0.5068950788684674
2006-08-31,23.313904,8.903213482135488,-0.06233691361166978,0.7721367847423016,-0.5548311802524558,13.591179788318051,22.649361961331714,0.6645420386682872
2006-09-01,19.591522,8.808465676958152,-0.11794893297674251,0.7804932409744771,-0.7484694388396369,13.593085316151484,22.315625862267733,-2.7241038622677323
2006-09-02,21.768341,8.711304740008423,-0.17259842053078397,0.787890975442739,-0.8691361936988349,13.595038880934982,22.052499982156526,-0.28415898215652646
2006-09-03,22.606567,8.611709240169382,-0.222232435492302,0.7942879749746603,-0.7889753213988981,13.59701481847197,21.991804276724814,0.6147627232751844
2006-09-04,23.163483,8.509701554159246,-0.2619235231367683,0.7996735187752866,-0.40894725620304995,13.599009020240693,22.237513313835407,0.9259696861645921
2006-09-05,25.157318,8.40531274953306,-0.28943957649269486,0.8040444928221844,0.27734056286750164,13.601021412343147,22.798279641073197,2.359038358926803
2006-09-06,20.415375,8.29846968239965,-0.30782652132336463,0.8073305665306103,1.1455633642508087,13.602999496686488,23.546536588544193,-3.1311615885441917
2006-09-07,23.998505,8.189363772207013,-0.32343082914161814,0.8096360186666935,1.9578613762014871,13.605022829087819,24.238453167021397,-0.23994816702139588
2006-09-08,24.707397,8.077963667157253,-0.3459312471045708,0.8109223397298462,2.4232726521780377,13.607059029391248,24.573286441351815,0.13411055864818522
2006-09-09,24.758972,7.96429499271226,-0.38225258309383325,0.8111879352550784,2.310394743389098,13.609103930946056,24.31272901920866,0.4462429807913395
2006-09-10,25.85962,7.848352497996228,-0.4335782569310867,0.8104117993440407,1.551388121215483,13.611137677230106,23.38771183885477,2.4719081611452296
2006-09-11,22.891113,7.730146674819958,-0.49457137350357366,0.8085849569882122,0.29744171797587415,13.613147948508848,21.95474992478932,0.9363630752106822
2006-09-12,19.875946,7.609766256885957,-0.5545597082750082,0.8057501845394461,-1.1038547666984881,13.61516134063088,20.37226330708279,-0.49631730708279065
2006-09-13,17.859741,7.4873004312980544,-0.6024570763669038,0.8019517038425192,-2.2191542547811576,13.617204387047954,19.084845191040465,-1.2251041910404652
2006-09-14,17.63916,7.362898329147868,-0.6314320858973336,0.7972734050935268,-2.6856070749424643,13.619333271561723,18.46246584496332,-0.8233058449633184
2006-09-15,18.487152,7.2366222197094245,-0.6420795715355868,0.7917406118081275,-2.352283661844728,13.62156042459807,18.655560022735308,-0.16840802273530997
2006-09-16,18.932007,7.108430850895768,-0.6420218389799126,0.7853106348146868,-1.3437520938684464,13.623846242458903,19.531813795321,-0.5998067953210011
2006-09-17,20.148376,6.978332809319252,-0.6422072963069397,0.777976779098972,-0.016192131166716424,13.626175853950762,20.724086014895327,-0.5757100148953285
2006-09-18,22.723022,6.846371472307615,-0.6526981985032604,0.7697552417588107,1.1743096731001572,13.628551570171135,21.76628975883446,0.9567322411655397
2006-09-19,22.886871,6.71250888273749,-0.6792068181174086,0.7606056899528038,1.839350355799089,13.630934851119775,22.26419296149175,0.6226780385082478
2006-09-20,21.520477,6.576776918847182,-0.7208911599105522,0.7505332067400448,1.7952624591429116,13.633321740162334,22.03500316498192,-0.5145261649819197
2006-09-21,21.198944,6.43925005356618,-0.7716415162504909,0.7395730808446741,1.1122460582214277,13.635729403095622,21.155157079477412,0.0437869205225887
2006-09-22,19.902191,6.299956851635612,-0.8234880277934488,0.7277349590091693,0.06411256592822549,13.638151892389601,19.906468241169158,-0.004277241169159396
2006-09-23,17.671112,6.158982597695236,-0.8693988487666008,0.7150683275189529,-0.9889665867238658,13.640611395546113,18.656296885269835,-0.9851848852698346
2006-09-24,18.209229,6.016405426011008,-0.9054203659319807,0.7016163471924133,-1.7335646034465853,13.64312621817898,17.722163022003834,0.487065977996167
2006-09-25,17.676575,5.872203042344301,-0.9313322759058815,0.6873537285026057,-1.9982079220308078,13.645664128826457,17.275680701736675,0.40089429826332434
2006-09-26,16.527985,5.726436054259115,-0.9480948783595908,0.6723109802659909,-1.7769645126414215,13.648234239039992,17.321921882564084,-0.7939368825640827
2006-09-27,18.070953,5.579166340990237,-0.9560290248454079,0.65651981852199,-1.1962078132277592,13.650846136809273,17.734295458248333,0.3366575417516664
2006-09-28,20.326508,5.4303929712299785,-0.9543231941897976,0.6399714224230262,-0.4520549994558263,13.653477697938465,18.317463897945846,2.0090441020541547
2006-09-29,19.161285,5.280113973860879,-0.9409745521346472,0.6226585365358063,0.2552645751316342,13.656106103504994,18.87316863689867,0.2881163631013308
2006-09-30,19.75763,5.128291014927272,-0.9138060100525204,0.6045491327284971,0.7681057175484025,13.658690125758014,19.245829980909665,0.5118000190903338
2006-10-01,18.11502,4.974949596858403,-0.8728510739030936,0.5856505158427971,0.991806348709122,13.661220363787375,19.340775751294604,-1.225755751294603
2006-10-02,17.470184,4.820241209082105,-0.8207303229493708,0.566055876316609,0.9050198279639949,13.663750248540673,19.134336838954013,-1.6641528389540134
2006-10-03,19.672668,4.664301682129949,-0.7628697589968656,0.5458488827624179,0.5595459066089858,13.666325092862861,18.673151805367347,0.9995161946326547
2006-10-04,18.705505,4.507043805092903,-0.7060683880402655,0.5249672415802925,0.07298424469392535,13.668878487116475,18.06780539044333,0.6376996095566696
2006-10-05,17.359772,4.348573960919999,-0.6544275596626853,0.5034771893323583,-0.39041241303563545,13.671440722920803,17.478651900474837,-0.11887990047483754
2006-10-06,15.868408,4.188931093457329,-0.6083057581652325,0.48140516497744834,-0.6681029127316728,13.67400812767357,17.06793571521144,-1.19952771521144
2006-10-07,16.21701,4.0281843662202945,-0.5641901007103406,0.45879754479955154,-0.6600736931703893,13.676591988226424,16.93931010536554,-0.7223001053655409
2006-10-08,16.762054,3.8664190928282958,-0.5165581223191917,0.43570811526666375,-0.37733911030873024,13.679211545776022,17.087441521243058,-0.3253875212430586
2006-10-09,17.5029,3.7037235213625297,-0.4600675794072005,0.41219103071801055,0.05320868072358274,13.681887382416866,17.390943035813788,0.11195696418621282
2006-10-10,18.25177,3.5400107526538123,-0.3920127330380389,0.38818684080804755,0.43611979023186864,13.684552256975701,17.65685690763139,0.5949130923686106
2006-10-11,18.47931,3.375285763359429,-0.31283540865387377,0.36369642521442336,0.5938079951421806,13.687184846629032,17.70713962169119,0.772170378308811
2006-10-12,19.23581,3.209633796286144,-0.22554329567445142,0.3387737526522583,0.45111332642681407,13.68980395286032,17.463781532551085,1.7720284674489157
2006-10-13,16.415894,3.043049726786084,-0.13444856614213518,0.31341681747585604,0.07453455849137539,13.69238299727776,16.988935533888938,-0.5730415338889365
2006-10-14,14.256866,2.8756324780692557,-0.04240895396065056,0.2876917641540099,-0.35373999561910086,13.69494736215464,16.462122654798154,-2.205256654798154
2006-10-15,15.574799,2.707537962560382,0.04962860736199715,0.26170138530176174,-0.6243429972373392,13.697550741630137,16.092075699616938,-0.5172766996169376
2006-10-16,17.140686,2.538803574943521,0.14193052954887891,0.23546729129493632,-0.6041632618595034,13.70018744963117,16.012225583559,1.1284604164409977
2006-10-17,17.20575,2.369373400586276,0.23549967267070718,0.20894803292168437,-0.2993609905941389,13.702805100028199,16.217265215612727,0.9884847843872713
2006-10-18,16.903961,2.199281884215396,0.33110671123079016,0.18216301258060097,0.1503421968930297,13.705396389779374,16.56829019469919,0.33567080530080773
2006-10-19,17.0755,2.0285775648448237,0.42774198623707393,0.15514240640476568,0.5412303385686976,13.707960999516695,16.860653295572057,0.21484670442794496
2006-10-20,17.201538,1.8572929912071205,0.5220258998103644,0.12790851176004267,0.7048945161262072,13.710490420309677,16.922612339213412,0.2789256607865873
2006-10-21,16.050629,1.6854818502163553,0.6089625301341872,0.10050060236609532,0.5868113146433322,13.712986554512336,16.694742851872306,-0.6441138518723051
2006-10-22,16.806946,1.5132093793819354,0.6833039886380393,0.07296455079481923,0.2647732314915842,13.715457015384631,16.24970816569101,0.5572378343089888
2006-10-23,15.164978,1.3404919230941839,0.7404087830652307,0.045313134648213196,-0.09943115629531624,13.717884983009531,15.744667667521842,-0.5796896675218424
2006-10-24,13.031952,1.1674412424641933,0.7780663514070316,0.0176247768800761,-0.3405646212984723,13.720301336925942,15.342869086378771,-2.3109170863787707
2006-10-25,15.371185,0.9941448066851296,0.7963013178532226,-0.01003734646952225,-0.366463552386261,13.722724660869432,15.136669886552001,0.23451511344799947
2006-10-26,15.642792,0.82064286677337,0.7963440517733219,-0.037643779917908786,-0.191457015800159,13.725149841311891,15.113035964140515,0.529756035859485
2006-10-27,14.836639,0.64697094280659,0.7810358789943733,-0.06517153236459929,0.08968037239542004,13.727569560860182,15.180085222691966,-0.34344622269196634
2006-10-28,15.535278,0.47314820211866965,0.7540935438671418,-0.09261002985417577,0.35825668447515563,13.729968431713573,15.222856832320364,0.312421167679636
2006-10-29,15.950867,0.29927094437489293,0.7193311213579633,-0.11989593311874663,0.5268668844270703,13.732369514956739,15.157942531997918,0.7929244680020826
2006-10-30,15.295227,0.1253917553015888,0.6803199564718997,-0.14699314641139416,0.5679788473962786,13.73477392370619,14.961471336464562,0.3337556635354382
2006-10-31,14.71048,-0.04847473920978865,0.6402927417866678,-0.17389185762473597,0.5073545871455516,13.737163712642825,14.66244444474052,0.04803555525947978
2006-11-01,15.093353,-0.2223219313555325,0.6020127744899496,-0.2005891778304099,0.3951431754932937,13.739517027185592,14.313761867982892,0.7795911320171083
2006-11-02,12.323853,-0.3960737654763659,0.5678667988401512,-0.22703465088357755,0.2778810536822719,13.741846793386486,13.964486229548966,-1.6406332295489658
2006-11-03,13.648895,-0.5696346570883701,0.5403179755957404,-0.25316349017191464,0.1874142267374426,13.744175680441467,13.649109735514365,-0.0002147355143655716
2006-11-04,13.590607,-0.7429826939039479,0.5204644535454873,-0.2789612096908252,0.1400117497957749,13.746489517356482,13.38502181710297,0.2055851828970301
2006-11-05,13.688873,-0.9160450877601325,0.5086558292690463,-0.30438154231519277,0.14799280671488313,13.7487996636369,13.185021669545504,0.5038513304544949
2006-11-06,15.74115,-1.0887543967309756,0.5039569032696736,-0.3293822105960339,0.22111090017280705,13.751114867783082,13.058046063898553,2.683103936101446
2006-11-07,11.444183,-1.2611246542089811,0.5036667320886666,-0.3539737057505107,0.35521118102103977,13.753403164293628,12.997182717443843,-1.5529997174438428
2006-11-08,10.865814,-1.4329910295348705,0.5049218825715511,-0.3780510328520257,0.5203188920411393,13.755722198535834,12.969920910761628,-2.1041069107616277
2006-11-09,12.964386,-1.604318911348484,0.5032026720200131,-0.40159448985725493,0.6482391249253663,13.758064527710939,12.90359292345058,0.06079307654941957
2006-11-10,14.831696,-1.7751175817638034,0.49357264783692784,-0.42461200419583955,0.6496509245034369,13.760400713080491,12.703894699461213,2.1278013005387884
2006-11-11,12.804901,-1.9454397061806783,0.4726267987165816,-0.4471371992737495,0.4549761530757363,13.762679525729082,12.297705572066972,0.5071954279330271
2006-11-12,7.813019,-2.115128603578051,0.44075715545054456,-0.4690681868123697,0.05886785051415373,13.76495473586501,11.680382951439286,-3.8673639514392866
2006-11-13,10.003357,-2.284019688768792,0.4019779830308143,-0.4902993905033616,-0.4623499792136676,13.767284304492994,10.932593229037987,-0.9292362290379881
2006-11-14,13.859192,-2.4521190846947944,0.36140650829466336,-0.5108384165647882,-0.9735943096158053,13.76964085295752,10.194495550376796,3.6646964496232037
2006-11-15,9.195435,-2.6195089779929117,0.32470085936284465,-0.5307434021205374,-1.3260782510903637,13.771958920356354,9.620329148515385,-0.424894148515385
2006-11-16,9.610657,-2.7860390256919225,0.29807869655429664,-0.5499219301120433,-1.4119185618809507,13.77428962715505,9.32448880602443,0.2861681939755698
2006-11-17,7.2946167,-2.9517522679176724,0.2838778689130252,-0.5684073355416972,-1.218147638788819,13.776587424770536,9.322158051435373,-2.0275413514353735
2006-11-18,9.56366,-3.1165495894297655,0.28109677874439354,-0.586145244016497,-0.8309335978820566,13.778878132390828,9.526346479806904,0.03731352019309675
2006-11-19,9.209045,-3.280417809935778,0.2843996258363003,-0.6031399739217322,-0.401568155005302,13.781144738642194,9.780418425615682,-0.5713734256156826
2006-11-20,11.557343,-3.4433325760670987,0.2869239207416501,-0.6193887950116195,-0.074110654584705,13.783375828652284,9.93346772373051,1.623875276269489
2006-11-21,11.701111,-3.6053053945577105,0.2818077846395075,-0.6349110064321133,0.07982871630396624,13.78554207440081,9.906962174354462,1.7941488256455376
2006-11-22,12.07077,-3.766331426931715,0.2648530415652633,-0.6497121100748635,0.09531187721465564,13.787622416498138,9.731743798271477,2.3390262017285224
2006-11-23,8.73288,-3.9263711387310227,0.23489013847008938,-0.663779349798854,0.0908041829377071,13.789613549841244,9.525157382719163,-0.7922773827191634
2006-11-24,6.97229,-4.085255647763315,0.19362109990249496,-0.6770170672356952,0.2018203759521947,13.791577067046473,9.424745827902154,-2.4524558279021536
2006-11-25,5.8131104,-4.2428644932979065,0.14289519958692767,-0.6893587436823794,0.49706329456003817,13.793550337531125,9.501285594697805,-3.6881751946978047
2006-11-26,10.22348,-4.3991044995761674,0.08333237697952509,-0.7007552829073179,0.9276136214297395,13.795557192141924,9.706643408067704,0.5168365919322966
2006-11-27,13.256775,-4.554021865424502,0.01320434339046754,-0.7112509774569201,1.3333921078620525,13.797551918884485,9.878875527255582,3.377899472744417
2006-11-28,9.894104,-4.707669240852249,-0.06907888562353631,-0.7208949900732913,1.5156392673234471,13.799485832213527,9.817481982987896,0.07662201701210414
2006-11-29,10.821747,-4.859925036827132,-0.16198684622807605,-0.7296247179273048,1.33493111045057,13.80139769032677,9.384792199794827,1.4369548002051733
2006-11-30,6.572418,-5.010792896767791,-0.26118026929426313,-0.7374598783010875,0.7809501734905363,13.803263637683978,8.574780766811372,-2.0023627668113724
2006-12-01,6.644104,-5.1601242536881475,-0.35747335397404395,-0.744318530298284,-0.004876229803537344,13.805136155592516,7.538343787828503,-0.8942397878285036
2006-12-02,7.341461,-5.307896612196799,-0.4400357999320591,-0.7502004064020549,-0.7859946782751948,13.807004861939275,6.522877365133167,0.8185836348668332
2006-12-03,4.9880676,-5.4540570038589395,-0.4983966126994135,-0.7550907231644318,-1.3279221871361402,13.808874954946212,5.773408428087288,-0.7853408280872882
2006-12-04,4.321869,-5.598561531131808,-0.5249764047195471,-0.7589802590602017,-1.4983768796075885,13.810747315026113,5.429852240506968,-1.1079832405069672
2006-12-05,4.897461,-5.741362082111571,-0.5178251286421782,-0.7618569537776183,-1.3255891016355934,13.812625130655853,5.465991864488892,-0.568530864488892
2006-12-06,6.583008,-5.882461874469209,-0.4807772169828345,-0.7637462491501386,-0.9777847520180526,13.814486122055408,5.709716029435173,0.8732919705648277
2006-12-07,7.7382507,-6.02185537678576,-0.42120796119327775,-0.7646700793592773,-0.6714931608728616,13.81631272030798,5.9370861420968035,1.8011645579031965
2006-12-08,7.373169,-6.15950426862161,-0.3465668835404945,-0.7646261267144332,-0.5536680975175678,13.818103955822016,5.9937385794279106,1.3794304205720893
2006-12-09,4.9377747,-6.295363728911308,-0.26161598705924394,-0.7636074748125745,-0.6199464252119863,13.819862418885002,5.879328802889889,-0.9415541028898886
2006-12-10,6.471466,-6.429323206335187,-0.1674440369637289,-0.7615653289492298,-0.7146197668532813,13.821623847286606,5.748671508185179,0.7227944918148212
2006-12-11,5.2434387,-6.561380581918053,-0.06389624054419193,-0.7585233118003114,-0.6209490021638158,13.823369951968516,5.818620815542143,-0.5751821155421437
2006-12-12,4.5131836,-6.691483772932084,0.04892019848314701,-0.7544743641353622,-0.18998930618236137,13.825107779049288,6.238080534282628,-1.7248969342826284
2006-12-13,7.077606,-6.819575378838417,0.16760653376328574,-0.74940971064409,0.5497186647984353,13.826847448601775,6.975187557680989,0.10241844231901087
2006-12-14,8.698578,-6.945721820801198,0.28402971901836715,-0.7434032342081549,1.3693423233509652,13.828537376676687,7.792784364036666,0.9057936359633336
2006-12-15,8.527039,-7.069943787046304,0.3876954344957042,-0.7365010887128026,1.9295449578820354,13.830149000455467,8.3409445170741,0.1860944829259008
2006-12-16,9.428497,-7.192222713851025,0.46920390281309166,-0.72872174997419,1.9412564069906384,13.831673479272837,8.321189325251353,1.1073076747486468
2006-12-17,7.199005,-7.312540401559007,0.523278324422885,-0.7200839739457534,1.319887669760881,13.833102093076995,7.643643711756002,-0.444638711756002
2006-12-18,4.2931824,-7.430793918041463,0.5513447085326092,-0.710553260353735,0.257105484436214,13.83446894201868,6.501571956592304,-2.208389556592304
2006-12-19,3.6514893,-7.546906299895522,0.5602194179774086,-0.7001097431777399,-0.8404600215582625,13.835795437617854,5.308538790963738,-1.6570494909637374
2006-12-20,6.2904663,-7.660796977390163,0.5584882608158825,-0.6887308601428184,-1.5227361410384972,13.837105112363814,4.5233293946082185,1.7671369053917818
2006-12-21,6.6434326,-7.772476020631509,0.5519941299251003,-0.6764548961845247,-1.500723969748364,13.838376287339651,4.440715530700354,2.202717069299646
2006-12-22,4.5114136,-7.881893878915537,0.541842845151835,-0.6632846762860225,-0.7828357959295369,13.839617520818978,5.053446014839716,-0.5420324148397162
2006-12-23,5.902893,-7.989020915399841,0.5238408239487224,-0.6492365728736222,0.31904549236549395,13.840827774427769,6.045456602468522,-0.14256360246852218
2006-12-24,5.5274353,-8.09382110370884,0.4900578202354542,-0.6343226653485017,1.3217881921903658,13.842009460114651,6.925711703483128,-1.3982764034831288
2006-12-25,5.448181,-8.196292659442832,0.4336525895436621,-0.6185776698613814,1.7888521186869983,13.843148164898526,7.250782543824974,-1.8026015438249736
2006-12-26,8.1111145,-8.296379827736827,0.35266532390886945,-0.6020031552876599,1.5251928934781767,13.844256800293248,6.823732034655808,1.2873824653441917
2006-12-27,8.59137,-8.394186655499023,0.2511030171874013,-0.5847054555141624,0.6594086167860916,13.845268650029947,5.776888172990253,2.8144818270097467
2006-12-28,5.5095215,-8.489670814134753,0.1388090738082475,-0.5666931485439327,-0.4191243136370145,13.846190598397593,4.509511395890138,1.0000101041098617
2006-12-29,1.9867859,-8.582666130374092,0.02781164755217381,-0.5478895696570886,-1.2426142570212648,13.847091826744274,3.501733517244002,-1.514947617244002
2006-12-30,2.554596,-8.672991794854635,-0.07287801615911427,-0.5282080770818463,-1.479097011009951,13.848049167699017,3.09487426859347,-0.54027826859347
2006-12-31,2.9327698,-8.760703196172674,-0.16121535776005277,-0.5077223608615443,-1.0755344490466918,13.8490215977345,3.3438462338935366,-0.41107643389353665
2007-01-01,3.6915283,-8.845841371066268,-0.24088468685300837,-0.4865021049227186,-0.260572421048436,13.849975585511014,4.016175001620583,-0.3246467016205834
2007-01-02,6.520691,-8.928401767178684,-0.3182041381763533,-0.4645908619069303,0.5786800034633635,13.85090085530931,4.718384091510705,1.802306908489295
2007-01-03,5.0028076,-9.00844720078064,-0.398213508898281,-0.44207701862949556,1.081537422146678,13.85175387565172,5.084553569489982,-0.08174596948998225
2007-01-04,3.2844849,-9.085908241147578,-0.4800750397946953,-0.4189604536431336,1.0748417546881783,13.852557718888518,4.942455738991288,-1.6579708389912886
2007-01-05,3.9580078,-9.160689795145274,-0.557164985460576,-0.39522189444558586,0.6278636560797839,13.853348677672361,4.3681356587007105,-0.41012785870071067
2007-01-06,3.219818,-9.23284883415368,-0.6201694251322281,-0.37093920748398584,-0.010573182524402452,13.85408718389689,3.6195565346025944,-0.39973853460259434
2007-01-07,2.8319397,-9.302293390420964,-0.6602798714204882,-0.3460917229148194,-0.5473357265554779,13.854808553034053,2.9988078417223036,-0.1668681417223037
2007-01-08,3.05365,-9.368994732718875,-0.673649757293958,-0.32069867823875015,-0.7872467312096739,13.855516849530767,2.7049269500695097,0.3487230499304905
2007-01-09,3.4007874,-9.432889630114865,-0.66290187186653,-0.2947578601869337,-0.708824764535412,13.85623374120652,2.756859614502778,0.6439277854972221
2007-01-10,3.870575,-9.49397750332366,-0.6357167921410176,-0.26830995803161145,-0.44529536280883464,13.856949964166677,3.013650347861553,0.856924652138447
2007-01-11,3.7836914,-9.552276893825532,-0.6009992671021499,-0.24140918455771207,-0.19103807656422175,13.857647147430018,3.271923725380402,0.5117676746195978
2007-01-12,2.3400269,-9.607704187776854,-0.5646063893621139,-0.21404196188580166,-0.08878670561596785,13.85835846928306,3.383219224642323,-1.0431923246423231
2007-01-13,3.073822,-9.66025168080879,-0.5272310697881907,-0.18624467819024243,-0.15775891091537117,13.85907960633986,3.327593266637267,-0.25377126663726735
2007-01-14,2.0903625,-9.709962519002048,-0.48536461737380604,-0.1580885345796433,-0.29701601216669044,13.85978125086152,3.2093495677393324,-1.1189870677393325
2007-01-15,3.5720825,-9.756711356009372,-0.43336826685404534,-0.12953887904507694,-0.3525957123587485,13.860518922897228,3.1883047086299836,0.38377779137001644
2007-01-16,4.9914856,-9.800529075420371,-0.36842313208736543,-0.10066293741432486,-0.21706897156975036,13.861270238648387,3.3745861221565754,1.6168994778434245
2007-01-17,4.9437866,-9.841442456390723,-0.29253154665358666,-0.0715243050620681,0.10169166671730147,13.862015243589084,3.758208602200007,1.1855779977999932
2007-01-18,4.1632385,-9.879513962973437,-0.21234083056642045,-0.042213627932727135,0.4754302850732103,13.862716699560922,4.2040785631615485,-0.0408400631615482
2007-01-19,3.8668823,-9.91473729263004,-0.13637138766104387,-0.012776561268835515,0.7186161593290156,13.863372181891222,4.518103099660319,-0.6512207996603192
2007-01-20,2.9756165,-9.947095174121616,-0.07130002010392589,0.016753871449474843,0.6877057064702645,13.863985051774897,4.550049435469095,-1.574432935469095
2007-01-21,4.700012,-9.97651652439591,-0.018564279143087822,0.04638080955005184,0.36616205447250283,13.864586010165132,4.2820480706486865,0.41796392935131355
2007-01-22,2.9123535,-10.003104540051933,0.025674683296419292,0.07599339528271704,-0.11468843337129839,13.865118991072388,3.8489940962282922,-0.9366405962282922
2007-01-23,4.3620605,-10.026818957568825,0.06979484036184928,0.10557360289137788,-0.5282361974673773,13.865600288489038,3.4859135767060625,0.8761469232939376
2007-01-24,3.3692017,-10.04769661732253,0.1214330726412269,0.13505870715877227,-0.6675382105612471,13.866007936495718,3.407264888411939,-0.03806318841193912
2007-01-25,3.1835632,-10.06567253508488,0.18451512188133182,0.16445398198880348,-0.45438001168234876,13.866371187116716,3.6952877442196215,-0.5117245442196214
2007-01-26,4.6473083,-10.080733678760868,0.2566918035062095,0.19372803033587657,0.006096078372897107,13.866693645320238,4.242475878774352,0.404832421225648
2007-01-27,5.057007,-10.092894345582346,0.33049757410621977,0.22283341991064698,0.46434492925399395,13.86696552695814,4.791747104646653,0.2652598953533465
2007-01-28,5.0109863,-10.10215888800224,0.39745394077992385,0.2517283250957957,0.645135962076258,13.867182573880322,5.05934191383006,-0.048355613830060484
2007-01-29,2.7557983,-10.108496754393467,0.4522489897389365,0.28039650813573935,0.38763275170352446,13.867358502067866,4.879139997252599,-2.123341697252599
2007-01-30,5.1608276,-10.111816088840449,0.4955924356290206,0.308864098576338,-0.2615830283524967,13.867538191203977,4.29859560821639,0.8622319917836103
2007-01-31,6.1568604,-10.112124694280578,0.5326815479849653,0.33708987379533434,-1.056940867894924,13.867717069426952,3.568422929031751,2.588437470968249
2007-02-01,3.1019592,-10.109494335658255,0.5712421888081443,0.3649924875222706,-1.6545525205971872,13.867858824944218,3.0400466450191903,0.06191255498080972
2007-02-02,1.7819519,-10.10386655431872,0.6180449595706025,0.3925779869641547,-1.7676179272834276,13.867992665291363,3.0071311302239696,-1.2251792302239697
2007-02-03,4.059845,-10.09519644196056,0.67429828763077,0.419841951346907,-1.3050597523557184,13.868141556776822,3.5620256014382186,0.4978193985617816
2007-02-04,4.002533,-10.08360323534085,0.7340689635979171,0.44666785779389495,-0.4168805984541269,13.868246883568839,4.548499871165674,-0.5459668711656747
2007-02-05,6.0450134,-10.069155048674675,0.787498790159334,0.4729721407366918,0.5804112262972563,13.868276057421939,5.640003165940547,0.40501023405945347
2007-02-06,7.2818604,-10.05186672392162,0.8244391480008564,0.4987123525061475,1.3519097924700203,13.86822352524373,6.491418094299134,0.790442305700866
2007-02-07,5.4527283,-10.03177506079308,0.8389197391407864,0.523837164080704,1.6956220102663928,13.868073042614812,6.894676895309615,-1.441948595309615
2007-02-08,5.9973755,-10.00878012048176,0.8318923310520014,0.5483857621656492,1.6176486232004292,13.867877141748954,6.8570237376852745,-0.8596482376852741
2007-02-09,8.192444,-9.98291585037154,0.8092596566387233,0.5723090006514591,1.2925043928632285,13.867621730482503,6.5587789302643715,1.6336650697356285
2007-02-10,6.843567,-9.954274435921583,0.7791697308837516,0.5955205225746475,0.9459022551738409,13.867264070567444,6.2335821432781,0.6099848567219004
2007-02-11,4.1462097,-9.922800384773826,0.7494734242733982,0.6180352087652318,0.7280941130944142,13.866835801743017,6.039638163102236,-1.8934284631022358
2007-02-12,4.8659363,-9.888379770296964,0.724363601005042,0.6399083166474899,0.6414434867607184,13.866398085745532,5.983733719861818,-1.1177974198618177
2007-02-13,6.3801575,-9.851109074874335,0.7025502921905096,0.661060554308528,0.5630775069979028,13.865907074105442,5.941486352728047,0.4386711472719531
2007-02-14,8.414337,-9.811038721077313,0.6797351056140728,0.681441417487972,0.350181842606171,13.865342390932277,5.76566203556318,2.64867496443682
2007-02-15,3.943634,-9.768136788982542,0.6517694292841086,0.7010533008505464,-0.04502721013321673,13.86472528917246,5.404384020191356,-1.4607500201913566
2007-02-16,4.472473,-9.722235330696687,0.618184728201854,0.7199876662847811,-0.5213287719960067,13.864145505866967,4.958753797660908,-0.4862807976609078
2007-02-17,5.2637634,-9.673449377325522,0.580599437406196,0.7381535538207372,-0.88293847241311,13.86355153968845,4.625916681176751,0.6378467188232495
2007-02-18,4.2734375,-9.621877641429442,0.542627340731052,0.7554731414020985,-0.9561325538381453,13.8629005877452,4.582990874610763,-0.30955337461076304
2007-02-19,5.379608,-9.567475775226267,0.5079520177931941,0.7719655476313636,-0.7079443969573374,13.862221775188234,4.866719168429187,0.5128888315708133
2007-02-20,4.20166,-9.510259695517462,0.4773117023649569,0.7876126475356351,-0.2935161833272216,13.86151443205392,5.322662903109828,-1.1210029031098276
2007-02-21,5.7259827,-9.45019777035106,0.4485144153243775,0.8024285177241857,0.011115287245239178,13.860802061027876,5.672662510970618,0.053320189029382625
2007-02-22,8.393585,-9.38731390083738,0.41673102606668455,0.8163930220953901,-0.045993493800285806,13.860080841618954,5.659897495143364,2.7336875048566363
2007-02-23,6.819153,-9.321651487308593,0.3772066532013045,0.8294733662023924,-0.539478317840703,13.85933765188131,5.204887866135712,1.6142651338642882
2007-02-24,2.5852356,-9.253211977076909,0.328582426082384,0.8416663694414689,-1.2930511078538625,13.858580733780776,4.482566444373859,-1.897330844373859
2007-02-25,1.3511658,-9.181990656009825,0.2735039710465746,0.8529749315754974,-1.9389431541631863,13.857821876983998,3.8633669694330592,-2.5122011694330593
2007-02-26,3.0637817,-9.107911079506765,0.21659446422336015,0.8634477192465508,-2.0855916437372484,13.8571092221343,3.743648682360197,-0.6798669823601973
2007-02-27,6.8529053,-9.030980254151647,0.16159346867833638,0.8730774436816733,-1.5066889000710024,13.856449667021352,4.3534514251587115,2.4994538748412882
2007-02-28,5.1714478,-8.951426834358,0.108717998635637,0.88171160549484,-0.25892511843907573,13.855739580738076,5.635817232071478,-0.46436943207147774
2007-03-01,6.146332,-8.869229853389239,0.055124806271971416,0.889361562030438,1.3312274715781822,13.855000626842362,7.261484613333714,-1.1151526133337137
2007-03-02,7.5897217,-8.78438824403075,-0.006155702631258378,0.8960290609607785,2.7908622279687654,13.85424492578221,8.750592268049747,-1.1608705680497469
2007-03-03,9.080566,-8.696981441511616,-0.08385477506205266,0.9016640068806605,3.6873146128545318,13.853444705492906,9.66158710865443,-0.581021108654431
2007-03-04,11.427582,-8.607099088479025,-0.18506837865935669,0.9062147675194515,3.7897561008337624,13.852567304627785,9.756370705842617,1.6712112941573825
2007-03-05,13.170044,-8.514830955449034,-0.3124546837335146,0.9096356692681573,3.1378277136241635,13.851580262389781,9.071758006099554,4.098285993900447
2007-03-06,6.924103,-8.420231690877442,-0.46268989178130604,0.9119074031717983,1.9984848219514781,13.850469085644875,7.8779397281094035,-0.9538367281094038
2007-03-07,3.4752502,-8.323114101042254,-0.6259729565084924,0.9131688173268488,0.743526134391067,13.849340748747656,6.556948642914825,-3.0816984429148246
2007-03-08,3.8372498,-8.22344980647976,-0.7908219416634527,0.9134596458859254,-0.3030448346582241,13.848223054518973,5.4443661176034635,-1.6071163176034635
2007-03-09,5.0779114,-8.121212986125617,-0.9470470652753029,0.912818401666162,-0.9673512780393776,13.847142790532631,4.724349862758496,0.35356153724150374
2007-03-10,7.4380493,-8.01650180410641,-1.0874416903685757,0.9112008066135154,-1.247717899723746,13.846065042458303,4.405604454873085,3.032444845126915
2007-03-11,4.6817017,-7.9093885618340725,-1.207760420050779,0.9085858624662402,-1.2668969232981013,13.844968192049922,4.36950814933321,0.3121935506667892
2007-03-12,3.4535217,-7.7997907547581615,-1.3046384071494246,0.9050526293239904,-1.1895112733672863,13.843908585777648,4.455020779826766,-1.001499079826766
2007-03-13,4.388092,-7.687640318083176,-1.375419779560734,0.900666520610925,-1.1547330563816283,13.842935885679061,4.525809252264448,-0.13771725226444786
2007-03-14,4.4677734,-7.573166114564199,-1.4176262399468296,0.8953043058156445,-1.237214598195373,13.841951446322135,4.509248799431379,-0.04147539943137968
2007-03-15,5.7783203,-7.456362692070729,-1.427339152060251,0.8890017120530734,-1.4367837752706871,13.840974187923717,4.409490280575122,1.3688300194248777
2007-03-16,4.545044,-7.337201291209938,-1.4003637669408644,0.8818136715681155,-1.6959655041657673,13.840035206203144,4.2883183154546884,0.2567256845453114
2007-03-17,2.6236572,-7.215607019221643,-1.3330166780962494,0.8738220344391784,-1.9262121415816822,13.839189116873202,4.238175312412805,-1.6145181124128052
2007-03-18,3.627716,-7.091591069776165,-1.2240036888465329,0.8650491432706848,-2.0386093843310142,13.83844777443076,4.349292774747733,-0.7215767747477329
2007-03-19,4.4389343,-6.965214410913353,-1.0756511842564103,0.855481030206027,-1.968939646821605,13.837798524110342,4.683474312325002,-0.2445400123250021
2007-03-20,4.8973694,-6.836616580782783,-0.8933086067139164,0.8450554427778285,-1.6887498331240909,13.83718965359846,5.2635700757554975,-0.36620067575549786
2007-03-21,5.215973,-6.705842727141169,-0.6842759091971068,0.8337761019732839,-1.2063317768217006,13.836617177087398,6.073942865900705,-0.8579698659007047
2007-03-22,7.234619,-6.572951322375198,-0.45736262699496344,0.8216358958664971,-0.5603257894487889,13.836070846547935,7.067067003595482,0.16755199640451846
2007-03-23,8.358124,-6.438028308584322,-0.22266592079754752,0.8086068262756037,0.19246365003365312,13.835527102169866,8.175903349097254,0.18222065090274597
2007-03-24,11.969818,-6.301085472463555,0.009294325015677112,0.7947120197760458,0.9912077193385535,13.834999848036116,9.329128439702838,2.6406895602971616
2007-03-25,12.457977,-6.162274403657475,0.22702092117479927,0.7798894976708584,1.7730112969935208,13.834433276042992,10.452080588224696,2.0058964117753035
2007-03-26,9.810486,-6.021698822164494,0.4195212892924138,0.7641114199366927,2.468841447841325,13.83379577932154,11.464571114227478,-1.6540851142274793
2007-03-27,11.016296,-5.879265375107167,0.5773266948242542,0.7474792760858271,2.9926927561465226,13.833154524588895,12.271387876538332,-1.2550918765383319
2007-03-28,11.732422,-5.7350411179239895,0.6921536095614458,0.7299930772161952,3.2365968956537836,13.832496629987185,12.75619909449462,-1.023777094494621
2007-03-29,14.037872,-5.589111057778576,0.7589805345974813,0.7116392110944484,3.094372724446352,13.831800504835828,12.807681917195534,1.2301900828044658
2007-03-30,10.073944,-5.441671209352834,0.7767069382537665,0.6923345535820072,2.5036917268179546,13.830989274180384,12.362051283481279,-2.2881072834812795
2007-03-31,10.830536,-5.292642819525163,0.7499679702914862,0.6721815443626258,1.495923703759486,13.830123736227275,11.45555413511571,-0.6250181351157096
2007-04-01,15.094727,-5.142108613145101,0.6860807862371692,0.6511803956805249,0.21274525170277486,13.829184056493624,10.237081876968992,4.857645123031009
2007-04-02,11.500702,-4.990206600040444,0.5940300264147298,0.6292950413664711,-1.110062035350245,13.828122947903033,8.951179380293546,2.5495226197064547
2007-04-03,5.1804504,-4.836810910135865,0.4849169310512812,0.6066624997343505,-2.1963236979706466,13.827025460942385,7.885470283621506,-2.705019883621506
2007-04-04,3.514679,-4.681754509274894,0.3690871812742803,0.5834513452587364,-2.8167840097557306,13.825997431448881,7.279997438951273,-3.7653184389512733
2007-04-05,6.6682434,-4.524981292305581,0.25324249540392557,0.5597535434035321,-2.865730224766607,13.82508933822361,7.247373859958879,-0.5791304599588791
2007-04-06,8.280457,-4.366713384668818,0.1396968191198582,0.5354762177712029,-2.3867474297720612,13.824212770759047,7.745924993209228,0.534532006790772
2007-04-07,10.829132,-4.207014880997919,0.028485737185462587,0.5106294138978049,-1.539783924669503,13.823358768121585,8.61567511353743,2.21345688646257
2007-04-08,11.038086,-4.046037086992486,-0.08238292100690747,0.4851689542192253,-0.5421648955413693,13.82247496434852,9.637059015026983,1.4010269849730168
2007-04-09,8.848877,-3.8837783527817944,-0.1949760464816419,0.4591521053534051,0.3941116002512207,13.821585779323115,10.596095085664304,-1.7472180856643043
2007-04-10,10.826538,-3.7202585740183967,-0.3105840086161704,0.43262117426836055,1.0996132810387251,13.820704996445281,11.3220968691178,-0.4955588691178008
2007-04-11,9.531799,-3.5555776659482876,-0.42944049368224896,0.40556830559254564,1.4586385980205034,13.819806552741294,11.698995296723806,-2.167196296723807
2007-04-12,9.931519,-3.3897319869528255,-0.5484135027531386,0.37805434351939826,1.4170949313873482,13.818916429118637,11.675920214319419,-1.744401214319419
2007-04-13,14.394592,-3.222679693962948,-0.6615128236099312,0.350162319075509,0.9883595534287213,13.818079977708795,11.272409332640146,3.122182667359853
2007-04-14,14.040222,-3.054609650945767,-0.7610674061016193,0.32182541255783265,0.26737667976154766,13.817227220183371,10.590752255455365,3.4494697445446345
2007-04-15,12.095642,-2.885671430095628,-0.8373183276479828,0.2930030859301963,-0.5578847669350601,13.816307985930138,9.828436547181663,2.2672054528183363
2007-04-16,8.378021,-2.715867537574711,-0.8806647362453802,0.2637563194084197,-1.2351436847000585,13.815345818279644,9.247426179167913,-0.8694051791679129
2007-04-17,7.186371,-2.5451071192423296,-0.8839381703539368,0.2342128244084396,-1.5201075706602685,13.814411150899527,9.099471115051433,-1.9131001150514324
2007-04-18,5.979767,-2.3733485496791205,-0.8448669970054159,0.2044700665462914,-1.275764220867174,13.8135499022005,9.52404020119508,-3.5442732011950797
2007-04-19,7.8890076,-2.2005652769495216,-0.7660202250768442,0.17460893933147342,-0.5480437554537465,13.812800703687227,10.472780385538588,-2.5837727855385877
2007-04-20,12.809784,-2.026883775187323,-0.6543786016003769,0.14460310668833706,0.4224906992734377,13.812125794737037,11.69795722391111,1.1118267760888898
2007-04-21,16.324707,-1.8525259180673193,-0.5190893243642404,0.11436272020813124,1.278559617858052,13.811439787241563,12.832746882876187,3.4919601171238135
2007-04-22,16.996979,-1.677706320451674,-0.3682995741329095,0.08380849884847517,1.6897096542178964,13.81066096923484,13.538173227716628,3.4588057722833714
2007-04-23,12.26358,-1.5024410000779258,-0.2071183785283802,0.05299566312381416,1.4950170054693335,13.809807130451638,13.64826042043848,-1.38468042043848
2007-04-24,11.612396,-1.3265974325966705,-0.03728466654218065,0.02207958692285306,0.775887530088907,13.808970433552624,13.243055451425533,-1.630659451425533
2007-04-25,10.891907,-1.1501724809307228,0.13989212060801642,-0.008870232375868337,-0.18462888400126332,13.808178423211869,12.604398946512031,-1.7124919465120314
2007-04-26,12.492035,-0.9732778593263074,0.32260934217086623,-0.03985721575919073,-1.0261982823040963,13.807401322132534,12.090677306913806,0.40135769308619373
2007-04-27,11.318939,-0.7960104440665399,0.5074006058105559,-0.07087558108156618,-1.4677529296207839,13.806616894097987,11.979378545139653,-0.6604395451396528
2007-04-28,11.902008,-0.6184027162147901,0.6898663905761682,-0.10187985465409335,-1.41528555601441,13.805835210716152,12.360133474409027,-0.4581254744090266
2007-04-29,13.051544,-0.44047178133567566,0.8647231118338181,-0.1328152567173702,-0.9788705811263108,13.805074130434088,13.11763962308855,-0.06609562308855033
2007-04-30,16.404602,-0.26231585998836016,1.0268985370822417,-0.1636802269466837,-0.39106222899807913,13.804310893601075,14.014151114750193,2.390450885249807
2007-05-01,14.224457,-0.08403143726081563,1.1723593140072373,-0.19447206240301734,0.12215210323727678,13.803523641393141,14.819531558973823,-0.595074558973824
2007-05-02,15.7708435,0.09449799546579986,1.2993815499725059,-0.22505069791205107,0.4498684457648278,13.80279715175569,15.421494445046774,0.3493490549532261
2007-05-03,14.819641,0.2730580870879177,1.4054339838322374,-0.2554885251234476,0.6178588754575353,13.802050577940841,15.842912999195084,-1.0232719991950834
2007-05-04,18.090698,0.4516059706067036,1.4877246579604204,-0.28574627839469435,0.7373570378078351,13.801289043540613,16.192230431520876,1.8984675684791235
2007-05-05,18.53711,0.6300393022758645,1.5415511898653032,-0.3158245778335614,0.9044634087034161,13.800487952373917,16.56071727538494,1.97639272461506
2007-05-06,14.6188965,0.808354300875209,1.5622302825883023,-0.34566025749172496,1.1254634115777387,13.799672058239464,16.950059795788988,-2.331163295788988
2007-05-07,15.273865,0.9866035927414314,1.54679275948299,-0.37515387535480604,1.3034769572575324,13.798894346854391,17.26061378098154,-1.9867487809815394
2007-05-08,17.465332,1.1646857324245636,1.4941210536550777,-0.40430913669202717,1.2913729085192802,13.798130684687422,17.344001242594317,0.12133075740568344
2007-05-09,19.290314,1.3425038970468748,1.4069204045255017,-0.4331253506847458,0.9895370528187302,13.797359209745732,17.103195213452093,2.187118786547906
2007-05-10,15.593475,1.5199145008160793,1.2919962677617316,-0.46162759239820517,0.4223514562882844,13.796534521218263,16.569169153686154,-0.9756941536861543
2007-05-11,14.082916,1.6970007155535904,1.159779682434805,-0.48969517787292366,-0.2528337348071863,13.795724701346488,15.909976186654774,-1.8270601866547729
2007-05-12,15.92807,1.8736625238189788,1.0199369284542015,-0.5173324396947567,-0.8207026616306691,13.794906235025927,15.350470585973682,0.5775994140263183
2007-05-13,16.776001,2.0497160000763657,0.8789509572470171,-0.5445999386804128,-1.1146782766909138,13.794013471106975,15.063402213059032,1.7125987869409691
2007-05-14,14.892426,2.2250766782912534,0.7401220581243895,-0.5714894354763219,-1.0957431098471544,13.793030383686496,15.090996574778663,-0.19857057477866213
2007-05-15,14.301544,2.3997841554354267,0.6046677160719557,-0.5979098888308595,-0.8634130965723076,13.792002911222207,15.335131797326422,-1.0335877973264225
2007-05-16,16.484009,2.573854746680775,0.4727582595358779,-0.6237858476425349,-0.5954288814037111,13.790965147447812,15.61836342461822,0.8656455753817802
2007-05-17,13.590881,2.7472157966357886,0.34512626996245677,-0.6491004068556265,-0.44578775904012574,13.78990661067609,15.787360511378584,-2.196479511378584
2007-05-18,18.48938,2.9199005383853907,0.2253833324450586,-0.6737683453635481,-0.45433343071609855,13.788869727818012,15.806051822568815,2.6833281774311857
2007-05-19,15.674255,3.091710884725475,0.11707069704044065,-0.697855362208827,-0.5316302183806908,13.787781126335647,15.767077127512044,-0.09282212751204355
2007-05-20,14.753326,3.2627255284990553,0.024459429405925756,-0.7212478563230651,-0.5065870112089154,13.786705908564633,15.846055998937633,-1.0927299989376333
2007-05-21,15.768555,3.432976126302707,-0.051668523219574505,-0.7438655797952394,-0.23475063497259513,13.785685536626358,16.188376924941657,-0.41982192494165815
2007-05-22,16.705292,3.6023473350308803,-0.1155311551134161,-0.7657248465400396,0.306996012140682,13.784687687127958,16.812775032646066,-0.10748303264606562
2007-05-23,19.191467,3.77076040918973,-0.1749752746008428,-0.7868203490311358,0.9886553330121686,13.783698226073156,17.581318344643076,1.610148655356923
2007-05-24,19.33603,3.938134766714729,-0.23902628266515746,-0.8071476608037123,1.5725995747665722,13.782701961594855,18.247262359607287,1.0887676403927138
2007-05-25,16.95813,4.104422343222376,-0.31387446236838223,-0.8266790735534015,1.818280301608578,13.781699837173484,18.563848946082654,-1.6057189460826535
2007-05-26,19.477325,4.269612861867236,-0.40020721257810293,-0.8453630707235555,1.5918904293998726,13.780711603561462,18.396644611526913,1.0806803884730876
2007-05-27,19.037628,4.43358800323562,-0.4936605575794523,-0.8632191945821699,0.9281277076094072,13.77970276291704,17.784538721600445,1.2530892783995569
2007-05-28,13.425598,4.596307503882029,-0.5848687662549902,-0.8802134380333293,0.025769819931116572,13.778677694030767,16.935672813555595,-3.510074813555594
2007-05-29,15.488739,4.7579041208471455,-0.662287100651876,-0.8961983392526058,-0.8303467210129621,13.777727176009568,16.14679913593927,-0.6580601359392677
2007-05-30,16.628235,4.9182736720798825,-0.7181973443140881,-0.9111860423925827,-1.3884377451822678,13.776823366391357,15.6772759065823,0.9509590934176995
2007-05-31,15.591614,5.0772571265274244,-0.7493862512927324,-0.925230355866075,-1.51825931797401,13.775910870416068,15.660292071810675,-0.06867807181067498
2007-06-01,16.14853,5.234853472895041,-0.7565588238571493,-0.93828459788073,-1.2460150810179165,13.775013168802067,16.06900813894131,0.07952186105869075
2007-06-02,17.36499,5.390985207315911,-0.7435843465759949,-0.9503543320460272,-0.7286768141906527,13.774115201646852,16.74248491615009,0.6225050838499087
2007-06-03,17.252533,5.545617467235895,-0.714802560035455,-0.9614197592042497,-0.17820661104347363,13.773223116903685,17.464411653856402,-0.21187865385640237
2007-06-04,18.142517,5.698660616159398,-0.672917888331326,-0.9714954386245302,0.22553122005392323,13.77231540662414,18.052093915881606,0.09042308411839528
2007-06-05,18.205292,5.849995173477822,-0.6186511844956996,-0.9806180914251567,0.39363792461163966,13.771355451800797,18.4157192739694,-0.21042727396940109
2007-06-06,19.131897,5.999626066216616,-0.5512655186508918,-0.9887454111410914,0.3405755133641789,13.770368682913315,18.570559332702125,0.5613376672978738
2007-06-07,19.351624,6.147506502395197,-0.4708810137923707,-0.9958671746298782,0.1497283479461181,13.769354327784603,18.59984098970367,0.7517830102963323
2007-06-08,18.885468,6.293621756896809,-0.3795710320828735,-1.0019520686512051,-0.07942969713543924,13.768327422258514,18.600996381285803,0.28447161871419624
2007-06-09,18.238556,6.437936246255974,-0.2816350449292546,-1.0069824407516677,-0.2762014659181605,13.767292279851143,18.640409574508034,-0.40185357450803494
2007-06-10,16.977661,6.580411823352551,-0.18236943439214023,-1.0109418191545452,-0.4140147772315435,13.766251574347828,18.73933736692215,-1.7616763669221491
2007-06-11,18.191711,6.721095094464241,-0.0858608879744742,-1.013762455394312,-0.4944552196570976,13.765250143030103,18.89226667446846,-0.7005556744684576
2007-06-12,20.695557,6.859875210515889,0.005834130779833182,-1.0154829030965986,-0.5194284959388887,13.764253869752546,19.09505181201278,1.6005051879872205
2007-06-13,21.185272,6.996664911150031,0.09352028188644396,-1.0161256667623377,-0.46883963766492465,13.763240129100632,19.368460017709843,1.816811982290158
2007-06-14,18.614899,7.131344244711405,0.18006511464981395,-1.0157367154106365,-0.3041333606411767,13.762169639599954,19.75370892290936,-1.1388099229093598
2007-06-15,20.736908,7.264026347680626,0.2686178872313386,-1.014208990623616,0.0014192876580114144,13.761119364430124,20.280973896376484,0.45593410362351605
2007-06-16,20.675507,7.394602613989791,0.35861184145511277,-1.0115785541311373,0.42002644698734765,13.76005491383889,20.921717262140003,-0.24621026214000352
2007-06-17,20.522766,7.523020080876005,0.44630831753661565,-1.0078506216166598,0.8563466084826739,13.758969527762757,21.576793913041392,-1.0540279130413914
2007-06-18,20.778107,7.64928605068801,0.5256011900082883,-1.0029951652192275,1.167996203787255,13.757886401824269,22.097774681088595,-1.3196676810885961
2007-06-19,22.477325,7.773345487834083,0.5900170531171726,-0.9970229356092584,1.219330639983359,13.756797274986498,22.342467520311857,0.13485747968814366
2007-06-20,22.55783,7.895120008479609,0.6350851190693235,-0.9899617993390817,0.9459067149277095,13.755681881230624,22.241831924368185,0.31599807563181415
2007-06-21,23.017487,8.014583683361694,0.6602894045736342,-0.9818083762282752,0.39906621158723193,13.754545838288646,21.84667676158293,1.1708102384170687
2007-06-22,20.958954,8.131701296026382,0.668330299590021,-0.9725658322850632,-0.25920019403683464,13.753389732348744,21.321655301643247,-0.36270130164324854
2007-06-23,22.198639,8.246478209301783,0.6634770691840067,-0.9622126102328787,-0.8102499903448049,13.752234144117464,20.88972682202557,1.308912177974431
2007-06-24,19.949554,8.358826724201627,0.6477865446966196,-0.950789247710028,-1.0657942258243525,13.751052640021626,20.741082435385493,-0.7915284353854943
2007-06-25,20.260254,8.468782367042863,0.6204640054605567,-0.9382588929537263,-0.9390931336791806,13.749880142761986,20.9617744886325,-0.7015204886325002
2007-06-26,21.184326,8.576311038706047,0.5765115841966567,-0.9246322907467077,-0.4809887120615276,13.748716453532994,21.495918073627465,-0.311592073627466
2007-06-27,22.61258,8.681336564893696,0.5088035814538839,-0.9099515130412936,0.14459720441685936,13.74754013606838,22.172325973791526,0.44025402620847487
2007-06-28,23.968353,8.783760763720764,0.4111661368419859,-0.8942751640666269,0.7285874990760748,13.746318238716265,22.775557474288462,1.1927955257115386
2007-06-29,24.584045,8.883564183236551,0.28149041735806957,-0.8776109821354299,1.0966048774868578,13.745056720354208,23.129105216300257,1.4549397836997429
2007-06-30,22.66034,8.980724942456707,0.1231137221498153,-0.8599662626212863,1.1652451067648923,13.743759920546859,23.152877429296986,-0.4925374292969842
2007-07-01,21.1586,9.075254718728296,-0.05568353188163047,-0.8413273038092819,0.9551534955487019,13.742448585342895,22.87584596392898,-1.7172459639289812
2007-07-02,21.166534,9.167157782071744,-0.24469361896175423,-0.8216869262813831,0.5613201355187138,13.741139308424456,22.403236680771776,-1.2367026807717778
2007-07-03,22.434113,9.25642192053867,-0.43489303623395825,-0.80105027492777,0.10580979678587746,13.739840107092641,21.86612851325546,0.5679844867445389
2007-07-04,19.923645,9.342984962554084,-0.6205518071638972,-0.7794559246159622,-0.302959306961081,13.738533632099072,21.378551555912217,-1.454906555912217
2007-07-05,22.64685,9.426909364395208,-0.7988212994468339,-0.7568624766606501,-0.5889777167460551,13.737264468940195,21.019512340481864,1.6273376595181368
2007-07-06,22.804047,9.50807762042579,-0.9703812831780951,-0.7333458047075851,-0.7159643545724735,13.735986722566926,20.824372900534563,1.9796740994654378
2007-07-07,20.039307,9.586516263420865,-1.1359178512072974,-0.7088897250402565,-0.6768448858234557,13.734726210075598,20.799590011425455,-0.7602830114254537
2007-07-08,20.650879,9.66228270944879,-1.2945545004367724,-0.6834602841936632,-0.49077600478293965,13.733523799832538,20.927015719867953,-0.27613671986795296
2007-07-09,20.226013,9.735310151453834,-1.4443800383719105,-0.6571064809618501,-0.2092520366725497,13.732357768483077,21.1569293639306,-0.9309163639306028
2007-07-10,20.467072,9.805559205464302,-1.5821545338125673,-0.6298640982205033,0.08567596458313315,13.731219891146095,21.410436429160463,-0.9433644291604608
2007-07-11,21.41336,9.87301370671306,-1.7048235507969143,-0.6017568932515052,0.2923647951873587,13.73011318864136,21.58891124649336,-0.17555124649335951
2007-07-12,22.763672,9.93763762664111,-1.8105867762945653,-0.5728246029125723,0.3178155081717984,13.729030322329212,21.601072077934983,1.1625999220650165
2007-07-13,22.18863,9.999394542818518,-1.8989361299431988,-0.5431074753493288,0.1146744923774344,13.727963328019614,21.39998875792304,0.7886412420769595
2007-07-14,19.731506,10.058319497967439,-1.9694804773898238,-0.5125969983117947,-0.28999463026226524,13.726939591356498,21.01318698336005,-1.2816809833600509
2007-07-15,22.094482,10.114490789937822,-2.0210382568005603,-0.48125941598653454,-0.7933305056246813,13.726007809191469,20.544870420717515,1.5496115792824838
2007-07-16,21.541473,10.167829979562491,-2.0521627210895943,-0.44916982051403065,-1.2476442742766518,13.725137917266236,20.143991080948453,1.3974819190515468
2007-07-17,18.742188,10.218289620127539,-2.059697169785302,-0.4163857915907534,-1.5026183239219912,13.72431501724987,19.963903352079363,-1.2217153520793644
2007-07-18,19.074493,10.26590209264561,-2.0397837758456148,-0.3829127462919787,-1.454963276209038,13.723563784678635,20.111806078977615,-1.0373130789776148
2007-07-19,20.429993,10.310616741340482,-1.9905250776902532,-0.34881017421865823,-1.085513681424565,13.722866857543849,20.608634665550852,-0.17864166555085248
2007-07-20,21.735077,10.352354925642434,-1.9128094376370304,-0.3141576196569312,-0.46387484123164124,13.722192460675718,21.383705487792547,0.35137151220745366
2007-07-21,22.842041,10.391100418067511,-1.8101537523345532,-0.27899594807168426,0.273512872261593,13.721539632648634,22.2970032225715,0.5450377774284973
2007-07-22,23.715393,10.426767746069594,-1.6878698351749895,-0.2434113482443852,0.9600130957380495,13.720872316873445,23.176371975261716,0.5390210247382825
2007-07-23,22.85492,10.459367403159973,-1.5510009313885151,-0.2074304269818782,1.4397881455068084,13.7202021289285,23.860926319224887,-1.0060063192248876
2007-07-24,22.908905,10.488936451617832,-1.4025432898519534,-0.17106468592261664,1.6035163562413965,13.719553537207712,24.23839836929237,-1.3294933692923685
2007-07-25,23.31424,10.515463996231901,-1.2429867173945,-0.1343564318477919,1.4130069772461016,13.718926519312117,24.270054343547827,-0.955814343547825
2007-07-26,24.50418,10.538939907420517,-1.0704116632539988,-0.09734736425109021,0.9145885915689423,13.71832094211157,24.00409041359594,0.5000895864040622
2007-07-27,24.56192,10.55934275747945,-0.8819011263039302,-0.06008702479134383,0.23388644000505765,13.717730523297035,23.56897156968627,0.9929484303137315
2007-07-28,25.288818,10.576667352928045,-0.675070939036257,-0.02261893688699787,-0.4507860718998181,13.71715683637423,23.1453482414792,2.143469758520798
2007-07-29,24.499695,10.590841525293758,-0.4499437037671281,0.014968464463020015,-0.9574008618200149,13.71656750404829,22.915032928217926,1.5846620717820734
2007-07-30,19.921265,10.601903491923997,-0.2090268430888867,0.0526594156832349,-1.1562404016835295,13.715984822710885,23.0052804855457,-3.0840154855457023
2007-07-31,21.963715,10.609937836841286,0.043228292619192935,0.09046827275487708,-1.015734700001668,13.715453881675582,23.443353583889273,-1.4796385838892725
2007-08-01,24.615662,10.614849404943161,0.2996571257136119,0.12829051072620987,-0.6214036852611896,13.714929406081058,24.136322762202852,0.4793392377971486
2007-08-02,25.924713,10.616569881242992,0.5529148818787097,0.16603917031802218,-0.1406423026392376,13.71437895244498,24.909260583245466,1.0154524167545347
2007-08-03,25.44992,10.615086358696482,0.7969929559075123,0.20366182351015955,0.24582086457236613,13.713797365753358,25.575359368439877,-0.1254393684398778
2007-08-04,26.771027,10.610457331933748,1.0277929041030762,0.2411503654494968,0.41722991204489235,13.713214922007214,26.00984543553843,0.7611815644615696
2007-08-05,26.3479,10.602684425093464,1.2422152848438588,0.2784605395072531,0.35622813505878786,13.712632976252053,26.19222136075542,0.1556786392445808
2007-08-06,25.95697,10.591791378462421,1.4381651497523056,0.31556340838337493,0.14783677882102877,13.71206330641048,26.20542002182961,-0.24845002182961196
2007-08-07,26.05307,10.577747943473902,1.613695670569362,0.35239118471214803,-0.06944347994040846,13.711490265729939,26.185881584544944,-0.13281158454494246
2007-08-08,25.978302,10.560562081498416,1.7668410073839649,0.38889745889921284,-0.17208047079120264,13.710916966169867,26.255137043160257,-0.27683504316025775
2007-08-09,26.6846,10.540219509085755,1.8956726620672957,0.42502387790636353,-0.10620837214268769,13.710334879211569,26.465042556128296,0.21955744387170384
2007-08-10,26.945099,10.516710498731278,1.9983802650911062,0.4607184367056445,0.0958312114195176,13.709737157359879,26.781377569307423,0.1637214306925756
2007-08-11,27.540802,10.490045209520844,2.0736721893426715,0.4959394842294176,0.3427247825258153,13.709126479456668,27.111508145075415,0.42929385492458394
2007-08-12,25.662231,10.460171723962024,2.120646396852787,0.5306034769828596,0.5347203417524177,13.708473885381615,27.354615824931706,-1.6923848249317075
2007-08-13,26.325012,10.427143055212778,2.1393826520355,0.5646958416399486,0.6115277157416596,13.707802503503284,27.450551768133174,-1.125539768133173
2007-08-14,26.892822,10.390957824071565,2.1299248989388677,0.5981686191199432,0.5692272935396715,13.707107774962207,27.395386410632256,-0.5025644106322567
2007-08-15,28.615723,10.351628439125797,2.092735502190704,0.6309831430650504,0.4501429823031407,13.7063915016201,27.231881568304793,1.3838414316952061
2007-08-16,28.986938,10.309121046607828,2.028603606841917,0.6630710477718328,0.3128237561497229,13.705631843456233,27.019251300827534,1.9676866991724644
2007-08-17,27.9841,10.263456126221573,1.939320305890573,0.6943999066642952,0.20560890023179593,13.704833733134704,26.80761897214294,1.1764810278570614
2007-08-18,24.598358,10.214652963924733,1.8275257493029526,0.7249375527095976,0.1537943847003524,13.704001019647153,26.62491167028479,-2.0265536702847875
2007-08-19,25.748291,10.162772433853114,1.6966222820765144,0.7546776323016542,0.16409358801386587,13.703157831310307,26.481323767555455,-0.7330327675554571
2007-08-20,26.823822,10.10782067697189,1.5492981664324066,0.7835759086712384,0.2323982700008572,13.702300392922137,26.375393414998527,0.44842858500147287
2007-08-21,27.188232,10.049810477773597,1.3881016232503902,0.811593064573838,0.35253723687797384,13.701427821921754,26.303470224397554,0.8847617756024455
2007-08-22,28.343994,9.988715030438465,1.2157051659966738,0.8386646818366619,0.5122852997028448,13.700518941137618,26.25588911911226,2.0881048808877374
2007-08-23,23.55075,9.924480978780501,1.03526804800577,0.8647110231827244,0.6815736829304654,13.69953875893175,26.205572491831212,-2.6548224918312116
2007-08-24,24.498596,9.857235185454977,0.8520767460887805,0.8897694822291375,0.8086587727516513,13.698542096905596,26.10628228343014,-1.6076862834301409
2007-08-25,25.74472,9.786965974000871,0.6714501465156459,0.913785436523086,0.8222262530880119,13.697513992421529,25.89194180254914,-0.14722180254914008
2007-08-26,26.354034,9.713666895026865,0.49950149063770793,0.9367083080648921,0.6614036434148441,13.696441630420676,25.507721967564986,0.8463120324350122
2007-08-27,26.338837,9.637327864478443,0.3428080466506651,0.9584878561841255,0.3095636772646684,13.695309866660853,24.943497311238758,1.3953396887612435
2007-08-28,26.175354,9.55796030025623,0.2077144052560019,0.9790897264065263,-0.18719675716765372,13.69411381768075,24.251681492431857,1.923672507568142
2007-08-29,21.816284,9.475613627332699,0.0996186831426539,0.9985081026435036,-0.7290482551777747,13.69286715513459,23.53755931307567,-1.7212753130756688
2007-08-30,21.862701,9.39047492351665,0.023067063461080686,1.0168299827515597,-1.1946816553830975,13.691651863268822,22.927342177615014,-1.0646411776150124
2007-08-31,22.897736,9.302536845112623,-0.020185785046307414,1.034015325441139,-1.4870574491702375,13.690452240980376,22.519761177317594,0.377974822682404
2007-09-01,21.309387,9.211807397800017,-0.03019577178213509,1.0500338220042909,-1.5571902747194282,13.68925986427202,22.363715037574764,-1.0543280375747628
2007-09-02,21.473877,9.118308104693757,-0.008069273463705562,1.0648668421397556,-1.404674752772776,13.688072624110301,22.458503544707334,-0.9846265447073321
2007-09-03,23.157867,9.022102045026436,0.04347721945801514,1.0785237033316544,-1.0655359736469507,13.686908866001042,22.7654758601702,0.392391139829801
2007-09-04,24.56366,8.923180162543972,0.11969945812838637,1.0909627687389802,-0.5972500249367267,13.685750514306603,23.222342878781213,1.3413171212187862
2007-09-05,24.028412,8.821541814740586,0.21421548087393597,1.1021483377850738,-0.07166583825652613,13.68458327131628,23.750823066459347,0.2775889335406525
2007-09-06,24.085266,8.717239830723036,0.3195992282081674,1.112080049036793,0.42114886232693655,13.68341909395967,24.2534870642546,-0.16822106425459893
2007-09-07,25.137268,8.610246506896107,0.42758791531150664,1.1207077652660762,0.7700792713822663,13.682229190028629,24.610850648884586,0.5264173511154127
2007-09-08,25.233795,8.5006073979761,0.5305861129837942,1.1280298651576617,0.8638550141569264,13.68102110033311,24.704099490607593,0.5296955093924076
2007-09-09,25.060608,8.388359839272365,0.6232117465877381,1.1340373243066577,0.6377115612006098,13.679797846331358,24.46311831769873,0.5974896823012692
2007-09-10,24.48529,8.273526194257354,0.7031517621493396,1.1387124659004768,0.12532752710734416,13.678554544582443,23.919272493996957,0.5660175060030426
2007-09-11,22.403229,8.156154752365367,0.7711753764044148,1.1420564692210728,-0.5173100235044219,13.677298845302102,23.229375419788536,-0.826146419788536
2007-09-12,19.71579,8.036281646186044,0.829968405041079,1.1440655831284743,-1.044864701222655,13.676031867823466,22.64148280095641,-2.925692800956412
2007-09-13,21.793427,7.913972735989333,0.8819634009040849,1.1447556667548642,-1.2140253340012508,13.674769258616847,22.401435728263877,-0.6080087282638758
2007-09-14,23.3302,7.78922017712373,0.9265751072865677,1.1440959142975307,-0.8976714261132329,13.673489500753071,22.635709273347665,0.6944907266523366
2007-09-15,24.585663,7.662006638026751,0.9602203850029586,1.1420544408736162,-0.15756874866805054,13.672165835997866,23.27887855123314,1.3067844487668587
2007-09-16,25.244019,7.532324991604458,0.9768896560111169,1.1386070398454806,0.7619851630293141,13.670776177437263,24.08058302792763,1.1634359720723708
2007-09-17,25.73706,7.40018771673363,0.9699031308403111,1.133741760540301,1.5301418730897942,13.669307917736782,24.70328239894082,1.0337776010591782
2007-09-18,23.488342,7.265634260682182,0.9340072157731845,1.1274677189427558,1.8750913146049817,13.667761516521626,24.86996202652473,-1.381620026524729
2007-09-19,22.3721,7.1288294343565894,0.8673547093746383,1.1198784036012293,1.709001485575631,13.66619974283648,24.491263775744567,-2.1191637757445676
2007-09-20,23.741028,6.989826783606295,0.7707609827861642,1.110993743591066,1.1621586028436373,13.66462937620827,23.698369489035436,0.0426585109645643
2007-09-21,23.642517,6.84862007475122,0.6466426711307001,1.1007942053928663,0.5112657345276299,13.663026930700354,22.77034961650277,0.8721673834972314
2007-09-22,24.399445,6.705258426180633,0.49838059961702624,1.0892977527016563,0.03779331041731616,13.66139617484284,21.992126263759474,2.4073187362405264
2007-09-23,20.207764,6.559736214412558,0.32883973862242416,1.0764879384500206,-0.1157687924487326,13.659713130679723,21.50900822971599,-1.3012442297159907
2007-09-24,19.4628,6.412139487229121,0.1412416192897803,1.0624104400419347,-0.009410014751454192,13.657999384369106,21.26438091617849,-1.8015809161784873
2007-09-25,21.328583,6.262586562794921,-0.06135191503221211,1.047134198918286,0.1359846247061403,13.656292334295273,21.04064580568241,0.287937194317589
2007-09-26,20.026642,6.111046742528499,-0.27494196064391946,1.0306313382126928,0.07320422695892627,13.654554525661581,20.59449487271778,-0.5678528727177827
2007-09-27,21.125946,5.957601859610383,-0.4922972022597523,1.0129489587391558,-0.3170571886817851,13.652804483655261,19.81400091106326,1.3119450889367386
2007-09-28,23.408966,5.802268818978499,-0.7040794458548897,0.9940928325767384,-0.947932490373318,13.651028029304081,18.79537774463111,4.613588255368889
2007-09-29,15.623566,5.644991355935247,-0.9001473643076243,0.9740200261673246,-1.5612200059882984,13.64917408541558,17.80681809722223,-2.18325209722223
2007-09-30,15.072205,5.486014002508824,-1.0699977791324726,0.9528844861907235,-1.8575837097803207,13.647341730944877,17.15865873073163,-2.0864537307316304
2007-10-01,16.445984,5.325407383397193,-1.2085498636012753,0.9307272888493164,-1.6686343219735786,13.64554270778081,17.024493194452468,-0.5785091944524687
2007-10-02,17.612366,5.163177231854866,-1.3165005268189873,0.9075464992192234,-1.0503736112894229,13.64375601217836,17.34760560514404,0.26476039485596203
2007-10-03,17.226166,4.999316186788463,-1.3990658600065855,0.8833319740300178,-0.256171815091626,13.641953947505195,17.869364433225464,-0.6431984332254643
2007-10-04,18.914642,4.833929942848429,-1.4633227929724104,0.8581473623556453,0.3954617512952586,13.640165147849256,18.264381411376178,0.6502605886238229
2007-10-05,18.294525,4.667002864929295,-1.5164339127391635,0.8319805505261337,0.6823089837562991,13.638357122356263,18.30321560882883,-0.008690608828828772
2007-10-06,16.730804,4.4985986158239,-1.5628275590539,0.8048725661238296,0.5876310004768813,13.636536875527508,17.964811498898218,-1.2340074988982188
2007-10-07,17.578888,4.328806721567332,-1.6040391328019346,0.7768841364654022,0.29239930499361527,13.634724144552179,17.428775174776593,0.15011282522340608
2007-10-08,19.396393,4.157644112205393,-1.6402938833174958,0.7480314888984212,0.06002403668258533,13.632902022889494,16.9583077773584,2.4380852226416003
2007-10-09,16.436554,3.985132832898908,-1.67174147899802,0.7183340495768342,0.08290443910729023,13.631056001300033,16.745685843885045,-0.30913184388504433
2007-10-10,15.409088,3.811391919814101,-1.6986363560344733,0.6878742476576695,0.3757679159972969,13.629219950234505,16.805617677669098,-1.396529677669097
2007-10-11,18.05716,3.6365271507881647,-1.7224428165814358,0.6567237269320241,0.7663760924904254,13.627420900314132,16.96460505394331,1.0925549460566906
2007-10-12,17.653015,3.4605372017682505,-1.7446948202969166,0.6248862653413054,0.9952996507257433,13.62563198905799,16.961660286596373,0.6913547134036264
2007-10-13,15.119354,3.2834762031171794,-1.7636290777681778,0.5924026485769713,0.8683082062818417,13.623853904164122,16.604411884371935,-1.485057884371935
2007-10-14,15.429138,3.105395470602736,-1.7730455418656823,0.5593105836557664,0.36751380387296645,13.622085848776175,15.881260165041962,-0.45212216504196157
2007-10-15,15.269592,2.9263255103861345,-1.7634627487879535,0.5256355481445069,-0.3368833915230403,13.620316555930392,14.97193147415004,0.2976605258499596
2007-10-16,14.067902,2.7463547776756956,-1.7238176486389933,0.49144252776164044,-0.9722084310010063,13.61856370085098,14.160334926648318,-0.0924329266483177
2007-10-17,14.11792,2.565591394730709,-1.6448680122564494,0.4568083850868605,-1.3017050376250185,13.616854632215938,13.69268136215204,0.42523863784795957
2007-10-18,14.905365,2.3840741835367583,-1.522823652657597,0.4217634585877309,-1.2397646672490734,13.615181825453353,13.658431147671173,1.2469338523288265
2007-10-19,14.051239,2.2018312739514414,-1.360576764833037,0.38633110015090344,-0.8806110465368943,13.613532281693105,13.960506844425518,0.09073215557448222
2007-10-20,14.978882,2.018952876488261,-1.166374404239521,0.3505748521757378,-0.4319204143969467,13.611924006722157,14.383156916749689,0.5957250832503114
2007-10-21,13.019806,1.835468568640659,-0.9517831811422438,0.3145168786925844,-0.09888845585173583,13.610344651709507,14.709658462048772,-1.689852462048771
2007-10-22,14.128998,1.651482216151014,-0.7275657381470756,0.27822957604381926,0.022120258344062005,13.608818885219707,14.833085197611526,-0.7040871976115266
2007-10-23,15.252594,1.467019217095197,-0.502364538397495,0.241733390731728,-0.02390521880475467,13.607332075192598,14.789814925817273,0.4627790741827269
2007-10-24,12.894196,1.282085558935914,-0.28163969919944115,0.20503540861897357,-0.09438597092916623,13.60585981632173,14.71695511374801,-1.8227591137480097
2007-10-25,15.554565,1.096778546485163,-0.06813666637638965,0.16820366049449903,-0.04160599861835827,13.604423352954191,14.759662894939105,0.7949021050608955
2007-10-26,16.39154,0.911123404781661,0.1347678445844605,0.1312588737769431,0.194690816565946,13.603007833332345,14.974848773041355,1.416691226958644
2007-10-27,13.491364,0.7251387003716567,0.32263135044781277,0.0942179480083491,0.5555347676518246,13.601595018077925,15.299117784557568,-1.8077537845575673
2007-10-28,16.696228,0.5389286002531894,0.49018311178201746,0.057155340397056574,0.8964658377279132,13.600209328150884,15.58294221831106,1.1132857816889405
2007-10-29,16.869354,0.35243326500256467,0.6310080602839441,0.020035888334612968,1.0613070082562426,13.598793095259278,15.663577317136642,1.205776682863359
2007-10-30,15.383392,0.16570887915930255,0.7416413752803905,-0.01710100446342603,0.9686528546378652,13.597346691893437,15.45624879650757,-0.07285679650756904
2007-10-31,14.316895,-0.021153559930153,0.823157097334762,-0.054190070419009896,0.6511093048546304,13.595887859886448,14.994810631726677,-0.6779156317266768
2007-11-01,16.23938,-0.20812089663154693,0.8807186386175567,-0.09120249348067189,0.2330060629791695,13.594405264642674,14.408806576127182,1.8305734238728189
2007-11-02,12.474701,-0.39516774615714517,0.9214107967981677,-0.1281163559558538,-0.1350821614755936,13.592883687903363,13.855928221112938,-1.3812272211129386
2007-11-03,12.347626,-0.5821531664222643,0.9524940987117888,-0.16483459448174487,-0.3431687804988586,13.591365837516413,13.453703394825334,-1.1060773948253342
2007-11-04,13.002777,-0.7689974973040334,0.9768878139530369,-0.2012995556252713,-0.36710121567964177,13.589863664429785,13.229353209773876,-0.22657620977387616
2007-11-05,14.042389,-0.9556620234877089,0.9922206843612315,-0.23748153207934353,-0.25979844918890516,13.588368585085071,13.127647264690346,0.9147417353096543
2007-11-06,13.495514,-1.1421282767185943,0.9917769577231145,-0.273365745275648,-0.1052691185092599,13.58686195043492,13.057875767654533,0.43763823234546706
2007-11-07,12.572784,-1.328330718405678,0.9674849101084989,-0.3089096346413447,0.036919109267910005,13.585348668528285,12.952512334857671,-0.37972833485767055
2007-11-08,12.566711,-1.51418263742116,0.9128150614049675,-0.3440565018892371,0.16299676918502404,13.5838443241525,12.801417015432094,-0.2347060154320939
2007-11-09,13.795868,-1.6996365710729964,0.8247978542136926,-0.37877133163784626,0.3180279830971119,13.582344874651056,12.646762809251019,1.1491051907489815
2007-11-10,11.302155,-1.8847155482665592,0.7046011641744678,-0.413067456183552,0.5564605956082036,13.580811033980936,12.544089789313496,-1.241934789313495
2007-11-11,12.61145,-2.069282642926833,0.5572636645508948,-0.4468614916047782,0.8926229276035391,13.57928376903836,12.513026226661182,0.09842377333881736
2007-11-12,11.92804,-2.253348499669662,0.3879371969886497,-0.4801689836043631,1.2608104629982102,13.577730272923825,12.492960449636659,-0.5649204496366593
2007-11-13,12.995941,-2.4369071362750034,0.20126758802154088,-0.5129892164503269,1.5224546776841843,13.576125951278982,12.349951864259378,0.6459891357406224
2007-11-14,11.672699,-2.6198914405516662,0.0008643921423229992,-0.5452787236568095,1.5123507158556655,13.574476860755931,11.922521804545443,-0.2498228045454436
2007-11-15,12.221954,-2.8021359547694424,-0.20868961043866552,-0.5769335135554942,1.1134962504876436,13.5728384120314,11.09857558375544,1.1233784162445595
2007-11-16,8.161316,-2.9836566170473384,-0.4207201543248391,-0.6079640916753329,0.3217273889082099,13.571175266047693,9.880561791908391,-1.719245791908392
2007-11-17,6.7532654,-3.164256782377665,-0.6237009180582802,-0.6382382719531219,-0.7219446646701575,13.569558535105442,8.421417898046217,-1.6681524980462168
2007-11-18,8.634094,-3.343882914979334,-0.8034397167398266,-0.6677171044813495,-1.7630471305650808,13.567987856137432,6.989900989371841,1.6441930106281584
2007-11-19,6.7770996,-3.5224957202791227,-0.9455010458418994,-0.6963727096754639,-2.5105147774861942,13.56645587064615,5.8915716173634705,0.8855279826365292
2007-11-20,7.9099426,-3.7000288798124403,-1.037836687347587,-0.7241632875420119,-2.7343080097687547,13.564968908278933,5.368632043808139,2.5413105561918607
2007-11-21,6.230713,-3.876493569345147,-1.0751468259133323,-0.7511034024195586,-2.355788254259924,13.563494736149657,5.504962684211694,0.7257503157883054
2007-11-22,4.1879272,-4.051802996845262,-1.0592625314849604,-0.7771492303514411,-1.4820017194510207,13.562050424154178,6.191833946021494,-2.003906746021494
2007-11-23,5.4055786,-4.2258008739673585,-0.9985949743525294,-0.8022104709585904,-0.3758929232887273,13.560687883821382,7.158188641254176,-1.7526100412541759
2007-11-24,7.0566406,-4.398527578596198,-0.9060350983338396,-0.8263240196133337,0.633708142163093,13.559360758575945,8.062182204195667,-1.0055416041956668
2007-11-25,8.532013,-4.569977778174293,-0.7943677166633648,-0.8494969767097826,1.274257873799511,13.558045794520622,8.618461196772692,-0.08644819677269311
2007-11-26,9.878967,-4.7401901355314555,-0.6732449768193541,-0.8717649490436156,1.428778503621128,13.556697965846986,8.70027640807369,1.1786905919263102
2007-11-27,9.8984375,-4.909076257436411,-0.5478047469535187,-0.8930818698813279,1.1702729061690138,13.555336011495708,8.375646043393465,1.5227914566065355
2007-11-28,7.250244,-5.076539821306771,-0.41976856713491256,-0.9133987767689742,0.7134845849297684,13.553982863919362,7.857760283638472,-0.6075162836384713
2007-11-29,5.958954,-5.24250794657628,-0.28977596627834545,-0.9326813519387607,0.30552811847012745,13.552649879505163,7.393212733181905,-1.4342587331819043
2007-11-30,7.4709167,-5.406856007174577,-0.16010468548983658,-0.9508625570737067,0.10589604821849798,13.551374550979114,7.139447349459491,0.33146935054050886
2007-12-01,7.687378,-5.569634836598894,-0.03596322397058632,-0.9679908803293589,0.11762478558756288,13.55010676851904,7.094142613207763,0.5932353867922364
2007-12-02,7.79953,-5.730843746539053,0.0767616872243087,-0.9840824059781477,0.20720499915004567,13.548822413721837,7.11786294757899,0.6816670524210098
2007-12-03,7.282074,-5.890420413211815,0.17382440654810705,-0.9991125787739321,0.19493060848105526,13.547528365212282,7.026750388255697,0.25532361174430296
2007-12-04,5.964386,-6.048332615028675,0.25451585562102974,-1.0130751387467696,-0.031019838539605854,13.54621667378014,6.70830493708612,-0.7439189370861197
2007-12-05,4.254181,-6.204484393313633,0.3223030988656683,-1.0259224617074099,-0.4374313817492892,13.544911715476285,6.199376577571622,-1.9451955775716216
2007-12-06,5.623047,-6.358760852206352,0.3831847977968874,-1.0375947195431439,-0.849991320372013,13.54364764447134,5.680485550146719,-0.057438550146719614
2007-12-07,6.97229,-6.511106192076058,0.4422737331165173,-1.0480715727476295,-1.0401628110339085,13.542429215857455,5.385362373116376,1.5869276268836243
2007-12-08,6.638092,-6.6615838343841185,0.5014878186307324,-1.057417367330999,-0.8477970967572673,13.541201895843953,5.4758914160023,1.1622005839977003
2007-12-09,5.994507,-6.810174887443779,0.558910166167284,-1.0656476002130741,-0.27856388252955605,13.539952582716312,5.944476378697186,0.050030621302813216
2007-12-10,6.1165466,-6.956816355182996,0.6094010500894664,-1.0727477246530706,0.4753371508915959,13.53869053889698,6.593864660041976,-0.4773180600419753
2007-12-11,6.7254333,-7.1013935669200325,0.6469619228000154,-1.0786673924357295,1.1094296688893046,13.537451181040751,7.113781813374309,-0.388348513374309
2007-12-12,8.28006,-7.243860232840877,0.6675642106371901,-1.083400159817788,1.3439782501040944,13.53623597316154,7.220518041244159,1.0595419587558412
2007-12-13,6.677429,-7.384257120550424,0.6712737760832793,-1.0869947508675097,1.0580193662695876,13.535003029414806,6.793044300349741,-0.11561530034974066
2007-12-14,5.353607,-7.522466558867373,0.6634985732302788,-1.089396092450356,0.3542163199423973,13.533789978887826,5.939642220742773,-0.5860352207427724
2007-12-15,4.2993164,-7.658391577331826,0.6524830886925976,-1.0905648196832347,-0.48697546889040577,13.532624501600354,4.949175724387485,-0.6498593243874851
2007-12-16,3.3611145,-7.792051747388138,0.6462763316582782,-1.090543426703069,-1.1373295804329422,13.531476441337128,4.157828018471257,-0.796713518471257
2007-12-17,3.5431519,-7.923348317461119,0.6505132359643637,-1.0893010515401527,-1.3714357641443895,13.53037519303199,3.796803295850694,-0.2536513958506941
2007-12-18,4.219055,-8.052241792548202,0.6668856477507735,-1.086843919513596,-1.1644380456514347,13.529320798814421,3.892682688851961,0.326372311148039
2007-12-19,4.5675964,-8.178741349049456,0.6939114081253078,-1.0832076082629554,-0.686495742615894,13.528289289618826,4.2737559978158295,0.29384040218417073
2007-12-20,4.592102,-8.302824454130285,0.729003797215147,-1.0784059108556332,-0.2004594229789861,13.527272917114523,4.674586926364766,-0.08248492636476623
2007-12-21,5.881439,-8.424442427425568,0.7702784163624605,-1.0724387996705351,0.08097501685859806,13.526277420542268,4.880649626667225,1.0007893733327755
2007-12-22,4.322632,-8.543567208830607,0.8171147614015539,-1.0653214711866732,0.10290423199664313,13.525298544156799,4.836428857537715,-0.5137968575377156
2007-12-23,6.4546204,-8.660065780313804,0.8703393053092257,-1.0569968721935257,-0.013309304195223262,13.524384825636558,4.664352174243231,1.790268225756769
2007-12-24,4.8025208,-8.77403080225264,0.9293702535175716,-1.0475565272336285,-0.05713151607122813,13.523472327640972,4.574123735601049,0.22839706439895124
2007-12-25,3.912506,-8.885442639776056,0.9923324433899315,-1.037025599507365,0.13828399230171157,13.522553801112982,4.730701997521205,-0.818195997521205
2007-12-26,2.4284058,-8.994227365823347,1.0549026327925153,-1.0253924515623383,0.5793814931196972,13.521649471899988,5.136313780426516,-2.7079079804265156
2007-12-27,4.1822205,-9.100239518237931,1.1114687535936936,-1.0125992924583294,1.086595264716638,13.520815768821855,5.606040976435927,-1.4238204764359272
2007-12-28,7.2760315,-9.203580453840082,1.1561678997203926,-0.9987560895329292,1.3737277581246443,13.519986059794789,5.8475451742668145,1.4284863257331857
2007-12-29,9.594696,-9.304333292796512,1.1858999823437435,-0.9839633238141251,1.200916778819138,13.519103263650521,5.617623408202766,3.977072591797235
2007-12-30,4.8053894,-9.402575316745812,1.2020485890299928,-0.9683087378166828,0.516940007999703,13.518113513259179,4.866218055726378,-0.06082865572637797
2007-12-31,2.724884,-9.498090114085798,1.2111808798408328,-0.9516814559228914,-0.48582345334640653,13.51711022704154,3.792696083527277,-1.067812083527277
2008-01-01,1.3057861,-9.590780359344627,1.2205022297097303,-0.9340481325555827,-1.4472911289605714,13.516127721946916,2.764510330795863,-1.4587242307958632
2008-01-02,2.0454407,-9.68061102829073,1.2349637450148887,-0.9154205839998824,-1.9963702140155177,13.515169601034557,2.157731519743317,-0.112290819743317
2008-01-03,2.7748413,-9.767532902269163,1.2547507345142879,-0.8958055837402775,-1.916898210948492,13.514246885516995,2.1887609230733496,0.5860803769266503
2008-01-04,4.081848,-9.851556225484565,1.274907210941458,-0.8752501398660935,-1.23888348350674,13.513341229188745,2.8225585912728057,1.2592894087271942
2008-01-05,1.3768005,-9.93271629941562,1.2866519429410437,-0.8538171551337355,-0.21608388752267077,13.512422192845637,3.796456793714654,-2.419656293714654
2008-01-06,4.5761414,-10.010888853865026,1.2808389314368969,-0.8314678492617456,0.7966896544302007,13.511539782731495,4.746711665471821,-0.17057026547182108
2008-01-07,4.4525757,-10.086158991078939,1.2486654585498782,-0.8083017220672251,1.492838784993492,13.510639675151014,5.357683205548218,-0.9051075055482185
2008-01-08,6.841461,-10.158497211435385,1.1853633711321065,-0.7843427117325878,1.7336577575427214,13.50972526253841,5.485906468045265,1.355554531954735
2008-01-09,5.6269836,-10.227962458821715,1.0897353188010352,-0.7596702767870356,1.5698996410338184,13.508755998178911,5.180758222405013,0.44622537759498737
2008-01-10,4.197235,-10.294489312841003,0.9646464757956617,-0.7342824406869155,1.1784122982023653,13.507753993173564,4.622041013643674,-0.424806013643674
2008-01-11,6.956482,-10.358029726029791,0.814913027202336,-0.708190033818014,0.7484533523753729,13.506733105648914,4.003879725378818,2.9526022746211824
2008-01-12,3.2130737,-10.418657886141666,0.6454100294680597,-0.6814836823808903,0.38863467609485014,13.505646447433934,3.439549584474289,-0.22647588447428912
2008-01-13,1.0768127,-10.476269526444153,0.4626032887304217,-0.6541356286238459,0.1076075482870021,13.504536861363764,2.944342543313189,-1.8675298433131888
2008-01-14,1.1025696,-10.530770670850732,0.27321287166386443,-0.6261222658016955,-0.14819411261910123,13.503442366503553,2.471568188895887,-1.3689985888958869
2008-01-15,2.4403687,-10.582157351264236,0.08420152841021153,-0.5974780438925784,-0.4231369840470382,13.502356369970796,1.9837855191771538,0.4565831808228462
2008-01-16,3.2792664,-10.630419087975486,-0.0970492728337908,-0.5682329689568457,-0.6999961856958928,13.501276045729295,1.5055785302672788,1.7736878697327212
2008-01-17,0.51379395,-10.675570506290304,-0.26332243810169953,-0.5384338822824778,-0.9020576608179727,13.500186450584128,1.1208019630916741,-0.6070080130916741
2008-01-18,-0.13619995,-10.717497315272148,-0.4082694839472126,-0.508044475220689,-0.944956801395632,13.49913765160305,0.9203695757673689,-1.0565695257673688
2008-01-19,0.78219604,-10.756149528887502,-0.5289728344153426,-0.47707024298215267,-0.8059219789384733,13.498148041793465,0.9300334565699959,-0.14783741656999594
2008-01-20,2.4363708,-10.791538088125316,-0.6265582739112052,-0.4455596695276518,-0.5531538211731035,13.497206110971222,1.0803962582339448,1.3559745417660554
2008-01-21,0.9831848,-10.82369406849302,-0.7053534118936933,-0.41357439975550814,-0.31351180501294923,13.496290791321254,1.2401571061660839,-0.2569723061660839
2008-01-22,1.0395203,-10.852563848549092,-0.7707285807298911,-0.3811201252952774,-0.19597971162127853,13.495423867434104,1.2950316012385645,-0.2555113012385646
2008-01-23,2.1538086,-10.878160198218568,-0.8283171299870871,-0.34824528453988934,-0.2231567242806022,13.494594334412753,1.2167149973866067,0.9370936026133934
2008-01-24,0.9389343,-10.900474228545932,-0.8825142854638015,-0.3149850434926234,-0.30858111629384105,13.49380257232809,1.087247898531892,-0.14831359853189208
2008-01-25,-0.10018921,-10.919435391205766,-0.9352793742354704,-0.2813335819215443,-0.29920421960446414,13.493080441348404,1.057827874381159,-1.158017084381159
2008-01-26,0.5956421,-10.935123259034114,-0.9870517242650084,-0.2473830019492559,-0.06759979047266423,13.492385166187448,1.2552273904664055,-0.6595852904664056
2008-01-27,0.45718384,-10.947532432997388,-1.0373954376195016,-0.2131737749936711,0.4016400357212908,13.49171699568765,1.6952553857983812,-1.2380715457983813
2008-01-28,3.0325928,-10.956614210174378,-1.0855073206133772,-0.1787168241405337,0.9827735004445776,13.491098292181887,2.2530334376981767,0.7795593623018235
2008-01-29,3.5897522,-10.96242273143703,-1.1313067330798974,-0.14408958952979894,1.4546086943086562,13.490500433477896,2.7072900737398253,0.8824621262601746
2008-01-30,4.5069885,-10.965018769481865,-1.1744131939052767,-0.10937164101687599,1.6065924210182139,13.489891888884355,2.847680705498549,1.6593077945014514
2008-01-31,2.4534607,-10.964345165341237,-1.2138286343081948,-0.07456344566422592,1.3426732539589556,13.489300712810394,2.5792367214556897,-0.12577602145568978
2008-02-01,1.5701599,-10.960307496670861,-1.2475248614785714,-0.039639323150450025,0.731674681801906,13.488774199717023,1.9729772002190469,-0.40281730021904694
2008-02-02,2.2321472,-10.952941756302554,-1.27379597545454,-0.004658185896352264,-0.025796308835511313,13.488294909924196,1.231102683435239,1.001044516564761
2008-02-03,-0.495636,-10.942335203890963,-1.2919337488897369,0.030289269842800105,-0.6875937813409894,13.487820218530974,0.5962467542520855,-1.0918827542520855
2008-02-04,-1.178009,-10.928379736434195,-1.3019404788265838,0.06524011071264713,-1.0688742025697717,13.487405685504275,0.2534513783863712,-1.4314603783863713
2008-02-05,1.150116,-10.911008348143334,-1.306067886463925,0.10020555063574511,-1.1085760411054801,13.487086838257413,0.26164011318042135,0.8884758868195786
2008-02-06,0.47647095,-10.890297885398823,-1.3087399023152795,0.13510291376367947,-0.8693868794083923,13.486827718762079,0.5535059654032644,-0.07703501540326435
2008-02-07,1.126648,-10.866202251138168,-1.3142614717567105,0.16992588277044834,-0.48228819703006526,13.486654474259792,0.9938284371052966,0.13281956289470354
2008-02-08,0.86880493,-10.838789938723458,-1.3265961752943807,0.20459424949620075,-0.08418079896562208,13.486536407293775,1.4415637438065136,-0.5727588138065136
2008-02-09,1.849884,-10.808068924936347,-1.3479289045963072,0.23906706694220947,0.22567053037372098,13.486473670514297,1.7952134382975746,0.05467056170242546
2008-02-10,2.352295,-10.774032059031175,-1.3787462373305752,0.27331049546081,0.3913206968018613,13.486474627951267,1.9983275238521898,0.35396747614781
2008-02-11,3.0687256,-10.736732074616137,-1.4179074587566065,0.30725255883110136,0.38597629982667875,13.486518090548712,2.0251074158337463,1.0436181841662537
2008-02-12,2.0859375,-10.69621822141865,-1.4630090776349112,0.34082922928882964,0.20073437142708084,13.486584999449287,1.8689213011116355,0.21701619888836454
2008-02-13,-0.8594971,-10.652496193911922,-1.5105064632776746,0.3740067441601429,-0.14683190008526897,13.486678677568964,1.5508508644542403,-2.4103479644542403
2008-02-14,1.7302246,-10.605420323131717,-1.5559218225045612,0.4068492438739263,-0.5916068948088458,13.486878811247488,1.1407790146762888,0.589445585323711
2008-02-15,1.4427185,-10.554972590782992,-1.5955638332950344,0.43933857201238424,-1.013286333322974,13.487201790784566,0.7627176053959488,0.6800008946040512
2008-02-16,1.1692505,-10.501200426646344,-1.6254125963070365,0.47141588023591335,-1.2526188872536712,13.487631847044913,0.5798158170737739,0.589434682926226
2008-02-17,-0.4029541,-10.444167476155556,-1.6417262544897624,0.503012193663247,-1.1705704196878655,13.488145614224074,0.7346936575541356,-1.1376477575541357
2008-02-18,1.6799622,-10.383892793073787,-1.6413889133691564,0.5340853464553482,-0.7211017621903074,13.488742442117216,1.2764443199393138,0.40351788006068623
2008-02-19,1.4110107,-10.3205171874505,-1.6235079245423496,0.5645130765045441,-2.0747234763265898e-05,13.489361246237298,2.109828463514228,-0.6988177635142281
2008-02-20,3.1534424,-10.254022256142981,-1.5884855693773277,0.5942791363534422,0.7751643550935561,13.490021102332252,3.0169567682589413,0.13648563174105854
2008-02-21,4.625183,-10.184477857184412,-1.538840922455795,0.6233114934687308,1.3454204245475865,13.49069750050874,3.736110638884849,0.8890723611151508
2008-02-22,6.1190796,-10.111899275163164,-1.4778890460543057,0.6515756843205391,1.5260073998307058,13.491393742433392,4.079188505367165,2.039891094632835
2008-02-23,3.9549255,-10.036367204994855,-1.4087066786528837,0.6789965469692176,1.2946143817314777,13.492080747655933,4.02061779270889,-0.06569229270889032
2008-02-24,0.68133545,-9.957799393147804,-1.3323654448004294,0.7056067924963987,0.804822666657087,13.49281153440879,3.7130761556140435,-3.0317407056140437
2008-02-25,2.569641,-9.876221732428643,-1.2487053256845322,0.7313749051287037,0.3071078212882949,13.493585316097036,3.4071409844008578,-0.8374999844008579
2008-02-26,6.5296326,-9.791744417415835,-1.1578009856519185,0.7562130152517337,0.020201341715866218,13.494359650360732,3.321228604260577,3.208403995739423
2008-02-27,1.982666,-9.70442273817078,-1.0600531483576645,0.7800716486758306,0.025744199912310393,13.495120032516141,3.5364599945758375,-1.5537939945758374
2008-02-28,3.091095,-9.614146655528234,-0.9550844970018523,0.8030090616933556,0.23923895500970566,13.495935098165244,3.9689519623382186,-0.8778569623382184
2008-02-29,4.556946,-9.521041456354208,-0.8443237053257058,0.8249295663653682,0.4562601179217764,13.496756061050347,4.412580583657576,0.14436541634242417
2008-03-01,4.9444885,-9.425123908508123,-0.7290151508276025,0.8458118098627114,0.4672799053911043,13.497588826989597,4.656541482907686,0.2879470170923142
2008-03-02,4.8605957,-9.326420171811334,-0.6089176266158788,0.8656321912734621,0.1679112228432645,13.498435046957743,4.596640662647257,0.2639550373527433
2008-03-03,5.1043396,-9.22494462194592,-0.48136159360092545,0.8843751831179232,-0.39109231024697255,13.499302786495823,4.286279443819927,0.8180601561800733
2008-03-04,4.273529,-9.120734226106382,-0.34141265963657835,0.9020091113652713,-1.0359688862571639,13.500189322157233,3.904082661522379,0.369446338477621
2008-03-05,2.3661194,-9.013730393661934,-0.1827800795728027,0.918565043341965,-1.5589385957635942,13.501140182638746,3.664256156982381,-1.2981367569823807
2008-03-06,3.8475037,-8.903972065657133,-0.0004490374996645591,0.9340161435263962,-1.8140837921110797,13.502152441038307,3.717663689296826,0.12984001070317408
2008-03-07,3.389923,-8.791580696667435,0.2062662749500208,0.9482859099329343,-1.768289839771228,13.503182279939315,4.0978639283836085,-0.7079409283836084
2008-03-08,4.798462,-8.676558311445286,0.4333997740177657,0.9613769013754607,-1.4804305501295447,13.504246126835946,4.742033940654343,0.056428059345656756
2008-03-09,7.5412903,-8.558990516789295,0.6716374488305461,0.9732387919559736,-1.0420239578315489,13.50531888407386,5.549180650239537,1.9921096497604633
2008-03-10,5.365967,-8.438926635598914,0.9081706194645333,0.9838432378880024,-0.5179531585638244,13.506394048547794,6.441528111737591,-1.0755611117375903
2008-03-11,9.230194,-8.316385582721498,1.130024227266369,0.993183815758658,0.07337911817447947,13.507480668236555,7.387682246714563,1.8425117532854358
2008-03-12,5.700989,-8.191592940195747,1.3245902602530089,1.0011218178681085,0.722783799010195,13.508484610541178,8.365387547476743,-2.6643985474767433
2008-03-13,8.518524,-8.064459039802955,1.4839166923938905,1.0077258534544071,1.3857637877215967,13.509469858171949,9.322417151938888,-0.8038931519388886
2008-03-14,11.845276,-7.93503549864265,1.6024021650373503,1.0129777851140294,1.9455094183879205,13.510430019993384,10.136283889890034,1.7089921101099659
2008-03-15,11.109802,-7.803479691092734,1.6770573571409815,1.0167917460880957,2.2395770004725906,13.511306080495359,10.641252493104293,0.46854950689570707
2008-03-16,11.05722,-7.669836474126919,1.7078581432972648,1.0191550579889361,2.1358362172014704,13.512095673510768,10.70510861787152,0.3521113821284789
2008-03-17,9.8714905,-7.534152503043785,1.6964712976450518,1.020060454756684,1.6110111600724952,13.512795891046476,10.306186300476922,-0.4346958004769217
2008-03-18,8.897705,-7.396378050821195,1.6465082885698965,1.0195696533385639,0.791245467317531,13.51345236845529,9.574397726860086,-0.676692726860086
2008-03-19,9.772217,-7.256494531597397,1.5633758788168488,1.017728851574019,-0.07834070535304999,13.514095295529124,8.760364788969547,1.0118522110304529
2008-03-20,6.061493,-7.114509439805336,1.4542909890132008,1.0145714056633048,-0.7246881007820153,13.514741985291788,8.144406839380942,-2.082913839380942
2008-03-21,6.953308,-6.970426988152079,1.3286958074633795,1.0101334948672838,-0.9557476437650997,13.515411674637967,7.928066345051452,-0.9747583450514519
2008-03-22,9.329956,-6.824297032482433,1.1954509564869555,1.0044188218858803,-0.745629729596849,13.51610108418473,8.146044100478283,1.183911899521716
2008-03-23,11.352509,-6.676161474781752,1.061504490614935,0.9974383908552744,-0.2432923996331227,13.516811265803375,8.656300272858708,2.6962087271412916
2008-03-24,7.3919983,-6.526135902620308,0.9305620899079011,0.9891549791885274,0.29281567290023075,13.517506688214178,9.20390352759053,-1.8119052275905299
2008-03-25,9.538422,-6.374184781525814,0.8038420084421597,0.9796257967729922,0.6057634054584385,13.518227807610133,9.533274236757908,0.005147763242092651
2008-03-26,10.411041,-6.2204479486577,0.6789147337429924,0.9687990923355587,0.5364549057577376,13.51892748270017,9.482648265878758,0.9283927341212426
2008-03-27,8.458435,-6.0650155855960275,0.5531589683600219,0.9566588336840864,0.0836592584808277,13.519583706905616,9.048045181834524,-0.5896101818345247
2008-03-28,8.018585,-5.907852227407519,0.426356057884834,0.9432730586484093,-0.6033810893106109,13.520237689348736,8.37863348916385,-0.3600484891638498
2008-03-29,8.782806,-5.748968731441058,0.3009516493726019,0.9286806478700731,-1.291224730536293,13.520907675826136,7.71034651109146,1.0724594889085406
2008-03-30,7.4009705,-5.588477375776864,0.18170806187527017,0.912856939055535,-1.7495778029881441,13.521561408544061,7.278071230709858,0.12289926929014161
2008-03-31,5.202301,-5.426356713845966,0.07481847754234001,0.8958710192776305,-1.8267599315661356,13.52223368972427,7.239806541132141,-2.0375055411321403
2008-04-01,7.4843445,-5.262502431949828,-0.014718376693584768,0.8778444589591636,-1.4949359735141294,13.523001081981079,7.628688758782699,-0.14434425878269952
2008-04-02,9.170746,-5.097091844810959,-0.08617365176619685,0.8587130513616912,-0.8550911308373905,13.52379949259691,8.344155916544054,0.8265900834559456
2008-04-03,9.83963,-4.93034005668787,-0.14214876731029683,0.8383898591525931,-0.0964877547436899,13.524546151804445,9.193959432215182,0.6456705677848174
2008-04-04,9.967072,-4.762298454251631,-0.18640863610759767,0.8169024067446178,0.567454030024247,13.525240403802224,9.960889750211859,0.006182249788141192
2008-04-05,10.436096,-4.592943689227313,-0.2215388453424,0.7943328061329311,0.9661816215821641,13.525919135004965,10.471951028150347,-0.03585502815034758
2008-04-06,10.49118,-4.422335906328979,-0.24712846951578427,0.7707082573446131,1.0234573810612704,13.52657756794428,10.6512788305054,-0.1600988305053992
2008-04-07,11.118683,-4.250480180207191,-0.25858543684596036,0.7460896390014223,0.7789792091331638,13.527238763865562,10.543241994946996,0.5754410050530048
2008-04-08,8.934143,-4.077426996610642,-0.24855347532696098,0.7205101693470866,0.3676622284379678,13.527903202944955,10.290095128792407,-1.3559521287924063
2008-04-09,10.573273,-3.903190368787915,-0.20898126872518608,0.69402957752142,-0.034536126768418,13.528589863217515,10.075911676457416,0.49736132354258444
2008-04-10,8.279877,-3.7278153562210528,-0.1351590299946203,0.6666891178730558,-0.2846316383705959,13.529302280933859,10.048385374220645,-1.7685083742206444
2008-04-11,12.607544,-3.5512873209433367,-0.026559109687846992,0.6385688549402351,-0.32497949113439145,13.530074098619243,10.265817031793903,2.341726968206098
2008-04-12,11.774689,-3.3737776261269605,0.11114276657656338,0.609631159874151,-0.20333510623911447,13.530845956647997,10.674507150732637,1.1001818492673632
2008-04-13,8.657166,-3.195277228359742,0.2697989758072666,0.5799557445683716,-0.032014280431350566,13.53164886355917,11.154112075143715,-2.4969460751437147
2008-04-14,10.588684,-3.015717518488538,0.4404183166527787,0.5496605370771046,0.07673903376938794,13.532543803939989,11.583644172950722,-0.9949601729507211
2008-04-15,13.169556,-2.8352443745364977,0.6135224320387241,0.5187239373445867,0.07069510849512596,13.533484596716232,11.90118170005817,1.2683742999418293
2008-04-16,14.401276,-2.654035050668039,0.780995194521451,0.48710583110276195,-0.011449592236448557,13.534409522296357,12.137025905016083,2.2642500949839164
2008-04-17,13.355194,-2.472216905638601,0.9363223277374121,0.4548020893224747,-0.06553930970793378,13.535281967039767,12.388650168753118,0.9665438312468808
2008-04-18,11.655243,-2.289887605147022,1.0738225682276383,0.4218300645131895,0.007237940750860483,13.53608022982157,12.749083198166236,-1.0938401981662356
2008-04-19,12.439606,-2.1069892613046073,1.1879102997341395,0.3883109433057066,0.22381665954744595,13.53686050250531,13.229909143787994,-0.7903031437879946
2008-04-20,11.702606,-1.923510174477971,1.272651220322833,0.35433676617240506,0.4850279908853998,13.537655869292374,13.72616167219504,-2.023555672195041
2008-04-21,13.30896,-1.739424758352635,1.3239804827195774,0.3200039755463402,0.6167146545896183,13.538506485671743,14.059780840174643,-0.7508208401746419
2008-04-22,14.275879,-1.5547984763622311,1.3411373809363418,0.2853465820351624,0.4638278988949285,13.539407099787438,14.074920485291639,0.20095851470836124
2008-04-23,15.249847,-1.3697839607923383,1.3284984202042591,0.2503441293056085,-0.006717074937310039,13.540308916836954,13.742650430617173,1.5071965693828275
2008-04-24,15.121857,-1.1845266045545162,1.295301292253424,0.21498321319821956,-0.660014705067203,13.54116682912469,13.206910024954613,1.9149469750453871
2008-04-25,12.547394,-0.9991137745323884,1.25350216095505,0.17928970858872686,-1.235889293879421,13.541964687067052,12.73975348819902,-0.1923594881990187
2008-04-26,11.392487,-0.8135138527301216,1.21454536200312,0.1433694621411021,-1.4647284804684435,13.542745782575677,12.622418273521333,-1.2299312735213341
2008-04-27,13.659332,-0.6277347507411505,1.1851293788307091,0.10730053993244279,-1.2013615287935906,13.543533766232017,13.006867405460428,0.6524645945395715
2008-04-28,12.479401,-0.44192670623483365,1.164913766647857,0.07106730230117188,-0.500533750304668,13.54428109548008,13.837801707889607,-1.3584007078896079
2008-04-29,13.918182,-0.2561015237632892,1.1483390508304574,0.034743584637894544,0.41254917811784697,13.545009489468637,14.884539779291547,-0.9663577792915472
2008-04-30,17.210663,-0.07027294914646154,1.1258092282896093,-0.0015987555755347148,1.251192048948633,13.545739630636342,15.850869203152588,1.3597937968474128
2008-05-01,17.518463,0.11540870613805018,1.086661256675489,-0.03797498635752911,1.8052024410258565,13.546423817618747,16.515721235100614,1.0027417648993868
2008-05-02,16.058441,0.3009288944151285,1.0229327002115096,-0.07430951476663034,2.0314389361855936,13.547082341405115,16.828073357450716,-0.7696323574507176
2008-05-03,16.623993,0.48627746787619375,0.9301952347231393,-0.11052103084214226,2.0406215108100145,13.547737635026705,16.89431081759391,-0.27031781759391293
2008-05-04,17.489532,0.6714340393586896,0.8066980337299301,-0.14653659380486422,1.9926938087563018,13.54840696062261,16.872696248662667,0.6168357513373337
2008-05-05,16.41452,0.8563205627973243,0.6526484325166217,-0.18232357089811685,1.968606946223337,13.549078622668299,16.844330993307466,-0.4298109933074663
2008-05-06,15.562653,1.0408280907270662,0.47004239469682096,-0.21786783453990002,1.8963169641478639,13.54972531706525,16.7390449320971,-1.1763919320971024
2008-05-07,18.369568,1.2249294141565898,0.26289269051767833,-0.2531025491478096,1.578832184410762,13.550360656984212,16.36391239692143,2.0056556030785693
2008-05-08,16.346375,1.4085294777098205,0.037579855275099355,-0.2880071403384243,0.8155884704714222,13.550964269175243,15.52465493229316,0.8217200677068384
2008-05-09,15.300354,1.5916711988711076,-0.19452796584798202,-0.32247298735898733,-0.4418654538518577,13.551584780657462,14.184389572469742,1.1159644275302583
2008-05-10,10.179749,1.774319876205725,-0.41815101157985357,-0.35643827503739084,-2.0037187186376957,13.552231811947077,12.548243682897862,-2.368494682897863
2008-05-11,8.643921,1.956593187388031,-0.6148677562240833,-0.38973794408167184,-3.472665710559888,13.55299117894599,11.032312955468377,-2.388391955468377
2008-05-12,10.234131,2.1384905572047104,-0.7679672267099997,-0.4222869462445754,-4.398105117730408,13.553889474198156,10.104020740717884,0.13011025928211595
2008-05-13,10.108276,2.319921068640013,-0.8660760658300612,-0.4540667466527472,-4.471111573850691,13.554908096631664,10.083574778938178,0.0247012210618216
2008-05-14,11.799988,2.500761746797042,-0.9050761388762578,-0.48508494927126994,-3.664612515824798,13.556012406994409,11.002000549819126,0.7979874501808748
2008-05-15,14.893402,2.6808587576965146,-0.8893067835387116,-0.5153734277992121,-2.252263509091608,13.557152270281325,12.581067307548308,2.3123346924516923
2008-05-16,14.673157,2.8600936891426163,-0.8299026501342739,-0.5449434166749987,-0.6891199733106872,13.558295205803589,14.354422854826245,0.31873414517375487
2008-05-17,15.584595,3.038399952053335,-0.7411174815255879,-0.5737691495855737,0.5879308643419013,13.559434508767533,15.870878694051607,-0.2862836940516065
2008-05-18,15.741333,3.215806579392537,-0.6377401541201897,-0.6017624646275878,1.3370439149426645,13.560611174675959,16.87395905026338,-1.1326260502633811
2008-05-19,17.638153,3.3922417233301894,-0.532893135167353,-0.6289007786417345,1.5877939100099965,13.561815534942397,17.380057254473495,0.2580957455265036
2008-05-20,17.134186,3.5675706989427436,-0.4374417973528787,-0.655202656979921,1.582427700656085,13.563006409988974,17.620360355255002,-0.4861743552550024
2008-05-21,16.475098,3.7417929280771505,-0.3594693463616636,-0.6805996740322652,1.6220840020603884,13.564209589907607,17.88801749965122,-1.4129194996512204
2008-05-22,19.216461,3.9148965879869557,-0.3057216000824562,-0.7050316523716814,1.8927764748706977,13.565445021372794,18.36236483177631,0.8540961682236876
2008-05-23,20.471405,4.086769566729058,-0.2826345312243064,-0.7285105882694123,2.3627802166906084,13.566682304462987,19.005086968388934,1.4663180316110669
2008-05-24,18.907562,4.257345332439937,-0.2944896294862527,-0.75102468929261,2.805294011233725,13.567913854041175,19.585038878935976,-0.6774768789359769
2008-05-25,19.334991,4.42650284124986,-0.3418118867840136,-0.7725976201098558,2.921338798161659,13.569104508672815,19.802536641190464,-0.4675456411904655
2008-05-26,19.545746,4.594223986741429,-0.4203720569785459,-0.7931877031599972,2.4962541416877273,13.570270290262293,19.447188658552907,0.09855734144709416
2008-05-27,19.175354,4.760493349954909,-0.5207211813886916,-0.8127510160909373,1.5140889505520323,13.571428296788028,18.51253839981534,0.6628156001846577
2008-05-28,19.028595,4.925171908845016,-0.6296418501673975,-0.8313220551269933,0.17288992584609672,13.572533617547526,17.209631546944248,1.8189634530557512
2008-05-29,14.224579,5.088207106817942,-0.7325646252924187,-0.8488797541958285,-1.1988054202746365,13.57358438686443,15.881541693919488,-1.6569626939194873
2008-05-30,14.000977,5.249726204635344,-0.8159744691605761,-0.8652872224389645,-2.275935874251382,13.574668391581337,14.867197030365759,-0.8662200303657581
2008-05-31,11.714691,5.409698599554595,-0.8718561539055958,-0.8805092969780528,-2.8621715086204857,13.575794087195383,14.370955727245844,-2.656264727245844
2008-06-01,16.881378,5.568165577080524,-0.8976429997125586,-0.8944661638874898,-2.935749744057596,13.577005681592652,14.417312351015532,2.4640656489844694
2008-06-02,16.427368,5.724890884526724,-0.8973999716401394,-0.9072648497381126,-2.6185425590703297,13.578208307383338,14.879891811461482,1.5474761885385195
2008-06-03,13.94278,5.879899403033534,-0.8772926945793006,-0.9188456955294235,-2.079750724811427,13.579437714540559,15.583448002653942,-1.6406680026539409
2008-06-04,16.151001,6.033220673877352,-0.8446651369527345,-0.9291456309229056,-1.453593784646829,13.580731703811773,16.38654782516666,-0.23554682516665792
2008-06-05,17.218933,6.184747610053155,-0.808093384435861,-0.9381952750766147,-0.8067620386001145,13.58205947465973,17.213756386600295,0.005176613399704877
2008-06-06,20.010498,6.334393265007813,-0.7759040891632083,-0.9460173750570874,-0.15697790391368796,13.583400027434747,18.038893924308578,1.9716040756914204
2008-06-07,19.350128,6.482050495886992,-0.7563564559117149,-0.9526489665110315,0.47209479281061034,13.584721895192514,18.82986176146737,0.5202662385326313
2008-06-08,19.225128,6.627727210663309,-0.7563453400290587,-0.9580506510869088,1.0092443426407443,13.58605083180638,19.508626393994465,-0.2834983939944635
2008-06-09,18.519958,6.771334617853579,-0.7813263016563304,-0.9622477991812632,1.3339966052180376,13.58736384551002,19.949120967744044,-1.4291629677440447
2008-06-10,20.035767,6.912855363057832,-0.8333502344958081,-0.96522198752961,1.329968270713007,13.588673394514943,20.032924806260365,0.002842193739635235
2008-06-11,20.222198,7.052221846281439,-0.9101005584597763,-0.9669887750572673,0.9600959788886917,13.589966510947548,19.725195002600636,0.49700299739936327
2008-06-12,16.112244,7.1894060905047334,-1.0037081427556114,-0.9675412188286939,0.3223069274155179,13.591249790616581,19.131713446952528,-3.0194694469525274
2008-06-13,19.869537,7.324517010052325,-1.1015415629728504,-0.9667863910223942,-0.3584701759374718,13.592598018316487,18.490316898436095,1.3792201015639058
2008-06-14,19.846527,7.457383656817322,-1.1914939556904245,-0.9648138818600642,-0.8143916197558048,13.59394551672637,18.0806297162374,1.7658972837625981
2008-06-15,17.629028,7.587975753839277,-1.2630617638776127,-0.9616250894805849,-0.8395665742728398,13.595296790758049,18.11901911696629,-0.48999111696628717
2008-06-16,19.097443,7.716315398678827,-1.3104648766726457,-0.957191638794902,-0.3852239899393322,13.596682244853476,18.660117138125422,0.43732586187457656
2008-06-17,20.09549,7.842308763138278,-1.3347918011033741,-0.9515635352365007,0.40676324039448325,13.598073936913545,19.560790604106433,0.5346993958935684
2008-06-18,19.62204,7.96590628295031,-1.3419972195359873,-0.9447602189695461,1.2580242025978459,13.599465537332541,20.53663858437516,-0.9145985843751632
2008-06-19,20.522156,8.087100967150784,-1.33996892546949,-0.9367750871663919,1.8650662750540126,13.600871608426788,21.2762948379957,-0.7541388379957006
2008-06-20,21.913635,8.205866207964085,-1.3358165426963515,-0.9276177824162919,2.016942689121442,13.602296601411865,21.56167117338475,0.3519638266152505
2008-06-21,21.503265,8.322133470601308,-1.3334016829628617,-0.91732707735239,1.66982824280936,13.603723698619532,21.34495665171495,0.15830834828505047
2008-06-22,19.911224,8.435849035358142,-1.3322782788642498,-0.9059317677359823,0.9470063607579708,13.605143178587742,20.749788528103622,-0.8385645281036211
2008-06-23,19.587646,8.547067187533287,-1.3288420666807836,-0.8933899699778146,0.06947817575607233,13.60659900201482,20.00091232864558,-0.4132663286455802
2008-06-24,21.14859,8.655752829910856,-1.3191247070790588,-0.8797189712424084,-0.7424391924608271,13.608089971012332,19.322559930140894,1.8260300698591045
2008-06-25,20.069824,8.761797482706312,-1.300465165515548,-0.8649848654175756,-1.3428941532801753,13.609577689717021,18.863030988210035,1.2067930117899657
2008-06-26,16.358582,8.865218220056299,-1.2709603699679197,-0.8491743838714889,-1.6789782759080407,13.611086149651982,18.67719133996083,-2.318609339960833
2008-06-27,19.412079,8.966141774839851,-1.228835850666863,-0.832206609430862,-1.7635878949899266,13.612693936136795,18.754205355888992,0.6578736441110067
2008-06-28,20.745026,9.06447747369925,-1.1732031801134766,-0.814148522403648,-1.633868129767562,13.614370575445509,19.057628216860074,1.6873977831399252
2008-06-29,19.32779,9.160131419616839,-1.1017839616165486,-0.7950757538971236,-1.314278339820076,13.616083725074976,19.565077089358066,-0.23728708935806608
2008-06-30,18.985779,9.253124151212553,-1.0109429521078466,-0.7749894302677369,-0.8191164012343343,13.61785790247405,20.265933270076687,-1.280154270076686
2008-07-01,20.116089,9.343377915119689,-0.8981529098993032,-0.7539523353435111,-0.18800361680177363,13.619667858359163,21.122936911434262,-1.0068479114342637
2008-07-02,21.168,9.430829613947715,-0.763716095662338,-0.732022037551187,0.4821302239738329,13.621495365210013,22.038717069918036,-0.8707170699180367
2008-07-03,22.519318,9.515422592145601,-0.6115996050512087,-0.7092563834984198,1.0381834421053147,13.623325067083327,22.856075112784612,-0.33675711278461407
2008-07-04,24.05017,9.597066230213773,-0.4489946668746162,-0.68573377386726,1.3153177573775554,13.625124101930364,23.402779648779813,0.6473903512201886
2008-07-05,24.848175,9.675726857976912,-0.2841766027631258,-0.6614948990183857,1.2084335154610333,13.626887692210417,23.56537656386685,1.2827984361331524
2008-07-06,24.842896,9.751374094038948,-0.1239402157205894,-0.6365805873852264,0.7330085884573676,13.628612243070078,23.352474122460578,1.490421877539422
2008-07-07,22.934265,9.823940799124454,0.028380903593360686,-0.6110531749681604,0.03974904256192784,13.630275257952842,22.911292828264422,0.022972171735577973
2008-07-08,21.828491,9.893511931658523,0.17364393925198007,-0.5848742665065194,-0.6316886395272543,13.63192982375591,22.482522788632636,-0.6540317886326363
2008-07-09,21.477295,9.960083159427791,0.3145698188481755,-0.5580662787780847,-1.0465438234585343,13.633583882719993,22.30362675875934,-0.8263317587593377
2008-07-10,21.703125,10.023665879521177,0.45337677354353884,-0.5306441011499339,-1.0692726376100294,13.635252809537251,22.512378723842005,-0.809253723842005
2008-07-11,22.815704,10.084245868672271,0.5895088872494221,-0.5026400314634838,-0.7171522861703428,13.636938626773457,23.090901065061324,-0.2751970650613238
2008-07-12,25.046753,10.141756836853745,0.7187168405755134,-0.4741274517846049,-0.14917048329498234,13.638616967164793,23.875792709514464,1.1709602904855352
2008-07-13,25.267334,10.196129103586369,0.834277177800183,-0.4451854082770207,0.40539579341573156,13.640261262887224,24.630877929412485,0.6364560705875171
2008-07-14,25.179108,10.247328741775451,0.9302232894544438,-0.4158662693867654,0.7469207400498561,13.64186233357805,25.150468835471038,0.028639164528961203
2008-07-15,24.577362,10.295373932595139,1.0039735632361286,-0.3861888213797301,0.7849692245012416,13.643436642276034,25.341564541228813,-0.764202541228812
2008-07-16,24.87738,10.34027745863651,1.057769039578808,-0.3561769278646187,0.566508444235017,13.64499743987563,25.25337545446135,-0.37599545446134996
2008-07-17,25.872894,10.381976490265512,1.0978600400512466,-0.3259009736609484,0.24362833539608925,13.646519548509087,25.044083440560986,0.8288105594390132
2008-07-18,24.748077,10.420405455573825,1.1324133403630778,-0.2954334955692943,0.0006492175766810843,13.647975988498901,24.906010506443188,-0.1579335064431895
2008-07-19,26.081055,10.455622384917769,1.169071974574058,-0.2647671865791369,-0.026526400666267803,13.649401147612306,24.982801919858726,1.0982530801412729
2008-07-20,24.403381,10.487606110530233,1.2115907486552142,-0.23394725914391595,0.18950333597610391,13.65078929476871,25.305542230786344,-0.9021612307863442
2008-07-21,24.607544,10.516374085576263,1.2601073476499438,-0.20299578842353116,0.559706895014633,13.652153495576734,25.785346035394042,-1.1778020353940413
2008-07-22,25.744385,10.54190869963011,1.311619519499497,-0.17196027673727074,0.9142142288391277,13.653488711085306,26.24927088231677,-0.5048858823167706
2008-07-23,26.487488,10.56417665065851,1.3626182374426554,-0.14089838487187736,1.073050223559515,13.654781549968675,26.513728276757476,-0.026240276757476977
2008-07-24,26.457245,10.583157365510562,1.4116651388942965,-0.10985599937095611,0.9209665540086015,13.656024427753543,26.461957486796045,-0.004712486796044857
2008-07-25,26.630402,10.598861895626221,1.4602772395243369,-0.07885728143620711,0.4554055283209112,13.657225066754982,26.092912448790244,0.537489551209756
2008-07-26,26.382324,10.61131837263481,1.5117014988942576,-0.04791711299510116,-0.2103581998561292,13.658399335758022,25.52314389443586,0.859180105564139
2008-07-27,25.158112,10.620547712878079,1.5686930109227257,-0.017054639026383635,-0.8879473844116195,13.65955890528328,24.943797605646083,0.21431439435391653
2008-07-28,25.751648,10.626566664511465,1.6313713559370213,0.013706779352426566,-1.3833667882797454,13.660712776938515,24.548990788459683,1.2026572115403162
2008-07-29,24.937347,10.629335907713479,1.6957990780596346,0.0443023797250426,-1.569847397753367,13.661841544605002,24.46143151234979,0.47591548765020875
2008-07-30,23.716125,10.628833672659354,1.755350114896573,0.07468209252827213,-1.4308842122903735,13.662934135476526,24.69091580327035,-0.9747908032703485
2008-07-31,24.061615,10.625132770286992,1.8027534470852973,0.10486210978974636,-1.0603370430327064,13.66402613698595,25.13643742111528,-1.0748224211152788
2008-08-01,24.251892,10.618212678263152,1.832004980513239,0.13479380048840664,-0.6171587325346567,13.665105977543313,25.632958704273456,-1.3810667042734543
2008-08-02,26.024933,10.608105195836238,1.8404698718270902,0.16445925913966208,-0.2514156797594494,13.666187881271828,26.027806528315367,-0.002873528315365803
2008-08-03,27.586884,10.594759771938495,1.8284134826871647,0.19378846567688385,-0.040942573529811135,13.667244318386798,26.24326346515953,1.343620534840472
2008-08-04,27.509186,10.578173344327162,1.797949479270853,0.22274489247806045,0.03511681715468616,13.668270879731685,26.302255412962445,1.2069305870375544
2008-08-05,25.331451,10.558342605314577,1.7510772308856817,0.25129225535504945,0.0703527771494813,13.669262585347157,26.300327454051946,-0.9688764540519443
2008-08-06,25.826385,10.535340807646694,1.6882224524873275,0.279444840411438,0.16678236258829907,13.670252295211105,26.340042758344865,-0.5136577583448663
2008-08-07,26.876526,10.509169028659242,1.6070583077228382,0.3071708235476822,0.36545456176593927,13.671236233308782,26.460088955004483,0.41643704499551504
2008-08-08,27.815979,10.479810998146442,1.5040753349656677,0.33442570786004,0.6176603997758724,13.672201445711629,26.608173886459653,1.2078051135403456
2008-08-09,26.42862,10.447259944166891,1.3769386437518347,0.36116797020103186,0.8126535651406254,13.673139445764791,26.671159569025175,-0.24253956902517615
2008-08-10,24.372528,10.411571362021425,1.2266525354420252,0.38739856977553166,0.848111642248607,13.674072314948164,26.547806424435752,-2.175278424435753
2008-08-11,25.328186,10.372816855045427,1.0576045615093146,0.4131274718462457,0.7001948262233201,13.67502979044243,26.218773505066736,-0.8905875050667369
2008-08-12,25.352692,10.330941224878657,0.875563440711493,0.4382821995587136,0.450759006551877,13.67597769585083,25.771523567551572,-0.418831567551571
2008-08-13,26.189636,10.285974352958533,0.6863383245566438,0.4628472428745387,0.2551417470403276,13.676923908003582,25.367225575433626,0.8224104245663746
2008-08-14,27.08377,10.237959002024207,0.49339902733426794,0.48681671071844923,0.2564020008542083,13.677882265989723,25.152459006920857,1.9313109930791441
2008-08-15,27.56958,10.186878867969593,0.29701173450757773,0.5101434513960965,0.49492483978189783,13.678836677583153,25.16779557123832,2.4017844287616796
2008-08-16,26.338593,10.132719984976305,0.0952712224857015,0.5327794535196269,0.865708845286332,13.679771724692182,25.306251230960147,1.0323417690398529
2008-08-17,21.616028,10.075527546150013,-0.11334215935918439,0.5547186893264002,1.1537908944062591,13.680701027120852,25.35139599764434,-3.735367997644339
2008-08-18,23.362366,10.015400059540188,-0.3273431436004619,0.5759913567416723,1.1346016130709358,13.681664455206638,25.08031434095897,-1.7179483409589693
2008-08-19,25.961548,9.952321557580383,-0.5422570496290456,0.5965511581695622,0.686588693084316,13.68264426338102,24.375848622586236,1.5856993774137642
2008-08-20,24.29303,9.886258130698673,-0.7495273650829024,0.6163424254023088,-0.13129199083499746,13.683613183842192,23.305394384025274,0.9876356159747282
2008-08-21,22.457336,9.817289966633094,-0.9370132297225509,0.6353862678577036,-1.087885390392022,13.684600677432217,22.11237829180844,0.34495770819156135
2008-08-22,19.93692,9.745528394634022,-1.092338120476289,0.6537231910677723,-1.8780115287481285,13.685651437756267,21.114553374233644,-1.1776333742336433
2008-08-23,19.562592,9.671006142017346,-1.2055371083353168,0.6713443763513631,-2.2545886049397383,13.686770396352863,20.568995201446516,-1.006403201446517
2008-08-24,21.05368,9.593745464424979,-1.270775120621978,0.6882359703301505,-2.1306479817335457,13.687956767179848,20.568515099579454,0.4851649004205463
2008-08-25,21.370667,9.513709252546116,-1.2864529448943087,0.7043408802497881,-1.6010060718172923,13.689179713569247,21.01977082965355,0.35089617034645215
2008-08-26,21.411926,9.430916512881419,-1.2537043405275634,0.7196351818454196,-0.8782483013108556,13.690436172552417,21.709035225440836,-0.29710922544083473
2008-08-27,22.593689,9.345380209122627,-1.1756063039563405,0.7340899388238922,-0.18660363691909737,13.691719696080852,22.408979903151934,0.18470909684806713
2008-08-28,23.059845,9.257116918222035,-1.0569096306402535,0.7476780204269216,0.33050368771809474,13.693025207497413,22.97141420322421,0.08843079677578913
2008-08-29,23.367401,9.166100561264491,-0.9039760303320227,0.7603476933156894,0.6471692885922904,13.69432591171536,23.363967424555806,0.0034335754441947586
2008-08-30,23.446075,9.072366634440868,-0.7251864979327591,0.7720935979267555,0.8247642519324245,13.695625254387616,23.639663240754906,-0.19358824075490588
2008-08-31,23.71164,8.975907852412302,-0.5313551945524693,0.7828801984574494,0.9428071793728233,13.696904971360048,23.867145007050155,-0.1555050070501558
2008-09-01,24.30545,8.876701045785879,-0.3353179369303927,0.7926595029738399,1.0370918548415569,13.698138520649037,24.06927298731992,0.23617701268008062
2008-09-02,24.423035,8.774814454690876,-0.15041076556242175,0.8014452785548349,1.0816823500639305,13.699344705337815,24.206876023085037,0.21615897691496144
2008-09-03,24.770142,8.67024592810962,0.011507559559994697,0.8092078791844772,1.019652322590152,13.700506594604839,24.211120284049084,0.5590217159509159
2008-09-04,23.30008,8.563038941310998,0.1421737273179319,0.8159477827558703,0.8159219283392964,13.701629592905524,24.03871197262962,-0.7386319726296193
2008-09-05,24.322845,8.453266256239491,0.238328295446522,0.8216883631458476,0.4944869219578347,13.702733314521348,23.710503151311045,0.6123418486889562
2008-09-06,23.84671,8.340955331219899,0.3008315403003455,0.8264244446127696,0.13189426690698514,13.703814382083719,23.30391996512372,0.5427900348762833
2008-09-07,23.73227,8.226164873798368,0.3340681599863291,0.8301705792418101,-0.1806713638418681,13.704884704489938,22.914616953674575,0.8176530463254252
2008-09-08,22.682953,8.108949138169745,0.3440064345166575,0.8329391054086178,-0.38525669001776625,13.705953635070548,22.606591623147803,0.0763613768521978
2008-09-09,21.451294,7.989381046333996,0.3367854779650086,0.834757514802876,-0.4808530798346511,13.707039480351238,22.387110439618468,-0.9358164396184669
2008-09-10,20.407104,7.867477008650576,0.3172627908390957,0.8356149165503662,-0.511725460828759,13.708131881996053,22.21676113720733,-1.8096571372073313
2008-09-11,20.133362,7.743290979062656,0.2886175521014052,0.8355227897468798,-0.52813821558879,13.709238877469968,22.04853198279212,-1.9151699827921185
2008-09-12,23.435944,7.616829045414951,0.25227435074770516,0.8344621395532652,-0.5483411262943663,13.710344270142075,21.86556867956363,1.5703753204363693
2008-09-13,23.167023,7.488041642328296,0.2078444869576748,0.8323778335907166,-0.5486251015484722,13.711403611346721,21.691042472674937,1.4759805273250635
2008-09-14,21.89096,7.3570283195107695,0.15477133215026972,0.8293102374411452,-0.4823817817229227,13.712446860248575,21.571174967627837,0.31978503237216316
2008-09-15,21.083466,7.223864053450087,0.09189208692391289,0.825284257662391,-0.3218425323224069,13.713491423087435,21.53268928880142,-0.44922328880142004
2008-09-16,20.914093,7.088620962563597,0.017317234724848612,0.8203238467707319,-0.08660637075516844,13.71455286848597,21.55420854178998,-0.640115541789978
2008-09-17,22.203674,6.9513629570339734,-0.07132129171485355,0.8144489225300591,0.16345243789475541,13.715642257891718,21.57358528363565,0.630088716364348
2008-09-18,20.708313,6.812033753988888,-0.17651108955759479,0.8076018558790827,0.36709002671490604,13.716710200005844,21.526924747031124,-0.8186117470311238
2008-09-19,21.682648,6.670713918309659,-0.29903520190618593,0.7998150480473063,0.5083704403361753,13.717775570865303,21.39763977565226,0.28500822434774165
2008-09-20,22.312408,6.527444520205265,-0.43823245602405364,0.7910969598846478,0.6279594462101773,13.718837223845524,21.227105694121562,1.0853023058784395
2008-09-21,21.93216,6.382247372619654,-0.5912917855001295,0.7814443766222607,0.7920286512508408,13.719884061759817,21.084312676752443,0.8478473232475565
2008-09-22,18.656647,6.235186542867396,-0.7531895236224865,0.7708830041199133,1.0300696954526116,13.720925827026043,21.003875545843478,-2.3472285458434783
2008-09-23,21.611603,6.086357950803165,-0.9170318171952697,0.759461757181356,1.282745097817479,13.72198793156441,20.93352092017114,0.678082079828858
2008-09-24,20.886017,5.9357046537333495,-1.0761403660948299,0.7471308046321272,1.3972902567316525,13.723019119251617,20.727004468253917,0.15901253174608243
2008-09-25,21.899109,5.783315010903975,-1.2225945523922168,0.7339329282268394,1.198915800916587,13.72404055981589,20.217609747471073,1.6814992525289263
2008-09-26,20.662048,5.6291990733149655,-1.3484043149799871,0.7198635854601092,0.5918477606678497,13.72503387313,19.317539977592936,1.3445080224070622
2008-09-27,16.163269,5.473460011731635,-1.4450934658022623,0.7049827250944594,-0.3561430913968385,13.7260269888752,18.103233168502193,-1.9399641685021933
2008-09-28,14.953674,5.3162908076505655,-1.5044773936650178,0.6894067688921148,-1.4057517043374095,13.727092556635645,16.822561035175898,-1.8688870351758986
2008-09-29,14.81839,5.15768038746822,-1.5213611969745178,0.6731196636115858,-2.2321575891168663,13.728200974388127,15.805482239376548,-0.9870922393765476
2008-09-30,16.412506,4.99768585876865,-1.494151866558338,0.6561535165523009,-2.5606363323686856,13.729356561266144,15.32840773766007,1.0840982623399302
2008-10-01,15.697632,4.8362786508221784,-1.4258987445610405,0.6384823628525303,-2.29177789918232,13.730520590036033,15.487604959967381,0.21002704003261918
2008-10-02,16.534393,4.67356051812364,-1.3232366062071423,0.6201620568819907,-1.5477983127908133,13.731719390832785,16.15440704684046,0.3799859531595402
2008-10-03,16.5542,4.509572450972424,-1.1959963351272827,0.6012120435402446,-0.6207882532750169,13.732948651435738,17.026948557546106,-0.47274855754610456
2008-10-04,17.594086,4.344383651663302,-1.0548711805792463,0.5816670436728137,0.1591824128116987,13.734218186482828,17.764580114051395,-0.1704941140513938
2008-10-05,18.587006,4.17797705220911,-0.9098415884974989,0.5615036813839501,0.5663957346575551,13.735494441792444,18.13152932154556,0.4554766784544384
2008-10-06,17.685852,4.010334937648373,-0.7683477264086596,0.5407013456334246,0.5664861849637043,13.736743244912622,18.085917986749465,-0.40006598674946403
2008-10-07,18.844086,3.841535476879903,-0.6344569985973513,0.5193021584574709,0.30574422692734443,13.737978264438764,17.770103128106133,1.0739828718938682
2008-10-08,16.694336,3.671626249342771,-0.5101746554677956,0.497326274617843,0.011434041433231797,13.73919781502182,17.40940972494787,-0.7150737249478709
2008-10-09,17.491882,3.500714402714465,-0.39565293023138615,0.47483538686448656,-0.1330782028409784,13.740429883333372,17.18724853983996,0.30463346016004067
2008-10-10,18.988007,3.3287707398530584,-0.291211722078929,0.451804998766568,-0.08031736386411653,13.741634021339493,17.150680674016073,1.837326325983927
2008-10-11,17.522156,3.1558006033017163,-0.19671260648042518,0.4282300933725274,0.0777631750212742,13.742786915406874,17.20786818062197,0.3142878193780305
2008-10-12,15.172516,2.9819291754499275,-0.11020932958265003,0.4041850111804322,0.18510129535583972,13.743925007836797,17.204931160240346,-2.0324151602403457
2008-10-13,16.449554,2.8072304571461575,-0.027854728127224095,0.37971379057085886,0.12456666872674318,13.74505892824264,17.028715116559177,-0.5791611165591775
2008-10-14,17.161438,2.6317456107961785,0.05542930326690963,0.3548375999505552,-0.10782068868735777,13.746182750256953,16.680374575583237,0.48106342441676375
2008-10-15,16.831543,2.45548526106159,0.14548514821468034,0.3295576536041305,-0.39244892290219385,13.747275119065344,16.28535425904355,0.546188740956449
2008-10-16,15.864258,2.278496054782528,0.24707319583693618,0.30389817022148147,-0.5476790128892558,13.748332659833643,16.030121067785334,-0.16586306778533455
2008-10-17,16.010681,2.1008501777563455,0.36145978176953886,0.2779012954776443,-0.42732428949806345,13.74936469717409,16.062251662679557,-0.05157066267955557
2008-10-18,16.529724,1.9226337522221715,0.484631913328367,0.2516189963261063,-0.0007298670296501395,13.75038744289957,16.408542237746563,0.12118176225343902
2008-10-19,16.611359,1.743877008396622,0.6075496252794977,0.22506880284281014,0.6275760745021453,13.751388987281361,16.955460498302436,-0.34410149830243597
2008-10-20,17.131012,1.5646388692971824,0.7185977995494512,0.19828768908697691,1.2654830589682449,13.75237165740568,17.499379074307534,-0.36836707430753535
2008-10-21,16.643433,1.3849436960842159,0.8067552828027587,0.17128978827724578,1.718321494019624,13.753320567951347,17.834630829135193,-1.1911978291351915
2008-10-22,17.281403,1.2048516527163906,0.8650903991861989,0.14411398525664043,1.8678989434407194,13.754238586432782,17.83619356703273,-0.5547905670327289
2008-10-23,17.526642,1.0244185912632535,0.8922124742409907,0.11679543390680497,1.7050114025259235,13.755126332221485,17.49356423415846,0.033077765841539986
2008-10-24,18.527618,0.8436310403482616,0.8920097118089746,0.08932510755306199,1.3082373153875957,13.755949712642233,16.889152887740124,1.6384651122598761
2008-10-25,17.497986,0.662557707610447,0.8714604309066625,0.06174855174911044,0.7874785231718674,13.756715682046442,16.139960895484528,1.3580251045154732
2008-10-26,15.760284,0.4812860799289759,0.8378090779183843,0.03412203474861537,0.230583706820805,13.75744050597577,15.341241405392552,0.41904259460744875
2008-10-27,13.791962,0.2998821722241986,0.7960333223728406,0.006488651771688472,-0.317459374321943,13.758129653821806,14.543074425868591,-0.7511124258685911
2008-10-28,13.773651,0.11852744795979556,0.7484364929329392,-0.02103259049551339,-0.8339508716126016,13.758846391048614,13.770826869833234,0.00282413016676486
2008-10-29,13.820587,-0.06272886247379833,0.6950272076816042,-0.0484109750051457,-1.2806447249609318,13.759587871735608,13.062830516977336,0.7577564830226642
2008-10-30,10.765442,-0.24384112230968352,0.6358549213099295,-0.07561829607056687,-1.5773858374024985,13.760349493808407,12.499359159335588,-1.7339171593355882
2008-10-31,12.201965,-0.424669714053464,0.5729641494631124,-0.10256470047841756,-1.615094837321753,13.761173793710709,12.191808691320187,0.010156308679812653
2008-11-01,13.126953,-0.605187350967486,0.5089287047168495,-0.12923652904690214,-1.3138493083932583,13.762047110372917,12.22270262668212,0.9042503733178808
2008-11-02,13.139374,-0.7853866785092309,0.4462831173368876,-0.1556338843812872,-0.6854434527993681,13.762945817471282,12.582764919118283,0.5566090808817172
2008-11-03,13.367493,-0.9653366312820149,0.38567038991774344,-0.18180752624869928,0.1298752264416563,13.763808189856173,13.132209648684858,0.23528335131514133
2008-11-04,12.865295,-1.145016743186,0.3246662686283237,-0.20775484035040645,0.8831479948702881,13.764617372760682,13.619660052722887,-0.7543650527228873
2008-11-05,10.375488,-1.324285842277697,0.2583121765191407,-0.23339016997705334,1.2979955244557162,13.765416889707595,13.764048578427701,-3.3885605784277004
2008-11-06,14.902954,-1.5030132422229583,0.18116970280476458,-0.2586311622545128,1.1844485575733532,13.76624500319926,13.370218859099905,1.532735140900094
2008-11-07,14.9305725,-1.6812697482161076,0.08889714746459816,-0.28352472682781177,0.5327782629865464,13.767039134303223,12.423920069710448,2.5066524302895523
2008-11-08,10.057617,-1.8589833538131932,-0.016927707750573052,-0.3080243819424042,-0.4462049823110463,13.767808427162379,11.137668001345162,-1.0800510013451614
2008-11-09,8.655518,-2.035942804528525,-0.1281987404009711,-0.3319927373008248,-1.37907411193783,13.768631867544428,9.893423473376277,-1.2379054733762764
2008-11-10,8.925781,-2.212082560584477,-0.23424515089900277,-0.35538793940600244,-1.872233010659971,13.769515612429434,9.09556695087998,-0.16978595087998016
2008-11-11,9.275482,-2.3873199022874525,-0.32543648806325143,-0.3781578267754681,-1.6723855399002938,13.770474500934519,9.007174743908053,0.2683072560919477
2008-11-12,10.027069,-2.561636357020805,-0.3970644232043371,-0.40029497399155434,-0.7813402678887786,13.771491379782889,9.631155357677414,0.39591364232258464
2008-11-13,10.902832,-2.7350559736950215,-0.4513340169082107,-0.42182768241840213,0.5282643709353618,13.77252803510967,10.692574733023397,0.21025726697660296
2008-11-14,11.955597,-2.907566497224974,-0.49596082007631054,-0.44276502371671445,1.8099255944135326,13.773564679088448,11.737197932483982,0.21839906751601745
2008-11-15,12.89093,-3.079080364065099,-0.5402922950882618,-0.4630652487210529,2.6137934219983157,13.774619394293806,12.305974908417706,0.5849550915822945
2008-11-16,12.341064,-3.2496726462854246,-0.5909406903525134,-0.4827911694659931,2.6600740016026445,13.775628968760639,12.112298464259352,0.2287655357406475
2008-11-17,12.853821,-3.4193136754972397,-0.647600247477722,-0.5019371882683781,1.946081739120188,13.776582711566222,11.153813339443069,1.7000076605569312
2008-11-18,10.338715,-3.587972214565692,-0.70273737634894,-0.5204961262766943,0.7390410574951326,13.777470832733176,9.70530617303698,0.63340882696302
2008-11-19,5.9624023,-3.7555747258092884,-0.743476867360835,-0.5384312343133246,-0.5364052033571465,13.77830485041962,8.204416819579025,-2.2420145195790253
2008-11-20,4.7304688,-3.921950833278598,-0.75649363660881,-0.5556439643284805,-1.4717966522593886,13.77914504084826,7.073259954372983,-2.342791154372983
2008-11-21,7.192108,-4.086983846872234,-0.7338568863178215,-0.5720711337408222,-1.8328305491129737,13.780024965696327,6.554282549652477,0.6378254503475231
2008-11-22,6.7940063,-4.250729766189629,-0.6758596175780088,-0.587757728413382,-1.6294908849509064,13.780891834691044,6.637053837559117,0.15695246244088334
2008-11-23,8.7621155,-4.4131451019631065,-0.5889569641005968,-0.6026854320849845,-1.0727931048011612,13.781742857820971,7.104162254871121,1.657953245128879
2008-11-24,6.8739014,-4.574175000539224,-0.4832589041256008,-0.6168300108175915,-0.4570251278399013,13.782581228532386,7.651292185210069,-0.777390785210069
2008-11-25,7.6529236,-4.733668988806752,-0.3675048321658274,-0.6301035592512212,-0.018979485542517674,13.783458156249328,8.03320129048301,-0.38027769048300986
2008-11-26,7.7106934,-4.891557652035559,-0.24741976091871115,-0.6424732709722727,0.1490558440672659,13.784384499021188,8.151989659161911,-0.44129625916191095
2008-11-27,7.2890015,-5.047814434810947,-0.12474188167178296,-0.6539386234787075,0.10787553873497854,13.785349899163217,8.066730497936758,-0.7777289979367579
2008-11-28,8.772461,-5.202418018273649,0.001005670841230398,-0.6645043281499836,0.001701750443501262,13.786341642388644,7.922126717249743,0.8503342827502571
2008-11-29,9.37207,-5.355393482877746,0.12930767876312727,-0.6742065147348013,-0.04514512805285335,13.787324167999959,7.841886721097685,1.5301832789023155
2008-11-30,6.52359,-5.5067465726723555,0.25718666515262334,-0.6830724889622988,-0.0028182636580567164,13.788272002293693,7.8528213421536055,-1.329231342153605
2008-12-01,6.9726562,-5.656320380768909,0.3796752692931694,-0.6910232719564142,0.05491901870294949,13.789241295269925,7.876491930540721,-0.9038357305407203
2008-12-02,7.2367554,-5.804082418301412,0.49026929944788916,-0.6980613383480629,0.005303163318669983,13.79022617951109,7.783654885628174,-0.5468994856281739
2008-12-03,8.510498,-5.949995137937611,0.584578282747865,-0.7041894695227975,-0.22656563681176162,13.791223702445986,7.4950517409216815,1.0154462590783186
2008-12-04,9.057892,-6.094070819764603,0.662467826224887,-0.7094416242229167,-0.5929910134362141,13.792206169836438,7.058170538637591,1.9997214613624097
2008-12-05,10.74234,-6.236314229732956,0.7286890142278861,-0.7138444500451553,-0.9162893314577882,13.79314981596201,6.655390818953997,4.086949181046004
2008-12-06,5.0178833,-6.3767321342408,0.7904904475633853,-0.7174258186391926,-0.9655498038354745,13.794030132986931,6.524812823834849,-1.5069295238348488
2008-12-07,2.968811,-6.515078096704409,0.8555027375645281,-0.7200498943683544,-0.579135598743131,13.794949637457396,6.83618878520603,-3.86737778520603
2008-12-08,5.34848,-6.651291416659689,0.9260546229877741,-0.7217039500279288,0.2160861350075756,13.79591822036292,7.565063611670651,-2.216583611670651
2008-12-09,8.773071,-6.785403147737695,0.997935598065147,-0.7224400897359,1.1735932389893644,13.79690031240878,8.460585911989696,0.3124850880103036
2008-12-10,11.411682,-6.917450533057083,1.0627469586432257,-0.7223154660110006,1.910843170430611,13.797857602508396,9.13168173251415,2.2800002674858515
2008-12-11,9.673035,-7.047472507845688,1.1119829988866128,-0.7213857456438327,2.0761681870645767,13.79875113996562,9.21804407242729,0.45499092757271065
2008-12-12,8.920776,-7.175363332707656,1.141674067937022,-0.7196107114577599,1.525285298928489,13.799614605213545,8.571599927913642,0.34917607208635815
2008-12-13,8.340454,-7.301036053221041,1.1533237383850659,-0.7169610907702946,0.4139489694170376,13.800472655536165,7.3497482193469335,0.9907057806530659
2008-12-14,2.3819885,-7.424510303285235,1.1529109129267416,-0.713476777197874,-0.8395746532298868,13.801296942036073,5.976646121249819,-3.594657621249819
2008-12-15,3.5173035,-7.545614191315535,1.1486593742177091,-0.7090759586302691,-1.7159889948758353,13.802155266944276,4.9801354963403455,-1.4628319963403453
2008-12-16,6.1160583,-7.6643872422185275,1.1443712637248615,-0.7038173926193209,-1.8255177350345906,13.803009952489795,4.753658846342217,1.3623994536577824
2008-12-17,7.1810303,-7.780862552046335,1.1377270554281578,-0.6977578016190717,-1.0848704735565344,13.803826932467853,5.3780631606740705,1.8029671393259292
2008-12-18,7.488312,-7.8950485361365885,1.1207095330835797,-0.6909378526394359,0.23252527343137988,13.804584786689889,6.571833204428824,0.9164787955711757
2008-12-19,5.662445,-8.006924028298839,1.0823045542188998,-0.6833790922522669,1.601538252506081,13.805277221766733,7.7988169079406084,-2.1363719079406085
2008-12-20,7.3230286,-8.116411588019176,1.013105011494209,-0.6750678046879188,2.466058136187457,13.805926511884245,8.493610266858816,-1.1705816668588165
2008-12-21,12.809326,-8.223486676591065,0.9084916477887384,-0.6660269053038378,2.475039646244831,13.80652883923017,8.300546551368836,4.508779448631165
2008-12-22,7.167816,-8.328326393455717,0.7706543520936742,-0.6564072074794197,1.6323369219985786,13.806979819912144,7.225237493069259,-0.05742149306925892
2008-12-23,3.2732544,-8.430677182033033,0.6107559093193923,-0.6460737843754742,0.2943322883003795,13.807390861374312,5.635728092585577,-2.362473692585577
2008-12-24,4.26886,-8.530391140646781,0.44261161638152857,-0.6349579724844182,-1.0047887135680285,13.807820779786942,4.080294569469242,0.18856543053075825
2008-12-25,6.1568604,-8.62746483357861,0.2777296987043601,-0.6230872845235471,-1.7952340681032881,13.808256530255855,3.040200042754771,3.1166603572452294
2008-12-26,0.31063843,-8.721951116326704,0.12302652298137384,-0.6105261707346887,-1.8667526486626,13.808657282854009,2.7324538701113905,-2.4218154401113905
2008-12-27,1.9780273,-8.813599598214997,-0.01814485155411622,-0.5971421828546019,-1.3304184089524629,13.809134468036355,3.0498294264601764,-1.0718021264601765
2008-12-28,2.9637756,-8.902396272953442,-0.14768679701340173,-0.5829592042583744,-0.5405518081268872,13.809681600319756,3.636087517967651,-0.6723119179676509
2008-12-29,5.2625732,-8.988316873487388,-0.2688260106974505,-0.5680014701244249,0.09999792172126427,13.810297794635332,4.085151362047332,1.177421837952668
2008-12-30,5.2900696,-9.071507799050753,-0.38433312878631176,-0.55240842568416,0.33528115804930686,13.81089733159264,4.137929136120723,1.1521404638792765
2008-12-31,2.1672668,-9.151945873280166,-0.4944838211193697,-0.536206025693236,0.16460790388966523,13.811479770334902,3.793451954131795,-1.6261851541317949
2009-01-01,2.286377,-9.22959319054982,-0.5978292679642188,-0.5194058020656676,-0.18963300422020432,13.812052302909585,3.275591038109674,-0.9892140381096741
2009-01-02,2.8225708,-9.304437734060258,-0.6938189323120992,-0.5020391228534093,-0.4292190593375192,13.81260962675598,2.883094778192694,-0.06052397819269428
2009-01-03,3.1027222,-9.376429114290154,-0.7836129133721071,-0.4841133028145389,-0.35099453687092724,13.813166180697019,2.8180163133492933,0.28470588665070684
2009-01-04,3.6766357,-9.445540045969107,-0.8701143769965064,-0.4656496388439424,0.04443838357035425,13.81372525426418,3.0768595760249777,0.5997761239750221
2009-01-05,3.5730896,-9.511796116491428,-0.9567082543962185,-0.44670073277967737,0.5593792318934595,13.814263958831312,3.4584380870574467,0.11465151294255316
2009-01-06,4.164398,-9.575123313200777,-1.0446583366599764,-0.4272549084171896,0.9116370589831069,13.814809817376414,3.679410318081578,0.48498768191842245
2009-01-07,3.321228,-9.635553132390944,-1.1317936122762717,-0.40736997988767454,0.8841742602518072,13.81533791195094,3.524795447647856,-0.20356744764785573
2009-01-08,3.4918213,-9.692988263629932,-1.2113138345237906,-0.3870198266743019,0.4355585710313026,13.815888250953439,2.9601248971567156,0.5316964028432842
2009-01-09,2.0091248,-9.747438208925377,-1.2738256688600178,-0.36624752674994043,-0.28859228056582603,13.81644793049159,2.140344245390427,-0.13121944539042696
2009-01-10,1.3683777,-9.79885799584341,-1.3094148274667345,-0.34505805214435453,-1.033740370901091,13.81703173525077,1.3299604888951801,0.03841721110481977
2009-01-11,1.0307312,-9.847167079346505,-1.3108892861871961,-0.32343456669626586,-1.5585084625440688,13.817672714568827,0.7776733197947916,0.25305788020520836
2009-01-12,1.0913696,-9.892422749759376,-1.2759731268154981,-0.30145365208981567,-1.7302657290681105,13.818335407117136,0.6182201493843369,0.47314945061566305
2009-01-13,1.2512817,-9.934627764999764,-1.2072670626157898,-0.2791573673475252,-1.5500643242112826,13.819012248912028,0.847895729737667,0.403385970262333
2009-01-14,2.0700378,-9.973815656712208,-1.1111346756579983,-0.2566055168138275,-1.1112961425506966,13.819680683752608,1.3668286920178776,0.7032091079821225
2009-01-15,0.33987427,-10.009984359202551,-0.9958093487203438,-0.23383678995066495,-0.5314811523283534,13.820336456189363,2.049224805987448,-1.7093505359874481
2009-01-16,1.5271606,-10.043043523531725,-0.8691402098172984,-0.21083433682374275,0.09748559090423457,13.821020015882167,2.795487536613635,-1.268326936613635
2009-01-17,3.45813,-10.073074272421298,-0.7386671182291189,-0.18769109690930505,0.7103530876001255,13.821686321444185,3.5326069214845894,-0.07447692148458929
2009-01-18,4.056183,-10.100118855866818,-0.6105096963958299,-0.16447187213279024,1.2419472331109846,13.822310238619846,4.189157047335392,-0.13297404733539242
2009-01-19,5.4468994,-10.124171046548739,-0.48897462416097337,-0.1412063134093221,1.6021400434691269,13.822891317371774,4.670679376721866,0.7762200232781344
2009-01-20,3.716858,-10.145185841570132,-0.37686838336461903,-0.11789462730247643,1.6825671199551424,13.823448899298553,4.866067167016469,-1.149209167016469
2009-01-21,4.1530457,-10.16307567685179,-0.2748750627262173,-0.0945041853140216,1.4055962238551685,13.82402401882152,4.697165317784659,-0.5441196177846592
2009-01-22,4.9831543,-10.177867901830917,-0.18230536917151655,-0.07107815381995555,0.7831280435378014,13.824600750009738,4.17647736872515,0.8066769312748496
2009-01-23,7.785553,-10.189646234921014,-0.09656755979186998,-0.04770165874329769,-0.04831146739198712,13.825135537057037,3.442908616208868,4.342644383791132
2009-01-24,0.19122314,-10.198524420598773,-0.013581597543268112,-0.024478758556722154,-0.8539415708850419,13.825570208390399,2.735043860806595,-2.543820720806595
2009-01-25,0.150177,-10.204263142750557,0.0733951061623006,-0.0012786375839662755,-1.379957762767079,13.826023729101259,2.3139192921619554,-2.163742292161955
2009-01-26,2.4427185,-10.206816126419987,0.16865131321133942,0.021904682019719034,-1.4689397698190478,13.826518926972666,2.3413190259646885,0.10139947403531124
2009-01-27,3.8284912,-10.206297236503454,0.27329555888342505,0.04497085354084164,-1.1242618148214647,13.826998885003093,2.814706246102441,1.0137849538975594
2009-01-28,3.0030823,-10.202674927379821,0.3857605498458339,0.06791248899677711,-0.497809648524147,13.827479976404067,3.580668439342711,-0.5775861393427109
2009-01-29,6.1705627,-10.195887275431232,0.5022243607200303,0.09074258553475646,0.18731449572836556,13.82799433705805,4.41238850360997,1.75817419639003
2009-01-30,7.3631287,-10.186057426847961,0.6164712893572618,0.11335248499983999,0.7325350898362445,13.828481947667688,5.104783385013073,2.2583453149869266
2009-01-31,6.3236084,-10.173243035103958,0.7225042388266744,0.13567607188797676,1.0345878631460257,13.828915993207083,5.548441131963802,0.7751672680361983
2009-02-01,3.2865295,-10.157423000441117,0.8158641689517397,0.15770288218425815,1.0897726927234386,13.82930947068301,5.7352262141013295,-2.4486967141013296
2009-02-02,2.9554138,-10.138543838158064,0.8942032830209349,0.17944422383062106,0.9436500831208954,13.829692017813768,5.708445769628156,-2.753031969628156
2009-02-03,6.3809204,-10.116674401494777,0.9564474466318338,0.2008295289343177,0.6281899877931555,13.830032567334252,5.4988251291987815,0.8820952708012184
2009-02-04,4.2068176,-10.091950220372798,1.002593627126368,0.22174857570530715,0.14088886017348423,13.830267026551867,5.103547869184229,-0.8967302691842294
2009-02-05,5.1077576,-10.064273245057937,1.0351899296793299,0.24224653440170024,-0.5135834062758463,13.830448575268202,4.530028388015449,0.5777292119845514
2009-02-06,4.1517334,-10.033669484918281,1.0570768749089057,0.26229094511455564,-1.261402501838917,13.830568741390412,3.8548645746566734,0.2968688253433269
2009-02-07,3.1138,-10.00014752746358,1.0714897944112547,0.28186292427735177,-1.9147238293344033,13.830628198734104,3.2691095606247274,-0.15530956062472745
2009-02-08,3.9926758,-9.963659118871078,1.0808199478189935,0.30098277898238485,-2.202191726400812,13.830656511299148,3.0466083928286363,0.946067407171364
2009-02-09,3.526184,-9.924198502504032,1.0849857288749878,0.319648323630667,-1.8789109140279832,13.8306622338543,3.432186869827939,0.09399713017206102
2009-02-10,5.1241455,-9.88165749693804,1.0812675707022423,0.3379261590576885,-0.8657650255339759,13.83070565434732,4.502476861635234,0.621668638364766
2009-02-11,2.883728,-9.836143403249277,1.0633580806464102,0.3557398776078743,0.6525967703513488,13.830739810017388,6.066291135373743,-3.182563135373743
2009-02-12,6.091461,-9.78768068085624,1.0237948977763507,0.3730610524465444,2.2475384365004767,13.830759648952933,7.6874733548200656,-1.5960123548200658
2009-02-13,11.415741,-9.736435537901531,0.9545458279372561,0.3897704048131334,3.384661713801231,13.830689446645446,8.823231855295534,2.592509144704467
2009-02-14,13.204956,-9.68256393542501,0.850422008600922,0.40575681897579596,3.6430045225459273,13.83045891184208,9.047078326539715,4.157877673460284
2009-02-15,9.012695,-9.626098435218198,0.7123209950078286,0.4209950030464887,2.909893793555243,13.830059875783911,8.247171232175274,0.7655237678247264
2009-02-16,4.9933777,-9.566916088900001,0.5479988672990536,0.4355688845518765,1.4492132483267754,13.829562435527546,6.695427346805251,-1.7020496468052508
2009-02-17,2.0162354,-9.504971731290485,0.3689871327310329,0.449515483228662,-0.19957383086622638,13.828998159077214,4.942955212880197,-2.926719812880197
2009-02-18,2.9169617,-9.440177194808404,0.1873727187489499,0.4628971206957886,-1.4415956566493344,13.828420602708931,3.5969175906959308,-0.6799558906959309
2009-02-19,4.3133545,-9.372580744741828,0.011880701380792273,0.4756829896102267,-1.869724771836282,13.827815534728245,3.0730737091411555,1.2402807908588445
2009-02-20,6.1694946,-9.302215067701619,-0.1532456538778268,0.4878543651041635,-1.4166979731847886,13.827176771740143,3.4428724420800734,2.726622157919927
2009-02-21,2.6169128,-9.229108516093564,-0.30800495437416836,0.4993983918508269,-0.3592095250155003,13.826500624156541,4.429576020524134,-1.8126632205241342
2009-02-22,6.921631,-9.15314254142952,-0.45375442899964513,0.5103973279000018,0.821010680698913,13.825857374116774,5.550368412286524,1.3712625877134759
2009-02-23,4.505127,-9.074501344624244,-0.5929735894870601,0.5207376124682843,1.63773616611559,13.825166114571497,6.316164959044067,-1.811037959044067
2009-02-24,3.8615417,-8.99311973446289,-0.7239368246034901,0.5304734856662575,1.793895833766223,13.824471255798425,6.431784016164526,-2.570242316164526
2009-02-25,8.134613,-8.90896236924824,-0.8414790584103995,0.5396458359187065,1.2651821396746927,13.823802647321303,5.878189195256063,2.256423804743937
2009-02-26,4.3937683,-8.822080807278713,-0.9386275040923375,0.5482385178787945,0.26712157002744324,13.823147054951981,4.877798831487167,-0.4840305314871678
2009-02-27,1.7971497,-8.732425721079771,-1.0068390891180108,0.5563062596433646,-0.8557301948122013,13.822542238848376,3.7838534934817574,-1.9867037934817573
2009-02-28,4.546509,-8.639997803789075,-1.040280203546934,0.5638715484353887,-1.7755495558858168,13.822001334181715,2.9300453193952762,1.6164636806047241
2009-03-01,4.101837,-8.54494995481583,-1.0382119318180756,0.5708492355533701,-2.2849837601856824,13.821461732837198,2.5241653215709796,1.5776716784290201
2009-03-02,3.5170593,-8.447234126131075,-1.0028506480795076,0.5772840708594247,-2.322694596694197,13.820961848417188,2.6254665483718345,0.8915927516281656
2009-03-03,1.289978,-8.346928735074478,-0.9385825148223091,0.5831418350450115,-1.9482790480273169,13.82047711225903,3.169828649379939,-1.879850649379939
2009-03-04,3.9461365,-8.243962676238223,-0.8494501674469328,0.5884854234553318,-1.2913800939781774,13.820058213253098,4.023750699045099,-0.0776141990450987
2009-03-05,5.985626,-8.138462645820054,-0.7395509730986797,0.5932502904710084,-0.5141476276275545,13.819657221233848,5.020746265158568,0.964879734841432
2009-03-06,6.559906,-8.03044602252763,-0.6120114466769905,0.5974454940877638,0.21517082887437233,13.8192813399713,5.989440193728813,0.5704658062711871
2009-03-07,7.467682,-7.919994845023224,-0.47026253688524156,0.6010398317229855,0.7366127649151878,13.818905830716368,6.766301045446076,0.7013809545539242
2009-03-08,5.701538,-7.807276756078586,-0.31958103923373066,0.6039439573981022,0.9190599503397717,13.81846342612517,7.214609538550728,-1.5130715385507276
2009-03-09,7.960205,-7.692234677300336,-0.1666596799505418,0.6062150694788843,0.6982085904031547,13.817999791743372,7.263529094374533,0.696675905625467
2009-03-10,7.572235,-7.574954046973118,-0.020297623942331054,0.6078195699801363,0.11302449464246768,13.817489551188293,6.943081944895448,0.6291530551045517
2009-03-11,3.994995,-7.455480234794736,0.1118259758142074,0.6087534076471992,-0.6688967782959452,13.816927728124623,6.413130098495349,-2.4181350984953496
2009-03-12,4.529602,-7.333669893535664,0.225443748960246,0.6091388681353032,-1.3736385878429074,13.816404158860447,5.943678294577425,-1.4140762945774252
2009-03-13,9.236023,-7.209581100110331,0.31870435677957765,0.6089686716998599,-1.7011358036914097,13.815908220481136,5.832864345158834,3.4031586548411656
2009-03-14,6.7203064,-7.083298133343007,0.391453433454371,0.6082206194884846,-1.4309667269053667,13.815416595989479,6.300825788683961,0.41948061131603875
2009-03-15,6.1680603,-6.954784243259449,0.4445701048189832,0.6069479519205541,-0.5140311935104898,13.8149668741431,7.397669494112698,-1.2296091941126983
2009-03-16,7.5911865,-6.823991077380164,0.47570081490883687,0.6052124972304508,0.8778229128542253,13.81460264119449,8.949347788807838,-1.358161288807838
2009-03-17,10.28537,-6.691003301023422,0.47744574949525637,0.6029887544939323,2.3858903736728387,13.81430127240137,10.589622849039975,-0.3042528490399743
2009-03-18,11.544464,-6.556068345689324,0.4385682456224477,0.6001404748657746,3.5764960628599836,13.813958987002218,11.8730954246611,-0.3286314246611006
2009-03-19,15.142761,-6.419255982362294,0.34868852116686583,0.5966449033624774,4.091570555190745,13.813561378747167,12.431209376104961,2.711551623895039
2009-03-20,9.967926,-6.280713638289445,0.20227608486083343,0.5924344754009543,3.7720870930443806,13.81305538184515,12.099139396861872,-2.131213396861872
2009-03-21,9.29953,-6.140255302087392,0.004676894712250253,0.5876689014729979,2.714676471171591,13.812555168023703,10.97932213329315,-1.6797921332931498
2009-03-22,13.070587,-5.99796404576443,-0.22989640725294444,0.5823377202901564,1.2185053995074582,13.812040471831148,9.385023138611388,3.685563861388612
2009-03-23,8.77243,-5.853990183534503,-0.48042158847432165,0.5763818941296415,-0.3306609683646749,13.811457602937002,7.722766756693145,1.0496632433068553
2009-03-24,5.7518616,-5.708196051655279,-0.7214739400912165,0.5699314342866124,-1.5908616892321836,13.81089720022527,6.3602969535332035,-0.6084353535332037
2009-03-25,6.4156494,-5.560673150185714,-0.9309416774350129,0.5629675541616561,-2.3747336851670395,13.810335465071713,5.506954506445602,0.9086948935543981
2009-03-26,4.0247498,-5.411439836372294,-1.094038059072063,0.5555180883255072,-2.682907918684342,13.809785470178399,5.176917744375208,-1.1521679443752078
2009-03-27,4.8890076,-5.260453905773973,-1.2036224405699527,0.5476495806066168,-2.6555958896108676,13.809290845505261,5.237268190157083,-0.348260590157083
2009-03-28,4.1318665,-5.107808751218891,-1.2596389441898523,0.5393414042895965,-2.4809364345351153,13.808827571364054,5.499784845709792,-1.3679183457097919
2009-03-29,5.324463,-4.95356575605318,-1.2647652206408249,0.5305940247244043,-2.2961386738214773,13.808388008534283,5.824512382743205,-0.5000493827432049
2009-03-30,6.44046,-4.797820007427372,-1.221962762992656,0.5213839377445462,-2.137150806812367,13.80794791992598,6.172398280438131,0.2680617195618691
2009-03-31,7.977051,-4.640645725942477,-1.132919201164668,0.511700621915012,-1.948890652156842,13.807493855276624,6.596738897927649,1.3803121020723514
2009-04-01,7.597351,-4.4821005569553725,-0.9991746187184858,0.5015497223431054,-1.646227210534616,13.807020801110488,7.181068137245119,0.4162828627548807
2009-04-02,6.2652893,-4.322091260902431,-0.8238880988529718,0.4910411900705516,-1.1842929625667835,13.806599384896918,7.967368252645283,-1.7020789526452829
2009-04-03,9.180237,-4.1606445578874816,-0.6144220836486212,0.48020471875830245,-0.6016163031057563,13.806240422258554,8.909762196374997,0.2704748036250031
2009-04-04,11.193207,-3.997956653374454,-0.38331310467039215,0.4689507046094893,-0.01113551540723954,13.805870191819993,9.882415622977398,1.3107913770226016
2009-04-05,9.883606,-3.834134195927918,-0.14482731919977743,0.4572468548353009,0.4612477315371351,13.805459959709903,10.744993030954644,-0.8613870309546439
2009-04-06,10.514191,-3.6691585718413324,0.08909508778619661,0.4451468154046556,0.7471346925785723,13.805043843386605,11.417261867314696,-0.9030708673146961
2009-04-07,11.622223,-3.5030351722250845,0.3109643561184914,0.4326927417259073,0.8714361189219807,13.804644122249247,11.916702166790541,-0.2944791667905413
2009-04-08,11.964722,-3.3359034948243864,0.5188206485085531,0.41983931029358834,0.9383584580654586,13.804216101142385,12.345331023185599,-0.38060902318559897
2009-04-09,13.7344055,-3.167881538687494,0.7150733113028461,0.406554026847019,1.0712563592327842,13.803725908268735,12.82872806696389,0.905677433036109
2009-04-10,14.920258,-2.999017213275063,0.902879425971019,0.3928518153242513,1.3361924515579224,13.80317491148898,13.436081391067109,1.4841766089328914
2009-04-11,15.268616,-2.829375846851994,1.0824614437058284,0.3787427185000345,1.69292792671257,13.80255580497733,14.127312047043768,1.1413039529562319
2009-04-12,13.274078,-2.6589268129411865,1.2490110382167579,0.3643005346088378,2.002108647748119,13.801909499234647,14.758402906867175,-1.484324906867176
2009-04-13,15.520782,-2.4877859389732118,1.3928105203384522,0.34949474559403515,2.0906595813875724,13.801203828193682,15.146382736540529,0.3743992634594715
2009-04-14,15.180939,-2.316000851862431,1.5016568344675498,0.3343406148986187,1.8454633890690852,13.80044089753646,15.165900884109282,0.015038115890718018
2009-04-15,15.842255,-2.143670075658122,1.5656939768423794,0.3188264535456491,1.292475068748611,13.79959731609378,14.832922739572298,1.0093322604277013
2009-04-16,14.621094,-1.9708931856861158,1.5800557622783573,0.3029352146962019,0.6063606857585996,13.798649114334188,14.31710759138123,0.30398640861876913
2009-04-17,10.845276,-1.7976862192777754,1.54619293664588,0.2867022234794774,0.04430403741956178,13.79761420186505,13.877127180132193,-3.0318511801321932
2009-04-18,13.020752,-1.6239703513420252,1.4701689340807311,0.2702275245191735,-0.17501592098686386,13.796557982452468,13.737968168723484,-0.7172161687234837
2009-04-19,14.07724,-1.4498289734167789,1.357872580623344,0.25351103125215285,0.006327080800333656,13.79546458129676,13.963346300555811,0.11389369944418881
2009-04-20,14.43927,-1.27528954309716,1.2137478633262353,0.23658783419815727,0.43762925167714845,13.794346329813534,14.407021735917915,0.03224826408208514
2009-04-21,16.279968,-1.10041610347102,1.0401255530934388,0.21946989752853097,0.8077725128620851,13.7931972662742,14.760149126287235,1.5198188737127651
2009-04-22,16.446747,-0.9252561611327923,0.8389088888867429,0.20218025941307316,0.7800768550497541,13.792019739904621,14.687929582121399,1.7588174178785998
2009-04-23,13.0355835,-0.7499790587671644,0.615065311085236,0.18466073077825235,0.15914640895472465,13.79075512553914,13.99964851759019,-0.9640650175901904
2009-04-24,11.351044,-0.5745115590796852,0.380099620363869,0.1670101906986749,-0.9898128933658888,13.789466171791773,12.772251530408743,-1.4212075304087435
2009-04-25,10.374695,-0.398854246270715,0.1511145058623067,0.14928155217063765,-2.336595951326698,13.788178668286585,11.353124528722116,-0.978429528722117
2009-04-26,12.388733,-0.22304593051782473,-0.051581113488132005,0.13150422379340518,-3.401428474809502,13.786899349339555,10.242348054317501,2.146384945682499
2009-04-27,10.005127,-0.047169707987043966,-0.2093683088607557,0.11368548652340991,-3.752591616658846,13.785612677908379,9.890168530925143,0.11495846907485685
2009-04-28,9.388062,0.12879768495139282,-0.3089065427959474,0.09590216492797207,-3.1971443359925624,13.784356373472649,10.503005344563505,-1.114943344563505
2009-04-29,11.669312,0.3048274823197593,-0.34637804579573794,0.0781927268013761,-1.8863600459108092,13.783142245481837,11.933424362896426,-0.2641123628964266
2009-04-30,14.082062,0.4808418935936387,-0.3277266962826334,0.06055921522692877,-0.2700824404816676,13.781957615530645,13.725549587586912,0.35651241241308895
2009-05-01,15.851013,0.6567333517363819,-0.2651093869821351,0.042980281153994035,1.0896860044819578,13.780774801395351,15.305065051785549,0.5459479482144509
2009-05-02,16.866455,0.8324148235846751,-0.1721236143825402,0.02544594336186709,1.7627993922189957,13.779576383634803,16.2281129284178,0.6383420715821977
2009-05-03,17.022797,1.007804691409967,-0.06001386990245576,0.007951290246768845,1.6398670996790492,13.778347761407575,16.373956972840904,0.6488400271590962
2009-05-04,16.750397,1.182887042521848,0.06395274069688289,-0.009462244556205167,0.9753829206590202,13.777107140084901,15.989867599406447,0.760529400593553
2009-05-05,14.885773,1.3576675547610395,0.19536453667005577,-0.026738728263943867,0.2591185342977317,13.775883512836298,15.561295410301181,-0.6755224103011805
2009-05-06,14.34082,1.5321493962062895,0.3304663298912491,-0.043822268365986974,-0.02606303558306397,13.774704589733052,15.567435011881539,-1.2266150118815382
2009-05-07,15.047607,1.7062872052082518,0.4634521928014507,-0.06068874401556165,0.3504261507406746,13.773573698391324,16.23305050312614,-1.185443503126141
2009-05-08,15.650696,1.880025691668197,0.5859992662615344,-0.07732679275248827,1.2427605730690465,13.772489166307652,17.40394790455394,-1.7532519045539416
2009-05-09,18.536438,2.05324630774376,0.6891959185998818,-0.09377217570619092,2.1919418968588995,13.771417714765063,18.612029662261413,-0.075591662261413
2009-05-10,21.236023,2.2258054535845018,0.7664097822524932,-0.1100785956195035,2.6490581145499204,13.770313475555533,19.301508230322945,1.9345147696770546
2009-05-11,19.862427,2.397480371867845,0.8162708390251476,-0.12634573003154562,2.2547295036852417,13.769090636817761,19.11122562136445,0.7512013786355496
2009-05-12,19.71933,2.568210794587533,0.844375305702571,-0.14256200419486054,1.0360672541186011,13.76774456263909,18.073835912852935,1.645494087147064
2009-05-13,16.73938,2.7379437299805023,0.8604585797956051,-0.15870787484530197,-0.5860137910791794,13.76627421423253,16.619954858084157,0.11942514191584408
2009-05-14,14.038696,2.906721973085289,0.8750227232773597,-0.1746978619368461,-1.9795442358249649,13.764726287338929,15.392228885939767,-1.3535328859397673
2009-05-15,13.7187805,3.0745906949329718,0.8944134366304103,-0.1904434811974055,-2.593172373601285,13.763148435796108,14.948536712560799,-1.2297562125607993
2009-05-16,15.280182,3.241562545092496,0.9177398931986431,-0.20588290146498317,-2.2097701540148393,13.76157182676216,15.505221209573476,-0.22503920957347567
2009-05-17,17.668,3.4075661169060916,0.9371446153169578,-0.22101294591766127,-1.0364070801032617,13.759985367774282,16.84727607397641,0.8207239260235895
2009-05-18,19.512909,3.5725399973100425,0.9410946639412637,-0.23582455140465786,0.40839012204025527,13.758382874632145,18.444583106519048,1.068325893480953
2009-05-19,18.742004,3.736398537013354,0.9184909501738427,-0.2503236858225367,1.5451520590749654,13.756745790559991,19.706463650999616,-0.9644596509996148
2009-05-20,20.152802,3.899138939527087,0.8623623785981797,-0.26446419523234915,1.994045342019906,13.755096872672873,20.246179337585694,-0.093377337585693
2009-05-21,20.555542,4.060669347396479,0.7702538848858608,-0.27825993395200943,1.7149614953856893,13.753414203115453,20.02103899683147,0.5345030031685276
2009-05-22,19.504425,4.220946165523754,0.6440962025193386,-0.29169143905244055,0.9756410913521566,13.751699876725027,19.300691897067836,0.20373310293216562
2009-05-23,20.853638,4.379984237124898,0.4882190958662534,-0.30470185594896704,0.17509679083246663,13.749985159839934,18.488583427714584,2.365054572285416
2009-05-24,15.417297,4.537653178616091,0.3065673229344623,-0.31733041376361737,-0.37378203517830566,13.748228231445458,17.90133628405409,-2.4840392840540897
2009-05-25,15.888916,4.6940668719571,0.10394112849307195,-0.3294568877868488,-0.5765889380752155,13.74650918528499,17.638471359873098,-1.7495553598730975
2009-05-26,19.030548,4.849218836917457,-0.11556942842958935,-0.3410404336134744,-0.5607155610577054,13.744847704390514,17.576741118207202,1.4538068817927972
2009-05-27,17.916626,5.00291976510598,-0.34649322164715596,-0.35216496224739907,-0.5467990468484575,13.743171937841055,17.50063447220402,0.41599152779598114
2009-05-28,15.30661,5.155145041813052,-0.5790853549284265,-0.3628093032150611,-0.6809922509091489,13.74149232395936,17.273750456719775,-1.9671404567197754
2009-05-29,16.251373,5.3059239255337065,-0.8004052669819435,-0.37291913143519273,-0.9402014980901467,13.739846129111738,16.93224415813816,-0.6808711581381601
2009-05-30,17.968597,5.455062550006897,-0.9977629503561055,-0.38258530428859894,-1.157794262944384,13.738158685775797,16.655078718193604,1.3135182818063953
2009-05-31,18.730621,5.602452547143532,-1.1609303129735258,-0.39184440824817046,-1.1403762753922275,13.736397916354324,16.645699466883933,2.0849215331160664
2009-06-01,15.212616,5.748023104335301,-1.2844505213653838,-0.40070356416489883,-0.8033250774108509,13.734550122732784,16.99409406412695,-1.7814780641269508
2009-06-02,19.17395,5.891921106556446,-1.3678762926526302,-0.40902899128371406,-0.2374735801243308,13.732710224799654,17.610252467295425,1.5636975327045768
2009-06-03,18.345215,6.034000428672043,-1.4170280421964907,-0.4168801542115187,0.32761685470330354,13.730826090265193,18.25853517723253,0.08667982276746855
2009-06-04,18.591217,6.174227990927263,-1.4388692720237108,-0.42423972898257606,0.6597708265576122,13.728901847278419,18.699791663757008,-0.10857466375700753
2009-06-05,17.00058,6.312599000322656,-1.4396345588485961,-0.4310710706007277,0.6559671734712573,13.72695548717937,18.82481603152396,-1.8242360315239594
2009-06-06,18.172852,6.449125758618761,-1.4229310855166701,-0.43733131529874103,0.40105239022639905,13.725013433330458,18.714929181360205,-0.5420771813602059
2009-06-07,20.750885,6.5837945400738676,-1.3906980828306694,-0.44299961417390143,0.11165132507689796,13.723088852261247,18.58483702040744,2.166047979592559
2009-06-08,18.089172,6.716499176649693,-1.3445395744427715,-0.44811874530100315,0.004436326467668568,13.72114856872993,18.649425752103518,-0.5602537521035167
2009-06-09,19.602753,6.84723981427635,-1.2861568659828775,-0.45266121260763453,0.1669711020135641,13.71921228421847,18.99460512191787,0.6081478780821286
2009-06-10,19.693817,6.975916782289005,-1.219825660556225,-0.4566628226531364,0.4977823653142389,13.717249238307362,19.514459902701244,0.17935709729875526
2009-06-11,18.439087,7.10255648530681,-1.150486263982206,-0.4600761014290361,0.7665949372914339,13.715291356621245,19.973880413808246,-1.534793413808245
2009-06-12,19.689392,7.227157701835791,-1.0819360715938062,-0.4628744232243154,0.7501072185007458,13.713356519287323,20.14581094480574,-0.45641894480573697
2009-06-13,21.027191,7.349610081241206,-1.0154067713954125,-0.4651040890306629,0.36502438741062865,13.711407830026626,19.945531438252388,1.0816595617476104
2009-06-14,19.45633,7.469875853646769,-0.9479073348677514,-0.466763540927815,-0.2744165788249472,13.709444359800573,19.490232758826828,-0.033902758826826584
2009-06-15,19.129395,7.5879200252532035,-0.8727990604212436,-0.4678537845782694,-0.9119150680905455,13.707466249542147,19.042818361705294,0.08657663829470508
2009-06-16,18.493225,7.70376690938947,-0.7827841815214455,-0.4683343512270718,-1.286672861005748,13.7055030006668,18.871478516302005,-0.37825351630200643
2009-06-17,19.394989,7.8174234199681605,-0.6730126622478476,-0.46817274508356405,-1.269594407585746,13.703574975224953,19.110218580275955,0.28477041972404393
2009-06-18,18.694916,7.928858536612301,-0.5436947473152827,-0.46736866318202885,-0.9230921363748075,13.701683404255688,19.69638639399587,-1.00147039399587
2009-06-19,21.011078,8.038032084797896,-0.4000430198405882,-0.46592967197140656,-0.44974871334631566,13.699824549476407,20.422135229115995,0.5889427708840067
2009-06-20,21.094177,8.144879088518026,-0.2514363943923706,-0.4638809581842989,-0.06942115988273673,13.697981899324654,21.058122475383275,0.03605452461672343
2009-06-21,21.033142,8.249381509059127,-0.10799108852219938,-0.4612196054483104,0.10795577667456331,13.696162129091793,21.484288720854973,-0.45114672085497176
2009-06-22,22.46045,8.351504648947824,0.021394504289034916,-0.45795635070469765,0.1316205352711889,13.694363237021046,21.740926574824393,0.7195234251756091
2009-06-23,23.900665,8.451148483126403,0.12992387233176927,-0.45414741969831074,0.15819619095456808,13.69255028634263,21.97767141305706,1.9229935869429404
2009-06-24,21.599487,8.548203375833362,0.21308457135167216,-0.44985697173671,0.33441921691354476,13.69068318406797,22.33653337642984,-0.7370463764298414
2009-06-25,21.718567,8.64274550320275,0.26854199341160045,-0.44502908805646807,0.6862618558355198,13.688814406390037,22.84133467078344,-1.122767670783439
2009-06-26,23.337463,8.7347502858751,0.29396829996736273,-0.4396716905461399,1.0763241754610022,13.686945483481548,23.35231655423887,-0.014853554238872135
2009-06-27,24.02768,8.82408074890769,0.2872520509173321,-0.43386359568828403,1.2664548631869559,13.685021315009577,23.62894538233327,0.39873461766672946
2009-06-28,21.764618,8.910740967152073,0.2485093122161901,-0.4275908710522538,1.0515821781131998,13.68305703132865,23.466298617757857,-1.7016806177578587
2009-06-29,24.116364,8.994820908122946,0.18183872553743996,-0.4207834854668529,0.3875800715596558,13.681110216779247,22.824566436532436,1.291797563467565
2009-06-30,21.574677,9.076185632716491,0.09481906309392345,-0.4135207166572371,-0.5622149842563747,13.679125629601918,21.87439462449872,-0.29971762449871875
2009-07-01,21.400269,9.154873392337258,-3.007877690382188e-05,-0.4057721801884163,-1.4788930563858291,13.677134401568791,20.9473124785549,0.45295652144510257
2009-07-02,20.18985,9.230888789215584,-0.08870964940335489,-0.397528657779183,-2.0307787393929284,13.675150310741218,20.389022053381332,-0.19917205338133215
2009-07-03,21.026703,9.304262420799667,-0.15828048256941255,-0.38876482248231464,-2.0228184485080267,13.673199727257906,20.407598394497818,0.6191046055021836
2009-07-04,20.727783,9.37496646493192,-0.20030143210064094,-0.3794973510497809,-1.4858844725198346,13.67127949512071,20.980562704382375,-0.25277970438237674
2009-07-05,21.686707,9.443036590508381,-0.21177426899245053,-0.36970631765161,-0.6570540036943089,13.669417907519593,21.873919907689604,-0.18721290768960586
2009-07-06,21.442719,9.508419174635073,-0.19522475159532754,-0.35943285247919543,0.13252722953539786,13.667598200070724,22.75388700016667,-1.3111680001666706
2009-07-07,24.085815,9.571105342345273,-0.15614432492684238,-0.3486925993961686,0.6103054316096924,13.665825658022348,23.342399507654303,0.7434154923456973
2009-07-08,23.35733,9.630948621405965,-0.10116052679680218,-0.337590299428042,0.6768168186232264,13.664036266216423,23.53305088002077,-0.17572088002076924
2009-07-09,24.461975,9.68795926212191,-0.03482847965685283,-0.3261272618456751,0.4380358854343958,13.662243986589383,23.42728339264316,1.0346916073568373
2009-07-10,24.240631,9.742060614934257,0.0397593710760709,-0.3143591467637752,0.1357356462575777,13.660418794266365,23.263615279770494,0.977015720229506
2009-07-11,21.86966,9.793266505716517,0.1207489392012777,-0.30228176534425666,0.02368823182868861,13.658575534532792,23.29399744593502,-1.42433744593502
2009-07-12,23.370026,9.841650766294798,0.20598970144266776,-0.2898511485865559,0.2441058292145492,13.656758706610125,23.658653854975583,-0.28862785497558363
2009-07-13,25.046875,9.887177456234491,0.2907727021997667,-0.2771006721540038,0.7582647734667636,13.654957688205126,24.314071947952144,0.7328030520478563
2009-07-14,24.699066,9.929758330996973,0.36863623510876087,-0.2641000941675715,1.3671702127964631,13.653135184247056,25.054599868981683,-0.35553386898168426
2009-07-15,25.813354,9.969423961727939,0.43363739063035683,-0.25083933808667114,1.803628511353733,13.651312734786009,25.60716326041137,0.20619073958863154
2009-07-16,25.861938,10.006135933760117,0.48183370912595025,-0.23735032095159084,1.8478847303581252,13.649476833950304,25.747980886242907,0.11395711375709183
2009-07-17,23.926147,10.03988152026096,0.5134230530115809,-0.22365002381943744,1.4225589164509065,13.647626546339515,25.399840012243523,-1.4736930122435226
2009-07-18,24.89978,10.070724137861077,0.5330565649774145,-0.2097071043919032,0.6256282117857594,13.645798594338228,24.665500404570576,0.2342795954294239
2009-07-19,25.493988,10.098615027664746,0.5473231209520523,-0.19556428128124953,-0.3093293942794341,13.643973121210886,23.785017594267,1.7089704057330017
2009-07-20,22.770416,10.123566668270469,0.5629528843783466,-0.1812241932550561,-1.0981531860183096,13.642160411326444,23.04930258470189,-0.2788865847018904
2009-07-21,21.63559,10.145639862881277,0.5846927668600497,-0.16665801513044942,-1.5075694397389572,13.640394577854556,22.696499752726474,-1.0609097527264737
2009-07-22,22.986725,10.164870647977121,0.612918365678534,-0.1518568091613262,-1.4390682622548339,13.638697110186309,22.825561052425805,0.16116394757419528
2009-07-23,23.410065,10.181224476323472,0.6435802785942214,-0.1368604921245451,-0.959852230115622,13.6370537386262,23.365145771303727,0.04491922869627274
2009-07-24,23.973846,10.194701036835042,0.6705110908630505,-0.12169027963816595,-0.27125697090317624,13.635466920588385,24.107731797745135,-0.13388579774513332
2009-07-25,25.240417,10.205270014776175,0.6875307024419336,-0.10638945995065666,0.36743058796319694,13.633923708461342,24.78776555369199,0.45265144630801046
2009-07-26,26.24118,10.212874365855306,0.6902928316384174,-0.09101775838242465,0.7331080429294875,13.632397156037609,25.177654638078394,1.0635253619216058
2009-07-27,24.269257,10.217471063844602,0.6773454638700924,-0.07562484392912416,0.7171495887740755,13.630866849680913,25.16720812224056,-0.8979511222405598
2009-07-28,23.659485,10.21911056452201,0.6502252244601743,-0.060198432315298034,0.3591716460759054,13.629358942000607,24.7976679447434,-1.1381829447433987
2009-07-29,25.130096,10.217817822633332,0.6114008644587576,-0.04474227931617137,-0.17956057022495858,13.627886453012925,24.232802290563885,0.8972937094361164
2009-07-30,25.38794,10.213492888247451,0.5628143481206815,-0.029343678953207334,-0.6855639205978344,13.626399363390563,23.687799000207654,1.700140999792346
2009-07-31,21.886627,10.206140491814995,0.5064424926402078,-0.014020542473236967,-0.97459021986567,13.624899639195625,23.34887186131192,-1.4622448613119197
2009-08-01,22.850403,10.19588933085398,0.44509257378381045,0.0012912004906586172,-0.9569815764369011,13.623450938439571,23.30874246713112,-0.4583394671311183
2009-08-02,23.203217,10.182718436076033,0.38160196422906206,0.016557834327102273,-0.6653630875130887,13.622041525152657,23.537556672271766,-0.3343396722717671
2009-08-03,24.42398,10.166640394989843,0.3204350821096573,0.031765794210559584,-0.22367984124555487,13.62067587790724,23.915837307971742,0.5081426920282581
2009-08-04,24.030823,10.147645166080913,0.2673964589141555,0.0468812370378596,0.21624569982473893,13.619346866667614,24.297515428525283,-0.26669242852528185
2009-08-05,24.444885,10.125753310421596,0.22918030187720978,0.06188952625266106,0.5438987604090126,13.618062288572746,24.578784187533223,-0.13389918753322405
2009-08-06,24.838257,10.100934746938742,0.21143308092110652,0.07674321615477432,0.7275966681500212,13.616804280870346,24.733511993034988,0.1047450069650111
2009-08-07,25.29181,10.073172441020674,0.21750994341387642,0.0914030786879805,0.8083365287899282,13.615561164223807,24.805983156136264,0.4858268438637374
2009-08-08,25.329834,10.042475057512085,0.24768045150535545,0.10584623958565778,0.8555645815169527,13.614333681030383,24.865900011150433,0.4639339888495684
2009-08-09,25.235992,10.008867546613178,0.29930270465720493,0.12006111336167892,0.912619758584046,13.613130176448232,24.953981299664342,0.28201070033565756
2009-08-10,24.486572,9.972307290221801,0.3675839653856172,0.13398941933721686,0.9634151201656728,13.61192484836143,25.049220643471735,-0.5626486434717357
2009-08-11,23.720795,9.932816596690621,0.44708028555102525,0.147618821470404,0.941483890502513,13.610723850182275,25.07972344439684,-1.3589284443968417
2009-08-12,24.155792,9.890451385773499,0.53245477382003,0.1609614078281398,0.7750269230651967,13.609549766040006,24.968444256526872,-0.8126522565268708
2009-08-13,27.10556,9.845202967105473,0.618361103724723,0.17398490016228496,0.4426831633828143,13.608392431289998,24.688624565665293,2.4169354343347074
2009-08-14,25.024323,9.797012759101234,0.6992873675556256,0.18662518589998905,0.008205680606644575,13.607216263671765,24.298347256835257,0.7259757431647422
2009-08-15,23.570435,9.745982047665162,0.7707297004267016,0.19892629500270864,-0.3884876062150114,13.606065205150857,23.93321564203042,-0.36278064203041893
2009-08-16,23.928772,9.692196218478522,0.8278305269781715,0.21092091046878428,-0.5967315298043345,13.604974969966923,23.739191096088067,0.1895809039119314
2009-08-17,23.182617,9.635653826947731,0.8651609229577676,0.22258279896976463,-0.5362298520785793,13.6039374588314,23.791105155628085,-0.6084881556280841
2009-08-18,23.159882,9.576308002603152,0.877861637971251,0.23385800798437373,-0.2489514692296385,13.602921416354203,24.04199759568334,-0.8821155956833415
2009-08-19,23.653229,9.514187821549083,0.8624505330429468,0.24474263963361642,0.10603610321621836,13.601933168976675,24.32935026641854,-0.6761212664185408
2009-08-20,23.874695,9.44931936470044,0.8173331658140641,0.2552258261810779,0.320529412389989,13.600977198649506,24.443384967735078,-0.5686899677350787
2009-08-21,24.996857,9.381677566424745,0.7430158435459735,0.2652617706363159,0.2384679152457747,13.600031874645952,24.22845497049876,0.7684020295012388
2009-08-22,25.403412,9.311232307550913,0.6419141866355499,0.274802284923671,-0.16006312232624864,13.599072692991374,23.66695834977526,1.736453650224739
2009-08-23,23.604034,9.237968570526029,0.5181368660612591,0.28381417553215876,-0.73681644073987,13.598082221995659,22.901185393375236,0.7028486066247623
2009-08-24,21.233826,9.161959043204485,0.37708096394456614,0.29232420060387077,-1.2530041503156644,13.597086566262117,22.175446623699372,-0.9416206236993716
2009-08-25,20.849548,9.083310864960364,0.2242654336247882,0.3003806091225864,-1.483003833284088,13.596128660810328,21.72108173523398,-0.8715337352339816
2009-08-26,20.086456,9.002061643868467,0.06413396570649664,0.30798476499452343,-1.3261763039213899,13.595216240738315,21.643220311386415,-1.5567643113864165
2009-08-27,21.93805,8.918262203130125,-0.09979011473565502,0.31514688081949704,-0.8558731487487924,13.594363291239052,21.872109111704226,0.06594088829577416
2009-08-28,23.658844,8.83189452543012,-0.26549072713861477,0.3218315832107353,-0.2850311775965141,13.593548968466632,22.19675317237236,1.4620908276276374
2009-08-29,24.69165,8.74294015390916,-0.4316820312609589,0.3280008705896881,0.1403713681859179,13.592751916820125,22.372382278243933,2.3192677217560664
2009-08-30,21.381805,8.651404394513264,-0.5970046008728291,0.33363253716179486,0.2630768991006607,13.591962445344647,22.24307167524754,-0.8612666752475384
2009-08-31,19.96289,8.557414381111915,-0.7587133650083031,0.3387893006876214,0.09040193833697183,13.591231304519127,21.81912355964733,-1.856233559647329
2009-09-01,23.486755,8.461045611320692,-0.9134041836133856,0.34349963577518117,-0.22008088791053448,13.590583113591949,21.261643289163903,2.225111710836096
2009-09-02,19.781952,8.3622203520343,-1.057413187049397,0.3476926442500742,-0.44861197935284874,13.589965387725933,20.79385321760806,-1.0119012176080595
2009-09-03,19.793427,8.261073142924264,-1.1848182819811635,0.3514349932565913,-0.4224060478411497,13.589431633943779,20.59471544030232,-0.8012884403023186
2009-09-04,20.004944,8.157656165153215,-1.2903858571690754,0.35473800157726193,-0.10727857563311721,13.588993819122658,20.703723553050942,-0.6987795530509437
2009-09-05,21.543854,8.051974948230974,-1.3702983956391206,0.35757958292832737,0.3817884409989828,13.588640306121562,21.009684882640727,0.5341691173592729
2009-09-06,21.125214,7.94401687572673,-1.4231416750767454,0.3599252041897053,0.8455204332044493,13.588350083507859,21.314670921551997,-0.18945692155199723
2009-09-07,22.042816,7.833811538355407,-1.4497552818381187,0.3617684344616342,1.1043398343220885,13.588122899507406,21.438287424808415,0.6045285751915834
2009-09-08,22.55368,7.721380379954884,-1.4532330438952303,0.36309999929421544,1.0811151842749402,13.587954072895226,21.300316592524034,1.253363407475966
2009-09-09,19.286285,7.606639451769176,-1.437504167025322,0.36384114024479597,0.8254152154072292,13.58778588471621,20.94617752511209,-1.6598925251120917
2009-09-10,20.354706,7.48970470593158,-1.4049348748786432,0.36404313709004466,0.47108653725984495,13.587660364496275,20.5075598698991,-0.15285386989910066
2009-09-11,20.338593,7.370573197316059,-1.356980855413759,0.3636827584935197,0.15002628239946886,13.587559824937182,20.11486120773247,0.22373179226752882
2009-09-12,18.949493,7.249312749760986,-1.2931373495451248,0.36278793848482926,-0.07381259536473413,13.587501615953453,19.832652359289412,-0.8831593592894116
2009-09-13,20.864502,7.126059124352686,-1.2119010698231492,0.3614311768658768,-0.2231330688769837,13.587536831090853,19.639992993609283,1.2245090063907185
2009-09-14,19.37027,7.000763952241784,-1.1134723369470862,0.3595618005896859,-0.3738632003641266,13.587624111659574,19.460614327179833,-0.09034432717983165
2009-09-15,19.169617,6.873443400932645,-0.9997392475901337,0.3571694003781798,-0.5859720705010203,13.587754145948361,19.232655629168033,-0.06303862916803382
2009-09-16,19.81491,6.744090253429709,-0.8754584706349401,0.3542268554431539,-0.8540936157553507,13.587905656092634,18.956670678575207,0.8582393214247936
2009-09-17,18.067139,6.6127155278450624,-0.7472608316470093,0.3507190730922145,-1.1003857115090658,13.588066279739257,18.70385433752046,-0.6367153375204602
2009-09-18,18.70752,6.479457069886916,-0.6214016635893688,0.34671618262978743,-1.214264260117629,13.588286822262637,18.578794151072344,0.1287258489276546
2009-09-19,19.132996,6.344317675098994,-0.5032569956710201,0.3422018461987152,-1.1189267123213824,13.58855015474057,18.652885968045876,0.4801100319541227
2009-09-20,19.012238,6.207349419117438,-0.3958158439416753,0.33719220080493034,-0.8155790788521721,13.588863499317043,18.922010196445562,0.09022780355443771
2009-09-21,18.792877,6.068589861666684,-0.30009321297480285,0.331692508069534,-0.38567111417425604,13.589226560522064,19.303744603109223,-0.5108676031092223
2009-09-22,19.818237,5.928113231339723,-0.21656984550046593,0.32572725553251725,0.04876194854141326,13.589657409919587,19.675689999832777,0.1425470001672231
2009-09-23,19.640717,5.785877170985179,-0.1473180961127571,0.31924773648102867,0.3813205896935691,13.590115407792371,19.92924280883939,-0.28852580883939183
2009-09-24,19.141449,5.641854156132371,-0.09624014299068812,0.31221309778493644,0.5654870875838653,13.590566888957955,20.01388108746844,-0.8724320874684395
2009-09-25,20.022125,5.496061292939419,-0.06830610417767966,0.30460788221636803,0.6220590998762985,13.591000379240604,19.94542255009501,0.07670244990498887
2009-09-26,20.170898,5.348548096934822,-0.06788120677167434,0.29643916043256013,0.6114030185988101,13.591420394893921,19.77992946408844,0.39096853591156133
2009-09-27,18.570435,5.199346807413803,-0.09612027514303542,0.28770468228295953,0.5953148037284329,13.591822533769818,19.578068552051977,-1.0076335520519777
2009-09-28,19.993591,5.048452328191911,-0.14931974347927024,0.2783816764654082,0.6102168471111,13.592183334523884,19.379914442813032,0.6136765571869667
2009-09-29,20.850433,4.895905402871323,-0.21966841658166703,0.2684809111248656,0.6612304925155487,13.59250199735173,19.198450387281802,1.6519826127181965
2009-09-30,17.506836,4.741705982793815,-0.29688534168134134,0.2579910862936027,0.7365891995313455,13.5927570392389,19.03215796617632,-1.525321966176321
2009-10-01,18.418945,4.585999238948169,-0.37083250060278466,0.2469935535568532,0.8203645819678562,13.592999402975847,18.87552427684594,-0.4565792768459396
2009-10-02,19.906708,4.428809126509528,-0.43620039816688716,0.23548981315676315,0.8868778053750915,13.593219154087066,18.708195500961562,1.1985124990384364
2009-10-03,19.561432,4.270134975959085,-0.4931092902581747,0.2234640752543998,0.8959839016804158,13.593393787706557,18.48986745034228,1.0715645496577189
2009-10-04,17.790344,4.110052178851135,-0.5452396606755792,0.21095260468100224,0.7973143587022734,13.593538544543431,18.166618026102263,-0.3762740261022621
2009-10-05,16.79129,3.9487025541205627,-0.5968121931061453,0.19803919533086117,0.5502522146207637,13.593701682721353,17.693883453687395,-0.9025934536873947
2009-10-06,15.963837,3.78613834426244,-0.6498799569046979,0.1847490323052298,0.15491508973545254,13.59388637261726,17.069808882015685,-1.1059718820156856
2009-10-07,16.23523,3.6224233918564073,-0.7020359665848003,0.1711122363169459,-0.321477774348283,13.594101535924777,16.364123423165047,-0.12889342316504582
2009-10-08,18.618988,3.457610117314335,-0.7469267970087745,0.15714919065742963,-0.7507713381798072,13.594350190849415,15.711411363632598,2.907576636367404
2009-10-09,15.850433,3.291632463616234,-0.7769537608853327,0.1428039688989749,-0.9907451081132298,13.594575767693902,15.261313331210548,0.5891196687894524
2009-10-10,13.086731,3.124614261020292,-0.7851347611238852,0.12814666936405428,-0.9519994312655241,13.594816543032758,15.110443281027695,-2.023712281027695
2009-10-11,15.413666,2.9567399896068407,-0.768849644028292,0.11328455502707663,-0.658903142509929,13.595141127037497,15.237412885133192,0.17625311486680673
2009-10-12,14.666016,2.7880028708585516,-0.7315854575289502,0.09819968824854934,-0.2555077072222755,13.595522409873263,15.494631804229138,-0.8286158042291376
2009-10-13,16.12384,2.618421131764866,-0.6795446471475803,0.0828939219341905,0.06490222508230968,13.595945593154035,15.68261822478782,0.4412217752121812
2009-10-14,14.866852,2.4480037358008584,-0.6189556084104595,0.06736460617611471,0.16255021582842058,13.596391150903475,15.655354100298409,-0.788502100298409
2009-10-15,14.960449,2.2768417482076133,-0.5523083613793482,0.051661404706061585,0.03703221898725906,13.596880532830399,15.410107543351984,-0.4496585433519833
2009-10-16,14.217499,2.104975853374135,-0.4779826468193548,0.03580315786752507,-0.16659888538346912,13.597409778319731,15.093607257358567,-0.8761082573585668
2009-10-17,15.881409,1.9324624513459248,-0.3912953396637979,0.019819716144887742,-0.23998632689234653,13.59798272129013,14.918983222224798,0.9624257777752021
2009-10-18,16.188507,1.7592781333973697,-0.2884410475846813,0.0036863917738755095,-0.04733849293242802,13.598563113010808,15.025748097664945,1.1627589023350566
2009-10-19,15.737061,1.5854564172515184,-0.16897110279143543,-0.01258725604849353,0.37170232654852997,13.599143125113377,15.374743510073497,0.3623174899265038
2009-10-20,16.748047,1.4110569037774732,-0.03752918793943387,-0.02897592092768623,0.7950629012415238,13.599727917208599,15.739342613360474,1.0087043866395256
2009-10-21,15.045441,1.236111494269684,0.0967219266424921,-0.045470877689060205,0.9272439866915009,13.600308621266146,15.814915151180763,-0.7694741511807628
2009-10-22,15.281769,1.0607170442788705,0.2239636626251283,-0.0620201814615764,0.5773074948696331,13.600908821427096,15.400876841739152,-0.1191078417391509
2009-10-23,13.588043,0.8848979638465736,0.33653536826725267,-0.07862033110978361,-0.20070930189409988,13.601515789707227,14.54361948881717,-0.9555764888171687
2009-10-24,13.8550415,0.7087443716173445,0.4321351403298908,-0.09522590849050856,-1.086748102202961,13.602149662758233,13.561055164011998,0.29398633598800217
2009-10-25,13.125946,0.5323380654842684,0.5129858154744721,-0.11179647878952531,-1.6317394391167985,13.60282631298774,12.904614276040157,0.22133172395984424
2009-10-26,13.279572,0.35578735851204085,0.5836897539667125,-0.12827105966152863,-1.4873140319165736,13.603574768175008,12.927466789075659,0.352105210924341
2009-10-27,14.564209,0.1790211968695815,0.6470252881108575,-0.14470739949346156,-0.6146627776313968,13.604334283105802,13.671010590961382,0.893198409038618
2009-10-28,13.972443,0.00197051324663175,0.7015768680004012,-0.1611675711963389,0.6512067457074247,13.60504510885605,14.798631664614168,-0.8261886646141683
2009-10-29,14.93634,-0.17528719640045926,0.7423696884198921,-0.17761605980811876,1.7320765428570986,13.605720708758312,15.727263683826724,-0.7909236838267244
2009-10-30,15.553558,-0.3526970433757761,0.7626512779706516,-0.19402982843797503,2.073332653367438,13.606363152911088,15.895620212435427,-0.342062212435426
2009-10-31,14.682648,-0.5302749407662317,0.7580770443197353,-0.21042934802858773,1.4230971634722436,13.606939107518919,15.047409026516078,-0.3647610265160779
2009-11-01,17.152222,-0.7078754129209527,0.7306321886172032,-0.22672510835428447,-0.02267151434773137,13.607495932593201,13.380856085587435,3.771365914412563
2009-11-02,9.083252,-0.8855114490522135,0.6884400996800568,-0.24292564060254163,-1.6932415200910704,13.608001526448417,11.47476301638265,-2.3915110163826494
2009-11-03,6.63739,-1.0629216092849374,0.6460012630128867,-0.2588614503637157,-2.892010997593674,13.608561167329736,10.040768373100295,-3.4033783731002956
2009-11-04,10.39093,-1.2400042127962219,0.6163150568337763,-0.2744715508273018,-3.122671826932026,13.609200150962137,9.588367617240364,0.8025623827596373
2009-11-05,11.0578,-1.4168491004970867,0.6057087273545844,-0.2898260525894405,-2.3076143191189353,13.609847960247793,10.201267215396914,0.8565327846030861
2009-11-06,12.705841,-1.5934305862602045,0.612894647185593,-0.3049207217981544,-0.7951227791398605,13.61049192989429,11.529912489881664,1.1759285101183359
2009-11-07,13.983612,-1.7696686516117797,0.6289166970524792,-0.3197185757317893,0.8267862030946652,13.611146792084838,12.977462464888413,1.0061495351115877
2009-11-08,13.525879,-1.9455385969664158,0.6407240159838367,-0.334219880517832,2.0136298340266205,13.611799567079133,13.986394939605344,-0.46051593960534376
2009-11-09,14.033417,-2.1210404086740797,0.6363686529158163,-0.34843998598304715,2.4963064772276122,13.61242490298312,14.275619638469422,-0.24220263846942203
2009-11-10,15.243347,-2.2961954798610087,0.6091592516646696,-0.3624051037824426,2.3506714771134587,13.612986741950177,13.914216887084855,1.329130112915145
2009-11-11,14.344696,-2.4710070831661195,0.5598321565994787,-0.37612823078904406,1.8878388094713403,13.613458101605184,13.21399375372084,1.13070224627916
2009-11-12,9.693359,-2.6453885748207666,0.4960551171014104,-0.38956068873049854,1.4409591185324349,13.613856984244705,12.515921956327286,-2.822562956327287
2009-11-13,10.132629,-2.819108418409601,0.429454431561567,-0.40255519170154286,1.1722451529242017,13.614273857314283,11.994309831688907,-1.8616808316889077
2009-11-14,14.0963745,-2.9921076015691943,0.3700054733064961,-0.41507709666339176,1.0005211052408707,13.61471284924297,11.578054729557751,2.5183197704422486
2009-11-15,11.608124,-3.164437219475869,0.32394553239449864,-0.4271677795972333,0.6913869143424998,13.615123181777973,11.038850629441868,0.5692733705581325
2009-11-16,10.494629,-3.3360176061498104,0.2953188914520927,-0.43878548019754926,0.04589709407529142,13.615519631400836,10.18193253058086,0.312696469419139
2009-11-17,8.337341,-3.5067875966402067,0.28607383992154306,-0.449900843795937,-0.9397760019434779,13.615907766523891,9.005517164065813,-0.6681761640658124
2009-11-18,6.699402,-3.676617575552424,0.2982506019297882,-0.46044019249107654,-2.0265747574559794,13.616327525079386,7.750945601509694,-1.0515436015096942
2009-11-19,4.83786,-3.8454655506898057,0.33444966002186854,-0.4703880123039559,-2.83078737759702,13.616775121101648,6.804583840532736,-1.9667238405327359
2009-11-20,8.520203,-4.013254801817494,0.397407751928116,-0.4797050558105989,-3.0116032091074745,13.617264172025607,6.510108857218155,2.0100941427818455
2009-11-21,8.455475,-4.180048168847781,0.48704766807468736,-0.48844065324443475,-2.4503178640119683,13.617738514226398,6.985979496196901,1.469495503803099
2009-11-22,6.071594,-4.345741467351752,0.6002159765370052,-0.496539028515933,-1.3163478632672907,13.61822580391951,8.05981342132154,-1.9882194213215394
2009-11-23,8.779541,-4.51020150625255,0.7292977214300591,-0.5039275195726759,0.00033047938884892686,13.618768357435837,9.334267532429518,-0.5547265324295179
2009-11-24,10.34903,-4.673467437274334,0.861716801406857,-0.5106505747905279,1.0559038381895356,13.619322426324617,10.352825053856147,-0.003795053856146424
2009-11-25,12.008728,-4.835609248165512,0.9837031798353353,-0.5167768800212846,1.5435098389058197,13.619829057007497,10.794655947561855,1.2140720524381443
2009-11-26,10.730682,-4.996575993198566,1.083819340064683,-0.522294756354883,1.4082701718474617,13.620290048863854,10.593508811222549,0.13717318877745122
2009-11-27,10.84848,-5.156266802343083,1.155951093718476,-0.5271556506333088,0.84260550756039,13.62073228866171,9.935866436964185,0.9126135630358156
2009-11-28,10.371582,-5.314693000370633,1.19931229324606,-0.5313848224210937,0.1710513510568274,13.621126715899402,9.145412537410563,1.2261694625894375
2009-11-29,6.66098,-5.471751791814523,1.2178795379809404,-0.5349313182271735,-0.30436488313759763,13.621501372238365,8.52833291704001,-1.8673529170400105
2009-11-30,8.22348,-5.627309531545061,1.2179354838017746,-0.5377235163351066,-0.4269828817198446,13.621899705364438,8.2478192595662,-0.02433925956619909
2009-12-01,8.225128,-5.781397575360134,1.2037938490423994,-0.5398004491831243,-0.22872570169859252,13.622282880106845,8.276153002907392,-0.05102500290739265
2009-12-02,8.871613,-5.93395114931085,1.1774837476157798,-0.5411376739800551,0.12568754178906372,13.62266041942156,8.450742885535497,0.4208701144645026
2009-12-03,9.045776,-6.084904533661865,1.1381281404701604,-0.5417091969124268,0.440946380880768,13.623042536057323,8.57550332683396,0.4702726731660398
2009-12-04,8.687408,-6.234190729015751,1.0832141349342062,-0.54149061451254,0.5900333191115235,13.623440386864775,8.521006497382213,0.16640150261778608
2009-12-05,7.4254456,-6.381809537685218,1.0103113030888948,-0.540505773241101,0.5634336968236148,13.623831979474916,8.275261668461107,-0.8498160684611076
2009-12-06,8.284943,-6.527644843817576,0.9189235567714685,-0.5387067944340242,0.4549371848991501,13.624253610242294,7.931762713661311,0.3531802863386888
2009-12-07,5.839905,-6.67174650205246,0.8101168147010948,-0.5361493842052412,0.396913697452102,13.624658570178104,7.6237931960736,-1.7838881960736002
2009-12-08,6.502289,-6.8140466655312,0.6871365337240106,-0.5328097302494972,0.48898764078247337,13.625059194487543,7.4543269732133295,-0.9520379732133293
2009-12-09,8.123016,-6.954525957160942,0.5533133541136563,-0.5286977786421141,0.7443326129867012,13.625443753380662,7.439865984677963,0.6831500153220365
2009-12-10,7.6032104,-7.09314820856489,0.41165342645291775,-0.5238161779746493,1.0821627602185204,13.625809223680891,7.50266102381279,0.10054937618721027
2009-12-11,7.060608,-7.2297940696169025,0.2649642936790757,-0.518117227512231,1.3587880316659804,13.626194636204202,7.502035664420125,-0.44142766442012515
2009-12-12,10.442505,-7.3643894291708545,0.11551167663362773,-0.5115815462610248,1.4178297705311993,13.626616588446534,7.2839870601794825,3.158517939820518
2009-12-13,6.8277893,-7.497034054061691,-0.03489979077178309,-0.5043033327589257,1.1433273284470138,13.627004941569762,6.734095092424375,0.0936942075756253
2009-12-14,4.998474,-7.627599204697207,-0.18189224292599365,-0.4962289194208721,0.5064729314594242,13.627404239189854,5.828156803605205,-0.8296828036052055
2009-12-15,3.191681,-7.756036974081834,-0.31993100268299485,-0.48735055792794496,-0.42452773149505635,13.627818793079813,4.639972526891983,-1.4482915268919827
2009-12-16,3.6717834,-7.882305575428358,-0.4425080114537056,-0.4776644139551227,-1.495582138588538,13.628250199036062,3.330190059610336,0.3415933403896636
2009-12-17,2.2765503,-8.006380603697579,-0.5434855574804118,-0.46718225683052045,-2.499017408457562,13.628691470180708,2.112625643714635,0.1639246562853649
2009-12-18,1.7079468,-8.12814435946975,-0.6175081243815204,-0.45585857280873077,-3.2140530545881068,13.629182729453973,1.2136186182058637,0.4943281817941363
2009-12-19,0.999115,-8.247532425866702,-0.6618487378614091,-0.44368272617750315,-3.4565217505353063,13.629737749313717,0.820152108872799,0.17896289112720098
2009-12-20,2.521759,-8.364526193899327,-0.6772510633868838,-0.4306734172629626,-3.124573051798452,13.63034772471418,1.0333239983665568,1.4884350016334431
2009-12-21,1.1453857,-8.479060579307392,-0.668614275724522,-0.41682002756185216,-2.2340342823058914,13.631027533563776,1.8324983686641172,-0.6871126686641171
2009-12-22,2.5682068,-8.590962633062194,-0.6440706414909987,-0.4020499784271087,-0.9278562901154681,13.631846541804215,3.066906998708447,-0.49870019870844695
2009-12-23,4.265442,-8.700309609897783,-0.6153370598488356,-0.38645883845537576,0.5407319591556904,13.632749318298956,4.471375769252653,-0.2059337692526526
2009-12-24,5.4076843,-8.807216706722476,-0.5951371170885034,-0.3701666367362588,1.8642901453046814,13.63366180371401,5.725431488471451,-0.31774718847145156
2009-12-25,5.228363,-8.91170581818907,-0.5942756795570603,-0.3532333282592369,2.760349292734297,13.634556973411414,6.535691440140344,-1.3073284401403438
2009-12-26,6.6211243,-9.013740106001507,-0.6191214627626082,-0.3356841797665008,3.0507491074269195,13.635437544552934,6.7176409034492375,-0.09651660344923751
2009-12-27,5.9970093,-9.113409912714246,-0.6706066117382112,-0.3176211906656413,2.7135829482505645,13.636242715176156,6.2481879483086225,-0.25117864830862224
2009-12-28,5.5338745,-9.210646977129166,-0.7430652130257049,-0.29903985330352456,1.8925808053640543,13.636991439361308,5.2768202012669665,0.2570542987330331
2009-12-29,3.4994507,-9.3053560747423,-0.8263244576691682,-0.2799177743847166,0.849719961412188,13.63771656528722,4.075838219903224,-0.5763875199032236
2009-12-30,5.573395,-9.397427623146873,-0.9084589483499476,-0.26022260690269133,-0.11897420841214174,13.638458404809624,2.9533750179979705,2.620019982002029
2009-12-31,1.7078552,-9.486924009014178,-0.9800260473737004,-0.2400361599491459,-0.779336528318986,13.639171501320343,2.1528487566643335,-0.4449935566643335
2010-01-01,0.50216675,-9.57374966554065,-1.034561851763053,-0.21933750018253528,-1.0212091452409826,13.639889872645679,1.7910317099184585,-1.2888649599184585
2010-01-02,2.7653809,-9.6578332581622,-1.070895519007723,-0.1981224263096416,-0.8808261708779048,13.640635898103621,1.8329585237461536,0.9324223762538462
2010-01-03,2.4542236,-9.739204951328265,-1.0924400658120281,-0.17645511660204308,-0.5044870036526284,13.64138148776863,2.128794350373667,0.32542924962633313
2010-01-04,3.2617798,-9.817831250579113,-1.1035590591284363,-0.15435925396125383,-0.07094674487425429,13.642130830683984,2.4954345221409273,0.7663452778590725
2010-01-05,3.5195618,-9.89370834860823,-1.1076734361039269,-0.13187574713312694,0.2806245371139119,13.642873561209742,2.790240566478369,0.729321233521631
2010-01-06,1.5078735,-9.966790469750448,-1.1056460533879757,-0.10901457999683574,0.4909454995480453,13.643620499451385,2.9531148958641715,-1.4452413958641714
2010-01-07,2.7631836,-10.037022095496386,-1.0959166226839727,-0.08578220753154682,0.5729222155141236,13.644387824703422,2.9985891145056396,-0.2354055145056395
2010-01-08,2.5969238,-10.10445712184736,-1.0769642869834208,-0.06226199806853064,0.5649519695749682,13.64513750941991,2.966406072095568,-0.36948227209556794
2010-01-09,3.0289612,-10.169040136108071,-1.047975503372946,-0.03846815568986172,0.4851257282229637,13.645886763259409,2.875528696311493,0.15343250368850692
2010-01-10,3.3904114,-10.23075502261852,-1.0101744502590237,-0.014440460196619972,0.3079426645982864,13.646633535020031,2.6992062665441523,0.6912051334558478
2010-01-11,1.7366333,-10.289659639475905,-0.9658994815587997,0.009733739656270494,-0.014065050005072022,13.647339109804994,2.387448678421487,-0.650815378421487
2010-01-12,2.9834595,-10.34567365095361,-0.9159071412416765,0.03406122421972506,-0.49618274813829066,13.648034137892271,1.9243318217784182,1.0591276782215817
2010-01-13,0.27163696,-10.398806439627226,-0.85835620840822,0.05849493414359525,-1.0741710029597147,13.648704660656755,1.3758659438051914,-1.1042289838051915
2010-01-14,0.0026550293,-10.448974102386623,-0.7869525720627787,0.08304644243298002,-1.5891625522847628,13.649383907063894,0.9073411227627108,-0.9046860934627109
2010-01-15,1.0878601,-10.496138445688576,-0.6934959474881724,0.10769643915243098,-1.835485588546393,13.650082670389809,0.7326591278190993,0.35520097218090085
2010-01-16,0.23065186,-10.540328835149651,-0.5710387015318727,0.1323836912438441,-1.6488863967330383,13.650778383099448,1.0229081409287293,-0.7922562809287292
2010-01-17,1.3968201,-10.581528246872098,-0.41712947201772915,0.15707559711391542,-0.9983128698981453,13.65147231355032,1.8115773218762623,-0.4147572218762623
2010-01-18,1.6169128,-10.619687553036819,-0.23711698072258272,0.18175947625545907,-0.03667226562354996,13.65218214214014,2.9404648190126483,-1.3235520190126484
2010-01-19,5.3244324,-10.65478180137863,-0.04379051114839057,0.20640627561028688,0.9319803942738892,13.652913834364831,4.092728191721985,1.231704208278015
2010-01-20,8.788849,-10.686874982018981,0.14496875746510998,0.23092665637155851,1.56188732650387,13.653629264658365,4.9045370229799214,3.8843119770200794
2010-01-21,7.485626,-10.71610726909287,0.31173903220804716,0.25518000785865097,1.6170011165770173,13.65425264339055,5.122065530941395,2.363560469058605
2010-01-22,2.2282715,-10.742425238873114,0.4452819106180958,0.2791579176186779,1.0923774989922526,13.654805343746881,4.729197432102794,-2.5009259321027937
2010-01-23,1.2982483,-10.765635129805947,0.5421983978461751,0.30294792426677,0.23763008499795374,13.655379364553522,3.9725206418584715,-2.6742723418584715
2010-01-24,2.9930725,-10.785658153514733,0.6037160223312203,0.3265579088981626,-0.5380569862500719,13.656009650533374,3.262568441997953,-0.269495941997953
2010-01-25,5.253357,-10.802659388233192,0.631921580057784,0.3498365563696513,-0.8361626702931786,13.656609509142958,2.9995455870440217,2.2538114129559785
2010-01-26,2.397522,-10.816702713299621,0.6268194663414608,0.37270252292828643,-0.44735598720429187,13.657143373523251,3.3926066622890847,-0.9950846622890848
2010-01-27,4.7756042,-10.827666910403435,0.5852631306297935,0.3951947066785606,0.5378989257523721,13.65766881675661,4.348358669413901,0.4272455305860987
2010-01-28,6.8452454,-10.835594341608013,0.5001753753825802,0.4172460584437172,1.7344358795917059,13.658161837630507,5.474424809440498,1.370820590559502
2010-01-29,4.266205,-10.840559105442903,0.3657690195601607,0.43877079187656354,2.608054500015758,13.658582912289708,6.230618118299287,-1.9644131182992863
2010-01-30,5.133026,-10.842443254154379,0.18381309851526076,0.45981003569353573,2.7011363073112227,13.658989104397097,6.161305291762738,-1.028279291762738
2010-01-31,5.668976,-10.841264767380846,-0.034622278228149846,0.4803176755234359,1.8374171439273275,13.659369756589356,5.101217530431123,0.5677584695688767
2010-02-01,2.8816833,-10.837051509102864,-0.26885733055320976,0.5002436591422122,0.22621583370291912,13.659709679853426,3.2802603330424844,-0.39857703304248426
2010-02-02,0.80703735,-10.829717077840339,-0.4925889451888955,0.5196189690833861,-1.5951498332220675,13.660051377066523,1.2622144898986072,-0.4551771398986072
2010-02-03,-0.19622803,-10.819209669426442,-0.6819959096691919,0.5384581289523022,-2.9707437092644056,13.660420551015909,-0.27307060839182995,0.07684257839182995
2010-02-04,0.21316528,-10.805416158957533,-0.8228163571985987,0.5568129538237319,-3.397526854538237,13.660874092688008,-0.8080723241826284,1.0212376041826285
2010-02-05,1.559906,-10.788370035873346,-0.9143780464410367,0.5746362443437933,-2.7410084228486813,13.661395998502874,-0.20772426231639685,1.7676302623163969
2010-02-06,-0.9143982,-10.76809919500602,-0.9677459905663723,0.5918836338689872,-1.2927328865485885,13.661973510925106,1.2252790726731124,-2.1396772726731124
2010-02-07,1.20224,-10.744548328563958,-0.9991823616280058,0.6085642683869494,0.35969582525306343,13.662635957604023,2.8871653610520713,-1.6849253610520714
2010-02-08,3.121643,-10.717798723012837,-1.0243706502588954,0.6245964305030103,1.5853866220017474,13.663344866134493,4.1311585453675175,-1.0095155453675173
2010-02-09,9.719421,-10.687935879153311,-1.0516586840169253,0.6398944245706719,1.9830879234604704,13.664060191860237,4.547447976721143,5.171973023278857
2010-02-10,5.9407654,-10.655172593525982,-1.080754688955101,0.6542926467939512,1.535628346025375,13.664678681059977,4.118672391398219,1.8220930086017812
2010-02-11,1.7697144,-10.61938844213691,-1.1021625681316312,0.6678496652709358,0.5860924317200418,13.665264240524742,3.1976553272471797,-1.4279409272471797
2010-02-12,1.0503235,-10.580541520648332,-1.1043681801938363,0.6805786062777389,-0.37016637117642187,13.665841866392041,2.291344400651191,-1.241020900651191
2010-02-13,-0.2442627,-10.538573699959393,-1.079430235219961,0.6925031106354689,-0.9522784654929102,13.666445174616591,1.788665884579796,-2.032928584579796
2010-02-14,2.5398865,-10.493369777743712,-1.0246903708349993,0.7036799728535945,-1.0772064062928037,13.667136903832228,1.7755503218143058,0.7643361781856943
2010-02-15,3.7651062,-10.444975455573601,-0.9423892924215838,0.7140600697101388,-0.9698626318915663,13.66789958186144,2.024732271684826,1.740373928315174
2010-02-16,1.4993896,-10.393527932555669,-0.8347836860625031,0.7235367041660165,-0.9882229310019897,13.668670355026554,2.1756725095724097,-0.6762829095724097
2010-02-17,0.58947754,-10.338994435205061,-0.6995595573380189,0.7321172184965306,-1.369139584555163,13.669472035239817,1.993895676638104,-1.404418136638104
2010-02-18,0.7550049,-10.281328564119477,-0.5296649534546863,0.7398274840374189,-2.045004446933807,13.670334672854482,1.554164192383931,-0.7991592923839311
2010-02-19,0.9798584,-10.220571345399865,-0.3162033170675118,0.7466418167242658,-2.63782931482463,13.671244953011843,1.2432827924441021,-0.2634243924441021
2010-02-20,2.7298584,-10.156740019709279,-0.053705667010727626,0.752547918657402,-2.6481841279341425,13.672201988169649,1.566120092172902,1.163738307827098
2010-02-21,3.4927673,-10.089854453277727,0.2538935748816155,0.7575293640184761,-1.745865826640297,13.673204132676554,2.848906791658621,0.6438605083413793
2010-02-22,3.4930115,-10.020045538226883,0.5905321227701331,0.7614982954972873,-4.9685531665601135e-05,13.67419455602378,5.006129750532651,-1.5131182505326506
2010-02-23,7.847809,-9.947250638118494,0.930450747687927,0.764490163659557,2.087215957794312,13.67521378082777,7.510120011851072,0.337688988148928
2010-02-24,8.646881,-9.871623363177232,1.2433465674268915,0.7664004173460415,3.7765924905010655,13.676194612932882,9.590910725029648,-0.9440297250296474
2010-02-25,11.470093,-9.793182940810514,1.5042906589107372,0.7672179743915022,4.4368769147095595,13.677137523384154,10.592340130585438,0.8777528694145627
2010-02-26,13.560516,-9.711952392681347,1.6992753800863376,0.7669329162084171,3.852066839309217,13.678041300786742,10.284364043709367,3.276151956290633
2010-02-27,9.005798,-9.628148955810435,1.8274767944408108,0.7654094432287193,2.337405257773271,13.678807864980882,8.98095040461325,0.024847595386750854
2010-02-28,4.699066,-9.54161987997623,1.9001620081701878,0.762762718637726,0.5968364808024359,13.679524703963123,7.397666031597243,-2.698600031597243
2010-03-01,8.538574,-9.452326061205518,1.9322851249613582,0.7590367292472703,-0.6250899031488771,13.680222889655395,6.294128779509628,2.2444452204903724
2010-03-02,4.183258,-9.360385191243974,1.9343009007111838,0.7541710084994331,-0.9111016162386912,13.680855381801592,6.097840483529544,-1.9145824835295437
2010-03-03,6.2408752,-9.265722554845006,1.9110816194122218,0.7482328499375661,-0.3579611784405602,13.681471807414077,6.717102543478299,-0.47622734347829976
2010-03-04,6.004486,-9.168479764046467,1.860077358778139,0.7411491684622218,0.49006915905091136,13.682013890196096,7.604829812440902,-1.6003438124409017
2010-03-05,12.954773,-9.068641026136596,1.7778720465097848,0.732949593779241,0.9492526683227159,13.682502529334288,8.073935811809433,4.880837188190567
2010-03-06,9.329376,-8.966372653255089,1.6643675822987585,0.723549346524732,0.5631052131325738,13.682867834774461,7.667517323475437,1.661858676524563
2010-03-07,2.647644,-8.861524159424363,1.5297613686630231,0.7130801381755343,-0.6437910116850111,13.683198764944926,6.420725100674109,-3.773081100674109
2010-03-08,3.789215,-8.754011013846942,1.3919481286913264,0.7016317725091916,-2.179750366479342,13.683551644478431,4.843370165352665,-1.054155165352665
2010-03-09,2.1842957,-8.64392786512201,1.2695099481858814,0.6891760900567887,-3.3422295195655765,13.683893347290397,3.656422000845481,-1.4721263008454812
2010-03-10,2.9195251,-8.531202013207253,1.1767608966555099,0.6757945680074132,-3.565904773934543,13.684274978398665,3.439723655919792,-0.5201985559197921
2010-03-11,3.8638916,-8.415903467248128,1.1168427433750132,0.6614730021848467,-2.70039499503769,13.684676641967277,4.346693925241318,-0.4828023252413183
2010-03-12,7.043213,-8.298123818872398,1.0806603504761205,0.6461834775330968,-1.0683192126258403,13.685068074978165,6.0454688714891445,0.9977441285108553
2010-03-13,10.525513,-8.177948239340658,1.0499268339916987,0.6299067644689591,0.7083029604083553,13.68542251507004,7.895610834598396,2.629902165401604
2010-03-14,7.169159,-8.055404629652259,1.0041878461264906,0.6126622694860939,2.0166083488357422,13.685742154697918,9.263795989493985,-2.094636989493986
2010-03-15,12.60907,-7.930403973399348,0.9289991112665147,0.5945507475491425,2.534735508416419,13.686088047267516,9.813969441100244,2.7951005588997546
2010-03-16,12.49881,-7.803195081308709,0.8174924823241503,0.5754565814008614,2.3365304355088092,13.686352569503505,9.612636987428617,2.8861730125713834
2010-03-17,5.2568665,-7.673856578242793,0.6736992410553054,0.5553766937679089,1.806470334938505,13.68651359502702,9.048203286545945,-3.791336786545945
2010-03-18,6.8310547,-7.542202202980599,0.5094894880900103,0.5344825056589975,1.402633507315072,13.686681771339163,8.591085069422643,-1.7600303694226431
2010-03-19,6.0857544,-7.408249972076733,0.3363009269902755,0.5128129484753512,1.396279508789003,13.686865877279475,8.524009289457371,-2.4382548894573715
2010-03-20,14.648651,-7.271894276986677,0.162956835905217,0.4904848248847524,1.742600505968846,13.687137025061322,8.811284914833461,5.837366085166538
2010-03-21,9.714203,-7.133470575354618,-0.00777658306815,0.46733101046008385,2.116689568622105,13.687345874269155,9.130119294928576,0.5840837050714232
2010-03-22,7.724579,-6.992933787830953,-0.1725472609519087,0.44343716127083427,2.1106063990204156,13.687533874451422,9.07609638595981,-1.3515173859598093
2010-03-23,9.17807,-6.8502395765123865,-0.32692189613579326,0.41888530944787017,1.4482028607008104,13.68774237297405,8.37766907047455,0.8004009295254502
2010-03-24,3.9262085,-6.7055550846248515,-0.4631957175665582,0.39361913156427686,0.13833651556591056,13.687907230725285,7.051112075664063,-3.1249035756640633
2010-03-25,4.8486023,-6.5588266165650655,-0.5682544360666548,0.367732263437859,-1.502149330508,13.688075097052124,5.426576977350264,-0.5779746773502641
2010-03-26,5.007477,-6.410067416292968,-0.6290068340658311,0.34127666309076254,-2.977302682394819,13.688259480695809,4.013159211032953,0.9943177889670469
2010-03-27,5.4932556,-6.259384863009961,-0.6364485597778344,0.31424284395590585,-3.80912886799402,13.688427184727155,3.2977077379012467,2.1955478620987536
2010-03-28,3.4014282,-6.106819813987999,-0.5900256971335973,0.28666560239250005,-3.728077202009904,13.688578535289057,3.550321424550056,-0.14889322455005605
2010-03-29,1.7936401,-5.952352599858028,-0.49918235018907153,0.2586218346957904,-2.7781486966800633,13.688744367088574,4.717682555057202,-2.9240424550572017
2010-03-30,3.6111755,-5.795927959239766,-0.3823190732143987,0.23021183851708596,-1.3034910805202824,13.68897361111357,6.437447336656208,-2.8262718366562085
2010-03-31,8.212952,-5.637608192206508,-0.2627945250028752,0.2014572584274995,0.17892291815208525,13.689256622973268,8.169234082343468,0.04371791765653121
2010-04-01,14.579926,-5.47757706490024,-0.16256401681410282,0.1722968874427032,1.1755769729066787,13.689523349614776,9.397256128249815,5.182669871750186
2010-04-02,11.6719055,-5.316046872165197,-0.09651876148425474,0.14265405955414165,1.4057230062877664,13.689689687259667,9.825501119452124,1.8464043805478756
2010-04-03,7.0150146,-5.152950782094878,-0.06807339182651082,0.11264572798538033,0.9139447458992389,13.689811449095973,9.495377749059204,-2.4803631490592037
2010-04-04,7.089691,-4.988238788629248,-0.0722718612874709,0.08238100163347986,0.04355734850872839,13.689936246614092,8.75536394683958,-1.66567294683958
2010-04-05,8.548676,-4.82192928730348,-0.1009721571609933,0.05191833250188711,-0.7110413094863948,13.690077790989662,8.10805336954068,0.4406226304593197
2010-04-06,12.723816,-4.654106483760618,-0.14679577075927108,0.021273595924074174,-0.913162920387057,13.6902171115101,7.997425532527228,4.726390467472771
2010-04-07,8.361145,-4.484880259030598,-0.20602734710006315,-0.009550056534821553,-0.37748107498513506,13.690322538071241,8.612383800420623,-0.25123880042062297
2010-04-08,6.7249146,-4.314111675033785,-0.27699393430183217,-0.0403858805219988,0.74039392310477,13.69048717822183,9.799389611468984,-3.0744750114689836
2010-04-09,8.810974,-4.141775110583964,-0.3605217637069375,-0.07114080258785255,1.9876706149780916,13.690747655094388,11.104980593193725,-2.294006593193725
2010-04-10,12.507111,-3.9679631598837037,-0.4573776765311286,-0.10180341893604765,2.79972072231507,13.691081734819688,11.963658201783877,0.5434527982161228
2010-04-11,14.325165,-3.7928626344188903,-0.5654910319129907,-0.13243088632996852,2.7513374618170117,13.691420440334818,11.951973349489979,2.3731916505100212
2010-04-12,6.8801575,-3.61657044655031,-0.678340165990267,-0.16301916213441547,1.7616386693925776,13.691739897898378,10.995448792615964,-4.1152912926159635
2010-04-13,14.764862,-3.4389854209582555,-0.7852659926373224,-0.19343047201210184,0.15215764642687524,13.692115521786098,9.426591282605294,5.338270717394707
2010-04-14,9.032715,-3.260306837043786,-0.8787621475110027,-0.2237212027354757,-1.4923184861224001,13.69247251853925,7.837363845126585,1.195351154873415
2010-04-15,4.5819397,-3.0803915803962667,-0.9524774925565966,-0.2537209553732436,-2.5624899747918892,13.692907653609756,6.843827650491761,-2.2618879504917606
2010-04-16,3.2916565,-2.89910650776339,-1.0056223743154593,-0.28326505029986204,-2.6990390511918765,13.693513051068177,6.8064800674975885,-3.5148235674975883
2010-04-17,5.4960327,-2.7164944864650606,-1.043389760901904,-0.3123080166275951,-1.9485510510662323,13.694293025978386,7.673549710917594,-2.177517010917594
2010-04-18,9.435486,-2.5327835024850653,-1.0744605300264332,-0.3409299200811725,-0.7286380970621545,13.695159512190015,9.01834746253519,0.41713853746481
2010-04-19,12.403564,-2.3481101679733394,-1.1064704409047375,-0.3691543567067175,0.3787733544366851,13.69607041042666,10.251108799278551,2.152455200721448
2010-04-20,13.067902,-2.162652469091639,-1.1422156383456132,-0.3970314617721169,0.9004208147901114,13.696963109849158,10.8954843554299,2.1724176445701
2010-04-21,15.453827,-1.9764448331327455,-1.1774690655009539,-0.4245169159684591,0.6763984934697195,13.697847102298411,10.795814781165973,4.658012218834028
2010-04-22,7.010193,-1.789579898708472,-1.2024232834518078,-0.45159888877023624,-0.09994689072062599,13.698702809389948,10.155153847738806,-3.1449608477388056
2010-04-23,7.5726624,-1.6018153592840325,-1.2020209245191145,-0.47804608625598727,-1.0045949476143397,13.69967836916268,9.413201051489207,-1.840538651489207
2010-04-24,7.767151,-1.4132678159611292,-1.1634189090136937,-0.5038626995580594,-1.6172122022955437,13.700742475357835,9.00298084852941,-1.2358298485294092
2010-04-25,9.283569,-1.224061302845092,-1.0772571546891725,-0.529062329934685,-1.7135594570168016,13.701860287511094,9.157920043025342,0.12564895697465772
2010-04-26,12.398743,-1.034318861335444,-0.9394964089335723,-0.5536625966779327,-1.3419023147670979,13.702997667422034,9.833617485707986,2.5651255142920135
2010-04-27,10.391022,-0.8441209373711522,-0.7513994525547226,-0.5776552501181378,-0.7522380605872007,13.704141961131759,10.778728260500547,-0.387706260500547
2010-04-28,11.908356,-0.6534385961862357,-0.5174126169235449,-0.6009575685895276,-0.22847900028682,13.705335291117413,11.705047509131283,0.20330849086871616
2010-04-29,13.342285,-0.4624132420849398,-0.24538465314899435,-0.62359568072316,0.06950578947608899,13.70653455997869,12.444646773497686,0.8976382265023144
2010-04-30,11.193115,-0.27117605069341205,0.05533648616093087,-0.6455910602592971,0.18365979211239836,13.7077018908283,13.02993105814892,-1.8368160581489192
2010-05-01,12.108795,-0.07960772915158991,0.37488691731739926,-0.6668037213333391,0.31399552524213215,13.70892502831364,13.651396020388242,-1.5426010203882417
2010-05-02,13.653442,0.11223484563757911,0.7004851416596056,-0.6872073244951153,0.6791877452838313,13.710203549319885,14.514903957405787,-0.8614619574057869
2010-05-03,15.824554,0.3042685020184712,1.016210980405464,-0.706796418161894,1.3721405014945667,13.711523881598591,15.697347447355199,0.1272065526448003
2010-05-04,18.27353,0.4963372581857797,1.303244053957218,-0.7256153058163307,2.2817745028603307,13.712835998089394,17.068576507276394,1.2049534927236074
2010-05-05,19.306763,0.6883350782496653,1.5418934092522998,-0.7436754758211515,3.1198331975768054,13.714114862107767,18.320501071365385,0.9862619286346153
2010-05-06,19.512238,0.8801001610849722,1.7148097169579166,-0.7610261054044208,3.535692193695617,13.71530762990346,19.084883596237546,0.4273544037624539
2010-05-07,17.898804,1.0715940515632048,1.8109498128452377,-0.7776343512166588,3.2637557505713657,13.716423176814926,19.085088440578076,-1.1862844405780777
2010-05-08,16.695007,1.2628234124356101,1.8286231422377135,-0.7934333679479294,2.2383498685627585,13.71749285653584,18.25385591182399,-1.5588489118239899
2010-05-09,17.402313,1.4538202696712361,1.7762674457555192,-0.8083375084320144,0.6305663481961339,13.718560591652325,16.7708771468432,0.6314358531567983
2010-05-10,16.498718,1.644548502112409,1.6707043120820195,-0.8223050885129422,-1.2006178233327751,13.71963612159808,15.011966023946792,1.486751976053208
2010-05-11,14.673798,1.8350620875536334,1.534037720277614,-0.8352397415261856,-2.8180724430797057,13.720774440952614,13.43656206417797,1.2372359358220297
2010-05-12,12.653931,2.0252420622910936,1.3876776456087159,-0.8471640740021404,-3.8422767490252747,13.721944079530275,12.445422964402669,0.20850803559733144
2010-05-13,13.033447,2.2151114674797614,1.247484510320025,-0.8580143432638114,-4.061688084393138,13.723184471232742,12.266078021375579,0.7673689786244218
2010-05-14,12.283112,2.4046095527751654,1.120132769986714,-0.8677812959002595,-3.48497589159585,13.724493085504877,12.896478220770646,-0.6133662207706472
2010-05-15,12.700714,2.593626096699139,1.0036820890090992,-0.87648832853243,-2.3186477706547537,13.725842648805719,14.128014735326772,-1.4273007353267726
2010-05-16,14.569092,2.782098373358285,0.8901150088133521,-0.8841310010643684,-0.8879841177297259,13.727229759985935,15.627328023363479,-1.058236023363479
2010-05-17,17.610046,2.9699423707895845,0.7691273268665682,-0.8907223936742924,0.4715343900849238,13.728640441429462,17.048522135496246,0.561523864503755
2010-05-18,18.674957,3.157013836091335,0.6318089495351363,-0.8963182385087469,1.5158296955199277,13.730030484316481,18.138364726954133,0.5365922730458657
2010-05-19,18.271027,3.3432732098601408,0.473410757964857,-0.9009065305133348,2.1523040303591046,13.731407967136509,18.799489434807278,-0.5284624348072775
2010-05-20,18.676819,3.5286890497005117,0.29280442969513143,-0.9044660063762331,2.4320830480769304,13.73278479201857,19.081895313114913,-0.40507631311491465
2010-05-21,20.417084,3.713242047961088,0.0904213661282269,-0.9069665617956666,2.483484026701495,13.73417876704841,19.114359646043553,1.302724353956446
2010-05-22,19.72934,3.8968486888822715,-0.13367492241462864,-0.9084219353410501,2.420184881249292,13.735575537214944,19.01051224959083,0.7188277504091722
2010-05-23,15.602234,4.079428741587845,-0.3795146784939184,-0.9088412690682891,2.271414143339916,13.736962178420603,18.799449115786157,-3.1972151157861575
2010-05-24,16.968903,4.260993209815573,-0.6455714156790905,-0.9081788532700407,1.9672672321065956,13.738371301745767,18.412881474718805,-1.4439784747188043
2010-05-25,20.113342,4.441350811110743,-0.927798521874622,-0.9065276138490286,1.3873590781700194,13.739734328731718,17.73411808228883,2.379223917711169
2010-05-26,16.616669,4.620423941582137,-1.2158342372539206,-0.9039024261671377,0.46313663231966795,13.741039452809195,16.70486336328994,-0.08819436328994001
2010-05-27,16.148468,4.7983099071776945,-1.4910302773574555,-0.900202441393948,-0.7293707574568138,13.742362159761736,15.420068590731214,0.7283994092687873
2010-05-28,16.034454,4.974958391746338,-1.7307670336126293,-0.8954254288818255,-1.9531394149092367,13.743703769926098,14.139330284268745,1.8951237157312555
2010-05-29,12.778351,5.150284025729214,-1.9129823259587355,-0.8895900310113735,-2.8767295577063234,13.745047801054001,13.216029912106784,-0.437678912106783
2010-05-30,12.158112,5.324334211972933,-2.021402392115245,-0.8826318096108954,-3.2063797980844755,13.746444186073019,12.960364398235336,-0.8022523982353373
2010-05-31,14.142487,5.497104293808922,-2.0511573675639103,-0.874525230392172,-2.826456468222967,13.747916605988399,13.492881833618272,0.6496051663817273
2010-06-01,14.584503,5.668453863295408,-2.009901995881005,-0.865340317311456,-1.8683432956362562,13.749420670084898,14.67428892455159,-0.08978592455158996
2010-06-02,16.024109,5.83826818066634,-1.9139342136352202,-0.8551329510787576,-0.6675867757974612,13.750924796496099,16.152539036651,-0.12843003665100028
2010-06-03,17.40918,6.0065292638945476,-1.7828783073880523,-0.8438959563883486,0.3695844187584816,13.752445637053514,17.501785055930142,-0.09260505593014301
2010-06-04,18.096985,6.173175161524481,-1.6339199050924762,-0.8316520556638967,0.933791237006058,13.753977696840012,18.395372134614178,-0.29838713461417754
2010-06-05,17.368591,6.338159981723977,-1.4778281973272955,-0.818412577331171,0.9342294752281981,13.755523371863452,18.731672054157162,-1.3630810541571634
2010-06-06,18.67566,6.501435657397274,-1.318590853678299,-0.8041880721072282,0.5159290441472317,13.757083632326042,18.65166940808502,0.02399059191498054
2010-06-07,20.0643,6.662933655629528,-1.1566578288341796,-0.789003120637684,-0.033256778348854835,13.758648918998865,18.442664846807677,1.6216351531923223
2010-06-08,17.48294,6.822586295307059,-0.9925191669616734,-0.7728829125341798,-0.43124976759452605,13.760209666033234,18.386144114249912,-0.9032041142499132
2010-06-09,17.119446,6.980370561205371,-0.8288898031443979,-0.7558269019779307,-0.5309184248255636,13.761778494098774,18.626513925356253,-1.5070679253562531
2010-06-10,20.045074,7.1362860639377095,-0.671866495103264,-0.7378242068215313,-0.37153269694040003,13.7633792830399,19.118441948112412,0.9266320518875872
2010-06-11,19.734375,7.2902281939500755,-0.5288125833327147,-0.7189355991030233,-0.12574289090318444,13.76498359954047,19.681720720151624,0.05265427984837601
2010-06-12,21.427399,7.442131758203793,-0.40348147942364826,-0.699196517197223,0.023928601348231007,13.766582395043809,20.12996475797496,1.2974342420250409
2010-06-13,20.22052,7.591933866539897,-0.29401386893658177,-0.6786394066576986,-0.002116106730789047,13.768167356548567,20.385331840763392,-0.16481184076339161
2010-06-14,17.119385,7.739622215182559,-0.192302079773965,-0.657266711936326,-0.13359760568133494,13.769755236066132,20.526211053857065,-3.4068260538570634
2010-06-15,22.610077,7.885231375154264,-0.08753117663683732,-0.6350525482828311,-0.20024694809166874,13.771385876488448,20.733786578631374,1.8762904213686262
2010-06-16,22.582672,8.028494573480069,0.026895132161192888,-0.6121703939134054,-0.04817074393603684,13.77294799852805,21.16799656631987,1.4146754336801273
2010-06-17,23.547943,8.169380303810492,0.15202981826717865,-0.5886443214340378,0.3610331345718828,13.7744478976769,21.868246832892417,1.6796961671075827
2010-06-18,22.123077,8.307826265942868,0.28067657263483126,-0.5645153186868557,0.904257256505423,13.775875988028707,22.704120764424975,-0.581043764424976
2010-06-19,23.657867,8.443829514006161,0.40005172913033815,-0.5397849712325438,1.346952145000997,13.77725196095747,23.42830037786242,0.22956662213757895
2010-06-20,23.32309,8.577354518632458,0.49581393076661107,-0.5144746852083351,1.4586544101282928,13.778578756596232,23.795926930915257,-0.4728369309152569
2010-06-21,23.347107,8.708397845991438,0.5583337666780316,-0.48858401157835546,1.1414852513024663,13.779875056033047,23.69950790842663,-0.3524009084266275
2010-06-22,23.138153,8.83692145604379,0.5856109217702171,-0.4621355393943235,0.4932112057819193,13.781141946389512,23.234749990591116,-0.0965969905911166
2010-06-23,20.998138,8.962964498079316,0.5832271776319545,-0.43510007470957857,-0.22692081208205755,13.78241866150329,22.666589450422922,-1.6684514504229213
2010-06-24,21.822937,9.08657491246974,0.5608665078475203,-0.4074439602135586,-0.7167869371776183,13.783748460309962,22.306958983236044,-0.48402198323604395
2010-06-25,23.347382,9.2076696818609,0.5263934651491351,-0.3792233298549828,-0.778400084180935,13.78510881168482,22.361548544658937,0.9858334553410621
2010-06-26,22.958923,9.32612619267874,0.48262388547353596,-0.35052338277647543,-0.41182747808481784,13.786457069177768,22.83285628646875,0.1260667135312481
2010-06-27,23.301056,9.441914588984776,0.42725809241356805,-0.321373462578174,0.18793987325475986,13.787796615063327,23.523535707138258,-0.22247970713825893
2010-06-28,25.117981,9.55501992272577,0.35507638982936107,-0.2917966509614899,0.7271598959980202,13.789137896387956,24.134597453979616,0.9833835460203844
2010-06-29,23.880157,9.66536334775478,0.26240056057576067,-0.2618563071942608,0.9579883187706006,13.790459047702818,24.4143549676097,-0.5341979676096997
2010-06-30,23.281952,9.772990089213126,0.15204157516538377,-0.23153440384307872,0.7992256857627656,13.791799941974357,24.284522888272555,-1.0025708882725546
2010-07-01,23.638672,9.877838095678223,0.03356934885334277,-0.20088556757527187,0.36534381421800327,13.793146469285242,23.86901216045954,-0.23034016045954075
2010-07-02,23.680847,9.979852244994355,-0.07902861024779824,-0.1699616656941076,-0.10267844578142332,13.794487596611262,23.42267111988229,0.25817588011771164
2010-07-03,23.581482,10.078973012223193,-0.17195982682362398,-0.13881774128850533,-0.3671338065043911,13.79580954402633,23.196871181633,0.3846108183670012
2010-07-04,25.21936,10.17519289033138,-0.23638519315645792,-0.10747483954093495,-0.31639925744041886,13.797124084182746,23.312057684376313,1.9073023156236886
2010-07-05,24.104218,10.268448550543416,-0.27151941135837865,-0.07598733187245597,-0.01901009867109791,13.798414527863054,23.700346236504537,0.40387176349546294
2010-07-06,24.323792,10.358727310629888,-0.28314662844343585,-0.04437592803609791,0.3211070978187429,13.799689113264611,24.152000965233707,0.17179103476629365
2010-07-07,22.9917,10.44600045490489,-0.28063858039557055,-0.012673079553287676,0.4760882812130774,13.800947711345716,24.42972478751482,-1.43802478751482
2010-07-08,24.502594,10.530308358129307,-0.2716681404875891,0.0191296721038336,0.319202264958132,13.802224489385456,24.399196644089137,0.10339735591086097
2010-07-09,23.068085,10.611575145230393,-0.2595336022072051,0.050965627600348444,-0.10955738848520861,13.803494918897709,24.096944701036037,-1.028859701036037
2010-07-10,24.379578,10.689853048586302,-0.2413742596764692,0.0828510752835824,-0.6242985474538529,13.804798196145898,23.71182951288546,0.6677484871145403
2010-07-11,24.452057,10.765078426074671,-0.21177320976036745,0.11472420401204861,-0.9976867212265443,13.806115135848158,23.476457834947965,0.975599165052035
2010-07-12,23.797058,10.837185470589976,-0.16597412758314833,0.14652468837525595,-1.0798082756900143,13.80742485379038,23.54535260948245,0.25170539051755014
2010-07-13,21.956512,10.90619094755052,-0.10313015035855137,0.17824737130348106,-0.8720199767450981,13.808747213224475,23.918035404974827,-1.9615234049748267
2010-07-14,24.221039,10.972155337489287,-0.02740450741792867,0.20990929742574171,-0.5144383495325204,13.810123623624362,24.45034540158894,-0.22930640158893922
2010-07-15,25.257416,11.034992824803396,0.05284453961854149,0.24142850953369074,-0.19743658686492682,13.811521968856756,24.94335125594746,0.3140647440525406
2010-07-16,24.92868,11.09467417814841,0.1297488055971544,0.2727580856173986,-0.0430796992887124,13.812938107981715,25.267039478055963,-0.33835947805596334
2010-07-17,24.952942,11.151182628085067,0.19919422604038844,0.3038595901690162,-0.03511075664465242,13.814373635781811,25.433499323431633,-0.4805573234316327
2010-07-18,25.380127,11.204480369090646,0.26169838761633807,0.33468059235366326,-0.03772789665837559,13.815819150608018,25.57895060301029,-0.19882360301028967
2010-07-19,26.609344,11.254546801022666,0.3210609075657529,0.36517963754934635,0.10969566808524275,13.81727336585179,25.8677563800748,0.7415876199252018
2010-07-20,27.384186,11.301288057823312,0.38109415334352625,0.39526369704928876,0.476927426100963,13.818697908129884,26.373271242446975,1.0109147575530244
2010-07-21,27.766205,11.344607543659425,0.44275017010952555,0.4248371712120043,0.9767179031595064,13.820052527019664,27.008965315160125,0.7572396848398739
2010-07-22,27.426788,11.384388405621394,0.5027193802775841,0.4537956952202331,1.3903409986300868,13.82128616858871,27.552530648338006,-0.12574264833800797
2010-07-23,27.855865,11.420656411409505,0.5547500311947826,0.4821294005894793,1.4766878205833307,13.822418583055876,27.756642246832975,0.09922275316702667
2010-07-24,27.28778,11.453439668016433,0.5921470994939702,0.5098328151090762,1.1057719840133398,13.823470252855978,27.4846618194888,-0.19688181948879802
2010-07-25,26.06659,11.482777627612746,0.6112833377959396,0.5369125755607178,0.34523632563328227,13.824466786509463,26.80067665311215,-0.734086653112147
2010-07-26,25.60733,11.508731452680024,0.6132301490685376,0.5633880400490928,-0.5545092404476484,13.825444242684283,25.956284644034287,-0.34895464403428633
2010-07-27,26.370667,11.53132228159048,0.6026648423558233,0.5892498248409572,-1.2716908474094435,13.826418123880423,25.277964225258238,1.0927027747417632
2010-07-28,26.288239,11.550495408798923,0.5849098938046534,0.6144384210968661,-1.5627774902871077,13.827365322509573,25.014431555922908,1.273807444077093
2010-07-29,23.38272,11.56622965175297,0.5631929299576922,0.6389173318814528,-1.3703582963463425,13.828278930878632,25.226260548124404,-1.8435405481244054
2010-07-30,25.381104,11.578625304147288,0.537013685804123,0.6627279433317397,-0.8369077475956295,13.829212376071434,25.770671561758952,-0.3895675617589518
2010-07-31,26.507843,11.587601042720944,0.5007347401042604,0.6857887130451437,-0.2266140707299784,13.830127778263298,26.37763820340367,0.1302047965963311
2010-08-01,26.680542,11.593045739462077,0.4472270885684118,0.707999759445469,0.21143183789164988,13.830971722504028,26.790676147871636,-0.11013414787163711
2010-08-02,26.217072,11.594981138768475,0.3719827815916123,0.7293511450851156,0.3554253482080019,13.831756671005456,26.883497084658657,-0.6664250846586555
2010-08-03,26.150085,11.593433620094181,0.27597309134388087,0.7498371708441492,0.2420176050843095,13.83249707866268,26.693758566029203,-0.5436735660292022
2010-08-04,26.482666,11.58842982910143,0.16618442695807084,0.7694532407321069,0.008084006559374177,13.833207050558768,26.36535855390975,0.11730744609024768
2010-08-05,27.107483,11.57995862972341,0.053739404515654635,0.7881692776095001,-0.21229266781912437,13.833881263845438,26.04345590787488,1.0640270921251194
2010-08-06,25.838257,11.568015235250302,-0.0491844415084193,0.8059617360022805,-0.3677485076567676,13.834516927191292,25.79156094927869,0.04669605072130878
2010-08-07,25.789581,11.55266447483989,-0.13218102342621418,0.8228542258506242,-0.49948956268039446,13.83514549734114,25.578993611925043,0.21058738807495558
2010-08-08,26.038727,11.533913839726662,-0.18917570114822485,0.8388340688322398,-0.6834968903137301,13.835769157254916,25.335844474351862,0.702882525648139
2010-08-09,23.799011,11.51176814121001,-0.2181872159237998,0.8538883120830327,-0.9426290696438996,13.836388220843066,25.04122838856841,-1.2422173885684096
2010-08-10,25.177856,11.486307833309308,-0.21947790622647084,0.868054932445744,-1.1921515244877672,13.83704030835075,24.779773643391565,0.39808235660843394
2010-08-11,25.698181,11.457497503918416,-0.1950339576323351,0.8812937565557959,-1.2648050576551084,13.837704772213682,24.71665701740045,0.9815239825995512
2010-08-12,25.189606,11.425323603638363,-0.14693367705931953,0.893577171827266,-1.0000340712364215,13.838371483323153,25.010304510493043,0.17930148950695823
2010-08-13,25.513397,11.389799612008261,-0.0775868542034911,0.9048940895988156,-0.35418666508135555,13.839043418653276,25.701963600975507,-0.1885666009755056
2010-08-14,26.312653,11.350960390629727,0.008892842814161694,0.9152456070469133,0.5357610081797631,13.839733672336381,26.650593521006947,-0.3379405210069457
2010-08-15,27.672882,11.308768479382747,0.10583639061412763,0.9245848437301182,1.3823114117746869,13.840418588980281,27.56191971448196,0.11096228551804188
2010-08-16,28.538086,11.263172038716114,0.20465680112395138,0.93285712840723,1.8656704728823335,13.841066740097277,28.107423181226906,0.43066281877309365
2010-08-17,27.602692,11.21416690267283,0.29709237190318133,0.9400396395330732,1.7842211572873874,13.84167010770233,28.0771901790988,-0.47449817909879854
2010-08-18,26.652222,11.161793757036815,0.3780219803823421,0.9461434546857783,1.1595421779186732,13.842242611065927,27.487743981089537,-0.8355219810895385
2010-08-19,25.634583,11.106098306607372,0.44702113057680815,0.951186465208367,0.2372062387427895,13.842800141380945,26.58431228251628,-0.9497292825162802
2010-08-20,24.868927,11.04705362325366,0.5084072983364654,0.9551368914698442,-0.6183538967277111,13.843321789689035,25.735565706021294,-0.8666387060212948
2010-08-21,25.686249,10.984679551478088,0.5696649490460075,0.9579907517677304,-1.0851597318161312,13.843809581378755,25.27098510185445,0.4152638981455503
2010-08-22,26.70105,10.918961739304141,0.6382159212614957,0.9597226910988987,-1.024922488387106,13.844247814794755,25.336225678072186,1.364824321927813
2010-08-23,26.953186,10.849916917154442,0.7189486680945936,0.9603258610034022,-0.5350434925581344,13.84463592982427,25.838783883518573,1.1144021164814255
2010-08-24,26.440735,10.77757754168778,0.8129377308275637,0.9598067861582484,0.10904799191247007,13.844980696763576,26.50435074734964,-0.06361574734964037
2010-08-25,26.386871,10.701949367761745,0.917905261444757,0.9581594614195679,0.5905931254603141,13.845275012999522,27.013882229085908,-0.6270112290859089
2010-08-26,26.684052,10.623047377904742,1.0299342401080307,0.9553856406921296,0.7000753390414225,13.845515851562157,27.153958449308483,-0.4699064493084819
2010-08-27,26.432281,10.540860947125733,1.14556609623424,0.9514705698169779,0.42779267689106265,13.84568684175707,26.911377131825084,-0.47909613182508437
2010-08-28,26.563843,10.455424035903786,1.2632219592776932,0.9464294346771452,-0.040130411643169384,13.845793429284672,26.47073844750013,0.09310455249987015
2010-08-29,27.025146,10.366798344421367,1.3823555959361202,0.9402950536776704,-0.41972940888552523,13.84585444476003,26.115574029909666,0.9095719700903331
2010-08-30,27.08725,10.275015723552798,1.5013448326102523,0.9330798018097735,-0.4702824036819008,13.845873204647084,26.08503115893801,1.0022188410619925
2010-08-31,27.261688,10.180057480394535,1.6155388009358507,0.9247623767427617,-0.11091322254834719,13.845827261984454,26.45527269750925,0.8064153024907483
2010-09-01,26.726868,10.081923903263782,1.7165998942531435,0.9153376150414505,0.5401983757987893,13.845703083829589,27.09976287218675,-0.37289487218675177
2010-09-02,26.325897,9.980706736665518,1.7938538881327668,0.9048583201123266,1.2204135895131982,13.845532452242455,27.745364986666264,-1.4194679866662625
2010-09-03,27.595673,9.876412480006957,1.8364413235243935,0.8933229271364475,1.6430979964010812,13.845303870232735,28.094578597301613,-0.49890559730161144
2010-09-04,27.938232,9.769018964528215,1.836315448366215,0.8807134281196864,1.6308619443558805,13.844991050516198,27.961900835886194,-0.023668835886194728
2010-09-05,27.194397,9.658536848794313,1.7907929576730832,0.8670337661308034,1.1998373836431748,13.844583764003477,27.36078472024485,-0.1663877202448525
2010-09-06,26.802643,9.545052155056773,1.702687099214787,0.8523403337012718,0.5511168159542974,13.844108981281792,26.495305385208923,0.30733761479107713
2010-09-07,28.133392,9.428576273373785,1.5778510165158715,0.836643211008826,-0.029016995679592324,13.843555731113689,25.657609236332583,2.475782763667418
2010-09-08,22.519775,9.309111207829453,1.422417042203974,0.8199449274868071,-0.3101394349260467,13.84290792669999,25.08424166929418,-2.5644666692941804
2010-09-09,22.817963,9.186889406764836,1.2424505270305086,0.8023988515503205,-0.22740441619176371,13.842264326485628,24.84659869563953,-2.0286356956395295
2010-09-10,23.639923,9.06191277757952,1.0410438425708777,0.7840108416480125,0.08060331179609251,13.84160782067888,24.809178594273384,-1.169255594273384
2010-09-11,26.19168,8.934222185024684,0.820704493983708,0.7648109387061325,0.34902843618561197,13.840940383899614,24.709706437799753,1.481973562200249
2010-09-12,26.914612,8.803763878161632,0.5850622990593841,0.7447649613485481,0.33366998550220595,13.840216221525003,24.307477345596773,2.607134654403229
2010-09-13,25.504852,8.670539753613149,0.3409403194225537,0.7238756878703243,-0.040252180116958525,13.839417023253613,23.534520604042683,1.9703313959573165
2010-09-14,22.552277,8.534661661998125,0.09787265541700761,0.702221682707934,-0.6134141170856642,13.838579024493045,22.559920907530447,-0.0076439075304470805
2010-09-15,20.123718,8.396237804816248,-0.13490970622815956,0.6798800932562052,-1.055560316861779,13.837736169351073,21.72338404433359,-1.5996660443335884
2010-09-16,19.932526,8.255377804427681,-0.3520709841157927,0.6569262897016519,-1.0327239421263756,13.836922863817698,21.36443203170486,-1.4319060317048624
2010-09-17,21.911255,8.112137565438912,-0.5545742464116721,0.6333977246500523,-0.3977869422380341,13.836146205460787,21.629320306900045,0.2819346930999558
2010-09-18,22.404907,7.966471800940949,-0.7491361029967715,0.6092649418094224,0.6970964687803931,13.83536223718272,22.359059345716712,0.045847654283289074
2010-09-19,23.245178,7.818418952491211,-0.9440776409622961,0.5845535955266066,1.8348798918361644,13.834568625761078,23.128343424652762,0.11683457534723729
2010-09-20,22.336823,7.667980453424328,-1.145220998380306,0.5592659477051942,2.5052793855942053,13.83374415406379,23.42104894240721,-1.0842259424072118
2010-09-21,24.677979,7.515166430241308,-1.3517422222164235,0.5334086890961176,2.343355054984452,13.832871598807069,22.873059550912522,1.8049194490874783
2010-09-22,24.588226,7.359972817265858,-1.5555371064438606,0.5069838657462378,1.3144364631344585,13.831926048603583,21.457782088306274,3.1304439116937246
2010-09-23,16.800995,7.202445883715173,-1.7419096057649843,0.48003188187267454,-0.2440397553046369,13.83090744948505,19.527435854003276,-2.7264408540032754
2010-09-24,15.0017395,7.042820101152733,-1.8929145601507178,0.4527172604972594,-1.76027153149606,13.829909667965117,17.672260937968332,-2.6705214379683326
2010-09-25,16.35083,6.881206159994116,-1.9947530560450237,0.4251238873507889,-2.691886411282112,13.828964267433655,16.448654847451422,-0.09782484745142384
2010-09-26,17.297455,6.71761804855486,-2.040622314778734,0.3972691546454781,-2.7696512468966423,13.828054126215921,16.132667767740884,1.1647872322591155
2010-09-27,15.472382,6.552067238269465,-2.0303028465346804,0.36916484148500484,-2.105868967201862,13.827160576524626,16.612220842542555,-1.1398388425425559
2010-09-28,19.423828,6.384635487945111,-1.967543045450583,0.34086565880224573,-1.116737939098001,13.826299944028728,17.4675201062275,1.9563078937725003
2010-09-29,18.41101,6.215275594090386,-1.8584569658882246,0.31234131672267124,-0.305384779937127,13.825423757648979,18.189198922636685,0.2218110773633164
2010-09-30,16.915466,6.044112398523574,-1.7073718221398704,0.28367210119250735,-0.006024579819601396,13.82456937410825,18.43895747186486,-1.5234914718648618
2010-10-01,18.129486,5.8712358604247825,-1.517713837963237,0.25491940535696744,-0.23790166711929417,13.823756410821646,18.194296171520865,-0.06481017152086466
2010-10-02,17.269257,5.696613144442194,-1.2945954577682819,0.2260635342002957,-0.7326714891037645,13.822942756261044,17.71835248803149,-0.4490954880314888
2010-10-03,18.590363,5.520306397400729,-1.046153631655081,0.19714022599187273,-1.1068390819881377,13.822133617640812,17.386587527390194,1.2037754726098058
2010-10-04,20.436432,5.342302971436963,-0.7854671677084523,0.16813460989496332,-1.08717060222494,13.821296486167139,17.459096297565672,2.9773357024343277
2010-10-05,17.870392,5.162594679915173,-0.5289343493238345,0.13903570097457602,-0.6560517221607222,13.82040082421535,17.937045133620543,-0.06665313362054448
2010-10-06,18.30243,4.981285585709048,-0.29200460200740275,0.10990572186715315,-0.040767328471800264,13.819472126313373,18.57789150341037,-0.27546150341036935
2010-10-07,18.088379,4.7984585075542565,-0.08634826295822146,0.08079805050782567,0.4340415018558792,13.818524829120884,19.045474626080626,-0.9570956260806263
2010-10-08,17.475067,4.614155101293038,0.08340822092326544,0.051744026558418754,0.54962954514296,13.817552454721344,19.11648934863903,-1.6414223486390291
2010-10-09,16.243866,4.428474206143829,0.21960636721680965,0.022807268326269024,0.32448613293700895,13.816577134840891,18.811951109464808,-2.568085109464807
2010-10-10,18.35904,4.241476635962404,0.3282451217117767,-0.005975445433027755,-0.0012358665221712806,13.815601773472787,18.37811221919177,-0.019072219191770046
2010-10-11,20.861877,4.053126645165017,0.41383068456587735,-0.034627712573972645,-0.11807926303016278,13.814580623260689,18.128830977387448,2.7330460226125517
2010-10-12,19.742981,3.8634452601350793,0.47655983618423103,-0.06313725245796901,0.15986022966565244,13.813496087257212,18.250224160784207,1.4927568392157937
2010-10-13,18.776886,3.6724958204095115,0.5121544625696339,-0.09146562546611335,0.7725902917108736,13.81235156543357,18.678126514657475,0.09875948534252643
2010-10-14,18.404663,3.480379085695006,0.5135568408082585,-0.11955083389374893,1.4316050050932616,13.811168872778198,19.117158970480975,-0.7124959704809761
2010-10-15,18.39447,3.2871897485940598,0.4749049508574016,-0.1473354108161145,1.77418278299504,13.809966592324985,19.198908663955372,-0.8044386639553736
2010-10-16,18.38565,3.093007881208413,0.3953923055343054,-0.17477158842130452,1.5673343149740808,13.808755816947116,18.68971873024261,-0.30406873024261216
2010-10-17,16.740265,2.8978714733431428,0.28095302214749557,-0.20184020747163262,0.845903967947708,13.807526470133293,17.630414726100007,-0.890149726100006
2010-10-18,15.7933655,2.7018837021008264,0.14314354751061903,-0.22848033439736148,-0.09472876734367588,13.80630096717334,16.328119115043748,-0.5347536150437477
2010-10-19,15.495514,2.5050932141254334,-0.005366078383412362,-0.2546698527302613,-0.8520734120924703,13.805074369286038,15.198058240205327,0.29745575979467276
2010-10-20,15.818329,2.3075284884012373,-0.15506653141329915,-0.2804015630878637,-1.126956543459621,13.803831495190657,14.54893534563111,1.2693936543688906
2010-10-21,16.041718,2.1092762291359834,-0.30193368234632206,-0.3056318978683466,-0.8755360040255181,13.802586178841358,14.428760823737154,1.6129571762628458
2010-10-22,14.179565,1.9103896442550976,-0.44680793342385655,-0.33033691696352263,-0.3205006506719444,13.801335398069332,14.614079541265106,-0.4345145412651057
2010-10-23,13.225555,1.7110226295350563,-0.5918194384350056,-0.3544239186160557,0.1813025219927316,13.80012640459743,14.746208199074157,-1.5206531990741574
2010-10-24,14.8714905,1.5112519308185826,-0.737375953772339,-0.3778500493858548,0.3347044767117582,13.798967644612958,14.529698048985106,0.34179245101489464
2010-10-25,18.311523,1.3110696688523298,-0.8799097830199608,-0.40063167379003006,0.06112728507268249,13.797825263502089,13.88948076061711,4.4220422393828915
2010-10-26,12.266357,1.1104120301444413,-1.0118068864938916,-0.4228230957815148,-0.470473616694999,13.796637417707753,13.001945848881789,-0.7355888488817897
2010-10-27,8.846405,0.9094338603008562,-1.1221862481713236,-0.4443365740766487,-0.9457461330484395,13.795451637455146,12.192616542459591,-3.3462115424595904
2010-10-28,9.478027,0.7083122569640723,-1.2029988794611535,-0.4650741169872534,-1.0928540224731311,13.794326600623968,11.741711838666502,-2.263684838666501
2010-10-29,11.637756,0.5070885618143284,-1.2524966552283034,-0.48503023126260003,-0.8322974431798187,13.793253060509551,11.730517292653158,-0.09276129265315802
2010-10-30,11.485077,0.305799489793328,-1.2747144540381004,-0.5042024815942261,-0.30765839161661457,13.792219380026514,12.011443542570902,-0.5263665425709014
2010-10-31,14.6128235,0.10452340486164058,-1.2762854706774287,-0.522561387103157,0.20970196697366228,13.791234651593156,12.306613165647873,2.3062103343521265
2010-11-01,14.351013,-0.09677972497553555,-1.2636046503105256,-0.5401571321223377,0.47704623304114296,13.790248788054674,12.366753513687417,1.9842594863125829
2010-11-02,12.221893,-0.2980230968281206,-1.2385633281285275,-0.5569621526096895,0.4156797542608649,13.789275300089482,12.111406476784008,0.11048652321599128
2010-11-03,10.472961,-0.49918893313640517,-1.198643163269762,-0.5729943959004904,0.14127759090033248,13.788293223129154,11.658744321722828,-1.1857833217228286
2010-11-04,9.092529,-0.7001795719587591,-1.1393630999210338,-0.5882140283321267,-0.11710462779692514,13.787321576017092,11.242460248008248,-2.1499312480082473
2010-11-05,11.232819,-0.9008395795314783,-1.0582158109907476,-0.6025445784674781,-0.15662214504211908,13.786408262639728,11.068186148607905,0.16463285139209383
2010-11-06,11.960114,-1.1011396263989917,-0.9584603492836756,-0.6159940770079554,0.08247610472235475,13.785538117025311,11.192420169057042,0.7676938309429584
2010-11-07,12.7578125,-1.3010310309139124,-0.8486450105680832,-0.628558205971901,0.4923835996296543,13.784705634847132,11.49885498702289,1.2589575129771102
2010-11-08,13.338959,-1.500461415055804,-0.7401614375058118,-0.6402321725228173,0.8666711546201921,13.783907260223721,11.76972338975948,1.5692356102405185
2010-11-09,10.952759,-1.6994645918414422,-0.6428976355540059,-0.6510691564673583,1.0191570087738262,13.783096444253573,11.808822069164593,-0.856063069164593
2010-11-10,9.507233,-1.8979058498906545,-0.5604533642070813,-0.6610151814408317,0.8834136673232176,13.782311099152382,11.546350370937033,-2.039117370937033
2010-11-11,9.756775,-2.0956667698762104,-0.4894139228900565,-0.670029439367573,0.5338851123506585,13.781581093147995,11.060356073364813,-1.303581073364814
2010-11-12,11.753296,-2.2927101192410397,-0.42127858451873207,-0.6781269680923104,0.12895100368287818,13.780895777456973,10.51773110928777,1.2355648907122312
2010-11-13,12.308899,-2.4890528467332613,-0.34643645889268215,-0.6853563877079345,-0.18406699443758656,13.780217553757948,10.075304865986483,2.233594134013517
2010-11-14,12.418518,-2.6846529531107377,-0.2579769669433012,-0.6917266003918865,-0.34294311560363694,13.779538487034873,9.802238850985312,2.616279149014689
2010-11-15,8.472168,-2.879418947129303,-0.15444710277028262,-0.6972173733168995,-0.38515095149694833,13.778875393584297,9.662641018870865,-1.1904730188708648
2010-11-16,7.5348816,-3.073264818693188,-0.03910232788418838,-0.7018169468123693,-0.3977589697433148,13.778242546846935,9.566299483713873,-2.031417883713873
2010-11-17,8.025116,-3.266126848329744,0.08196127592068386,-0.7055295647348743,-0.4449963255365049,13.777643242745388,9.442951780064949,-1.417835780064948
2010-11-18,6.7572327,-3.457964470294319,0.20370879179158907,-0.7083742305839278,-0.5146109383710353,13.777069320126415,9.299828472668722,-2.5425957726687214
2010-11-19,9.226746,-3.6486939023218126,0.3253228409764647,-0.7103408509155915,-0.519388884755444,13.776534364052779,9.223433567036395,0.003312432963605616
2010-11-20,10.347626,-3.838316507839765,0.4493719530312462,-0.7114731600570859,-0.35876015608571254,13.776009531653656,9.316831660702338,1.0307943392976622
2010-11-21,11.443268,-4.026771431909106,0.5802280181707485,-0.7117765415328681,0.003518117894381931,13.775497300157905,9.620695462781061,1.8225725372189387
2010-11-22,12.713776,-4.214138030184143,0.7200363583740274,-0.711355150365889,0.48707575770353206,13.774930217147848,10.056549152675373,2.657226847324626
2010-11-23,10.337891,-4.400418071784285,0.8665136931342774,-0.7102606993548105,0.9094945748054375,13.774279821607148,10.439609318407769,-0.10171831840776768
2010-11-24,7.5130615,-4.585415285153186,1.0135442650524553,-0.7084079716696414,1.067233510512247,13.77361684668382,10.560571365425696,-3.0475098654256962
2010-11-25,10.288727,-4.768981616454474,1.1525606741919694,-0.7057432433697086,0.8393279169932022,13.772988069855627,10.290151801216616,-0.0014248012166167001
2010-11-26,11.251495,-4.951157570810025,1.275077445474083,-0.7023395979836398,0.2638578901504944,13.772346042675865,9.657784209506778,1.5937107904932226
2010-11-27,8.030304,-5.131939362563714,1.3773639291219308,-0.6982431275117169,-0.4491781868469371,13.771665793028971,8.869669045228534,-0.8393650452285346
2010-11-28,9.327911,-5.3111469048666775,1.4617402533881085,-0.6933815457291701,-0.9947720445775808,13.771010682473069,8.233450440687749,1.0944605593122514
2010-11-29,7.102997,-5.4887429315912915,1.5327272257961508,-0.6877761700197924,-1.1130211666214584,13.770372877488954,8.013559835052563,-0.9105628350525627
2010-11-30,7.907898,-5.66464443946581,1.5946397054440162,-0.6814171676002853,-0.7133921351947557,13.769767644899499,8.304953608082663,-0.3970556080826624
2010-12-01,8.732391,-5.838807014494068,1.6472597212609756,-0.6743214306760472,0.06591457618687002,13.769191125116624,8.969236977394354,-0.23684597739435453
2010-12-02,11.122192,-6.0113016299873365,1.6852317438452573,-0.6665900465595647,0.9083763791235413,13.768582042271635,9.684298488693532,1.4378935113064681
2010-12-03,11.679932,-6.182144496388316,1.7002652048966385,-0.658293674313774,1.4564261263153309,13.76790686834073,10.08416002885061,1.5957719711493912
2010-12-04,7.4809875,-6.351206812608517,1.6858497686595062,-0.6494030989881105,1.476348436516935,13.76720490125433,9.928793194834142,-2.447805694834142
2010-12-05,8.101379,-6.518354843969499,1.6412455858865604,-0.6398821626097819,0.9693696107707105,13.76651815826771,9.2188963483457,-1.1175173483457002
2010-12-06,9.323303,-6.683598841256659,1.571582087333314,-0.6297877736637971,0.1704461364733422,13.765816690053832,8.194458298940031,1.1288447010599683
2010-12-07,8.129822,-6.84694569828217,1.4874271333864961,-0.6191768847893253,-0.5566892777301631,13.765072534207894,7.229687806792732,0.9001341932072684
2010-12-08,5.5193787,-7.0083001996250855,1.401667228554012,-0.6080373670871277,-0.8891099977776262,13.764309218563046,6.660528882627218,-1.141150182627218
2010-12-09,4.937958,-7.167558571641699,1.324637736092605,-0.5963490189605676,-0.7016898541579005,13.763554871140883,6.622595162473321,-1.6846371624733205
2010-12-10,6.45578,-7.324690690571131,1.2603576826193457,-0.5841463857696074,-0.13234641136612138,13.762801059777166,6.981975254689651,-0.5261952546896511
2010-12-11,9.319214,-7.479675017264096,1.2066288076573983,-0.5714702373115625,0.4841497014483211,13.762035235035206,7.4016684895652665,1.917545510434734
2010-12-12,7.491455,-7.632536987489779,1.157931911399254,-0.5583876014251122,0.7822692106157774,13.761221689811997,7.510498222912138,-0.01904322291213756
2010-12-13,6.7728577,-7.783115836270272,1.1103379628750878,-0.5448431090667303,0.5528715047806446,13.76041815876244,7.095668681081169,-0.3228109810811688
2010-12-14,9.644287,-7.931396536606303,1.0628160903557298,-0.5308771079395388,-0.1487272074564798,13.759609751286392,6.211424989639801,3.432862010360199
2010-12-15,5.1034546,-8.077456798660155,1.0172426201130038,-0.5165899288879359,-1.0197467689128512,13.758735544357384,5.162184668009447,-0.05873006800944669
2010-12-16,2.5393372,-8.221117415101297,0.9782918333450575,-0.5019106250869877,-1.642352932809769,13.757863510558911,4.370774370905915,-1.831437170905915
2010-12-17,4.029541,-8.362314283055099,0.9479544472521358,-0.4868467305622823,-1.6860151407798578,13.75700447884075,4.1697827716956475,-0.14024177169564744
2010-12-18,4.4213867,-8.501087482870574,0.9226371403722048,-0.4714781551047562,-1.0669272493627309,13.756117459979484,4.639261713013626,-0.217875013013626
2010-12-19,3.658722,-8.63738333533389,0.8943181825093883,-0.4558227727194336,0.012391482600987077,13.755208799111239,5.568712356168291,-1.909990356168291
2010-12-20,7.0246277,-8.771180409855983,0.852965159433808,-0.4399195356192199,1.15252033608161,13.75426904918247,6.548654599222685,0.47597310077731514
2010-12-21,8.022064,-8.902514546367243,0.7899285595854133,-0.4238447898441126,1.93294890650626,13.753260391028995,7.149778520909312,0.8722854790906887
2010-12-22,9.122986,-9.03139412438381,0.7026193941987919,-0.40765342629365886,2.095570284676293,13.752159042553744,7.111301170751361,2.0116848292486385
2010-12-23,6.5460815,-9.157776332485252,0.5954375190705677,-0.39136335804264455,1.6412707712331671,13.7509672907354,6.438535890511238,0.10754560948876168
2010-12-24,4.2352295,-9.281542320963288,0.47839140429838795,-0.37493733194266077,0.8058094196875747,13.749725670577813,5.377446841657829,-1.1422173416578287
2010-12-25,2.3509216,-9.402590165822268,0.36225612119081413,-0.3583471439093054,-0.06973979747536169,13.748466484308187,4.280045498292065,-1.9291238982920649
2010-12-26,2.8901367,-9.520833127876628,0.254401343747405,-0.34157308330307834,-0.6973568004570583,13.747214804926134,3.441853137036775,-0.5517164370367751
2010-12-27,2.5019226,-9.636229431286083,0.1561535856076402,-0.32462948024400345,-0.9546008902949931,13.745973852085855,2.986667635868418,-0.4847450358684182
2010-12-28,4.962921,-9.748731996218504,0.0639196608864734,-0.30752909077294427,-0.9006880866989738,13.744749926782843,2.851720413978894,2.1112005860211056
2010-12-29,3.9651794,-9.858363801808277,-0.028546186199192716,-0.29032851783971525,-0.7081572423225136,13.743514686916805,2.858118938747106,1.1070604612528938
2010-12-30,2.0339355,-9.965090797089923,-0.12572546292094358,-0.2730432288299915,-0.5507376699846104,13.7422686782062,2.8276715193807327,-0.7937360193807326
2010-12-31,1.9576416,-10.06881247015291,-0.22856599641320316,-0.2556452829962185,-0.5168427120330571,13.741046150761163,2.6711796891657755,-0.7135380891657754
2011-01-01,2.4032288,-10.169541431088572,-0.3355051477123642,-0.23818036565791462,-0.5857904022462399,13.739825105016662,2.410807758311572,-0.007578958311571959
2011-01-02,2.6503906,-10.267275444610448,-0.44406225213993256,-0.2206811719735941,-0.6627395244893679,13.738591380210535,2.143832986997193,0.5065576130028071
2011-01-03,2.303894,-10.361959061487735,-0.5530871115877161,-0.20314550332459874,-0.6463653815578,13.73735792154578,1.9728008635879295,0.3310931364120706
2011-01-04,1.9647827,-10.453552722809128,-0.6641271490735672,-0.1855827474836985,-0.48860758607702937,13.73613015960462,1.9442599541611987,0.020522745838801315
2011-01-05,4.0339966,-10.542023862653028,-0.7806715422936306,-0.16800954116285938,-0.21680564765091143,13.734910614210735,2.0274000204503047,2.0065965795496954
2011-01-06,1.5801086,-10.627415098180725,-0.9059781204346951,-0.15049204201260533,0.08492295533990539,13.733664739606185,2.1347024343180667,-0.5545938343180667
2011-01-07,-0.13198853,-10.70963468066605,-1.0389856336531322,-0.13300554831971353,0.3222719041992247,13.732425730169563,2.1730717717298926,-2.3050603017298927
2011-01-08,1.6514282,-10.788605220710615,-1.173839352903095,-0.11553331211439166,0.4288018098746779,13.731219979917034,2.0820439040636103,-0.43061570406361027
2011-01-09,3.7189026,-10.864349622103786,-1.3010124372444356,-0.09812392965647143,0.38656850846776813,13.730024076359095,1.8531065958221689,1.865796004177831
2011-01-10,-0.07897949,-10.936888467981085,-1.4091392632901427,-0.08081963693176342,0.22657430773208603,13.728816189319456,1.5285431288485505,-1.6075226188485505
2011-01-11,1.0372925,-11.00607160023469,-1.4874428191421543,-0.06354928633344442,0.011168239089008228,13.727660415236835,1.1817649486155535,-0.14447244861555353
2011-01-12,1.617096,-11.071957929450512,-1.530508257074593,-0.0463782368185188,-0.1972011892141398,13.726516784403893,0.8804711718461284,0.7366248281538716
2011-01-13,0.46243286,-11.134545791062262,-1.537703011726223,-0.029332390564949316,-0.35035723597608176,13.725376151713865,0.6734377223843495,-0.2110048623843495
2011-01-14,0.5455017,-11.193791418220098,-1.5116106804785803,-0.012407507894775578,-0.4207113607238115,13.724250982023003,0.5857300147057405,-0.04022831470574051
2011-01-15,1.440094,-11.249709889580744,-1.456312222529261,0.004364629417647321,-0.4024566862309069,13.723124775499272,0.6190106065760066,0.8210833934239934
2011-01-16,-1.3013,-11.302281710218072,-1.3753720986966613,0.020973104697779195,-0.3066647953881783,13.72199886157708,0.7586533619719464,-2.0599533619719463
2011-01-17,1.4511108,-11.351432658338169,-1.2709659413722894,0.037442940607312576,-0.153695648493514,13.720902429402988,0.9822511218063301,0.4688596781936698
2011-01-18,2.0863647,-11.397218993986714,-1.1467649818092351,0.05371311610225808,0.028004186969098684,13.719799921610825,1.257533248886233,0.8288314511137669
2011-01-19,3.0322266,-11.439619271633651,-1.0084141109778393,0.06977720329904055,0.21139025409069673,13.718695064940029,1.5518291397182757,1.4803974602817243
2011-01-20,1.5943909,-11.478568263847329,-0.8650118118250015,0.08565782501621545,0.3715516845775845,13.717614107884495,1.8312435418059643,-0.23685264180596421
2011-01-21,1.4009705,-11.514000175579888,-0.7280252358564354,0.10137566123291608,0.4846517767422409,13.716584114180213,2.0605861407190478,-0.6596156407190479
2011-01-22,2.3111877,-11.545908294901139,-0.6092774911243221,0.11691016569311065,0.5223157808533562,13.715603115810552,2.1996432763315585,0.11154442366844153
2011-01-23,2.303772,-11.574383944080477,-0.5174284998009129,0.13218039746730847,0.45253828500408744,13.71462058399208,2.2075268225820857,0.09624517741791427
2011-01-24,1.7421265,-11.599439430137899,-0.4543804575028865,0.1471634875236522,0.2512584246573019,13.71362602794375,2.058228052483919,-0.31610155248391925
2011-01-25,1.5647278,-11.621077597328654,-0.41476225788512433,0.1618436083568835,-0.08278163595121808,13.712614201613848,1.755836318805736,-0.19110851880573598
2011-01-26,1.2245178,-11.639239310746728,-0.387954057330134,0.1762438040566577,-0.5146485589793922,13.711611427278505,1.3460133042789089,-0.12149550427890876
2011-01-27,1.3988342,-11.653965940055478,-0.361991153223618,0.19032601759053525,-0.9695058368502059,13.710594187816174,0.915457275277408,0.4833769247225921
2011-01-28,1.1019287,-11.665213290531092,-0.3272181224653508,0.2041106398986566,-1.343677898760918,13.709582337553114,0.5775836656944104,0.5243450343055895
2011-01-29,0.37716675,-11.67294428705132,-0.27874771670932474,0.21761341248901644,-1.52945339924645,13.708592661968419,0.4450606714503422,-0.06789392145034223
2011-01-30,-0.4968567,-11.677171596421354,-0.21675883697597975,0.23081649791041808,-1.445282586315632,13.707617659186615,0.5992211373840668,-1.0960778373840667
2011-01-31,-0.4041443,-11.677844173867456,-0.14470658299514277,0.24374365025873632,-1.0591775588348682,13.706682311624402,1.0686976461856705,-1.4728419461856705
2011-02-01,2.7191467,-11.674947213753356,-0.0675203862681121,0.25639341504253627,-0.4001412967236507,13.70579398661403,1.819578504911446,0.8995681950885541
2011-02-02,2.3188782,-11.668601572802334,0.009301039649499694,0.2686740108260347,0.44388139957538875,13.70489266297222,2.7581475402208095,-0.43926934022080966
2011-02-03,4.4596863,-11.658868091184306,0.08108790581301059,0.2805321821272394,1.3424842614282395,13.703948855998336,3.7491851141825183,0.7105011858174821
2011-02-04,5.3180847,-11.645814490202866,0.14236902979930563,0.29191206852792884,2.136219880051611,13.702930135906344,4.6276166240823216,0.6904680759176784
2011-02-05,5.4122314,-11.629436539943892,0.186915583340818,0.30281010459713154,2.6569360896872194,13.701840523160504,5.219065760841781,0.19316563915821838
2011-02-06,5.3312683,-11.609698317039289,0.20812305192931405,0.31324819452590025,2.7532985026411856,13.700700341125907,5.365671773183019,-0.03440347318301917
2011-02-07,5.4815063,-11.586613577764549,0.200903278529198,0.3232228160246397,2.3295179572444646,13.69950543746997,4.966535911503723,0.5149703884962777
2011-02-08,3.1096802,-11.560126726023785,0.16474895845935314,0.33278156830277394,1.3929130610437133,13.698286812968625,4.028603674750681,-0.9189234747506805
2011-02-09,3.0161743,-11.530244922684437,0.10612990094947053,0.34192785996983344,0.09044905413301196,13.697044634484845,2.705306526852725,0.31086777314727465
2011-02-10,2.370819,-11.496864546227048,0.03824707710638145,0.3507291320960875,-1.296391312931144,13.695835093348949,1.2915554433932268,1.0792635566067732
2011-02-11,-0.4046631,-11.46001242900389,-0.021464682404143936,0.3591705069762218,-2.413009198589525,13.694649489605697,0.1593336865843593,-0.5639967865843594
2011-02-12,-0.5789795,-11.41968695529417,-0.055464035663603466,0.36726103875707794,-2.9452423122294142,13.693493883739766,-0.3596383806903436,-0.21934111930965638
2011-02-13,-0.14315796,-11.375898373934765,-0.051815861306090866,0.37500454068194417,-2.748457359346665,13.692368957476061,-0.10879809642951521,-0.03435986357048479
2011-02-14,1.3103333,-11.328676401071007,-0.007114028475234034,0.38239443598964284,-1.9228558525634103,13.691266162710031,0.8150143165900214,0.4953189834099785
2011-02-15,-0.4142151,-11.278024001773996,0.0734731789237402,0.38943860839365124,-0.7889828187698921,13.690191026301024,2.0860959930745278,-2.5003110930745276
2011-02-16,2.1115417,-11.22387609226599,0.17974222691549122,0.3961867739067144,0.24375836391398784,13.689183685760526,3.2849949582307314,-1.1734532582307313
2011-02-17,7.271454,-11.166410399952852,0.2992294173954214,0.4025295217990277,0.8547836645747011,13.688163187462072,4.07829539127837,3.19315860872163
2011-02-18,4.9312134,-11.105814699015664,0.4214446152666441,0.40835212821142536,0.9603820736823565,13.687043939195663,4.371408057340426,0.5598053426595735
2011-02-19,3.8682556,-11.042071628998086,0.5409308557929644,0.41367620728907517,0.7501206240444034,13.685843447331177,4.348499505459534,-0.4802439054595342
2011-02-20,5.291931,-10.975139121554731,0.6542338715734228,0.41853940278998264,0.5718880672299913,13.68459210674621,4.354114326784876,0.9378166732151243
2011-02-21,2.8031616,-10.90502715533152,0.7567630646832754,0.4229474412243406,0.7324571188038997,13.683294762661376,4.690435232041372,-1.8872736320413717
2011-02-22,3.899292,-10.831621282546667,0.841701443782251,0.42698990150695526,1.3182479823251574,13.68201908508734,5.437337130155036,-1.5380451301550364
2011-02-23,6.073639,-10.754983404817306,0.8983832994662868,0.4306458720549311,2.1265660812474594,13.680744868248661,6.381356716200033,-0.30771771620003285
2011-02-24,8.37616,-10.67510565836745,0.9156112199350259,0.43394061416516505,2.7642797125935785,13.679487164822438,7.118213053148759,1.2579469468512414
2011-02-25,9.593811,-10.592058750720815,0.8856616885564036,0.4368484406577214,2.8592248043603745,13.67822218964803,7.267898372501715,2.325912627498285
2011-02-26,4.4579163,-10.505911997308882,0.8081047840272485,0.4393427538364952,2.2716945905097496,13.676927511547913,6.690157642612524,-2.2322413426125243
2011-02-27,9.601471,-10.416527313707375,0.6915733263699754,0.4415285969839149,1.185269762274816,13.675684984315618,5.577529356236948,4.023941643763052
2011-02-28,2.3747864,-10.324175818048712,0.5482273515040818,0.4432449067018137,0.010031989551287868,13.674372146891715,4.351700576600187,-1.9769141766001872
2011-03-01,4.2317505,-10.228724239823878,0.39392109407971715,0.4446019405623357,-0.8240303457139893,13.673069300314205,3.4588377494183913,0.7729127505816091
2011-03-02,2.7157898,-10.13021765964017,0.23998864661882546,0.44559483647860787,-1.108708517601362,13.671767922422205,3.118425228278106,-0.40263542827810594
2011-03-03,1.2950745,-10.028642314397137,0.09302400152753965,0.4462592861663871,-0.9602807598392513,13.670489368245509,3.220849581703048,-1.925775081703048
2011-03-04,0.948761,-9.923948472880017,-0.04479395915768415,0.4466600937307079,-0.7412390233706729,13.669273390439566,3.4059520287619005,-2.4571910287619003
2011-03-05,3.4970093,-9.816159690703682,-0.17314288070809672,0.4468117956760641,-0.8355490938699006,13.668123603992635,3.2900837343870197,0.20692556561298048
2011-03-06,7.517151,-9.705307048003748,-0.29055135483626715,0.4467160973683672,-1.4044152424409624,13.667040411318798,2.7134828634061883,4.803668136593812
2011-03-07,0.74316406,-9.591572567995005,-0.3929300914215395,0.4462735905670279,-2.2645705077324796,13.665949110317545,1.8631495337355481,-1.1199854737355481
2011-03-08,0.38293457,-9.474820965243024,-0.47251610063388977,0.4455995954137487,-2.9619547560290664,13.664934317217163,1.2012420907249322,-0.8183075207249322
2011-03-09,1.721344,-9.355058914569948,-0.524734526362065,0.4447199870491114,-3.0266723448596475,13.66401011702197,1.2022643182794202,0.5190796817205798
2011-03-10,0.92904663,-9.232428305624671,-0.5513948619845831,0.4435691407580562,-2.2451586927227734,13.663123370729904,2.0777106511559325,-1.1486640211559325
2011-03-11,2.3623657,-9.106956538519727,-0.5612484682764803,0.44215391253877767,-0.8030179443193248,13.662278699690066,3.6332096611133124,-1.2708439611133127
2011-03-12,4.6230774,-8.978734013026276,-0.5689276148102846,0.4404402520908123,0.783071580282903,13.6614495620524,5.337299766589554,-0.7142223665895546
2011-03-13,7.1774597,-8.847814614291059,-0.5897443805165651,0.43841747472422976,1.9210613518582078,13.66062815274852,6.582547984523334,0.5949117154766661
2011-03-14,11.116608,-8.71426959446994,-0.634081069535652,0.43606298434081603,2.2458001322007584,13.659798350474945,6.993310803010928,4.123297196989071
2011-03-15,8.212616,-8.578305480126552,-0.70381093364082,0.43326952490282356,1.802023901046205,13.65887673322068,6.612053745402335,1.6005622545976657
2011-03-16,3.6202393,-8.439797491611134,-0.7901717595395348,0.4301485162117179,1.0106751584983018,13.657946187155423,5.868800610714773,-2.248561310714773
2011-03-17,1.1832886,-8.298635763648383,-0.8787318605089088,0.42680278281291384,0.422639582117127,13.657082434743904,5.329157175516652,-4.145868575516652
2011-03-18,4.242401,-8.154872011675184,-0.9558515566476594,0.42323314243403176,0.4045888288515352,13.656280764177472,5.373379167140197,-1.1309781671401966
2011-03-19,8.6241455,-8.008586099223045,-1.0137176243974564,0.4194231791376134,0.9327986092703598,13.655522704771998,5.98544076955947,2.638704730440529
2011-03-20,11.032379,-7.85994248974583,-1.051260473982601,0.41530208652796397,1.613023851147809,13.654747793630529,6.77187076757787,4.26050823242213
2011-03-21,7.351959,-7.708982119259547,-1.071303490299607,0.4108756142003383,1.9110549100903704,13.653957726954,7.195602641685553,0.15635635831444716
2011-03-22,5.111603,-7.555718420582519,-1.0761273384874952,0.4061663923794543,1.4631811654864972,13.653168303119292,6.890670101915229,-1.7790671019152295
2011-03-23,3.7736206,-7.400168188391505,-1.0651448115889408,0.4012003945922212,0.2890296260524875,13.652393998203385,5.877311018867648,-2.1036904188676475
2011-03-24,2.5054016,-7.242258253904195,-1.033847409589885,0.39606072028458084,-1.2024194656658365,13.651694745930184,4.569230337054849,-2.063828737054849
2011-03-25,5.4843445,-7.082097726801946,-0.9760707482490278,0.3907129854608591,-2.4184806821613134,13.651039552576146,3.565103380824718,1.9192411191752816
2011-03-26,3.7649841,-6.919807890017944,-0.8879816042937339,0.3851139268254967,-2.8882775438305,13.650391757034924,3.339438645718243,0.42554545428175716
2011-03-27,3.9128723,-6.755405447040502,-0.770061792164963,0.3792878170147644,-2.4981625854256815,13.649767428081118,4.005425420464736,-0.09255312046473563
2011-03-28,4.593689,-6.588956397014313,-0.6295113011940915,0.3732233845045765,-1.5446221104266584,13.649158369038444,5.259291944907957,-0.665602944907957
2011-03-29,6.7048645,-6.420542502757417,-0.47802436301398815,0.36690006646127327,-0.5681509902164821,13.648548749417957,6.548730959891342,0.15613354010865788
2011-03-30,7.9445496,-6.250274183041586,-0.3274999316639511,0.36028523529283707,-0.06470474099271922,13.647908648378076,7.365715027972656,0.5788345720273442
2011-03-31,6.2832947,-6.078203292942877,-0.18511168888540425,0.3533896161214203,-0.22916187380336916,13.647237702771742,7.5081504632615115,-1.2248557632615116
2011-04-01,8.197784,-5.904198007285725,-0.050663769249271504,0.3463458615118298,-0.8671741621858291,13.646627715833466,7.170937638624469,1.0268463613755312
2011-04-02,11.148285,-5.728318042436155,0.08073572890096728,0.33915615618634565,-1.5209232126572352,13.646074974408423,6.816725604402345,4.331559395597655
2011-04-03,5.260132,-5.550788297131415,0.2153311552822043,0.3317076011989448,-1.7253111341822223,13.645493469714323,6.916432794881834,-1.656300794881834
2011-04-04,5.2192993,-5.371543024672364,0.35840729742758476,0.3240805981226185,-1.2550539531632792,13.644942862513824,7.700833780228384,-2.481534480228384
2011-04-05,6.9160767,-5.19058681032738,0.5086819237748158,0.3163120186059547,-0.24792164190829294,13.644447822183274,9.030933312328372,-2.1148566123283725
2011-04-06,10.416504,-5.008043533660551,0.6589764812946882,0.30835845036079407,0.8779477125272608,13.643973542423323,10.481212652945516,-0.06470865294551587
2011-04-07,12.9841,-4.823983374261969,0.7996202139963378,0.30020769755687715,1.652808947671656,13.64351229441162,11.572165779374522,1.4119342206254775
2011-04-08,14.248047,-4.63865766115921,0.922658272280341,0.2917292738614315,1.8036379839965124,13.642965975548547,12.022333844527623,2.225713155472377
2011-04-09,13.690094,-4.452209687261444,1.0252434806691424,0.28286474986450083,1.3887317777950945,13.642290882454928,11.88692120352222,1.8031727964777797
2011-04-10,10.704712,-4.264621849789451,1.1097732557768398,0.27366611456793394,0.7498837352272355,13.641523943503973,11.51022519928653,-0.8055131992865299
2011-04-11,10.8125305,-4.075721176576623,1.181104606717551,0.26429302247125885,0.3142395962478986,13.640779811730454,11.32469586059054,-0.5121653605905401
2011-04-12,7.964081,-3.8855327657554497,1.241188739673408,0.25477341375995255,0.3531707374064923,13.640074185540156,11.603674310624559,-3.6395933106245586
2011-04-13,11.526825,-3.694140223378268,1.287455034817897,0.2450970065810828,0.83807456272453,13.639393633247234,12.315880013992476,-0.7890550139924759
2011-04-14,13.294617,-3.5015674414703675,1.312036772621977,0.2352903754710722,1.4556726530370576,13.63875481334787,13.14018717300761,0.15442982699239138
2011-04-15,16.00061,-3.308006832237324,1.3057793639518498,0.2252666868947747,1.7819450762489133,13.638090347644264,13.643074642502476,2.3575353574975253
2011-04-16,15.216156,-3.1137650434459623,1.2626497549667866,0.214869354127317,1.510819032160276,13.637275671444723,13.51184876925314,1.7043072307468599
2011-04-17,11.672546,-2.9188576332893224,1.1847752164880991,0.20413726580706637,0.6241461134715849,13.63633194252444,12.730532905001867,-1.0579869050018669
2011-04-18,11.771851,-2.7231909203460303,1.0827748250728395,0.19318648478321748,-0.5910453742829267,13.635335090746938,11.597060105974037,0.17479089402596237
2011-04-19,8.313599,-2.5267684358859173,0.9717451920080235,0.18206637027817207,-1.6821667379833487,13.634312671378076,10.579189059795006,-2.265590059795006
2011-04-20,10.541321,-2.3294797603302175,0.8676472861752905,0.1708975749356395,-2.2430861476842496,13.633349303181726,10.099328256278188,0.4419927437218121
2011-04-21,10.861572,-2.1314505331091134,0.7809045279291774,0.15964458913859675,-2.1031691528000347,13.632411469003317,10.338340900161944,0.5232310998380569
2011-04-22,13.539856,-1.9327175046253107,0.7157588187657141,0.14832296856313537,-1.3859054782936258,13.631510268534482,11.176969072944395,2.362886927055605
2011-04-23,13.905731,-1.7335739360296003,0.6703546172907036,0.13678205403433644,-0.4294700084901494,13.63052855638378,12.27462128318907,1.6311097168109292
2011-04-24,11.339874,-1.5340719769713016,0.6414923486784131,0.1250337024210079,0.3906424989149824,13.629469891494791,13.252566464537892,-1.9126924645378924
2011-04-25,10.802155,-1.3341448223131018,0.6279131493666346,0.11317088256921322,0.833280666039183,13.628397473596285,13.868617349258214,-3.066462349258213
2011-04-26,13.331451,-1.133771907583986,0.6307904778753106,0.1012591611684398,0.8742443857132246,13.62735135008608,14.09987346725907,-0.7684224672590698
2011-04-27,17.31134,-0.9330427829467025,0.6523908225123694,0.08928833670182325,0.6730900998047603,13.626316533815187,14.108043009887437,3.2032969901125643
2011-04-28,15.22525,-0.7321756921529008,0.6935341722953282,0.07716281973190646,0.4540602961578307,13.625213752663628,14.117795348695793,1.1074546513042076
2011-04-29,10.768158,-0.5311548875189871,0.752260570975072,0.06494379094336977,0.37311641808163376,13.624080775781344,14.283246668262432,-3.5150886682624325
2011-04-30,15.737976,-0.3298495707301995,0.8216856246413483,0.052768195009122595,0.4346799195065999,13.623012967845844,14.602297136272714,1.1356788637272857
2011-05-01,15.739777,-0.12848711795628417,0.8888962406631972,0.04054176557409931,0.5022472007996642,13.621926320370207,14.925124409450884,0.814652590549116
2011-05-02,16.006134,0.07287720157555083,0.9416488596749403,0.02828163860444871,0.40909694143900277,13.620823057211153,15.072727698505096,0.9334063014949034
2011-05-03,13.532593,0.27420003708416496,0.9717373765790108,0.016014215234122532,0.07876098298796556,13.619711344453401,14.960423956338666,-1.4278309563386653
2011-05-04,15.373718,0.4755059825112741,0.9778418351311916,0.003807284281386529,-0.40564928634297753,13.618633479459495,14.67013929504037,0.7035787049596305
2011-05-05,12.266571,0.6767224195345295,0.9636837816627363,-0.008337559196116501,-0.8325082386128203,13.617583126734118,14.417143530122447,-2.150572530122446
2011-05-06,14.403046,0.8778937473622025,0.9364074102536887,-0.020344414679124914,-0.967147304074971,13.616612482777041,14.443421921638837,-0.0403759216388373
2011-05-07,14.644012,1.0789265074386563,0.9007100353541023,-0.032227731577421245,-0.6898345561160986,13.61570469645893,14.87327895155817,-0.22926695155817
2011-05-08,17.485199,1.2796932476359608,0.8571774655641254,-0.04402638454565715,-0.07347408359629345,13.614825892989709,15.634196138047844,1.851002861952157
2011-05-09,17.314392,1.4800381312493884,0.8018323470230366,-0.055799297115048496,0.6343455394994694,13.61392797265215,16.474344693308996,0.8400473066910052
2011-05-10,20.129608,1.6799452964239707,0.7299659041726474,-0.06751585521051251,1.1287795320389813,13.61303303462453,17.084207912049617,3.0454000879503837
2011-05-11,13.655304,1.8792323780819646,0.6386527994848025,-0.07925277663783267,1.1962778868779005,13.612079739053167,17.24699002686,-3.5916860268600015
2011-05-12,15.015533,2.077976974840371,0.5315801051512394,-0.09091555998642509,0.8308892975880882,13.611136580600267,16.96066739819354,-1.9451343981935398
2011-05-13,18.422607,2.2760443297743316,0.4155886989403335,-0.10254842834777803,0.23425721795364363,13.610165740426519,16.43350755874705,1.9890994412529501
2011-05-14,15.9938965,2.4732533634254663,0.29868243801556776,-0.11422570150611056,-0.27803943693394334,13.609106070486217,15.988776733487196,0.0051197665128039915
2011-05-15,16.695435,2.669636395848044,0.1873540704787364,-0.12588105597787436,-0.42739977782249633,13.60800314572224,15.91171277824865,0.7837222217513506
2011-05-16,17.003357,2.8651586888560696,0.08160837075668347,-0.13748673922934368,-0.11506505370598752,13.60686881283503,16.301084079512453,0.7022729204875482
2011-05-17,14.804108,3.0597661080191507,-0.02495030413245282,-0.14902423668938528,0.5287970404341278,13.605705022432495,17.020293630063936,-2.2161856300639364
2011-05-18,16.161255,3.253548775330619,-0.1418737259523816,-0.16038035749578838,1.2085831271526832,13.604585647242002,17.764463466277135,-1.6032084662771346
2011-05-19,17.710266,3.446425922753833,-0.2784129745089454,-0.17155723764862596,1.6041394456474514,13.603498982940181,18.204094139183894,-0.49382813918389346
2011-05-20,19.486603,3.638234585713711,-0.43839001717293535,-0.182616823075232,1.5267470470783706,13.60239218951376,18.146366982057675,1.340236017942324
2011-05-21,20.652435,3.8289159060943296,-0.617861371751599,-0.19355415879693968,1.0056081562113817,13.60126436691765,17.62437289867482,3.0280621013251796
2011-05-22,18.609741,4.018403042241163,-0.8067076033778176,-0.20436714935459088,0.26259528540793536,13.6001103322849,16.87003390720159,1.7397070927984082
2011-05-23,13.354492,4.20667700272313,-0.9924291426351732,-0.21502497443712534,-0.407450205564275,13.59894870415902,16.190721384245577,-2.836229384245577
2011-05-24,12.385925,4.393723393829342,-1.1648413072671888,-0.22549427738068228,-0.7877670466722523,13.597800279201222,15.813421041710441,-3.427496041710441
2011-05-25,16.623657,4.579603688362939,-1.3197053794059557,-0.23569019364546173,-0.8441552380856571,13.5967236049196,15.776776482145465,0.8468805178545367
2011-05-26,16.538849,4.764203283272795,-1.4586283542377152,-0.24564546800670306,-0.7249100203624914,13.595689022374707,15.930708463040592,0.6081405369594073
2011-05-27,16.893524,4.947384198443595,-1.58404801331287,-0.2554104703937272,-0.6567527108397624,13.594654960212432,16.04582796410967,0.8476960358903298
2011-05-28,17.085266,5.129096270433341,-1.695651937550289,-0.2649763204131438,-0.8075710522392474,13.593623512427627,15.954520472658288,1.1307455273417126
2011-05-29,16.280151,5.309277960226156,-1.7883016449731177,-0.27434313825367895,-1.1848900218449183,13.592590960044653,15.654334115199095,0.6258168848009049
2011-05-30,16.480652,5.4878437179536235,-1.8529914297308585,-0.2835247455811368,-1.6253142514874712,13.591541252234135,15.317554543388292,1.1630974566117072
2011-05-31,13.778595,5.664724506276968,-1.8809296268756357,-0.2925197966250454,-1.8810630851637768,13.590466314163224,15.200678311775734,-1.4220833117757348
2011-06-01,13.9722595,5.8399822348437755,-1.8677855881773795,-0.3012427197229585,-1.7537386023557389,13.589423487359293,15.506638811946992,-1.5343793119469922
2011-06-02,15.106415,6.013562612426146,-1.8182458965386479,-0.3096848443638227,-1.20916376947043,13.588411650020374,16.264879752073618,-1.158464752073618
2011-06-03,17.968628,6.185402427312895,-1.7453939828899492,-0.31784725024851407,-0.40247474494069324,13.587425057859699,17.30711150709344,0.6615164929065607
2011-06-04,19.409302,6.355402881181819,-1.666960052359986,-0.3257566249564444,0.39519405030314864,13.58643988755755,18.344320141726087,1.0649818582739137
2011-06-05,19.668549,6.523457426726212,-1.599024352541842,-0.333446056998968,0.9317250388630386,13.585428090196652,19.10814014624509,0.5604088537549075
2011-06-06,19.83609,6.689525695080378,-1.5509329001322063,-0.34090457590856194,1.0951518347480225,13.584394389492179,19.477234443279812,0.35885555672018654
2011-06-07,18.768951,6.853566207157563,-1.5236128483274889,-0.34811997568982267,0.9571968745781898,13.583342592202348,19.52237284992079,-0.7534218499207874
2011-06-08,17.953735,7.015542975911766,-1.5111082176536728,-0.3550804992429571,0.7190755750626237,13.582278997158658,19.45070883123642,-1.4969738312364171
2011-06-09,18.89096,7.175427201788432,-1.5048723972184859,-0.36177015084801945,0.5878342125819809,13.581213248010396,19.477832114314303,-0.5868721143143034
2011-06-10,20.856262,7.33317581362931,-1.4981480818032904,-0.36818023083017914,0.651318819214414,13.580147625320581,19.69831394553084,1.1579480544691627
2011-06-11,20.280304,7.488673066687003,-1.4878444766012358,-0.3743499079484845,0.8214013374122979,13.579047623766986,20.026927643316565,0.25337635668343594
2011-06-12,21.309845,7.641920819075332,-1.4725214005524438,-0.3802422733843245,0.8796338415376596,13.57793719617944,20.246728182855662,1.063116817144337
2011-06-13,19.789673,7.792842427946384,-1.4499491739970212,-0.38587093929057414,0.5992246105687778,13.576800579887275,20.133047505114842,-0.34337450511484136
2011-06-14,20.469421,7.941379225370559,-1.4131933196527877,-0.39124305828659633,-0.11057734525843028,13.575630826228897,19.601996328401643,0.8674246715983571
2011-06-15,16.959076,8.087434223986886,-1.3505723536719108,-0.39638798328689706,-1.1217352636267421,13.57440148061222,18.793140104013556,-1.8340641040135566
2011-06-16,18.376984,8.231170852457737,-1.2470721887530736,-0.40116603267282636,-2.1065591514763136,13.573216088325685,18.049589567881206,0.32739443211879404
2011-06-17,18.129608,8.372526319355824,-1.0915218179878385,-0.40558562902199935,-2.6701973172800972,13.572064537170887,17.777286092236775,0.35232190776322625
2011-06-18,18.605469,8.511478995601655,-0.8805860760897544,-0.40962969452840414,-2.524495802395458,13.570956961967779,18.26772438455582,0.3377446154441799
2011-06-19,19.755249,8.648002197230353,-0.6219049097004392,-0.41328487616395637,-1.6343063289512696,13.569900713597866,19.548406796012554,0.20684220398744557
2011-06-20,21.492584,8.782044042312483,-0.33293498677463057,-0.4165561814550862,-0.25893856993172715,13.568890238623078,21.34250454277412,0.1500794572258819
2011-06-21,21.743164,8.913503529972104,-0.03602349591120139,-0.41948552283600216,1.1382035529557355,13.567894987402228,23.164093051582864,-1.4209290515828634
2011-06-22,25.125824,9.042364382263589,0.2488540731427921,-0.42206064198349136,2.079262152176416,13.566926383458318,24.515346349057623,0.6104776509423786
2011-06-23,25.171448,9.16844105400424,0.5085708294875099,-0.4243803582577296,2.2714327006744224,13.565910703758862,25.089974929667306,0.08147307033269513
2011-06-24,26.121918,9.29163273743728,0.7401258979772327,-0.42648701826070967,1.7333056942290535,13.564816155466065,24.90339346684892,1.2185245331510792
2011-06-25,23.370544,9.411893353036199,0.9478950671576193,-0.42838220517984194,0.7769127569582543,13.563637829754521,24.271956801726752,-0.9014128017267531
2011-06-26,21.427032,9.52928906335639,1.139378075909383,-0.42999482128581223,-0.13960868622381584,13.562426664579013,23.66149029633516,-2.234458296335159
2011-06-27,22.815521,9.643796940179406,1.3191747535692568,-0.43131562496455145,-0.6266659741779198,13.561188676805553,23.466178771411748,-0.6506577714117476
2011-06-28,25.799255,9.755359310078504,1.4860422712206984,-0.4323595767170775,-0.5373230581162945,13.559912028377303,23.831630974843133,1.9676240251568657
2011-06-29,26.28006,9.863895068892038,1.6339984290246339,-0.433158426687232,-0.01794714016305643,13.558572657462033,24.60536058852842,1.674699411471579
2011-06-30,25.738892,9.969361961138908,1.7565027969149838,-0.43371674774136904,0.5854181140931972,13.557165284615651,25.43473140902137,0.30416059097862913
2011-07-01,25.150848,10.071746299046495,1.85028649006631,-0.4340163003991844,0.9109512181911503,13.555698343691478,25.95466605059625,-0.8038180505962487
2011-07-02,24.60971,10.17104918125505,1.9172620216723928,-0.43402851599209324,0.762203464127026,13.554187130026456,25.970673281088832,-1.3609632810888321
2011-07-03,25.144958,10.267241718608869,1.963603333462217,-0.4337472891907275,0.19681901724282974,13.55263159902994,25.54654837915313,-0.4015903791531308
2011-07-04,26.502716,10.36030235383356,1.9962809952097083,-0.43316316249345876,-0.5190611054621577,13.551035025573878,24.95539410666153,1.54732189333847
2011-07-05,24.415955,10.450187377782772,2.018856516918901,-0.43228221968176184,-1.0603904628330387,13.549389131600606,24.52576034378748,-0.1098053437874782
2011-07-06,25.08255,10.536947720126108,2.029497639359385,-0.4310499269170579,-1.2104048870933122,13.547732550575626,24.47272309605075,0.6098269039492514
2011-07-07,24.321045,10.620544107558473,2.019903285376138,-0.4294682090683761,-0.9610646435748873,13.54605805940134,24.795972599692686,-0.47492759969268405
2011-07-08,24.801697,10.700955474175885,1.978966559183724,-0.4275281901057485,-0.48626020128095726,13.544367004437628,25.31050064641053,-0.5088036464105308
2011-07-09,26.044983,10.778138575143146,1.896560665712192,-0.4252407073946336,-0.01794226056384239,13.542649273306468,25.774165546203328,0.27081745379667055
2011-07-10,26.328918,10.85200334276243,1.7670487304806528,-0.4226511429202733,0.30160079982326776,13.54087089327844,26.038872623424517,0.2900453765754847
2011-07-11,26.065582,10.922556893602355,1.5909983607307068,-0.41974218454656803,0.5006909873994956,13.539046057937933,26.133550115123924,-0.06796811512392509
2011-07-12,25.909515,10.989804661360566,1.3736178298341162,-0.4164990063523529,0.7396187116552687,13.537187660286643,26.22372985678424,-0.31421485678423977
2011-07-13,26.072815,11.053740505250913,1.1218919456537901,-0.41291033330485966,1.1767132035887322,13.535302078754048,26.474737399942626,-0.40192239994262735
2011-07-14,26.671997,11.11430957922809,0.842150165547692,-0.40899358414897014,1.8213141254845882,13.533370793854713,26.90215107996611,-0.23015407996610904
2011-07-15,27.075836,11.171523210648976,0.5395079832555566,-0.40472389238350337,2.4684480137818006,13.531407885292777,27.30616320059561,-0.2303272005956103
2011-07-16,26.581177,11.225381431435533,0.2193654489348576,-0.4000870396039805,2.768247845120843,13.529421387060376,27.342329072947628,-0.7611520729476275
2011-07-17,27.313019,11.275879641508048,-0.10980912963340232,-0.3950727518541118,2.404330879143138,13.527416520121227,26.7027451592849,0.6102738407151023
2011-07-18,27.024078,11.322993877606972,-0.4346998237906894,-0.38968196081806006,1.2863713449695195,13.52538829454235,25.31037173251009,1.7137062674899077
2011-07-19,23.776947,11.366737271627358,-0.7368756525096117,-0.3838884957171892,-0.3501860918555378,13.52334968839569,23.41913671994071,0.35781028005929016
2011-07-20,22.689728,11.407196066332666,-0.995301468292201,-0.3776176606770918,-2.00478557004947,13.521349692921559,21.550841060235463,1.1388869397645358
2011-07-21,17.792938,11.444376270861571,-1.191994821405136,-0.37084990760522807,-3.117204942853671,13.5193967165319,20.283723315529436,-2.490785315529436
2011-07-22,18.398682,11.478340056951826,-1.3157757419057814,-0.36353648161748553,-3.3119775473710757,13.51752689267664,20.004577178734124,-1.605895178734123
2011-07-23,21.559937,11.509054196377459,-1.3665560240129544,-0.35569686967011466,-2.5708438775678597,13.515728192290648,20.731685617417178,0.8282513825828239
2011-07-24,23.267548,11.536458455781709,-1.3544247335901833,-0.3473703693766742,-1.235255565782651,13.513974582721493,22.113382369753694,1.1541656302463075
2011-07-25,24.353241,11.56050193997438,-1.2956260895338636,-0.3385914010958416,0.1550452794791491,13.512244211278862,23.593573940102686,0.7596670598973141
2011-07-26,24.492004,11.581168598640451,-1.2077411977870343,-0.32936990456432147,1.100137449856813,13.510532144340354,24.65472709048626,-0.16272309048626
2011-07-27,24.913116,11.598449211455055,-1.1052975786978136,-0.3197119497098605,1.3382229701422959,13.508836456949965,25.02049911013964,-0.10738311013964008
2011-07-28,24.441376,11.612355155905966,-0.9973649988514893,-0.3096126064142988,0.9149269299850413,13.507165140180264,24.727469620805483,-0.28609362080548095
2011-07-29,24.278046,11.622897331313048,-0.8871475066749559,-0.2990676139816424,0.10924577867174817,13.5055254101169,24.0514533994451,0.22659260055489838
2011-07-30,22.970154,11.630034588168707,-0.7735891275374452,-0.2881043589819654,-0.728020921963053,13.503897883497395,23.34421806318364,-0.3740640631836385
2011-07-31,21.613098,11.633833769331748,-0.65300075395214,-0.2766790860534307,-1.329033845585438,13.502316733710973,22.877436817451713,-1.264338817451712
2011-08-01,22.66098,11.634347419186703,-0.5212850712572273,-0.2647612678351664,-1.5873511641902296,13.500808588852816,22.761758504756898,-0.10077850475689942
2011-08-02,23.302307,11.631537214227603,-0.3754787417300772,-0.25238352457312285,-1.5394725557812627,13.49935419069165,22.96355658283479,0.33875041716520826
2011-08-03,23.81961,11.625380182051018,-0.21363561921299565,-0.23957158765149925,-1.2845259296791638,13.497941481513458,23.385588527020815,0.43402147297918603
2011-08-04,24.162018,11.615870885227185,-0.03502723714543608,-0.2263388829840831,-0.9091198344887991,13.496566617917116,23.941951548525985,0.2200664514740147
2011-08-05,24.623566,11.602999840140228,0.15929456415068874,-0.21270248726586183,-0.4616624396217334,13.495223275282463,24.583152752685784,0.04041324731421625
2011-08-06,25.88321,11.586761428128137,0.3656078438224145,-0.19868083415578433,0.023585516087490946,13.493906536921354,25.271180490803616,0.6120295091963825
2011-08-07,25.627258,11.567111046953826,0.5767837097890802,-0.18431925752777667,0.49071934944248413,13.492591442615684,25.942886291273297,-0.3156282912732955
2011-08-08,26.134155,11.544039319478404,0.7828257314063048,-0.16964153830939616,0.8579413365075791,13.491270252736447,26.506435101819342,-0.37228010181934224
2011-08-09,26.766724,11.517551609614332,0.9713849647751754,-0.15466657041593296,1.0534101505861853,13.489942286563009,26.877622441122767,-0.11089844112276737
2011-08-10,27.521759,11.487564574609914,1.1292962997858276,-0.13947169614326038,1.070118168513056,13.488561942370978,27.036069289136517,0.48568971086348256
2011-08-11,27.975403,11.45409463918963,1.2448392786900382,-0.12406797952695997,0.9931058554448928,13.487132889113738,27.05510468291134,0.9202983170886583
2011-08-12,26.913177,11.417170667738155,1.309277162239172,-0.10845599460411287,0.964306758757414,13.485664364990555,27.067962959121182,-0.1547859591211811
2011-08-13,26.35379,11.376830954861592,1.3179230832132955,-0.09262849292346345,1.0949730769167043,13.484169725806627,27.181268347874756,-0.8274783478747558
2011-08-14,26.884796,11.33310663626515,1.2700366085751833,-0.0765848375044765,1.3744758729583584,13.482658288480348,27.383692568774563,-0.4988965687745619
2011-08-15,26.878632,11.286035081155424,1.1686501232154756,-0.06032269657850985,1.6414102063057008,13.481142142705426,27.516914856803517,-0.6382828568035173
2011-08-16,27.185303,11.23561541194081,1.0205526602471913,-0.04386563900156538,1.6499881250813055,13.479613757553293,27.341904315821033,-0.15660131582103176
2011-08-17,27.915314,11.1818792979374,0.8359861020796959,-0.027217459676684243,1.2051667384034983,13.478081318316583,26.67389599706049,1.2414180029395077
2011-08-18,28.154907,11.12483198276373,0.628022280671171,-0.010397954146856406,0.29526904146582783,13.476539198210842,25.514264548964714,2.640642451035287
2011-08-19,22.839691,11.064469166166209,0.4118013491823108,0.006568701791564803,-0.8581882846488063,13.474976506722205,24.099627439213485,-1.2599364392134866
2011-08-20,21.35434,11.000916923761515,0.2036776160633172,0.0237424260611722,-1.8747942274628675,13.473447119223078,22.826989857646215,-1.4726498576462141
2011-08-21,19.77713,10.934231302362218,0.017413097533199938,0.04113394209212421,-2.3929340917436233,13.471969480578553,22.07181373082247,-2.29468373082247
2011-08-22,21.323456,10.864498869387997,-0.13708542063653328,0.05876889118927428,-2.2471070944009868,13.47057697903802,22.00965222457777,-0.6861962245777704
2011-08-23,24.527466,10.791720748256424,-0.25521566776877663,0.07661493595759024,-1.5551243599373101,13.469259742362649,22.527255398870576,2.0002106011294245
2011-08-24,24.924042,10.715834407237008,-0.33682249880079035,0.09459705964253033,-0.658373622967268,13.467975570515351,23.28321091562683,1.6408310843731684
2011-08-25,24.796112,10.636841574618998,-0.38372118444547115,0.11268225117725976,0.05477778555268695,13.466713947170247,23.88729437407372,0.9088176259262823
2011-08-26,23.971954,10.55476412793952,-0.3982426407218115,0.13085224307861776,0.3431412119461764,13.465473968310187,24.09598891055269,-0.124034910552691
2011-08-27,22.339294,10.469658680818524,-0.38214299326694,0.14911076306075058,0.22251400839504995,13.464271717716768,23.923412176724153,-1.5841181767241537
2011-08-28,23.386505,10.3815901934943,-0.3369171399801782,0.16746237760636568,-0.06903585916255887,13.463127168140856,23.606226740098784,-0.21972174009878387
2011-08-29,23.718384,10.290555994014642,-0.26552247874365265,0.18586537136156722,-0.22851540660862377,13.462026045020613,23.444409525044545,0.27397447495545535
2011-08-30,24.161774,10.196571820267277,-0.17286742297255803,0.2042905278223047,-0.07245722817316347,13.460962817402688,23.616500514346548,0.5452734856534533
2011-08-31,24.129333,10.099665282207608,-0.06621493784556431,0.22271606696913002,0.35110528434028987,13.45993747948558,24.067209175157046,0.06212382484295276
2011-09-01,23.770142,9.999881822883607,0.04604461079323802,0.2411310268591475,0.7895174822895324,13.458958504533394,24.53553344735892,-0.765391447358919
2011-09-02,25.147919,9.897231787848092,0.15670894737570198,0.25949974963986255,0.9351887753928678,13.458016453377635,24.70664571363416,0.44127328636584195
2011-09-03,24.1781,9.791666089046725,0.2619522487705306,0.2777454147742777,0.6116827902843724,13.457071813680628,24.400118356556533,-0.22201835655653213
2011-09-04,23.286621,9.683248512065692,0.363422262142949,0.29586318566447234,-0.10657879578012633,13.456141183703433,23.692096347796422,-0.4054753477964219
2011-09-05,23.849762,9.57204947024616,0.46678434445171396,0.3138543373498578,-0.9163771585181936,13.455243914772813,22.891554908302354,0.9582070916976448
2011-09-06,22.024017,9.45809116617697,0.5783735097297664,0.33168739550260634,-1.4360793962991225,13.454374855890563,22.386447531000783,-0.3624305310007827
2011-09-07,21.622864,9.341470978918437,0.7019908841797848,0.34937842623301774,-1.4005135984693622,13.453566180516198,22.445892871378078,-0.823028871378078
2011-09-08,23.038849,9.222242911378327,0.835025027716339,0.3669124156521255,-0.80058467936899,13.452827933038416,23.076423608416217,-0.03757460841621807
2011-09-09,24.624298,9.100309267598536,0.9674514068232254,0.38417358223681,0.11348012345081064,13.452093863154785,24.017508243264167,0.6067897567358322
2011-09-10,25.464386,8.975667226885935,1.0846202613664921,0.401109085268909,0.96692559434257,13.451344885069519,24.879667052933424,0.5847189470665768
2011-09-11,24.486053,8.84834229787202,1.1712646972401306,0.41768914412118796,1.4556437893946168,13.450575521603957,25.343515450231912,-0.8574624502319139
2011-09-12,24.88092,8.718438176621104,1.2155939018944037,0.43393329416023757,1.4964150525981461,13.449819110913621,25.31419953618751,-0.43327953618750925
2011-09-13,24.972504,8.585994150518186,1.2107700739273641,0.4498166036940691,1.2510584401916365,13.449076395177423,24.946715663508677,0.02578833649132406
2011-09-14,25.08432,8.451014279924355,1.1549047862557411,0.4652888163802018,1.0188645386054742,13.448330195845864,24.538402617011634,0.5459173829883675
2011-09-15,25.006989,8.313514010378718,1.0487886668227948,0.4803099312825343,1.054099892229943,13.447568631818632,24.344281132532622,0.662707867467379
2011-09-16,24.924957,8.173482137984251,0.8930848258494498,0.49482662145891965,1.4089304273817986,13.446766019412053,24.41709003208647,0.5078669679135288
2011-09-17,24.778564,8.030963914609524,0.6870623733891145,0.508822974337455,1.88812888696447,13.44592455397813,24.560902703278693,0.21766129672130674
2011-09-18,24.815033,7.886033479108815,0.42961629377042426,0.5223023920183646,2.142197045889747,13.445060484673576,24.42520969546093,0.3898233045390711
2011-09-19,23.243835,7.738740100627682,0.1222620790341168,0.5352520258916857,1.8528234120490288,13.444177218457359,23.69325483605987,-0.4494198360598709
2011-09-20,19.2529,7.58918447264406,-0.22700105927876457,0.5476917415218963,0.9167592769844927,13.443303564953247,22.269937996824932,-3.017037996824932
2011-09-21,20.843506,7.437496339636486,-0.6018400242025503,0.5596602427298268,-0.46944739790920875,13.442482589873231,20.368351750127786,0.4751542498722152
2011-09-22,19.63443,7.283710668715907,-0.9804360760251021,0.571131952643847,-1.8749952225559885,13.44170969100952,18.441121013788184,1.1933089862118145
2011-09-23,16.738678,7.127870405786788,-1.3387517484853344,0.5820811994490482,-2.8117218158066604,13.440984019789488,17.00046206073333,-0.26178406073332994
2011-09-24,17.842957,6.969971949821166,-1.6566867892179937,0.5924526810217631,-2.950687018116077,13.440281108827346,16.395331932336205,1.4476250676637932
2011-09-25,17.380615,6.80997036101774,-1.923659063031879,0.6021668230935754,-2.273793214264649,13.439555429386704,16.65424033620149,0.7263746637985093
2011-09-26,16.641327,6.647990412550571,-2.1388859860374785,0.6112559719014307,-1.0810876677228187,13.438846104118621,17.478118834810324,-0.8367918348103238
2011-09-27,16.765839,6.48407132606733,-2.3094624791395013,0.6196970960667177,0.13957805894245975,13.43814911292191,18.372033114858915,-1.6061941148589156
2011-09-28,16.787384,6.318248839637333,-2.4451362412794735,0.6274631412105487,0.9237586834988495,13.43745854649185,18.861792969559108,-2.0744089695591086
2011-09-29,18.88028,6.150617487642607,-2.552480552783358,0.6345651709049285,1.0245824611991265,13.436797619083436,18.69408218604674,0.1861978139532603
2011-09-30,21.844635,5.981178115433441,-2.632056320016228,0.6409536152649874,0.49940979030240107,13.436142271740854,17.925627472725456,3.9190075272745446
2011-10-01,17.750854,5.8099047379816335,-2.6783589390396982,0.6465678773441528,-0.3424434075382513,13.435454666479249,16.871124935227087,0.8797290647729135
2011-10-02,15.23645,5.636989892647294,-2.682029467656885,0.6514933396514491,-1.099391406693965,13.434806107050978,15.941868464998871,-0.7054184649988713
2011-10-03,13.895325,5.462542310507281,-2.6367151185491067,0.6557614456808645,-1.473557026090057,13.434225800533142,15.442257412082125,-1.5469324120821248
2011-10-04,15.291992,5.2866392892365175,-2.5428842460073318,0.6593789136530327,-1.393944841494851,13.433727097230971,15.44291621261834,-0.15092421261833877
2011-10-05,14.5503235,5.109301515205775,-2.4085103922261895,0.6623101841558823,-1.0141818011343564,13.433294791934065,15.782214297935177,-1.2318907979351774
2011-10-06,18.16681,4.930592673006819,-2.2450089783309237,0.6645486223202661,-0.5917732447390903,13.43293503247964,16.191294104736713,1.975515895263289
2011-10-07,16.607819,4.750459546116038,-2.0634632173176857,0.6660129357242077,-0.33006444400847823,13.432595315641848,16.45554013615593,0.15227886384407086
2011-10-08,15.940033,4.568990976242275,-1.8688506553357767,0.6667135044685775,-0.25945553035885227,13.43229411091461,16.539692405930833,-0.5996594059308329
2011-10-09,16.62735,4.38619809203423,-1.6603413374956235,0.666612787594544,-0.23729999766429408,13.432010608949383,16.58718015341824,0.04016984658175815
2011-10-10,17.52655,4.202092474083942,-1.433975762343607,0.665672409949879,-0.05355903845143676,13.431724144761054,16.81195422799983,0.7145957720001697
2011-10-11,17.86264,4.016724781909082,-1.1873079057472133,0.6638799054014431,0.41887524140181137,13.431433459095235,17.343605482060358,0.519034517939641
2011-10-12,16.82431,3.8301854395052675,-0.9236893822108537,0.6612501720622008,1.1168519215474235,13.431156894096745,18.115755045000782,-1.2914450450007813
2011-10-13,16.343506,3.6425605446808804,-0.6538212010706317,0.6577964436257726,1.7878426344707226,13.430910479419799,18.865288901126544,-2.5217829011265422
2011-10-14,19.335022,3.4538890255988295,-0.3938263201802609,0.6535007734139833,2.104826454989812,13.430686578401652,19.249076512224015,0.08594548777598376
2011-10-15,20.701965,3.2641258880795556,-0.16055336430182773,0.6482912340140987,1.8391934968411308,13.430435390383023,19.021492645015982,1.680472354984019
2011-10-16,20.086151,3.0732775943201993,0.03498894932193825,0.6421320745714973,1.0040348075202696,13.430132704529706,18.18456613026361,1.9015848697363893
2011-10-17,18.11789,2.881449979514208,0.19091995287709362,0.6350552279092649,-0.11887253334653752,13.429803864433204,17.018356491387234,1.0995335086127653
2011-10-18,15.257111,2.6886802223215627,0.31334660394147684,0.6270502790937691,-1.0891192048520657,13.429439708484487,15.96939760898923,-0.7122866089892295
2011-10-19,13.0896,2.4951291929884336,0.41222094897671635,0.6181918340011407,-1.5054426138573187,13.429092692898447,15.449192055007419,-2.3595920550074183
2011-10-20,14.566895,2.3008947816559813,0.49513377410951265,0.6085140302939058,-1.198839540055053,13.428783696821522,15.63448674282587,-1.0675917428258686
2011-10-21,16.312256,2.1059642383550012,0.5628177839312252,0.5979742583010967,-0.3243753457981303,13.428478206313578,16.37085914110277,-0.05860314110276832
2011-10-22,18.644653,1.910351985825725,0.6096813356693321,0.5865464941270219,0.6991219716737634,13.428155112481479,17.233856899777322,1.4107961002226794
2011-10-23,19.560333,1.7140453263118485,0.6275550565501019,0.5741892234766419,1.3705049771844373,13.427779644604968,17.714074228128,1.8462587718720016
2011-10-24,18.077057,1.5170762879813513,0.6118573543095198,0.5608950602280199,1.327967434247078,13.427339272386353,17.44513540915232,0.6319215908476785
2011-10-25,17.44696,1.319543519934221,0.5664369127817735,0.5467038637303728,0.5090778070946708,13.426854569565307,16.368616673106345,1.0783433268936555
2011-10-26,11.532288,1.1215418977124572,0.504097603194936,0.5316498296775942,-0.8211986763451493,13.426344135400987,14.762434789640825,-3.230146789640825
2011-10-27,11.21994,0.9232080844237607,0.44430875731323805,0.5157959462783239,-2.176204977031878,13.425847424385557,13.132955235369002,-1.9130152353690022
2011-10-28,11.839203,0.72459622141966,0.40527448904339464,0.4991573230762226,-3.049135763688752,13.425362567322704,12.00525483717323,-0.1660518371732298
2011-10-29,13.644287,0.525727002750259,0.39827120778125075,0.48172769572886337,-3.109495507816203,13.424870981912118,11.721101380356288,1.9231856196437125
2011-10-30,13.938049,0.32664495826403606,0.4240993893566806,0.4635120046073007,-2.3235090109265144,13.424366064385964,12.315113405687468,1.6229355943125316
2011-10-31,14.395477,0.12740018417885665,0.47414303910547423,0.44452113106438107,-0.9524642201121846,13.423843848374455,13.517443982610983,0.8780330173890167
2011-11-01,13.201538,-0.07195470782134052,0.5346991513719099,0.42476745358761536,0.559774099807207,13.423301524994539,14.870587521939932,-1.6690495219399324
2011-11-02,14.216278,-0.27134462258028647,0.5933753356082904,0.40427604342191037,1.7618248306996631,13.422747486457446,15.910879073607024,-1.6946010736070232
2011-11-03,15.693085,-0.4707526726961706,0.6433099193207205,0.3830361228583722,2.3568950903994614,13.4221610495501,16.334649509432484,-0.6415645094324844
2011-11-04,15.558563,-0.6702195356678053,0.6849465989518068,0.361004281772893,2.2943725838294773,13.421492620502606,16.091596549388978,-0.5330335493889784
2011-11-05,17.15207,-0.8697110992129847,0.7242801669767152,0.33818886168387613,1.7572703525811595,13.420730011575309,15.370758293604075,1.7813117063959236
2011-11-06,16.229767,-1.0691581289031737,0.7678453017732829,0.31462454241178867,1.055361752817019,13.419878595634485,14.488552063733401,1.7412149362665978
2011-11-07,16.07788,-1.2684310364445146,0.8190481472376259,0.2903879763017408,0.480431776213034,13.41897397367421,13.740410836982097,2.3374691630179036
2011-11-08,11.498322,-1.467453777114346,0.8755999519734757,0.2655227985630784,0.18262336618614974,13.418024889118303,13.27431722872666,-1.7759952287266607
2011-11-09,11.268311,-1.6660424951897457,0.9317389401148077,0.240142732188449,0.12981308678782907,13.41709396063273,13.05274622453407,-1.7844352245340698
2011-11-10,11.145508,-1.8641637884770752,0.9802145982103116,0.21426277061182358,0.15532278779874972,13.416168540746241,12.901804908890051,-1.756296908890052
2011-11-11,11.1250305,-2.0617842102892334,1.0170576145689234,0.18789826419967895,0.07937850350440122,13.41523610836032,12.63778628034409,-1.51275578034409
2011-11-12,14.759064,-2.258843994046309,1.043696998726604,0.16108141434780357,-0.1693501224490618,13.414297408273585,12.190881704852622,2.5681822951473787
2011-11-13,14.36911,-2.4553609567440438,1.0655504270618068,0.13379640766133094,-0.499179035982225,13.41331435309558,11.658121195092448,2.710988804907551
2011-11-14,12.866516,-2.6512425958186734,1.090052232747333,0.10610074666042196,-0.6968521878711291,13.412304184405675,11.260362380123627,1.6061536198763733
2011-11-15,9.36322,-2.8464173997794906,1.1219018574762358,0.07803868050480905,-0.5575818716278472,13.41127378548554,11.207215052059247,-1.8439950520592472
2011-11-16,9.039978,-3.0408216594878974,1.1603428716796047,0.04965031473810889,-0.02745292525776111,13.41022617766466,11.551944779336715,-2.5119667793367153
2011-11-17,11.090546,-3.2344063843021456,1.1984755420471935,0.02096663214676258,0.7221905886029464,13.40915711693265,12.116383495427407,-1.0258374954274068
2011-11-18,12.004669,-3.4271464626118497,1.2263810610380868,-0.007995667711755701,1.3469661158695496,13.408050436463824,12.546255483047855,-0.5415864830478547
2011-11-19,14.964844,-3.619003269560634,1.2361298843689466,-0.037208726634004735,1.492067053775218,13.406896810391643,12.47888175234117,2.4859622476588292
2011-11-20,13.855988,-3.810006717201528,1.224931076512785,-0.06668760162549046,0.9816021739806355,13.40565266948819,11.735491601154592,2.1204963988454075
2011-11-21,7.1266174,-4.000095396545924,1.1973214921267488,-0.09638880422533484,-0.06159203400760259,13.40432039237843,10.443565649726317,-3.316948249726317
2011-11-22,8.258209,-4.188949058567207,1.1632545311885234,-0.12609715582995293,-1.2457632454211023,13.403032041620628,9.005477112990889,-0.7472681129908878
2011-11-23,10.218445,-4.376527342522506,1.1307503225404165,-0.15578107945124847,-2.089862893913014,13.40177975775787,7.9103587644115185,2.3080862355884806
2011-11-24,9.228241,-4.562882527668874,1.1029491207745927,-0.1854725060294314,-2.246489227912824,13.4005094852112,7.508614344374664,1.719626655625337
2011-11-25,6.8015747,-4.747956796963807,1.0771452381271787,-0.21512729471243086,-1.664786750307155,13.399222324357837,7.848496720501622,-1.046922020501622
2011-11-26,6.6760254,-4.931628830423583,1.0455392073730563,-0.2446605863071475,-0.611196226080541,13.39795130752731,8.656004872089094,-1.9799794720890933
2011-11-27,8.556885,-5.113812559659166,0.9980332478467795,-0.2740172491289484,0.46583968038644824,13.396712089532285,9.472755208977397,-0.9158702089773971
2011-11-28,10.584351,-5.294516400149728,0.9266804393617182,-0.3032026157617194,1.1596035066009382,13.39547332537706,9.884038255428267,0.7003127445717325
2011-11-29,11.879517,-5.4737834593922905,0.8294495444751139,-0.3322430028865377,1.2970742061230467,13.394186521072827,9.71468380939216,2.1648331906078404
2011-11-30,11.41745,-5.651647596668786,0.7112212767413065,-0.3611576174248654,0.9967907467434951,13.392808051766643,9.088014861157793,2.329435138842207
2011-12-01,4.9061584,-5.827963194034672,0.5821586971902248,-0.38984098213953056,0.5677982222980608,13.39138431740788,8.323537060721963,-3.4173786607219627
2011-12-02,4.573456,-6.002499110420112,0.4542418946850312,-0.41812712956143416,0.3133362046560598,13.39000467713774,7.736956536497286,-3.1635005364972857
2011-12-03,10.747131,-6.175210974830323,0.3352350418031708,-0.44597895151965256,0.3479207537221177,13.388665243925129,7.4506311131004415,3.296499886899558
2011-12-04,8.301178,-6.34622652992134,0.22692588847630613,-0.47347610244758975,0.5469554946908489,13.387276130753722,7.341454881551948,0.9597231184480526
2011-12-05,6.8189087,-6.51544470270065,0.12877726574404283,-0.5005440838620068,0.6546568823560338,13.385862148036798,7.153307509574218,-0.3343988095742185
2011-12-06,4.6819763,-6.68275344147605,0.03867856363681962,-0.5270986901788497,0.4606672045669592,13.38445393341685,6.673947569965729,-1.9919712699657293
2011-12-07,7.8713684,-6.848013013373661,-0.04432352753025083,-0.5530412004359002,-0.04867339960738676,13.38309636775556,5.88904522680836,1.9823231731916398
2011-12-08,5.729889,-7.01130316035441,-0.11981899388612319,-0.5784177282108293,-0.6647902789022904,13.381724791689482,5.007394630335829,0.7224943696641706
2011-12-09,1.8204956,-7.172561297028842,-0.1843187425925461,-0.6031803479949966,-1.062800105681859,13.380346084268322,4.357485590970079,-2.5369899909700786
2011-12-10,3.7083435,-7.331638040209784,-0.23384607378555614,-0.6272215522774396,-0.9917330769319872,13.379010809263807,4.19457206605904,-0.4862285660590402
2011-12-11,5.2218933,-7.488558575157509,-0.2680422851188131,-0.6505512570919258,-0.4322826009398925,13.37768244877349,4.538247730465349,0.6836455695346508
2011-12-12,5.87796,-7.643297915958801,-0.2904986532665753,-0.673154260540303,0.38191266300399895,13.376349963418951,5.15131179665727,0.7266482033427302
2011-12-13,6.0759277,-7.795832464956414,-0.30840932109145897,-0.6950163072848683,1.0837919945855243,13.375001985082656,5.659535886335441,0.4163918136645597
2011-12-14,5.534485,-7.9461325638863665,-0.3306686018203153,-0.7161134791587008,1.3661408449516288,13.37363037273912,5.746856572825367,-0.21237157282536678
2011-12-15,7.3148804,-8.09408799911639,-0.36496549930690164,-0.7363724822998472,1.1386266077861522,13.37226772630686,5.315468353369875,1.999412046630125
2011-12-16,3.1453247,-8.239746850850004,-0.41597088644448577,-0.7558226234707983,0.5598312538282547,13.370867828096529,4.519158721159496,-1.3738340211594955
2011-12-17,2.0606384,-8.382931260355289,-0.4822127403601832,-0.7743385483254743,-0.061849664477734434,13.369497868369244,3.668165654850565,-1.6075272548505648
2011-12-18,4.255432,-8.523542848549233,-0.5582888700457838,-0.7918446363680212,-0.4514887432249384,13.36818547997034,3.0430203817823624,1.2124116182176374
2011-12-19,2.177887,-8.661621553740401,-0.6367328588132508,-0.8083611882382831,-0.5142234562669687,13.366889527561076,2.745950470502173,-0.5680634705021728
2011-12-20,2.3495178,-8.797075488305714,-0.7087587915608573,-0.8238233053918826,-0.3631774898262332,13.365635192640436,2.6728001175557488,-0.32328231755574866
2011-12-21,2.5538025,-8.929890872445988,-0.7674636796013461,-0.8382218968218922,-0.230093527747188,13.364408971259898,2.598738994643485,-0.0449364946434847
2011-12-22,3.6313171,-9.06000957152713,-0.8082578679376153,-0.8515243594367327,-0.3068539578787688,13.363220022681384,2.336574265901138,1.2947428340988618
2011-12-23,2.1784668,-9.187378709201106,-0.8289069736979209,-0.8637000598636606,-0.621340543630337,13.362075201403545,1.8607489150105216,0.31771788498947817
2011-12-24,0.7209778,-9.311949157100958,-0.8281664725571525,-0.8747211373694788,-1.0175405899288363,13.360980039415981,1.3286026824595556,-0.6076248824595556
2011-12-25,0.4755249,-9.433708121494854,-0.8053809732628295,-0.8845858983960359,-1.2530279719492052,13.359922421469351,0.9832194563664256,-0.5076945563664257
2011-12-26,0.58480835,-9.55266047881366,-0.7601874632448062,-0.8933067242736903,-1.147996461041873,13.358881822421498,1.0047306950474688,-0.41992234504746884
2011-12-27,1.2676392,-9.668749641516378,-0.6923432436951577,-0.9008544320148935,-0.6949809625878746,13.357868780596698,1.4009405007823936,-0.13330130078239355
2011-12-28,2.8737488,-9.781993265905705,-0.6026778512104612,-0.9072488905453026,-0.06872379562315672,13.356857047287829,1.9962132440032025,0.8775355559967974
2011-12-29,2.9847412,-9.892368033321599,-0.4938937851544605,-0.912488559749074,0.46808123792730894,13.355841366829054,2.5251722265312306,0.45956897346876957
2011-12-30,1.6094666,-9.999827348870134,-0.37082703613699897,-0.9165558787076538,0.706076488718037,13.354828459964573,2.773694684967822,-1.164228084967822
2011-12-31,2.394806,-10.104287698646669,-0.2403173529034414,-0.919406976143138,0.5936869852176285,13.353844004884449,2.6835189624088294,-0.2887129624088294
2012-01-01,2.6096802,-10.205719471324983,-0.11097511452111423,-0.9210327679537955,0.24787093497830615,13.352887263075289,2.3630308442537036,0.24664935574629654
2012-01-02,2.5681763,-10.30415145427426,0.008774369592843473,-0.9214641785174558,-0.12269586133001627,13.35192870657432,2.0123915820454332,0.555784717954567
2012-01-03,2.9135742,-10.399548683304161,0.11266619177019654,-0.9206937821695627,-0.3344635528321561,13.350971155481918,1.808931328946235,1.1046428710537648
2012-01-04,1.7626038,-10.491862321377916,0.19786204901954252,-0.918702556677109,-0.3166482414817701,13.350024743633648,1.8206736731163957,-0.058069873116395776
2012-01-05,1.0362854,-10.581099743085922,0.26548129297060763,-0.915508614866064,-0.12439954607069276,13.349071831580673,1.9935452205286008,-0.9572598205286009
2012-01-06,2.5544128,-10.667196213007617,0.31975762857939616,-0.9110903521214427,0.11677313649894394,13.348131372767712,2.2063755727169916,0.34803722728300857
2012-01-07,1.3877869,-10.750206146724508,0.3658733860275583,-0.9055046087474918,0.29241167680675895,13.347163245204461,2.349737552566779,-0.9619506525667791
2012-01-08,2.0043335,-10.830063449613444,0.4089505578573798,-0.898725816348726,0.35687151847052273,13.346188207175036,2.3832210175407695,-0.37888751754076955
2012-01-09,2.803009,-10.906737331422232,0.4513321311761481,-0.890749455385359,0.32953571324578745,13.345209674341804,2.328590731956149,0.4744182680438507
2012-01-10,3.3877563,-10.980162541809063,0.4921947485549882,-0.8815515635864948,0.2529087978708716,13.344248791715467,2.227638232745768,1.1601180672542317
2012-01-11,1.9509888,-11.050402822373867,0.5279576889900635,-0.8711914363314723,0.1483634116107718,13.34326257722612,2.0979894191216175,-0.14700061912161755
2012-01-12,0.6470337,-11.117417994669822,0.5544836438332444,-0.8596624505829311,0.008100338094435224,13.3422605252779,1.9277640619528267,-1.2807303619528265
2012-01-13,2.709015,-11.18112188728604,0.5682840463543287,-0.84693263914675,-0.1760148490015276,13.34127568456932,1.7054903554893315,1.0035246445106685
2012-01-14,0.94555664,-11.24156136352611,0.5667220461098093,-0.8330579597524616,-0.37131228863014815,13.34027503036327,1.46106546456436,-0.51550882456436
2012-01-15,1.8258667,-11.298624332065415,0.5492641791918449,-0.8179908978132253,-0.4847409773115572,13.339305596751233,1.2872135687528807,0.5386531312471192
2012-01-16,1.0893555,-11.352376776546249,0.514878437472633,-0.8018025871440739,-0.4028119127102186,13.338325791658413,1.2962129527305049,-0.20685745273050493
2012-01-17,0.69070435,-11.4028761000989,0.46154211936775696,-0.7845582503551951,-0.063380359495371,13.337298661877265,1.5480260712955545,-0.8573217212955545
2012-01-18,2.2411194,-11.450068798108148,0.38548388740786016,-0.7662520747226409,0.4766064906414589,13.336243267685978,1.9820127729045076,0.2591066270954925
2012-01-19,3.920868,-11.493973268559682,0.2814269147641389,-0.7469298778845845,1.0300195731938133,13.335143330790357,2.4056866723040446,1.5151813276959554
2012-01-20,1.1850586,-11.534645261898028,0.1451891710850094,-0.7266612300808809,1.3490402218467428,13.33396427363223,2.566887174585073,-1.381828574585073
2012-01-21,1.8398438,-11.571962802889457,-0.022527426257693273,-0.7053968908609316,1.2456786128516215,13.332760868155953,2.278552360999493,-0.43870856099949296
2012-01-22,2.1889954,-11.605913940133895,-0.2156775703818285,-0.6831558910907445,0.6916999499314883,13.331533275312124,1.5184858236371426,0.6705095763628575
2012-01-23,1.7084961,-11.63643506877422,-0.42196128051945253,-0.6599229606880024,-0.14946656385001303,13.33030795319806,0.4625220793663729,1.2459740206336272
2012-01-24,-1.8068237,-11.663490735191122,-0.6248330426576686,-0.6357022135391013,-0.9904652118104269,13.329097772484056,-0.5853934307142623,-1.2214302692857377
2012-01-25,-0.9151306,-11.686985510444705,-0.8066938914479989,-0.6104605987747626,-1.5540280242620634,13.32794615548594,-1.3302218694435908,0.41509126944359076
2012-01-26,-1.8710632,-11.706946427563649,-0.9542196052325139,-0.5842467057321745,-1.7080420492633588,13.32683574404792,-1.6266190437437764,-0.24444415625622362
2012-01-27,-1.2565918,-11.723364798403571,-1.0600486253233186,-0.5570881421774123,-1.5167462434912173,13.325767594633689,-1.5314802147618298,0.2748884147618298
2012-01-28,-1.6831665,-11.736280002394057,-1.1239009228502594,-0.5290481827317579,-1.1888001883437491,13.32471930493959,-1.2533099913802328,-0.4298565086197672
2012-01-29,-1.5551453,-11.745644641373815,-1.1500810325515927,-0.5001346164034897,-0.9438328914908355,13.323712556331438,-1.0159806254882948,-0.5391646745117051
2012-01-30,-0.8468628,-11.751471983835206,-1.144839961115879,-0.47039016730502725,-0.8810163335336749,13.322739000128749,-0.9249794456610374,0.07811664566103738
2012-01-31,-0.21859741,-11.75377754229492,-1.1134772264961728,-0.4398589379083629,-0.9234494611570667,13.321789664798505,-0.9087735030580166,0.6901760930580166
2012-02-01,0.8203125,-11.752565475673496,-1.0588778806472856,-0.40857908362993767,-0.8717562916704981,13.320861962364484,-0.7709167692567345,1.5912292692567345
2012-02-02,-1.8313293,-11.74782215866019,-0.9821998477526298,-0.3765779917430262,-0.5368003254645953,13.319962815303823,-0.3234375083166192,-1.5078917916833807
2012-02-03,-0.86535645,-11.739414938889698,-0.8843823287270365,-0.3438044179732412,0.1284066738042375,13.319159223288029,0.4799642115022902,-1.3453206615022903
2012-02-04,0.9781189,-11.727311569363884,-0.7697765107387096,-0.3102726312529609,0.9714455997685937,13.318468479557486,1.4825533679705245,-0.5044344679705245
2012-02-05,2.527069,-11.711614241328148,-0.6466148022781045,-0.27608836319969376,1.7056409683633154,13.31784112226839,2.3891646838257596,0.13790431617424037
2012-02-06,4.288391,-11.69234572780195,-0.5252627975358409,-0.24130932423847712,2.0591841063500587,13.317268015415893,2.917534272189682,1.3708567278103176
2012-02-07,6.6038513,-11.669592379258546,-0.4156111828353794,-0.20603834130496823,1.923148944903539,13.316708987598268,2.948616029102915,3.6552352708970846
2012-02-08,-0.03817749,-11.643488065816122,-0.3238298964012726,-0.1704098013722801,1.4146399535213359,13.316100568846634,2.593012758778295,-2.631190248778295
2012-02-09,0.6604004,-11.613834759086245,-0.2486110190342138,-0.1343387765764068,0.8190749837698161,13.315545879463341,2.1378363085362917,-1.4774359085362918
2012-02-10,1.992981,-11.580725320860523,-0.18483854564216515,-0.09792789928999615,0.4251650786463022,13.31500288349714,1.8766761963507577,0.11630480364924223
2012-02-11,1.4234314,-11.544199783113356,-0.12459862264182543,-0.061249272427567766,0.3682445630975024,13.314456551869087,1.952653436783839,-0.5292220367838392
2012-02-12,1.8869629,-11.50427929849392,-0.060307260619439834,-0.024358577280975614,0.5571100008764581,13.31390167823669,2.2820665427188107,-0.3951036427188106
2012-02-13,2.9167786,-11.461006746907772,0.011783476762412837,0.01267469399479437,0.7268582411991671,13.313322744439505,2.6036324094881067,0.3131461905118935
2012-02-14,3.77182,-11.41440880156096,0.09047855240479703,0.04979180187831004,0.5952940990251976,13.312712887827022,2.633868539574367,1.1379514604256329
2012-02-15,4.4403687,-11.364478742892532,0.17078683882774692,0.08695973197350972,0.03660897948998223,13.31208244591082,2.241959253309526,2.198409446690474
2012-02-16,0.9753418,-11.31128360205583,0.2462256920351337,0.12410259831841636,-0.8251712824163191,13.3114052193556,1.5452786252369997,-0.5699368252369996
2012-02-17,0.80929565,-11.254714439793265,0.3123886807905176,0.16125936818144596,-1.6536669396148735,13.31074360051936,0.8760102700831833,-0.0667146200831833
2012-02-18,-1.6995239,-11.19474977117202,0.3669185268582416,0.19840672692966818,-2.060614214151463,13.310116749484225,0.6200780179486518,-2.319601917948652
2012-02-19,-0.0002746582,-11.131337009153675,0.41000011375684187,0.23553787778700472,-1.7965079253313028,13.309559918356678,1.0272529754155464,-1.0275276336155463
2012-02-20,1.7408447,-11.06452086392241,0.44151421838092275,0.27258764237742555,-0.885289393081201,13.30906012145853,2.0733517252132643,-0.33250702521326425
2012-02-21,5.008026,-10.994391093503076,0.45952980012401223,0.3094607032716098,0.3720849623026117,13.30858225305402,3.4552666252491786,1.5527593747508215
2012-02-22,4.5053406,-10.921115942800018,0.45913619183212356,0.34600837765459913,1.5197555054399887,13.3080524891475,4.711836621274193,-0.20649602127419264
2012-02-23,6.5083923,-10.844682373740628,0.4345646905011277,0.38220145116558435,2.1394808012003126,13.307488317790545,5.419052886916942,1.0893394130830574
2012-02-24,7.149719,-10.765125735870589,0.3806100669285718,0.4179804657041356,2.0141582980811914,13.306883501099836,5.354506595943146,1.795212404056854
2012-02-25,3.7696533,-10.682451911086222,0.2965209012044347,0.4533063098702527,1.2036746687383713,13.306246980044257,4.577296948771094,-0.8076436487710943
2012-02-26,2.307434,-10.596586992209884,0.18869758462170955,0.4881918211785917,0.00519818505702453,13.305627980573423,3.3911285792208634,-1.0836945792208632
2012-02-27,0.8323059,-10.50758900251688,0.0695578405837874,0.5225684149586848,-1.174807249964461,13.305010102919086,2.2147401059802156,-1.3824342059802155
2012-02-28,1.379303,-10.415332963619349,-0.04446025538321736,0.5564863794108323,-1.9661128336903988,13.304469088067505,1.4350494147853716,-0.05574641478537168
2012-02-29,0.116119385,-10.319944612159006,-0.13842071477313628,0.5898338503829661,-2.146516779521352,13.30395569950809,1.2889074434375623,-1.1727880584375623
2012-03-01,4.2829895,-10.221346891896797,-0.20229653112453788,0.6226346519104338,-1.6806797549281434,13.303522636904104,1.8218341108650602,2.46115538913494
2012-03-02,4.6804504,-10.119661661344733,-0.23545080232256357,0.6547842576398455,-0.7030611671990186,13.3031235735158,2.8997342002893287,1.780716199710671
2012-03-03,4.705536,-10.015052263426035,-0.24507368414176778,0.6861480294732021,0.543539977865089,13.302692031281907,4.272254091052394,0.4332819089476061
2012-03-04,2.9055786,-9.907548185959744,-0.24343429690779123,0.7166782180928659,1.7705930603860092,13.302228995386946,5.638517790998286,-2.7329391909982856
2012-03-05,4.6235046,-9.797099161055478,-0.24337397773978364,0.7463833352859721,2.6991970449323466,13.30177565247015,6.706882893893206,-2.0833782938932055
2012-03-06,9.027466,-9.68370481475421,-0.25504521592941193,0.7752359062295293,3.105983933275374,13.301348630027245,7.2438184388485265,1.783647561151474
2012-03-07,9.0383,-9.56758932283979,-0.2832685330591143,0.8030686863903814,2.8722557315756916,13.30085246644512,7.125319028512287,1.9129809714877126
2012-03-08,6.2410583,-9.448766813257995,-0.3254626011088198,0.8298603396800137,2.0294925581797205,13.300297288395502,6.3854207718884215,-0.14436247188842177
2012-03-09,4.5373535,-9.327130815705594,-0.3740679636038585,0.855672692685461,0.7693114263187785,13.299754023485228,5.223539363180015,-0.6861858631800146
2012-03-10,2.9276428,-9.202688875719575,-0.42074458690050137,0.8804974020933996,-0.5966677975773389,13.299236986129577,3.95963312802556,-1.03199032802556
2012-03-11,3.2322388,-9.075423064225253,-0.45899348179373045,0.9043422180317249,-1.7224467164869022,13.298773680196616,2.9462526357224554,0.28598616427754475
2012-03-12,2.7150574,-8.945422927526316,-0.4858637776118611,0.9271399429594327,-2.3375733371700744,13.2983382875347,2.45661818818588,0.2584392118141201
2012-03-13,2.8385315,-8.812623121762257,-0.500549230222001,0.9489237594536644,-2.3343429543772682,13.297982864217822,2.5993913173099603,0.2391401826900399
2012-03-14,2.6253662,-8.67694357896941,-0.5031673539491178,0.9697392401538567,-1.7996225976842979,13.297767215793282,3.2877729253443118,-0.6624067253443116
2012-03-15,3.6344604,-8.538597784613737,-0.49359271534066207,0.9894365039494757,-0.9718561507791311,13.297604688206077,4.282994541422022,-0.6485341414220223
2012-03-16,5.3702393,-8.397692773698894,-0.47046689703595296,1.007933403079508,-0.14094889568730373,13.297462506074904,5.29628734273226,0.07395195726773984
2012-03-17,7.453949,-8.254316907659762,-0.432099225023531,1.0251692708525844,0.4610255341014054,13.297317655408994,6.097096327679691,1.3568526723203087
2012-03-18,8.910706,-8.108518435253906,-0.3781364896858937,1.041115198577487,0.7289915389191453,13.297167528239882,6.580619340796715,2.3300866592032845
2012-03-19,5.394623,-7.960239962151313,-0.31090266004687156,1.055814368370106,0.6873512207273385,13.29706276264939,6.7690857295486495,-1.3744627295486493
2012-03-20,5.0772705,-7.809380887929859,-0.23551751283012382,1.0693392616258282,0.4355241901040098,13.297075997217366,6.7570410481872205,-1.6797705481872205
2012-03-21,4.5167236,-7.656074082802933,-0.16050650382492157,1.0816081540632738,0.07072489491202959,13.2971634079196,6.632915870267048,-2.1161922702670486
2012-03-22,8.3706665,-7.500453833709754,-0.09469340885730346,1.0925357323649403,-0.35238586058124705,13.297280850097113,6.442283479313749,1.9283830206862511
2012-03-23,6.960602,-7.342653592744641,-0.04499839085058087,1.1020417194034489,-0.8120908345554322,13.297384900889586,6.19968380214238,0.7609181978576194
2012-03-24,7.1134033,-7.182714831302826,-0.01314952408206016,1.1101118234258323,-1.2669010667528078,13.29747862438389,5.944825025672029,1.1685782743279711
2012-03-25,5.654724,-7.020665485825509,0.0030670275794239255,1.1167421491493998,-1.6181800957963033,13.29757212401074,5.778535719117752,-0.1238117191177519
2012-03-26,4.368469,-6.856562131048495,0.008106452049849259,1.1219135136088214,-1.7160329078979362,13.297661376445562,5.855086303157801,-1.486617303157801
2012-03-27,5.711731,-6.690422707512804,0.0055633664426774435,1.1256329731159325,-1.4249494167303989,13.297762134892455,6.313586350207862,-0.6018553502078614
2012-03-28,7.5550537,-6.52231599545488,-0.004757551599146247,1.1278749204470266,-0.7175939409689108,13.297864979208608,7.181072411632697,0.37398128836730304
2012-03-29,8.166351,-6.352236923050649,-0.02680927518902193,1.1286642886361524,0.2636014701542755,13.297997747324802,8.311217307875559,-0.14486630787555832
2012-03-30,12.469452,-6.180240217711605,-0.06651240025886886,1.127987807389598,1.2205842035845202,13.298158688312755,9.3999780813164,3.0694739186836006
2012-03-31,9.434753,-6.006613011862347,-0.12929852236782477,1.1256814375721604,1.7981798187986089,13.29822994464231,10.086179666782908,-0.651426666782907
2012-04-01,6.7834473,-5.831285871599997,-0.21413095747698155,1.1218158949097536,1.740679901279032,13.298272401296096,10.115351368407904,-3.331904068407904
2012-04-02,7.6095276,-5.654151765347249,-0.3132507138127256,1.1164912191231102,1.0145982103565692,13.298365924866538,9.462052875186242,-1.8525252751862418
2012-04-03,10.740112,-5.475367506673603,-0.4138351315751797,1.1096387911415242,-0.15441147845305925,13.298458706460377,8.364483380900058,2.375628619099942
2012-04-04,8.041901,-5.295074898987144,-0.5003634963059,1.1012071873564788,-1.3536492098983315,13.298506634605177,7.250626216770281,0.791274783229718
2012-04-05,9.845428,-5.1131725710364915,-0.5574907930090284,1.091309423658279,-2.1396785593012937,13.298587466297915,6.579554966609381,3.265873033390619
2012-04-06,6.2790527,-4.92970997571148,-0.5762695386998223,1.0799609071436016,-2.222145753002348,13.298703806282916,6.650539446012867,-0.3714867460128666
2012-04-07,4.6167603,-4.744584659257836,-0.5547371076155349,1.0672755751983498,-1.5734415457027016,13.298934541191125,7.493446803813403,-2.876686503813403
2012-04-08,6.3275146,-4.557818831443193,-0.49922043082046247,1.053284970435877,-0.4339321941649496,13.299296316455427,8.861609830462701,-2.534095230462701
2012-04-09,11.932617,-4.369550534123016,-0.4218948887504979,1.0379381471439784,0.7975480700548466,13.299748223138199,10.343789017463509,1.5888279825364915
2012-04-10,12.422607,-4.180021588135752,-0.33652219400339584,1.0211187701755464,1.731700747424203,13.300197708585848,11.53647344404645,0.886133555953549
2012-04-11,12.385498,-3.989362651956103,-0.2528825061629944,1.0027883302584133,2.1374669951282415,13.300608042332215,12.198618209599772,0.18687979040022817
2012-04-12,13.850281,-3.7977213772793013,-0.17553448574057318,0.9829016545734468,1.996170586111485,13.300934078868138,12.306750456533196,1.5435305434668045
2012-04-13,14.143219,-3.605105787041036,-0.10406782412652647,0.9615092664013896,1.45837916168827,13.30120063146822,12.011915448390317,2.131303551609683
2012-04-14,7.418518,-3.411550057451226,-0.034733508801666216,0.9386502472485084,0.7420696493020976,13.30141947782381,11.535855808121523,-4.1173378081215235
2012-04-15,9.962219,-3.2167932880664933,0.038438473564195455,0.9145560960511943,0.03291139317222399,13.301750398037035,11.070863072758154,-1.108644072758155
2012-04-16,10.784393,-3.020996350729259,0.11838646033875054,0.8891834684015123,-0.5775780275628506,13.302142236172202,10.711137786620355,0.07325521337964425
2012-04-17,10.704956,-2.824289455216178,0.20692284451455545,0.8625099426710285,-1.0716260106152997,13.302559316259533,10.47607663761364,0.22887936238636009
2012-04-18,12.087494,-2.6266783875508732,0.30577176081332874,0.8345992458648169,-1.4512788975932507,13.303028337356448,10.36544205889047,1.7220519411095303
2012-04-19,11.415863,-2.4283179985181014,0.41696485564284885,0.8054230238396023,-1.6936876933707024,13.303501493337764,10.403883680931411,1.0119793190685886
2012-04-20,11.153442,-2.2293187529673215,0.544135248312909,0.7749788227458669,-1.7421368096256322,13.30395346511093,10.651611973576752,0.5018300264232476
2012-04-21,9.351196,-2.0297753062049724,0.6912759373672853,0.7432722419322872,-1.5423956034580373,13.304366944094447,11.16674421373101,-1.8155482137310095
2012-04-22,9.99588,-1.8296679180894726,0.860968427960327,0.7103838177816543,-1.0916245610723072,13.304781917742524,11.954841684322725,-1.958961684322725
2012-04-23,13.084717,-1.629024776842841,1.0509813698590584,0.6763631920041766,-0.4672726859031156,13.305214445929728,12.936261545047007,0.14845545495299284
2012-04-24,15.825806,-1.4279780528907806,1.252665305789181,0.6411982788919846,0.19252528243481778,13.305628537080102,13.964039351305304,1.8617666486946955
2012-04-25,15.772491,-1.2266553785679453,1.4519837603387857,0.6048850281407316,0.7471014186089835,13.305990542985874,14.883305371506431,0.8891856284935695
2012-04-26,15.176819,-1.0250655669947195,1.6325385351187405,0.5675001643151016,1.1137344965101588,13.30632630861088,15.59503393756016,-0.41821493756016004
2012-04-27,14.516968,-0.8232166780570059,1.778683417138752,0.5291200138569321,1.2920252876102363,13.306662037480132,16.083274078029046,-1.5663060780290454
2012-04-28,16.870758,-0.6212010960185048,1.8788184681182702,0.4897629508688583,1.3436702742579771,13.306981847463538,16.398032444690138,0.4727255553098608
2012-04-29,17.774078,-0.4192070139158255,1.9271228846981507,0.4493914279679958,1.3430714033599565,13.30722182038156,16.607600522491836,1.1664774775081632
2012-04-30,17.159943,-0.21720781613308848,1.924698327570118,0.4081124753744577,1.335821720708836,13.307425477862198,16.75885018538252,0.4010928146174777
2012-05-01,17.237488,-0.015239549719031326,1.877187371262419,0.3659929199533323,1.3230372204702006,13.307604985105518,16.85858294707244,0.3789050529275606
2012-05-02,15.749908,0.18657067200044292,1.7914784391128387,0.32304010306524356,1.278252642180529,13.307726866343287,16.88706872270234,-1.1371607227023421
2012-05-03,16.135681,0.3881554610109261,1.6737428277262736,0.27930026252140594,1.1804952437459806,13.307787478038867,16.829481273043452,-0.6938002730434505
2012-05-04,15.839996,0.5894790008298784,1.5280516254410912,0.23484110002839395,1.031921146769173,13.307798978767417,16.692091851835954,-0.8520958518359549
2012-05-05,17.665161,0.7904676454239711,1.3576145812630396,0.1897097505539206,0.8509839944669139,13.307754470630094,16.49653044233794,1.1686305576620626
2012-05-06,15.252319,0.9910695605803821,1.1667780182604004,0.14397284018927273,0.6454919869392989,13.307657848071594,16.25497025404095,-1.0026512540409485
2012-05-07,15.735596,1.1913321242963586,0.9640392250344814,0.0977639442752003,0.3956415650340918,13.307562621960198,15.956339480600331,-0.22074348060033167
2012-05-08,17.626007,1.3911517463121572,0.7611487530826169,0.05111503681247093,0.05941252580051457,13.307446701424345,15.570274763432105,2.0557322365678967
2012-05-09,15.9852295,1.590447030862078,0.5721272219405229,0.004072945552643516,-0.3848771468428277,13.30729894152273,15.089068993035147,0.8961605069648542
2012-05-10,13.98938,1.7893065827580052,0.41097767612090036,-0.04320251908745786,-0.8892446260601693,13.307193233863975,14.575030347595254,-0.5856503475952533
2012-05-11,13.692841,1.9876725953686352,0.28694683983380687,-0.09064439034738768,-1.3246481597240278,13.30713025573508,14.166457140866108,-0.4736161408661079
2012-05-12,11.983948,2.1854800606879783,0.2017151075703686,-0.13818881398278385,-1.5229479521589515,13.307106927490496,14.033165329607108,-2.0492173296071083
2012-05-13,13.945465,2.382778383054753,0.14963888733920583,-0.18570301511050938,-1.3594433397496881,13.307177332981095,14.294448248514856,-0.3489832485148554
2012-05-14,16.505707,2.579409216552481,0.1187918642113882,-0.23319135715729378,-0.8389481358778473,13.30729150750877,14.933353095237498,1.5723539047625028
2012-05-15,15.5104065,2.775273963054638,0.09583608281904116,-0.2806181863275638,-0.1222584362009474,13.30742931471687,15.775662738062039,-0.26525623806203846
2012-05-16,17.9151,2.970324862719697,0.0706130457588199,-0.32791673212928407,0.5285781974968875,13.30759601272917,16.549195386575292,1.365904613424707
2012-05-17,18.006989,3.164377614373207,0.03755848616300546,-0.3751101244475594,0.8646181381585131,13.307728496561813,16.99917261080898,1.0078163891910208
2012-05-18,14.467773,3.3573910604430006,-0.0026565434660029696,-0.4221242257253134,0.7776782140816715,13.307835081430913,17.01812358676427,-2.550350586764269
2012-05-19,17.492432,3.5494568083168687,-0.044931859943562,-0.46879566548289087,0.35990251013273816,13.307990282190053,16.703622075213207,0.7888099247867935
2012-05-20,17.395111,3.7404517034769835,-0.08482512278537455,-0.5151032511058732,-0.14560421844471289,13.308161042954408,16.30308015409543,1.0920308459045707
2012-05-21,16.478058,3.930340604514292,-0.11930212534122031,-0.560971526801811,-0.46592897000279454,13.308358289420863,16.09249627178933,0.38556172821067136
2012-05-22,12.862488,4.119110000334588,-0.14809864932037994,-0.6063091126934159,-0.44213210731021113,13.308603567957952,16.231173698968533,-3.368685698968532
2012-05-23,17.356934,4.306708196599778,-0.17279142471614162,-0.6510474410597635,-0.10965980057127767,13.308899085452847,16.68210861570544,0.6748253842945573
2012-05-24,18.734222,4.492919069655425,-0.1964372055759251,-0.695227111782148,0.3246497518031219,13.309164589874802,17.235069093975277,1.4991529060247224
2012-05-25,16.523285,4.677720710290808,-0.21930155908342464,-0.7387628994054646,0.6108103246194873,13.309416728730305,17.639883305151713,-1.1165983051517117
2012-05-26,17.982391,4.861092531043383,-0.2383127478731162,-0.781570403635157,0.598861774717189,13.30967259535584,17.74974374960814,0.23264725039186018
2012-05-27,17.983093,5.042972307720769,-0.24943331978967237,-0.8235953319572995,0.315865937597707,13.30992837417691,17.595737967748413,0.3873550322515875
2012-05-28,17.49289,5.223309207999641,-0.24947714534890875,-0.8647744762366565,-0.05832346424008346,13.310185616196863,17.360919738370857,0.13197026162914227
2012-05-29,17.440918,5.4020533303781635,-0.23895965010894582,-0.9050461615713679,-0.30729329133342026,13.310446115522405,17.261200342886834,0.17971765711316579
2012-05-30,17.687256,5.579151847959747,-0.2235828669537178,-0.9443551465572984,-0.3116989340720689,13.31071009237839,17.41022499275505,0.27703100724495044
2012-05-31,17.483002,5.754515345976849,-0.21330749773324692,-0.9826678316965533,-0.11785703941547648,13.310959142801922,17.751642119933493,-0.2686401199334938
2012-06-01,17.543945,5.928091734531044,-0.21925132722040735,-1.019924960979131,0.09918150095444662,13.311193271962413,18.099290219248367,-0.5553452192483661
2012-06-02,18.708557,6.099832388107453,-0.2501699444184891,-1.0560673974378325,0.15348236924127542,13.311413900462544,18.25849131595495,0.4500656840450503
2012-06-03,17.168121,6.269662982395277,-0.309559803377657,-1.0910553500232292,-0.025705111512296003,13.31160922877256,18.154951946254656,-0.9868309462546563
2012-06-04,19.048584,6.4376349380422955,-0.3938706696228038,-1.124770101376106,-0.3390870097917108,13.311830196868186,17.89173735411986,1.1568466458801403
2012-06-05,18.589325,6.603674842923358,-0.4951676130568767,-1.157174439673263,-0.5790155150266512,13.312064999425768,17.684382274592338,0.9049427254076612
2012-06-06,15.909729,6.767749609130714,-0.6030902839750927,-1.1882065945730367,-0.5631663233864698,13.312321794286017,17.72560820148213,-1.8158792014821312
2012-06-07,18.146423,6.929862957351668,-0.7082409099326309,-1.2177818659699442,-0.26743500618367627,13.312626756594495,18.04903193185991,0.09739106814008736
2012-06-08,20.68451,7.089869215675252,-0.8056373946772524,-1.2459175666101863,0.12786970235702913,13.312931022264475,18.479114979009317,2.2053950209906823
2012-06-09,17.093445,7.247678596992826,-0.893759038690992,-1.2725958761080922,0.32586050573798575,13.313213341037791,18.72039752896952,-1.6269525289695217
2012-06-10,19.445618,7.403416918006654,-0.9718063063778438,-1.2976607339282058,0.08747385505907149,13.313560100569838,18.534983833329512,0.9106341666704871
2012-06-11,17.717926,7.556927354276464,-1.0399141459824301,-1.3211439438577668,-0.6127709798619183,13.313915997069733,17.897014281644083,-0.1790882816440842
2012-06-12,14.958008,7.7082338836552236,-1.0954883139645446,-1.3429626342397096,-1.5236494609649869,13.314315961548502,17.060449436034485,-2.1024414360344856
2012-06-13,15.8906555,7.8573490371242904,-1.134213168048859,-1.3630400800539961,-2.211260148534156,13.31478865644892,16.4636242969362,-0.5729687969362001
2012-06-14,17.166199,8.004207747172142,-1.1528535931900363,-1.3813547690005372,-2.2642491754155496,13.315323587028633,16.521073796594653,0.6451252034053461
2012-06-15,18.680206,8.148706353418524,-1.1513249216591972,-1.397914150956975,-1.5026014264880663,13.315890755201488,17.412756609515775,1.2674493904842237
2012-06-16,18.569458,8.29079701675805,-1.1343819447523242,-1.412691100804325,-0.08674374259852345,13.316487804546089,18.97346803314897,-0.40401003314896755
2012-06-17,21.920746,8.430406534965098,-1.1115137652861138,-1.4256790422585446,1.5320392738112483,13.317099334400154,20.742352335631843,1.1783936643681585
2012-06-18,21.93991,8.567430945293978,-1.0954197201125808,-1.4368940402773835,2.795009419565545,13.317694142194076,22.147820746663633,-0.2079107466636323
2012-06-19,21.678589,8.701853207105255,-1.0971007605916852,-1.446296219349784,3.2716940590212604,13.318284109843656,22.748434396028703,-1.069845396028704
2012-06-20,23.679382,8.833662008860397,-1.1226142461766586,-1.4538458134459464,2.8268284365048792,13.318883675129277,22.40291406087195,1.2764679391280502
2012-06-21,20.836884,8.962709242813661,-1.1713036532040138,-1.459594394146092,1.6512909722386857,13.319438336594455,21.302540504296697,-0.465656504296696
2012-06-22,18.83847,9.089086948725463,-1.2342993159488576,-1.463439183281026,0.15973856721941415,13.320013366673852,19.871100383388846,-1.0326303833888453
2012-06-23,19.26593,9.212831925455689,-1.2985210541878585,-1.4653156228940496,-1.1971501725688467,13.320645950422033,18.572491026226967,0.6934389737730342
2012-06-24,19.022095,9.333916183843748,-1.3510201284792078,-1.465207240337991,-2.102140167540044,13.321340521224146,17.73688916871065,1.2852058312893497
2012-06-25,16.318298,9.452273680742607,-1.3821724828361042,-1.4631259075059684,-2.4503020507735402,13.322082120636543,17.478755360263534,-1.1604573602635355
2012-06-26,17.170502,9.567924597350482,-1.3872846453268766,-1.4590275526337702,-2.323784154105311,13.322898542533418,17.720726787817938,-0.5502247878179389
2012-06-27,18.111908,9.680797924433953,-1.367655370663312,-1.4529334389792044,-1.9028134800882979,13.32377157579379,18.28116721049693,-0.1692592104969286
2012-06-28,19.612122,9.79088618489907,-1.3277452116385646,-1.44483029026844,-1.3621675082674967,13.32471440420682,18.98085757893139,0.6312644210686109
2012-06-29,20.258453,9.898115899803464,-1.272485007407634,-1.4347519856271684,-0.8120579285202432,13.325706866964278,19.7045278452127,0.5539251547873008
2012-06-30,20.771881,10.00244518584443,-1.2047048337949342,-1.4227147695177922,-0.2967993535090984,13.32674425396917,20.404970482991775,0.3669105170082254
2012-07-01,19.643616,10.103824294278123,-1.1246096752656194,-1.4087402537668887,0.16678060703622086,13.327817449597203,21.06507242187904,-1.4214564218790393
2012-07-02,21.245758,10.202239550854767,-1.0306252781802736,-1.3928289014519368,0.5500915287506682,13.328934939367025,21.657811839340248,-0.4120538393402491
2012-07-03,21.215546,10.297631724960478,-0.922220818981806,-1.3750144290074404,0.7983093650791516,13.330081902183831,22.128787744234216,-0.9132417442342167
2012-07-04,23.296844,10.389996484743808,-0.8010051923813464,-1.3553001332230759,0.8534653109011914,13.331270591239532,22.41842706128011,0.8784169387198908
2012-07-05,23.451721,10.479243014058211,-0.6721620535532327,-1.3337490994981385,0.6889911478163179,13.332469491683133,22.49479250050629,0.95692849949371
2012-07-06,23.446564,10.565355890225321,-0.5425563648154643,-1.3103798524159047,0.34075691976426364,13.333684565188014,22.386861157946228,1.0597028420537704
2012-07-07,21.551788,10.648319619902704,-0.4188484103570401,-1.2852099086138011,-0.09013820787118408,13.334921176672065,22.189044269732744,-0.6372562697327453
2012-07-08,20.946838,10.728187401242582,-0.30495779312070515,-1.258212601124952,-0.4596842916161644,13.3362186352389,22.041551350619663,-1.0947133506196636
2012-07-09,22.091278,10.804972481581638,-0.20153861001132684,-1.2293918868982505,-0.6208635531894117,13.33759583824721,22.09077426972986,0.0005037302701396129
2012-07-10,23.20459,10.878624785487409,-0.10651424301449486,-1.1987973183624558,-0.46269803229411005,13.339039513121696,22.449654704938045,0.754935295061955
2012-07-11,24.400269,10.949091997834799,-0.01653153581256117,-1.16648340384443,0.05860980114370484,13.340534834026121,23.165221693347632,1.235047306652369
2012-07-12,24.102692,11.016321624028885,0.07061030965707546,-1.1325092692139744,0.8945961483895438,13.342066497757637,24.191085310619165,-0.08839331061916411
2012-07-13,24.914307,11.080307502713797,0.15436996214018475,-1.0969066599305537,1.89073804790084,13.343641832618442,25.372150685442712,-0.45784368544271103
2012-07-14,25.753021,11.140990951250135,0.23060296025294796,-1.059746367071896,2.7925814647486136,13.345241403538294,26.449670412718095,-0.6966494127180951
2012-07-15,25.784607,11.198326754765544,0.29330454167322917,-1.0210965976249784,3.2922832396948474,13.346852062618689,27.109670001127334,-1.325063001127333
2012-07-16,26.555664,11.252291219912703,0.33754292537036734,-0.9810149148566722,3.1188482816092256,13.348470968640953,27.076138480676576,-0.520474480676576
2012-07-17,27.278564,11.302809949873364,0.3619027379351607,-0.9395956946318125,2.1506693161692017,13.350069419457332,26.225855728803246,1.052708271196753
2012-07-18,26.083221,11.349833598469168,0.3702009500420804,-0.8969201817311931,0.5076590272438462,13.351630776440775,24.68240417046468,1.400816829535323
2012-07-19,24.254486,11.393362817205702,0.37113089432316926,-0.8530323218731184,-1.4322155044340001,13.353162773915043,22.832408659136796,1.4220773408632041
2012-07-20,18.891205,11.433408170371685,0.37529412781540905,-0.8079653751210061,-3.1260272551170214,13.354677411197056,21.22938707914612,-2.3381820791461223
2012-07-21,18.839172,11.470021643085042,0.39192138694494205,-0.7617280759789357,-4.048423175438738,13.356207020785353,20.407998799397664,-1.5688267993976623
2012-07-22,21.266083,11.503219634742912,0.42438564868952094,-0.7143576086187325,-3.902053532512575,13.357765742021808,20.668959884322934,0.5971231156770642
2012-07-23,22.341187,11.532986643079457,0.46957354178446203,-0.665914324486389,-2.7505231757435356,13.35935101682249,21.945473701456486,0.3957132985435159
2012-07-24,25.080627,11.559318219834516,0.5199091231109642,-0.6164567662970863,-1.0088229355005405,13.360965334772429,23.81491297592028,1.2657140240797204
2012-07-25,25.561493,11.58210629598125,0.5658550958442498,-0.5661168182732916,0.7136209964153903,13.362558908873456,25.658024478841053,-0.09653147884105451
2012-07-26,26.70163,11.601342927011153,0.6000936469059358,-0.5149620318051982,1.8620894133084689,13.364131498336066,26.912695453756427,-0.21106545375642582
2012-07-27,26.800873,11.61700121123814,0.6190181989684438,-0.4630726827287166,2.160623131145939,13.365672849493942,27.29924270811775,-0.4983697081177496
2012-07-28,26.798584,11.629047059732901,0.6230886725850335,-0.41053741597531923,1.712968140073952,13.367168648139451,26.92173510455602,-0.12315110455601896
2012-07-29,26.736847,11.637491727863125,0.615169113297255,-0.35741632630489933,0.9290859851315071,13.368626677903626,26.192957177890612,0.5438898221093886
2012-07-30,26.44043,11.64229271504043,0.5979573160386635,-0.3038040760108811,0.3118167071425868,13.370027140418298,25.618289802629096,0.8221401973709028
2012-07-31,25.794312,11.643474857580626,0.5723322394063984,-0.24975023318337677,0.2072806266034465,13.371383297033452,25.544720787440546,0.24959121255945504
2012-08-01,25.932098,11.641066709838244,0.536921287672966,-0.19530412764479493,0.6397755295967318,13.372709796828135,25.99516919629128,-0.06307119629127911
2012-08-02,26.523193,11.635059831407577,0.4893348437423515,-0.1405418921711492,1.3120945376863655,13.374002147133712,26.669949467798858,-0.1467564677988591
2012-08-03,26.033875,11.625442453862615,0.42882852406744787,-0.08554557885476834,1.7700263905040508,13.375253738441927,27.114005528021274,-1.0801305280212752
2012-08-04,25.681274,11.612227109943415,0.35874538199547523,-0.030381006189605615,1.6453334457971684,13.376469490258962,26.962394421805417,-1.2811204218054186
2012-08-05,26.151031,11.59545789920231,0.28703154810743087,0.02491009636814992,0.85235474347624,13.37766952307922,26.13742381023335,0.013607189766648986
2012-08-06,24.658875,11.575159426959315,0.2244421165572173,0.08027354184032699,-0.36047205132444443,13.378863721544867,24.898266755577282,-0.23939175557728376
2012-08-07,25.327148,11.551368748948018,0.18166865372561175,0.13566198512568206,-1.5262052349063666,13.380067691210106,23.72256184410305,1.6045861558969499
2012-08-08,22.75174,11.524102823322494,0.165120655672529,0.19101746138313036,-2.1854012700056384,13.38128620823081,23.076125878603328,-0.32438587860332646
2012-08-09,23.371063,11.4934649913668,0.1754640751468337,0.24633530185804914,-2.1013171389232035,13.3825668340483,23.196514063496778,0.17454893650322134
2012-08-10,24.992432,11.459468970373527,0.20638295527902606,0.30154744290504176,-1.3672729896915383,13.383911866557487,23.98403824542354,1.0083937545764599
2012-08-11,25.1622,11.422106132254294,0.24736798430626866,0.3565670463554247,-0.34799355024487444,13.385311978958228,25.063359591629343,0.09884040837065555
2012-08-12,24.964874,11.381362114778947,0.28798685940218727,0.41130280888626314,0.5051222941833127,13.386754530759518,25.97252860801023,-1.007654608010231
2012-08-13,26.835083,11.337230571736505,0.32134791923585054,0.4656679584468283,0.8656911847968031,13.388230447659202,26.378168081875188,0.4569149181248129
2012-08-14,24.454926,11.289650469098515,0.34562015554556486,0.5195400845857082,0.6679713678650285,13.389702726332532,26.212484803427348,-1.7575588034273473
2012-08-15,25.292267,11.238710015946053,0.3648514797790058,0.5728952918539527,0.11136611099052046,13.391208522039962,25.679031420609494,-0.3867644206094951
2012-08-16,26.94043,11.184406478747771,0.3851110967616489,0.6256510466274957,-0.4674990453619833,13.392738944389457,25.120408521164393,1.8200214788356064
2012-08-17,26.920715,11.12671710117276,0.4118533983207858,0.6777094294234971,-0.7689490661766787,13.394274629760774,24.841605492501138,2.0791095074988633
2012-08-18,24.485931,11.065660079088195,0.44816476597552374,0.72899857447622,-0.6645729606424642,13.395816120965033,24.97406657986251,-0.488135579862508
2012-08-19,24.736633,11.001255389271385,0.4942873560230912,0.7794507906581818,-0.23279815083182917,13.397364318390022,25.439559703510852,-0.7029267035108511
2012-08-20,25.207977,10.933495995159962,0.5479313037542709,0.8289831136710106,0.3065955648306074,13.39890614547685,26.0159121228927,-0.807935122892701
2012-08-21,25.970886,10.862366696880724,0.6064520326668948,0.8775065099423294,0.7180238124362419,13.400424047632232,26.46477309955842,-0.493887099558421
2012-08-22,26.50824,10.787873080018624,0.6684618674056451,0.9249452405786931,0.86289598252341,13.401910430123278,26.64608660064965,-0.13784660064964882
2012-08-23,26.417389,10.710069891820353,0.7342619808186124,0.9712556124311016,0.7466219542844486,13.403381698080741,26.565591137435256,-0.14820213743525557
2012-08-24,26.099731,10.628993859598896,0.804631315664855,1.0163838556179772,0.4860025780736217,13.404844615334952,26.340856224290302,-0.24112522429030392
2012-08-25,26.299347,10.544666893257052,0.8788098617828028,1.0602667457759236,0.2266728086050515,13.406298083290915,26.116714392711742,0.1826326072882587
2012-08-26,25.944183,10.457032058937099,0.9527373668700215,1.102789292718173,0.06131705781886872,13.40770103592425,25.98157681226841,-0.03739381226841232
2012-08-27,26.003418,10.36612559589672,1.0193195029345676,1.1439000262416272,-0.007783175180118777,13.409058484521754,25.93062043441455,0.07279756558545003
2012-08-28,25.469452,10.271977563976879,1.0697364929486082,1.1835477124568703,-0.052179784423203174,13.410371720740843,25.8834537057,-0.4140017056999987
2012-08-29,26.293549,10.174656804011272,1.0965016126123415,1.2217053117907275,-0.16196807303097044,13.41166101585077,25.74255667123414,0.550992328765858
2012-08-30,27.184967,10.074182932249599,1.0959576337712937,1.2583157420058042,-0.38959114607850154,13.412921489424985,25.45178665137318,1.7331803486268207
2012-08-31,25.744019,9.97060520098136,1.0701000240854313,1.2933446850924382,-0.7203124502377654,13.414162663503653,25.02790012342512,0.7161188765748818
2012-09-01,23.63388,9.863988498591556,1.0261518845845272,1.3267713395435847,-1.0810588288992835,13.415401409644646,24.55125430346503,-0.9173743034650279
2012-09-02,22.630432,9.75443466892249,0.9737360635029343,1.358598971085447,-1.376453033282012,13.416672602738807,24.12698927296767,-1.4965572729676708
2012-09-03,23.08374,9.641979098154655,0.9211232862968313,1.3887880263884929,-1.5272358419009853,13.417977375762485,23.84263194470148,-0.7588919447014817
2012-09-04,24.268127,9.526625766581544,0.8726732825772026,1.4172787574085,-1.4919314298083963,13.419300719260145,23.743947096018996,0.524179903981004
2012-09-05,25.291199,9.408374822156556,0.8282903300222866,1.4440107714103423,-1.2691881083142682,13.420625169230707,23.832112984505624,1.4590860154943748
2012-09-06,24.496643,9.287192940591442,0.7848323921368309,1.4689019506753311,-0.8905636186266104,13.421916220117682,24.072279884894677,0.4243631151053222
2012-09-07,24.118805,9.16311361591237,0.7389451846649575,1.4919148703879237,-0.41311683435920765,13.4231724403885,24.404029276994542,-0.2852242769945441
2012-09-08,24.447327,9.036225207772324,0.6891248241804291,1.513051455420606,0.08478431716400119,13.424419374891814,24.747605179429172,-0.3002781794291707
2012-09-09,24.580444,8.90656639737084,0.6365331062573376,1.532281558577377,0.5136381075730416,13.425657249049806,25.0146764188284,-0.434232418828401
2012-09-10,24.513916,8.774158651048815,0.5844477630414043,1.5495617745614343,0.7964863355331337,13.42687732603039,25.131531850215175,-0.6176158502151772
2012-09-11,24.680115,8.639041934597262,0.5362005854943521,1.5648655747858444,0.9007121219280662,13.42807958661031,25.06889980341584,-0.3887848034158381
2012-09-12,23.982086,8.501259330896204,0.4925541108670507,1.5781731621227286,0.8609497539933455,13.429265034190685,24.862201392070013,-0.8801153920700138
2012-09-13,25.573364,8.360906721325224,0.45044903622623095,1.5895037685599203,0.7755662184023668,13.430460613241081,24.606886357754824,0.9664776422451773
2012-09-14,24.4263,8.21798259136413,0.4026604941997178,1.5988157639609795,0.7641188422177013,13.431644175528465,24.415221867270994,0.011078132729007706
2012-09-15,24.745728,8.07257399851046,0.3409452431270596,1.6061261741081196,0.905363222175412,13.432837592515147,24.3578462304362,0.38788176956380127
2012-09-16,24.639069,7.924707320221109,0.2583511393948179,1.6114139443961752,1.1777840679473357,13.434032045354085,24.40628851731352,0.23278048268647922
2012-09-17,24.673523,7.77438928881295,0.15223357848168012,1.6146440304345762,1.4459492846515134,13.43520857035004,24.422424752730763,0.2510982472692369
2012-09-18,24.529144,7.621629986333684,0.025548050880895255,1.6157837384916456,1.507468388830163,13.436349436974927,24.206779601511315,0.32236439848868415
2012-09-19,23.19101,7.466461225949379,-0.11363117915131937,1.6148171000406175,1.1875904162638304,13.437447325317622,23.59268488842013,-0.401674888420132
2012-09-20,23.414276,7.308913894002933,-0.2540753627701572,1.6117326620893764,0.43801268578655345,13.438494080656895,22.5430779597656,0.8711980402344004
2012-09-21,20.968506,7.1490727311376805,-0.3843749744945493,1.6065597214786256,-0.6134710197817014,13.439508113634288,21.197294571974343,-0.22878857197434144
2012-09-22,19.70279,6.987051084947108,-0.4947857003814789,1.5993491578996977,-1.6907251922731725,13.440521806711992,19.841411156904144,-0.13862115690414356
2012-09-23,17.64685,6.822890853439323,-0.5792071045283343,1.5901101684689738,-2.472786468010528,13.441531399106184,18.80253884847562,-1.15568884847562
2012-09-24,20.584778,6.6566763356262815,-0.634847907886575,1.5788804260627254,-2.720481557089113,13.44255400134854,18.32278129806186,2.2619967019381413
2012-09-25,17.62564,6.48837866251881,-0.6625297606574199,1.565622438272876,-2.3723108220281537,13.443549850599565,18.46271036870568,-0.8370703687056782
2012-09-26,18.908417,6.318153785114449,-0.6640103145137303,1.5504197007362568,-1.5546676496306737,13.444571493531903,19.094467015238205,-0.1860500152382052
2012-09-27,18.089447,6.145957858362804,-0.6437280944694884,1.533228311848875,-0.5226297182841171,13.445571030823942,19.958399388282015,-1.8689523882820147
2012-09-28,20.085907,5.971837472629664,-0.6077052533548334,1.514061990605836,0.45257170816217573,13.446545545513558,20.7773114635564,-0.6914044635564025
2012-09-29,22.474945,5.79584584266741,-0.5645568318294506,1.492938427186263,1.1793405331223756,13.447495247748737,21.351063218895334,1.123881781104668
2012-09-30,22.573761,5.618012683047581,-0.5247548641010233,1.4698612344745259,1.5900695300931897,13.448408265468421,21.601596848982695,0.9721641510173065
2012-10-01,22.29425,5.43834697640019,-0.4988643011044837,1.4448256207758199,1.7195330368218886,13.449261939700659,21.553103272594072,0.7411467274059298
2012-10-02,20.06601,5.256879730863181,-0.49559981746168047,1.417848640744178,1.6410810911730795,13.450044313671441,21.2702539589902,-1.204243958990201
2012-10-03,18.988708,5.07373433338233,-0.5193079818757143,1.3890140236598119,1.4094481726283108,13.450789324459885,20.803677872254625,-1.8149698722546255
2012-10-04,20.8909,4.889007521652932,-0.569157046891544,1.35838968522839,1.0416887691998646,13.451517329460938,20.17144625865058,0.7194537413494189
2012-10-05,20.696686,4.702623623846274,-0.6395623381600448,1.325929714072506,0.5445509406329114,13.452162096319675,19.385704036711324,1.3109819632886754
2012-10-06,20.249573,4.514725489297767,-0.7202440934616501,1.2917306589396476,-0.03492437928241568,13.452766504160227,18.504054179653576,1.745518820346426
2012-10-07,16.760345,4.325408853808767,-0.7995329484495078,1.2558644431971433,-0.5872501126072842,13.453349554063438,17.647839790012554,-0.8874947900125534
2012-10-08,16.614044,4.134835724783493,-0.8670067480005255,1.2184488455127784,-0.9647557634901347,13.453963316455791,16.975485375261403,-0.3614413752614034
2012-10-09,16.128235,3.943087159919782,-0.9169707704794643,1.1795510493706423,-1.0490245255376962,13.454619113331741,16.611262026605004,-0.4830270266050043
2012-10-10,16.744293,3.7502573749587764,-0.9485455029269152,1.1392488409190602,-0.8137729028025398,13.455334552379302,16.582522362527683,0.16177063747231557
2012-10-11,17.924316,3.5563744523931637,-0.9649578371930558,1.0975757838891067,-0.3496930631188156,13.456094005945847,16.795393341916245,1.1289226580837557
2012-10-12,16.910461,3.3614595627373913,-0.9711913442084644,1.054560648098038,0.1708945324098083,13.456878304205292,17.072601703242064,-0.16214070324206276
2012-10-13,16.631409,3.165566900420726,-0.9712812986683518,1.0102555142876284,0.5722769154010787,13.457684674849336,17.234502706290417,-0.6030937062904158
2012-10-14,16.148865,2.9687647290291532,-0.9673751141868857,0.9647188551185326,0.7509626849875626,13.458517287725776,17.17558844267414,-1.0267234426741396
2012-10-15,18.299683,2.7711478778020266,-0.9594200325607718,0.9180241442352156,0.7122692433964576,13.459393514422711,16.90141474729564,1.3982682527043622
2012-10-16,14.783997,2.5726950924534475,-0.9465880229216425,0.8701711298308876,0.5470740714067196,13.460272550217367,16.50362482098678,-1.71962782098678
2012-10-17,16.998291,2.3735226615544596,-0.9271293253022718,0.8212511676511295,0.3721486813081165,13.461182320668765,16.1009755058802,0.8973154941197983
2012-10-18,15.741364,2.1735629269054257,-0.9016510343685246,0.7712360659152793,0.25823270074837257,13.462058615058448,15.763439274259,-0.02207527425899869
2012-10-19,13.772705,1.9728787977676503,-0.8716518379108568,0.7201887440249124,0.20752094790743775,13.46290233059403,15.491838982383173,-1.7191339823831733
2012-10-20,14.230347,1.7716196688787342,-0.8393843424162667,0.6682341613484195,0.17504879057469258,13.463757454562472,15.239275732948052,-1.0089287329480516
2012-10-21,16.126373,1.569850872855742,-0.807602957223877,0.6154406978712015,0.11864014902162148,13.464625907788191,14.96095467031288,1.165418329687121
2012-10-22,17.242981,1.3676613327403246,-0.7781714497096024,0.5618906092571192,0.04357661650511746,13.465521356464865,14.660478465257825,2.5825025347421757
2012-10-23,15.375458,1.1650615390566026,-0.751169730633166,0.5076137058299519,0.006123140288385835,13.466418263860492,14.394046918402266,0.9814110815977344
2012-10-24,13.156952,0.9621324912271041,-0.72443929973163,0.4526839455370604,0.07025616917258345,13.467326428679415,14.227959734884534,-1.0710077348845335
2012-10-25,12.630951,0.7589988983789766,-0.6947859995821106,0.3972059429337351,0.24299601862102113,13.46827743692217,14.172692297273793,-1.5417412972737932
2012-10-26,15.177246,0.5556924637573041,-0.6595785616284484,0.3412270526408675,0.437073601221761,13.469256256245304,14.143670812236788,1.033575187763212
2012-10-27,13.306213,0.3521156508247041,-0.6175158283117987,0.2847130280943471,0.49659347562706746,13.470183014670239,13.98608934090456,-0.6798763409045598
2012-10-28,13.871826,0.1484052428781512,-0.5669176850363984,0.22778290260344364,0.2833308041134433,13.47109499299814,13.56369625755678,0.3081297424432208
2012-10-29,14.082977,-0.055368393243876976,-0.5068472412649658,0.17051505145110632,-0.23503962848795526,13.471996182702144,12.845255971156453,1.2377210288435467
2012-10-30,11.498322,-0.25913521083707586,-0.4363913869359948,0.11298718316697698,-0.9366380486018068,13.47289049617832,11.95371303297042,-0.45539103297041983
2012-10-31,10.494019,-0.4627341033394039,-0.35418166017272057,0.05533770677484127,-1.5761614509450022,13.473827456989243,11.136087949306958,-0.6420689493069585
2012-11-01,11.897491,-0.66609279661534,-0.25979462018154065,-0.0023528071890882556,-1.8907525555582478,13.474812237116312,10.655819457572095,1.2416715424279055
2012-11-02,9.996063,-0.8691822570544765,-0.15460306175002203,-0.06003194852200726,-1.7239128116109188,13.475828354989458,10.668098276052033,-0.6720352760520338
2012-11-03,9.484375,-1.0718508488861787,-0.04137868568069969,-0.11756895386318775,-1.1017460242422377,13.47692081401286,11.144376301340557,-1.6600013013405572
2012-11-04,11.244843,-1.274009058952738,0.07434419700206386,-0.17487525431105938,-0.2292495997253545,13.478103622063413,11.874313906076326,-0.6294709060763264
2012-11-05,13.4096985,-1.475662675197246,0.18456818545167886,-0.23192963911079492,0.6010829914476573,13.47934322878086,12.557402091372154,0.8522964086278453
2012-11-06,13.469269,-1.6768482807923282,0.2807192939310358,-0.2887319314396173,1.1413183172663175,13.48059062827994,12.937048027245348,0.5322209727546525
2012-11-07,12.071686,-1.8774815092520736,0.3561766446958634,-0.34520237253183766,1.2905324064039525,13.481857502232552,12.905882671548458,-0.8341966715484581
2012-11-08,12.316101,-2.077543389377815,0.4074241766648722,-0.4013015511180126,1.1144624821774507,13.483122962915933,12.52616468126243,-0.21006368126242947
2012-11-09,11.849304,-2.2769864901527503,0.43453733760044616,-0.45697060518264465,0.78232248474609,13.484380464627701,11.967283191638842,-0.11797919163884174
2012-11-10,11.658478,-2.4757560258318114,0.4413368308029815,-0.5121444839877107,0.4657847086335716,13.48562713037899,11.404848159996021,0.25362984000397937
2012-11-11,11.859589,-2.6737383611554373,0.4342082459463027,-0.5667194590184454,0.25523559268016627,13.486889693139057,10.935875711591644,0.9237132884083561
2012-11-12,12.821289,-2.8709315591562117,0.4201007600247487,-0.6206707631652735,0.13725079758612035,13.488139161995445,10.55388839728483,2.2674006027151705
2012-11-13,10.620209,-3.0673385205180086,0.40504709486801593,-0.673980855934465,0.03777964189508328,13.489344166214192,10.190851526524817,0.42935747347518216
2012-11-14,7.9613647,-3.2628586378961923,0.39365147530145406,-0.726562197371218,-0.10480123691411207,13.490525256341554,9.789954659461486,-1.8285899594614863
2012-11-15,7.6859436,-3.4573661470191963,0.38799009269232443,-0.7783067724307113,-0.2910804182038509,13.491715725111137,9.352952480149703,-1.6670088801497034
2012-11-16,9.145691,-3.6507901040340816,0.3872673050526796,-0.8291385552664057,-0.4621287249692626,13.492921475185542,8.938131395968473,0.20755960403152685
2012-11-17,11.0026245,-3.8430759514754786,0.38891092281244405,-0.8789954918961338,-0.5427393183032505,13.494140422184655,8.618240583322237,2.3843839166777627
2012-11-18,8.6539,-4.034177015500323,0.3900568629666184,-0.9278213432742011,-0.494855820910698,13.495366788732376,8.428569472013773,0.22533052798622677
2012-11-19,5.6286926,-4.223935448075963,0.38917687679605995,-0.9754881951791285,-0.343700909073233,13.496650586427647,8.342702910895383,-2.7140103108953832
2012-11-20,8.65979,-4.412261091989663,0.38541212605327757,-1.0219190940943603,-0.16471049361279144,13.498008155569712,8.284529601926176,0.3752603980738236
2012-11-21,8.601013,-4.599293031881377,0.3771612994028785,-1.0671877532358036,-0.0380874603746382,13.499341388611404,8.171934442522463,0.42907855747753665
2012-11-22,7.694763,-4.7849547339243585,0.3637458487093138,-1.1112240917712215,0.004786994011942054,13.500660290750885,7.973014307776561,-0.2782513077765607
2012-11-23,8.688171,-4.969122384641977,0.3445690002875905,-1.1539274773123345,-0.008400530317703957,13.50199867966697,7.715117287682544,0.9730537123174567
2012-11-24,5.4633484,-5.151786702295657,0.31855596458019236,-1.1952745501065638,-0.02572982453626555,13.503333350734087,7.449098238375793,-1.985749838375793
2012-11-25,6.3388977,-5.33281684609949,0.2857946873304712,-1.2351626988501114,-0.020892943206949517,13.50470223770319,7.20162443687711,-0.8627267368771099
2012-11-26,9.147308,-5.512130191298228,0.24668261681414994,-1.273517820228967,-0.02921089396385074,13.506119268574974,6.937942979898078,2.209365020101923
2012-11-27,5.4448853,-5.689783041293163,0.2026135264909302,-1.310360758799558,-0.12714380956631166,13.507529233139003,6.582855149970901,-1.1379698499709008
2012-11-28,4.446045,-5.8655667948851455,0.15771646691224234,-1.3455452672469128,-0.3637046472152608,13.509009805901625,6.091909563466547,-1.6458645634665476
2012-11-29,8.891266,-6.039401653229486,0.11606281261097241,-1.3790144634702495,-0.7003231580442191,13.510574514791903,5.507898052658922,3.3833679473410783
2012-11-30,6.9417114,-6.211421221993599,0.07990389164191525,-1.4108572479584445,-0.9938795674962269,13.512130373940456,4.9758762281341,1.9658351718659004
2012-12-01,3.3667603,-6.381607156323005,0.0509680059255562,-1.4410608792231927,-1.045141614107277,13.513660702105417,4.6968190583775,-1.3300587583774997
2012-12-02,3.1881409,-6.549788676159221,0.029398080080005353,-1.4695053910374383,-0.71320434872988,13.515225329002652,4.812124993156118,-1.623984093156118
2012-12-03,5.806793,-6.715819073061826,0.01299606852656256,-1.496092106417596,-0.028097578975250007,13.516872442372232,5.289859752444123,0.516933247555877
2012-12-04,6.3050537,-6.879750502107955,-0.0017329193889860928,-1.5208571036595084,0.7760070337661907,13.518550980219997,5.892217488829739,0.41283621117026126
2012-12-05,6.7861633,-7.041579721048711,-0.016585269880569645,-1.5437991870733352,1.3438609135083839,13.520237887030872,6.26213462253664,0.5240286774633605
2012-12-06,5.7443542,-7.201293605199387,-0.030599241798694787,-1.5649088515766292,1.3621934569421978,13.521915387184116,6.087307145551602,-0.34295294555160183
2012-12-07,4.9859924,-7.358758658979569,-0.0396409535437655,-1.5841004160980108,0.7278873784130866,13.52362632865151,5.269013678443251,-0.2830212784432513
2012-12-08,4.48349,-7.5139678682855315,-0.03840622524471206,-1.6013750352954217,-0.37284539337910055,13.52535058816697,3.998756065962205,0.48473393403779497
2012-12-09,1.8791199,-7.666926692091426,-0.022340720146525342,-1.6167435625509239,-1.5205039084890806,13.527062208406427,2.70054732512847,-0.8214274251284701
2012-12-10,0.5747986,-7.817470371990657,0.010929369003994906,-1.6301052389449235,-2.236173355224905,13.52882083541196,1.8560012382554696,-1.2812026382554695
2012-12-11,2.2001648,-7.965480200548056,0.05949536482047176,-1.641392697180875,-2.1970262429170027,13.530663440389201,1.7862596645637385,0.4139051354362615
2012-12-12,2.2337036,-8.110968862251045,0.117087662857522,-1.6506294059943758,-1.3820439754981573,13.532561498306734,2.5060069174206774,-0.27230331742067726
2012-12-13,2.6217651,-8.25391539007565,0.17594816939630145,-1.657826354021109,-0.07304612246139722,13.534503945839232,3.7256642486773774,-1.1038991486773773
2012-12-14,4.562958,-8.394290439571062,0.2292013526374481,-1.6629906426848216,1.2795491181835081,13.536484246755293,4.987953635320366,-0.4249956353203661
2012-12-15,7.7325134,-8.532114528572627,0.2727736621633709,-1.6661641344619889,2.25637514932376,13.538471161369722,5.869341309822237,1.8631720901777635
2012-12-16,7.75473,-8.667493356083657,0.30636136853600743,-1.6674458462741166,2.633426228904162,13.540391239843672,6.145239634926067,1.609490365073933
2012-12-17,6.272522,-8.80039055342691,0.3338897703898345,-1.6668385028695418,2.4363233971317175,13.54224262811217,5.845226739337271,0.4272952606627296
2012-12-18,6.236206,-8.93066632382961,0.36140087127200715,-1.664276055324892,1.8662903163185183,13.544075585109248,5.176824393545271,1.0593816064547292
2012-12-19,1.417511,-9.058341453012412,0.3941496588083086,-1.6597979693580978,1.1578787735772176,13.545860395479034,4.379749405494051,-2.962238405494051
2012-12-20,2.050232,-9.183215939982066,0.4366398511186033,-1.6532993480879656,0.4633931688089061,13.547678195251107,3.611195927108584,-1.5609639271085842
2012-12-21,4.022217,-9.30530309727045,0.49018295266092476,-1.644817509919216,-0.18592975493520625,13.549503717684647,2.903636308220701,1.1185806917792993
2012-12-22,4.4287415,-9.424598245837071,0.5544786710072487,-1.6343828162611906,-0.8169239792758888,13.551321126871493,2.229894756504592,2.198846743495408
2012-12-23,2.2052002,-9.541107901472104,0.6288720206573077,-1.6220332363188037,-1.4134294024893626,13.553109363855631,1.605410844232667,0.5997893557673333
2012-12-24,0.85961914,-9.654755924830283,0.7127327958436344,-1.6077513475563103,-1.8561540986185745,13.554889084674622,1.1489605095130866,-0.28934136951308664
2012-12-25,1.9432983,-9.765465982333023,0.8037922680434054,-1.5915222032006908,-1.9554145704274917,13.556681525105683,1.0480710371878832,0.8952272628121167
2012-12-26,0.20373535,-9.873241203057487,0.896390942575312,-1.5733874575867668,-1.5605295745034198,13.55846864128612,1.4477013487137587,-1.2439659987137586
2012-12-27,0.25650024,-9.97792897501547,0.9818228179840937,-1.5532880933067341,-0.6781312304249973,13.560310844477517,2.332785363714409,-2.0762851237144093
2012-12-28,2.376587,-10.079530791558522,1.0477250037077188,-1.5312659192209557,0.46847824670567906,13.562191743345762,3.467598282979681,-1.0910112829796814
2012-12-29,4.9799805,-10.178108880218453,1.0803934440802188,-1.5074120329030916,1.4953366874877485,13.564065186699809,4.454274405146231,0.5257060948537688
2012-12-30,6.5256653,-10.273729355559706,1.0686468322921916,-1.481820811624575,2.0126240168886644,13.565883444002996,4.891604125999571,1.6340611740004292
2012-12-31,2.574524,-10.366376678663132,1.0076929207197551,-1.454530307078877,1.8032535796225857,13.567640023566574,4.557679538166905,-1.9831555381669053
2013-01-01,2.6188965,-10.455883058344096,0.9015400618404101,-1.4254779721919753,0.9337013236915773,13.56940509400431,3.5232854490002268,-0.9043889490002268
2013-01-02,5.0075073,-10.542204771500456,0.7602686957415844,-1.3946834936787929,-0.2682648370940194,13.571187244501075,2.1263028379693925,2.881204462030608
2013-01-03,0.7010498,-10.625401235353495,0.5970656079939327,-1.3622364304169308,-1.3464373845403985,13.572943884012108,0.835934441695219,-0.13488464169521908
2013-01-04,-0.2902832,-10.705352800881215,0.42576835572619975,-1.3281123923866542,-1.896008248211542,13.574722638208197,0.07101755245498609,-0.3613007524549861
2013-01-05,-0.14370728,-10.782005700749359,0.2552830486185657,-1.2923312126484445,-1.720753219490487,13.576538692339183,0.03673160806945752,-0.18043888806945751
2013-01-06,1.9945374,-10.855346783830498,0.08797748119802289,-1.254944342634969,-0.8868966903829173,13.578387353375602,0.6691770177252394,1.3253603822747606
2013-01-07,1.8986206,-10.925438152378309,-0.07950113814729098,-1.2160552443304353,0.33259373369992656,13.580226642417612,1.6918258412615028,0.2067947587384973
2013-01-08,4.2444763,-10.99223017971606,-0.2521547040590467,-1.1756937453349432,1.5841441788546797,13.58207101333404,2.7461365630786716,1.498339736921328
2013-01-09,3.487091,-11.05569659062678,-0.4338354052986633,-1.1339025227142514,2.554463374044381,13.583923706937428,3.5149525623421134,-0.027861562342113455
2013-01-10,0.76327515,-11.115845518609243,-0.623922716626964,-1.090749044148252,3.045135740009125,13.585771317353824,3.8003897779784896,-3.0371146279784895
2013-01-11,1.9776306,-11.172646750362002,-0.8167500578777984,-1.046281318980327,2.982580205900561,13.587620219748432,3.5345222984288664,-1.5568916984288665
2013-01-12,2.855835,-11.226108633958454,-1.0039216614783122,-1.0005732088127637,2.388670620386534,13.589458062077968,2.747525178214973,0.1083098217850269
2013-01-13,5.5089417,-11.27620791586033,-1.17598185357404,-0.9536759895075109,1.3569564371270102,13.591288688241024,1.5423793664261538,3.9665623335738465
2013-01-14,0.8326416,-11.323050708470923,-1.3249876532053984,-0.9057243474886782,0.045656329448502474,13.59305166106702,0.08494528135052448,0.7476963186494755
2013-01-15,-2.8176575,-11.366471789094884,-1.4435549204629314,-0.8566718745405033,-1.3139282136568795,13.594822642215984,-1.3858041555392138,-1.4318533444607864
2013-01-16,-3.8265686,-11.406380861420846,-1.5261952231330707,-0.8065225671542023,-2.439037838318352,13.596640384965175,-2.581496105061296,-1.2450724949387038
2013-01-17,-3.53479,-11.442711560915448,-1.5682660622189046,-0.7552977935885734,-3.054133215388331,13.598532317729605,-3.2218763143816513,-0.31291368561834876
2013-01-18,-5.7302856,-11.475449680714961,-1.5648137870665715,-0.703053202008139,-2.9831231518180017,13.600500334364865,-3.1259394872428086,-2.6043461127571916
2013-01-19,-2.4701233,-11.50448803117189,-1.510121837811134,-0.6497893549670154,-2.2380182597620277,13.602593458811493,-2.299824024900575,-0.170299275099425
2013-01-20,-0.94818115,-11.529972181713738,-1.4008810720487883,-0.595675540279919,-1.0581441389162265,13.604734804490686,-0.9799381284679853,0.03175697846798531
2013-01-21,2.3637695,-11.551910313654316,-1.2366187783807112,-0.5407938762010724,0.15149348613991598,13.60691689957419,0.4290874174780068,1.9346820825219933
2013-01-22,3.1244507,-11.570365898110872,-1.0220473481050532,-0.4852626017977052,0.9585442325773743,13.609105168236262,1.4899735528000058,1.6344771471999944
2013-01-23,2.4393005,-11.58540055260838,-0.7665607059053816,-0.42919684315299644,1.0747034232311765,13.611266395099582,1.9048117166639997,0.5344887833360001
2013-01-24,2.0899963,-11.597021415112657,-0.48284801864602994,-0.37267334588790946,0.47828629426061925,13.613395170781866,1.6391386853958902,0.4508576146041099
2013-01-25,0.662323,-11.605185770769138,-0.18464427035019446,-0.3157330755905622,-0.5688803012689989,13.615511585242043,0.9410681672631487,-0.2787451672631487
2013-01-26,-1.265686,-11.60982358429595,0.11588336622018493,-0.258397720396343,-1.620097959971594,13.617649954422582,0.24521405597887913,-1.5109000559788792
2013-01-27,1.062439,-11.610908045985708,0.4091392844075988,-0.20071788898550202,-2.2195716714811033,13.619823451098764,-0.002234870945949652,1.0646738709459496
2013-01-28,0.9359131,-11.60855240977138,0.6868186809189412,-0.14283968404948594,-2.0807992381650915,13.621975611127482,0.47660296006046465,0.4593101399395354
2013-01-29,2.0379639,-11.602695218808641,0.9415180772341565,-0.08479609989400005,-1.186824872549992,13.624137928363536,1.6913398143450618,0.3466240856549381
2013-01-30,2.8561096,-11.593374998210681,1.16370158903985,-0.026683468530724997,0.2117309697919981,13.626292431351592,3.381666523442034,-0.5255569234420339
2013-01-31,2.7286377,-11.580570191923073,1.3408298452519394,0.031441461947938586,1.6988316411254236,13.628451662618595,5.118984419020823,-2.3903467190208225
2013-02-01,6.7480164,-11.564282322400501,1.458102621572836,0.08950454105937948,2.844987663579057,13.630617240661147,6.458929744471919,0.2890866555280809
2013-02-02,8.842224,-11.54468459938155,1.500519942164678,0.14732190321774832,3.346838501187144,13.632705307601286,7.082701054789305,1.759522945210695
2013-02-03,5.085663,-11.521802802920107,1.4584143676420702,0.20481265300586476,3.1137812150895976,13.63470625253764,6.889911685355067,-1.8042486853550663
2013-02-04,6.876953,-11.495453911198064,1.331484406837907,0.2620373783451463,2.271448270588742,13.636715426304141,6.006231570877873,0.8707214291221277
2013-02-05,5.124176,-11.465847724760938,1.127506110537383,0.31879798772091983,1.0883507915359392,13.638632053239496,4.7074392182728,0.4167367817272005
2013-02-06,1.1466064,-11.432928487153777,0.8632054082623553,0.37506522490572913,-0.11751334153045455,13.640488732611166,3.3283175370950193,-2.1817111370950193
2013-02-07,3.9671936,-11.396534715430285,0.5600489040072257,0.4308788186026524,-1.0752784606185337,13.64237158039964,2.1614861269606997,1.8057074730393001
2013-02-08,-0.14157104,-11.356842859016297,0.2375073356799723,0.4860656761426468,-1.6304907230357566,13.644197921947073,1.3804373517176405,-1.5220083917176406
2013-02-09,1.1663818,-11.313750201273642,-0.08793596760602493,0.5406387837726347,-1.7567265787797044,13.646025264783237,1.0282513008965015,0.1381304991034984
2013-02-10,2.1137085,-11.267280307127503,-0.4068511201218866,0.594526237065925,-1.54122453491346,13.647848461785097,1.0270187366881718,1.0866897633118282
2013-02-11,1.1491089,-11.217504422260038,-0.7151022490640998,0.6476234068838402,-1.1333246491061404,13.64963915337913,1.2313312398326914,-0.08222233983269134
2013-02-12,1.8572693,-11.164398588965408,-1.0108326565465158,0.6998905262255768,-0.6857935127519492,13.651417040329846,1.4902828082915498,0.3669864917084502
2013-02-13,3.4876099,-11.107976930240385,-1.292392144086742,0.7512620993325516,-0.3101326496798429,13.653183279614849,1.6939436549404299,1.79366624505957
2013-02-14,3.059204,-11.048270243791233,-1.556272283649678,0.8016630971809772,-0.05241811612641471,13.65493104472243,1.7996334983360818,1.259570501663918
2013-02-15,1.9128418,-10.985293877758595,-1.7962240964658565,0.851031170075236,0.1021822958533053,13.656661691891344,1.8283571835954344,0.08448461640456562
2013-02-16,-1.0291748,-10.919024364624288,-2.004617179693224,0.8993354992260136,0.19561321704591295,13.658396527490881,1.8297036994452966,-2.8588784994452965
2013-02-17,0.9879761,-10.849444667354668,-2.1744704079981565,0.9465417005716766,0.253145220996476,13.660154294208315,1.835926140423643,-0.8479500404236431
2013-02-18,3.7210388,-10.776677947155829,-2.302009785887146,0.9925246728089393,0.2525276286363198,13.661884058400846,1.8282486268031306,1.8927901731968695
2013-02-19,1.1102905,-10.700816415746422,-2.3857183083219,1.0371836247180553,0.134870204777846,13.663550813743658,1.7490699191712373,-0.6387794191712373
2013-02-20,0.303833,-10.62177316263089,-2.423911498517631,1.0805388001623681,-0.14970242828151037,13.665209683619427,1.5503613943517642,-1.2465283943517642
2013-02-21,0.5300293,-10.539489012697928,-2.4144642558335785,1.1225979361471583,-0.5927309019536692,13.666902221288549,1.2428159869505322,-0.7127866869505322
2013-02-22,1.5265503,-10.454005942236073,-2.353994282809062,1.1633043344208573,-1.095876801439628,13.668619715137753,0.928047023073848,0.598503276926152
2013-02-23,1.6937561,-10.36533976086545,-2.2379246803840487,1.2026180467884893,-1.4851845519837377,13.67036708506413,0.7845361386193836,0.9092199613806164
2013-02-24,0.2739563,-10.273503062510898,-2.0619464240235263,1.2405038197262686,-1.577162619614547,13.672151322954537,1.0000430365318351,-0.7260867365318351
2013-02-25,0.3034973,-10.178513677818039,-1.8245633126731475,1.276925151380586,-1.2739193079498283,13.673977426966976,1.6739062799065483,-1.3704089799065482
2013-02-26,2.299347,-10.080412574596693,-1.5299398812331988,1.311831307168771,-0.63927348156376,13.675839400163541,2.7380447699386607,-0.4386977699386607
2013-02-27,4.061615,-9.979283533734332,-1.1888620380037738,1.3451453531379725,0.09728641308199089,13.677710267687385,3.9519964621692427,0.10961853783075703
2013-02-28,6.7009583,-9.875150392388917,-0.8169519286784965,1.376833033183484,0.6279421147611199,13.679593484358717,4.992266311235907,1.7086919887640928
2013-03-01,10.381439,-9.768124838328433,-0.43214965488608736,1.406805070990385,0.7104697155177896,13.681449054151306,5.59844934744496,4.78298965255504
2013-03-02,3.738556,-9.658350593726736,-0.051125166408731326,1.4349531492597591,0.30417871435335514,13.683221274062971,5.712877377540618,-1.974321377540618
2013-03-03,4.2614136,-9.545687408376988,0.31541379167423284,1.461356975006403,-0.3738331260784144,13.684996891507698,5.542247123732931,-1.2808335237329311
2013-03-04,3.599762,-9.430196271414335,0.6601556671058479,1.4859696580132624,-0.9342971211482106,13.6867622967291,5.468394229285664,-1.868632229285664
2013-03-05,5.233368,-9.311895322005874,0.9793755741746748,1.5087719372266042,-0.9902548930348422,13.68852598738258,5.874523283743143,-0.6411552837431431
2013-03-06,8.106903,-9.190840116055519,1.2701164908929379,1.529724048423978,-0.3579899669981142,13.690278119035506,6.941288575298789,1.1656144247012117
2013-03-07,9.839996,-9.067133567079573,1.5282794238363002,1.5487511403142151,0.8226489331944606,13.691985616893925,8.524531547159327,1.315464452840672
2013-03-08,12.353912,-8.940881612076478,1.7482888812206012,1.5657746191815631,2.1170570779745113,13.693614233229866,10.183853199530063,2.1700588004699366
2013-03-09,11.641571,-8.81220980838976,1.9237998205686109,1.5807102402116313,2.9713361161384273,13.695120167637558,11.358756536166469,0.2828144638335317
2013-03-10,10.648682,-8.681159243471981,2.0505902806144642,1.5935378041517114,2.9649968861585623,13.696502083310289,11.624467810763047,-0.9757858107630462
2013-03-11,5.554413,-8.547802041389783,2.128375054386139,1.604223713222554,2.0184667283081166,13.697743331985842,10.901006786512868,-5.346593786512868
2013-03-12,8.900818,-8.411987069285182,2.1629959357767494,1.6128872460062569,0.45901713082192414,13.6989392306146,9.521852473934349,-0.6210344739343494
2013-03-13,13.179443,-8.273782113117843,2.163332353598396,1.6195112727828793,-1.10651984861162,13.700075913312117,8.10261757796393,5.07682542203607
2013-03-14,4.1207275,-8.133317244063262,2.1401840908639804,1.6240421622316359,-2.042992769327454,13.70110880923904,7.28902504894394,-3.16829754894394
2013-03-15,6.3655396,-7.990438381406241,2.1053194536026476,1.6266129186324667,-1.9570041139461887,13.702135881932719,7.4866257588154035,-1.1210861588154035
2013-03-16,9.205414,-7.845253293050076,2.063888281772096,1.6271842034240116,-0.8828963630847938,13.703124230531255,8.666047059592493,0.5393669404075059
2013-03-17,9.963989,-7.697810263832459,2.014962141773,1.625756011015193,0.7372224967868375,13.70407105983663,10.384201445579203,-0.4202124455792031
2013-03-18,15.2378235,-7.548147143710286,1.952824636094198,1.6223363093804775,2.248919927301726,13.70497915329342,11.980912882359537,3.2569106176404627
2013-03-19,15.471252,-7.396382404066363,1.8688731179271698,1.6168813143678187,3.063931331814086,13.705811227860444,12.859114587903157,2.6121374120968426
2013-03-20,12.68045,-7.242686743711225,1.7569734414035134,1.6093179696430755,2.9049978341060996,13.706504184959314,12.735106686400778,-0.05465668640077759
2013-03-21,7.92276,-7.087040566801395,1.6168047581317246,1.5997033453276286,1.897371267808578,13.707090444458215,11.73392924892475,-3.8111692489247506
2013-03-22,11.189423,-6.929361720957724,1.4545803861644881,1.5881431747300019,0.4777472407713647,13.707633963882943,10.298743044591074,0.8906799554089257
2013-03-23,10.043793,-6.7697406369281,1.279942366284041,1.5746318273639024,-0.8271115204836219,13.708112522563912,8.965834558800134,1.0779584411998666
2013-03-24,8.716644,-6.60818360714798,1.1052976305833078,1.5592196448863829,-1.6250488765318063,13.708546248367162,8.139831040157066,0.5768129598429343
2013-03-25,6.9871826,-6.444662164146492,0.9420889121878575,1.5419855220034542,-1.8011124390629087,13.708973023413975,7.947272854395886,-0.9600902543958867
2013-03-26,6.3638916,-6.279155182035968,0.7980556488523362,1.5230076912268773,-1.5171958871748286,13.709427300443366,8.234139571311783,-1.870247971311783
2013-03-27,7.11499,-6.111703537776192,0.675979798574436,1.5023275472538882,-1.085768965954294,13.709912673372106,8.690747515469944,-1.5757575154699444
2013-03-28,12.398712,-5.942429263518331,0.5746365806458472,1.4799298833290495,-0.789406306546528,13.710392503006995,9.03312339691703,3.365588603082969
2013-03-29,12.147583,-5.771459782348327,0.49078773337651316,1.4557958866463947,-0.7394281689948166,13.71082777953428,9.146523448214046,3.0010595517859535
2013-03-30,6.7180786,-5.598781388500139,0.42304927052144775,1.4300090845221565,-0.8332219429981083,13.711250329341222,9.13230535288658,-2.414226752886579
2013-03-31,6.843872,-5.424246073712988,0.37245764311002155,1.4027412658334133,-0.8337508648593236,13.711759528652443,9.228961499023567,-2.385089499023567
2013-04-01,9.231079,-5.247974226759194,0.33917989590459346,1.373985902274434,-0.5225647584286779,13.712320655690478,9.654947468681634,-0.4238684686816345
2013-04-02,9.866516,-5.070161576722471,0.32138364194339225,1.343686972117389,0.16780726399268953,13.712861548835209,10.475577850166209,-0.6090618501662082
2013-04-03,10.290344,-4.890828239346494,0.31468307507837096,1.3119069716215999,1.0991904473175442,13.713398116030099,11.548350370701119,-1.2580063707011195
2013-04-04,13.554291,-4.710009201939658,0.31117481383706014,1.2786979388882578,1.9674059764435428,13.713939146832091,12.561208674061294,0.9930823259387047
2013-04-05,14.003418,-4.527879652687822,0.3001069834089659,1.2440202531171298,2.4197502720333053,13.714423522197892,13.15042137806947,0.8529966219305294
2013-04-06,14.808014,-4.344551495664403,0.271969711224288,1.2078780358181238,2.205900858999047,13.714821890034047,13.056019000411103,1.7519949995888968
2013-04-07,12.440857,-4.160196131320093,0.2212142934192166,1.170240219299329,1.291722692296147,13.715075161333862,12.238056235028463,0.20280076497153665
2013-04-08,10.972595,-3.9747577830047467,0.14929568968582596,1.1312341193998807,-0.10091073365162467,13.715238027215609,10.920099319644944,0.05249568035505625
2013-04-09,12.83963,-3.7881648920932056,0.06347291925423494,1.0910067460815314,-1.553403531018139,13.715373172573067,9.528284414797488,3.3113455852025115
2013-04-10,8.818237,-3.6004469719392462,-0.026430623270807883,1.0496384273508852,-2.5854710885239216,13.715492890854462,8.55278263447137,0.26545436552862967
2013-04-11,5.5791626,-3.4115297707206302,-0.11048700966150073,1.0072744197460413,-2.81782847378127,13.715661658081377,8.383090823664016,-2.803928223664016
2013-04-12,8.25235,-3.2214073158086376,-0.18375069933409327,0.9640144465227543,-2.1219476724992767,13.715910028574038,9.152818787454786,-0.9004687874547859
2013-04-13,8.641418,-3.030183102070011,-0.2490539979363802,0.9198802803387974,-0.6920620616441546,13.716214135812988,10.66479525450124,-2.0233772545012396
2013-04-14,13.764313,-2.837908059957793,-0.31458602928789303,0.8749221378718464,1.0025037657444988,13.716576652530694,12.441508466901354,1.3228045330986458
2013-04-15,12.818848,-2.6449132898186685,-0.3914129607298357,0.8290126696523901,2.3671934526013194,13.716860051979756,13.876739923684962,-1.0578919236849629
2013-04-16,13.254578,-2.4511366797031835,-0.48609523510701247,0.7822873938196391,2.902360353670189,13.717123675433978,14.46453950811361,-1.2099615081136097
2013-04-17,16.554962,-2.256607529591193,-0.5990321401088844,0.7348257097525122,2.3918344761328583,13.717381202398832,13.988401718584125,2.5665602814158746
2013-04-18,16.413116,-2.0614921510936997,-0.724079966362773,0.6866201179616026,0.9969926523258176,13.717577753225273,12.615618406056221,3.7974975939437776
2013-04-19,9.466461,-1.8658812896127086,-0.8495151269936048,0.6377133353711888,-0.7888279138962384,13.717696382976767,10.851185387845405,-1.384724387845404
2013-04-20,6.3129883,-1.6696460896657346,-0.961736121749015,0.5882935382072362,-2.3244677553773303,13.717830102698343,9.350273674113499,-3.037285374113499
2013-04-21,5.355011,-1.4727583730363816,-1.0519970820756304,0.538483615261846,-3.07944934769634,13.718021631929526,8.65230044438302,-3.2972894443830194
2013-04-22,8.417175,-1.2752256187067519,-1.1189075955144365,0.4883813486010051,-2.843866761932318,13.718295989462597,8.968677361910096,-0.5515023619100958
2013-04-23,12.368744,-1.0771868190223706,-1.1681990454041422,0.4379991452369807,-1.802076045899549,13.71861245448375,10.10914968939467,2.25959431060533
2013-04-24,13.906799,-0.8787787318715148,-1.2084879400360458,0.3873476196456849,-0.4329978820163658,13.718931572473526,11.586014638195284,2.3207843618047157
2013-04-25,14.712738,-0.6800598903065949,-1.246008451238415,0.33648789851437255,0.7124796568467917,13.719253123114486,12.84215233693064,1.8705856630693596
2013-04-26,13.033417,-0.48109677206359847,-1.2815827366435442,0.2854780456929273,1.2485921361620886,13.719572966704526,13.4909636398524,-0.4575466398523993
2013-04-27,11.682648,-0.2818964191610157,-1.3097048173303962,0.23441648457056785,1.1001269667696036,13.719916803135426,13.462859017984186,-1.7802110179841861
2013-04-28,12.333801,-0.0824871757912066,-1.321393456115019,0.18338874696376717,0.48986510002925976,13.720299699107475,12.989672914194276,-0.655871914194277
2013-04-29,14.969696,0.11709833700633938,-1.3084334378072613,0.13247460795543714,-0.21273232101349465,13.720734630621873,12.449141816762893,2.520554183237108
2013-04-30,15.360016,0.316734009168741,-1.2670302229804131,0.0816876987438254,-0.695362659214325,13.721187966175327,12.157216791893156,3.2027992081068444
2013-05-01,10.791351,0.5163480876856015,-1.1982807578149282,0.031078329948654178,-0.8488213537987738,13.721653216136561,12.221977522157115,-1.4306265221571142
2013-05-02,9.806671,0.7160420791718275,-1.1063113311231967,-0.01919086902712619,-0.7856769742846212,13.722210714705886,12.527073619442769,-2.720402619442769
2013-05-03,10.355591,0.915760353489169,-0.9968701222104793,-0.0690605478541114,-0.7341845652374873,13.722862165898851,12.838507284085942,-2.482916284085942
2013-05-04,11.952667,1.115456812417273,-0.8734571427519299,-0.11846521058630217,-0.8632855518112968,13.72361394934151,12.983862856609255,-1.031195856609255
2013-05-05,13.986206,1.3149796467512591,-0.735718458673116,-0.16741121134712464,-1.1504486754912915,13.724419622046724,12.985820923286452,1.0003850767135472
2013-05-06,16.045746,1.514225528095051,-0.5800938071961628,-0.21587867968315483,-1.371637166980238,13.725257126628986,13.07187300086448,2.973872999135521
2013-05-07,11.226471,1.7129857779261388,-0.4032639058740078,-0.26391676530291414,-1.2267540094566032,13.72605170477109,13.545102802063703,-2.3186318020637025
2013-05-08,13.695282,1.9113883812378183,-0.20465689436724627,-0.31135201300963294,-0.5295783352911364,13.726896949013867,14.592698087583669,-0.8974160875836681
2013-05-09,17.441101,2.109368499913254,0.00799213203187955,-0.3581387952434826,0.6337861850030768,13.727789876268245,16.120797897972974,1.320303102027026
2013-05-10,20.007202,2.3067153220545746,0.22015557558170795,-0.40433103667332254,1.8975649106652446,13.728654374105082,17.74875914573329,2.258442854266711
2013-05-11,17.641327,2.503266473918626,0.41530793028816015,-0.4499494885109624,2.7673614275499574,13.729438529404797,18.96542487265058,-1.3240978726505794
2013-05-12,18.022552,2.699050754143271,0.5810303838017511,-0.4948861962233824,2.8568227328251825,13.730185977156257,19.372203651703078,-1.349651651703077
2013-05-13,17.721863,2.89398725952079,0.7116496465756253,-0.5391028890552493,2.082711875574526,13.730885355279332,18.880131247895022,-1.1582682478950233
2013-05-14,19.46167,3.0880620651351167,0.8102366378180818,-0.5825184834761115,0.7269000674979378,13.731558683258095,17.77423897023312,1.6874310297668806
2013-05-15,17.864655,3.281237510373093,0.8858537146070725,-0.6250699365615895,-0.6798815097882833,13.732216005979556,16.59435578460985,1.2702992153901498
2013-05-16,16.463654,3.4734412024291084,0.9492988785591566,-0.6667186815591366,-1.5930069589997087,13.732849824477706,15.895864264907125,0.5677897350928731
2013-05-17,16.395844,3.6646967399444073,1.0074146169927816,-0.707367588599976,-1.6984908588965273,13.733500410312104,15.999753319752788,0.3960906802472124
2013-05-18,17.69516,3.8549446091306034,1.059407551515903,-0.7469802036206058,-1.0430549376990628,13.734166356410265,16.8584833757371,0.8366766242628998
2013-05-19,17.563934,4.044034181198125,1.0972942513748802,-0.7855804418723655,0.011431480276966447,13.734800526937729,18.101979997915336,-0.5380459979153365
2013-05-20,17.65503,4.231980294075238,1.1103539218996379,-0.823085502292555,0.9789132539065533,13.735438478042399,19.233600445631275,-1.578570445631275
2013-05-21,20.731659,4.418731106014528,1.089548823033994,-0.8594588877991136,1.4796087923767056,13.736082199712886,19.864512033339,0.8671469666610001
2013-05-22,19.050812,4.604060726789651,1.0311866447772824,-0.8947808157022712,1.3985620527241536,13.736646362724194,19.87567497131301,-0.82486297131301
2013-05-23,18.319824,4.787937809016537,0.9401630497355986,-0.9290029669342065,0.9059931969502263,13.737142875350223,19.44223396411838,-1.1224099641183791
2013-05-24,19.059845,4.970383724578809,0.8270658453200581,-0.9620383410454452,0.3289095149393858,13.737609686484426,18.901930430277233,0.15791456972276663
2013-05-25,17.004517,5.151385500638721,0.7037096776815813,-0.9938258836880617,-0.039449571251138044,13.738067322463994,18.559887045845095,-1.5553700458450948
2013-05-26,19.058685,5.330953547830772,0.579503929839778,-1.0242896311104372,-0.08669643420802087,13.738547828217394,18.538019240569486,0.5206657594305142
2013-05-27,19.078033,5.508967101296169,0.4579912677677128,-1.053442170638386,0.08164512257891976,13.739017386020937,18.73417870702535,0.3438542929746511
2013-05-28,19.1445,5.685398764189726,0.33873131608814266,-1.0812392660853891,0.23468184203441766,13.739488759533142,18.91706141576004,0.22743858423996244
2013-05-29,18.86731,5.86016750409207,0.21970416084234773,-1.1076726759973121,0.16663207652598513,13.739947645525996,18.87877871098909,-0.011468710989088748
2013-05-30,19.610107,6.033234853443155,0.10096183123956881,-1.1327069022018375,-0.17688912969664156,13.740400668135408,18.565001320919652,1.045105679080347
2013-05-31,19.007477,6.204551423366949,-0.01350986193568859,-1.156317101748093,-0.6671718215624078,13.740848785277796,18.108401423398554,0.8990755766014473
2013-06-01,18.185242,6.374092642478049,-0.1157543792741104,-1.1784637288019386,-1.0647709084528276,13.741305045159287,17.75640867110846,0.4288333288915389
2013-06-02,16.08429,6.541858443741241,-0.19666479179398585,-1.1990911126671304,-1.1544528483060204,13.741794518591918,17.733444209566024,-1.6491542095660243
2013-06-03,18.347748,6.707875632389232,-0.2498198290952635,-1.2181311660444243,-0.8655368903614962,13.742355544339237,18.116743291227287,0.23100470877271206
2013-06-04,20.275269,6.871983779494752,-0.27555179024061693,-1.2356438330389716,-0.31455121680297,13.742932500682432,18.789169440094625,1.4860995599053766
2013-06-05,20.271606,7.034092033925706,-0.2802052090988533,-1.2516493652467737,0.2591122376579455,13.743504371715323,19.50485406895335,0.7667519310466488
2013-06-06,19.467255,7.194106891071259,-0.2736178980861824,-1.266173647328341,0.6188812350562333,13.744048552898844,20.017245133611812,-0.5499901336118107
2013-06-07,18.248108,7.351963027658783,-0.2653233723979215,-1.2792242473776962,0.6496754332598424,13.744556330325747,20.201647171468753,-1.9535391714687549
2013-06-08,19.559296,7.507662777110605,-0.26109706615165273,-1.2907629935433165,0.4090047645043298,13.745052396966804,20.10985987888677,-0.5505638788867699
2013-06-09,21.919586,7.661190368513054,-0.26192451766067165,-1.300767465997462,0.0874576208032145,13.745552062399023,19.93150806805716,1.9880779319428399
2013-06-10,19.830322,7.81239835253674,-0.26487418981249744,-1.3093002427752092,-0.09257868155403497,13.746004489410053,19.891649727805053,-0.06132772780505391
2013-06-11,19.993011,7.961345901913843,-0.264889537291856,-1.3162890699578087,0.014519765480688965,13.746461878795417,20.141148938940283,-0.14813793894028393
2013-06-12,19.815247,8.107941827121651,-0.25991917913251705,-1.3217625261703456,0.4067456878917334,13.746900705326548,20.679906515037068,-0.8646595150370686
2013-06-13,19.60852,8.252095947066714,-0.2526181899039972,-1.3257521233130398,0.9431626045859363,13.747297684520445,21.364185922956057,-1.7556659229560587
2013-06-14,21.6745,8.39381475010639,-0.25002640320570113,-1.3282269826404636,1.4150339844312652,13.747677590587127,21.978272939278618,-0.3037729392786197
2013-06-15,22.969604,8.533004296470274,-0.2617580663272355,-1.3292227365296623,1.6383308540764958,13.74801443841462,22.32836878610449,0.6412352138955093
2013-06-16,20.943085,8.66960619349044,-0.29565307612499103,-1.328755161382313,1.5284828682567009,13.748299651631433,22.32198047587127,-1.3788954758712713
2013-06-17,23.014374,8.803649813043057,-0.35409369098993426,-1.326783212457165,1.124162086974544,13.748568135612132,21.995503132182634,1.0188708678173661
2013-06-18,23.487244,8.935077349626155,-0.4339689226204247,-1.3233264821026527,0.5532448432858063,13.748810812570511,21.479837600759396,2.0074063992406046
2013-06-19,23.148132,9.063821643497441,-0.526746078319207,-1.3184154127058831,-0.025102525088597616,13.749013620591874,20.94257124797563,2.205560752024372
2013-06-20,19.639526,9.18986810972217,-0.621325625109856,-1.3120440084824503,-0.48193489672978634,13.749188242024324,20.5237518214244,-0.8842258214244012
2013-06-21,19.266235,9.313324761555032,-0.7070381279670954,-1.3041288735511256,-0.755682863524057,13.7494073652546,20.295882261767353,-1.0296472617673516
2013-06-22,20.17807,9.434123028053902,-0.7774972142764555,-1.2947069217864873,-0.8613033735748947,13.749654988281424,20.25027050669749,-0.07220050669748801
2013-06-23,20.673035,9.55213705361821,-0.8306617667330642,-1.2838567589503411,-0.8666441427605687,13.749886145655449,20.320860530829684,0.3521744691703148
2013-06-24,20.943298,9.667344379403172,-0.8669137696044884,-1.271592004845703,-0.8559152799719766,13.750107234527782,20.423030559508785,0.5202674404912138
2013-06-25,21.181274,9.7796714419486,-0.8869553242378201,-1.2579602146517628,-0.8979390516756313,13.750298597709534,20.48711544909292,0.6941585509070798
2013-06-26,19.071503,9.889053680653742,-0.8896968444916535,-1.2430028371357622,-1.0254842465426919,13.750444615152693,20.481314367636326,-1.4098113676363262
2013-06-27,19.728943,9.99555251779719,-0.870996352227448,-1.2266774397486815,-1.2265830376446647,13.75059221957354,20.421887907749937,-0.6929449077499363
2013-06-28,19.561432,10.099132761502723,-0.825614541558108,-1.2090072663819116,-1.451946012634896,13.750739582451375,20.36330452337918,-0.8018725233791812
2013-06-29,20.764526,10.199776697511766,-0.7485585369076722,-1.1900082878760043,-1.626780571805006,13.750893158274186,20.38532245919727,0.379203540802731
2013-06-30,21.163452,10.297449658345588,-0.6375126848716391,-1.1697102792015666,-1.672732261890517,13.751050474796735,20.568544907178598,0.5949070928214013
2013-07-01,20.577637,10.392104461766507,-0.4938521147293589,-1.14815634416993,-1.5324810600351495,13.751202573268769,20.968817516100838,-0.3911805161008388
2013-07-02,21.275513,10.483722316426,-0.32268394342669465,-1.1253742003492029,-1.192836607351196,13.751354290356256,21.59418185565516,-0.31866885565516156
2013-07-03,21.492004,10.572289687135527,-0.13207587471214083,-1.1013891357628094,-0.6954707634270597,13.751512559296525,22.39486647253004,-0.9028624725300389
2013-07-04,23.54834,10.65776386471255,0.06889006829422359,-1.0762480719695469,-0.12444839773696482,13.751669220945278,23.27762668424554,0.27071331575445967
2013-07-05,23.981903,10.740068767669822,0.27143006567092726,-1.05002278287541,0.42416659756151687,13.751798975533225,24.13744162356008,-0.15553862356007997
2013-07-06,25.44693,10.819167308827979,0.4684074759325055,-1.0227607921545885,0.8812332163472674,13.751895477251887,24.89794268620505,0.5489873137949495
2013-07-07,26.41043,10.895020738806743,0.6535890376786943,-0.9945136676968842,1.2269960758487772,13.751951157725342,25.533043342362674,0.8773866576373273
2013-07-08,26.471344,10.967544564783811,0.8208519847714082,-0.9653610543850357,1.4885701705654737,13.751934974164547,26.063540639900204,0.4078033600997948
2013-07-09,26.707764,11.036740190769258,0.9634797116625898,-0.9353233406629808,1.7093891898023665,13.75185828090305,26.526144032474285,0.18161996752571596
2013-07-10,27.22232,11.102598660769948,1.073470882611969,-0.9044261869690382,1.9049241510527433,13.751726699604543,26.928294207070167,0.29402579292983333
2013-07-11,27.728302,11.165094921079064,1.1421517193784023,-0.8727082421511962,2.0332370393459085,13.751537334265533,27.219312771917714,0.5089892280822852
2013-07-12,27.94757,11.224251156655107,1.1619873112867947,-0.8401784571011892,2.002112945723086,13.751310466520984,27.299483423084784,0.6480865769152153
2013-07-13,26.385284,11.280026174427167,1.128552154182922,-0.806886463083417,1.714176506941931,13.751034156451713,27.066902528920316,-0.6816185289203176
2013-07-14,25.90976,11.332436759525867,1.04263117904195,-0.7728471150935105,1.1306144902435846,13.750725046093644,26.483560359811534,-0.5738003598115355
2013-07-15,26.089478,11.38152319095589,0.9104072495415542,-0.7380591135515202,0.31596798948971166,13.750410933052315,25.620250249487952,0.46922775051204724
2013-07-16,23.075684,11.427255407941214,0.7425383637259896,-0.7025660918447766,-0.5626071975424972,13.75008380962634,24.65470429190627,-1.5790202919062715
2013-07-17,22.590881,11.469739856644148,0.5528825689147986,-0.6663251875004867,-1.288144113325729,13.749803508998584,23.817956633731313,-1.2270756337313138
2013-07-18,24.476807,11.508973903212848,0.35454240540341037,-0.6293689348721032,-1.6845426819540736,13.749574790143189,23.299179481933272,1.1776275180667284
2013-07-19,23.509369,11.544839149924147,0.1573743722452146,-0.5918142343294519,-1.6935931474502226,13.749344178965737,23.166150319355424,0.3432186806445756
2013-07-20,21.984894,11.577318009941141,-0.03229926697348081,-0.5537182892589207,-1.3981100429762958,13.749108298678108,23.34229870941055,-1.3574047094105488
2013-07-21,23.152191,11.606376426005928,-0.2121311754845105,-0.5151457411942787,-0.9835423276190425,13.748854912107793,23.64441209381589,-0.49222109381589263
2013-07-22,24.508453,11.63197210195026,-0.3826953174490366,-0.4761616382809233,-0.6508151393211657,13.748566992114661,23.8708669990138,0.6375860009862002
2013-07-23,25.287079,11.654123002155352,-0.5447859721290842,-0.43679350822903085,-0.5215014262198336,13.748257295130756,23.89929939070816,1.3877796092918402
2013-07-24,23.049072,11.672838425476176,-0.6974419245180844,-0.39707265604803843,-0.5874937521080187,13.747933694991628,23.738763787793662,-0.689691787793663
2013-07-25,23.841309,11.688232017156071,-0.8365011252079706,-0.3569628819911402,-0.7285200910088974,13.74765583122153,23.513903750169593,0.32740524983040586
2013-07-26,24.334137,11.700286453359624,-0.9562209077028327,-0.3165147616168058,-0.7918667649274489,13.747417321226452,23.38310134033899,0.9510356596610094
2013-07-27,23.092896,11.709004858779501,-1.0499972105751976,-0.2757656450538658,-0.6814412608913921,13.747221466745538,23.449022209004582,-0.35612620900458225
2013-07-28,24.284882,11.714407771986895,-1.1118762855619384,-0.2347425625516917,-0.4129712086781533,13.747079690565362,23.701897405760477,0.5829845942395231
2013-07-29,22.832764,11.716399435910422,-1.1384804799786759,-0.19355249350396847,-0.10672413731940678,13.746944775629029,24.0245871007374,-1.1918231007373983
2013-07-30,25.366547,11.715038667259092,-1.128058713336339,-0.15220637539947246,0.0841079986243238,13.746846515849326,24.26572809299693,1.1008189070030703
2013-07-31,24.976654,11.710256715969706,-1.081043952536805,-0.11079842182172614,0.059579187820682104,13.74675044400795,24.32474397343981,0.6519100265601914
2013-08-01,24.01471,11.702072601647005,-0.99761204940064,-0.06936451524620807,-0.16143278213209403,13.74666550647483,24.22032876134289,-0.20561876134289037
2013-08-02,23.796783,11.690534100307655,-0.8773250075971216,-0.027920412314372044,-0.4420693257395879,13.746614566749466,24.08983392140604,-0.2930509214060386
2013-08-03,23.130829,11.675671314522692,-0.7197529351986408,0.013506821887107986,-0.5907028213756655,13.746611103812102,24.125333483647594,-0.9945044836475958
2013-08-04,24.644135,11.657500009674099,-0.5257656085162886,0.05487885541712401,-0.45334643292346893,13.746660899601126,24.479927723252594,0.16420727674740476
2013-08-05,25.637054,11.63597617248942,-0.29987987152908113,0.09611368751907383,0.008384352673395944,13.74673941930131,25.187333760454116,0.4497202395458828
2013-08-06,24.982391,11.61108945114734,-0.05095208697945038,0.137149035047849,0.6956550466469209,13.746838543775445,26.139779989638104,-1.157388989638104
2013-08-07,26.453918,11.582845292086677,0.20807669393195655,0.1779339961494531,1.4100651059205596,13.746957461146888,27.125878549235537,-0.6719605492355356
2013-08-08,27.009613,11.55119773491975,0.4614835079505183,0.21838230208625126,1.9290942105505704,13.747069307134504,27.907227062641596,-0.897614062641594
2013-08-09,27.800232,11.516082909037456,0.6944111519844264,0.2583987536078617,2.0894536217282162,13.747137683200158,28.305484119558116,-0.505252119558115
2013-08-10,29.347748,11.477461072602196,0.8961038059413688,0.2979061086546484,1.840676194627009,13.74713774633923,28.259284928164455,1.0884630718355446
2013-08-11,29.064758,11.43534808430272,1.0620387211047755,0.33686578822001223,1.2555836116749455,13.747071952695789,27.83690815799824,1.2278498420017598
2013-08-12,28.0177,11.389783420811586,1.1941136564703054,0.37525756107981434,0.5015024553815794,13.746953984944986,27.207611078688274,0.8100889213117277
2013-08-13,26.297363,11.340767719747232,1.298136443481823,0.4130360152532543,-0.21388608611245113,13.74677758799665,26.58483168036651,-0.2874686803665085
2013-08-14,26.49237,11.288421167130384,1.3804776479833087,0.45023262567571365,-0.7010118799535615,13.746595782565558,26.164715343401404,0.3276546565985967
2013-08-15,26.67743,11.23271957579107,1.4439702095720721,0.4867863462093018,-0.8402834170904482,13.746388750812919,26.069581465294913,0.6078485347050879
2013-08-16,26.66452,11.173709846044732,1.4868922073625384,0.5226810846286482,-0.6132280272570165,13.746171846617434,26.31622695739634,0.348293042603661
2013-08-17,26.461945,11.111418435895818,1.5036713891271922,0.5578849534465609,-0.11176483834582278,13.7459497151753,26.807159655299046,-0.3452146552990456
2013-08-18,27.032227,11.045857452533387,1.4877899401934493,0.5923532166834675,0.481349459060707,13.745719411254608,27.35306947972562,-0.32084247972561997
2013-08-19,27.279266,10.977006478676788,1.4351985102615596,0.6260207478198343,0.9414967462109795,13.745461222834008,27.72518370580317,-0.4459177058031685
2013-08-20,27.457794,10.90489773895088,1.347248563896193,0.6588600011709449,1.0746388748607174,13.745181229835666,27.7308264087144,-0.2730324087143998
2013-08-21,26.41858,10.829564991798318,1.2310636237079966,0.6908488976383266,0.7899758441585514,13.7448856202195,27.286338977522693,-0.8677589775226942
2013-08-22,26.471344,10.751069507960128,1.0978158124460695,0.7219838802012911,0.1448965499723689,13.744593816732495,26.460359567312352,0.010984432687646262
2013-08-23,26.795319,10.669437640972475,0.9590299508596372,0.7522362595081411,-0.6644264662811143,13.744307425522443,25.460584810581583,1.3347341894184162
2013-08-24,26.14038,10.584661172039887,0.8234972843301283,0.7815535288413016,-1.369334735729372,13.744010399483479,24.564387648965425,1.575992351034575
2013-08-25,21.892914,10.496770779129537,0.695758745730484,0.8099084358653403,-1.731320258066198,13.743705752345798,24.01482345500496,-2.1219094550049604
2013-08-26,23.483307,10.405907731644334,0.5767808869018588,0.83734613739887,-1.6367623221272567,13.74345141028972,23.926723844107524,-0.44341684410752435
2013-08-27,22.730713,10.312023739586108,0.4641709398719323,0.8637893395977048,-1.143862351802804,13.743209889325046,24.239331556577987,-1.5086185565779857
2013-08-28,24.031952,10.215124233495285,0.35629696318252246,0.889195064947554,-0.4438732610660869,13.742970115395174,24.759713115954447,-0.727761115954447
2013-08-29,24.588165,10.115193513913677,0.2533619090062032,0.9135067650187795,0.2303369183107231,13.742709933490575,25.255109039739956,-0.6669440397399562
2013-08-30,27.669617,10.012267425178262,0.15798892987099966,0.9366995767841061,0.7098928238314354,13.74243262474401,25.559281380408812,2.1103356195911864
2013-08-31,27.391113,9.906287424307344,0.07308132127055131,0.9586871240925361,0.9489899008515092,13.742093749380043,25.629139519901983,1.7619734800980176
2013-09-01,26.437744,9.797291691533491,0.0008796492035308759,0.9794495357694777,1.0153367874645522,13.741696808630344,25.534654472601396,0.9030895273986026
2013-09-02,25.5531,9.685288285852018,-0.059096048495656514,0.9989518604569002,1.0137179825674332,13.741229807175142,25.380091887555835,0.17300811244416536
2013-09-03,25.353516,9.57036161063883,-0.11007895302684792,1.0172125099386253,0.9982530600517915,13.740718375993467,25.216466603595865,0.13704939640413372
2013-09-04,24.839355,9.452542759985182,-0.15645722398444506,1.0342162527198924,0.9312899848222643,13.740161014952744,25.001752788495637,-0.16239778849563535
2013-09-05,24.114532,9.331917380119602,-0.2007308245622113,1.0499811131059613,0.7183106887675585,13.739583233230057,24.63906159066097,-0.5245295906609684
2013-09-06,22.731659,9.208588757548688,-0.2416115296918328,1.0645397710951865,0.29615184538907197,13.739018828955468,24.06668767329658,-1.3350286732965806
2013-09-07,23.959106,9.082619701498919,-0.274037424053639,1.0779011281068653,-0.28232103365568656,13.738480874353787,23.342643246250248,0.6164627537497509
2013-09-08,23.058258,8.953933324090112,-0.29190980077147,1.089980272039325,-0.8295300018655063,13.737912229264976,22.660386022757436,0.39787197724256274
2013-09-09,21.315277,8.822600498275875,-0.2903114593188809,1.1007887044168645,-1.0900181302982124,13.73732935826996,22.28038897134561,-0.9651119713456104
2013-09-10,22.157104,8.688730809423895,-0.26913694090227597,1.110366476241999,-0.8753792125244947,13.736767672017766,22.39134880425689,-0.23424480425688898
2013-09-11,22.232086,8.552336357040137,-0.2352738900125434,1.1186895087192519,-0.19148108762832466,13.736213495522298,22.980484383640817,-0.7483983836408186
2013-09-12,24.339996,8.413429621628843,-0.2006523363018455,1.1257319543061435,0.7250838432820923,13.735653028342236,23.79924611125747,0.5407498887425284
2013-09-13,24.464722,8.271988522963735,-0.17895166575586122,1.1314465654779622,1.4893090904929007,13.735054768737351,24.448847281916088,0.01587471808391072
2013-09-14,25.16214,8.128065722027644,-0.18036130827556854,1.1358362278540128,1.742882088142656,13.734424205395397,24.56084693514414,0.6012930648558594
2013-09-15,24.706451,7.981674235641034,-0.20868198679924435,1.1388820855321797,1.3298597055491663,13.73374649540331,23.975480535326447,0.730970464673554
2013-09-16,22.10971,7.832874750979343,-0.2601993189762894,1.1405998453234365,0.38408416132427925,13.733030282872509,22.83038972152328,-0.720679721523279
2013-09-17,19.779755,7.681812766316486,-0.3255728557424156,1.1410626730496323,-0.7241865385304149,13.732326326701974,21.50544237179526,-1.72568737179526
2013-09-18,20.090088,7.528576417507409,-0.394264606825192,1.140305551231525,-1.561086049302381,13.73165642790339,20.44518774051475,-0.35509974051474913
2013-09-19,20.319733,7.3731696363290755,-0.4587065670327539,1.138306470023984,-1.8332917749785482,13.730999907993645,19.950477672335403,0.3692553276645967
2013-09-20,21.62854,7.215624864178796,-0.5158183230528609,1.1350621891522727,-1.5182400779607248,13.730349980838792,20.046978633156275,1.5815613668437258
2013-09-21,22.259033,7.055925344218876,-0.5668949096217334,1.1305358241008114,-0.8598180803576172,13.729674896043639,20.489423074383975,1.7696099256160238
2013-09-22,22.123016,6.894098028261256,-0.6147384664173703,1.1247196709967386,-0.23164188107414688,13.72896445906605,20.901401810832528,1.2216141891674717
2013-09-23,19.188507,6.730168470212172,-0.6606263310755935,1.1176090685124902,0.05435696184003206,13.728207514107433,20.969715683596533,-1.7812086835965317
2013-09-24,20.22931,6.564258693521916,-0.702015096112484,1.1092644390442197,-0.10546603977747382,13.727440917332444,20.59348291400862,-0.36417291400861984
2013-09-25,22.044067,6.396452173587869,-0.7336910911708975,1.0997225336800844,-0.5803292191664109,13.726681921466218,19.90883631839686,2.1352306816031366
2013-09-26,18.105377,6.226712585759948,-0.7491345619833946,1.0889483793158115,-1.0959509591277754,13.725887391123674,19.196462835088262,-1.0910858350882613
2013-09-27,16.057983,6.055187692723267,-0.7417764318610542,1.0770294580164623,-1.3884890319357217,13.725106017463585,18.72705770440654,-2.6690747044065404
2013-09-28,17.98175,5.881941405984348,-0.7087244300848649,1.0639964377595208,-1.343500841400366,13.72434426777469,18.618056840033326,-0.636306840033324
2013-09-29,18.210693,5.707032881821219,-0.6515561328763325,1.0498784335075253,-1.0365665486204494,13.723605877078048,18.79239451091001,-0.5817015109100119
2013-09-30,19.485016,5.530558099912634,-0.5742248360481602,1.0347266777110737,-0.6613842926039906,13.722912958180286,19.052588607151844,0.4324273928481581
2013-10-01,19.8479,5.352538064412906,-0.48148478999465516,1.0185425322149533,-0.40167934600323507,13.722249962766867,19.210166423396835,0.6377335766031642
2013-10-02,21.253754,5.172987092442794,-0.37675549590543506,1.0013221899462592,-0.31828027746519716,13.721597770102253,19.200871279120676,2.0528827208793246
2013-10-03,20.413147,4.991896641852919,-0.2618252372865963,0.9830481302550442,-0.31753487903758754,13.720925580730976,19.116510236514756,1.2966367634852425
2013-10-04,16.137726,4.809368163832828,-0.13701859499846772,0.96378110491865,-0.2105047521384616,13.720257399260127,19.145883320874674,-3.0081573208746732
2013-10-05,17.84555,4.625583267303272,-0.0030422776534864,0.9436336821892293,0.16981908185978561,13.719657200970197,19.455650954668997,-1.6101009546689973
2013-10-06,21.042603,4.440472960209158,0.13530291570483471,0.9225473966551573,0.8575012192437119,13.719063373929167,20.074887865742028,0.967715134257972
2013-10-07,21.663544,4.254051170828406,0.26982863379960864,0.9005153182527873,1.7223445151185537,13.71845560695569,20.865195244955046,0.7983487550449553
2013-10-08,22.189667,4.066251454028494,0.3906085486166411,0.8774818407782071,2.5229994115417793,13.717773186221702,21.575114441186827,0.6145525588131733
2013-10-09,22.668365,3.877122490470316,0.4883351787795453,0.8534694759707228,3.0102415922082604,13.717012724158002,21.946181461586846,0.7221835384131552
2013-10-10,21.48767,3.6867028376513824,0.5567231513005864,0.8284974215973365,3.0274597146653486,13.716165610458535,21.81554873567319,-0.32787873567318826
2013-10-11,22.335724,3.4951129255639435,0.5944529436112264,0.8026403868510704,2.5614421751063174,13.715264076384482,21.16891250751704,1.1668114924829602
2013-10-12,20.421906,3.302367029119682,0.6044412828678873,0.7759061491641749,1.7256532890276572,13.714286930871161,20.122654681050562,0.29925131894943746
2013-10-13,17.429474,3.108536570692019,0.593326544941804,0.7483421468499498,0.7040502229771408,13.713241301103043,18.867496786563954,-1.4380227865639554
2013-10-14,17.412811,2.913803935906283,0.5689218323782924,0.7200731245297505,-0.3156151637850274,13.712189609221443,17.599373338250743,-0.18656233825074153
2013-10-15,16.8945,2.7182253339153606,0.5368655081251584,0.6911439822250185,-1.1863005705593779,13.711130947713604,16.471065201419762,0.4234347985802387
2013-10-16,15.550537,2.5218315803671922,0.4999646679013146,0.6615780067138883,-1.80836234386928,13.71005157859772,15.585063489710835,-0.03452648971083505
2013-10-17,14.284546,2.324692237318417,0.45851440495205764,0.6314237494010638,-2.1203647614113708,13.708957072536089,15.003222702796258,-0.7186767027962571
2013-10-18,14.059784,2.1269368485656526,0.4112010067087564,0.6007698103884754,-2.0985256261956695,13.70788304067423,14.748265080141444,-0.6884810801414432
2013-10-19,14.508728,1.9285994439768481,0.3559151164910719,0.569639542980885,-1.773341732064675,13.706817192446726,14.787629563830857,-0.27890156383085696
2013-10-20,13.934692,1.729722553319916,0.29110098287572916,0.5380618932067461,-1.2463043685692898,13.705751330018355,15.018332390851457,-1.083640390851457
2013-10-21,17.215393,1.530420164954503,0.21685364367272952,0.5061139192139734,-0.6827410110912349,13.704712908086835,15.275359624836806,1.9400333751631926
2013-10-22,15.12738,1.3306676220180207,0.13419542814681826,0.47378040646868913,-0.27014717827410717,13.703659993996629,15.372156272356051,-0.24477627235605048
2013-10-23,14.173065,1.1305526073094612,0.04645761617736362,0.4411170023615228,-0.14179006490217982,13.702606748227591,15.178943909173759,-1.0058789091737594
2013-10-24,14.567596,0.9301178957783095,-0.042456787994364066,0.40814846468597754,-0.3147720161103082,13.701544804285408,14.682582360645023,-0.11498636064502321
2013-10-25,17.424072,0.7293972944511649,-0.12865955517491962,0.37489396738668346,-0.6688792409323565,13.700461358365859,14.00721382409643,3.4168581759035686
2013-10-26,12.191711,0.528389102198904,-0.20875897274548094,0.34135413222207395,-0.9893710814069584,13.699325869279992,13.37093904954853,-1.1792280495485308
2013-10-27,12.8020935,0.32737084395870636,-0.27835206210173813,0.30771516015407546,-1.0573060296034533,13.698247415788865,12.997675328196456,-0.1955818281964561
2013-10-28,12.665222,0.12633869204598722,-0.3354564327155483,0.27397783191310127,-0.7623810488185174,13.697194245288529,12.999673287713552,-0.33445128771355215
2013-10-29,13.315796,-0.07469704524272497,-0.37954514796007116,0.240148053006359,-0.15538734163580234,13.696141659575979,13.326660177743738,-0.010864177743737713
2013-10-30,14.285156,-0.27567710471885526,-0.41170621262512175,0.20626150679827246,0.5772118501942076,13.695089459791065,13.791179499439568,0.4939765005604322
2013-10-31,14.155487,-0.4765841896294081,-0.43447124081038074,0.17232870096926875,1.2094092693062286,13.694016455072237,14.164698994907946,-0.009211994907944998
2013-11-01,13.751984,-0.6773532013989458,-0.4510333859700131,0.13839462685524384,1.5918241029035072,13.69292539414677,14.294757536536562,-0.5427735365365614
2013-11-02,14.464539,-0.8778943528087844,-0.4649109812150133,0.10452099847399253,1.721184551762808,13.69183139067478,14.174731606887782,0.28980739311221804
2013-11-03,15.439941,-1.0781595671619257,-0.4798719188476539,0.0707417496498205,1.7234193735145338,13.690728761586845,13.92685839874162,1.513082601258379
2013-11-04,12.897461,-1.27819941164118,-0.49948613074347153,0.03702792284103274,1.7599132658780607,13.689562438164833,13.708818084499274,-0.8113570844992744
2013-11-05,11.627838,-1.477865148836012,-0.5257599032237239,0.003478861131305931,1.9104891534530455,13.688377109469974,13.59872007199459,-1.9708820719945894
2013-11-06,13.457947,-1.677016278489682,-0.5598068205334692,-0.029815610556635952,2.096790318575522,13.687213519983464,13.517365128979199,-0.05941812897919796
2013-11-07,12.458832,-1.8756097116020551,-0.6017367471424674,-0.06282907610212056,2.104153560010872,13.686063659167198,13.250041684331427,-0.7912096843314274
2013-11-08,12.304169,-2.073603301758112,-0.6490727236397199,-0.09553490469554539,1.7007069058120008,13.68491914561889,12.567415121337513,-0.263246121337513
2013-11-09,11.112701,-2.270965059059616,-0.6970004707995892,-0.1279129850371996,0.7849228145299278,13.683766558060565,11.372810857694088,-0.2601098576940881
2013-11-10,14.312561,-2.4675750812619195,-0.7383877001414292,-0.1598870968944166,-0.5150957021793741,13.682636614104835,9.801691033627696,4.510869966372304
2013-11-11,7.2175903,-2.6634726121589543,-0.7658889820893502,-0.19148156180894887,-1.8585148205862043,13.681480551037911,8.202122574394453,-0.9845322743944527
2013-11-12,5.3546143,-2.858402931542077,-0.7709648506000184,-0.2225291285694987,-2.817344073281888,13.680396906808337,7.011155922814854,-1.6565416228148546
2013-11-13,5.193695,-3.0522393235179037,-0.7487206653795156,-0.2529501830896378,-3.0777362022507377,13.679420345267081,6.547773971029287,-1.3540789710292866
2013-11-14,7.812622,-3.24498374394709,-0.6989084266820124,-0.2827523930459688,-2.5925898353513404,13.67852117031862,6.859286771292208,0.9533352287077923
2013-11-15,8.373291,-3.436722436997278,-0.6259260737344904,-0.3120002142342711,-1.61205993496134,13.677627672528002,7.690919012600623,0.6823719873993772
2013-11-16,8.965851,-3.627425046637984,-0.5364907519882435,-0.3406835119026701,-0.5682871310725542,13.67672676713207,8.60384032553062,0.3620106744693814
2013-11-17,10.99353,-3.8170258555560093,-0.4380230154078382,-0.36877064797954723,0.12486811209817568,13.675823345741959,9.17687193889674,1.8166580611032597
2013-11-18,9.997711,-4.005486466917318,-0.3371034517507022,-0.39625009022430707,0.2613560480308905,13.674908795648552,9.197424834787114,0.8002861652128868
2013-11-19,7.2357483,-4.192777191913512,-0.23773141224954752,-0.4231166899914942,-0.06961673379187547,13.673970361594447,8.750728333648018,-1.5149800336480181
2013-11-20,6.9594116,-4.378813250644926,-0.14149869947909594,-0.4493248115060302,-0.5456518308337762,13.673022955393963,8.157734362930134,-1.1983227629301334
2013-11-21,7.042572,-4.5635002749669935,-0.04955583829219187,-0.47482342859641746,-0.7894431239117373,13.672086357247709,7.794763691480369,-0.7521916914803688
2013-11-22,7.7764893,-4.746753044385352,0.036214277184499856,-0.49957236681017114,-0.5652865761843293,13.67117600195315,7.8957782917577966,-0.11928899175779684
2013-11-23,7.6615906,-4.928534072287999,0.11248887499417082,-0.5235629463296398,0.10308580798358156,13.67028364803497,8.433761312395083,-0.7721707123950825
2013-11-24,8.687439,-5.108751546612069,0.175440633311211,-0.546752237159825,0.9507279441205191,13.669428499258393,9.140093292918229,-0.4526542929182291
2013-11-25,12.420349,-5.287458741380393,0.22165317658002226,-0.5691932937296098,1.6071150457189953,13.668557448830668,9.640673636019685,2.7796753639803153
2013-11-26,8.798187,-5.464713397974241,0.2499517332039432,-0.590941784236799,1.77948854660671,13.667615382130768,9.64140047973038,-0.8432134797303803
2013-11-27,9.708771,-5.640324688326642,0.2642177676297319,-0.6118901518189516,1.3944302888439326,13.66667163393888,9.073104850266951,0.6356661497330496
2013-11-28,8.214783,-5.814286599758033,0.27064854989556114,-0.6320498287520759,0.6165967855625752,13.665703299721244,8.106612206669272,0.10817079333072854
2013-11-29,5.1808167,-5.986492033043117,0.27729719757239585,-0.651361722707512,-0.23642748960679913,13.66473830711626,7.067754259331227,-1.8869375593312263
2013-11-30,5.571106,-6.156733851200383,0.29123058298692006,-0.6697049963826209,-0.8455060781304624,13.66385492805306,6.283140585326514,-0.7120345853265135
2013-12-01,6.723572,-6.325011672947013,0.3150224131517302,-0.6870995013425274,-1.0272612076245373,13.663028296099247,5.9386783273369,0.7848936726630997
2013-12-02,6.6087036,-6.4913750914497665,0.3466517114861185,-0.7035987555284795,-0.7872091761401765,13.662208941996086,6.026677630363782,0.5820259696362182
2013-12-03,7.491974,-6.655859552339379,0.3810002455967795,-0.7192476402726333,-0.280928573036004,13.661354783413493,6.386319263362257,1.1056547366377432
2013-12-04,6.903412,-6.81840443136433,0.41198546189170365,-0.7340321634272765,0.2804412156971211,13.66047215282019,6.80046223561741,0.10294976438259074
2013-12-05,7.637085,-6.978911384087011,0.43522035517561364,-0.7479149870678063,0.7273010284625876,13.6595864969676,7.0952815094509845,0.5418034905490154
2013-12-06,8.071625,-7.13739428503996,0.4490522579490017,-0.7609334058526445,0.9820275844216972,13.6586673492287,7.191419500706795,0.8802054992932042
2013-12-07,6.017456,-7.2938717667104,0.45511203283409246,-0.7731298673191169,1.0534352666820348,13.657682167763218,7.099227833249828,-1.081771833249828
2013-12-08,5.463135,-7.448225898144548,0.45734355123282067,-0.7844550928902216,0.9914284351380835,13.656666981092174,6.87275797642831,-1.4096229764283095
2013-12-09,6.3069153,-7.600386044413651,0.4588752984311377,-0.7948895729298777,0.8357884014278031,13.655634451824694,6.5550225343401065,-0.2481072343401065
2013-12-10,7.105774,-7.750370014173001,0.4602269856007596,-0.8044713279399128,0.5971902138379872,13.654553231125444,6.157129088451278,0.9486449115487225
2013-12-11,5.9051514,-7.898161205369751,0.45953122987271444,-0.8132129032116235,0.27573384119893407,13.653409485550727,5.677300448041001,0.22785095195899885
2013-12-12,4.297577,-8.043607985794779,0.45422986625573675,-0.8210364853950758,-0.1055012046023633,13.652257423376932,5.13634161384045,-0.8387646138404499
2013-12-13,4.744751,-8.18669366606015,0.44224693477467286,-0.8279528433382781,-0.48469396458237274,13.651083950276208,4.593990411070079,0.15076058892992084
2013-12-14,2.6930542,-8.327396386444933,0.42351421482089235,-0.8339734374479149,-0.774969151406068,13.649878951344233,4.137054190866209,-1.443999990866209
2013-12-15,3.423523,-8.465610274653013,0.4012457149235724,-0.8390563953033678,-0.8996807893142329,13.648674722353142,3.8455729780061,-0.4220499780061
2013-12-16,4.302826,-8.601241660531556,0.3800944992099573,-0.8431694055745995,-0.8351572041163794,13.64749780536179,3.7480240343492106,0.554801965650789
2013-12-17,5.834717,-8.73427290200259,0.36428889222930766,-0.8463332597692205,-0.628211495790149,13.646337126396203,3.80180836106355,2.0329086389364504
2013-12-18,3.8764648,-8.864776042552378,0.3556363308361367,-0.8486279398124815,-0.3794152457075552,13.645136990583442,3.907954093347163,-0.031489293347163105
2013-12-19,4.8714294,-8.99266481401669,0.35363782986423414,-0.8500309764244525,-0.1977701259450299,13.643921294921983,3.9570932084000425,0.9143361915999577
2013-12-20,2.5662842,-9.117967084460672,0.35474704822527636,-0.8505914928756997,-0.15885789153929722,13.642657256019676,3.869987835369285,-1.3037036353692848
2013-12-21,3.323761,-9.240512273169417,0.35538259728251786,-0.8502245069114995,-0.27473744272805795,13.64141174997851,3.631320124452051,-0.3075591244520508
2013-12-22,2.7859802,-9.360282354899752,0.3524191894797271,-0.8489482712319907,-0.4989462356569664,13.64017574571187,3.284418073402888,-0.4984378734028878
2013-12-23,2.551239,-9.477254814979606,0.3452408322641637,-0.8467833586033635,-0.7465699187895736,13.638942824755814,2.9135755646474344,-0.3623365646474346
2013-12-24,2.9351501,-9.591416319053462,0.3353779792915443,-0.843758709814264,-0.9251318650975803,13.637702481907684,2.6127735672339245,0.3223765327660755
2013-12-25,2.589508,-9.702740279996348,0.3249118483356354,-0.8398917370036434,-0.9614161259930457,13.636451235010092,2.45731494035269,0.13219305964730976
2013-12-26,6.471985,-9.81117772597413,0.31456580853675,-0.8351843975820423,-0.8181435075700675,13.635197160626518,2.48525733803703,3.98672766196297
2013-12-27,2.7917786,-9.916866558508016,0.3013815014678866,-0.829761359823364,-0.5042196902164435,13.633855215733035,2.6843891086531,0.10738949134690001
2013-12-28,0.7724304,-10.019669024882038,0.2813893740297254,-0.8235666610757895,-0.06866131022465813,13.632478771233604,3.001971149080843,-2.2295407490808428
2013-12-29,0.9996033,-10.11942975603231,0.24969333073642352,-0.8165289391993917,0.4001778788995332,13.631130332228855,3.3450428466331097,-2.3454395466331097
2013-12-30,2.4446716,-10.21609349102178,0.20261206785127034,-0.8086463194367974,0.7908812442838463,13.62982285021059,3.5985763518871305,-1.1539047518871306
2013-12-31,3.6759338,-10.30964671254759,0.14019861090596597,-0.7999485106505477,1.0036064867706054,13.628548894080144,3.662758768558577,0.01317503144142318
2014-01-01,4.9496765,-10.400137107827657,0.0672586942466035,-0.7905034864727898,0.9923617586508658,13.627270841411022,3.4962507000080443,1.4534257999919555
2014-01-02,3.70932,-10.48764315094366,-0.007644827318017959,-0.7803972264342991,0.7944917245695899,13.6259361347757,3.1447426546493134,0.5645773453506866
2014-01-03,2.5870361,-10.572058178119343,-0.07415833390731602,-0.7695976627801834,0.5277885279241036,13.624585398742896,2.736559751860156,-0.14952365186015593
2014-01-04,3.3476868,-10.65338483193566,-0.12411550904581531,-0.7581394213000084,0.3426183260807833,13.623204850395496,2.4301834141947953,0.9175033858052046
2014-01-05,1.4960632,-10.73161911380395,-0.1537006469422277,-0.7460480571485032,0.35091062616115853,13.621784389342118,2.341327197608596,-0.8452639976085958
2014-01-06,1.3522949,-10.806628714708133,-0.16294091004692365,-0.7332642174297914,0.5664757689375324,13.620378657705798,2.4840205844584826,-1.1317256844584827
2014-01-07,2.4728699,-10.878342346634616,-0.15516805022872837,-0.7197689082982694,0.883822566629709,13.619012236865665,2.749555498333761,-0.27668559833376083
2014-01-08,6.801697,-10.94682943674314,-0.13467829227657707,-0.7056394003624114,1.1193899869007133,13.617639681228853,2.9498825387474383,3.8518144612525615
2014-01-09,2.9171753,-11.012161432470137,-0.10434006505258756,-0.6909583238541657,1.098263877695817,13.616215110138825,2.9070191664577525,0.010156133542247314
2014-01-10,-0.2467041,-11.074212538527263,-0.06266213826796653,-0.675677520848539,0.747605621131616,13.614791912840445,2.549845336328291,-2.796549436328291
2014-01-11,1.8349915,-11.132912369444025,-0.006369675587354181,-0.6597821089395997,0.13190009764719923,13.613396274810336,1.9462322184865553,-0.11124071848655515
2014-01-12,2.0404968,-11.188277122211197,0.06689669623102112,-0.6433134928267455,-0.5766953441477204,13.612011508135842,1.2706222451811993,0.7698745548188008
2014-01-13,1.0589905,-11.240309150549361,0.15801546272262054,-0.6263057312490458,-1.173876591013953,13.610628389357128,0.7281523792673887,0.3308381207326112
2014-01-14,0.9109802,-11.288902300863882,0.26572315145009756,-0.6087211052735015,-1.5140979139814716,13.609292372849012,0.46329420418025613,0.4476859958197439
2014-01-15,-0.4880066,-11.334075965328573,0.3864019161896567,-0.5906022987853599,-1.5691921483069156,13.607986680444458,0.5005181842132664,-0.9885247842132665
2014-01-16,1.5456848,-11.37584505611063,0.5158702248412056,-0.5719879904469705,-1.4217026452987362,13.606697342239949,0.7530318752248153,0.7926529247751848
2014-01-17,0.8300781,-11.414262714741344,0.6502691141311983,-0.5529410634015872,-1.205372926270596,13.605391785156355,1.0830841948740275,-0.2530060948740275
2014-01-18,1.2902222,-11.449341930209059,0.7877671653237787,-0.5334989555964993,-1.0240636293318375,13.604057918221534,1.3849205684079156,-0.09469836840791546
2014-01-19,0.3065796,-11.481116389310944,0.9275137220823758,-0.5137107812446178,-0.9054340956705471,13.602673741884649,1.6299261977409163,-1.3233465977409162
2014-01-20,1.6993713,-11.50947801636434,1.0686977596857916,-0.493529292048726,-0.8077238277911649,13.601288616840838,1.8592552403223994,-0.1598839403223995
2014-01-21,3.366516,-11.534444477363166,1.2078888329959077,-0.47298901349712485,-0.6747159342426264,13.59988941546861,2.1256288233615983,1.2408871766384015
2014-01-22,0.94573975,-11.556015943526813,1.338779873240676,-0.4521144690650212,-0.4901892659488477,13.598472301631592,2.438932496331585,-1.493192746331585
2014-01-23,2.369934,-11.574074166344896,1.4533852133741545,-0.43085666904464104,-0.29444599549382683,13.597093384107817,2.751101766598607,-0.38116776659860685
2014-01-24,3.4522095,-11.588671793051159,1.5419650463346048,-0.4092793783288754,-0.15443472575874234,13.59572380574075,2.9853029549365786,0.46690654506342133
2014-01-25,6.1185303,-11.599870817588247,1.5958055443409889,-0.3874540665706657,-0.09483128842119665,13.5943304632112,3.1079798349720793,3.0105504650279205
2014-01-26,3.4001465,-11.607719388266043,1.6086746368779117,-0.3654390487178589,-0.0469967277677502,13.592887606089326,3.181407078215585,0.21873942178441474
2014-01-27,0.9632263,-11.612122039523536,1.578425505618318,-0.34319089162485183,0.14489514560978947,13.591441852821847,3.359449572901566,-2.396223272901566
2014-01-28,4.7797546,-11.612981498731747,1.505013288126214,-0.3206647558498017,0.6398678145831577,13.590041233948948,3.8012760820767717,0.9784785179232287
2014-01-29,3.8812256,-11.610505586357817,1.387914760773391,-0.2980216625911893,1.484995582181909,13.588581720889076,4.55296481489537,-0.67173921489537
2014-01-30,6.56369,-11.604639338378044,1.2278472002325567,-0.27525454869991806,2.545478706611748,13.587091383533743,5.480523403300085,1.0831665966999156
2014-01-31,5.485138,-11.59547881432233,1.0253644243143305,-0.2524489813737835,3.51185283808987,13.585523163147368,6.274812629855456,-0.7896746298554556
2014-02-01,5.0068665,-11.582991704218841,0.7832972171663263,-0.22960065255450673,4.0121272445287355,13.583894562127927,6.566726667049642,-1.5598601670496421
2014-02-02,6.94928,-11.567117318789565,0.5072308600865951,-0.20668752129257834,3.7712594785662312,13.582237737227782,6.086923235798466,0.8623567642015342
2014-02-03,10.293304,-11.547869167987134,0.20591575718606756,-0.18373957443485484,2.748791150630088,13.580548180655128,4.803646346049296,5.489657653950703
2014-02-04,-1.0967712,-11.525391358872042,-0.10868346083667652,-0.16086632178618054,1.182914237015208,13.578756502469853,2.9667295979901613,-4.063500797990161
2014-02-05,-2.0194397,-11.499308292946628,-0.4198093403507301,-0.1378349773125148,-0.48503536595683916,13.577054039709713,1.0350660631430006,-3.0545057631430006
2014-02-06,-0.8230896,-11.469670814514053,-0.7137267442654779,-0.11469268695955363,-1.8014063267522915,13.575419196570428,-0.5240773759209478,-0.29901222407905215
2014-02-07,0.44836426,-11.436556690618048,-0.9804669188243622,-0.09150333795528412,-2.475899593715476,13.573817296114816,-1.4106092449983532,1.8589735049983531
2014-02-08,-0.8055115,-11.399946768806318,-1.21440092090451,-0.06826774252867548,-2.4768068027072254,13.57226279644577,-1.587159438500958,0.7816479385009579
2014-02-09,-0.20700073,-11.35989690596152,-1.4138363443188244,-0.04503551582910412,-2.004897537667495,13.570733229744553,-1.2529330740323896,1.0459323440323895
2014-02-10,-1.5259094,-11.316477096692765,-1.5801795018426503,-0.021864592182665444,-1.3712546892408541,13.569199521279918,-0.7205763586790166,-0.8053330413209834
2014-02-11,-1.2966309,-11.269614440809846,-1.7154386413790232,0.0012795354147185044,-0.842883388764532,13.567704637631463,-0.25895229790721963,-1.0376786020927804
2014-02-12,-0.7586975,-11.219308720856118,-1.8215960947569503,0.02438774382849252,-0.5424899219074925,13.56625569592842,0.0072487022363532105,-0.7659462022363532
2014-02-13,0.7411804,-11.165571783768874,-1.8996986012869965,0.04744771685946589,-0.44025061913230246,13.56485418225548,0.106780894926775,0.634399505073225
2014-02-14,-0.5987854,-11.10847894203899,-1.9501825125865768,0.07040139782098573,-0.4302683991435874,13.563470524878856,0.1449420689306855,-0.7437274689306855
2014-02-15,3.4128418,-11.04799814006648,-1.9727260502397121,0.09325545153469096,-0.4312061619148328,13.562129519972284,0.20345461928594943,3.2093871807140504
2014-02-16,0.1859436,-10.98426571680921,-1.9681953304931972,0.11590929934704955,-0.45219122401672807,13.560772126359037,0.2720291543869511,-0.08608555438695109
2014-02-17,-0.060455322,-10.917219951519847,-1.9363962772270273,0.13839996220978862,-0.5708012698530943,13.559438765218825,0.2734212288286457,-0.3338765508286457
2014-02-18,-0.9611206,-10.846868777934418,-1.8779259876721353,0.16072306704153916,-0.8606108131632152,13.558135426750894,0.13345291502266576,-1.0945735150226659
2014-02-19,-0.58773804,-10.773183897441756,-1.7937657332552612,0.1828921411239971,-1.3009507736413501,13.556886780834636,-0.12812148237973453,-0.45961655762026543
2014-02-20,0.06689453,-10.696208725030566,-1.686144230094633,0.20487230735364437,-1.737742405998363,13.555682112078772,-0.3595409416911455,0.4264354716911455
2014-02-21,-0.1326294,-10.616007693954948,-1.5589827883695135,0.22661386196813282,-1.9246010410830021,13.55450088491349,-0.31847677652584316,0.18584737652584316
2014-02-22,0.5175476,-10.53257734942697,-1.418344264255861,0.24811112156598647,-1.6326185843755932,13.553357204223504,0.2179281277310654,0.2996194722689346
2014-02-23,1.1481628,-10.445892173088765,-1.2732388026322479,0.26937612513759424,-0.775734570011342,13.552276603692393,1.3267871830976308,-0.17862438309763085
2014-02-24,2.3545837,-10.355955772049299,-1.1351326780827031,0.29040210744999073,0.5200146529412303,13.551270509788162,2.8705988200473804,-0.5160151200473804
2014-02-25,3.0733948,-10.262918926224302,-1.016545986980572,0.3110860503990708,1.9431727964291787,13.550277128725888,4.525071062349264,-1.451676262349264
2014-02-26,4.9453125,-10.166840887025053,-0.9281595201128537,0.3313848570978801,3.111672920286391,13.549280938411696,5.897338308658062,-0.9520258086580622
2014-02-27,8.383484,-10.067793654812961,-0.8770405378975251,0.35124736245133314,3.7168335284098517,13.548260525822027,6.671507223972727,1.7119767760272726
2014-02-28,9.595001,-9.965876251622387,-0.86531632348064,0.37060612336674187,3.6318348341510553,13.547181356577923,6.718429738992693,2.8765712610073066
2014-03-01,5.3704834,-9.861111795311412,-0.8890951539106776,0.3894494190148185,2.9393602614329772,13.546047209838997,6.124649941064703,-0.7541665410647029
2014-03-02,3.2465515,-9.75333488207838,-0.938833922655535,0.4078897003475797,1.8698685391297554,13.54495673637759,5.130546171121008,-1.883994671121008
2014-03-03,2.4600525,-9.642624086311539,-1.0029579399049722,0.42588303533251987,0.685428642500899,13.543886974070167,4.009616625687075,-1.5495641256870747
2014-03-04,4.064209,-9.529000476765603,-1.0691377185311046,0.44342355113625787,-0.4162102537107433,13.542844190457119,2.971919292585927,1.0922897074140732
2014-03-05,4.298645,-9.412503368105217,-1.1257274444634329,0.4604975836220935,-1.3386481671223185,13.541825806308795,2.12544441023992,2.1732005897600795
2014-03-06,1.2309875,-9.293185460139586,-1.1618362245715224,0.47708535955630865,-2.0566122002593663,13.54082302296117,1.506274497547004,-0.27528699754700403
2014-03-07,0.12176514,-9.170961828158706,-1.167400121457752,0.493256469506251,-2.5552815095066452,13.539896286819225,1.1395092972023715,-1.0177441572023715
2014-03-08,2.1118164,-9.045811076508457,-1.1350207868697593,0.5090362169100222,-2.789321630224069,13.53907479396307,1.0779575172708071,1.0338588827291928
2014-03-09,2.216095,-8.917754539132527,-1.0610859305340277,0.5244189889640549,-2.685828247504609,13.538366930520894,1.3981172023137844,0.8179777976862157
2014-03-10,-0.37283325,-8.786843202432978,-0.9458862365305502,0.5393797702320497,-2.190030452241052,13.537766809590988,2.154386688618457,-2.5272199386184573
2014-03-11,1.8368835,-8.653096875009616,-0.7939495028015913,0.5539115580724026,-1.3295308535309036,13.537284641644028,3.314618968374319,-1.477735468374319
2014-03-12,7.202057,-8.516711796173531,-0.6150382099168422,0.5678892640989586,-0.2550348279130804,13.536842863377412,4.717947293472918,2.4841097065270823
2014-03-13,9.694092,-8.377822307750517,-0.4217368170452342,0.5812276866512689,0.7850894275417476,13.536395373942797,6.103153363340064,3.590938636659936
2014-03-14,4.834137,-8.236457968198533,-0.22583130483054364,0.5939119084650386,1.5275124344803006,13.535948733951374,7.195083803867636,-2.360946803867636
2014-03-15,3.9347534,-8.09268201737185,-0.03541572712653339,0.6059136010735569,1.7922460405761749,13.53549287690569,7.805554774057039,-3.870801374057039
2014-03-16,7.509552,-7.946458892080983,0.14508760344479307,0.6172732234325367,1.5444465182988518,13.535067625508622,7.89541607860382,-0.3858640786038201
2014-03-17,7.31546,-7.797840934755914,0.314460423694771,0.6279752242431249,0.9014159939193986,13.534669163974263,7.580679871075643,-0.2652198710756428
2014-03-18,11.443817,-7.646814996331756,0.4748805279868184,0.6380486670623708,0.08565363342627012,13.534326885669241,7.086094717812945,4.357722282187054
2014-03-19,7.021942,-7.493468522816624,0.6287426697185762,0.6474581288626537,-0.6637649102222376,13.534020231482096,6.652987597024465,0.36895440297553517
2014-03-20,6.073242,-7.33772244761321,0.7789259345586347,0.6562759754146568,-1.1645895034152347,13.533812276685225,6.466702235630072,-0.39346023563007204
2014-03-21,5.633484,-7.179661046037858,0.9254083567881295,0.6644681433005633,-1.339197387384353,13.533684698045736,6.6047027647122185,-0.9712187647122184
2014-03-22,5.351959,-7.019438094449298,1.0657192834759552,0.6719551242647186,-1.2043616168284894,13.533584783815648,7.047459480278535,-1.6955004802785352
2014-03-23,7.1524963,-6.857010955178935,1.1962274698206605,0.6787850630934895,-0.8267775165189692,13.533558515517985,7.7247825767342295,-0.5722862767342294
2014-03-24,9.387054,-6.692552861732638,1.3121317887751525,0.684863209521565,-0.2797648103638751,13.533544215409412,8.558221541609615,0.8288324583903837
2014-03-25,11.973541,-6.52621917344661,1.408583675707336,0.6901026863122159,0.3787866368740847,13.533489483917112,9.484743309364138,2.488797690635863
2014-03-26,12.495331,-6.358164048312753,1.480874618952703,0.6944213550433651,1.0961355112001478,13.533342742779823,10.446610179663285,2.0487208203367153
2014-03-27,7.775055,-6.188443842189486,1.5247479944586932,0.6978114112505518,1.7978018730808292,13.533101477847392,11.36501891444798,-3.5899639144479796
2014-03-28,11.302612,-6.016906026502676,1.5365795505895186,0.700407333325506,2.368428326388825,13.532867933278999,12.121377117080172,-0.8187651170801722
2014-03-29,14.427277,-5.843609571985715,1.511075259763178,0.7022021628912314,2.6579555009223585,13.532638788940902,12.560262140531956,1.8670148594680445
2014-03-30,12.498749,-5.668696788410908,1.4441616234575811,0.7031295222229048,2.5395338108080736,13.532369295137775,12.550497463215425,-0.05174846321542503
2014-03-31,11.160797,-5.492233055603078,1.3360535996445895,0.7031797437208666,1.9794960672821194,13.532053413599103,12.0585497686436,-0.8977527686435991
2014-04-01,8.976318,-5.3142126526044855,1.1919104263225047,0.7023962247466237,1.0735772127136187,13.531720949135678,11.18539216031394,-2.209074160313941
2014-04-02,11.5448,-5.134598859083951,1.0219154863011906,0.7008429729746402,0.030464612511243754,13.531417430394676,10.150041643097799,1.3947583569022015
2014-04-03,10.433563,-4.953554099561643,0.8386646815851131,0.6984530504713726,-0.9005278899754361,13.531088886594503,9.214124629113911,1.2194383708860883
2014-04-04,11.517578,-4.770999298622447,0.6565387856628179,0.6953201371297861,-1.5155717381780078,13.530802420439002,8.596090306431151,2.9214876935688494
2014-04-05,6.7051697,-4.587073850439358,0.4874373746469896,0.6913968222801821,-1.7313654175735969,13.530516048256418,8.390910977170634,-1.6857412771706342
2014-04-06,4.0156555,-4.401677196029855,0.3404521619854487,0.6867887049358342,-1.5989666692043532,13.530308112693836,8.55690511438091,-4.54124961438091
2014-04-07,8.233154,-4.214699422084877,0.21956683887471257,0.6816087945314719,-1.2665566274437337,13.530261936130687,8.950181520008261,-0.7170275200082603
2014-04-08,11.93869,-4.026461058503641,0.1230564620949037,0.6756864370807623,-0.902620824795636,13.530245717042842,9.39990673291923,2.5387832670807686
2014-04-09,11.7066345,-3.8372454164913536,0.04726069573268391,0.6688710573735305,-0.613174919308966,13.530146422462899,9.795857839768793,1.9107766602312068
2014-04-10,11.761444,-3.6470266672857514,-0.010503199915892141,0.6612148437812708,-0.40522608815230177,13.530005900286758,10.128464788714084,1.6329792112859156
2014-04-11,9.387695,-3.455874511245466,-0.05222314290238999,0.6527161551918168,-0.21488822973155608,13.529818268611313,10.459548539923718,-1.0718535399237172
2014-04-12,10.083038,-3.2638058214877845,-0.07887839759243248,0.6434138547926619,0.029617020075900058,13.529604200868798,10.859950856657143,-0.7769128566571428
2014-04-13,10.918488,-3.0708515649104084,-0.09220893262797061,0.633341850829519,0.3426211912750466,13.529377310227154,11.342279854793341,-0.42379185479334147
2014-04-14,9.569061,-2.8771089709813324,-0.09520330238918892,0.6224920848742661,0.6580957603840775,13.529118107098684,11.837393678986507,-2.268332678986507
2014-04-15,13.039185,-2.6824673632392506,-0.09139363009685296,0.6109892002585278,0.858724274695415,13.528911350164512,12.22476383178235,0.814421168217649
2014-04-16,14.910522,-2.487117575585683,-0.08566707113094307,0.5987584700144419,0.8333721712209874,13.528691064881622,12.388037059400425,2.5224849405995755
2014-04-17,14.283234,-2.2911291224090196,-0.08096786520572052,0.5858054168777099,0.5428025458433654,13.528452135214394,12.28496311032073,1.9982708896792705
2014-04-18,10.360107,-2.0945081577504845,-0.07678704984367873,0.5721777271398395,0.04560493503639392,13.52822133134996,11.974708785932028,-1.6146017859320292
2014-04-19,9.527985,-1.8972169118020723,-0.06897188831145551,0.5579493969926201,-0.5254689936531566,13.528047461605148,11.594339064831084,-2.066354064831085
2014-04-20,9.173737,-1.699371759199026,-0.05207933008254699,0.5430977732245743,-1.022241762415764,13.527902188803878,11.297307110331115,-2.1235701103311158
2014-04-21,12.3932495,-1.5010229811877045,-0.020764656598016594,0.5276483752618157,-1.3340736958136221,13.527790374123821,11.199577415786294,1.1936720842137056
2014-04-22,12.451691,-1.3023768230866732,0.027303931827537528,0.511529197798214,-1.4170722423008093,13.527638864846823,11.347022929085092,1.104668070914908
2014-04-23,12.012451,-1.1034596594555328,0.09139609301190715,0.49478492026059795,-1.2842204574745422,13.52746456889809,11.72596546524052,0.28648553475948013
2014-04-24,12.319611,-0.904235749335115,0.16692476188230318,0.47750012524157204,-0.9808799008802469,13.527315463399557,12.28662470030807,0.03298629969192923
2014-04-25,13.434082,-0.7047460412246725,0.24622381951384284,0.4597061731310019,-0.5602857064998574,13.52720128610992,12.968099531030234,0.4659824689697665
2014-04-26,14.092346,-0.5051099911139018,0.32057893084027866,0.44138075585922176,-0.07369538723008973,13.527092472553655,13.710246780909163,0.38209921909083633
2014-04-27,14.056213,-0.30541048054141107,0.3826687154394286,0.42252581150053803,0.42409858013607493,13.526977729991572,14.450860356526203,-0.3946473565262032
2014-04-28,14.733276,-0.10569013257749113,0.4279457618795867,0.40317431267042514,0.8648616940400526,13.52686589290247,15.117157528915042,-0.3838815289150421
2014-04-29,14.617401,0.09399854478416807,0.45464342936489366,0.38335549760874765,1.168148402076231,13.526760911067212,15.626906784901252,-1.0095057849012523
2014-04-30,15.147095,0.2936029215419262,0.46328517349283516,0.36309805080017976,1.26169698329968,13.526666599042489,15.908349728177111,-0.7612547281771107
2014-05-01,16.628967,0.4930527636875428,0.4554188660626492,0.3424147053322387,1.110294469744771,13.526578018518657,15.927758823345858,0.7012081766541414
2014-05-02,16.371826,0.6921980241552326,0.43289426082902754,0.32127110356534516,0.7384595554570893,13.526450175275341,15.711273119282037,0.6605528807179617
2014-05-03,17.938812,0.890979343408647,0.3985501141459686,0.2996976067105033,0.23152113104852745,13.526283402054618,15.347031597368264,2.591780402631734
2014-05-04,15.245941,1.0892991734799309,0.3558752149362266,0.27770004184266883,-0.294401311815018,13.526058935676676,14.954532054120484,0.2914089458795157
2014-05-05,14.549866,1.2872173394145547,0.3104002420555103,0.25538682761109965,-0.7307309841271744,13.525836664613392,14.648110089567382,-0.09824408956738218
2014-05-06,11.121185,1.4846499745371537,0.2681749392755063,0.23276944272396657,-1.0119148445609694,13.525604512337406,14.499284024313063,-3.3780990243130624
2014-05-07,13.467346,1.681706988996619,0.23597707861183742,0.20998340656080894,-1.1185952047821655,13.525447200689735,14.534519470076834,-1.0671734700768347
2014-05-08,16.119965,1.8781973157357867,0.2179376197797156,0.18697074105065958,-1.0634904612656741,13.525298779995532,14.74491399529602,1.3750510047039803
2014-05-09,15.1188965,2.0740353929877897,0.21557017463666292,0.16374478125533565,-0.8605827897540086,13.52514602348295,15.11791358260873,0.0009829173912692113
2014-05-10,15.333405,2.2692210806933897,0.2275099283256447,0.1403739058587513,-0.5117387485580099,13.525018363975803,15.650384530295579,-0.316979530295578
2014-05-11,16.710724,2.463723631234491,0.24864062904524256,0.11690188851963644,-0.025655453429293363,13.52492976195976,16.328540457329836,0.3821835426701625
2014-05-12,17.665497,2.6573949009883275,0.2712064896579277,0.09329529166446668,0.5501319008527423,13.524835333905976,17.09686391706944,0.5686330829305568
2014-05-13,18.032867,2.850199488369056,0.28733216819168966,0.06959520192488242,1.1081851721328642,13.524746561319159,17.840058591937648,0.19280840806235133
2014-05-14,20.2854,3.0420767887843736,0.2908185197711322,0.045828310041372784,1.4921008373673412,13.524662157355188,18.395486613319406,1.8899133866805933
2014-05-15,17.084076,3.232952559008118,0.27829424968182115,0.022014001696932888,1.5470752987488714,13.524573720753848,18.604909829889593,-1.5208338298895931
2014-05-16,17.245117,3.4228375868732126,0.2509331568485822,-0.001773395063608521,1.1952895549589708,13.524515297943434,18.39180220156059,-1.1466852015605902
2014-05-17,16.832336,3.6116329506419254,0.21251661959737783,-0.025531898011108566,0.4859356820904537,13.524466057845208,17.809019412163856,-0.9766834121638546
2014-05-18,16.692383,3.7992875608978642,0.1689398390355504,-0.04922683254430295,-0.4000222144182232,13.52442884517805,17.04340719814894,-0.3510241981489415
2014-05-19,18.140472,3.985776855403347,0.12669332981309916,-0.0728072091473636,-1.2082048602195419,13.524419613546472,16.355877729396013,1.7845942706039857
2014-05-20,18.685822,4.170999306466054,0.09138659789684872,-0.0962715178358549,-1.7082343305809176,13.52441552478812,15.98229558073425,2.703526419265751
2014-05-21,14.392059,4.354876668487215,0.06749274386677076,-0.11960275677673153,-1.7830981448741279,13.524405164904794,16.04407367560792,-1.6520146756079193
2014-05-22,16.22879,4.537494130166866,0.05866083772693868,-0.14268189366942025,-1.4677904243300828,13.524458761005281,16.510141410899585,-0.2813514108995854
2014-05-23,15.326691,4.718726412322043,0.0654636800616945,-0.1655310730911676,-0.9246167647801851,13.524541032294563,17.218583286806947,-1.8918922868069465
2014-05-24,18.16397,4.898562752805377,0.08720443725238647,-0.18810025870181515,-0.3516791851758187,13.524673956183154,17.970661702363284,0.1933082976367153
2014-05-25,20.53189,5.076860053935945,0.12077531015506283,-0.2104272828527908,0.11018642751019574,13.524813013353375,18.62220752210179,1.9096824778982118
2014-05-26,18.675964,5.253464295651176,0.16161405431522693,-0.23255747599091148,0.43546644705909526,13.524908024376094,19.14289534541068,-0.4669313454106785
2014-05-27,20.41095,5.428437079550099,0.20479757837164786,-0.254392225735265,0.7033603361258589,13.525016421555165,19.607219189867504,0.803730810132496
2014-05-28,19.124786,5.601695586641558,0.2436047945355832,-0.27592520102985924,1.021405571938875,13.52512294320416,20.115903695290317,-0.9911176952903169
2014-05-29,19.506378,5.773201136873594,0.27138808502485734,-0.2971230503273766,1.442593514554741,13.525234180140718,20.715293866266535,-1.2089158662665334
2014-05-30,20.873169,5.942871430367333,0.2817642400427656,-0.3179868399698975,1.9112298040282276,13.525334776687753,21.34321341115618,-0.4700444111561808
2014-05-31,21.613647,6.11067062415937,0.270020393497176,-0.33848665415440454,2.2758156260865583,13.525432286211739,21.843452275800438,-0.22980527580043741
2014-06-01,23.249878,6.276528638430799,0.23418317734655367,-0.35861445611505915,2.3591164964509006,13.525516896365817,22.03673075247901,1.2131472475209897
2014-06-02,22.99121,6.440303939616186,0.17518948456749409,-0.37841028426231516,2.047058755865328,13.525542670792166,21.80968456657886,1.1815254334211396
2014-06-03,21.652374,6.601941117420642,0.09741138230966255,-0.3978557057158476,1.3544815239856638,13.525506412260391,21.18148473026051,0.4708892697394873
2014-06-04,20.829407,6.761434525044139,0.007669971695529922,-0.41689550316741264,0.4307740160961589,13.525429341706877,20.308412351375292,0.5209946486247077
2014-06-05,18.270966,6.91879029242372,-0.08646053033801399,-0.43546946840964873,-0.49472636352552835,13.525338296514198,19.427472226664726,-1.1565062266647246
2014-06-06,18.176361,7.0739976905306365,-0.17795914710938632,-0.45353101261722495,-1.1976070839433555,13.525251349818102,18.770151796678775,-0.5937907966787748
2014-06-07,16.790588,7.227002290969079,-0.262247882132541,-0.4710645890361359,-1.5380013947350035,13.525164317889955,18.480852742955353,-1.6902647429553532
2014-06-08,18.914917,7.3777909421089625,-0.33717779542242743,-0.4880289178429911,-1.496450381810156,13.525093390379366,18.581227237412755,0.3336897625872446
2014-06-09,20.450592,7.526293721095644,-0.40375656234481805,-0.5044207233013431,-1.1645587256939645,13.52502599738314,18.97858370713866,1.4720082928613394
2014-06-10,20.869781,7.6724601982440745,-0.46472484632612865,-0.5202255723152307,-0.6944819912419762,13.524958875889366,19.517986664250106,1.3517943357498936
2014-06-11,19.791779,7.816218689125316,-0.5235698941342064,-0.5354434042293668,-0.23984468834690978,13.52487775417194,20.042238456586773,-0.2504594565867748
2014-06-12,19.093597,7.957562494573789,-0.5835233073780486,-0.5500335920191266,0.0903476026946807,13.524800606554505,20.4391538044258,-1.3455568044258008
2014-06-13,21.04419,8.096460682568928,-0.6474602290147404,-0.5639722313064262,0.2520622846744868,13.524732901661967,20.661823408584215,0.382366591415785
2014-06-14,20.441223,8.232847274306007,-0.7180360830013214,-0.5772592183039105,0.263095001342812,13.52466225763697,20.725309231980557,-0.28408623198055594
2014-06-15,20.37674,8.366701007239932,-0.7968519842323424,-0.5898653920826653,0.18633835277025199,13.524598235991196,20.690920219686372,-0.3141802196863708
2014-06-16,21.087128,8.498032693347696,-0.8850870959020654,-0.6017459373252569,0.09843507995224055,13.524566075525009,20.634200815597623,0.4529271844023768
2014-06-17,20.670715,8.626727953524654,-0.9835939604689888,-0.612939522004372,0.05860418567121221,13.524528006292627,20.613326663015133,0.057388336984868005
2014-06-18,19.722015,8.752789211671946,-1.0916817913743735,-0.6234099149815177,0.08674079274710743,13.524504289014182,20.648942587077343,-0.9269275870773441
2014-06-19,20.865173,8.876188415019703,-1.206846552634611,-0.6331445045894658,0.1532263367054265,13.524499501447712,20.713923195948766,0.15124980405123267
2014-06-20,21.531708,8.996825516683753,-1.3247763113028563,-0.6421833692788134,0.18945585507712553,13.524481883905617,20.743803575084826,0.7879044249151725
2014-06-21,21.496582,9.114632646901326,-1.4388576838064242,-0.6505431595292304,0.12297552210943696,13.5244352966199,20.672642622295008,0.8239393777049919
2014-06-22,19.326508,9.229545008475476,-1.5408717240055423,-0.6582356948823833,-0.07887729202680706,13.524344680817943,20.475904978378686,-1.149396978378686
2014-06-23,20.738068,9.341647981574773,-1.6219920889247843,-0.6651754697208229,-0.37678751177512027,13.524269703761957,20.201962614916003,0.5361053850839959
2014-06-24,18.902863,9.450868087230692,-1.6758340353000647,-0.6713801484649368,-0.6647145727838518,13.524190015127926,19.963129345809765,-1.0602663458097652
2014-06-25,20.001343,9.557250864892593,-1.6985916498902434,-0.6767923982636874,-0.8075849867535734,13.52414436704557,19.89842619703066,0.10291680296933947
2014-06-26,21.182281,9.660736580530294,-1.6908367046865742,-0.6814254978300684,-0.7109643647230774,13.524118372946507,20.10162838623708,1.0806526137629184
2014-06-27,21.312408,9.761210191572953,-1.6564956552907122,-0.6853313803196341,-0.3793481852892968,13.524069606725492,20.5641045773988,0.7483034226012002
2014-06-28,20.339691,9.85866556826085,-1.6010365341036807,-0.6884909181175093,0.0653490204461469,13.524009663402248,21.158496799888056,-0.8188057998880574
2014-06-29,21.77359,9.953085902274601,-1.5299201446954964,-0.6908954219526,0.4221556257961262,13.523944406649257,21.67837036807189,0.09521963192811
2014-06-30,20.859436,10.044399021097991,-1.4475708165193724,-0.6925752861114293,0.4964023198461034,13.523851519044012,21.924506757357307,-1.065070757357308
2014-07-01,21.454773,10.132627122625527,-1.3556622435242405,-0.6934987171478526,0.19850706620630382,13.523755284271305,21.805728512431042,-0.3509555124310424
2014-07-02,22.170044,10.21771573344017,-1.254081304714135,-0.6936830496116342,-0.40189393350306596,13.5236410993347,21.391698544946035,0.7783454550539659
2014-07-03,21.54654,10.299655852102529,-1.1415097090121613,-0.6931169935881991,-1.0912082751639403,13.523516747052616,20.897337621390843,0.6492023786091572
2014-07-04,20.207,10.37843237616561,-1.016572947225379,-0.691793482673005,-1.5976379848090012,13.523386517534133,20.59581447899236,-0.38881447899235866
2014-07-05,20.076874,10.454099219679021,-0.8788251662516123,-0.6896613936813343,-1.7088557245216536,13.523288700555389,20.70004563577981,-0.6231716357798085
2014-07-06,22.003357,10.526616578611385,-0.7297057290597989,-0.6867345474675468,-1.3656816778644327,13.523214218753193,21.2677088429728,0.7356481570271995
2014-07-07,21.692139,10.595909638865766,-0.5722621727801771,-0.6830536885080583,-0.6833797623499789,13.523136001687662,22.180350016915213,-0.48821101691521207
2014-07-08,23.93573,10.662005691384731,-0.40969398240863875,-0.6785953858947132,0.10921958192773756,13.523077572568596,23.206013477577713,0.7297165224222866
2014-07-09,24.017303,10.724837282310215,-0.24573991626098854,-0.673400001087417,0.7729735051056039,13.52301462394502,24.101685494012433,-0.08438249401243425
2014-07-10,23.54895,10.784365235187307,-0.08370637001105675,-0.6674914146173709,1.158212076855882,13.522936534193208,24.714316061607967,-1.1653660616079655
2014-07-11,26.06601,10.840633261355663,0.07296020850759025,-0.6608389633574407,1.244308151445648,13.52287351586928,25.01993617382074,1.04607382617926
2014-07-12,25.209534,10.893584272480112,0.2194082313734556,-0.6534785873577548,1.107747159629229,13.522804917312385,25.090065993437427,0.11946800656257395
2014-07-13,23.48465,10.943249047280716,0.35055435914078814,-0.6453903856068661,0.8526454301224334,13.522753612507074,25.023812063444147,-1.5391620634441487
2014-07-14,25.395752,10.989665381678623,0.46133983664083017,-0.6365479456516618,0.5413090985417974,13.522745407391957,24.878511778601546,0.5172402213984562
2014-07-15,24.65921,11.032754691821971,0.5472039964691137,-0.6270018124788919,0.17019918970081924,13.522747343308668,24.64590340882168,0.01330659117832056
2014-07-16,25.83313,11.07251306173547,0.6068077063819597,-0.616758473574752,-0.2898267479634394,13.522763368864467,24.295498915443705,1.5376310845562955
2014-07-17,24.778503,11.10883828870044,0.6422466746158471,-0.6058890068187546,-0.8284117411411417,13.5227477243403,23.83953193969669,0.9389710603033095
2014-07-18,22.621552,11.141754299463107,0.6598846636354048,-0.594382912709269,-1.3452615985909804,13.522717359981966,23.384711811780228,-0.763159811780227
2014-07-19,22.060455,11.171329160210902,0.6685598944992915,-0.5822022791416026,-1.6628345477492867,13.522710735938304,23.117562963757607,-1.0571079637576055
2014-07-20,22.743439,11.197600638687213,0.6767382822530452,-0.569330195665892,-1.6032752503882914,13.522750617225455,23.22448409211153,-0.48104509211153257
2014-07-21,22.86621,11.22051165191369,0.6902626408976449,-0.5558095460587246,-1.0900461050321308,13.522811678206887,23.787730319927363,-0.9215203199273638
2014-07-22,24.849121,11.240071129372378,0.7117382931595501,-0.5416436451583322,-0.2171122974990809,13.522901179498104,24.71595465937262,0.13316634062737975
2014-07-23,26.378632,11.256231369149743,0.7403737252763044,-0.5268783442639363,0.7561454947688816,13.522997665588363,25.748869910519357,0.6297620894806428
2014-07-24,27.103943,11.268936949682349,0.7739157699435183,-0.5115690245375243,1.4972491643716546,13.523075334718435,26.55160819417843,0.5523348058215696
2014-07-25,27.35376,11.27814126590188,0.810792994727308,-0.4957650062285267,1.7403298090780404,13.52311225874446,26.85661132222316,0.4971486777768419
2014-07-26,27.63919,11.283871367341646,0.8516915196837621,-0.47946615468817244,1.4081061016852872,13.523122810758434,26.587325644780957,1.0518643552190419
2014-07-27,26.585297,11.28613042465727,0.8995406882411061,-0.46268710311800554,0.6546406072103645,13.523108809998089,25.900733426988822,0.6845635730111788
2014-07-28,22.687714,11.284929504121658,0.9585893401873736,-0.4454357203872479,-0.19395106704043696,13.52307551143375,25.127207568315097,-2.439493568315097
2014-07-29,23.815247,11.280398001239393,1.032545832889063,-0.42764466132427237,-0.7777002513431138,13.523086914512994,24.630685835974063,-0.8154388359740636
2014-07-30,24.585846,11.272469203101544,1.1210050701297876,-0.4093771564846935,-0.8595593429680837,13.523108389452894,24.64764616323145,-0.061800163231449545
2014-07-31,25.642303,11.26116499334087,1.2198918565000687,-0.39064208288026064,-0.417146607829821,13.52314907440358,25.19641723353444,0.4458857664655582
2014-08-01,26.62323,11.246459310118698,1.3221034015995319,-0.37148016096474235,0.3597112137320038,13.52319352117425,26.07998728565974,0.5432427143402592
2014-08-02,27.391602,11.228328363817116,1.4196812986269327,-0.3519307913741824,1.1622462858169393,13.523226924160292,26.9815520810471,0.4100499189529003
2014-08-03,27.322449,11.206749992779883,1.5061599564957888,-0.3320321290360587,1.6979707491667646,13.52323472123564,27.60208329064202,-0.27963429064202217
2014-08-04,27.435211,11.181719339916498,1.5783575601558115,-0.3118126442370552,1.804571902443715,13.523210612878799,27.77604677115777,-0.34083577115777075
2014-08-05,27.87027,11.153262888345658,1.6365014737432946,-0.29128229406193806,1.4925983172436852,13.523163583424079,27.514243968694778,0.35602603130522326
2014-08-06,27.950897,11.121397240193538,1.6829625904050296,-0.27045651701294654,0.9080339212021817,13.52309700442064,26.965034239208443,0.9858627607915587
2014-08-07,26.645813,11.086128550677032,1.720542458161827,-0.24935686027656567,0.24494309907078,13.523008523062684,26.325265770695758,0.3205472293042426
2014-08-08,25.485077,11.047546510710571,1.7511545740943038,-0.2279487945235341,-0.3428145670517603,13.5229370006321,25.750874723861678,-0.2657977238616773
2014-08-09,23.137909,11.005664711677468,1.7746784941963771,-0.20625111618352132,-0.7902520425638676,13.522882770036938,25.306722817163397,-2.1688138171633966
2014-08-10,24.936829,10.960573282681345,1.789845264433396,-0.18423676389564891,-1.1096560924407384,13.522883895546393,24.979409586324746,-0.04258058632474615
2014-08-11,26.023071,10.912253766114121,1.7946163335919245,-0.16195262997164253,-1.3404234613297021,13.522923680907086,24.727417689311785,1.2956533106882162
2014-08-12,23.290436,10.860699029177665,1.7883328331511,-0.13943923708820002,-1.4898569644613489,13.522990686582995,24.542726347362212,-1.2522903473622122
2014-08-13,25.041412,10.805979965915785,1.7724487285794333,-0.11668586355995327,-1.5086476512377782,13.523112002480561,24.47620718217805,0.5652048178219502
2014-08-14,25.173798,10.748017948384573,1.7479962103792523,-0.09378054063429175,-1.318766799365083,13.523239399041737,24.606706217806188,0.5670917821938133
2014-08-15,26.750153,10.686834528136979,1.7151114663961295,-0.07074912718669742,-0.8637847777605321,13.52337440925772,24.990786498843597,1.7593665011564035
2014-08-16,25.693268,10.622408460485904,1.6710187281408482,-0.0476441619933018,-0.16114206398032985,13.523496626927237,25.608137589580355,0.08513041041964442
2014-08-17,24.911255,10.554793540089833,1.6102960547660257,-0.024469189152952476,0.6811767175405655,13.52362274404153,26.345419867285003,-1.434164867285002
2014-08-18,25.856659,10.484018784640872,1.525246037849525,-0.0012447808170629785,1.4888262900152713,13.523756483881476,27.020602815570083,-1.1639438155700823
2014-08-19,26.908112,10.410106736120516,1.4080707520676972,0.022003066071117974,2.080444214170426,13.52389789751734,27.444522665947098,-0.5364106659470984
2014-08-20,27.622986,10.333040925881063,1.2538420229325489,0.04522291274674044,2.3327727564300855,13.524027009812796,27.488905627803234,0.13408037219676672
2014-08-21,27.376373,10.252799083833711,1.0627188488192858,0.06835718903794148,2.218435307358189,13.524120472931903,27.12643090198103,0.24994209801896972
2014-08-22,27.16095,10.169412543031626,0.840617097826789,0.09138308452375615,1.8005740012685898,13.524181285631848,26.42616801228261,0.7347819877173905
2014-08-23,25.759918,10.082946383367517,0.5977547509462826,0.11430240307401515,1.190994825114056,13.524228840031553,25.51022720253342,0.2496907974665774
2014-08-24,25.164429,9.993444894586528,0.34623574757581654,0.13710250023691156,0.49892494050757585,13.524271676816644,24.499979759723477,0.6644492402765216
2014-08-25,24.180573,9.900905501269744,0.09706684801498727,0.15973785932659687,-0.20363348421771132,13.524294393987065,23.478371118380682,0.7022018816193167
2014-08-26,22.722809,9.805288445594245,-0.14144945465623343,0.18214010967748673,-0.8814542476140157,13.524262441073624,22.488787294075106,0.23402170592489568
2014-08-27,19.685272,9.706706402011134,-0.36371560842112677,0.20434099039108594,-1.506787201976519,13.524217129104782,21.56476171110936,-1.8794897111093576
2014-08-28,19.875305,9.60530628268661,-0.5660459050297393,0.2263958861059665,-2.0247475679218367,13.524216460209976,20.765125156050978,-0.8898201560509769
2014-08-29,20.602264,9.501101737981152,-0.7462791899662606,0.24827194181460419,-2.341831518182052,13.52425139784972,20.185514369497163,0.41674963050283864
2014-08-30,19.957214,9.394102100636992,-0.9023027997529308,0.26993288380705505,-2.345494923275144,13.52431030649622,19.94054756791219,0.016666432087809824
2014-08-31,21.309814,9.284414035677797,-1.0319126137376893,0.29140413716670593,-1.9546587676690206,13.524429828685644,20.113676620123435,1.1961373798765642
2014-09-01,19.913147,9.172040756592168,-1.1347497697003939,0.3126411335259224,-1.1778910862290388,13.524594450282821,20.69663548447148,-0.78348848447148
2014-09-02,22.563812,9.05707279769077,-1.2127063329725973,0.33365477840438407,-0.1405235372920649,13.524832027141949,21.56232973297244,1.0014822670275585
2014-09-03,21.513641,8.939481373733445,-1.2718590529030358,0.35437743015647405,0.9285465521583489,13.525110439958565,22.475656743103798,-0.9620157431037981
2014-09-04,22.694946,8.819300650197714,-1.3205063392979137,0.3747812196150195,1.7636469601826157,13.525428718568428,23.162651209265864,-0.467705209265862
2014-09-05,24.725433,8.696527386390478,-1.3681892485553881,0.39481448031874133,2.146650476564419,13.52576663832551,23.39556973304376,1.329863266956238
2014-09-06,24.499603,8.571112743834611,-1.4227609655439246,0.4143954073961367,1.9858138759335329,13.526080822191982,23.07464188381234,1.42496111618766
2014-09-07,19.72168,8.443078049518228,-1.4873537013947504,0.43348910951001535,1.354702427887739,13.526362678155499,22.27027856367673,-2.5485985636767303
2014-09-08,19.783295,8.31261075869118,-1.5590608912882227,0.45217160661667766,0.4713978218775756,13.526686308580825,21.203805604478035,-1.4205106044780358
2014-09-09,20.880493,8.179708059369945,-1.6318868687575214,0.4703930323858589,-0.38130393354470343,13.527030227592043,20.16394051704562,0.7165524829543806
2014-09-10,20.805481,8.044388532795523,-1.6982756177863758,0.48811681958956854,-0.9515468542249343,13.527383376263117,19.4100662566369,1.3954147433631015
2014-09-11,18.946136,7.906705378707359,-1.7513986091745877,0.5053322238960625,-1.1027161503835974,13.527751586407373,19.08567442945261,-0.1395384294526103
2014-09-12,19.660278,7.766766968689183,-1.7869211357629686,0.5220648057486965,-0.8565889693644497,13.528167942150644,19.173489611461104,0.4867883885388977
2014-09-13,19.04721,7.624629297559764,-1.8041490769903152,0.5383034016885548,-0.38122080651258883,13.528639053720115,19.506201869465528,-0.45899186946552817
2014-09-14,19.613708,7.480347351667034,-1.8041757502110956,0.5540341905637252,0.0791307446264583,13.529170723888313,19.838507260534435,-0.22479926053443577
2014-09-15,19.53482,7.333920253580562,-1.788285013123802,0.5692037913470419,0.2997091547775104,13.529740541696915,19.944288728278227,-0.40946872827822745
2014-09-16,21.207764,7.1853946155338475,-1.7558545907088559,0.5837882997335812,0.16588717771133843,13.530349567303038,19.70956506957295,1.4981989304270513
2014-09-17,19.41278,7.03471575386701,-1.7044357777153585,0.5977005897139483,-0.28086561422058753,13.530947825330449,19.17806277697546,0.23471722302454268
2014-09-18,17.420837,6.881916537040074,-1.6298659491264476,0.6109142358946518,-0.8561855925163346,13.531528789831562,18.538308021123505,-1.1174710211235066
2014-09-19,18.315155,6.727176031664481,-1.5289447058081378,0.6235001653851069,-1.310875148996417,13.532158867816985,18.043015210062016,0.2721397899379845
2014-09-20,16.483337,6.570520367470925,-1.4027171505932006,0.6354293004489995,-1.440364109416075,13.532827762011872,17.89569616992252,-1.4123591699225209
2014-09-21,18.835693,6.412056428022087,-1.256515341715463,0.6467227068536042,-1.1727738151198355,13.533565287927225,18.163055265967618,0.6726377340323815
2014-09-22,18.34256,6.251761913628634,-1.1004437251907375,0.6573166083739206,-0.6055221344259698,13.534336236269247,18.737448898655096,-0.3948888986550969
2014-09-23,19.435333,6.089700696451583,-0.9455876471645188,0.6672004026688283,0.041215680497201174,13.535148321926643,19.387677454379737,0.04765554562026253
2014-09-24,20.874298,5.925834145661794,-0.8017140727511168,0.6762981957306349,0.5232883505748291,13.535957698387687,19.85966431760383,1.0146336823961697
2014-09-25,21.719086,5.760170276500106,-0.6743444003407526,0.6845661901968616,0.6864809886192632,13.536743547540889,19.993616602516365,1.7254693974836357
2014-09-26,19.047607,5.5927460712628,-0.5637151043948256,0.6919786991227679,0.5379504481672587,13.537499334349935,19.796459448507935,-0.748852448507936
2014-09-27,16.63681,5.423677015783276,-0.46538626738957156,0.6985657345060087,0.23969883196250397,13.538257605066647,19.434812919928863,-2.7980029199288623
2014-09-28,18.99411,5.253046315716965,-0.3735949960735786,0.7043424541542613,0.02084103096390201,13.539034442007921,19.14366924676947,-0.14955924676947063
2014-09-29,20.009918,5.080870804541169,-0.2847654260251497,0.7092776219793592,0.05533957978672313,13.53981260502177,19.100535185303873,0.9093828146961265
2014-09-30,20.386993,4.907150868959974,-0.198227107516548,0.713326883134609,0.3729009477324286,13.54056635392964,19.335717946240102,1.0512750537598983
2014-10-01,18.845001,4.731926529171931,-0.11608167494192133,0.7164719065702299,0.8420495517438249,13.541289519409869,19.71565583195393,-0.8706548319539316
2014-10-02,19.782806,4.555347553734247,-0.041652316376585716,0.7187688520541036,1.2368989679446873,13.542030545140577,20.01139360249703,-0.22858760249702925
2014-10-03,22.376373,4.377474577656722,0.021323311813530976,0.7202163259536203,1.3515305918460316,13.542793130506032,20.013337937775937,2.363035062224064
2014-10-04,20.443298,4.198241835902506,0.07006196851618682,0.7207286282916472,1.109257761531191,13.543517554683454,19.641807748924986,0.8014902510750126
2014-10-05,15.8461,4.017678864146399,0.1043100292086643,0.720287029056851,0.6097169410943221,13.544191544294762,18.996184407801,-3.1500844078009997
2014-10-06,19.98407,3.8359397170118914,0.12515089772003982,0.718955995078406,0.07875401424389761,13.544864985409884,18.30366560946412,1.6804043905358803
2014-10-07,16.627563,3.6530141100053664,0.1314294419832091,0.7166909559340126,-0.25491124463284437,13.545505338966429,17.79172860225617,-1.1641656022561726
2014-10-08,17.376892,3.46907567764811,0.12157779161786536,0.7135691251180901,-0.27376975735248443,13.546171798016449,17.57662463504803,-0.1997326350480293
2014-10-09,17.670746,3.2841702284363214,0.09199918636832968,0.7095848240440698,-0.038862776878295924,13.54685946017637,17.593750922146796,0.07699507785320492
2014-10-10,18.979614,3.0983691405837877,0.039722501966593673,0.7047477272895458,0.2458941241789397,13.547576115405564,17.63630960942443,1.3433043905755717
2014-10-11,16.669128,2.911680119505405,-0.03544020671047042,0.6990278797283201,0.3444721909351659,13.548297603169454,17.468037586627876,-0.7989095866278753
2014-10-12,14.804138,2.7242415485582043,-0.1282076415170918,0.6924822591672757,0.12043420617663043,13.549065083915613,16.958015456300632,-2.1538774563006324
2014-10-13,17.41397,2.536115406733698,-0.22870325619827225,0.6851174540709093,-0.3878893824607863,13.549881382773467,16.154521604919015,1.2594483950809838
2014-10-14,17.743988,2.3472419905113364,-0.3248989824742841,0.6768599960311323,-0.9837646544386416,13.550688420478515,15.266126770108059,2.4778612298919427
2014-10-15,12.729614,2.1576542567320347,-0.4042628090076494,0.6677002781038659,-1.4067801451286877,13.551474365818025,14.56578594651759,-1.8361719465175899
2014-10-16,14.300537,1.967568410157995,-0.4563911603591936,0.657751663105868,-1.4645519882812188,13.552318900431743,14.256695825055193,0.04384117494480755
2014-10-17,14.292633,1.776945536600077,-0.477528047120214,0.646960025075349,-1.137743088364673,13.553173942128575,14.361808368319114,-0.06917536831911342
2014-10-18,13.459137,1.5858442173082774,-0.4688610948112526,0.6353347007981761,-0.5855124132786665,13.554040120476296,14.72084553049283,-1.2617085304928306
2014-10-19,15.234253,1.3943533391546756,-0.4347781453842693,0.6229076085763351,-0.06472643483098453,13.554933191242439,15.072689558758196,0.161563441241805
2014-10-20,17.288269,1.2024768001464992,-0.3807688691034257,0.6096565258193669,0.19627307035848074,13.555826328755428,15.183463855976349,2.1048051440236506
2014-10-21,16.368378,1.0102074182617922,-0.3105548945536565,0.5955523175265529,0.10842467032642543,13.556687224834473,14.960316736395587,1.408061263604413
2014-10-22,12.966248,0.8176432640797214,-0.22443278568485764,0.5806362967968812,-0.24000965335568916,13.557536153781555,14.491373275617612,-1.5251252756176115
2014-10-23,11.814941,0.6249421589633013,-0.1204474199581991,0.5649907952067907,-0.637513944168663,13.558423257930786,13.990394847974015,-2.1754538479740155
2014-10-24,13.117004,0.4321617352999584,0.0023030564187226273,0.5486357248222282,-0.8625864679520967,13.55934848901043,13.679862537599243,-0.5628585375992436
2014-10-25,15.282135,0.23935279803903806,0.1414907910589166,0.5315854670801106,-0.7900283014600785,13.560308347332398,13.682709102050385,1.5994258979496152
2014-10-26,16.798584,0.04649099986950319,0.29081623336138757,0.5138033026232223,-0.4391925613799178,13.561261561686614,13.973179536160808,2.8254044638391935
2014-10-27,15.6596985,-0.1464858532465591,0.4412937288634437,0.4952265308284059,0.05269762123687234,13.562148058816321,14.404880086498483,1.254818413501516
2014-10-28,11.532745,-0.3394143231594703,0.5841766386922417,0.47594842356855305,0.5091731741602277,13.56302066988437,14.792904583145923,-3.2601595831459225
2014-10-29,12.599884,-0.5321111667526128,0.7129265644237381,0.4560769476068321,0.7964238261856511,13.563942278127364,14.997258449590973,-2.3973744495909735
2014-10-30,14.303436,-0.7245946535559625,0.8231940242274884,0.43558482738280163,0.8686471673805047,13.564875013496813,14.967706378931645,-0.6642703789316453
2014-10-31,15.416412,-0.9168413822439796,0.9140770215667808,0.4144680195005842,0.7720953629840714,13.565801980333875,14.749601002141333,0.6668109978586667
2014-11-01,15.220825,-1.108869835084336,0.9870065437060761,0.39269791924211994,0.6065373869766449,13.566685150984426,14.444057165824931,0.7767678341750681
2014-11-02,17.790253,-1.3006090085739679,1.0440680554103048,0.37030646706489045,0.4719202300312743,13.567531238490387,14.153216982422888,3.6370360175771115
2014-11-03,12.918701,-1.4920728087626038,1.085483512144371,0.3472729950335623,0.4256059728221553,13.568304523429772,13.934594194667257,-1.0158931946672567
2014-11-04,12.028046,-1.6830322809866503,1.1109331919178853,0.32373764131095784,0.4755013231726695,13.569090914563034,13.796230789977896,-1.7681847899778962
2014-11-05,12.748505,-1.8734474962016472,1.1178857304882497,0.29971928341103354,0.5861332922106235,13.569881748484494,13.700172558392754,-0.9516675583927547
2014-11-06,15.283264,-2.0632823644288725,1.1038583676391094,0.275234789156442,0.7052363311249998,13.570666564989834,13.591713688481512,1.6915503115184887
2014-11-07,13.566467,-2.2525202888759326,1.068275623835239,0.25028877416825523,0.786372888945406,13.57142525962728,13.423842257700247,0.14262474229975197
2014-11-08,11.227142,-2.441058098346466,1.0144780413150478,0.22494382182977163,0.801062339240447,13.57218110641118,13.17160721044998,-1.9444652104499802
2014-11-09,13.40387,-2.62877282935123,0.94856409896057,0.19927639120684337,0.7321077523566172,13.572967363178224,12.824142776351025,0.579727223648975
2014-11-10,13.495972,-2.8156379994117784,0.8767645316251842,0.17330095999717327,0.5633237174660017,13.573769206849098,12.37152041652568,1.12445158347432
2014-11-11,12.225494,-3.0016142454170582,0.8044871430846408,0.14703698492637723,0.28354589504986005,13.574578369534805,11.808034147178626,0.41745985282137354
2014-11-12,12.150391,-3.1867445495846054,0.7349109687896216,0.12045063227621983,-0.10237603105383143,13.575345408939002,11.141586429366406,1.008804570633595
2014-11-13,10.077942,-3.371030805627802,0.6689714799881231,0.09353977119266907,-0.5611294921535968,13.576041617037369,10.406392570436761,-0.32845057043676107
2014-11-14,8.428497,-3.5543348525618095,0.6071764403408475,0.06639519532546947,-1.0263947909857711,13.576708661511399,9.669550653630136,-1.2410536536301358
2014-11-15,8.083923,-3.736490288423952,0.5507661870131245,0.039128731070675396,-1.4137137156803319,13.577402412379776,9.01709332635929,-0.9331703263592903
2014-11-16,8.456757,-3.9173980797107757,0.502772093158524,0.011807409672755311,-1.6466600168900503,13.578145178576337,8.52866658480679,-0.07190958480679122
2014-11-17,9.503998,-4.096999602623081,0.46844042162382804,-0.015525784017900694,-1.682301733308246,13.578939093600553,8.252552395275154,1.2514456047248448
2014-11-18,8.155609,-4.275222197799091,0.4542273253872312,-0.04281983899392397,-1.5256393691632906,13.579793583455539,8.190339502886465,-0.03473050288646462
2014-11-19,7.638672,-4.452004355371787,0.46589498219512526,-0.07003326126385614,-1.2250926697281552,13.580712756522585,8.299477452353912,-0.6608054523539124
2014-11-20,6.6912537,-4.627365449659689,0.5056226778478666,-0.09717966829718111,-0.852285098289223,13.581660479466175,8.510452941067948,-1.819199241067948
2014-11-21,8.97406,-4.801233990602989,0.5711338996941594,-0.12421496930082876,-0.4690495110641743,13.58264643322947,8.759281861955639,0.21477813804436074
2014-11-22,10.252289,-4.9736088506422735,0.6550566259945216,-0.15113820652836477,-0.10237166300576786,13.583645253154588,9.011583158972703,1.240705841027296
2014-11-23,11.588501,-5.144501681014232,0.7470717394671211,-0.17795854548948684,0.2666405357599161,13.584625500616855,9.275877549340175,2.312623450659826
2014-11-24,9.789795,-5.313884544731694,0.836208474048938,-0.20465843580298337,0.6880045872323848,13.58557576083043,9.591245841577075,0.19854915842292442
2014-11-25,9.036438,-5.481629306043396,0.9134771361518677,-0.23115093380234175,1.2093048850252888,13.586534898288345,9.996536679619766,-0.9600986796197652
2014-11-26,8.224457,-5.64769471335409,0.9720300619331138,-0.2574114169840245,1.8308375538755102,13.587498643467102,10.485260128937611,-2.260803128937612
2014-11-27,10.700043,-5.812043164850954,1.0071869857307318,-0.2834218792691843,2.476731271151581,13.588461170482804,10.976914383244978,-0.27687138324497695
2014-11-28,12.432526,-5.974709370609787,1.0150914533750737,-0.30920949612377246,2.9960313759681876,13.589380626292549,11.31658458890225,1.115941411097749
2014-11-29,12.348206,-6.13570441218709,0.9927503402487553,-0.334786862735748,3.2047846253701957,13.590227351563268,11.317271042259382,1.0309349577406177
2014-11-30,11.7690735,-6.295008013075032,0.9380561259290551,-0.360138485063574,2.9519534757711017,13.590987582982518,10.825850686544069,0.9432228134559306
2014-12-01,11.058746,-6.452563128800399,0.850020465424408,-0.38521884953695806,2.185609787392948,13.591666039030395,9.789514313510393,1.269231686489606
2014-12-02,5.4003906,-6.608273475480461,0.7296635304175731,-0.40995518554535565,0.9958601320531758,13.592287212776505,8.299582214221438,-2.8991916142214382
2014-12-03,5.3881226,-6.7619158107771185,0.5816750698227091,-0.4341930779508816,-0.3843935511920936,13.592939435936579,6.594112065839194,-1.2059894658391936
2014-12-04,7.1008606,-6.913401442353049,0.4127632333372698,-0.45786745755877983,-1.6381586898239837,13.593644080646152,4.996979724247609,2.103880875752391
2014-12-05,4.0292053,-7.0628098057267685,0.23134077345700993,-0.48102356898443627,-2.4556894556816387,13.594338732061797,3.8261566751259632,0.20304862487403685
2014-12-06,1.6053467,-7.209973043959082,0.047223608219890204,-0.5035479504169611,-2.6353312060672365,13.595085133281508,3.2934565410581182,-1.6881098410581183
2014-12-07,3.0559082,-7.354760134400135,-0.13180626365928275,-0.5253535649348138,-2.164715263761995,13.595926971480601,3.419291744724374,-0.36338354472437384
2014-12-08,4.13678,-7.497229639825725,-0.30225152658942656,-0.5464799351243251,-1.238189921673331,13.596813378053794,4.012662354840986,0.12411764515901424
2014-12-09,4.25589,-7.637391898947936,-0.46403903646484534,-0.5669361401860711,-0.19442088148948308,13.597717975779185,4.73493001869085,-0.4790400186908501
2014-12-10,5.3174744,-7.775185838357874,-0.6191094405991213,-0.5866845649909493,0.5998930586685738,13.598650541932102,5.21756375665273,0.09991064334727007
2014-12-11,8.50592,-7.910527480286792,-0.7698070530285953,-0.605672493718617,0.8778985977304677,13.599632725870123,5.1915242965665875,3.314395703433412
2014-12-12,3.5119324,-8.043436997741505,-0.9171665094897982,-0.6239127867008001,0.565883265430067,13.600634460954023,4.582001432451987,-1.070069032451987
2014-12-13,2.668457,-8.17382548986496,-1.0579759250847502,-0.6413452936046482,-0.1901879201843517,13.601680612553283,3.5383459838145725,-0.8698889838145725
2014-12-14,0.9225769,-8.301613141085804,-1.1870252410810567,-0.6579175179659995,-1.0911815228573742,13.60279183104175,2.365054408051515,-1.4424775080515149
2014-12-15,2.7472534,-8.42674614537406,-1.2979678210764762,-0.6735954300658307,-1.798762100271859,13.60397620038778,1.4069047035995546,1.3403486964004454
2014-12-16,3.0050354,-8.549226983412108,-1.385858448219285,-0.6883833680011021,-2.0616686394188473,13.60521410684235,0.9200766677910082,2.084958732208992
2014-12-17,0.13442993,-8.6689914774959,-1.4478224731402825,-0.7022417032865138,-1.798479226136726,13.60651970853729,0.9889848284778662,-0.8545548984778661
2014-12-18,-0.5592346,-8.785981176492594,-1.4837231558641932,-0.7151392682519946,-1.114262797912151,13.607904799597817,1.5087984010768825,-2.0680330010768824
2014-12-19,1.8814392,-8.900181006847912,-1.4966475257111074,-0.7270788540521222,-0.2488651356708039,13.609359949681252,2.2365874273993054,-0.3551482273993054
2014-12-20,5.5460205,-9.011623055789354,-1.4916152789825439,-0.7380966031086579,0.5242217810082486,13.610852538000918,2.8937393811286114,2.6522811188713886
2014-12-21,3.88443,-9.120398827264797,-1.4732981721971508,-0.7482656040155619,1.0038587381834227,13.612320639801027,3.2742167745069413,0.6102132254930588
2014-12-22,1.5501404,-9.226396360855512,-1.443252703141383,-0.757521223144404,1.1278234977755879,13.613804465861271,3.314457676495561,-1.7643172764955608
2014-12-23,1.9040833,-9.329523907081331,-1.400673957383157,-0.7658129380955079,0.9677898473274289,13.615334638725916,3.0871136834933495,-1.1830303834933495
2014-12-24,3.5533447,-9.429773569060416,-1.3437500000800036,-0.773145532684764,0.6705650309799962,13.61690024599,2.740796175144812,0.8125485248551878
2014-12-25,2.8563232,-9.52710033110506,-1.2705572930004119,-0.7794988105032963,0.3802132902605971,13.618509448557909,2.421566304209737,0.434756895790263
2014-12-26,1.0346985,-9.621504921919453,-1.1800052365152696,-0.7848821812397424,0.1763226070965962,13.620148045440741,2.2100783128628727,-1.1753798128628727
2014-12-27,0.7298584,-9.712876891203926,-1.0726088983391417,-0.7892376125921227,0.0532282194721544,13.621857903018192,2.1003627203551556,-1.3705043203551557
2014-12-28,2.899109,-9.801259684262979,-0.9511961152700195,-0.7926085715747406,-0.054608574358514905,13.623604237492177,2.0239312920259245,0.8751777079740757
2014-12-29,2.4741516,-9.886743939790033,-0.819968492877679,-0.7950688833502536,-0.2158494638818695,13.625329117240815,1.9076983373409782,0.5664532626590217
2014-12-30,2.8276978,-9.96928009751457,-0.682270855082933,-0.7966005537253031,-0.44610322061051,13.627045271726647,1.73279054479333,1.09490725520667
2014-12-31,4.230194,-10.048817236646824,-0.540391475689993,-0.7971857801563909,-0.6901032608648696,13.628766631268617,1.552268877910537,2.677925122089463
2015-01-01,-0.2692566,-10.125363638185863,-0.3954266745018238,-0.7968440719167653,-0.8459289045645954,13.630477872867747,1.4669145836986992,-1.7361711836986993
2015-01-02,0.26815796,-10.198738568651716,-0.24647857568401135,-0.7954722495405938,-0.8169249835713098,13.632258666691984,1.5746442892443504,-1.3064863292443505
2015-01-03,0.4946289,-10.268936410353984,-0.09377940171038271,-0.7930822273680725,-0.5751893144960958,13.634101542352878,1.903114188424345,-1.408485288424345
2015-01-04,1.6651306,-10.335938340690324,0.06122084193704107,-0.7896811981210361,-0.18595901563014733,13.636006287422301,2.3856485749178358,-0.7205179749178359
2015-01-05,5.0938416,-10.399754951934353,0.21527437254088477,-0.7852981317315231,0.21348456392456383,13.637958510359944,2.8816643631595156,2.2121772368404846
2015-01-06,5.942444,-10.460490105907681,0.3635767256160275,-0.7800202355024343,0.47427644968337335,13.639897493588691,3.237240327477977,2.705203672522023
2015-01-07,2.2313538,-10.518178233894727,0.5017711464529455,-0.7738875677454198,0.5081237847297436,13.64179773901069,3.3596268685532333,-1.1282730685532334
2015-01-08,2.4336853,-10.572673498853177,0.627474296679704,-0.7668252049865061,0.33043812622634106,13.643724612848821,3.2621383319151818,-0.8284530319151817
2015-01-09,2.531311,-10.623917348012728,0.7392051227546649,-0.7588194208440366,0.04886506349427905,13.645700237994888,3.0510336553870676,-0.5197226553870675
2015-01-10,2.4100037,-10.671960198631556,0.836840420369016,-0.7499296208992225,-0.18620193648409056,13.647692634384969,2.876441298739117,-0.46643759873911694
2015-01-11,3.1330261,-10.716830716945651,0.9211896846363629,-0.7401968299933397,-0.2528313916283803,13.64968110881992,2.861011854888913,0.27201424511108696
2015-01-12,1.433075,-10.758519735569724,0.9927961329561652,-0.7296360105262091,-0.1178385233541776,13.651664342261004,3.03846620576706,-1.6053912057670598
2015-01-13,2.8739014,-10.79700482316732,1.0512881480948022,-0.7182568001302674,0.1443712544782051,13.653648145132045,3.334045924407464,-0.46014452440746423
2015-01-14,5.0178223,-10.832326254939739,1.0941193611666025,-0.70611339840235,0.3800742016924416,13.655607512699872,3.5913614222168277,1.426460877783172
2015-01-15,4.006439,-10.864517778730733,1.1176574464212865,-0.6932551776125762,0.42823831114882555,13.657521173203639,3.6456439744304436,0.36079502556955667
2015-01-16,4.739624,-10.893565576980976,1.119200918422791,-0.6796949738531299,0.2017483388855469,13.659391973475024,3.4070806799492583,1.3325433200507417
2015-01-17,1.4074707,-10.919444170412039,1.0976381606613264,-0.6654353036205088,-0.26388018453717355,13.661228921521557,2.9101074236131623,-1.5026367236131624
2015-01-18,1.5949707,-10.942058643982858,1.05517169504296,-0.6504336473091843,-0.8082057064760424,13.663076406476815,2.3175501037516906,-0.7225794037516906
2015-01-19,2.946869,-10.961419694089496,0.9955435078737377,-0.6347171504947822,-1.204439324719691,13.664926426191036,1.8598937647608036,1.0869752352391964
2015-01-20,2.468628,-10.977644303039817,0.9228584615393789,-0.6183883406161258,-1.2453851895840118,13.66671841116852,1.7481590394679447,0.7204689605320551
2015-01-21,1.9853516,-10.990695866718417,0.8405154687322309,-0.6014515793792384,-0.8256989163918607,13.668469134955968,2.091138241198683,-0.1057866411986832
2015-01-22,3.855835,-11.00050202412854,0.7491053632907171,-0.5838862307632442,0.0068143431553231715,13.67021361374412,2.841745065298376,1.014089934701624
2015-01-23,3.5429993,-11.007154137087435,0.645310960208554,-0.5657748946641603,1.0539395921618957,13.671905285118857,3.7982268057377127,-0.2552275057377127
2015-01-24,1.6497803,-11.01061761068171,0.5240305576703406,-0.5471164071472835,2.0281434932071,13.673561063917072,4.668001096965519,-3.018220796965519
2015-01-25,4.9846497,-11.010864789820634,0.3802383292695075,-0.5279169911315422,2.644053193069736,13.675194931140636,5.160704672527704,-0.1760549725277034
2015-01-26,7.687744,-11.00796175810867,0.21047589107532,-0.5082493014844319,2.711012468628915,13.676774483489512,5.082051783600646,2.6056922163993548
2015-01-27,6.886505,-11.001987489995088,0.01592981491803006,-0.4881922421390672,2.203807105545488,13.678261270757966,4.407818459087329,2.478686540912671
2015-01-28,0.78793335,-10.992924775926749,-0.19619853522149786,-0.4677511749336594,1.277854651808299,13.679665327683429,3.300645493409821,-2.512712143409821
2015-01-29,1.6243286,-10.980503485487574,-0.41348323717772595,-0.4467611610188281,0.21889978736654073,13.681123623072468,2.0592755267548792,-0.43494692675487934
2015-01-30,-0.10232544,-10.964788607773693,-0.6236525501853647,-0.42527712735850587,-0.6634272374572686,13.682605915790653,1.005460393015822,-1.107785833015822
2015-01-31,0.19949341,-10.945703922766391,-0.8154276927177203,-0.40326816427877765,-1.139150671283403,13.68415322715478,0.38060277610848736,-0.18110936610848735
2015-02-01,-0.4918213,-10.923269059145637,-0.9813349762029805,-0.38076788313869214,-1.1381058419913515,13.685759103386065,0.26228134290740535,-0.7541026429074054
2015-02-02,0.7012634,-10.897491273735564,-1.1174088518149436,-0.3578018292820009,-0.7655615522116904,13.687423878269417,0.5491603712252182,0.15210302877478177
2015-02-03,1.9034729,-10.868389572095925,-1.2226054869561511,-0.3344047579082241,-0.25350315311212507,13.689142494683939,1.010239524611512,0.893233375388488
2015-02-04,2.8129578,-10.835970228594924,-1.2968516993082055,-0.3106114070862144,0.13869873261638818,13.690916956326923,1.3861823539539664,1.4267754460460336
2015-02-05,-0.16009521,-10.800435245220974,-1.3399452463557515,-0.2865786338693285,0.23137120057193802,13.692651674932499,1.4970637500583823,-1.6571589600583823
2015-02-06,1.5955505,-10.761685139848957,-1.3501252675606878,-0.2622583851428588,-0.002705786826477735,13.69440235134241,1.3176277719634264,0.2779227280365737
2015-02-07,3.2449036,-10.719775761842325,-1.3271133486192317,-0.23770510045852436,-0.4411557649304836,13.696147478418256,0.9703975025676908,2.2745060974323095
2015-02-08,1.8508606,-10.674789039298101,-1.2728533640777269,-0.21299303047264706,-0.874332394737389,13.697852946267655,0.6628851176817907,1.1879754823182094
2015-02-09,-2.132721,-10.626725932048478,-1.1919965332323255,-0.1881412914833368,-1.106481664257679,13.699525529084635,0.5861801080628162,-2.7189011080628163
2015-02-10,0.00592041,-10.575437660538174,-1.0917926625528003,-0.16307005249617268,-1.0500639133728458,13.701247472078482,0.8208831831184895,-0.8149627731184895
2015-02-11,2.3768005,-10.521051502459605,-0.9824140213225512,-0.13787890717554735,-0.7697474730947691,13.70296320715263,1.291871303100157,1.084929196899843
2015-02-12,2.9468384,-10.46363497083762,-0.8727133186993399,-0.1126302159120775,-0.4398038680374561,13.704647637794169,1.815865264307675,1.130973135692325
2015-02-13,0.37451172,-10.403153969261691,-0.7670326751227068,-0.08731553288679923,-0.2461729053694679,13.706326945759177,2.2026518631185112,-1.8281401431185111
2015-02-14,1.4202881,-10.339445937578404,-0.6638370701559038,-0.061837647313542264,-0.2831531851683242,13.708091951216447,2.3598181110002745,-0.9395300110002744
2015-02-15,2.7224731,-10.272554549083125,-0.558215401751379,-0.036233329860425094,-0.5019305666713803,13.709930856860336,2.3409970094940267,0.38147609050597353
2015-02-16,4.5979614,-10.202648148337525,-0.44413513960723694,-0.010629524404023639,-0.72976578568174,13.711769994237176,2.3245913962066496,2.2733700037933504
2015-02-17,2.890747,-10.12986601556377,-0.31752225528895905,0.014859865981538033,-0.7572121227551817,13.713550755528068,2.5238102279016967,0.36693677209830344
2015-02-18,1.6478577,-10.054161940464152,-0.1779866072547192,0.04024719422895939,-0.4479177725156862,13.715307776190418,3.0754886501848198,-1.4276309501848197
2015-02-19,3.5845337,-9.97553707332948,-0.030437679549172654,0.06551709707871697,0.17951855159704402,13.717052375913187,3.9561132717102936,-0.37157957171029343
2015-02-20,2.9634094,-9.89400787187379,0.11618944908395112,0.09064719915284478,0.9470821682788272,13.7187887039104,4.978699648552233,-2.015290248552233
2015-02-21,4.2086487,-9.80956436051928,0.25267525251597167,0.11563575267474599,1.5957926029962437,13.720534414835335,5.875073662503017,-1.666424962503017
2015-02-22,7.9099426,-9.722278806282889,0.37165774010822034,0.1404279915645511,1.9012963519835786,13.722266287533506,6.413369564906967,1.496573035093033
2015-02-23,10.524994,-9.63231995503758,0.4691757026417101,0.16490491750191189,1.7744593245357378,13.723913246923102,6.500133236564882,4.024860763435117
2015-02-24,6.128723,-9.539766916396875,0.5451735085600243,0.1890073256562568,1.2971774939016991,13.725449591780539,6.217041003501645,-0.08831800350164531
2015-02-25,5.4726257,-9.444537683292598,0.6022621543967004,0.21278353084066395,0.6753771434332938,13.72693066124841,5.772815806626471,-0.30019010662647094
2015-02-26,4.370056,-9.346653963269858,0.641070430516962,0.2362135427419737,0.13009434042947207,13.728360202331412,5.389084552749962,-1.0190285527499618
2015-02-27,4.8861084,-9.246064433952313,0.6595848736273026,0.2593274645712845,-0.1982443727352466,13.729778779191857,5.204382310702886,-0.318273910702886
2015-02-28,5.1770935,-9.142728291224449,0.6533132031914411,0.28214888262332793,-0.2939560816594277,13.731222137373187,5.229999850304081,-0.052906350304080974
2015-03-01,6.187378,-9.036649075032727,0.61792321934617,0.3046710959626572,-0.23833907519948744,13.732704239592271,5.380310404668885,0.807067595331115
2015-03-02,5.5195923,-8.92794390795898,0.552229159050767,0.3268144039908115,-0.13850982091392813,13.73418263457658,5.546772468745251,-0.027180168745251088
2015-03-03,4.255066,-8.816725887224504,0.460930693838126,0.3485034310474079,-0.059354303560599814,13.735617212470796,5.668971146571227,-1.413905146571227
2015-03-04,7.7847595,-8.702981130160008,0.3546298406440837,0.3697443387479511,-0.0033366848811775957,13.737031839933795,5.755088204284644,2.0296712957153558
2015-03-05,5.448883,-8.586771285049128,0.2464735949144513,0.3904982602678901,0.05409943223947161,13.73841285551809,5.842712857890776,-0.3938298578907755
2015-03-06,4.4965515,-8.468045589993704,0.15029378285322886,0.410801203445739,0.11280184632683936,13.739803270246174,5.945654512878277,-1.4491030128782771
2015-03-07,4.436249,-8.346841799922446,0.07584579757853929,0.43063294362187055,0.10743589260951225,13.741202247844086,6.008275081731562,-1.572026081731562
2015-03-08,7.018738,-8.223159510623464,0.027280791845467,0.4500036093419161,-0.07388113951701694,13.742628297000616,5.922872048047518,1.095865951952482
2015-03-09,7.1511536,-8.09708962012565,0.003363780218012258,0.4688670936087623,-0.5180100628600001,13.744054471512793,5.6011856623539185,1.5499679376460813
2015-03-10,4.322876,-7.968647918484955,0.0008296587775072917,0.487225347407219,-1.197375124851269,13.745491764397586,5.067523727246089,-0.7446477272460887
2015-03-11,3.4998474,-7.8379593191575205,0.01689158616569475,0.505010190358389,-1.9266705295370448,13.746896906054774,4.504168833884293,-1.004321433884293
2015-03-12,4.735779,-7.705006857698583,0.05026767313340623,0.5222440327939818,-2.4046373223961646,13.74829799681298,4.21116552264562,0.5246134773543796
2015-03-13,6.31485,-7.5698163200957636,0.10020827040179042,0.5389201989319703,-2.332674968102663,13.749701954710824,4.486339135846158,1.8285108641538415
2015-03-14,4.316284,-7.432420825801518,0.1648225387692179,0.555023473102896,-1.5586500036875188,13.751112470081774,5.47988765246485,-1.1636036524648503
2015-03-15,5.5768433,-7.292854642964327,0.23930154063704281,0.5705381484386494,-0.17759583298305093,13.752533127971468,7.0919223410997825,-1.5150790410997823
2015-03-16,9.378357,-7.151234026250037,0.31391014038330517,0.5853990186604858,1.4618697043370754,13.753926677944941,8.96387151507577,0.41448548492422965
2015-03-17,12.14444,-7.007659160941625,0.3757275300694053,0.599550030065255,2.8668596178211714,13.755264208497042,10.58974222551125,1.5546977744887496
2015-03-18,12.38501,-6.862220463597422,0.4128426540902396,0.6129439560666737,3.5815299132686365,13.756521980548591,11.501618040376718,0.8833919596232818
2015-03-19,11.710541,-6.714862059211461,0.4190528760289762,0.6256312857900084,3.3610312382062233,13.75774973032452,11.448603071138267,0.26193792886173206
2015-03-20,10.1658325,-6.5656242587817015,0.3961344268967881,0.6376047385675858,2.2619988829778586,13.758949308094428,10.489063097754958,-0.3232305977549572
2015-03-21,7.0247803,-6.414524919738911,0.3540454738089843,0.6488779512288376,0.6174616872292702,13.760133945121337,8.965994137649519,-1.941213837649519
2015-03-22,9.3220825,-6.261562406643549,0.30802894874335834,0.659476129279741,-1.0894989724812598,13.761326907147252,7.3777706060455435,1.944311893954457
2015-03-23,5.853546,-6.106910578539687,0.2724842139321493,0.6693074607577254,-2.3995876913554874,13.762463994441909,6.197757399236609,-0.3442113992366096
2015-03-24,4.6708984,-5.950455654700202,0.25828167604284535,0.678468763768557,-3.0154586797600134,13.763625219183687,5.734461324534873,-1.0635629245348737
2015-03-25,4.7044983,-5.792166203538569,0.26791189027447415,0.6870061853645189,-2.873663669412404,13.764849534484183,6.053937737172204,-1.3494394371722036
2015-03-26,6.039398,-5.632124941898047,0.2953372618932334,0.6948865785735949,-2.1197340249909975,13.76611905437762,7.004483927955404,-0.9650859279554034
2015-03-27,9.46875,-5.47038145507894,0.32881168432087826,0.7020919857975945,-1.015643013372861,13.76743284901273,8.312312050679402,1.1564379493205976
2015-03-28,10.799103,-5.307154323516476,0.35467437153318754,0.7085000628175327,0.16964078377297992,13.768705665484822,9.694366560092046,1.1047364399079544
2015-03-29,11.340546,-5.142447326001406,0.362248315935984,0.7141349757086061,1.2404575231282624,13.769959894085718,10.944353382857164,0.3961926171428356
2015-03-30,12.109222,-4.976277618363049,0.3451413134624078,0.719012913177165,2.0920072592226213,13.771211373159746,11.95109524065889,0.1581267593411102
2015-03-31,13.274445,-4.808708440693525,0.30078760736134685,0.7231198482758425,2.6780789845708552,13.772453108706642,12.665731108221161,0.6087138917788391
2015-04-01,12.580872,-4.639828035889257,0.22903371400118122,0.7264291549267421,2.9623636405946363,13.773665779988656,13.051664253621958,-0.4707922536219584
2015-04-02,9.893829,-4.469707078328169,0.13109573955384884,0.7289287723940844,2.890144364430739,13.774839087394346,13.055300885444849,-3.1614718854448487
2015-04-03,16.18692,-4.29828596694175,0.009138328903719063,0.7306887675028155,2.3988267740005287,13.77602824084982,12.616396144315134,3.5705238556848666
2015-04-04,9.497192,-4.125836383261375,-0.13505897209840861,0.7315641497045413,1.4606228053031312,13.777122696946348,11.708414296594237,-2.2112222965942365
2015-04-05,9.858307,-3.9521343296608498,-0.29417009092811,0.7317355998378056,0.15287377726131773,13.778260091851227,10.41656504836139,-0.5582580483613899
2015-04-06,14.771393,-3.7773160287635807,-0.45839487049349864,0.7311539925955427,-1.3249425132170696,13.779397863612987,8.94989844373438,5.82149455626562
2015-04-07,8.013855,-3.601686457455008,-0.6152317099721447,0.7296619941500807,-2.6765712907270025,13.780409114093382,7.616581650089308,0.39727334991069174
2015-04-08,1.8381348,-3.424967510572524,-0.7480740794733545,0.7274853774404466,-3.5820159946018713,13.781458947170677,6.753886739963374,-4.915751939963374
2015-04-09,5.0811462,-3.2469861723575946,-0.8426493916359521,0.7247800562568749,-3.818196769756998,13.782660052484724,6.599607774991054,-1.5184615749910542
2015-04-10,8.427185,-3.067876223447411,-0.8921354858865441,0.7214942394740542,-3.355113427060268,13.7839718614101,7.190340964489931,1.2368440355100683
2015-04-11,9.669861,-2.8877872813360757,-0.8968759629594418,0.7175629488354222,-2.371024020379591,13.785346090321351,8.347221774481664,1.3226392255183352
2015-04-12,10.202515,-2.7068369431675787,-0.8629290516765842,0.7129445171305308,-1.1871127687708447,13.786750642160746,9.742816395676268,0.4596986043237319
2015-04-13,8.892059,-2.5251803088085336,-0.7995876752294472,0.7075738908772955,-0.14689888428987663,13.788134764958246,11.024041787507684,-2.1319827875076847
2015-04-14,12.362152,-2.342803659549732,-0.7155396618183847,0.7014967226745179,0.5117553340401846,13.789532241024242,11.944440976370828,0.4177110236291721
2015-04-15,11.459717,-2.1598104161879714,-0.6175688982267139,0.6946889173889172,0.7310816250490717,13.790918312929051,12.439309540952355,-0.9795925409523552
2015-04-16,14.083588,-1.9761687467038702,-0.5079795470968006,0.6872152338300825,0.6343115829046695,13.792336123143034,12.629714646077115,1.4538733539228854
2015-04-17,13.088715,-1.792003242587879,-0.3870802490629993,0.6790368754863167,0.4400855797002078,13.793750482704926,12.733789446240571,0.35492555375942914
2015-04-18,11.883026,-1.6073285153089119,-0.25385495610877895,0.670186038187442,0.3486126055970396,13.795181342897893,12.952796515264684,-1.0697705152646844
2015-04-19,13.391724,-1.422196588924705,-0.10885895254427873,0.6606740095101027,0.4427027877238725,13.79662999392355,13.368951249688543,0.0227727503114572
2015-04-20,16.483582,-1.2367233444890782,0.04420826947329835,0.6504716991432006,0.657371626548122,13.798065848632433,13.913394099307975,2.570187900692023
2015-04-21,14.135376,-1.051107979384026,0.19921871369949107,0.6394957741491194,0.8322495900868251,13.79941662331549,14.4192727218669,-0.28389672186689907
2015-04-22,13.44162,-0.8652928701399767,0.35089484323386994,0.6278287030063214,0.817015974963317,13.800738637949705,14.731185289013236,-1.289565289013236
2015-04-23,15.003876,-0.6792729872180963,0.49514023973500304,0.6155183939296065,0.5613257250150109,13.802062028450049,14.794773399911573,0.20910260008842663
2015-04-24,15.375,-0.4931336271067501,0.6298324165060937,0.6025574406621765,0.15181734586645163,13.803371682846825,14.694445258774797,0.6805547412252029
2015-04-25,12.86087,-0.30693772973291855,0.7553817376773462,0.5889564950047079,-0.22305145476393667,13.804663539831791,14.61901258801699,-1.7581425880169892
2015-04-26,14.356232,-0.12069364583116679,0.8738238778391825,0.5747591480364971,-0.3654435936286007,13.80596095024876,14.768406736664673,-0.41217473666467264
2015-04-27,16.815094,0.06552910217245121,0.985883981081448,0.5599689908100268,-0.17328540224458516,13.807256553635234,15.245353225454576,1.5697407745454228
2015-04-28,18.043884,0.2516309644441418,1.090096312567086,0.5445709445181217,0.3045467725248067,13.808527951845647,15.999372945899804,2.0445110541001945
2015-04-29,15.687195,0.4375214646380886,1.1829902454819659,0.5285569727136494,0.8864209448656771,13.809757259762225,16.845246887461606,-1.1580518874616068
2015-04-30,15.699219,0.6231846115876988,1.2603448305755751,0.5119682331176829,1.3383617964275487,13.810963890799941,17.544823362508446,-1.8456043625084462
2015-05-01,17.240662,0.8085399741724257,1.3174429000335013,0.49480419122477914,1.470958551309376,13.812134953139006,17.90388056987909,-0.6632185698790884
2015-05-02,17.756134,0.9935312024412541,1.3506696354287213,0.47708064086501856,1.214423543917546,13.813269496231598,17.848974518884138,-0.09284051888413813
2015-05-03,17.837769,1.1781450225443257,1.3589536786700624,0.4588449828736627,0.6382733477351673,13.814388069898241,17.44860510172146,0.38916389827854303
2015-05-04,18.829315,1.36233938104358,1.3437813468756763,0.44012746076377535,-0.0900646314355004,13.815496687243611,16.87168024449114,1.9576347555088596
2015-05-05,13.790955,1.5460186293238187,1.3085598086224648,0.4209261513627558,-0.7794625565393952,13.81657438966939,16.312616422439035,-2.521661422439035
2015-05-06,16.16159,1.7292628444026932,1.2589724332972427,0.40135612612893257,-1.2808626746956493,13.817688044189085,15.926416773322304,0.2351732266776967
2015-05-07,16.888336,1.9118925535116906,1.1993828373291857,0.38136256841337746,-1.5294720098733603,13.818774609273744,15.781940558654638,1.1063954413453612
2015-05-08,17.962463,2.0938483203682408,1.1339312750239658,0.360965211431087,-1.5312803394523133,13.81983112057017,15.87729558794115,2.0851674120588495
2015-05-09,16.134003,2.2751282092599316,1.0659189481929336,0.3402188441648537,-1.328519576210466,13.820883284429168,16.173629709836423,-0.03962670983642269
2015-05-10,15.859528,2.4556899535465577,0.9980133208699868,0.31915217896166903,-0.9652023877645265,13.821936479592036,16.629589545205725,-0.770061545205726
2015-05-11,15.003235,2.635480467438645,0.9316787671738123,0.2977870374860403,-0.4778274242972697,13.822990521427702,17.21010936922893,-2.206874369228931
2015-05-12,18.059692,2.8145253907036833,0.8676122830807982,0.27619595626816257,0.09432895032331809,13.82408447292937,17.87674705330533,0.18294494669466843
2015-05-13,18.922394,2.992698318440808,0.8050223830545502,0.25435214862653255,0.6892206473170168,13.82518114352632,18.566474640965225,0.35591935903477534
2015-05-14,20.57373,3.1699140729860513,0.7431554920326442,0.23225393479440593,1.220109514968535,13.826263925879699,19.191696940661338,1.3820330593386636
2015-05-15,20.306427,3.3460999889080356,0.6811968188050175,0.20990602522093205,1.589668347021732,13.827322360648283,19.654193540604002,0.6522334593959975
2015-05-16,19.249054,3.5211501516362853,0.618811117351575,0.187294553286691,1.7209685907698515,13.828329091672126,19.87655350471653,-0.6274995047165284
2015-05-17,18.868958,3.6950351696399335,0.5562098600639028,0.1644578854674605,1.585216218350717,13.82929483411911,19.830213967641125,-0.9612559676411259
2015-05-18,19.413605,3.867738127587268,0.49379589955382264,0.14144287749382636,1.212174065304571,13.830236461218849,19.54538743115834,-0.13178243115833865
2015-05-19,19.401154,4.039162640964147,0.432000649721739,0.11824589213263767,0.6800175787636509,13.83113083367607,19.100557595258245,0.30059640474175353
2015-05-20,18.88379,4.2093005532842085,0.3719316924785879,0.0949199706841397,0.09231392040386172,13.831998721188041,18.60046485803884,0.28332514196116065
2015-05-21,16.576874,4.378118891792395,0.3154135555267932,0.07150269859231068,-0.44804564723465135,13.832848284127595,18.149837782804443,-1.5729637828044432
2015-05-22,17.234161,4.545539787842401,0.265121503107535,0.048003907024687584,-0.8548375279120257,13.833664994020653,17.83749266408325,-0.6033316640832496
2015-05-23,19.085602,4.711573845253727,0.22374855611083505,0.02449208642515488,-1.0646633407231665,13.834478324114952,17.729629471181504,1.3559725288184978
2015-05-24,18.090118,4.876125803244413,0.19325737976981305,0.0009680673151429443,-1.0348133269137643,13.835264539008508,17.870802462424113,0.21931553757588773
2015-05-25,18.194977,5.039254402071052,0.17477212937359352,-0.022467291749298016,-0.7444248715702766,13.836076780664898,18.283211148789967,-0.08823414878996516
2015-05-26,20.077698,5.20094323929916,0.16650770360359368,-0.045767619782120274,-0.21187171858685155,13.836930453539848,18.946742058073628,1.1309559419263735
2015-05-27,21.500183,5.361030740227922,0.16298836185088572,-0.06898730474136773,0.48668191536039196,13.837768166185738,19.77948187888357,1.7207011211164307
2015-05-28,19.743103,5.519485155742118,0.1564666607844125,-0.09209679359315293,1.2146662409016835,13.838597300395897,20.63711856423096,-0.8940155642309584
2015-05-29,18.735565,5.676229135361689,0.13874277035531643,-0.11509406516530134,1.796616997335257,13.839402059136242,21.335896897023204,-2.600331897023203
2015-05-30,21.732056,5.831260305093446,0.10310236201172146,-0.13792577148793075,2.0632741683499276,13.840203768121826,21.699914832088993,0.032141167911007074
2015-05-31,22.505005,5.984508780161714,0.04576647728999556,-0.16058111572808303,1.9082822540633984,13.840989754753927,21.618966150540952,0.8860388494590481
2015-06-01,20.479858,6.13584507418078,-0.03208089173083138,-0.183088306578222,1.3370577175252816,13.841717174287425,21.099450767684434,-0.6195927676844342
2015-06-02,21.636108,6.2853607926065695,-0.12415605779067444,-0.2053333789654684,0.4764164091100692,13.842453662970565,20.274741427931062,1.3613665720689383
2015-06-03,19.524017,6.432964896434518,-0.2226039218277196,-0.22731999522351853,-0.4675438832917748,13.843175185380579,19.358672281472085,0.16534471852791555
2015-06-04,19.524628,6.578633493885565,-0.3196251131498109,-0.2490108514789573,-1.2764962612090969,13.843891052067182,18.577392320114882,0.947235679885118
2015-06-05,16.817291,6.722318965680733,-0.4107736822397756,-0.27038309195881755,-1.793999745427465,13.844598262893793,18.09176070894847,-1.2744697089484696
2015-06-06,16.876465,6.864062974646439,-0.49530755993383824,-0.29135688842720764,-1.9655270349341223,13.845338240050964,17.957209731402234,-1.080744731402234
2015-06-07,17.479614,7.003795463304087,-0.5766207833423681,-0.3119268158933092,-1.837393824937514,13.846096260605629,18.123950299736524,-0.6443362997365227
2015-06-08,18.74173,7.141448296974177,-0.6598642193056418,-0.3320876509934934,-1.512578174551392,13.846858286166967,18.483776538290616,0.25795346170938416
2015-06-09,19.021576,7.276977200870475,-0.7496958269600422,-0.3518173954028369,-1.094568620133362,13.847621785168979,18.928517143543214,0.09305885645678558
2015-06-10,20.052063,7.410379970641034,-0.8485207873007128,-0.371070154034424,-0.6479898010356531,13.848405005822302,19.391204234092548,0.6608587659074523
2015-06-11,20.127869,7.541590783328167,-0.9567374601120647,-0.389846196942799,-0.19704502734809057,13.84919412966387,19.847156228589082,0.28071277141091855
2015-06-12,19.637726,7.670576907172601,-1.0732985160775639,-0.4081253132217296,0.24648078107191151,13.84999164049338,20.2856254994386,-0.6478994994385978
2015-06-13,22.093048,7.797301728556954,-1.1973547420838022,-0.4258889663244768,0.6443603705901577,13.85079768563939,20.669216076378223,1.4238319236217762
2015-06-14,20.093262,7.921689246882199,-1.3296918881574455,-0.4431451348976296,0.913206224292744,13.85159229235943,20.913650740479298,-0.8203887404792987
2015-06-15,22.030487,8.04370304115502,-1.4711831419542933,-0.45987947548753605,0.9506627108268361,13.852374933514252,20.915678068054277,1.1148089319457242
2015-06-16,20.44461,8.163280215489578,-1.6223419331588291,-0.47609339575371096,0.6875596420169733,13.8531314188857,20.605535947479712,-0.16092594747971134
2015-06-17,20.238892,8.28043173600095,-1.780193818552553,-0.49173899902828344,0.15008316406602695,13.853884221171585,20.012466303657725,0.22642569634227527
2015-06-18,18.479736,8.395135175979693,-1.9380283826544085,-0.5067917531727046,-0.5182388702991771,13.854638858442058,19.28671502829546,-0.8069790282954621
2015-06-19,16.872284,8.507434432994216,-2.0854748221190595,-0.5211816450952873,-1.0878576171603596,13.8554336740482,18.66835402266771,-1.7960700226677098
2015-06-20,19.563232,8.617373821498168,-2.211261975270778,-0.5348379885222175,-1.328942530499945,13.85630680407217,18.398638131277398,1.1645938687226014
2015-06-21,17.85852,8.72482536177991,-2.3073551020475502,-0.5478088539927216,-1.114883463468625,13.85720992054495,18.611987862815962,-0.7534678628159632
2015-06-22,20.552002,8.829834084781586,-2.369883003108897,-0.560033437073777,-0.4856441355642133,13.858180934757968,19.272454443792668,1.2795475562073335
2015-06-23,20.169281,8.932221234219314,-2.4018613389106385,-0.5715979841624754,0.34862059530549183,13.859145303845136,20.166527810296827,0.002753189703174286
2015-06-24,21.392517,9.031996100213222,-2.4100541062377414,-0.5824698397659045,1.0897647895739857,13.860122322174304,20.989359265957866,0.40315773404213573
2015-06-25,21.43863,9.129073694281374,-2.4030040052614647,-0.5926769326957559,1.4711871498363238,13.861083680313705,21.46566358647418,-0.02703358647417886
2015-06-26,20.258972,9.223428636083165,-2.387096408043526,-0.6022088581504914,1.3714604580612917,13.862030596185447,21.46761442413589,-1.2086424241358884
2015-06-27,21.406952,9.315126472140161,-2.364491950758112,-0.6109947144845551,0.8629450037169366,13.863009284609916,21.06559409522435,0.3413579047756521
2015-06-28,20.407654,9.404084541757546,-2.334136061044993,-0.6190620014046503,0.16995370058380097,13.863991402257797,20.484831582149504,-0.07717758214950265
2015-06-29,19.09726,9.490294604006365,-2.2926981555024146,-0.6263899508857288,-0.4373949113799781,13.864985380860427,19.99879696709867,-0.9015369670986715
2015-06-30,20.10846,9.573749684689407,-2.237613137750431,-0.6329607284586264,-0.7709607833335324,13.865999938983013,19.798214974129827,0.31024502587017366
2015-07-01,19.943726,9.65440475219113,-2.1694490369330546,-0.6387838384116137,-0.8088851404274413,13.867024326002285,19.904311062421307,0.03941493757869452
2015-07-02,21.712036,9.732284577811567,-2.0912622623245776,-0.6438226545206315,-0.6914918967311587,13.868082362117367,20.173790126352564,1.538245873647437
2015-07-03,20.816437,9.807342123380852,-2.0072925895852083,-0.648087992784377,-0.637237947090256,13.869161509922867,20.383885103843877,0.43255189615612366
2015-07-04,21.180634,9.879581926448253,-1.9191660384511702,-0.6515588243504778,-0.8144741398340115,13.870274672946012,20.364657596758605,0.8159764032413968
2015-07-05,19.277039,9.948978948988474,-1.8241899358851519,-0.6542316374523305,-1.242431180497003,13.871419511194437,20.099545706348426,-0.8225067063484275
2015-07-06,18.058777,10.015555691322891,-1.7145069342835928,-0.6560713976086074,-1.7668032665428697,13.872617060258483,19.750791153146302,-1.692014153146303
2015-07-07,19.60733,10.079278323585106,-1.5799327415189242,-0.6570865392401213,-2.129727096613703,13.873859789428831,19.586391735641186,0.020938264358814962
2015-07-08,20.793518,10.14012790672309,-1.4119789196569814,-0.657282168370463,-2.095329642246956,13.875147364066514,19.850684540515203,0.9428334594847954
2015-07-09,19.302063,10.198114641304448,-1.207145909265689,-0.6566432423403907,-1.5665213822031276,13.876493536968601,20.64429764446384,-1.34223464446384
2015-07-10,21.878357,10.25324844292616,-0.9687656807016238,-0.6551593206225095,-0.6384388390848483,13.877911499268665,21.868796101785843,0.009560898214157731
2015-07-11,23.65445,10.305376899596313,-0.7075710132883927,-0.6529320310128495,0.43396946392420094,13.879332897669554,23.258176216888828,0.3962737831111731
2015-07-12,24.766113,10.354514994627326,-0.4375002018823248,-0.6499577688793092,1.346165352967133,13.880772732912407,24.493995109745235,0.2721178902547656
2015-07-13,26.316498,10.400619636782029,-0.1718779873911336,-0.646272017908277,1.8688268448665215,13.882216565836421,25.333513042185558,0.9829849578144412
2015-07-14,26.225616,10.443600054828261,0.07994532889630804,-0.6419408079168503,1.9309498359288866,13.883625632231311,25.696180043967917,0.5294359560320814
2015-07-15,25.100128,10.483465772587003,0.31458738837706185,-0.636965595505816,1.6274287306068798,13.885010898683573,25.6735271947487,-0.5733991947486992
2015-07-16,24.367676,10.520234083391486,0.53350249655514,-0.6313428217293594,1.1526625071809098,13.886386737913805,25.46144300331198,-1.0937670033119815
2015-07-17,24.997406,10.553890322503985,0.7402193439425959,-0.6250900655697584,0.7020717115123075,13.887750890738971,25.2588422031281,-0.261436203128099
2015-07-18,23.919708,10.584406765171646,0.937812821567442,-0.6182353186039296,0.39458879366134647,13.889094094269245,25.18766715606575,-1.26795915606575
2015-07-19,26.797913,10.61181148535384,1.1282386847162444,-0.6107686947655417,0.2506349165245821,13.890434713503055,25.270351105332182,1.5275618946678193
2015-07-20,26.32077,10.636013502841728,1.3116249561015785,-0.6027559748334665,0.2190037776348002,13.89173106552997,25.45561732727461,0.8651526727253902
2015-07-21,26.371002,10.657013043633402,1.489171331834855,-0.59420392596625,0.23670013746446403,13.892986589506659,25.68166717647313,0.6893348235268704
2015-07-22,26.12259,10.6747943206355,1.6639073481716515,-0.5851309523960209,0.2705745887987142,13.89419627117731,25.918341576387157,0.20424842361284234
2015-07-23,24.965363,10.689344881175787,1.8409668972114421,-0.5755540943777124,0.32466387010134,13.895356143275745,26.174777697386602,-1.2094146973866025
2015-07-24,25.732056,10.700702791854344,2.026211231666438,-0.5654600329979427,0.4138261008425984,13.896486960029934,26.47176705139537,-0.7397110513953713
2015-07-25,27.353363,10.708868630441408,2.222966378488925,-0.5548619962163501,0.5261567165013391,13.897590192524042,26.800719921739365,0.5526430782606369
2015-07-26,27.67514,10.713818726364604,2.4297629710454514,-0.5437907455229781,0.6084064715017995,13.89865477426626,27.106852197655137,0.5682878023448623
2015-07-27,27.507965,10.715555766306476,2.639653692672625,-0.532261719866894,0.5858464408547265,13.899682393971224,27.308476573938158,0.19948842606184058
2015-07-28,27.043396,10.714051866986647,2.8409756995596194,-0.5203136099714765,0.4047657944691766,13.900659018797693,27.34013876984166,-0.29674276984165715
2015-07-29,26.134277,10.709278767409458,3.0201868576977784,-0.5079828883565328,0.07436241213976547,13.901569877929482,27.19741502681995,-1.0631380268199493
2015-07-30,26.360168,10.701297651728403,3.1655495559384104,-0.49524433027038184,-0.31911790021280995,13.902444345291334,26.954929322474957,-0.5947613224749553
2015-07-31,26.809998,10.690120789818241,3.2694653098287803,-0.48210679962274117,-0.6397157292208482,13.903286848569794,26.741050419373224,0.06894758062677653
2015-08-01,27.76532,10.675765395896754,3.3296089398152806,-0.46857801123477294,-0.7575536791898628,13.904103814274304,26.683346459561704,1.0819735404382946
2015-08-02,27.585602,10.658224493258263,3.34775209988245,-0.454682045549029,-0.6086437741212806,13.904889068161632,26.847539841632035,0.738062158367967
2015-08-03,27.273499,10.637515259034654,3.3277393599912886,-0.44042902519587274,-0.2277188289242877,13.905648175162456,27.20275494006824,0.07074405993176214
2015-08-04,27.176178,10.613643550937239,3.2728021164449,-0.4258378226417029,0.2591596604168846,13.906380538821889,27.626148043979207,-0.4499700439792065
2015-08-05,27.501404,10.586633497873617,3.1843554899960953,-0.410912850470596,0.6821865473508221,13.90709407167481,27.94935675642475,-0.44795275642474763
2015-08-06,28.000671,10.556509735875565,3.0623555335463855,-0.3956595387512084,0.8933456810415501,13.907796526936572,28.024347938648866,-0.02367693864886533
2015-08-07,29.095459,10.523272198079887,2.9069504205415395,-0.3801023429914871,0.8224384162337456,13.908482927225839,27.781041619089525,1.314417380910477
2015-08-08,26.260345,10.48688628992323,2.720280717508764,-0.36428825213179195,0.5012300370951773,13.909130483002485,27.253239275397867,-0.992894275397866
2015-08-09,25.848602,10.447420428534329,2.508341125779676,-0.3481973458396772,0.05065901716912295,13.909767509579806,26.567990735223255,-0.7193887352232551
2015-08-10,25.676056,10.404879603541918,2.279334590224333,-0.3318509347158277,-0.36932590677663824,13.910390220127578,25.893427572401365,-0.2173715724013654
2015-08-11,26.606445,10.3593385227915,2.0422588981061685,-0.3152234414036612,-0.6173721587303209,13.911029044644156,25.380030865407843,1.226414134592158
2015-08-12,25.797577,10.310762210631115,1.804335732251063,-0.2983648218453749,-0.6190404621809626,13.911659025611637,25.109351684467477,0.6882253155325238
2015-08-13,24.597534,10.2591167671399,1.5700808709413525,-0.2813277889407898,-0.3858327800682259,13.912255419106476,25.074292488178713,-0.4767584881787137
2015-08-14,24.870148,10.204482853483647,1.3409763544066946,-0.2640908180584297,-0.004577822602534545,13.9128504366159,25.189641003845278,-0.31949300384527746
2015-08-15,25.119171,10.14687025460985,1.1158798781863097,-0.24667848150662997,0.398742777337513,13.913440378694036,25.32825480732108,-0.209083807321079
2015-08-16,25.239624,10.086316184166236,0.8932470989060206,-0.22909736014900706,0.7101115845739954,13.914034788417863,25.374612295915107,-0.13498829591510741
2015-08-17,24.376343,10.022831008924076,0.67285672325192,-0.21136935742130214,0.8689358901516814,13.914629213366407,25.26788347827278,-0.8915404782727805
2015-08-18,25.704071,9.956457418828725,0.45696782482842413,-0.19349345861723122,0.8827446222121265,13.915235029734255,25.0179114369863,0.6861595630136996
2015-08-19,24.900269,9.887208039143395,0.2494516442889909,-0.17548953319289284,0.8052081062081561,13.915848204928082,24.68222646137573,0.21804253862427103
2015-08-20,23.04248,9.815129114732084,0.055488770076473196,-0.15735676336981927,0.6948701710062894,13.916481203477703,24.32461249592273,-1.2821324959227276
2015-08-21,23.988464,9.740304370641761,-0.11985268532898632,-0.1390701111082561,0.5702900759671481,13.917164810808199,23.968836460979865,0.019627539020135032
2015-08-22,26.088196,9.662706682924888,-0.27337372352096406,-0.1206781696295551,0.3887999464995705,13.91787387206063,23.575328608334573,2.512867391665427
2015-08-23,24.09909,9.582323530712696,-0.4034732974808447,-0.1022223067938627,0.07122783313186039,13.91859019394155,23.066445953511398,1.0326440464886026
2015-08-24,21.51233,9.499182277412459,-0.5088505533762849,-0.08371629919291758,-0.43678610759822795,13.919315088773486,22.389144406018513,-0.8768144060185143
2015-08-25,19.19281,9.413385884880693,-0.5884165145414986,-0.06512438232574816,-1.1043761599553228,13.920087284461738,21.575556112519862,-2.382746112519861
2015-08-26,20.19043,9.32502308686152,-0.6414594632798165,-0.04642009987854498,-1.7894888024553222,13.920938038684282,20.76859275993212,-0.5781627599321197
2015-08-27,22.594116,9.234071389871215,-0.6686582180086417,-0.027652336214707862,-2.2736891286387784,13.921842647173918,20.185914354183005,2.4082016458169946
2015-08-28,20.466461,9.140452865495542,-0.6722678082265778,-0.008907441803353861,-2.3474509296604866,13.922748437561923,20.03457512336705,0.4318858766329505
2015-08-29,19.812744,9.044211763789757,-0.6555183655400738,0.009808035073180267,-1.9109608856231972,13.92366346953509,20.411204017234756,-0.598460017234757
2015-08-30,20.322784,8.945392666076085,-0.623818010865152,0.028484943329219095,-1.0460714089012733,13.924595578393244,21.228583768032124,-0.905799768032125
2015-08-31,21.24121,8.844046513012454,-0.5842783240948681,0.047119206573794925,-0.006671561372158213,13.925555384145184,22.225771218264406,-0.9845612182644068
2015-09-01,23.112549,8.740176223988732,-0.5446452205140655,0.0656744501423501,0.8758247571707183,13.92652916416511,23.063559374952845,0.04898962504715598
2015-09-02,25.016388,8.633742948849738,-0.51208427310384,0.08408631003987438,1.3316178597101118,13.927481944790422,23.464844790286307,1.5515432097136923
2015-09-03,22.982574,8.524765562109078,-0.49184383258165476,0.10232972621961288,1.2700749580576007,13.928407258733758,23.333733672538393,-0.35115967253839386
2015-09-04,23.169006,8.413335212206405,-0.48636142159618495,0.12042915664603165,0.8148250033582968,13.929334393321327,22.791562343935876,0.37744365606412345
2015-09-05,22.178162,8.299494121788683,-0.4965725514252681,0.1383766395730065,0.2326344602155504,13.930267855904834,22.104200526056808,0.07396147394319286
2015-09-06,21.962708,8.183336808523206,-0.5217070119838019,0.1561961826730669,-0.19830032385774482,13.93123795460341,21.55076360995814,0.41194439004186023
2015-09-07,21.050018,8.064916244631375,-0.559973083722742,0.1738832652817226,-0.31958126948437793,13.932253848873664,21.29149900557964,-0.24148100557964014
2015-09-08,19.212036,7.944213467216279,-0.6085984877553403,0.19138823359746404,-0.1539777013588296,13.933288339552911,21.306313851252483,-2.094277851252482
2015-09-09,21.673706,7.8213186380919,-0.6637163681715528,0.208731862135287,0.12933201799614574,13.934368587660304,21.430034737712084,0.2436712622879149
2015-09-10,21.458832,7.696203428378828,-0.7217739657028558,0.2258545733152304,0.3188525824493811,13.93546218422421,21.454598802664794,0.004233197335206995
2015-09-11,22.073364,7.568917064634622,-0.7787379810597386,0.24274571339277762,0.2833373789095343,13.936575199298645,21.25283737517584,0.8205266248241614
2015-09-12,22.273926,7.439441821135027,-0.8313099058189531,0.25935308853981376,0.03545727748412273,13.93767986845428,20.840622149794292,1.4333038502057072
2015-09-13,21.696533,7.307785633755893,-0.8771097857733563,0.2756415556538985,-0.28773842699452845,13.938760880789053,20.357339857430958,1.3391931425690409
2015-09-14,19.146393,7.174011304534113,-0.914649468272635,0.29161146274348737,-0.5119850956825678,13.939830159814315,19.978818363136714,-0.8324253631367142
2015-09-15,19.585815,7.038224377670092,-0.9429244743768032,0.3072917122300469,-0.5260735494611701,13.940920705116302,19.817438771178466,-0.2316237711784659
2015-09-16,18.87259,6.900457141858169,-0.9616902442783041,0.32266398690369125,-0.3397910479653589,13.94202847953661,19.863668316054806,-0.9910783160548071
2015-09-17,16.745758,6.7608018244854975,-0.9701042038008681,0.337748916013587,-0.06404997760380932,13.943179186884832,20.00757574597924,-3.26181774597924
2015-09-18,21.296295,6.619316160382676,-0.9668036421557454,0.35254283745459103,0.16147102143034028,13.944381043106876,20.110907420218737,1.1853875797812634
2015-09-19,21.4776,6.475912948921298,-0.9517724365845922,0.3669473970495198,0.24417639619702086,13.945569564545524,20.08083387012877,1.396766129871228
2015-09-20,20.47409,6.330622482869842,-0.9252849725835234,0.3809431471573693,0.18440341540046085,13.946738728862393,19.917422801706543,0.5566671982934572
2015-09-21,19.861084,6.183460660290908,-0.8892717264074461,0.39450273422090654,0.054908902323286525,13.947875066354431,19.691475636782087,0.16960836321791462
2015-09-22,20.041046,6.034500804553277,-0.8476412252784137,0.4076358593955859,-0.05802080665673445,13.94899359605861,19.485468228072325,0.5555777719276769
2015-09-23,19.323212,5.883784287410457,-0.8056871933881566,0.4203323538105459,-0.10838245394573784,13.950093021232101,19.34014001511921,-0.01692801511920905
2015-09-24,18.39209,5.731387495211466,-0.7682246700510164,0.43260435327613894,-0.10290275982514449,13.951189397502203,19.24405381611365,-0.8519638161136491
2015-09-25,17.398468,5.5774269255779165,-0.73819449457519,0.4444881614313533,-0.07150680291193655,13.952318677862767,19.16453246738491,-1.7660644673849077
2015-09-26,20.32779,5.421999544412916,-0.7161784358591452,0.4560052762946034,-0.023111382229965005,13.953506782204881,19.09222178482329,1.2355682151767091
2015-09-27,19.695496,5.265046190767445,-0.7016404369609478,0.4670749455133656,0.07308297547643457,13.954701258801526,19.058264933597822,0.6372310664021761
2015-09-28,20.184784,5.106595970984328,-0.692876200980327,0.47767508756697447,0.26718687190578727,13.955893725010794,19.114475454487557,1.070308545512443
2015-09-29,18.556854,4.946737755144636,-0.6893849001570033,0.4878249133116063,0.5688193940208336,13.957105474463257,19.27110263678333,-0.7142486367833278
2015-09-30,17.214417,4.785583320447442,-0.692640939958967,0.49755847172080614,0.8993620490799112,13.958369033501096,19.44823193479029,-2.2338149347902885
2015-10-01,20.22351,4.6231980121904925,-0.7063056361315866,0.5068763834267567,1.0952572543974866,13.959693513964654,19.4787195278478,0.7447904721522001
2015-10-02,21.186035,4.45946403699212,-0.7352633901429828,0.5156577241503739,0.9780055864970019,13.960996233535287,19.178860191031802,2.007174808968198
2015-10-03,19.257751,4.29441101639663,-0.78170217616099,0.5238801596007726,0.4653738545081307,13.962268089027967,18.46423094337251,0.7935200566274894
2015-10-04,18.031586,4.128232781695236,-0.843160195982363,0.5316323648612837,-0.35082296359913345,13.963581946228743,17.429463933203767,0.6021220667962339
2015-10-05,13.77121,3.960980885024595,-0.9134910577293838,0.5389121646211412,-1.2155071946295928,13.964939297164337,16.335834094451098,-2.564624094451098
2015-10-06,14.51239,3.7927976329635804,-0.9838287326821704,0.5457791844018185,-1.8106626428964236,13.9663869342946,15.510472376081406,-0.9980823760814062
2015-10-07,15.066284,3.623746537696381,-1.046814668659211,0.5522401403379973,-1.9091716562573113,13.967932109438182,15.187932462556038,-0.12164846255603834
2015-10-08,15.387787,3.4538068485031466,-1.0985573370481543,0.5582414706455262,-1.4905363947246155,13.969539911019247,15.39249449839515,-0.004707498395150722
2015-10-09,16.536621,3.2829734503326806,-1.1395115445357196,0.5637387784946171,-0.7582172094496865,13.971183105629816,15.920166580471708,0.6164544195282922
2015-10-10,17.116882,3.1113144719793953,-1.1734625386801614,0.5687348050035739,-0.042082591544463296,13.972871106146659,16.437375252905003,0.6795067470949974
2015-10-11,17.128601,2.938848478270454,-1.205039766405524,0.5732005503801719,0.36645802348702333,13.974588375740415,16.64805566147254,0.4805453385274596
2015-10-12,15.687378,2.7655286488776207,-1.2369238677725805,0.5770611222416145,0.3593379046833233,13.97628653511436,16.44129034314434,-0.7539123431443375
2015-10-13,16.158691,2.5914197586569756,-1.2676574029269387,0.5803163644221094,0.06001487283763567,13.977972887617563,15.942066480607345,0.21662451939265637
2015-10-14,15.255646,2.416621362045434,-1.292441274925598,0.5829909260003974,-0.2546538097153854,13.979672062794698,15.432189266199547,-0.17654326619954652
2015-10-15,16.35971,2.241166130623585,-1.3050158974204278,0.5850620983205115,-0.3119515796903106,13.981375200956075,15.190635952789433,1.1690740472105663
2015-10-16,14.44281,2.0649961704273974,-1.3010522557092732,0.5864485263976253,0.001609472234488405,13.983028053183006,15.335029966533243,-0.8922199665332435
2015-10-17,15.780823,1.8882633073749802,-1.279221729963317,0.5872100516300918,0.5784294356307405,13.984681168851905,15.759362233524401,0.021460766475598803
2015-10-18,16.43991,1.7110103908498087,-1.2430139633575084,0.587338065263415,1.1449772944032834,13.986330419480161,16.18664220663916,0.25326779336084115
2015-10-19,15.970276,1.5332513377904886,-1.1984926025990164,0.5868057574724972,1.4141184192597724,13.987957201704772,16.323640113628514,-0.3533641136285137
2015-10-20,16.345978,1.3551291536714425,-1.1511392144660253,0.5856725891353388,1.2458418559146005,13.98960751975794,16.025111904013297,0.3208660959867018
2015-10-21,13.924469,1.1766936647964779,-1.1038932360044593,0.5839392723747503,0.7280283530149662,13.991280608687209,15.376048662868943,-1.4515796628689426
2015-10-22,15.88504,0.9980576297542157,-1.0553656562942275,0.5816456743221602,0.13816202629192562,13.99300722203276,14.655506896106834,1.229533103893166
2015-10-23,14.5295105,0.819110241989792,-1.0023066157677623,0.5786870258312695,-0.20296364554669777,13.99470609322633,14.187233099732932,0.34227740026706854
2015-10-24,16.275177,0.6399268879506897,-0.9402939744412081,0.5750803756316856,-0.09651127193020896,13.996389140731145,14.174591157942103,2.100585842057896
2015-10-25,12.262299,0.4605331114424311,-0.8674634406154058,0.5708142972940785,0.4207151998952455,13.99804327757156,14.58264244558791,-2.320343445587909
2015-10-26,12.530121,0.2810833909645124,-0.7844437201113005,0.5659583366405736,1.0848405744581329,13.99972001460525,15.14715859655717,-2.6170375965571697
2015-10-27,16.681793,0.10167639572958023,-0.6954800914867953,0.5605405300167616,1.5181813819425138,14.001442996910944,15.486361213113003,1.1954317868869957
2015-10-28,16.93692,-0.07771459188247255,-0.6060297867634794,0.554507585544213,1.4067787511148369,14.003173155361734,15.280715113374832,1.6562048866251686
2015-10-29,13.370636,-0.2571598214616631,-0.5184369816056703,0.5477844301468741,0.6572331487906445,14.004849532109695,14.43427030797988,-1.0636343079798802
2015-10-30,13.550415,-0.4365229869173096,-0.4297501838508776,0.540432497978161,-0.547279592377054,14.006514479006773,13.133394213839694,0.4170207861603057
2015-10-31,10.841858,-0.6157244825601789,-0.3337208205141089,0.5324770314312159,-1.8169184622832848,14.008181880045672,11.774295146119316,-0.9324371461193159
2015-11-01,11.7526245,-0.7946641866305797,-0.22239207662805216,0.5239534317395415,-2.7064957128278513,14.009876112552874,10.810277568205933,0.9423469317940665
2015-11-02,11.422272,-0.9732666385442322,-0.09085241585291998,0.5148804388539393,-2.894763786546562,14.011609284836656,10.567606882746881,0.8546651172531181
2015-11-03,12.145782,-1.1514643759220462,0.060464561942759336,0.5052716545469389,-2.306282080023452,14.013389487619671,11.121379248163871,1.0244027518361296
2015-11-04,11.753021,-1.329337146846652,0.22446742927302835,0.4950438492951251,-1.1380534999308813,14.015151131367693,12.267271763158313,-0.5142507631583122
2015-11-05,13.068787,-1.50679601026347,0.39017645592299816,0.48422489611889574,0.2203767487461918,14.016913264096395,13.60489535462101,-0.5361083546210104
2015-11-06,13.627594,-1.6838133847943872,0.5458338465353576,0.4728064103704097,1.3310370538922733,14.018664279734711,14.684528205738365,-1.056934205738365
2015-11-07,14.292633,-1.8603070444195708,0.6833400445956451,0.46081500944288334,1.8647177386230862,14.020419949542415,15.168985697784459,-0.8763526977844585
2015-11-08,14.1996155,-2.0362983637693572,0.8003478362565305,0.4482102855604876,1.7105538425087374,14.022144180446574,14.944957781002973,-0.7453422810029728
2015-11-09,17.767365,-2.211825654515539,0.9004615615298746,0.4349404690732275,1.0047071239578074,14.02379259568345,14.15207609572882,3.615288904271182
2015-11-10,13.650726,-2.386858181836761,0.9901734906959789,0.4210032987998431,0.06798617365143571,14.025355311524862,13.11766009283536,0.5330659071646409
2015-11-11,11.623383,-2.5612698613119873,1.0766611074355383,0.4064616525960321,-0.7130505422563779,14.026870174433801,12.235672530897006,-0.6122895308970051
2015-11-12,9.512817,-2.7349626431853045,1.16282078905725,0.3913594984213462,-1.0322274033580816,14.028361106808768,11.815351347743977,-2.3025343477439772
2015-11-13,11.071655,-2.9077938728591954,1.2461439612088465,0.3757705409168484,-0.7682952682832546,14.029874418457567,11.975699779440811,-0.9040447794408113
2015-11-14,12.590851,-3.0797732258969193,1.3189763108282833,0.3596702448903273,-0.018034382454083148,14.031380202255406,12.612219149623014,-0.021368149623013366
2015-11-15,14.30957,-3.25089744818644,1.3721973203858568,0.3430420079708343,0.9568531288225014,14.032855227411934,13.454050236404687,0.8555197635953142
2015-11-16,14.750977,-3.421161465526689,1.3984680289158689,0.32587217107199595,1.8376255169529045,14.034277348163384,14.175081599577464,0.575895400422537
2015-11-17,16.076569,-3.590516887688497,1.3945077421048984,0.30817648283051247,2.3669640635953124,14.035646195024437,14.514777595866663,1.561791404133336
2015-11-18,14.92569,-3.7589955578281584,1.3609056824560288,0.2899195580468354,2.429199817114473,14.036921298961486,14.357950798750664,0.567739201249335
2015-11-19,11.844543,-3.926533669208778,1.3015219708326042,0.2711302033880297,2.0679330726240983,14.038110234462845,13.7521618120988,-1.9076188120988
2015-11-20,11.515411,-4.093016636401513,1.2212962517347326,0.25187661534121364,1.436580085646332,14.039246042127258,12.855982358448024,-1.3405713584480239
2015-11-21,12.6214905,-4.258385599615679,1.1238819285944834,0.2321940818506088,0.7126652676457332,14.04033394723937,11.850689625714516,0.7708008742854844
2015-11-22,10.255341,-4.42254283420238,1.0118613884832988,0.21214372747822852,0.025612904069938512,14.041398860744378,10.868474046573464,-0.6131330465734646
2015-11-23,11.521515,-4.585376788661849,0.8885868385128826,0.19179503773174494,-0.570959305183146,14.04247280025039,9.966518582650023,1.5549964173499777
2015-11-24,12.077576,-4.7468179282828435,0.7586844433995983,0.17118750827286927,-1.0826601698948217,14.043566934525542,9.143960788020344,2.9336152119796566
2015-11-25,6.268158,-4.906972485749985,0.6294668414012239,0.15024573342050335,-1.5219999677304317,14.04460463338503,8.39534475472634,-2.12718675472634
2015-11-26,7.490082,-5.065739158057379,0.511775129028167,0.12902793690540015,-1.8610082794892746,14.045613193665575,7.759668822052489,-0.26958682205248863
2015-11-27,5.9588013,-5.223082233857413,0.415599346968147,0.10755182585050395,-2.0314219545187884,14.046587266692526,7.315234251134976,-1.356432951134976
2015-11-28,6.964569,-5.378819277208752,0.34904200576468025,0.08593347496846832,-1.955690119325385,14.047595255840006,7.148061340039018,-0.1834923400390176
2015-11-29,7.992401,-5.532849874784256,0.31516078125934205,0.06423654951723864,-1.6084256811881865,14.048664768692126,7.286786543496264,0.7056144565037359
2015-11-30,7.072418,-5.68518191010863,0.3117709504570303,0.04245377461621741,-1.0612513215898163,14.049769399360546,7.657560892735347,-0.5851428927353473
2015-12-01,7.765564,-5.835780953665308,0.33330342010416714,0.020600655360299862,-0.4829880294073424,14.050904302865066,8.086039395256883,-0.3204753952568824
2015-12-02,8.332733,-5.984635481806881,0.372717322406766,-0.0013236416148761357,-0.08834470952440897,14.052053411942065,8.350466901402665,-0.017733901402666064
2015-12-03,10.271759,-6.131761193031889,0.42426697099721133,-0.023332238833581192,-0.04726520334739202,14.053187196330878,8.275095532115227,1.9966634678847726
2015-12-04,5.9706726,-6.27719756539119,0.48490828038791256,-0.045448426164467176,-0.3977179472080112,14.054264385697136,7.8188087273213815,-1.8481361273213812
2015-12-05,7.3153076,-6.420736647396286,0.5556407595164629,-0.06753735993472591,-1.000918197468275,14.05536792477383,7.121816479491005,0.19349112050899464
2015-12-06,7.849365,-6.562398429501902,0.6375173443847411,-0.08961067161952724,-1.580391900427871,14.056466926417311,6.461583269252751,1.3877817307472489
2015-12-07,6.0294495,-6.702177635938131,0.7308182051541734,-0.11165881686272225,-1.8178211428775377,14.057543446292469,6.156704055768251,-0.12725455576825073
2015-12-08,5.234497,-6.840007233986496,0.8336242208852324,-0.1336312484186667,-1.4831387346056601,14.058610757836751,6.435457761711161,-1.200960761711161
2015-12-09,5.9313965,-6.975868599157113,0.94051462949733,-0.1555142144531958,-0.5456799829124912,14.059658195777784,7.323110028752314,-1.3917135287523141
2015-12-10,10.138214,-7.109701381358618,1.043444562516662,-0.17726942244680752,0.7892268309076643,14.060696213360252,8.606396802979154,1.531817197020846
2015-12-11,13.707947,-7.241553692863784,1.1332425827669528,-0.1989285738188032,2.137569239687892,14.061681216829152,9.89201077260141,3.8159362273985913
2015-12-12,8.638275,-7.371500216633939,1.2027525800647771,-0.22054299816609052,3.074127981162021,14.062556507703052,10.74739385412982,-2.10911885412982
2015-12-13,9.257141,-7.499453160765571,1.2499059403435389,-0.24205774967111568,3.2938967342389316,14.063347003157778,10.865638767303563,-1.6084977673035628
2015-12-14,8.895233,-7.625375287021564,1.2757141450204823,-0.2634463368359573,2.721103593475241,14.0640526953937,10.172048810031903,-1.2768158100319038
2015-12-15,9.201538,-7.7491798773838525,1.2843950676849731,-0.284644972754003,1.5422186427983502,14.064698567968874,8.857487428314341,0.3440505716856581
2015-12-16,10.72522,-7.870861633743298,1.2813638315021545,-0.3056429246181321,0.1376556519012127,14.065269092773155,7.3077840178150915,3.4174359821849087
2015-12-17,5.0229797,-7.990469799338183,1.2716903622185682,-0.3264673805483816,-1.0554941655858765,14.065721716492966,5.964980733239093,-0.9420010332390936
2015-12-18,4.3371887,-8.107859144156384,1.2603284544410756,-0.34701285649799685,-1.6944342127563896,14.06611134648511,5.177133587515415,-0.8399448875154159
2015-12-19,3.8806458,-8.222954073304793,1.2490691600422055,-0.3672156268001806,-1.6517273186769048,14.066458341735302,5.073630482995629,-1.192984682995629
2015-12-20,5.2680054,-8.335641484323531,1.2372389086311826,-0.3869873271184142,-1.0427493585220409,14.066802121881178,5.538662860548374,-0.2706574605483745
2015-12-21,6.5486145,-8.445860375487712,1.2221930403622019,-0.4062784548134346,-0.16421013377190985,14.067156464176406,6.273000540465552,0.2756139595344482
2015-12-22,6.4969482,-8.55363159302285,1.2008465821808956,-0.4250966652750361,0.6280621506472047,14.067494706322968,6.917675180853183,-0.42072698085318283
2015-12-23,5.98703,-8.658935225656275,1.1712583722302718,-0.4434187054525142,1.0470234776506007,14.067810832448231,7.183738751220313,-1.1967087512203127
2015-12-24,9.987793,-8.761629361911105,1.1333709156487706,-0.46113836163985217,0.9591221845036388,14.068160223943053,6.937885600544505,3.0499073994554946
2015-12-25,7.042755,-8.861862878520204,1.0878914882547992,-0.4783388238238129,0.40246972025616207,14.06845291037253,6.218612416539473,0.8241425834605263
2015-12-26,5.092804,-8.95958613092563,1.038323247907047,-0.49497821777934303,-0.44274389384337054,14.068698586306834,5.209713591665537,-0.11690959166553672
2015-12-27,3.5334167,-9.05476005489229,0.9886637471747644,-0.5110207975431389,-1.328191694701101,14.068902046641579,4.163593246679813,-0.630176546679813
2015-12-28,2.1773987,-9.147258377935682,0.9423990215129644,-0.5263734398867304,-2.0110138475531865,14.069112253292651,3.3268656094300155,-1.1494669094300156
2015-12-29,2.79599,-9.236965748429252,0.9014117880743069,-0.5409526828120692,-2.3102725846941143,14.069373262168897,2.8825940343077683,-0.08660403430776809
2015-12-30,3.9102783,-9.323961847140847,0.8650954467616783,-0.5548054360190107,-2.1402327411251565,14.06963183045034,2.915727252927004,0.9945510470729957
2015-12-31,3.441803,-9.40822460930837,0.8313830416426161,-0.5679135555128753,-1.519699762716395,14.069885927412491,3.405431041517465,0.03637195848253505
2016-01-01,3.783844,-9.489719701163125,0.7976310601812111,-0.5802544228914118,-0.5656920171945335,14.070140131064479,4.232105049996617,-0.4482610499966171
2016-01-02,5.105774,-9.568481961844052,0.7607658496967646,-0.5918521037962083,0.5269004174363044,14.070364801543953,5.197697003036762,-0.09192300303676149
2016-01-03,6.649597,-9.64449719655373,0.7177232782576796,-0.6026962012089088,1.5266568328244206,14.070555177084787,6.067741890404248,0.581855109595752
2016-01-04,6.309021,-9.717791765570741,0.6652285178236726,-0.6128005206136045,2.223260475976971,14.070686548834676,6.628583256450975,-0.3195622564509746
2016-01-05,6.9317017,-9.788311892550423,0.5997917660248536,-0.6221249003887386,2.4880935316759545,14.07077473803049,6.748223242792136,0.1834784572078636
2016-01-06,5.37677,-9.856002423460687,0.5168212163642525,-0.6306280337380417,2.3113736743858255,14.070836607516782,6.412401041068131,-1.0356310410681315
2016-01-07,5.5338745,-9.92082221695797,0.41129650083325153,-0.6382828529692215,1.8026833936677902,14.070882497216905,5.725757321790757,-0.19188282179075777
2016-01-08,4.552124,-9.982821742479416,0.27831749363012276,-0.6451225369682214,1.1460508397697564,14.070877316629328,4.86730137058157,-0.31517737058157014
2016-01-09,4.3708496,-10.041937359496039,0.11554889883981337,-0.6511014781214038,0.5334056379077197,14.070843385400313,4.026759084530402,0.34409051546959724
2016-01-10,4.5375977,-10.09812942742416,-0.07592442510598053,-0.6561882491458615,0.09941237771170622,14.070791349820583,3.3399616258562865,1.1976360741437135
2016-01-11,3.7290344,-10.151378762183997,-0.2912210213851017,-0.6603645629845494,-0.10870457156666244,14.0707219160781,2.8590529979577894,0.8699814020422107
2016-01-12,0.9003601,-10.201641448177586,-0.5224248036973788,-0.6635997937080835,-0.11753464374626246,14.07064874321292,2.5654480538836104,-1.6650879538836105
2016-01-13,1.4324036,-10.248863961555141,-0.7606041172525496,-0.6658587447132174,0.01257877724945827,14.070590766152955,2.407842719881506,-0.975439119881506
2016-01-14,3.0335388,-10.293016025286086,-0.9989854344664947,-0.6671230960411958,0.2208602944409597,14.070555751314961,2.332291489962145,0.7012473100378549
2016-01-15,2.7919922,-10.334115285979369,-1.2340809450908756,-0.6674099247316196,0.45626352581175245,14.070528016230028,2.291185386239917,0.5008068137600832
2016-01-16,3.4327087,-10.37220659665541,-1.4649792408347595,-0.6667590081876618,0.6604486567573683,14.070478782132886,2.2269825932124245,1.2057261067875755
2016-01-17,3.3969421,-10.407289757295073,-1.691551553282105,-0.665182840920197,0.7456395550166506,14.07040225574537,2.052017659264644,1.344924440735356
2016-01-18,2.2467346,-10.439360487247964,-1.9113682491920019,-0.6626878602154049,0.6026538146462379,14.070295031285823,1.6595322492766922,0.5872023507233077
2016-01-19,-2.1385193,-10.468361413631056,-2.117217968577488,-0.6592417470008747,0.14986007237431018,14.070180701894289,0.9752196450591786,-3.1137389450591786
2016-01-20,-2.25885,-10.494119752292224,-2.2964778454603807,-0.6547351608866483,-0.5972083686122341,14.070141037048804,0.027599909797316968,-2.2864499097973168
2016-01-21,-0.22918701,-10.516627982036816,-2.4349771064717105,-0.649168578339324,-1.4862259176182018,14.070175600982125,-1.0168239834839259,0.7876369734839259
2016-01-22,-0.26727295,-10.535967167866568,-2.5204796008395194,-0.6426028853919448,-2.2472958044621323,14.070240169566484,-1.8761052889936813,1.6088323389936814
2016-01-23,-0.06149292,-10.552083307884892,-2.5456802603122135,-0.6350136254137364,-2.5862386961655868,14.070358676672019,-2.2486572131044085,2.1871642931044084
2016-01-24,-3.0686646,-10.56497699435107,-2.5112650660613203,-0.6264121979756274,-2.3224259204783038,14.070528247830447,-1.9545519310358745,-1.1141126689641254
2016-01-25,-3.3842468,-10.574631628864356,-2.4252659649005857,-0.6167989185871365,-1.4937138202049505,14.070755097023527,-1.0396552355335018,-2.3445915644664983
2016-01-26,-0.38336182,-10.580990553938637,-2.301181034833627,-0.6061514198540776,-0.3684497874716657,14.071065936600009,0.21429314050200254,-0.5976549605020025
2016-01-27,1.7857361,-10.58408189054536,-2.1540897209627397,-0.5945064270579644,0.6625700133368775,14.071445430352908,1.401337405123721,0.384398694876279
2016-01-28,4.0180664,-10.583957873550744,-1.9959985834727143,-0.5819214439071829,1.2678856536089984,14.0718668264654,2.177874579143756,1.8401918208562442
2016-01-29,2.5610657,-10.580733153362697,-1.8339302403871243,-0.5684914739619928,1.3301685747590382,14.072272730567978,2.4192864376152023,0.14177926238479754
2016-01-30,1.8881531,-10.574362330514136,-1.6696716430901148,-0.5542036721033846,0.9894149785493638,14.072686268366931,2.2638636012086604,-0.37571050120866034
2016-01-31,2.7113647,-10.56483361996148,-1.5032244352695032,-0.5390669378349866,0.5399660763988176,14.073114134943769,2.0059552182766165,0.7054094817233834
2016-02-01,1.8489075,-10.552136255116812,-1.335556337803689,-0.5230918353945334,0.24511354604067953,14.073563019908574,1.907892137634219,-0.05898463763421913
2016-02-02,1.6185608,-10.536329382960576,-1.1694981243593452,-0.5063355781429578,0.17858602783021824,14.074004952967003,2.040427895334343,-0.42186709533434286
2016-02-03,0.9406128,-10.517391052464465,-1.008779253019141,-0.4888055306270497,0.1888627959493268,14.074453131840391,2.2483400916790632,-1.3077272916790632
2016-02-04,1.4161987,-10.49531474731629,-0.8556614026909016,-0.4705195593830488,0.014728392152954906,14.07491347875003,2.2681461615127443,-0.8519474615127443
2016-02-05,3.813324,-10.470076228273701,-0.7088106758349242,-0.4514863267733189,-0.5146133182924983,14.075401328081258,1.9304147789068153,1.8829092210931848
2016-02-06,3.2617798,-10.441786442202549,-0.5630139781160949,-0.4317995339652363,-1.3178589865454238,14.07586485061133,1.321405909782026,1.9403738902179737
2016-02-07,0.7453613,-10.41040053835231,-0.4100205768758894,-0.4114495519010767,-2.0455493970489718,14.076330745581124,0.7989106814028766,-0.05354938140287657
2016-02-08,0.115997314,-10.375832925053619,-0.24297886837223862,-0.3904025826445089,-2.2444659679501067,14.076846612051074,0.8231662680306009,-0.7071689540306009
2016-02-09,2.5046692,-10.33814274859476,-0.061663518806337234,-0.36872383663842445,-1.6190892226023224,14.07738796781308,1.6897686411712325,0.8149005588287674
2016-02-10,0.70339966,-10.29744506286464,0.12536787218516413,-0.3465126161108673,-0.23777727974517865,14.07790261247285,3.3215355259373265,-2.6181358659373264
2016-02-11,1.8734741,-10.253702509430976,0.30335746626980425,-0.3237701615440526,1.4455827846674967,14.07841523822,5.249882818182273,-3.3764087181822733
2016-02-12,5.963318,-10.206924125637302,0.45429543794655325,-0.3005314994746384,2.7749698388893362,14.078927746421009,6.800737398144958,-0.8374193981449576
2016-02-13,11.421448,-10.157254367690426,0.5625352943473616,-0.27692383507080903,3.2058630007450497,14.079374754158252,7.413594846489428,4.007853153510572
2016-02-14,13.281952,-10.104887847961596,0.6201839286747295,-0.2531042400498935,2.583513387874339,14.079666223473444,6.9253714520110226,6.356580547988978
2016-02-15,2.063568,-10.049865236448891,0.6301507643161969,-0.22911912916187818,1.2324896255822007,14.079789420290112,5.663445444577739,-3.5998774445777393
2016-02-16,1.2344055,-9.99186005037259,0.6056666866273657,-0.2047714569795781,-0.19894012063842545,14.079915711243771,4.290010769880542,-3.055605269880542
2016-02-17,2.6784668,-9.930814602296952,0.560993917899877,-0.1800401388228174,-1.0764537203943068,14.08008226208436,3.4537677184701607,-0.7753009184701609
2016-02-18,2.6000977,-9.866787582812714,0.5075534279383526,-0.15498122004092219,-1.0899773825266905,14.080268349335979,3.4760755918940056,-0.8759778918940055
2016-02-19,6.6479187,-9.799743422073073,0.4519486017017664,-0.12958901566608155,-0.3877305610148383,14.080500999001577,4.215386601949351,2.4325320980506486
2016-02-20,7.103882,-9.729893740111413,0.3950831791140235,-0.10402264920894823,0.5264498282859786,14.08068402015273,5.16830063823237,1.9355813617676292
2016-02-21,6.7084656,-9.657284725022091,0.3370371797311457,-0.07833665622775998,1.079404243431591,14.080804487783926,5.761624529696812,0.9468410703031882
2016-02-22,4.0004883,-9.581828954774847,0.2804689547594244,-0.05249045891902738,0.9251118114569957,14.080916695325032,5.652178047847576,-1.651689747847576
2016-02-23,5.1755066,-9.503499321970155,0.23254715216662425,-0.026482973720275797,0.09958211456705827,14.081045139514478,4.883192110557729,0.2923144894422709
2016-02-24,2.543213,-9.422263624770277,0.20345896638677907,-0.00031507053599320184,-1.0374611916711407,14.081217316158776,3.8246363955681435,-1.2814233955681433
2016-02-25,1.0085754,-9.338068708096275,0.20408540622595556,0.02603116840540632,-2.0151409227661503,14.081471636994578,2.9583785807635152,-1.9498031807635152
2016-02-26,2.335785,-9.250992081015871,0.24040792388547255,0.052488064616717914,-2.498115674169316,14.081781581728315,2.625569815045317,-0.28978481504531706
2016-02-27,4.6894836,-9.16111141784107,0.30984535675941816,0.07898177151877676,-2.4222224604538245,14.082121021748522,2.887614271731822,1.801869328268178
2016-02-28,5.919098,-9.068501474031656,0.40099656219082475,0.10544235529855735,-1.9574972685897094,14.082465623346947,3.5629057982149632,2.3561922017850367
2016-02-29,6.5075684,-8.9732448413653,0.4966832614922256,0.13179364117300207,-1.3457539990084222,14.08278769439381,4.392265756685315,2.115302643314685
2016-03-01,1.9537048,-8.875384362833552,0.5786938220439376,0.15798369055621686,-0.729875097618232,14.083079867336947,5.214497919485318,-3.260793119485318
2016-03-02,3.3888855,-8.774782103075779,0.6333020134397024,0.18408100327967022,-0.08236183887624565,14.083425605788793,6.043664680556141,-2.6547791805561407
2016-03-03,7.0252075,-8.67152811290979,0.6519343286050104,0.21001016107213205,0.718224866571958,14.083794559738692,6.992435803078003,0.032771696921996885
2016-03-04,7.8462524,-8.56569656425934,0.6323259110143723,0.23570251786572216,1.7347999447927382,14.08416486424556,8.121296673659053,-0.27504427365905304
2016-03-05,8.891327,-8.457384407181003,0.5771699300880749,0.26107585216835183,2.8423842056625084,14.084503477074849,9.307749057812782,-0.4164220578127811
2016-03-06,12.343872,-8.346644085203785,0.4911063112908992,0.2860800819481634,3.7131141429179313,14.084799932745563,10.228456383698772,2.1154156163012274
2016-03-07,11.932892,-8.233623605402585,0.3784640649672098,0.31060636788720064,3.942629268215288,14.08499625820451,10.483072353871624,1.4498196461283772
2016-03-08,13.562408,-8.118382204230635,0.24447083633920025,0.3346012773071966,3.259334025815806,14.085079356335147,9.805103291566715,3.757304708433285
2016-03-09,4.734375,-8.000980764497152,0.09580404095142049,0.3580127180564313,1.693049498263887,14.085035601325272,8.230921094099859,-3.496546094099859
2016-03-10,4.624237,-7.881214377330597,-0.05583145295720846,0.38096701522805265,-0.3796994333773835,14.084984785633722,6.149206537196586,-1.5249695371965863
2016-03-11,2.6603394,-7.759115680902202,-0.1971055894168221,0.40344069273889127,-2.364991545929995,14.08492803517975,4.167155911669623,-1.5068165116696228
2016-03-12,3.8213806,-7.6346541371160015,-0.31306873385519723,0.42545221658743604,-3.6667523258873733,14.084898390117603,2.8958754098464663,0.9255051901535336
2016-03-13,5.1586,-7.507853068907625,-0.39164731385080964,0.4469834912653845,-3.909303052218694,14.084902219988775,2.7230822762770313,2.4355177237229686
2016-03-14,3.6185913,-7.378810863306882,-0.42722895443106484,0.46796964954045855,-3.0612209227572267,14.084908689125324,3.6856175981706087,-0.0670262981706089
2016-03-15,3.7973022,-7.247503566991037,-0.4225749174094427,0.4884273078455461,-1.4223470896993298,14.084948598382471,5.480950332128208,-1.6836481321282077
2016-03-16,6.3608704,-7.113955893521197,-0.38981723670996343,0.5083366342224916,0.49812602635646186,14.085028718628015,7.587718248975808,-1.2268478489758081
2016-03-17,9.33728,-6.978213448552458,-0.34728947285664596,0.527660298741192,2.157230605772856,14.08514575734245,9.444533740447394,-0.10725374044739411
2016-03-18,12.65387,-6.840401147494284,-0.31396386264263554,0.5463092552646747,3.1352050162124625,14.085257100827741,10.61240636216796,2.04146363783204
2016-03-19,12.276855,-6.700639178338523,-0.3038324395803405,0.5642015930276474,3.2270457426959664,14.085322680979397,10.872098398784146,1.404756601215853
2016-03-20,9.535004,-6.558957368711528,-0.3214782418382777,0.5813185885988021,2.4635181928772814,14.08534806149126,10.249749232417537,-0.7147452324175365
2016-03-21,5.855896,-6.41534322441386,-0.36179020966057973,0.5976741279632836,1.0737724080012478,14.085360358297345,8.979673460187438,-3.123777460187438
2016-03-22,7.7726746,-6.269754332833244,-0.41276670042919034,0.6133008912574744,-0.5836966013961167,14.085401927558282,7.432485184157205,0.3401894158427954
2016-03-23,8.362152,-6.122337069355648,-0.46097369669275784,0.6281104834541118,-2.106812140931632,14.08542072839345,6.023408304867523,2.338743695132477
2016-03-24,3.4619446,-5.973168553252467,-0.494103506331327,0.6420654246533775,-3.134147174353377,14.08539962214824,5.1260458128644455,-1.6641012128644457
2016-03-25,5.485779,-5.822181673373192,-0.5028645594185783,0.6552224092795065,-3.431059948302587,14.085394007684936,4.984510235870086,0.5012687641299136
2016-03-26,5.7065735,-5.669437839080512,-0.483850217962324,0.6675537241447789,-2.964599076517662,14.085395270244721,5.635061860829001,0.0715116391709989
2016-03-27,7.822052,-5.514961855719161,-0.4370852327844438,0.6790545718913508,-1.916751378707233,14.08541337257639,6.895669477256903,0.9263825227430971
2016-03-28,7.8924866,-5.3588610888233905,-0.36506682497055276,0.6896648111010324,-0.6323490612448058,14.08541714502315,8.418804981085433,-0.5263183810854333
2016-03-29,10.428253,-5.201142731688672,-0.2706811852803885,0.6993907612506167,0.5014416780073905,14.08542587635491,9.814434398643856,0.6138186013561437
2016-03-30,11.523926,-5.04189587812527,-0.15800443943708806,0.7081894718072267,1.1931861464464983,14.085418006319088,10.786893307010455,0.7370326929895441
2016-03-31,10.9470825,-4.881140649582748,-0.0322204941875145,0.7160648861487866,1.3530334386532774,14.085406721697279,11.24114390272908,-0.29406140272907955
2016-04-01,10.351624,-4.718973504283183,0.09939044204191134,0.7229718263076809,1.109429131895756,14.085367254711175,11.298185150673339,-0.9465611506733396
2016-04-02,9.321472,-4.555482672762677,0.2272076898580007,0.7288748466370326,0.7278674399981663,14.085278947936143,11.213746251666665,-1.8922742516666649
2016-04-03,13.191376,-4.390575871200216,0.34067422403801983,0.7338511077408982,0.4716321155876888,14.085211944482852,11.240793520649243,1.9505824793507571
2016-04-04,13.058228,-4.22450222090346,0.42895546269683615,0.737756372878789,0.469195456082299,14.085065767365831,11.496470838120295,1.5617571618797044
2016-04-05,8.672455,-4.057266311037001,0.4856875828218651,0.7406134444040691,0.6665420596764685,14.084862470731217,11.920439246596619,-3.2479842465966193
2016-04-06,12.93103,-3.8886623663668987,0.5106571357135528,0.7425825065697833,0.872740954502081,14.084729539688874,12.322047770107392,0.6089822298926073
2016-04-07,11.882538,-3.7189371666409845,0.5072211235988046,0.7435296456249394,0.8708753921751666,14.084568095714934,12.487257090472859,-0.6047190904728588
2016-04-08,13.194366,-3.5481908700383347,0.4842269570990367,0.7434245686582306,0.5548825231245427,14.084352788830069,12.318695967673543,0.8756700323264575
2016-04-09,13.399506,-3.3764627817875263,0.45273808275258226,0.742282028834399,-0.006889636381251549,14.084088804251534,11.895756497669737,1.5037495023302636
2016-04-10,13.9826355,-3.203804045534538,0.42399212048277346,0.7401065170734831,-0.6005455136466871,14.0837755484538,11.443524626828832,2.5391108731711682
2016-04-11,7.5925293,-3.0303178738977983,0.4073285619876788,0.7368663545312032,-0.9767134696295469,14.083386595060611,11.220550168052148,-3.6280208680521477
2016-04-12,8.639313,-2.855855792075427,0.4104346264141481,0.7326942497293145,-0.9770555623501977,14.083021581328826,11.393239103046664,-2.7539261030466644
2016-04-13,13.632568,-2.680469351496816,0.4362297451073071,0.7275952950260289,-0.6217125328521718,14.08268011916422,11.944323274948568,1.6882447250514314
2016-04-14,14.101074,-2.504352138620165,0.4838364692543718,0.7214803647164917,-0.09228894735504879,14.082290914476003,12.690966662471652,1.4101073375283484
2016-04-15,12.793304,-2.3275229830573823,0.5510448120866924,0.7143792998344487,0.37195370972443376,14.081870115390462,13.391724953978654,-0.5984209539786551
2016-04-16,14.091187,-2.149941971544016,0.6340666410160548,0.7063636055449466,0.5954734791053381,14.081463453761527,13.867425207883851,0.22376179211614833
2016-04-17,15.777161,-1.971684695269376,0.7265772088975914,0.6974297253955513,0.5447009589044852,14.081058943446527,14.078082141374779,1.6990788586252208
2016-04-18,15.554321,-1.7928463015061813,0.8202808025029753,0.6875653192409861,0.3290954067108668,14.080634849169796,14.124730076118443,1.4295909238815572
2016-04-19,12.466675,-1.613441576035147,0.9059465690420412,0.6768135113055322,0.12615689038066538,14.08020975409206,14.175685148785151,-1.7090101487851506
2016-04-20,12.0529175,-1.4334396287640558,0.9745162177414344,0.665245610585799,0.07430643971518645,14.079825197277568,14.360453836555932,-2.3075363365559323
2016-04-21,14.614899,-1.2529324998548663,1.0174236454274872,0.6528490276736401,0.19113262325003905,14.079461359428146,14.687934155924445,-0.07303515592444576
2016-04-22,16.161316,-1.0720577809846277,1.0282908940342776,0.639582631294785,0.36684206223100185,14.079075715798664,15.041733522374102,1.1195824776258974
2016-04-23,16.056976,-0.890911941609354,1.0050340133678528,0.625432278738768,0.43256910344064564,14.078646393245696,15.250769847183609,0.8062061528163902
2016-04-24,13.022614,-0.7095416872530483,0.9507376500478069,0.6104182307172974,0.2602430584497602,14.078176429704598,15.190033681666414,-2.167419681666413
2016-04-25,14.3767395,-0.5279372432272913,0.873548420136042,0.5946021806554205,-0.1604325808598368,14.077697165489514,14.85747794219385,-0.4807384421938501
2016-04-26,16.349152,-0.34615523595795644,0.78408453560877,0.5780051072559667,-0.7122149177463366,14.077206727822679,14.380926216983122,1.9682257830168783
2016-04-27,15.748444,-0.1642524603061265,0.6942001151317084,0.5606461428054665,-1.2002159458715211,14.076703236958695,13.967081088718222,1.7813629112817768
2016-04-28,13.7344055,0.017726894168064427,0.6154879017596837,0.5425514533820328,-1.438228414462385,14.07619116190679,13.813728996754186,-0.0793234967541867
2016-04-29,11.508789,0.19974720025492643,0.5572005033133028,0.5237537393789314,-1.32928832050272,14.0756791966304,14.02709231907484,-2.5183033190748407
2016-04-30,12.982422,0.3818458880325185,0.5247831045168373,0.5043362431502165,-0.900332716240763,14.075212555156924,14.585845074615733,-1.6034230746157334
2016-05-01,17.005219,0.563983099519889,0.5183864033627084,0.484330292981722,-0.28173342190459905,14.074797880945606,15.359764254905327,1.645454745094673
2016-05-02,16.40216,0.7459864484196068,0.533371003723251,0.46368019695346513,0.35648675302187416,14.074375428814108,16.173899830932307,0.22826016906769198
2016-05-03,18.288635,0.9277997418192915,0.5630536420760296,0.4424057727262645,0.8762319910418562,14.07394366152556,16.883434809189,1.405200190810998
2016-05-04,17.818878,1.109346922394402,0.5991306633175627,0.4205135421194012,1.2063246926591862,14.073491172664012,17.408806993154563,0.4100710068454383
2016-05-05,17.591858,1.290507951105471,0.633799693272225,0.39798506117946186,1.3442356839723606,14.072984491238445,17.739512880767965,-0.1476548807679663
2016-05-06,16.301483,1.4713018531545097,0.6608275190306341,0.3748967242289688,1.3294080864059683,14.072459618912976,17.908893801733058,-1.6074108017330566
2016-05-07,19.21875,1.6517764419009255,0.6760478708615474,0.3513468807096036,1.2137782863421633,14.071966814147165,17.964916293961405,1.253833706038595
2016-05-08,17.278198,1.8317553933594737,0.676253375395179,0.3272864238679771,1.0424023827422475,14.071444176091983,17.94914175145686,-0.6709437514568606
2016-05-09,16.490326,2.0112501458534844,0.6607597614874735,0.302787634054085,0.8560638512817778,14.070923825481357,17.901785218158178,-1.4114592181581784
2016-05-10,18.60617,2.1901995199763875,0.6297328246018344,0.2778787937624371,0.6869358471737241,14.070401389082146,17.85514837459653,0.7510216254034674
2016-05-11,18.815094,2.3684443380843065,0.5838408655355183,0.25252201529962487,0.5489267449519771,14.069823493227677,17.823557457099103,0.9915365429008958
2016-05-12,17.962555,2.546023300139799,0.5257723514817548,0.22681030096599908,0.425807006027818,14.069235651746906,17.793648610362276,0.16890638963772275
2016-05-13,17.619568,2.722944446051436,0.4601053751829361,0.20082067601227244,0.2615959121571902,14.068667766191027,17.71413417559486,-0.09456617559485991
2016-05-14,16.644897,2.899123506419021,0.39298772059153697,0.17456694974918108,-0.024491661096561507,14.068103452181695,17.510289967844873,-0.8653929678448726
2016-05-15,15.800018,3.0745484913787484,0.33181469344654213,0.1481065766477423,-0.4914443776612224,14.067562403699764,17.130587787511573,-1.330569787511573
2016-05-16,17.698334,3.249170794080948,0.2834713529293192,0.12147345644806004,-1.1190819969165624,14.067045924931113,16.602079531472878,1.0962544685271212
2016-05-17,15.844635,3.422885082484095,0.2520022464100977,0.09466314940420614,-1.774307097531618,14.066526911067667,16.06177029183445,-0.2171352918344489
2016-05-18,17.139984,3.595677772749254,0.2380698827097939,0.06773045259918983,-2.2287689828426105,14.066024064169135,15.738733189384762,1.4012508106152364
2016-05-19,16.646667,3.767474771066164,0.23705883852038434,0.04069142194663857,-2.2470043308807996,14.065525749388856,15.863746450041242,0.7829205499587584
2016-05-20,14.390778,3.9382617209197397,0.2404463254448072,0.013603201463357022,-1.7019567394735329,14.06505009174224,16.55540460009661,-2.1646266000966126
2016-05-21,17.796967,4.108062650990208,0.23754549412107276,-0.01344946040974995,-0.6665430552307007,14.0646342574789,17.73024988694973,0.06671711305027017
2016-05-22,19.241821,4.276756579415682,0.21683821648305893,-0.04047499361252694,0.5753456977120985,14.064242641382538,19.09270814138085,0.14911285861915147
2016-05-23,21.492767,4.444267346789676,0.1699190824529534,-0.06745548823407999,1.6291903175677587,14.06386187838865,20.23978313696496,1.2529838630350412
2016-05-24,21.38446,4.61044763447557,0.09263359229989167,-0.09442113730579171,2.151506358306372,14.063442842754045,20.823609290530086,0.5608507094699142
2016-05-25,19.357239,4.775251945555382,-0.013958248261723441,-0.12133332642247929,2.0032812409933083,14.062987154131893,20.70622876599638,-1.3489897659963788
2016-05-26,21.445557,4.938699036021185,-0.14481454984981057,-0.14810927860603695,1.3100545562375512,14.062528279697458,20.01835804350035,1.4271989564996517
2016-05-27,17.111877,5.100684800955101,-0.29376064646654515,-0.17474948392441764,0.39330538016166217,14.062038081519335,19.087518132245137,-1.975641132245137
2016-05-28,17.56018,5.2612772335214295,-0.45296975751276736,-0.20114404496068305,-0.3834246916541455,14.061574468394578,18.285313207788413,-0.7251332077884136
2016-05-29,20.499207,5.420398884934896,-0.6155645564587692,-0.2272767405181878,-0.7915606498198678,14.061122341394686,17.847119279532755,2.652087720467243
2016-05-30,15.600739,5.577977535879725,-0.7748039190218873,-0.25312985698907153,-0.8283359482634146,14.060668996027166,17.782376807632517,-2.181637807632516
2016-05-31,18.921661,5.7341643445522985,-0.9217413576323584,-0.2785421657816947,-0.6775850390885576,14.06031337142728,17.91660915347697,1.0050518465230311
2016-06-01,18.286926,5.888779148012631,-1.0483321316360676,-0.30356846357417755,-0.5824559985901786,14.05998832872114,18.014410882933348,0.27251511706665354
2016-06-02,16.637238,6.0417841644036985,-1.1459118338350065,-0.3281741808258291,-0.6805302758472639,14.059697822495119,17.94686569639072,-1.30962769639072
2016-06-03,17.063263,6.193143261412326,-1.2075783905660473,-0.3523259141976381,-0.9191601090305678,14.059446451789789,17.77352529940786,-0.7102622994078622
2016-06-04,19.725464,6.342782362647429,-1.2305914259230468,-0.3760172946580387,-1.0934719353058153,14.059219676851619,17.70192138361215,2.02354261638785
2016-06-05,17.975616,6.490527551916534,-1.2175036009943732,-0.39930544089857045,-0.9831546068257122,14.05895270693161,17.94951661012949,0.026099389870509526
2016-06-06,18.695526,6.636387697070815,-1.1743648193467462,-0.4221259455439175,-0.5037523076430651,14.058671947135558,18.594816571672645,0.10070942832735597
2016-06-07,18.761414,6.780313431744753,-1.1102420142819809,-0.44445186781114254,0.21136792246393626,14.058374333478248,19.495361805593813,-0.7339478055938145
2016-06-08,20.21875,6.922287283649668,-1.0340617894292563,-0.46623874562757606,0.8643823275408096,14.058072573107843,20.34444164924149,-0.1256916492414888
2016-06-09,20.019196,7.062255545313812,-0.952640644655989,-0.4874662803796497,1.1499109302469692,14.057760927924257,20.8298204784494,-0.8106244784493981
2016-06-10,21.57608,7.200197159702013,-0.8691236607161278,-0.5080926891964723,0.9305692312125281,14.057449645215122,20.810999686217063,0.7650803137829385
2016-06-11,21.31311,7.336051215359971,-0.7843019586448234,-0.5281024578851512,0.32231492218217694,14.057128651425629,20.403090372437802,0.9100196275621997
2016-06-12,21.615692,7.469727643659343,-0.698040237806462,-0.5475011093435144,-0.3579696089318007,14.056773071569587,19.922989759147153,1.6927022408528458
2016-06-13,18.152924,7.601204671960755,-0.6116437722727126,-0.5662513145930803,-0.761932351913439,14.056391812178777,19.7177690453603,-1.5648450453603004
2016-06-14,20.20758,7.730494586613208,-0.5284941396241769,-0.5842941202973416,-0.6958615266894709,14.056010511241785,19.977855311244003,0.22972468875599716
2016-06-15,19.320923,7.857546362045036,-0.45495080957547,-0.6016139818487064,-0.22398969266020463,14.055622836137928,20.632614714098583,-1.3116917140985827
2016-06-16,20.056946,7.9823427461014695,-0.39690457647798033,-0.6181750122742242,0.38280244480231534,14.055239019459414,21.405304621610995,-1.3483586216109948
2016-06-17,22.590637,8.10484819285093,-0.3577801975155427,-0.6339543468271098,0.8079143963152393,14.054859795776304,21.97588784059982,0.6147491594001799
2016-06-18,23.312042,8.224910348085878,-0.33679601636960405,-0.6490070004194466,0.8691701223609914,14.05442710734149,22.16270456099931,1.1493374390006927
2016-06-19,21.586578,8.34242866196487,-0.32802390552040267,-0.6633522561081018,0.6115059828660072,14.053908378397983,22.016466861600357,-0.42988886160035733
2016-06-20,23.260773,8.457491214007062,-0.3221400908413842,-0.6768881081069296,0.2547781309064082,14.053365110890832,21.76660625685599,1.4941667431440102
2016-06-21,20.891144,8.570013186427811,-0.3109225965562163,-0.6896257201240608,0.03262005597641697,14.05277195872617,21.654856884450123,-0.763712884450122
2016-06-22,21.283905,8.680039249686134,-0.2885921362740316,-0.7014940232953835,0.036312891984628254,14.052168006277226,21.778433988378573,-0.4945289883785726
2016-06-23,21.795013,8.787537664422665,-0.2544140704716078,-0.7124745722668172,0.1513171616521065,14.051553700461778,22.023519883798123,-0.22850688379812212
2016-06-24,20.946442,8.892488828484828,-0.2114872296210877,-0.7225433435279007,0.14034983542586194,14.050935250969486,22.149743341731188,-1.203301341731187
2016-06-25,23.56195,8.994887606131098,-0.1643932940750798,-0.731669196794726,-0.18262439972987435,14.050325601528474,21.96652631705989,1.5954236829401083
2016-06-26,21.951843,9.09459785422368,-0.11760676960542292,-0.7399078699850123,-0.7998250314108689,14.049671730756666,21.48692991397904,0.46491308602096026
2016-06-27,22.051544,9.191658750683551,-0.07246376587588763,-0.7472024640277248,-1.4526888438967678,14.049008019386486,20.96831169626966,1.083232303730341
2016-06-28,19.158905,9.286026311420137,-0.028613965783647576,-0.7535514172166222,-1.767070100081458,14.04832684892879,20.785117677267202,-1.6262126772672012
2016-06-29,20.665924,9.377732065239096,0.015143252005008156,-0.7589051893280809,-1.463911047213098,14.047657975364798,21.217717056067723,-0.5517930560677229
2016-06-30,22.91449,9.46674247033425,0.057562122534584766,-0.7632612140291035,-0.542985192948742,14.046998308283843,22.265056494174832,0.6494335058251686
2016-07-01,24.06668,9.552955087633661,0.09445738315343721,-0.7666639862861462,0.6838143397222443,14.046309850109381,23.61087267433258,0.455807325667422
2016-07-02,24.617676,9.6363444783916,0.11995876293406574,-0.7691096954762559,1.7328209922026487,14.045592705803985,24.765607243856046,-0.14793124385604628
2016-07-03,26.374817,9.716888416180531,0.12848295866570375,-0.77059157233561,2.1883046288046093,14.044848109176298,25.30793254049153,1.0668844595084686
2016-07-04,25.501068,9.794539192554296,0.11685431359231886,-0.7711198604626546,1.9105048515305179,14.04406412886543,25.09484262607991,0.4062253739200905
2016-07-05,20.13678,9.869248582111094,0.08648156111196653,-0.770704926318051,1.1006850050747263,14.043228069458415,24.328938291438153,-4.192158291438151
2016-07-06,23.497742,9.941122662082257,0.043655076287342276,-0.7692571914788611,0.18585331740399844,14.042404028618023,23.44377789291276,0.0539641070872392
2016-07-07,25.45935,10.010051636092749,-0.004904970786796721,-0.7668294929208297,-0.4162421528271091,14.04154752319593,22.863622542753944,2.5957274572460562
2016-07-08,24.155151,10.075987664914532,-0.052917891136798755,-0.7634378880369217,-0.5008566621240763,14.040644715607643,22.79941993922438,1.3557310607756214
2016-07-09,20.67099,10.138944831325766,-0.09651260505850746,-0.7590578165111771,-0.15373072578839062,14.039712421564781,23.169356105532472,-2.4983661055324724
2016-07-10,23.70517,10.199049704973675,-0.13535856372145685,-0.7535939060279759,0.33283814380825316,14.038823370819076,23.681758749851568,0.02341125014843115
2016-07-11,24.85965,10.256219080160946,-0.1735263041216927,-0.7470910626918222,0.6450771229419116,14.037944869425157,24.0186237057145,0.8410262942854985
2016-07-12,24.519806,10.310421634164005,-0.21572508739471385,-0.7395618791516875,0.6322703109914543,14.03706968858395,24.024474667193008,0.49533133280699104
2016-07-13,23.885498,10.36168344152421,-0.26502749007587234,-0.7309838338831832,0.37336325203264525,14.036218860339421,23.775254229937218,0.1102437700627803
2016-07-14,24.283356,10.41000857474304,-0.32197065217976445,-0.7213519804963935,0.09829327716651506,14.035402011702653,23.50038123093605,0.7829747690639515
2016-07-15,21.34909,10.455338601653473,-0.3850697834337102,-0.7107037399480896,0.022440060114055096,14.034597090255714,23.416602228641445,-2.0675122286414442
2016-07-16,22.435333,10.497759361384457,-0.45136372693171783,-0.6989848621348819,0.20226993647257596,14.033853972694594,23.583534681485027,-1.1482016814850269
2016-07-17,24.880707,10.537243378425854,-0.5196914333346173,-0.6862173684885698,0.4911865125259213,14.033165367527396,23.85568645665598,1.02502054334402
2016-07-18,25.64206,10.573684263542553,-0.5910563934492401,-0.6724782099008926,0.6304071053701379,14.032484066135707,23.973040831698263,1.6690191683017375
2016-07-19,24.46054,10.607065505194477,-0.6670697068840089,-0.6577885099788456,0.41240118774139833,14.031807396700804,23.726415872773828,0.734124127226174
2016-07-20,23.76532,10.637391125983147,-0.7480559722579826,-0.6421577134277539,-0.18656578990043282,14.03114255671098,23.091754207107957,0.6735657928920418
2016-07-21,20.757538,10.664694581941756,-0.8314735935742793,-0.6255741500263228,-0.9832235318053436,14.030510925734445,22.25493423227026,-1.4973962322702583
2016-07-22,19.681854,10.689061602932213,-0.9104946606535281,-0.607993771504581,-1.6798820536542367,14.029959710760153,21.52065082788002,-1.8387968278800173
2016-07-23,20.691406,10.710503985688616,-0.9754193532030159,-0.589424387356208,-2.0200469566508317,14.029498856254408,21.155112144732968,-0.4637061447329671
2016-07-24,22.21164,10.7289894664039,-1.0157455813989453,-0.5699049140828186,-1.9114662954959498,14.029115775705767,21.26098845113195,0.9506515488680485
2016-07-25,22.793762,10.744505584351725,-1.0224737095061156,-0.5494645831040624,-1.4525360798754616,14.028807351070773,21.748838562936857,1.0449234370631437
2016-07-26,21.640533,10.75703258851318,-0.9902642336460309,-0.5281403023886945,-0.8599931020597038,14.028566423624474,22.407201374043225,-0.7666683740432241
2016-07-27,22.639343,10.766538382348639,-0.9184358923604661,-0.5059813179668475,-0.3493114421748796,14.028379301700536,23.02118903154698,-0.3818460315469814
2016-07-28,23.608612,10.772981271598262,-0.8110564165055307,-0.48304777165597146,-0.0403149380391451,14.028227116212745,23.46678926161036,0.1418227383896422
2016-07-29,23.880463,10.77634633105566,-0.6749601261905084,-0.45938284221716014,0.07052418236523614,14.02810397318894,23.740631518202168,0.139831481797831
2016-07-30,24.580475,10.776624344437817,-0.5177100702072468,-0.43502465470413515,0.06834624936645181,14.028006378032018,23.920242246924904,0.6602327530750962
2016-07-31,24.689026,10.773789700127624,-0.34651878522840046,-0.41002296235870184,0.04834601408267857,14.027922141587727,24.093516108210927,0.5955098917890709
2016-08-01,24.298096,10.767877295755593,-0.1677582637042417,-0.3843902527772525,0.06652379763353798,14.027868952158505,24.31012152906614,-0.01202552906613974
2016-08-02,23.66034,10.758871333580384,0.012369195153466676,-0.3581732774150297,0.13569636560211248,14.027838627555953,24.576602244476888,-0.9162622444768864
2016-08-03,24.409668,10.74674842715492,0.1871955038026896,-0.33142674813530903,0.2542848849029521,14.027818787042097,24.88462085476735,-0.4749528547673485
2016-08-04,25.658142,10.731518275928948,0.3492023635192585,-0.3041858252872533,0.43133113966778625,14.027813228238132,25.235679182066875,0.4224628179331269
2016-08-05,25.909302,10.713159244815964,0.490828623151384,-0.2765055823187892,0.6818852878683364,14.027809619943342,25.63717719346024,0.272124806539761
2016-08-06,26.36737,10.691700653218255,0.6063061270451148,-0.24840836434325458,0.9934408238453888,14.027820681621948,26.070859921387452,0.29651007861254897
2016-08-07,25.628174,10.667155677373646,0.6928042286987779,-0.21992912464151226,1.2910853429037117,14.027850631318103,26.458966755652725,-0.8307927556527233
2016-08-08,26.640778,10.639506631842302,0.7513790218591755,-0.19112228164627798,1.4428307198237618,14.02788767878743,26.67048177066639,-0.02970377066639074
2016-08-09,28.553436,10.608721313724224,0.7862859601147943,-0.16205154855253634,1.3152209753663422,14.027912244197163,26.576088944849985,1.977347055150016
2016-08-10,26.010284,10.574780526429027,0.8038558723604848,-0.1327730483966232,0.8573839770691081,14.02791092956987,26.131158257031867,-0.12087425703186838
2016-08-11,23.831085,10.537724918549483,0.8114216515520569,-0.10330543516645296,0.1609627555211259,14.027899921087451,25.434703811543663,-1.6036188115436616
2016-08-12,23.969177,10.497595483452546,0.8147288095274627,-0.07366910010603424,-0.556573384202027,14.027895025744602,24.70997683441655,-0.7407998344165527
2016-08-13,23.88678,10.454398823840137,0.8165467497247101,-0.043907512556419365,-1.0430953046384446,14.02789442199183,24.21183717836181,-0.3250571783618099
2016-08-14,24.079498,10.408168109667212,0.8171562496684749,-0.014045910547093752,-1.1322954778457481,14.027909041273928,24.106892012216775,-0.0273940122167744
2016-08-15,24.789337,10.358889246058709,0.8151105245248371,0.015855881118880602,-0.8300631627487373,14.027925777116748,24.387718266070436,0.4016187339295634
2016-08-16,25.361206,10.306539313622043,0.8084696582235973,0.045727978582855724,-0.3131581161830865,14.027926712875155,24.875505547120564,0.48570045287943486
2016-08-17,26.533142,10.251085365823135,0.7957121436709618,0.07549274328375255,0.16224185037200295,14.027888456712505,25.31242055986236,1.2207214401376412
2016-08-18,25.529846,10.192565858134957,0.7759679477230551,0.10512099552023607,0.39252076094632443,14.02782287256226,25.493998434886834,0.03584756511316556
2016-08-19,25.197235,10.131026903856142,0.7488409999419124,0.13458971221256424,0.32608405420754955,14.027745157047752,25.36828682726592,-0.17105182726592005
2016-08-20,23.98581,10.066465395773843,0.7135436500526956,0.16384417893686062,0.07315948029478465,14.027645390448795,25.04465809550698,-1.0588480955069777
2016-08-21,25.976837,9.998938860434194,0.6693769340529231,0.19286997890867758,-0.17317546366690567,14.027543507489089,24.715553817217977,1.261283182782023
2016-08-22,23.575989,9.928447389033966,0.6156610915722998,0.22161386741806244,-0.2615298987664717,14.0274303104469,24.531622759704753,-0.9556337597047531
2016-08-23,24.15976,9.855074161834985,0.5538417759501287,0.2500751035008675,-0.17068266090653547,14.027337887689065,24.515646268068508,-0.35588626806850954
2016-08-24,24.671234,9.778803555574104,0.4867616442753431,0.27819212697682394,-0.02060667054793043,14.027248302901747,24.550398959180086,0.12083504081991236
2016-08-25,24.835114,9.69960464405276,0.41914490518369046,0.30589320820615074,0.010758491051883642,14.027135532394261,24.462536780888748,0.3725772191112533
2016-08-26,25.660095,9.61752842014404,0.3570621535435235,0.3331582889480249,-0.1910399179078659,14.027014185757743,24.14372313048547,1.5163718695145292
2016-08-27,22.286377,9.532579945885182,0.30635029276437226,0.3599368087187709,-0.5920035927887713,14.026875429394181,23.633738883973734,-1.3473618839737327
2016-08-28,21.295166,9.444797022539706,0.2719444314791024,0.38619991774125795,-1.011244706879599,14.026726301333053,23.118422966213522,-1.823256966213524
2016-08-29,24.375916,9.35424467900128,0.25581754854732525,0.411936423199036,-1.2173794280563306,14.026587066497747,22.831206289189055,1.5447097108109453
2016-08-30,23.03122,9.260895519772761,0.25641603656204226,0.43707659299220397,-1.0563230981762366,14.026431341313039,22.92449639246381,0.10672360753619259
2016-08-31,23.510315,9.164804832281211,0.2708381455291733,0.46160602781784194,-0.533890152572159,14.026273695989275,23.389632549045345,0.12068245095465358
2016-09-01,23.803986,9.065941311901668,0.29480374535006154,0.4854515095598315,0.18164118493279,14.02608490357907,24.05392265532342,-0.24993665532342035
2016-09-02,24.68689,8.96434925703553,0.32413015601119394,0.5085858052724188,0.8467026613806221,14.025873130856429,24.66964101055619,0.01724898944380726
2016-09-03,24.475372,8.859983086083808,0.35479708393776693,0.5309241074837314,1.261905760386122,14.025601183307112,25.033211221198542,-0.5578392211985417
2016-09-04,24.498932,8.752919740451716,0.38348861010017105,0.5524650183079518,1.3607301456822667,14.025292747522192,25.0748962620643,-0.5759642620643
2016-09-05,25.514435,8.64315108859926,0.40684400484507377,0.573154152248059,1.2176206682270505,14.024928479284217,24.865698393203658,0.6487366067963407
2016-09-06,24.84616,8.530707301092374,0.42157511367159517,0.5929629623156791,0.9823306688017603,14.024507874381369,24.552083920262778,0.2940760797372235
2016-09-07,24.727173,8.41561970212582,0.4250730810655217,0.6118650475972154,0.78495112315646,14.024030585761158,24.261539539706177,0.465633460293823
2016-09-08,24.23581,8.297914755172766,0.41574097554990613,0.6298316707259162,0.6679935313000105,14.023493478758567,24.034974411507164,0.20083558849283634
2016-09-09,24.691284,8.177671181065211,0.3938955963519081,0.6468702689648478,0.5858717769147229,14.022919053386882,23.827227876683573,0.864056123316427
2016-09-10,24.083008,8.054904776117604,0.361668077436763,0.6629476203579181,0.46086585633268196,14.02229785730564,23.56268418755061,0.5203238124493907
2016-09-11,21.735168,7.929690763118663,0.32302850408369777,0.678070178832821,0.2554292740920546,14.021649785829561,23.207868505956796,-1.4727005059567944
2016-09-12,22.782013,7.802150232332357,0.28282301010087757,0.6922729107264736,0.0073950197196204215,14.021017430640425,22.805658603519753,-0.023645603519753422
2016-09-13,21.51175,7.67227121348248,0.24466037713859332,0.705505115067259,-0.19788385203981534,14.020376356960629,22.444929210609146,-0.933179210609147
2016-09-14,21.936462,7.540093213001775,0.21131665531267016,0.717751684503234,-0.29227469076209966,14.01972753614436,22.19661439819994,-0.26015239819994207
2016-09-15,22.265228,7.405636973195445,0.1840122028911713,0.7289859048942504,-0.2904171499523165,14.019062184722445,22.047280115750993,0.21794788424900702
2016-09-16,20.904633,7.2688857994824705,0.16331169034944537,0.7391549576809489,-0.29981906945396253,14.018352488092267,21.889885866151168,-0.9852528661511677
2016-09-17,23.408112,7.129865197239573,0.15035963935159505,0.7482349498508101,-0.4630614576792441,14.017591383519516,21.58298971228225,1.8251222877177504
2016-09-18,22.077026,6.988631487251604,0.14667274708743774,0.7562248866839032,-0.8639325622081737,14.01678680826834,21.04438336708311,1.0326426329168896
2016-09-19,20.107635,6.8453286893198,0.1551349618826159,0.7631838867066701,-1.4454512163822844,14.015990309557663,20.334186631084464,-0.2265516310844653
2016-09-20,18.528809,6.700005620541466,0.17827386512455917,0.7691133365605609,-2.004967589056029,14.015205362948826,19.657630596119382,-1.1288215961193835
2016-09-21,19.210052,6.5527353681420895,0.2171301895212828,0.7740289290005558,-2.2732457730617,14.014447387282544,19.285096100884772,-0.07504410088477087
2016-09-22,18.817596,6.40354928656301,0.27016934658986624,0.7779177378892088,-2.0456530401657393,14.01371072188836,19.419694052764704,-0.6020980527647026
2016-09-23,20.30075,6.252479069019037,0.33391624690240757,0.7807685149945116,-1.2958126461406574,14.012989438409157,20.084340623184456,0.21640937681554462
2016-09-24,20.919891,6.09949099482534,0.4034275615224243,0.7825291831257175,-0.2141588489643419,14.012244449623642,21.08353334013278,-0.16364234013278178
2016-09-25,22.463684,5.944615626636221,0.47415243830902104,0.78318944849927,0.8601476686338995,14.011468674993035,22.073573857071445,0.39011014292855606
2016-09-26,22.489227,5.787889160985962,0.5425544893706363,0.7827411846510226,1.5819225486635204,14.01065769237913,22.70576507605027,-0.21653807605026998
2016-09-27,23.943909,5.629353570727662,0.6066166487394529,0.7811807446609944,1.7543868384037569,14.009809603076127,22.781347405607992,1.1625615943920096
2016-09-28,24.003784,5.469029237859686,0.664801877199827,0.7784927394602841,1.4164983627891579,14.00891136971466,22.337733587023614,1.6660504129763858
2016-09-29,22.156128,5.306899574021593,0.7154841637122266,0.7746408378438029,0.8242844433235756,14.007931124532558,21.629240143433755,0.526887856566244
2016-09-30,18.702301,5.143037112612927,0.7564125109208881,0.7696507085262196,0.33092269298163807,14.006881349589557,21.00690437463123,-2.304603374631231
2016-10-01,18.476654,4.977637457605335,0.7844002981966262,0.7636280470303469,0.2225233706784392,14.00583590919522,20.754025082705965,-2.277371082705965
2016-10-02,21.73285,4.810795843016554,0.7948817911828469,0.7566106727062871,0.5870342280821937,14.004818155614995,20.954140690602877,0.7787093093971222
2016-10-03,21.41275,4.64244497835496,0.7833031413565082,0.7485317526002988,1.2815870905215447,14.003769797305878,21.45963676013919,-0.04688676013919135
2016-10-04,23.722473,4.472628602158725,0.7481638509047976,0.7393987156539008,2.0075499136402915,14.00268786287248,21.970428945230193,1.752044054769808
2016-10-05,22.034607,4.301176455460986,0.6905652317443304,0.7290820002730912,2.439107563013449,14.001462034313912,22.16139328480577,-0.12678628480576748
2016-10-06,21.847992,4.128194023297195,0.6156551344245875,0.7176336234324369,2.3557617839887097,14.00011974750788,21.81736431265081,0.030627687349191746
2016-10-07,18.116821,3.9537624121695094,0.5301906650541038,0.7050977986002062,1.7096155226735201,13.998675835706482,20.89734223420382,-2.7805212342038175
2016-10-08,21.373322,3.7780892404440625,0.44163563741613804,0.6916038838484633,0.621693210694176,13.99720831666759,19.53023028907043,1.8430917109295706
2016-10-09,19.156342,3.601171656342309,0.35474567483683983,0.6771462138173696,-0.6842065880448736,13.99568958349772,17.944546540449366,1.2117954595506326
2016-10-10,15.048828,3.4231359673280783,0.27338980994949924,0.6618050735407068,-1.9493864395709424,13.994156414472924,16.403100825720266,-1.3542728257202654
2016-10-11,15.009064,3.244192663088633,0.200193951093681,0.6457169903232833,-2.9402771764277937,13.992687548796336,15.14251397687414,-0.1334499768741395
2016-10-12,16.625519,3.0643670126247597,0.1356865852090562,0.6288948041284194,-3.484092776032608,13.99126909227301,14.336124718202637,2.289394281797364
2016-10-13,13.309601,2.8836603699853103,0.07929359483193679,0.6113334414667613,-3.4814992340890907,13.989875051924848,14.082663224119766,-0.7730622241197658
2016-10-14,13.304504,2.702121894780255,0.030420983898121305,0.5930555855640818,-2.9170958414085533,13.988503238829146,14.39700586166305,-1.0925018616630506
2016-10-15,14.633331,2.5198246154883845,-0.013160162342390962,0.5740970140888061,-1.8820331141827742,13.98716325129349,15.185891604345516,-0.5525606043455156
2016-10-16,16.769318,2.3367483261716755,-0.05561919249703107,0.5544347042077438,-0.5811641379139387,13.985817864237793,16.240217564206244,0.5291004357937545
2016-10-17,16.441284,2.15285905884339,-0.10266267942327194,0.5340375490139191,0.6953953315909804,13.984422775438492,17.26405203546351,-0.8227680354635112
2016-10-18,19.84967,1.968233645069803,-0.15992504692520754,0.512945138690208,1.6485154268764635,13.982989042090326,17.952758205801594,1.896911794198406
2016-10-19,18.44339,1.7828363173730613,-0.23259905876653025,0.4911260087414083,2.0703312951314805,13.981471250412971,18.09316581289239,0.35022418710761016
2016-10-20,18.614014,1.596742441755113,-0.3222174185087025,0.4686249045776897,1.9365780613214383,13.979879411715011,17.65960740086055,0.9544065991394497
2016-10-21,15.114227,1.410016672561973,-0.4267581572596029,0.44548451022066815,1.4233427866844681,13.978218076027986,16.83030388823549,-1.7160768882354915
2016-10-22,15.142975,1.2228775385792114,-0.5400762339581814,0.42184926334942574,0.8365291315178082,13.976568894101304,15.917748593589568,-0.7747735935895683
2016-10-23,15.589203,1.0353704909673227,-0.6551032556631587,0.39775151487941435,0.4664175115252403,13.97492671367988,15.219362975388698,0.3698400246113014
2016-10-24,12.256775,0.8475170727133179,-0.765237743713703,0.37320694762633655,0.44897961521015295,13.973274163017981,14.877740054854085,-2.6209650548540857
2016-10-25,14.421356,0.6593981911154341,-0.8652721160810218,0.3482690352871758,0.702761647492627,13.971623564731289,14.816780322545503,-0.3954243225455034
2016-10-26,18.654602,0.4709967716548624,-0.9537250864309227,0.3229305052967144,0.9737048542722111,13.969938059001791,14.783845103794656,3.8707568962053447
2016-10-27,15.170044,0.2823093776968504,-1.0317495009684021,0.29719041065631147,0.9819134668276793,13.968187619113438,14.497851373325878,0.6721926266741232
2016-10-28,12.612457,0.09353075074576431,-1.1002233166273574,0.2711767392768373,0.5903718547960687,13.966441418555096,13.821297446746408,-1.2088404467464091
2016-10-29,13.12265,-0.09526263712175567,-1.1602103180707157,0.24494415588078772,-0.11021464104066431,13.964709393896381,12.843965953544034,0.27868404645596634
2016-10-30,9.836304,-0.2840270398085818,-1.2124001135166138,0.2185271134744692,-0.8402824358507747,13.962985091925468,11.844802616223967,-2.0084986162239673
2016-10-31,13.462433,-0.47268220558007756,-1.2560609301337922,0.19198122556823377,-1.2781935828228268,13.961280329509995,11.146324836541531,2.3161081634584697
2016-11-01,11.310425,-0.6612758539041915,-1.2911870752531713,0.16527629024109053,-1.246584598547185,13.9595429399405,10.925771702477043,0.3846532975229575
2016-11-02,8.896515,-0.8496718850147461,-1.3167651249703491,0.13850384270963143,-0.8158719475606458,13.957812715394516,11.114007600558406,-2.217492600558405
2016-11-03,11.536957,-1.03770304751035,-1.3320500289071642,0.11177601870389463,-0.2800328415835109,13.956145206644583,11.418135307347454,0.11882169265254561
2016-11-04,11.899231,-1.2253812738434453,-1.3373942034725772,0.08509041116829513,-0.0027513846772377337,13.954506259545578,11.474069808720614,0.42516119127938623
2016-11-05,12.582367,-1.412680814143799,-1.332081500235898,0.058466994361952546,-0.2085863921909709,13.952880616255225,11.05799890404651,1.5243680959534895
2016-11-06,10.8246765,-1.5995841866307758,-1.3137791137306183,0.031919872479943684,-0.846213387676047,13.951248946131754,10.223592130574257,0.6010843694257435
2016-11-07,7.063904,-1.7859451424205466,-1.2777893284106794,0.005550098404740512,-1.59984701932058,13.949656453060685,9.29162506131362,-2.2277210613136207
2016-11-08,10.706818,-1.9715679560631272,-1.218280774128392,-0.02050833934431246,-2.052685246540938,13.948173228495342,8.685130912418572,2.0216870875814283
2016-11-09,7.4238586,-2.1564706531565756,-1.1317040950633768,-0.04626764500791772,-1.9148879510233405,13.94676265379791,8.697432309546699,-1.2735737095466986
2016-11-10,7.825714,-2.3405915896694256,-1.0159926824687393,-0.07169149186192617,-1.1739282140621512,13.94542806141796,9.343224083355718,-1.5175100833557185
2016-11-11,9.8497925,-2.523908344078524,-0.8733671741438189,-0.09676834862596667,-0.10478525803109053,13.944153224938276,10.345324100058876,-0.495531600058877
2016-11-12,11.062347,-2.7064665855199035,-0.710350102480717,-0.12153084956552039,0.8810528841153465,13.942887986398256,11.285593332947462,-0.2232463329474612
2016-11-13,12.659088,-2.8882621147650953,-0.5364988302080653,-0.14598150954602895,1.457168749368003,13.94160736615463,11.828033661003444,0.831054338996557
2016-11-14,13.491364,-3.0692289971315843,-0.363318827701,-0.17008299653400677,1.545374403839895,13.94031738673503,11.883060969208334,1.6083030307916673
2016-11-15,13.952759,-3.2493027273317647,-0.2028344347742578,-0.19379637555069687,1.3315286752668565,13.939023384069367,11.624618521679505,2.3281404783204955
2016-11-16,10.16806,-3.4284736569756507,-0.06649700329036007,-0.2171197352901469,1.126996961272242,13.937703435334047,11.352610001050131,-1.1845500010501304
2016-11-17,10.221344,-3.6065848295189644,0.03656219357476635,-0.23995862266067308,1.1624059518938112,13.936409457840611,11.288834151129551,-1.067490151129551
2016-11-18,8.97522,-3.7836015328031456,0.09892397105139643,-0.26229862414300736,1.430366495712881,13.935132245862599,11.418522555680724,-2.4433025556807237
2016-11-19,9.959778,-3.959464312989546,0.11675065032074658,-0.2841085703031553,1.6825170527230084,13.933875118220696,11.48956993797175,-1.5297919379717495
2016-11-20,13.20285,-4.134212938915823,0.09014940327414989,-0.3054239991581463,1.5754174332092692,13.932591938003398,11.158521836412849,2.044328163587151
2016-11-21,11.452148,-4.307890336854388,0.024063793959995687,-0.32628519438168285,0.8865203457803907,13.931235158102837,10.207643766607152,1.2445042333928473
2016-11-22,14.132629,-4.48041569379414,-0.07057552694277425,-0.34664885048749183,-0.3246972841576449,13.929819379682574,8.707482024300521,5.425146975699478
2016-11-23,6.833618,-4.65174907331482,-0.17966532673595048,-0.36648965077561474,-1.7156343492197155,13.928338757157825,7.014800357111724,-0.18118235711172392
2016-11-24,-0.3916626,-4.821605557326087,-0.2860529751478078,-0.3856215891330114,-2.80653064259213,13.926910225560846,5.627099461361809,-6.018762061361809
2016-11-25,2.1549988,-4.989838872983222,-0.3746636436362055,-0.40395272799029214,-3.2136593777275975,13.925581681193384,4.943467058856067,-2.7884682588560668
2016-11-26,5.7261047,-5.156447578980554,-0.4365473069943976,-0.4214920594522889,-2.829600589676059,13.924328858172252,5.080241323068952,0.6458633769310476
2016-11-27,9.679718,-5.321468295592201,-0.46860979768860384,-0.4382764941360194,-1.8490660049439085,13.923108654192252,5.845688061831519,3.834029938168481
2016-11-28,8.303772,-5.48498280708445,-0.47300851175549646,-0.45437130192474495,-0.6483474932875785,13.921855452553798,6.861145338501528,1.4426266614984726
2016-11-29,6.395752,-5.646888498083156,-0.454546748201859,-0.46972567366507784,0.4092979889747487,13.920596317349304,7.75873338637396,-1.36298138637396
2016-11-30,6.352295,-5.807028709786934,-0.41988447025543113,-0.4842517010635285,1.124868537016406,13.919385597057445,8.333089252967959,-1.980794252967959
2016-12-01,9.214722,-5.9654015834862015,-0.376931922679335,-0.49796344910165524,1.5022479908000348,13.918200382539755,8.5801514180726,0.6345705819274006
2016-12-02,7.613678,-6.122070985841889,-0.33385534880818774,-0.5109229108282995,1.6732910236959078,13.916985183479296,8.623426961696827,-1.0097489616968272
2016-12-03,8.348511,-6.276929737304828,-0.29701045566358364,-0.5230850606004416,1.7732019343414778,13.915770499657082,8.591947180429706,-0.24343618042970583
2016-12-04,9.996399,-6.429999090140867,-0.2718308671841916,-0.5344876584024779,1.8387657364434933,13.914522805774405,8.516970926490362,1.479428073509638
2016-12-05,11.097626,-6.581239376004481,-0.2615255677959864,-0.5451255929753429,1.7993677146299385,13.913239289377968,8.324716467232097,2.772909532767903
2016-12-06,7.773041,-6.730668927965336,-0.26595283235228306,-0.5550300862375177,1.5508080010439471,13.91188818175734,7.911044336246149,-0.13800333624614858
2016-12-07,3.679718,-6.8781873311735735,-0.2798633908878725,-0.5641546046126238,1.0562054425451683,13.910497387705758,7.2444975035768575,-3.5647795035768577
2016-12-08,6.348114,-7.023630431818203,-0.293460646946625,-0.5724079016404887,0.39700608436202806,13.909126912651335,6.416634016608046,-0.06852001660804596
2016-12-09,7.896637,-7.167036787864401,-0.2949702313599559,-0.5798320677193705,-0.2594331274367554,13.907735728088191,5.606463513707707,2.290173486292293
2016-12-10,4.302307,-7.308358298535008,-0.271280254236552,-0.5864167891532548,-0.745737604996374,13.90632667207765,4.994533725156462,-0.6922267251564618
2016-12-11,2.4797974,-7.447342062665475,-0.21013258481584873,-0.5920188093919301,-0.9869115755718048,13.905005346296191,4.668600313851131,-2.1888029138511316
2016-12-12,4.5562134,-7.583965641521672,-0.10467358732445146,-0.5966446860025649,-1.0423945119533233,13.90376224075905,4.5760838139570374,-0.01987041395703759
2016-12-13,8.902954,-7.71829611868,0.04495134982637461,-0.6003654131762935,-1.0588027016464394,13.902543341667654,4.570030457991296,4.332923542008704
2016-12-14,5.6206665,-7.850443850863065,0.23258523396794273,-0.603285939144939,-1.1618901450972847,13.901273448210564,4.518238747073218,1.1024277529267819
2016-12-15,2.7399902,-7.980260866064578,0.4498030114898813,-0.6053392752088183,-1.3554433044053031,13.90000684712816,4.408766412939341,-1.6687762129393415
2016-12-16,1.5223999,-8.10758747402111,0.6864320645564563,-0.6064504123600456,-1.5045663278940646,13.89880393263614,4.366631782917377,-2.844231882917377
2016-12-17,3.5570374,-8.232393474990637,0.9314953655123519,-0.6066316936642326,-1.4060302973573848,13.897660837399437,4.584100736899535,-1.0270633368995346
2016-12-18,5.455841,-8.354772414804412,1.1736104366536073,-0.605977511095121,-0.908526513566105,13.896512272740361,5.200846269928331,0.25499473007166973
2016-12-19,6.400238,-8.474748109461686,1.4015111596186134,-0.604537759548194,-0.014631724789613575,13.89532823421881,6.202921800037931,0.19731619996206895
2016-12-20,7.064087,-8.592258590022848,1.6036247629814626,-0.6023029518276364,1.0883286681759852,13.894121885638041,7.391513774945006,-0.32742677494500594
2016-12-21,8.48996,-8.707301366054569,1.7677999484137152,-0.5993030529974412,2.087755870347542,13.89287691525989,8.441828314969138,0.04813168503086196
2016-12-22,14.490204,-8.819884011700651,1.8825309494076088,-0.5955780130760362,2.6687218916904443,13.891572297466976,9.027363113788342,5.462840886211659
2016-12-23,8.863373,-8.930145550338064,1.9389176124562593,-0.591251889801536,2.6407832387195116,13.890121559156071,8.948424970192242,-0.08505197019224298
2016-12-24,4.970764,-9.037804166347541,1.9365978861696997,-0.586172153105909,2.0205580717423555,13.888649259680582,8.221828898139186,-3.2510648981391865
2016-12-25,3.536438,-9.142702862887273,1.8822874300022963,-0.5802642945153688,1.0114857770716628,13.88721782242393,7.058023872095247,-3.521585872095247
2016-12-26,7.242401,-9.244826802292726,1.7886180214603598,-0.5735488840612453,-0.08063982381025339,13.885819004135678,5.7754215154318125,1.4669794845681876
2016-12-27,8.220947,-9.34430917372729,1.6708140998177219,-0.5661485143037743,-0.9591407117900651,13.8843709057176,4.685586605714192,3.5353603942858083
2016-12-28,2.7875366,-9.441224322651212,1.5441185381269584,-0.5581460992104844,-1.4241802697737589,13.882821267507754,4.003389113999257,-1.2158525139992564
2016-12-29,4.394165,-9.535363945315513,1.420770881699411,-0.5494409345524096,-1.4187168368958114,13.88125975526383,3.7985089201995077,0.5956560798004924
2016-12-30,2.6643677,-9.626717468787803,1.3050242801177045,-0.5400616091029949,-1.0339981404895873,13.87967753586538,3.9839245976027,-1.3195568976026997
2016-12-31,3.899994,-9.715198929055433,1.1950980015877575,-0.5299889300687093,-0.45984158258501745,13.878103896392512,4.368172456271109,-0.4681784562711093
2017-01-01,5.3745728,-9.800831682793742,1.0845833135435197,-0.5192742096835488,0.08260803949268447,13.876513748561258,4.723599209120174,0.6509735908798264
2017-01-02,4.9473267,-9.883592600042054,0.9666764670594583,-0.5079390596670399,0.4177109263414348,13.87490572388293,4.86776145757473,0.07956524242526974
2017-01-03,5.203003,-9.96342394003776,0.8374642552160201,-0.49598317454387,0.4745246268293181,13.873296232087739,4.725877999551447,0.4771250004485532
2017-01-04,5.26651,-10.040331278518455,0.6966289281072147,-0.48344686637817635,0.30659363569106096,13.87167033521191,4.351114754113553,0.9153952458864474
2017-01-05,2.683014,-10.114289343340147,0.546881924134145,-0.47034937107118535,0.0642747930491177,13.870028936440445,3.8965469392123744,-1.2135329392123744
2017-01-06,2.0309753,-10.185227065578434,0.3921296104790765,-0.45667704084818594,-0.07790487257782547,13.868396267060772,3.5407168985354023,-1.5097415985354021
2017-01-07,2.83844,-10.253077283481968,0.23455951263395589,-0.44241812698702015,-0.015573792721719805,13.866795020557765,3.3902853300010136,-0.5518453300010138
2017-01-08,3.7991638,-10.317837116290551,0.07396105975145291,-0.4276057483564749,0.22034875262248182,13.865216321904036,3.414083269630943,0.385080530369057
2017-01-09,4.355957,-10.379485043100168,-0.09059912099725942,-0.4122611445832072,0.46574039965246544,13.863661115111308,3.44705620608314,0.9089007939168603
2017-01-10,3.837616,-10.438026126601377,-0.2580901154384202,-0.3964233360818272,0.5009460394012523,13.862117649751346,3.270524111030973,0.5670918889690273
2017-01-11,2.4037476,-10.493469699955476,-0.4231606463941107,-0.38013138275054886,0.17302718909446585,13.860572298244335,2.736837758238666,-0.33309015823866606
2017-01-12,3.0620117,-10.54583122134444,-0.5756792165873035,-0.36342541252255667,-0.4986751015634942,13.859008661764033,1.87539770974624,1.1866139902537598
2017-01-13,2.0296326,-10.595124981728398,-0.7030841341876548,-0.34634759948127375,-1.2968749657505765,13.857411547701508,0.9159798665536041,1.1136527334463957
2017-01-14,-1.2795105,-10.641274283386572,-0.7934090146552335,-0.32888198425496595,-1.8836026241809392,13.855811803666226,0.20864389718851406,-1.488154397188514
2017-01-15,-1.5066833,-10.684159240126188,-0.8392959368322102,-0.3109829163449308,-1.9598463472146204,13.854262281062134,0.059977840544183536,-1.5666611405441835
2017-01-16,1.299408,-10.723721345202165,-0.8413003129951498,-0.29264487965610547,-1.432312255806583,13.85278558542237,0.562806791762366,0.7366012082376339
2017-01-17,1.9524231,-10.760010195502108,-0.8074079076967157,-0.2739357948973139,-0.49162521737733533,13.851350803180011,1.518371687706539,0.4340514122934611
2017-01-18,2.721466,-10.793027079558,-0.7488374247804394,-0.25489394766049317,0.4512096062165461,13.849951745854003,2.504402900071616,0.2170630999283838
2017-01-19,2.90036,-10.822845496942065,-0.6761157175088455,-0.23560226761112146,0.9464387193939483,13.848546580963768,3.0604218182956835,-0.16006181829568344
2017-01-20,1.5506287,-10.849494448335724,-0.5952781023659792,-0.216113939271032,0.7280287205051618,13.847116310344346,2.914258540876771,-1.363629840876771
2017-01-21,2.7886047,-10.8729170401381,-0.5067187179771944,-0.19642710203070013,-0.1366530813698531,13.845685337139386,2.1329693956235367,0.6556353043764633
2017-01-22,3.1257935,-10.893129312060314,-0.40794214733744805,-0.176585540917454,-1.2555744373275415,13.844241962272328,1.1110105246295703,2.0147829753704296
2017-01-23,-0.1711731,-10.910195167402268,-0.29684365717044897,-0.15666184136211678,-2.080700302124602,13.842750944811632,0.3983499767521952,-0.5695230767521952
2017-01-24,-0.5784912,-10.924069720502224,-0.1747838715516683,-0.13665584677394227,-2.1644633555480337,13.841231965120334,0.4412591707444662,-1.0197503707444662
2017-01-25,0.6852417,-10.934803933597994,-0.049483814941668966,-0.11662971683800388,-1.383633321847141,13.839657236445207,1.3551064492204006,-0.6698647492204006
2017-01-26,2.2643433,-10.942379818956526,0.06691323930191956,-0.09660694767785696,-0.007293809721600361,13.838034166639332,2.8586668295852675,-0.5943235295852674
2017-01-27,5.179657,-10.946808670368988,0.16196313016533487,-0.0766286226798219,1.4246966822990652,13.836355796486236,4.399578315901826,0.7800786840981742
2017-01-28,4.5083923,-10.948116579491192,0.22746491216412829,-0.05674317122079145,2.354819617391031,13.834608048615147,5.412032827458324,-0.9036405274583243
2017-01-29,5.7831116,-10.946279415514745,0.26315081538663365,-0.036963772889259984,2.4712113779219673,13.832802389436468,5.583921394341065,0.19919020565893497
2017-01-30,8.019867,-10.941302255174886,0.27550090724103876,-0.01732013830885675,1.844065225846906,13.830936143294467,4.991879882898669,3.027987117101331
2017-01-31,3.268219,-10.933267028331846,0.274615189898674,0.002111573179663772,0.876311581519563,13.828968595078264,4.048739911344317,-0.7805209113443166
2017-02-01,3.3756714,-10.922010528828261,0.27090951911880384,0.02141563790880274,0.09425372722574785,13.826982280910684,3.291550636335778,0.08412076366422205
2017-02-02,1.6099243,-10.907545814657695,0.2686203905474282,0.04056354599155021,-0.1272595304800017,13.824971940722753,3.099350532124033,-1.489426232124033
2017-02-03,3.6950378,-10.889866392185432,0.2657018467458567,0.059538546264408646,0.25319533482447815,13.822942517944474,3.5115118535937846,0.18352594640621556
2017-02-04,4.55719,-10.86899081469004,0.25515569245034175,0.0783081415606126,0.9309034281888048,13.820886827367696,4.216263274877413,0.34092672512258737
2017-02-05,5.2485657,-10.844942410809363,0.2302268548466254,0.0968370929231353,1.4236931585751167,13.818795709500256,4.7246104050357705,0.5239552949642299
2017-02-06,4.8988037,-10.817762810895161,0.1887031935792402,0.11507884083891567,1.3262947377320116,13.816651189026546,4.628965150281552,0.26983854971844856
2017-02-07,1.7723999,-10.787497241983496,0.135351245389324,0.13298918585597536,0.5236088306637018,13.814433927058355,3.818885946983862,-2.046486046983862
2017-02-08,3.5883179,-10.754054129992468,0.08117594888898383,0.1506171595721542,-0.744504729460787,13.812193658591054,2.5454279075989366,1.0428899924010633
2017-02-09,1.1371155,-10.71746476036927,0.03782760487539708,0.16793253926783128,-2.0011243471541698,13.809919278504987,1.2970903151247768,-0.15997481512477685
2017-02-10,1.361969,-10.677665143461255,0.014173429770545067,0.1849689153333253,-2.756944426528574,13.807647809946243,0.5721805850602841,0.7897884149397159
2017-02-11,0.2635498,-10.634590138340648,0.011793587405151053,0.2017652286134768,-2.741087345272279,13.805417180982342,0.6432985133880429,-0.3797487133880429
2017-02-12,1.756073,-10.588179803967417,0.025290381329817226,0.21835529960060496,-2.0133562811148127,13.8032632102701,1.445372806118291,0.3107001938817089
2017-02-13,2.7323914,-10.538470135483516,0.04458359487624246,0.2347012169954248,-0.9157944753110324,13.80117424326022,2.6261944443373384,0.10619695566266163
2017-02-14,1.8159485,-10.485464435487785,0.060233268867779924,0.25077965392429824,0.11080894614619564,13.799155452808467,3.735512886258956,-1.919564386258956
2017-02-15,3.232727,-10.429274499840481,0.06754838513076254,0.2665026228383787,0.7425856971899345,13.797158175002465,4.444520380321061,-1.2117933803210605
2017-02-16,5.0732117,-10.369946626662948,0.06779187920903336,0.28183044774680815,0.9097174083506445,13.795167040836546,4.684560149480085,0.3886515505199153
2017-02-17,9.760254,-10.307573831760722,0.06673143450932402,0.2966912369395287,0.7940195801751195,13.793143962992346,4.643012382855595,5.117241617144405
2017-02-18,3.1052856,-10.24232884745296,0.07054030777216676,0.3109643806251205,0.6931451392183017,13.791011411958287,4.623332392120917,-1.5180467921209164
2017-02-19,2.914093,-10.173983680196885,0.08443841629618684,0.32479327354168863,0.8385929534005143,13.788892771202166,4.862733734243671,-1.948640734243671
2017-02-20,8.106934,-10.102516698905323,0.1070084616740022,0.3381859376271441,1.2465500942202747,13.786808606803431,5.376036401419531,2.7308975985804693
2017-02-21,2.250183,-10.028097771757942,0.13125288236886531,0.3510253240865816,1.7075151878987707,13.784684112764877,5.946379735361154,-3.696196735361154
2017-02-22,5.646698,-9.950629604587093,0.15114526313074483,0.3633720151814154,1.9170705904573975,13.782578598971934,6.2635368631544,-0.6168388631544
2017-02-23,9.89389,-9.870249465128152,0.16205005411429735,0.37513527047288775,1.6495172424554765,13.780434333154604,6.096887435069113,3.797002564930888
2017-02-24,3.9473267,-9.78713352500181,0.16465151434630204,0.3862020951377313,0.9074659943372003,13.778174484373768,5.449360563193192,-1.502033863193192
2017-02-25,4.225067,-9.701100468690868,0.16658138268743305,0.39670056579956875,-0.04820060984141677,13.775901596300747,4.589882466255464,-0.3648154662554637
2017-02-26,5.180298,-9.612188647902164,0.17556018169963633,0.40661924375075376,-0.82362641392731,13.77360870256069,3.9199730661816066,1.260324933818393
2017-02-27,3.6579895,-9.52041380926287,0.19568576453811887,0.41595883476498635,-1.0843265559603015,13.771300615539175,3.77820484961911,-0.12021534961911007
2017-02-28,2.84021,-9.425735797433004,0.22445285830947106,0.42475652745886416,-0.7254450752559821,13.769010482080185,4.267038995159535,-1.4268289951595348
2017-03-01,5.516205,-9.328093132424808,0.2518278263026876,0.4330642577986278,0.06721375382687964,13.766782522590905,5.1907952280942915,0.32540977190570874
2017-03-02,5.6101685,-9.227647856379384,0.2626035612513813,0.4407914449713109,0.9005969261740037,13.764549544433518,6.140893620450829,-0.5307251204508283
2017-03-03,6.4384155,-9.124454585733837,0.243333551117415,0.44791838172504234,1.3659659876263746,13.762298565861643,6.695061900596638,-0.25664640059663846
2017-03-04,6.0198975,-9.018487076240275,0.1872439543795344,0.4544774964475782,1.23110005962703,13.760057465698326,6.614391899912194,-0.5944943999121941
2017-03-05,7.6752014,-8.909686807179632,0.09719817894285311,0.4605232788705533,0.543310620119752,13.757870836881754,5.949216107635281,1.7259852923647188
2017-03-06,6.924835,-8.798101719102128,-0.01597683438188373,0.4660434748406309,-0.4085309106907491,13.755730551033796,4.9991645616996685,1.9256704383003314
2017-03-07,1.77594,-8.68380547856569,-0.13701747779299184,0.471005726873026,-1.2421515265000371,13.753616071652408,4.161647315666714,-2.385707315666714
2017-03-08,3.085266,-8.566708630777232,-0.25131763156163905,0.4754805628882414,-1.6648574268082061,13.751588844614847,3.7441857183560128,-0.6589197183560129
2017-03-09,4.206024,-8.446805357210522,-0.35137711966725227,0.4794844184392787,-1.6034083859847952,13.749668843732675,3.827562399309386,0.3784616006906143
2017-03-10,4.953827,-8.324281392205204,-0.43751852436935795,0.4829142410000584,-1.2062592159382346,13.747780504854752,4.262635613342013,0.6911913866579873
2017-03-11,4.188843,-8.199235094907639,-0.5153535102578157,0.4857258883446676,-0.7353314190044834,13.7458925382576,4.78169840243233,-0.5928554024323294
2017-03-12,5.7826233,-8.071697098472935,-0.5916674704416581,0.4879190644379973,-0.4124493897722073,13.744008078015687,5.156113183766884,0.6265101162331161
2017-03-13,6.3498535,-7.941728481601103,-0.6712363808665373,0.4894770836203408,-0.30599816597564844,13.742115349049454,5.312629404226508,1.0372240957734924
2017-03-14,6.1109314,-7.809327855606723,-0.7542955739100126,0.4904273537650546,-0.3093625593136667,13.740234120874119,5.357675485808771,0.7532559141912287
2017-03-15,3.570465,-7.674502217381173,-0.8375480079370284,0.4907952566433618,-0.2214639230106617,13.738380377243866,5.495661485558363,-1.9251964855583634
2017-03-16,5.494049,-7.537185559379397,-0.9168776674069103,0.49065688685539893,0.12249075882917902,13.736607086765188,5.89569150566346,-0.4016425056634594
2017-03-17,5.5294495,-7.3975301008614895,-0.9921244229283611,0.48994329463289155,0.7380981887121796,13.734858291871118,6.573245251426339,-1.0437957514263392
2017-03-18,7.504547,-7.255566798853472,-1.0672502038334328,0.48865918782491163,1.4680417129533176,13.733139072825121,7.3670229709164445,0.1375240290835551
2017-03-19,9.034271,-7.111286916416489,-1.1498437680358815,0.48683364168581134,2.046242028883367,13.731474918639258,8.003419904756065,1.0308510952439356
2017-03-20,10.295715,-6.964751052930956,-1.2475376282700734,0.4844521093457335,2.2222962706870426,13.729857018929268,8.224316717761015,2.0713982822389845
2017-03-21,6.2762146,-6.816181112256598,-1.3637843792357274,0.4813980983520012,1.8804087720988263,13.728195980658041,7.910037359616544,-1.6338227596165433
2017-03-22,6.649109,-6.665598549173611,-1.49336541026392,0.47768859677563025,1.0982941723277295,13.726502997343257,7.143521807009087,-0.49441280700908674
2017-03-23,6.7304688,-6.512947290172719,-1.6236243289552839,0.4733956115381671,0.10883832497949492,13.724828474775341,6.170490792165001,0.5599780078349985
2017-03-24,4.274719,-6.358262192140297,-1.736877962814943,0.4685338441471633,-0.801296519444623,13.72317766722795,5.295274836975251,-1.0205558369752508
2017-03-25,5.8375244,-6.201599838114184,-1.8147162311759633,0.46310653093489307,-1.4127156457366161,13.721545258518384,4.755620074426515,1.0819043255734853
2017-03-26,4.1753235,-6.042990138570264,-1.8436396867629428,0.45713878764586435,-1.6614751335486346,13.719939531416735,4.628973360180758,-0.45364986018075815
2017-03-27,2.9263306,-5.882388993191729,-1.8170450385321526,0.4507059788789316,-1.646415113281686,13.718406098156533,4.823262932029898,-1.8969323320298983
2017-03-28,5.0940247,-5.719773391134986,-1.7361190503764985,0.44386832032794965,-1.564375221286457,13.716980432102751,5.140581089632759,-0.046556389632758766
2017-03-29,6.5276184,-5.555237398922939,-1.6081504714613175,0.4366069337120062,-1.5997920354762691,13.715639803462976,5.389066831314455,1.1385515686855445
2017-03-30,9.313599,-5.388820193117287,-1.4420315158939423,0.4289374410958196,-1.815880206500625,13.714389381444493,5.496594907028458,3.8170040929715423
2017-03-31,5.555847,-5.220718019842842,-1.2458078320857566,0.4207733397977797,-2.1074671437180643,13.713155937993518,5.559936282144635,-0.00408928214463522
2017-04-01,4.3101196,-5.050863835254574,-1.0239559369718807,0.41219991600704536,-2.2342208532958034,13.711998245546367,5.815157536031155,-1.5050379360311545
2017-04-02,5.3000793,-4.879231769512009,-0.7803720663364286,0.40327572009847734,-1.938910682971023,13.710955027936,6.515716229215018,-1.2156369292150178
2017-04-03,6.3423767,-4.705898339098579,-0.5210084388122828,0.39399585012435784,-1.088482206404119,13.710013949796732,7.788620815606109,-1.4462441156061088
2017-04-04,8.648346,-4.53088560809298,-0.25533295992097144,0.38438812126496746,0.22429280634077492,13.709190224439276,9.531652584031066,-0.8833065840310663
2017-04-05,11.942902,-4.35429156256502,0.003069782487409342,0.37442621331671444,1.668186430742552,13.708461407239001,11.399852271220656,0.5430497287793443
2017-04-06,14.047089,-4.176424290031008,0.2386364238647732,0.363946623449317,2.7730338328395456,13.70770024381452,12.906892833937148,1.140196166062852
2017-04-07,14.749603,-3.997240082795721,0.4389869382349742,0.353016794948075,3.1128006680742084,13.70695583575065,13.614520154212187,1.1350828457878137
2017-04-08,14.822968,-3.8169204019691954,0.5979009109075935,0.3415621233964886,2.4935650128987574,13.706164625569944,13.322272270803587,1.500695729196412
2017-04-09,11.81012,-3.6355378476240165,0.7178094271518641,0.3295801661436739,1.0685843879809391,13.705317591822812,12.185753725475273,-0.3756337254752733
2017-04-10,8.210541,-3.4530284735233225,0.8094092745482322,0.31716220417972796,-0.681628565807955,13.704474251947804,10.696388691344486,-2.485847691344487
2017-04-11,8.167603,-3.269331059831632,0.8872344730544055,0.30439983355986205,-2.1154755036710378,13.70369291570972,9.510520658821317,-1.3429176588213174
2017-04-12,11.519775,-3.0845296864159373,0.9634657074098931,0.2912921890485448,-2.6811512425107695,13.702959396231435,9.192036363763165,2.327738636236834
2017-04-13,8.538361,-2.8987632046380485,1.0435151036362025,0.27780562153326693,-2.144697175225139,13.702232399754482,9.980092745060764,-1.441731745060764
2017-04-14,12.531982,-2.711966556303221,1.1254771870508131,0.2640350583569563,-0.6935316429581174,13.701572797562903,11.685586843709334,0.8463951562906651
2017-04-15,13.382965,-2.5242801137218294,1.1986078653000125,0.24993587817902352,1.1222691091144597,13.700938854868314,13.74747159373998,-0.3645065937399803
2017-04-16,15.3776245,-2.3357940242608146,1.249033592860759,0.2354972849865254,2.6153217879996147,13.700314134450592,15.464372776036676,-0.08674827603667623
2017-04-17,17.063293,-2.1466525494112423,1.2642238386533469,0.22067423324243438,3.2401107313487114,13.699655148082872,16.27801140191612,0.7852815980838805
2017-04-18,17.586395,-1.9569556372046943,1.2376769796203027,0.20544838542232066,2.8118959546429987,13.698940707212646,15.997006389693574,1.5893886103064254
2017-04-19,13.855011,-1.7667766521309756,1.1708749715966689,0.18982049979541613,1.5652325323873773,13.698163038287367,14.857314389935855,-1.0023033899358555
2017-04-20,12.736694,-1.5760605032320663,1.0726597657603683,0.17388075618442236,0.029987347972456384,13.697378786912832,13.397846153598014,-0.6611521535980138
2017-04-21,12.890717,-1.3848088104238063,0.9545837987805752,0.15768924925597969,-1.219009401999887,13.69661623007463,12.205071065687491,0.6856459343125092
2017-04-22,11.507843,-1.1930292900115829,0.8273096837053698,0.14130228323336327,-1.8104445837718883,13.695900619118943,11.661038712274205,-0.15319571227420603
2017-04-23,11.333466,-1.0006921986813913,0.6985986924278078,0.12479709292166688,-1.7107545213272843,13.695276100232466,11.807225165573264,-0.4737591655732647
2017-04-24,11.952423,-0.8079070181863961,0.5725193985810758,0.10815650960146492,-1.191990776919553,13.694717287354655,12.375495400431246,-0.4230724004312467
2017-04-25,12.914673,-0.6147792439879066,0.4517094729803492,0.09136807976372778,-0.6565258764868636,13.694200759950997,12.965973192220304,-0.05130019222030313
2017-04-26,14.14801,-0.4213567839946595,0.3402551449815517,0.07445849496549632,-0.41769633149871727,13.693732150023862,13.269392674477533,0.8786173255224661
2017-04-27,12.310547,-0.22772740314174622,0.24531082664154163,0.05742954651363745,-0.5491240917317524,13.693297152859374,13.219186031141055,-0.908639031141055
2017-04-28,11.797852,-0.03392036880698096,0.1771933261169099,0.040319985210870726,-0.8719807279524281,13.69291079278054,13.004523007348912,-1.2066710073489109
2017-04-29,13.36026,0.16001349902765083,0.14581559645591652,0.023153470333640718,-1.0809172923101384,13.692577477024159,12.940642750531229,0.41961724946877155
2017-04-30,15.651337,0.35394298066803775,0.15652449531541238,0.005901275055321016,-0.9279971780565787,13.69226150426222,13.280633077244412,2.370703922755588
2017-05-01,15.227844,0.5477646592496981,0.20725131901019392,-0.011445295700220662,-0.3634867738249701,13.69194095550576,14.072024864240461,1.155819135759538
2017-05-02,13.737457,0.741519514382377,0.2883797552358785,-0.02880095193757866,0.43884908958975305,13.69166609215747,15.1316134994279,-1.3941564994279005
2017-05-03,14.997406,0.9351708421219196,0.38423255810299267,-0.04613378610740557,1.1755421819335863,13.691448353345724,16.140260149396816,-1.1428541493968165
2017-05-04,14.634735,1.1286471262666824,0.47708058554896393,-0.06343729906779147,1.574499598562963,13.691281837773824,16.80807184908464,-2.1733368490846416
2017-05-05,16.60498,1.3218183184659567,0.5527872229241572,-0.08074423409717323,1.5379563417066668,13.691131243575912,17.02294889257552,-0.4179688925755194
2017-05-06,19.995544,1.5145975695729406,0.6040390927379152,-0.09806018607888592,1.1852643306639654,13.690982865937574,16.89682367283351,3.0987203271664896
2017-05-07,16.511261,1.7068587681365333,0.6311849016809936,-0.11540952289030755,0.7798013660741066,13.690803281313418,16.693238794314745,-0.1819777943147436
2017-05-08,18.733368,1.8986304181522473,0.6413673922131528,-0.13271421376959489,0.5818814492748159,13.690636335760605,16.679801381631226,2.053566618368773
2017-05-09,16.848389,2.089701032454203,0.6419360637748937,-0.1500560404356982,0.6937915274446103,13.690405644668532,16.96577822790654,-0.11738922790653916
2017-05-10,14.820251,2.280035566681385,0.6385162569841959,-0.1674028645761038,1.0009010695095553,13.69012309724547,17.4421731258445,-2.6219221258445007
2017-05-11,18.239532,2.469673037232221,0.6324709180754096,-0.18467424200531363,1.224945373609748,13.689837483991228,17.832252570903293,0.40727942909670745
2017-05-12,19.656311,2.6585204222845893,0.6208135837893209,-0.20187503233931325,1.0704188799230936,13.689531361624022,17.837409215281713,1.8189017847182853
2017-05-13,15.138733,2.8464945768734657,0.6007135943099658,-0.2189997769231512,0.39830838148027553,13.68919215164113,17.315708927381685,-2.176975927381685
2017-05-14,16.083801,3.033666484975205,0.573717987005028,-0.23594089908156865,-0.6697478178228728,13.688884324156003,16.390580079231796,-0.30677907923179504
2017-05-15,15.62735,3.2199550668764325,0.5452940749432051,-0.252690400447245,-1.7794788963242887,13.688596214245694,15.421676059293798,0.20567394070620182
2017-05-16,16.192352,3.4053302115613926,0.5247134613090046,-0.26920838537809166,-2.482090773599763,13.688341608786388,14.86708612267893,1.325265877321069
2017-05-17,14.430267,3.5897695140331187,0.5208662571110138,-0.2854489508545096,-2.434235095805286,13.688137829693483,15.07908955417782,-0.6488225541778192
2017-05-18,15.478668,3.7732597082690456,0.5380981859126241,-0.30136168583971623,-1.5630289644911601,13.688006614143214,16.13497385799401,-0.656305857994008
2017-05-19,17.418793,3.9557326234452805,0.5722356831338232,-0.3169361211577605,-0.12439149256577561,13.687942095148701,17.774582788004267,-0.35578978800426597
2017-05-20,20.161407,4.136978896527405,0.6108690586687278,-0.33226223570344693,1.3835570257148002,13.687867652237504,19.48701039744499,0.6743966025550101
2017-05-21,21.573456,4.316791127758892,0.637345564614209,-0.34743101777772045,2.4164774679427623,13.68770749618472,20.710890638722862,0.862565361277138
2017-05-22,20.834808,4.49517465111501,0.6371750775011537,-0.3623927954780154,2.607919667594438,13.687492225602348,21.065368826334932,-0.23056082633493347
2017-05-23,19.791016,4.672120647332858,0.6030578034959719,-0.3771018645126771,1.9229911727681646,13.68724510450345,20.50831286358777,-0.7172968635877695
2017-05-24,19.688202,4.847619277872042,0.5369814825273396,-0.3915123266723699,0.6744065857180593,13.686988643383037,19.35448366282811,0.3337183371718915
2017-05-25,18.21582,5.021652817583508,0.44844492828957466,-0.4055815447832676,-0.6075122451440269,13.686741010849131,18.14374496679492,0.07207503320508124
2017-05-26,17.22464,5.194204093822655,0.350046980568882,-0.4192646666134731,-1.3959542642739906,13.686520469308139,17.415552612812213,-0.1909126128122125
2017-05-27,18.025513,5.36525515830211,0.25140091207165244,-0.43252039658226116,-1.3898165816579549,13.68634465933847,17.480663751472015,0.544849248527985
2017-05-28,17.916168,5.534673067283361,0.15476998305895245,-0.44538280153865795,-0.6389619920262304,13.686173339262544,18.29127159603997,-0.37510359603997045
2017-05-29,19.104858,5.70241465363062,0.0553184132884809,-0.4578295773785578,0.4842177312538258,13.686011124038611,19.47013234483298,-0.3652743448329794
2017-05-30,21.71228,5.868452858653654,-0.056099740235455414,-0.46983157352184746,1.4507722183013791,13.685870431205007,20.47916419440274,1.2331158055972615
2017-05-31,21.437592,6.03254778809305,-0.18790598059169494,-0.4814968685151365,1.8102381754558612,13.685656775466574,20.859039889908654,0.5785521100913442
2017-06-01,19.540527,6.194716369641686,-0.3415711813891408,-0.492766216766438,1.3931226202405704,13.685403961922544,20.43890555364922,-0.8983785536492199
2017-06-02,18.966492,6.354962205618548,-0.5104702615617733,-0.5035888481179498,0.3813079690801349,13.685138739808682,19.407349804827643,-0.4408578048276439
2017-06-03,17.878876,6.5132273992534895,-0.6824564259117407,-0.5139519089406661,-0.7809197837659516,13.684856785642308,18.22075606627744,-0.3418800662774366
2017-06-04,17.2789,6.6695129146114525,-0.8444608892710773,-0.5238049489921732,-1.5923589551220456,13.684582973750894,17.393471094977052,-0.11457109497705176
2017-06-05,17.235565,6.823833763548103,-0.9881390856414479,-0.5330897500195168,-1.7249828071972875,13.68434880891038,17.26197092960023,-0.026405929600230138
2017-06-06,17.663666,6.976139286357142,-1.1132300587741957,-0.5417943456171387,-1.1704347711225525,13.68415268246097,17.834832793304226,-0.17116679330422713
2017-06-07,18.222137,7.126330201297101,-1.2268261670130634,-0.5499428254407512,-0.23510455065183888,13.68396843605167,18.798425094243118,-0.5762880942431181
2017-06-08,20.089996,7.274383102112143,-1.3389202980777883,-0.5575127608493161,0.6112369286499632,13.683807638618246,19.672994610453248,0.41700138954675126
2017-06-09,20.025787,7.420242228496301,-1.457042107063055,-0.564499760158454,0.9580032113152976,13.683665238429581,20.040368811019672,-0.01458181101967071
2017-06-10,21.725739,7.563871395582405,-1.5812272878015725,-0.5708842645694812,0.6443813569294259,13.683545597610973,19.739686797751748,1.9860522022482527
2017-06-11,18.375519,7.705122692829196,-1.7036980834857371,-0.5767223381753529,-0.17750841387424954,13.683396904542253,18.930590761836108,-0.555071761836107
2017-06-12,17.713959,7.844054354655912,-1.8103645983044752,-0.5819380921147927,-1.1246267458456762,13.683270186573438,18.010395104964406,-0.29643610496440687
2017-06-13,16.204254,7.980677439036008,-1.8878031381893206,-0.5864858666658899,-1.7770852400836905,13.683192540471167,17.412495734568274,-1.2082417345682757
2017-06-14,17.532013,8.114937779166002,-1.928230939524411,-0.5903640648362969,-1.8737216485073747,13.683158165923462,17.405779292221382,0.1262337077786171
2017-06-15,18.7081,8.246771123929063,-1.9325134146512077,-0.5935827522278401,-1.4209028699616897,13.683155937548655,17.98292802463698,0.7251719753630219
2017-06-16,20.485687,8.3760387149519,-1.908432754182053,-0.5962040114624901,-0.6624678941985126,13.683136968514575,18.89207102362342,1.5936159763765794
2017-06-17,19.580292,8.502639440929244,-1.866081382584848,-0.598266214623955,0.06042077221723239,13.683070764460204,19.781783380397876,-0.20149138039787573
2017-06-18,18.295166,8.6266456963329,-1.8119717479605664,-0.5996935198395379,0.4833346167570064,13.683013292446981,20.381328337736782,-2.086162337736784
2017-06-19,20.346924,8.748077135452009,-1.7466010094440654,-0.6004459851854352,0.5313052993565499,13.68299372263623,20.61532916281529,-0.2684051628152879
2017-06-20,22.020874,8.866849672465218,-1.6653221382008399,-0.6005516851917705,0.3225587098023556,13.682988811636777,20.60652337051174,1.4143506294882577
2017-06-21,19.79132,8.982866492742117,-1.5609431171323649,-0.6000479221068453,0.07557235195685648,13.682968459484943,20.580416264944706,-0.7890962649447069
2017-06-22,21.01715,9.096133744447549,-1.4277647152286959,-0.5989064380805255,-0.027298775794134627,13.68295378016773,20.725117595511925,0.29203240448807577
2017-06-23,21.638916,9.2066083484719,-1.2667352557671288,-0.5971300078100235,0.05154770584238022,13.682940793475478,21.077231584212605,0.5616844157873935
2017-06-24,21.621948,9.31421305860308,-1.085619124385699,-0.5947474563354966,0.19378513401097186,13.682908011748646,21.510539623641503,0.11140837635849721
2017-06-25,20.97293,9.418935063067106,-0.8959896841195908,-0.5917469201536807,0.20870222651066314,13.682865836491189,21.822766521795685,-0.8498365217956838
2017-06-26,21.185394,9.52084709741612,-0.7084299454174459,-0.5880591579567254,-0.03835541120934842,13.682867041741916,21.868869624574515,-0.6834756245745162
2017-06-27,21.369019,9.619877469070392,-0.5287374583812615,-0.5837070779272328,-0.5275157095774102,13.682891544992467,21.662808768176955,-0.29378976817695346
2017-06-28,20.858887,9.716012144926356,-0.3557303562663994,-0.5786783838316967,-1.0706318185457224,13.6829478139521,21.393919400234637,-0.5350324002346376
2017-06-29,22.447083,9.809190346239859,-0.18312363163281795,-0.5729899319593104,-1.396840781254074,13.683020475829,21.33925647722266,1.1078265227773407
2017-06-30,22.045898,9.899368171339216,-0.004280858583424684,-0.5666474782736655,-1.2950139282227335,13.683102135543203,21.716528041802597,0.3293699581974039
2017-07-01,22.595459,9.986568917485869,0.18351068888385455,-0.5596169455652229,-0.7347352039217886,13.683218586220148,22.55894604310286,0.03651295689714118
2017-07-02,24.758575,10.070753684548231,0.3755733137076714,-0.5519092676609958,0.09506222646062465,13.683363982275488,23.672843939331017,1.0857310606689836
2017-07-03,26.31955,10.151859229141566,0.560591696238085,-0.5435564010426888,0.8601240353880965,13.683519907017441,24.7125384667425,1.6070115332574986
2017-07-04,24.787079,10.22982854875955,0.7250779190703187,-0.5345905798382755,1.2352690134262967,13.683670679720018,25.33925558113791,-0.5521765811379105
2017-07-05,23.81668,10.304664843314367,0.8592759481174455,-0.5250079561481363,1.0632453987659591,13.68383034819167,25.386008582241303,-1.569328582241301
2017-07-06,23.071411,10.376273386601184,0.9605405363564902,-0.5148661225262738,0.43473850127173763,13.683963484310057,24.940649786013196,-1.8692387860131952
2017-07-07,23.969238,10.444657445356352,1.0345026833003894,-0.5041605584652817,-0.3471169690452969,13.684083235581104,24.311965836727268,-0.34272783672726703
2017-07-08,25.089996,10.509836379376864,1.0919787167045492,-0.4928798721797124,-0.905793483733912,13.684210255179998,23.887351995347785,1.202644004652214
2017-07-09,25.228973,10.571752262276767,1.144029006573585,-0.48106112338851253,-0.9659312951605084,13.684325898558344,23.953114748859676,1.275858251140324
2017-07-10,25.163452,10.630336203057821,1.19731228091968,-0.4687442593160698,-0.48114831893696924,13.684405441099797,24.56216134682426,0.601290653175738
2017-07-11,25.398438,10.685626283872567,1.251555871406217,-0.45589865622045256,0.345343803178373,13.684477100605115,25.51110440284182,-0.11266640284182117
2017-07-12,25.972504,10.737624825414077,1.3001223806440654,-0.4425207154627322,1.157307855651899,13.68455073293115,26.43708507917846,-0.46458107917845837
2017-07-13,26.07959,10.786264291169818,1.3337263590535908,-0.4286565451244306,1.6128793696465102,13.68460082499833,26.98881429974382,-0.9092242997438191
2017-07-14,25.064941,10.831549005013848,1.3454759782850314,-0.41430523074123893,1.541454867508764,13.684637423725484,26.98881204379189,-1.9238710437918876
2017-07-15,26.568024,10.873516121574632,1.334036505928804,-0.3994425900055385,1.0136300816157109,13.684686417685654,26.50642653679926,0.061597463200740776
2017-07-16,27.137451,10.912062749399816,1.3031536654400449,-0.3841344943589408,0.29344018723714016,13.684702936587119,25.80922504430518,1.328225955694819
2017-07-17,26.816711,10.94717782178922,1.2599636257762352,-0.3683876633061671,-0.29335513218287557,13.684687516986513,25.230086169062922,1.5866248309370796
2017-07-18,25.1055,10.978897428179259,1.2109483530350833,-0.35218121580137585,-0.5130506138493467,13.684663728043889,25.009277679607507,0.09622232039249212
2017-07-19,24.17688,11.007279893040465,1.15859142298396,-0.33548278160709527,-0.32270643861686266,13.684665722005516,25.192347817805985,-1.015467817805984
2017-07-20,25.586884,11.032319544431278,1.0997466150158322,-0.3183057058900791,0.12819138680911074,13.684695192464876,25.626647032831016,-0.03976303283101501
2017-07-21,26.107056,11.05395538623909,1.02697731739213,-0.30070453109495676,0.5887667019961107,13.684725729512728,26.053720604045104,0.053335395954896114
2017-07-22,26.431305,11.072125880678351,0.9327870491521308,-0.2827348885243112,0.8413449474911225,13.684730119987547,26.24825310878484,0.18305189121515753
2017-07-23,26.00586,11.086818748896196,0.8135258368899838,-0.26441733811731394,0.8041881035287525,13.684705136953168,26.124820488150785,-0.11896048815078686
2017-07-24,27.011627,11.098064352387194,0.6718167254192011,-0.24574666231802209,0.5532272913667351,13.684668553504059,25.762030260359168,1.2495967396408325
2017-07-25,26.902802,11.10582898104894,0.5158428134684124,-0.22676043165512455,0.2559816243850515,13.684605532734185,25.335498519981464,1.5673034800185377
2017-07-26,22.940552,11.11008579151637,0.3572707516321025,-0.20749073170520033,0.06387656952174471,13.68450399424103,25.00824637520605,-2.067694375206049
2017-07-27,22.88916,11.110903454739773,0.20808742550313225,-0.18790785309944003,0.024111070650527325,13.684399049484611,24.839593147278602,-1.950433147278602
2017-07-28,24.951324,11.108299274271792,0.07632822574004317,-0.1680184522520286,0.05767664848427762,13.684299623570302,24.758585319814387,0.19273868018561302
2017-07-29,24.80371,11.10222488416236,-0.03472117640647317,-0.1478733267667311,0.022699003945546144,13.684181296114978,24.62651068104968,0.17719931895031849
2017-07-30,24.132416,11.092711642861552,-0.12469336150643723,-0.12747174488742366,-0.17965090161153302,13.684059058406616,24.34495469326277,-0.21253869326277197
2017-07-31,25.751434,11.079804284423728,-0.19445058861757492,-0.10680484593671216,-0.5261469538081404,13.683954094093322,23.93635599015462,1.8150780098453794
2017-08-01,24.063202,11.063462558703261,-0.24481159620405096,-0.08592056778884585,-0.8659160923428477,13.683844498875809,23.550658801243323,0.5125431987566778
2017-08-02,21.452423,11.043758471220919,-0.2747344898841239,-0.06479443083200967,-0.9897876011217023,13.683764065343023,23.398206014726107,-1.945783014726107
2017-08-03,23.553314,11.020780480037136,-0.2827084270567484,-0.0433907887798553,-0.7465834302210526,13.683754251650267,23.631852085629745,-0.07853808562974507
2017-08-04,24.081085,10.994476366493945,-0.2696631668790163,-0.02176841804571429,-0.1395572686327649,13.683785490465283,24.24727300340173,-0.16618800340172868
2017-08-05,25.777222,10.964841761939422,-0.23922942921459575,4.014016489476552e-05,0.6593608024949997,13.683851624113924,25.068864899498642,0.708357100501356
2017-08-06,26.158325,10.931852124047893,-0.19830838143886934,0.021985790325566194,1.3770942167555391,13.68393592374299,25.81655967343312,0.3417653265668825
2017-08-07,25.947296,10.895491752173136,-0.15525099852918148,0.0440236786859819,1.7597693585409782,13.684025667016055,26.22805945788697,-0.28076345788696955
2017-08-08,25.782135,10.855702790978995,-0.11746608199095027,0.06608030743976664,1.680913667979807,13.684086571796183,26.169317256203804,-0.3871822562038041
2017-08-09,27.99524,10.812553002043561,-0.08869266198893985,0.08816268096315386,1.1860536551306957,13.684146775398998,25.68222345154747,2.3130165484525307
2017-08-10,24.129608,10.76605252253416,-0.06806938133791679,0.11024163345572749,0.4551956524023962,13.68420503427239,24.94762546132676,-0.8180174613267575
2017-08-11,22.684784,10.716289733880782,-0.04893743001465428,0.13234213773050493,-0.284583021589925,13.684298650137121,24.199410070143827,-1.5146260701438266
2017-08-12,23.915771,10.663280763134274,-0.022247035681521983,0.1544438595242691,-0.8608662829457782,13.684428206896305,23.61903951092755,0.2967314890724495
2017-08-13,24.936188,10.60700360769183,0.02037447716599714,0.176500184780238,-1.2106364077634872,13.684574702387652,23.27781656426223,1.6583714357377701
2017-08-14,23.326508,10.547447577104805,0.08428349038356893,0.1984701637513317,-1.3691715749305804,13.684724367844561,23.145754024153685,0.18075397584631503
2017-08-15,22.237915,10.484685305421356,0.17052667246050926,0.22036831127771778,-1.4124898559608319,13.68490458897395,23.1479950221727,-0.9100800221726999
2017-08-16,21.127655,10.418784423466816,0.2749645900324622,0.24220578142750693,-1.3960795786469107,13.685139767922983,23.225014984202858,-2.097359984202857
2017-08-17,23.722198,10.349793188897,0.3893698978920956,0.26397657748333603,-1.321442824181269,13.685444243566264,23.367141083657426,0.35505691634257275
2017-08-18,24.542908,10.277600056367671,0.5027361151820016,0.28556547295668433,-1.1466542368534847,13.68575183590183,23.6049992435547,0.9379087564452995
2017-08-19,24.414398,10.202174546955773,0.6046372686653726,0.30690686625316277,-0.8212201820503402,13.686036418366642,23.97853491819061,0.43586308180938715
2017-08-20,23.702942,10.123551986362127,0.6867775351086718,0.32797798390304433,-0.32766025086600226,13.686304432700386,24.496951687208227,-0.7940096872082272
2017-08-21,24.35965,10.041768704178171,0.7434093028345347,0.34875753028242196,0.29644804558137894,13.686562425345773,25.11694600822228,-0.7572960082222799
2017-08-22,25.8154,9.956916797134076,0.7707413794439263,0.369262989294869,0.9643754605761907,13.686844227752674,25.748140854201736,0.06725914579826409
2017-08-23,27.180511,9.868954724023602,0.7659650791768801,0.38942624436278234,1.5672983288211726,13.68711619783245,26.27876057421689,0.9017504257831099
2017-08-24,27.056763,9.777870015215514,0.7271647889878508,0.4091953492161547,2.005551595992444,13.687358915940626,26.60714066535259,0.44962233464741175
2017-08-25,28.331024,9.683694878465193,0.6536211530345287,0.42854620071668725,2.2071957048309825,13.687574888085964,26.660632825133355,1.6703911748666442
2017-08-26,26.399475,9.586457218965613,0.5460274831480015,0.4474571766967315,2.1290865919915887,13.687763795321132,26.396792266123068,0.002682733876930854
2017-08-27,22.719421,9.486259404308703,0.4081398860767062,0.4659577422401337,1.754883160395094,13.687962012201679,25.803202205222313,-3.083781205222312
2017-08-28,24.091644,9.383162454540464,0.24710478289850327,0.4840464562214086,1.0961243344830165,13.688184937377935,24.898622965521326,-0.8069789655213278
2017-08-29,26.22882,9.277123736370825,0.07259434154508006,0.5016531809504516,0.2029928880580629,13.688395693154241,23.742759840078662,2.4860601599213368
2017-08-30,24.562164,9.16814298420066,-0.10301741809419733,0.518734903961139,-0.816460483017503,13.68857814667942,22.45597813372952,2.1061858662704793
2017-08-31,19.75827,9.056312845472899,-0.2656600790923602,0.5353140796999689,-1.7941923201255048,13.688762034325585,21.22053656028059,-1.4622665602805895
2017-09-01,19.53418,8.941834249875004,-0.40215366674448216,0.5514854282976739,-2.533903796201247,13.68903092677944,20.246293142006387,-0.7121131420063875
2017-09-02,18.381195,8.824705728695013,-0.504383024782223,0.5672070186464779,-2.8728726478246625,13.68936680307879,19.7040238778134,-1.3228288778133965
2017-09-03,20.928467,8.704976724413381,-0.5699031539373304,0.582464207028724,-2.7380702283718357,13.689776767546807,19.669244316679745,1.2592226833202567
2017-09-04,19.391754,8.582628015000957,-0.6028333316410702,0.5971974104249171,-2.1796844232839105,13.69023312077794,20.087540791278833,-0.6957867912788345
2017-09-05,21.568634,8.457763689582055,-0.610976497542686,0.6114276857771013,-1.3539415657388512,13.690769535194427,20.795042847272047,0.7735911527279526
2017-09-06,21.095581,8.330379994907553,-0.6047050614548538,0.6251061025432036,-0.47375594371739427,13.691365202846866,21.568390295125376,-0.4728092951253764
2017-09-07,22.271729,8.200516218038763,-0.5930583938322123,0.6382094888198415,0.2653838220610198,13.692020576508297,22.203071711595708,0.06865728840429242
2017-09-08,21.822754,8.068167442855373,-0.5823295963070607,0.6506886658074449,0.7414514243302042,13.692713479583341,22.570691416269305,-0.7479374162693055
2017-09-09,21.690186,7.933388997033788,-0.5746740139723918,0.6625339705540692,0.9299546821864476,13.693451573492474,22.64465520929439,-0.9544692092943876
2017-09-10,22.509613,7.796225715164997,-0.569048031359959,0.6737272169356423,0.886029845714085,13.694237146188408,22.481171892643175,0.02844110735682648
2017-09-11,23.282928,7.656658429525072,-0.562987202353379,0.6842085972740819,0.7023204422083599,13.695040036559478,22.175240303213613,1.1076876967863853
2017-09-12,22.699097,7.514610701071547,-0.5540009875461929,0.6938810733007188,0.4678589248790176,13.69580105829302,21.818150769998113,0.8809462300018858
2017-09-13,22.837982,7.370142242961091,-0.539913586337551,0.7027369664683676,0.24582377017134108,13.696528759033097,21.475318152296346,1.3626638477036543
2017-09-14,22.07843,7.223314942172383,-0.5192764486992614,0.7107724132579963,0.07076809473131497,13.697232413847653,21.182811415310084,0.8956185846899167
2017-09-15,19.742828,7.074199738538033,-0.4903710337473077,0.7179910362521592,-0.03916439611631272,13.69792560446948,20.960580949396054,-1.2177529493960542
2017-09-16,18.20642,6.9229025896452505,-0.4504289256662399,0.724420337269411,-0.07209858881397399,13.698638965877755,20.823434378312204,-2.617014378312202
2017-09-17,19.720886,6.769537598955469,-0.3961839160788292,0.7300958586940709,-0.024274368819764858,13.699406753387324,20.77858192613827,-1.057695926138269
2017-09-18,23.74115,6.614155897960362,-0.32547784971704774,0.7350111299083083,0.09027767326519845,13.700231375080428,20.814198226497247,2.926951773502754
2017-09-19,21.270416,6.456628027753888,-0.23910412181327786,0.7390393586593798,0.2339620465854772,13.701024451799034,20.8915497629845,0.37886623701550093
2017-09-20,20.777924,6.297024578373957,-0.14053599390786606,0.7421802214535316,0.3557732661323393,13.70179756552102,20.95623963757298,-0.1783156375729824
2017-09-21,21.201355,6.135355721626317,-0.03798721501487642,0.7443952639126266,0.40434835515521206,13.702531736660536,20.948643862339814,0.25271113766018516
2017-09-22,20.346924,5.971669878573971,0.05710907828609958,0.7456758146597378,0.35198777689808014,13.703226680894781,20.82966922931267,-0.4827452293126697
2017-09-23,19.046265,5.806103578585525,0.13312827294872512,0.7460750786422206,0.2115440355468025,13.703925970954545,20.600776936677818,-1.5545119366778195
2017-09-24,20.338257,5.63875129745367,0.18094936538203377,0.7456184566434316,0.03315071402381597,13.704651973653935,20.303121807156884,0.03513519284311428
2017-09-25,19.904938,5.46964107948271,0.1959587661124556,0.7442852137727662,-0.11727874524484279,13.705393579412144,19.997999893535233,-0.09306189353523209
2017-09-26,20.335968,5.2988233794725215,0.1797351914959735,0.7420719899745938,-0.1852482875918039,13.706150347929066,19.74153262128035,0.5944353787196519
2017-09-27,21.021576,5.126305506961307,0.13859881808566285,0.7389488562322215,-0.15644024631944436,13.706899878810521,19.554312813770267,1.467263186229733
2017-09-28,18.526917,4.952108558725229,0.08119959220296395,0.7348940821151446,-0.07005607542397439,13.707626448640816,19.40577260626018,-0.8788556062601778
2017-09-29,17.835876,4.776416996435179,0.016310733559486937,0.7299930187659459,-0.008040909364718483,13.708395928653196,19.22307576804909,-1.38719976804909
2017-09-30,17.754639,4.599258688871681,-0.05045774188805015,0.724231840004304,-0.06666788368209398,13.70919550777529,18.91556041108113,-1.1609214110811301
2017-10-01,19.450653,4.420695867476796,-0.11648210441523942,0.7176226082206951,-0.30868675317740935,13.710029305575542,18.423178923680386,1.0274740763196135
2017-10-02,20.129456,4.240734039957999,-0.1810737082987941,0.7101428619529462,-0.7194545389675243,13.710872982502167,17.761221637146793,2.368234362853208
2017-10-03,20.323456,4.059418332975956,-0.24309659571282843,0.7017920417120422,-1.184701251397633,13.711721906368092,17.04513443394563,3.2783215660543696
2017-10-04,14.51059,3.87679974199696,-0.29993279340398177,0.6925732536286714,-1.5093722847292743,13.712574169816879,16.472642087309254,-1.962052087309253
2017-10-05,14.04837,3.6931173887886404,-0.34708299389307784,0.6826118256050053,-1.4757619833042546,13.713521793142654,16.266406030338967,-2.2180360303389666
2017-10-06,15.099518,3.508420733458847,-0.3825190068881063,0.6719066906585965,-0.9357155653024978,13.714561690226589,16.576654542153427,-1.4771365421534277
2017-10-07,17.704315,3.3228069493717944,-0.40823978459896115,0.660486235287189,0.11328610796373736,13.715714604587095,17.404054112610854,0.3002608873891468
2017-10-08,19.390228,3.1362000728146207,-0.4318261678715606,0.6482680631901265,1.4905689907788562,13.716914487494783,18.560125446406825,0.830102553593175
2017-10-09,19.276215,2.9485768084986077,-0.46466853299224514,0.6351995125488707,2.8600639581819687,13.718121595526782,19.697293341763984,-0.42107834176398384
2017-10-10,21.539093,2.759970258753775,-0.5185739934308072,0.6212616044563501,3.8198254036913353,13.719324324788529,20.401807598259182,1.1372854017408187
2017-10-11,21.043854,2.5703276274174716,-0.602169184058165,0.6063868510058413,4.028665583714962,13.720467860627386,20.323678738707496,0.7201752612925034
2017-10-12,20.338959,2.379721847530673,-0.7159819756583387,0.5905978800663112,3.335701762544048,13.72156003007867,19.311599544561364,1.027359455438635
2017-10-13,14.315643,2.1882135107104332,-0.8513618373072485,0.5739124240453704,1.8541027558168186,13.722602240896746,17.48746909416212,-3.1718260941621192
2017-10-14,14.4800415,1.9959439843728517,-0.9912603198228185,0.5564035401141534,-0.049435365350237584,13.723636151564701,15.23528799087865,-0.7552464908786494
2017-10-15,14.098358,1.8029676901832903,-1.1164658945676262,0.5380908608689474,-1.8658561184831168,13.724659804761645,13.08339634276314,1.01496165723686
2017-10-16,11.136108,1.6093900825396403,-1.2097753923396142,0.5190287043542374,-3.104700813220917,13.72569674114871,11.539639322482056,-0.40353132248205625
2017-10-17,11.297455,1.4154062829735934,-1.2598750186461871,0.49933048711306816,-3.458102056964095,13.726815316658103,10.923575011134481,0.373879988865518
2017-10-18,12.536224,1.2210553980646681,-1.2642545066722106,0.47900822102443463,-2.9078714619447155,13.728005681963783,11.25594333243596,1.2802806675640408
2017-10-19,10.6840515,1.0263985595709195,-1.227414374203618,0.45808472513539533,-1.7237173851033043,13.72926891500462,12.262620440404014,-1.578568940404013
2017-10-20,14.051605,0.8315182783043749,-1.1570676488697185,0.43659197791280474,-0.355232755214765,13.730616819236852,13.486426671369548,0.5651783286304521
2017-10-21,15.957062,0.6363730365466729,-1.0620152062462929,0.4144795002279208,0.7345235799618012,13.73199898554596,14.455359896036063,1.5017021039639378
2017-10-22,16.677856,0.44091664544619874,-0.948582492573237,0.3916958030359059,1.2401264764698807,13.733362548739693,14.857518981118442,1.8203370188815562
2017-10-23,13.514679,0.24518799161906046,-0.8200610660042497,0.36825009551955723,1.1102671768092043,13.734697215352792,14.638341413296365,-1.1236624132963655
2017-10-24,12.506836,0.04934566036968495,-0.6779302152690526,0.3442300073813874,0.5352814639449499,13.73605275452337,13.98697967095034,-1.4801436709503406
2017-10-25,11.664093,-0.14654650672351485,-0.5253828985596513,0.3196654506237124,-0.16585858634083828,13.737431530637835,13.219308989637543,-1.555215989637544
2017-10-26,11.982544,-0.342382023596029,-0.3682420311469742,0.29461422886214994,-0.6932194470111863,13.7388573792001,12.629628106308061,-0.6470841063080606
2017-10-27,13.972687,-0.5380443495263691,-0.2147528311240841,0.26913644071066173,-0.8850232016411808,13.740359134676613,12.37167519309564,1.60101180690436
2017-10-28,13.74707,-0.7335654186967976,-0.0737872988279474,0.24319523442575783,-0.7565385363433297,13.741891164304404,12.421195144862086,1.325874855137915
2017-10-29,13.728119,-0.9289722940797585,0.048820323299059123,0.21675861579724992,-0.4483668307069898,13.743410290858712,12.631650105168273,1.0964688948317267
2017-10-30,11.439636,-1.124177039980812,0.1520229377527284,0.18986995954283176,-0.12825684257264347,13.744930976573704,12.834389991315808,-1.3947539913158078
2017-10-31,10.832245,-1.3191064070941265,0.23950521445798553,0.16256807766021686,0.09992552782293398,13.746460322545124,12.929352735392133,-2.0971077353921324
2017-11-01,12.161194,-1.5136643008226636,0.31693545866614614,0.13490391884329986,0.23077077191289,13.74801700212999,12.916962850729663,-0.7557688507296625
2017-11-02,14.005341,-1.7078684733563985,0.38870751841839024,0.10685031012770024,0.3300150301862659,13.749562849639586,12.867267235015545,1.1380737649844548
2017-11-03,15.128357,-1.901748983213277,0.45606071575786533,0.07837734333769208,0.4707489193525152,13.751053440889647,12.854491436124443,2.2738655638755567
2017-11-04,12.506012,-2.0952328484754563,0.5169240330793063,0.04952648468335322,0.6737338059314614,13.752495840615419,12.897447315834084,-0.39143531583408375
2017-11-05,10.739258,-2.2881466431918396,0.5676538107931535,0.020407867660423303,0.8887678370914702,13.75394736846938,12.942630240822588,-2.2033722408225884
2017-11-06,12.578857,-2.480349345575499,0.6044429097651741,-0.008891754434040534,1.023189471409407,13.755449324783196,12.893840605948238,-0.31498360594823893
2017-11-07,14.48465,-2.671865694891837,0.624809665200413,-0.03839785784877003,1.003369510763937,13.756960243909418,12.674875867133162,1.8097741328668384
2017-11-08,13.319061,-2.8627726768426034,0.6292252244734307,-0.06816770190592362,0.8329852431746518,13.758412505858487,12.289682594758043,1.0293784052419568
2017-11-09,11.312561,-3.0529161683503343,0.6212876502531135,-0.0981048068241942,0.6060958401635399,13.759854210672295,11.836216725914419,-0.5236557259144181
2017-11-10,11.984741,-3.2422121955699357,0.6046900055045417,-0.12815559420727132,0.456965467522871,13.7612984488155,11.452586132065706,0.5321548679342936
2017-11-11,11.464569,-3.4306216405220695,0.580449853505688,-0.15829374141125674,0.47679168422495316,13.762736033554836,11.231062189352151,0.23350681064784773
2017-11-12,9.001343,-3.618069809522853,0.5466562642805033,-0.18846868542038872,0.6486047600809492,13.764175621265371,11.152898150683583,-2.151555150683583
2017-11-13,11.475616,-3.804397395130608,0.4996563514261634,-0.21857370218997124,0.8366002318308353,13.765668277053333,11.078953762989752,0.39666223701024883
2017-11-14,12.13327,-3.9896191156015446,0.4353262254178367,-0.248615092405657,0.8401242785947213,13.767178087395939,10.804394383401295,1.3288756165987046
2017-11-15,9.692047,-4.173734559570574,0.35334398183131716,-0.27859420916937744,0.49853428417325196,13.768677030566208,10.168226527830825,-0.4761795278308245
2017-11-16,7.711975,-4.356602851314505,0.2595112869725955,-0.3084203612372411,-0.21504358607372157,13.770207527013103,9.149652015360232,-1.437677015360232
2017-11-17,7.746826,-4.538150108937245,0.16462669244937628,-0.33804302016472243,-1.162546283280293,13.771778739593588,7.897666019660703,-0.15084001966070293
2017-11-18,8.783142,-4.718296198185905,0.08182449814863033,-0.367406299871205,-2.0871518162107465,13.773403162830515,6.682373346711289,2.1007686532887107
2017-11-19,4.940094,-4.897054274412081,0.023034863393032137,-0.3965170866207546,-2.7153203925871643,13.775046912600052,5.789190022373084,-0.8490960223730841
2017-11-20,3.990265,-5.0742302299907,-0.0029555495022146397,-0.42524701449086455,-2.863532911029284,13.776780017913163,5.410814312900099,-1.420549312900099
2017-11-21,4.798065,-5.24974321080253,0.006056209034819071,-0.4535450440300658,-2.5094648666958648,13.778616052717702,5.571919140224061,-0.7738541402240608
2017-11-22,8.115173,-5.42355504500005,0.04599940904058964,-0.4813910313317409,-1.7850391743865235,13.780547405051886,6.136561563374161,1.9786114366258394
2017-11-23,8.538055,-5.595693431593959,0.10833961302999029,-0.5088129978146572,-0.9048086720234537,13.782533877752519,6.881558389350439,1.6564966106495609
2017-11-24,6.272705,-5.7662555074377515,0.1835458163460531,-0.5358865846996492,-0.0684366982146005,13.78450091449226,7.597467940486312,-1.3247629404863117
2017-11-25,6.9074707,-5.935251903309426,0.2634430604458239,-0.5626233425872342,0.6064031339399514,13.786417416211593,8.158388364700707,-1.2509176647007072
2017-11-26,9.8394165,-6.102580008210431,0.3412936912859674,-0.5889557382738861,1.0911375677598611,13.788309131603862,8.529204644165373,1.310211855834627
2017-11-27,8.00705,-6.268185333977646,0.41131388120386897,-0.614844791591642,1.40709328759202,13.790177881252323,8.725554924478924,-0.7185049244789248
2017-11-28,7.8323975,-6.431895676046492,0.4691146888742795,-0.6401782872453665,1.5759616158022391,13.792084756548196,8.765087097932856,-0.932689597932856
2017-11-29,12.17511,-6.593661986184772,0.5099563930962724,-0.6649250165133587,1.5872258804717008,13.794029371563068,8.632624642432912,3.542485357567088
2017-11-30,8.344757,-6.753637436410696,0.5288135711293569,-0.6891833529572305,1.4110957581594221,13.795910371639886,8.292998911560737,0.05175808843926255
2017-12-01,6.11145,-6.911673291604913,0.5240988188959268,-0.7128539460728229,1.0478933742745598,13.797777911858514,7.745242867351265,-1.6337928673512652
2017-12-02,5.0288086,-7.06760153531691,0.4968499224599137,-0.7358241501825995,0.5574785868305361,13.799692118828037,7.050594942618978,-2.021786342618978
2017-12-03,6.329132,-7.22137886824764,0.45084028312177615,-0.7580641637451557,0.057122149536599304,13.80165101621434,6.33017041687992,-0.001038416879919346
2017-12-04,7.9015503,-7.372943989675628,0.3921150452777954,-0.7795318010775028,-0.3211934999198981,13.803661865375425,5.722107619980191,2.1794426800198092
2017-12-05,5.341034,-7.522200769183671,0.32803540743725723,-0.8001592070547575,-0.49137376095829843,13.805749588925247,5.320051259165778,0.02098274083422158
2017-12-06,4.231201,-7.66906932785151,0.2661479146414348,-0.8198935900074256,-0.4562265512891537,13.807931433701196,5.12888987919454,-0.8976888791945399
2017-12-07,4.837036,-7.813558745070244,0.21184863060134235,-0.838746779854455,-0.30967640037897154,13.810180619216782,5.0600473245144535,-0.22301132451445316
2017-12-08,4.0104675,-7.955689604272451,0.16778966024368955,-0.8567364311899042,-0.18723937555136383,13.812465033518933,4.980589282748904,-0.9701217827489037
2017-12-09,3.2688904,-8.095435674787407,0.13466766179945008,-0.8738514486279851,-0.19210542528591895,13.8147764040328,4.78805151713094,-1.51916111713094
2017-12-10,6.5695496,-8.232733015640969,0.11176368103065416,-0.8900584956317039,-0.34268910114448536,13.817125446336423,4.4634085149499185,2.1061410850500817
2017-12-11,6.726013,-8.367695233080546,0.09699429822541365,-0.9054414082389004,-0.5715184579801087,13.819434482954742,4.0717736818806,2.6542393181193997
2017-12-12,3.069458,-8.500302083681493,0.0891480093290144,-0.9199937022817501,-0.7683632248837743,13.82169328421697,3.722182282698965,-0.6527242826989648
2017-12-13,2.1076965,-8.63034376514665,0.08822371900700332,-0.9335792332344346,-0.8501901016995639,13.82398677408708,3.4980973930134347,-1.3904008930134348
2017-12-14,2.4724731,-8.757716173340748,0.09358061538332915,-0.946131078710718,-0.814997763297633,13.826347170703652,3.401082770737883,-0.9286096707378828
2017-12-15,3.241394,-8.88245072420895,0.10369062943341911,-0.9576774834685662,-0.7358589320374475,13.82873940864011,3.3564428983585675,-0.11504889835856735
2017-12-16,5.996063,-9.004595403219778,0.11652786066990509,-0.9682597252743099,-0.7006318071991807,13.831120682103046,3.2741616070796837,2.7219013929203166
2017-12-17,2.0518494,-9.124178746442768,0.12992255460013685,-0.9779036943022101,-0.7373528254256102,13.833458362640547,3.1239456510700965,-1.0720962510700964
2017-12-18,2.3060303,-9.240999655322904,0.14346777034145475,-0.9864812864263812,-0.7718745101245382,13.835834968619523,2.9799472870871533,-0.6739169870871531
2017-12-19,4.5616455,-9.35502049624162,0.15650728285479237,-0.9939727954245037,-0.6633045046332583,13.838251544800817,2.9824610313562268,1.5791844686437733
2017-12-20,2.4389648,-9.466239142781912,0.1685739208456139,-1.0003841005409857,-0.2868188886131956,13.840691824787834,3.2558236136973537,-0.8168588136973538
2017-12-21,2.5466614,-9.574542311568887,0.1802685099283581,-1.0056487732630568,0.3774559325498035,13.843195581272479,3.8207289389186982,-1.2740675389186982
2017-12-22,3.541565,-9.679870742518112,0.19183801355576902,-1.0097398088579062,1.1963975402015021,13.845776194520484,4.544401196901736,-1.0028361969017365
2017-12-23,4.8769226,-9.78211404877471,0.2034577438492429,-1.0126021895958932,1.9208285752117378,13.848473104339861,5.178043185030239,-0.30112058503023853
2017-12-24,8.349487,-9.88137810610299,0.2151463277771042,-1.01432634758876,2.2899306330837965,13.851218054838132,5.460590562007283,2.8888964379927167
2017-12-25,6.3282776,-9.977840057550992,0.22729597179550243,-1.015047554574729,2.152270383894685,13.85390757823002,5.240586321794487,1.0876912782055133
2017-12-26,4.386688,-10.071449452838467,0.24260121768998166,-1.0147475400883224,1.5423567690623583,13.856552384134899,4.55531337796045,-0.16862537796045007
2017-12-27,0.7425232,-10.162022237116991,0.26498841276863316,-1.013317160189341,0.660633261062336,13.859230385894115,3.6095126624187515,-2.8669894624187515
2017-12-28,1.2002563,-10.249432774387838,0.29864902685582234,-1.0106895249896661,-0.2233082361600468,13.861990863959072,2.6772093552773413,-1.4769530552773413
2017-12-29,2.11792,-10.33379878947419,0.3457751517455072,-1.0069585489711084,-0.8943254437821739,13.864761708390368,1.9754540779084024,0.14246592209159736
2017-12-30,3.025177,-10.415093730918283,0.4069253226358067,-1.0021243564778088,-1.2658398102752184,13.86754338821501,1.5914108131795057,1.433766186820494
2017-12-31,1.8130798,-10.493341866398277,0.48063358451014265,-0.9962158381257307,-1.3769062769651588,13.870311312636776,1.4844809156577536,0.32859888434224627
2018-01-01,3.2568054,-10.56844247158781,0.5641860174235976,-0.9891794299136227,-1.3211391969537176,13.873104051135936,1.5585289701043834,1.6982764298956168
2018-01-02,3.0414124,-10.640395977159017,0.6530975065466645,-0.9810304360135684,-1.1641158973772836,13.875910102769488,1.7434652987662833,1.2979471012337167
2018-01-03,1.9041138,-10.709173742766465,0.7425544378668383,-0.9717671428963137,-0.8975701877907178,13.878732945669555,2.042776310082896,-0.1386625100828962
2018-01-04,1.5302734,-10.7747404986855,0.8277931127161922,-0.96138711663062,-0.46768678787298923,13.881579900899158,2.5055586104262417,-0.9752852104262417
2018-01-05,1.1477661,-10.837046749273913,0.9041454957593289,-0.949881817995018,0.14363012287427077,13.884465920718522,3.1453129720831896,-1.9975468720831897
2018-01-06,2.7128906,-10.896068725312535,0.9671340535787865,-0.9372588574538965,0.8428636983334473,13.887393516984364,3.864063686130166,-1.1511730861301657
2018-01-07,4.125702,-10.951902806880861,1.0123016226427457,-0.923603380265513,1.4135060989847286,13.89030545156994,4.440606986051039,-0.31490498605103845
2018-01-08,6.352173,-11.004540258438844,1.0363431430835521,-0.908934235380338,1.596862421302459,13.893197564440893,4.612928635007723,1.7392443649922766
2018-01-09,5.725647,-11.054008445558601,1.0373614857024396,-0.8932933773182008,1.2283302610203521,13.896048124415707,4.2144380482616945,1.5112089517383058
2018-01-10,3.682953,-11.100297445112707,1.015834870536279,-0.8766980666721504,0.3604972678528396,13.898854519891646,3.298191146495908,0.384761853504092
2018-01-11,1.4668274,-11.143326425393663,0.9742067295572,-0.8591190958658951,-0.7070007279756704,13.901650174652193,2.1664106549741646,-0.6995832549741647
2018-01-12,0.22769165,-11.183007575405567,0.9154627872128637,-0.8405238570069622,-1.5217355486211062,13.904472631729385,1.2746684379086144,-1.0469767879086145
2018-01-13,0.66845703,-11.219293403469106,0.8413497077634436,-0.8209060185456893,-1.6635692777874205,13.907339640311362,1.0449206482725888,-0.3764636182725888
2018-01-14,1.3328857,-11.252209063577187,0.7509052126253519,-0.8003090334803771,-0.9381342647446294,13.910233014975955,1.6704858657991117,-0.3376001657991117
2018-01-15,3.2518616,-11.281824463415564,0.64022202048457,-0.7788064816618263,0.5148080228216061,13.91311277913077,3.0075118773595566,0.2443497226404432
2018-01-16,4.7828674,-11.308158412916502,0.5032212115909629,-0.7564380762859488,2.252210316327687,13.915965119555366,4.606800158271566,0.17606724172843347
2018-01-17,6.41568,-11.331213443495812,0.3337818091467847,-0.7332322518815579,3.690026065412179,13.918784767163135,5.878146946344728,0.537533053655272
2018-01-18,6.7677,-11.351023861095928,0.12820037870166498,-0.7092363352147842,4.324440684199553,13.921550952066832,6.313931818657338,0.45376818134266195
2018-01-19,4.712311,-11.36760682934748,-0.11235301736289358,-0.6844857315783339,3.916790204949044,13.924251964096602,5.676596590756937,-0.964285590756937
2018-01-20,3.2335205,-11.380869190152833,-0.3807075356049086,-0.65894205179419,2.5654553495316574,13.926931693577592,4.071868265557317,-0.8383477655573168
2018-01-21,4.191498,-11.390763182889112,-0.6652307354293143,-0.6325964178077574,0.6431152924372502,13.929611868799752,1.8841368251108168,2.3073611748891834
2018-01-22,-0.030181885,-11.397336755045473,-0.9522875096580626,-0.6055046993988165,-1.3554689508906828,13.932266748882297,-0.3783311661107387,0.3481492811107387
2018-01-23,-0.9928894,-11.400453230093998,-1.2273000088938306,-0.5776061567086983,-2.9775479461480114,13.934963534889011,-2.2479438069555293,1.2550544069555292
2018-01-24,-5.1938477,-11.400105349237446,-1.478688631305524,-0.5489201759649289,-3.9360498592619546,13.937705056773604,-3.426058958996249,-1.7677887410037512
2018-01-25,-4.6900635,-11.396197432910213,-1.6980162074391814,-0.5194072977817623,-4.144026245854999,13.94053890817911,-3.8171082758070476,-0.8729552241929524
2018-01-26,-4.630707,-11.388727407603263,-1.881402911097868,-0.48909050584891967,-3.6846043887360107,13.943466378092737,-3.5003588351933246,-1.1303481648066755
2018-01-27,-2.9039612,-11.3776858727047,-2.027776168405296,-0.45799216635874185,-2.7411432692867503,13.946493140356477,-2.65810433639901,-0.24585686360099013
2018-01-28,-1.257782,-11.363078919441229,-2.1379929158400355,-0.4261487058325079,-1.5371785119263346,13.949617724886124,-1.5147813281539833,0.2569993281539833
2018-01-29,1.610199,-11.344933815675837,-2.213703576762722,-0.3936119239899433,-0.3002971041972608,13.952828705334722,-0.29971771529104174,1.9099167152910417
2018-01-30,-0.16204834,-11.323355921078297,-2.2572274240619756,-0.36048370471557994,0.7541490904187538,13.956076085814203,0.7691581263771035,-0.9312064663771035
2018-01-31,2.1862183,-11.298251932320246,-2.270401408875175,-0.32673830744026194,1.444665113861514,13.959409701124821,1.508683166350652,0.6775351336493483
2018-02-01,1.9263306,-11.269758905003982,-2.2564517570443248,-0.29249758222122935,1.652300926520042,13.962764674216974,1.79635735646748,0.12997324353252004
2018-02-02,-0.2703247,-11.237929431580298,-2.218306264548002,-0.25782726760667446,1.3663924643129541,13.96611900109331,1.6184485016712884,-1.8887732016712884
2018-02-03,2.4689941,-11.202676693673126,-2.1581226916478453,-0.2227015453730808,0.7087926817616499,13.969521008582127,1.0948127596497255,1.3741813403502747
2018-02-04,0.57995605,-11.164014016009062,-2.0780770888571554,-0.18715712330388823,-0.0877624095461742,13.972969417229246,0.45595877951296515,0.1239972704870348
2018-02-05,0.1288147,-11.121870043391645,-1.9785744335157167,-0.15117722073358944,-0.742140243798892,13.976505897711114,-0.017256043728730575,0.14607074372873058
2018-02-06,-0.6224365,-11.076291483940254,-1.8599010117493044,-0.11482560482100666,-1.0252161093151408,13.98011357667798,-0.09612063314772712,-0.5263158668522728
2018-02-07,0.37805176,-11.02728325066327,-1.7229367965722113,-0.07814471984337276,-0.845364445699363,13.983797134099811,0.31006792132159333,0.06798383867840668
2018-02-08,0.13143921,-10.97487254006321,-1.570901403747856,-0.041189046450333076,-0.2835364965738492,13.987550584304008,1.117051097468762,-0.9856118874687619
2018-02-09,1.9523926,-10.919132885881574,-1.4097710377316701,-0.004046444214695558,0.44548749661661197,13.991345221852601,2.1038823506412747,-0.15148975064127468
2018-02-10,6.2809753,-10.860206450492315,-1.2481769980545485,0.03314687113568691,1.085404685141583,13.995118463324939,3.005286571055345,3.2756887289446546
2018-02-11,4.76355,-10.798219762412224,-1.0954977777316337,0.07027131360510497,1.4435444865962321,13.998816056822793,3.6189143168802733,1.144635683119727
2018-02-12,0.7383728,-10.733168598131837,-0.9584390326423644,0.10729952018351907,1.459781881779449,14.002449693001708,3.8779234641904754,-3.1395506641904753
2018-02-13,1.5256653,-10.664894016749749,-0.839983437538119,0.1443089859037314,1.202775288774201,14.006108911525473,3.8483157319155374,-2.3226504319155374
2018-02-14,4.4361877,-10.593426225958739,-0.7405122962836872,0.18125187621892094,0.8075586884509853,14.009789092009429,3.6646611344369084,0.7715265655630912
2018-02-15,6.0575867,-10.518911983463518,-0.6577772942192999,0.21800356818209782,0.4018523508567705,14.01342773656168,3.45659437791773,2.60099232208227
2018-02-16,3.2184448,-10.441394800983382,-0.5873548873979922,0.2545101908083477,0.05422344800280851,14.017014402720823,3.296998353150606,-0.07855355315060608
2018-02-17,2.3387756,-10.36074875819044,-0.5239467718407086,0.2908312559553462,-0.23752465837305714,14.020623850301984,3.189234917853124,-0.8504593178531241
2018-02-18,1.4143677,-10.276924021849165,-0.464132484150952,0.3269742531251376,-0.5234233749240149,14.02429314199733,3.0867875141983347,-1.6724198141983349
2018-02-19,3.313202,-10.189971975108048,-0.4065039664521682,0.3628798496772882,-0.8536787184254042,14.028009212073446,2.9407344017651127,0.3724675982348873
2018-02-20,4.127838,-10.099955033453519,-0.35105671048795145,0.3984872753295491,-1.2386678931106225,14.031753972344317,2.740561610621773,1.3872763893782265
2018-02-21,3.0224304,-10.006813881017976,-0.29720926143087023,0.4338143029469443,-1.632678302552857,14.035570747043865,2.5326836049891046,0.4897467950108956
2018-02-22,0.95388794,-9.910672144224248,-0.24338148175670804,0.46875900322849595,-1.949919358712255,14.039411866464306,2.40419788499959,-1.45030994499959
2018-02-23,1.851471,-9.81145027408644,-0.18675078468511183,0.503349632630286,-2.095981320992195,14.043331842770533,2.452499095637073,-0.6010280956370728
2018-02-24,5.1526184,-9.709169676524882,-0.12537751383772688,0.5375412719840582,-2.0004483996078664,14.047335132694402,2.749880814707984,2.402737585292016
2018-02-25,3.4509583,-9.604015848013434,-0.059461572965302745,0.5711825669012245,-1.6330531729763436,14.051344573969324,3.3259965469154693,0.12496175308453061
2018-02-26,3.645935,-9.495940005247574,0.00948781695844128,0.6042814026270203,-1.004256235461532,14.05540070764131,4.168973686517663,-0.5230386865176633
2018-02-27,3.7877808,-9.385023446354072,0.0771310889114522,0.6367597995461755,-0.17153837659503587,14.059479406331738,5.216808471840256,-1.429027671840256
2018-02-28,7.4572754,-9.271317608192277,0.13794196746794207,0.668558073471802,0.7602821310305513,14.06357188884831,6.359036452626328,1.0982389473736722
2018-03-01,8.41571,-9.154961316532273,0.18645137522747357,0.6995644586740875,1.6419763949453157,14.06762606749984,7.4406569798144435,0.9750530201855572
2018-03-02,5.442322,-9.03599660429018,0.22018251932198185,0.7297339253042687,2.3029153901099453,14.071638724673605,8.28847395511962,-2.8461519551196206
2018-03-03,7.180176,-8.914343372334825,0.24046735813053682,0.7591036916831339,2.5892389199036403,14.07566811575403,8.750134713136518,-1.5699587131365176
2018-03-04,11.460022,-8.790101827172627,0.25003896199535136,0.7875940055680499,2.4088320900750437,14.07968256472503,8.736045795190847,2.723976204809153
2018-03-05,12.635345,-8.663438087959204,0.2522717353341202,0.8150818619522276,1.778966101406056,14.083617846976754,8.266499457709953,4.368845542290046
2018-03-06,4.9385986,-8.5343681833088,0.25099887899807916,0.8415484475501878,0.8464127902100338,14.087485106517041,7.492077039966542,-2.5534784399665424
2018-03-07,3.2346191,-8.402691937627118,0.2503796366083658,0.8671200250180404,-0.141022014064056,14.091404032031074,6.665189741966307,-3.4305706419663067
2018-03-08,6.886383,-8.268540420369796,0.251710674356247,0.8917081109583178,-0.9156522331666894,14.0953288604914,6.054554992269479,0.8318280077305218
2018-03-09,7.897644,-8.132057002574342,0.2547188217431188,0.9152136684214489,-1.273378684678238,14.099208100592353,5.86370490350434,2.0339390964956596
2018-03-10,5.3371887,-7.99324234488687,0.2599925558656972,0.9376326200976155,-1.1317732559252556,14.103062038797102,6.175671613948289,-0.8384829139482894
2018-03-11,6.1846313,-7.852017813309831,0.26938698169569214,0.9590174245894016,-0.5495607309807359,14.106950925966391,6.933776787960917,-0.7491454879609165
2018-03-12,6.6402283,-7.708500583678724,0.28395235297722615,0.9792913856719712,0.2949043722175376,14.110837428330013,7.960484955518025,-1.3202566555180244
2018-03-13,9.072235,-7.562719305161366,0.3037674903574585,0.9984328670795488,1.163324257412025,14.114728887644395,9.017534197332061,0.054700802667937864
2018-03-14,12.262421,-7.41479749953357,0.32651244620513825,1.0163578426888744,1.820418654840074,14.118585472475758,9.867076916676274,2.3953440833237263
2018-03-15,14.054108,-7.264900714650038,0.3479636249462761,1.0329567752581983,2.0854161782103215,14.122346574844332,10.32378243860909,3.7303255613909094
2018-03-16,7.8854675,-7.113153647979193,0.36385753992635195,1.0481537049012368,1.8623545930817145,14.125972319490133,10.287184509420243,-2.401717009420243
2018-03-17,5.661621,-6.959400309582521,0.373156631613882,1.062061723599923,1.1554507372880547,14.129563605979788,9.760832388899127,-4.099211388899127
2018-03-18,9.688202,-6.803630327150305,0.37734312860538477,1.0747018330104199,0.06636417878373332,14.133148585778212,8.847927399027444,0.8402746009725561
2018-03-19,11.947662,-6.64594761290671,0.38089597684929316,1.0860213919353552,-1.2074525331806605,14.136698493227135,7.750215715924412,4.197446284075587
2018-03-20,5.3099365,-6.486406253278462,0.39199441435734733,1.0960054410858768,-2.386888336834007,14.140209698889521,6.754914964220276,-1.4449784642202763
2018-03-21,2.4474792,-6.324797643389276,0.4213735499917978,1.1048129337227393,-3.163922052437729,14.143810417572205,6.181277205459736,-3.733798005459736
2018-03-22,7.990967,-6.161116523260601,0.4763223169912498,1.112471832124272,-3.3034121867249584,14.147527413801917,6.271792852931879,1.719174147068121
2018-03-23,8.262512,-5.995607469678617,0.5572341383376334,1.1188438683549393,-2.7434621228257594,14.151262722776702,7.088271136964898,1.1742408630351013
2018-03-24,7.542145,-5.828453054591087,0.6594797163594694,1.123824278886198,-1.6384970331198145,14.154949762933594,8.471303670468359,-0.9291586704683592
2018-03-25,9.74823,-5.659676689918808,0.7744483106056332,1.1274124942283685,-0.326912919522998,14.158601891276447,10.073873086668645,-0.32564308666864505
2018-03-26,12.280975,-5.4893389386383875,0.8913389102125358,1.129589361012819,0.7869864153457615,14.162214030600033,11.480789778532762,0.8001852214672383
2018-03-27,12.3923645,-5.31759331794639,1.0002751970109363,1.1302789249458964,1.398595646268402,14.165734699094497,12.377291149373342,0.0150733506266576
2018-03-28,13.628571,-5.144452258157523,1.0948340237702348,1.1295039657765893,1.4368118786297253,14.169183173872446,12.685880783891472,0.9426902161085291
2018-03-29,14.644897,-4.9700209606413175,1.1713105540638526,1.127229827818476,1.0900369030748795,14.172532515594757,12.591088839910647,2.0538081600893534
2018-03-30,9.367462,-4.794406271435387,1.2279468596173866,1.1234202557809079,0.707759892434101,14.175755101462387,12.440475837859395,-3.0730138378593956
2018-03-31,10.261749,-4.6174155499133835,1.2646543103085606,1.1182354903047553,0.6178368091690734,14.178973317580494,12.5622843774495,-2.300535377449499
2018-04-01,13.516815,-4.439201454219605,1.2793333202117048,1.1116124266001333,0.9396387118473815,14.182136909678347,13.073519914117961,0.44329508588203836
2018-04-02,14.882446,-4.25996339865142,1.2694348404525877,1.1034599821523563,1.5143534093563709,14.18517223452178,13.812457067831675,1.0699889321683251
2018-04-03,15.124847,-4.079791930926566,1.2347911583719509,1.0937631206044056,1.9887068553433604,14.188060169991145,14.425529373384295,0.6993176266157057
2018-04-04,16.882233,-3.898720378219966,1.179256047283221,1.0825486072174506,2.008899710805611,14.190810380922441,14.562794368008758,2.3194386319912415
2018-04-05,10.904816,-3.7167774829374305,1.1108351455834593,1.069852627565244,1.424508389646518,14.19343493608351,14.0818536159413,-3.1770376159413
2018-04-06,17.390778,-3.5337301746814793,1.0419282452750553,1.0558864700975086,0.3943802682312525,14.19607700096287,13.154541809885206,4.236236190114795
2018-04-07,11.378876,-3.349804208844803,0.982558417667404,1.0405643974412477,-0.6875603418405539,14.198650129780345,12.18440839420364,-0.8055323942036399
2018-04-08,9.017914,-3.164844905651927,0.9419141946444085,1.0240459642011972,-1.379163842300876,14.201258546055792,11.623209956948594,-2.605295956948595
2018-04-09,10.716949,-2.9789169341078936,0.9229872167906987,1.0063434777933862,-1.4318484510817233,14.203896886563587,11.722462195958055,-1.0055131959580557
2018-04-10,10.704071,-2.7921426238258,0.9226173519899983,0.9874285215096472,-0.927574717573669,14.20653097527815,12.396859507378327,-1.6927885073783262
2018-04-11,15.1197815,-2.6047015687102606,0.934512338095929,0.9672367821994594,-0.23688376227960445,14.209098025421664,13.269261814727187,1.850519685272813
2018-04-12,15.272339,-2.416718802993037,0.9520118034437499,0.945742974687644,0.17714620637289066,14.21156270003822,13.869744881549467,1.4025941184505335
2018-04-13,12.42453,-2.228233811763597,0.9720961796372907,0.922983485565422,0.013817714792437166,14.213932487824867,13.89459605605642,-1.4700660560564192
2018-04-14,14.384033,-2.039211330244619,0.9959082976607819,0.8990477628629693,-0.6996000382149661,14.216252289537152,13.372396981601318,1.0116360183986828
2018-04-15,15.204285,-1.849659038613765,1.0260984698556839,0.8740035553649064,-1.6199498123938354,14.218545491844614,12.649038666057603,2.5552463339423976
2018-04-16,12.106628,-1.6596562501013887,1.0650387046829641,0.8478741739587858,-2.263775265356524,14.220799764448783,12.21028112763262,-0.10365312763261869
2018-04-17,10.972443,-1.4691280950967363,1.1129976643201296,0.8207836172709806,-2.2598686220366337,14.223080056807747,12.427864621265488,-1.4554216212654882
2018-04-18,11.205536,-1.2780623176441235,1.165830399685062,0.7928137774645887,-1.5471510896704135,14.225420096427246,13.35885086626236,-2.1533148662623596
2018-04-19,14.3706665,-1.0864911976038556,1.2159936852772755,0.7640149987693587,-0.4050171076495242,14.227831341600515,14.71633172039377,-0.34566522039376935
2018-04-20,16.310455,-0.8946074328067287,1.254949307158943,0.7343342893452431,0.6944008325315109,14.230244961665651,16.01932195789462,0.2911330421053826
2018-04-21,17.419708,-0.7025910356153309,1.2772211976290573,0.7037277821001231,1.3324213541474041,14.232598525406837,16.843377823668092,0.5763301763319078
2018-04-22,18.987274,-0.5104858823177375,1.282390763010982,0.6722420150992056,1.3487810291481452,14.234897809856655,17.02782573479725,1.9594482652027487
2018-04-23,15.36026,-0.31838788976330723,1.2740535379605789,0.6398962804196755,0.8984822248025719,14.23712252905872,16.73116668247824,-1.370906682478239
2018-04-24,16.517609,-0.12625279325265507,1.2580545910855832,0.6068018513685138,0.3433689485351833,14.239322583833305,16.32129518156993,0.19631381843007034
2018-04-25,17.836426,0.06585284182547917,1.2372334599966663,0.5729952535317502,0.03949311127732366,14.24149240740391,16.15706707403513,1.6793589259648698
2018-04-26,16.42566,0.25788004752782046,1.20996181162766,0.5385259413428398,0.15654746882866438,14.24363510785819,16.406550377185173,0.01910962281482753
2018-04-27,15.353607,0.4497114049412436,1.1703324619209223,0.503395354941242,0.6161900943599675,14.245719531205323,16.985348847368698,-1.6317418473686978
2018-04-28,16.92517,0.6412533090318416,1.1098832873005091,0.46761586188762244,1.1686588410985383,14.247726423658053,17.635137722976566,-0.7099677229765646
2018-04-29,17.511993,0.8324494341254642,1.020582546000143,0.4312284623152606,1.5519828476656934,14.249655094190393,18.085898384296954,-0.5739053842969533
2018-04-30,17.699188,1.0232777227644938,0.8983135511018588,0.39430422760301354,1.6355959951422465,14.251521723510118,18.20301322012173,-0.5038252201217297
2018-05-01,19.52707,1.2137158968729231,0.7441326939599142,0.3569150366476202,1.4620315120601406,14.253342332360962,18.03013747190156,1.4969325280984371
2018-05-02,18.674408,1.4036869852806695,0.5632871016810854,0.3190967930380608,1.173211068999623,14.255105641561842,17.71438759056128,0.9600204094387195
2018-05-03,18.52008,1.5931183752949933,0.3638828878518069,0.28089235237132637,0.8821696890920928,14.256802431720788,17.376865736331006,1.1432142636689946
2018-05-04,13.565247,1.7820025581718408,0.1543335260459966,0.24239180795068604,0.5745624959339409,14.258455751969159,17.011746140071622,-3.446499140071623
2018-05-05,15.910736,1.9704032544540513,-0.05714045690323309,0.20372984971171287,0.11478142278335685,14.260124305413074,16.491898375458963,-0.5811623754589625
2018-05-06,19.531555,2.1582570191114634,-0.26417832468692387,0.16495497656099925,-0.6510602704024453,14.261803142849198,15.669776543432292,3.861778456567709
2018-05-07,15.488861,2.345434732944088,-0.4598210036874262,0.12607054468949613,-1.7428896405458754,14.263454365578355,14.532248998978638,0.9566120010213623
2018-05-08,11.7034,2.5318809305172287,-0.6337142484275743,0.08712684662348989,-2.9509525237197525,14.26507693849851,13.299417943491902,-1.5960179434919013
2018-05-09,10.306061,2.7177485837374165,-0.773426696224176,0.04831177124079121,-3.876468929504258,14.266774029862013,12.382938759111786,-2.0768777591117864
2018-05-10,10.635498,2.903005821127736,-0.8677473437045098,0.009693790285451927,-4.093892928732035,14.268556160473944,12.219615499450587,-1.5841174994505867
2018-05-11,14.944977,3.0875989913309416,-0.9096802118173417,-0.028672979977058925,-3.354950585334671,14.270422824820194,13.064718039022065,1.880258960977935
2018-05-12,16.955444,3.2713960276902383,-0.8996360312901828,-0.06679058352290308,-1.7338891327091057,14.272334329840966,14.843414610009013,2.1120293899909868
2018-05-13,16.848572,3.454273294218517,-0.8454407105047785,-0.10466386839761613,0.3683836647858511,14.274255163340069,17.14680754344204,-0.29823554344203984
2018-05-14,18.152771,3.6361226288756097,-0.7607484510746401,-0.14228788454462316,2.3626553740510907,14.276157403205117,19.371899070512555,-1.2191280705125536
2018-05-15,19.912292,3.8168659844627633,-0.6618378094681059,-0.1796369733009502,3.6907282942716995,14.278027995042542,20.94414749100795,-1.0318554910079492
2018-05-16,21.451385,3.996386095329342,-0.5630418312778153,-0.21671016121221623,4.030248279354399,14.279833994126196,21.526716376319907,-0.07533137631990883
2018-05-17,22.678986,4.1746112308301555,-0.47294571125491547,-0.2534758722063395,3.395574200507835,14.281565110632217,21.125328958508952,1.5536570414910464
2018-05-18,22.703247,4.351435199160802,-0.39339273880411113,-0.2899215124459983,2.0987723470669417,14.283193607830516,20.05008690280815,2.6531600971918508
2018-05-19,16.87558,4.5268254194834565,-0.3207779129814097,-0.3259816493712092,0.6035798289431706,14.284728323207379,18.768374009281388,-1.8927940092813884
2018-05-20,14.524567,4.700927935699652,-0.24883585389103385,-0.36147078244979847,-0.6535547826414679,14.28626718343419,17.723333700151542,-3.198766700151543
2018-05-21,18.013336,4.873824903810659,-0.17435016574722573,-0.3962491993006564,-1.406265900105481,14.287876043521656,17.184835682178953,0.8285003178210459
2018-05-22,18.183044,5.0453756238170175,-0.10019635399274655,-0.43032786799686085,-1.6055798802065309,14.289508974404027,17.198780496024906,0.9842635039750931
2018-05-23,16.836182,5.215497680286973,-0.03335622817720955,-0.46368490753403424,-1.3705352012933865,14.291148998917366,17.63907034219971,-0.802888342199708
2018-05-24,19.159119,5.38419127076108,0.017255910874496405,-0.49624631669895214,-0.8988452382040336,14.29282029184154,18.29917591857413,0.8599430814258717
2018-05-25,20.671478,5.551360815713195,0.042875430111056476,-0.5280030715250646,-0.3857978403428607,14.294498970749347,18.974934304705673,1.6965436952943271
2018-05-26,18.950073,5.716917118575337,0.038104313598557704,-0.5589427689929035,0.0258757286665103,14.29616415093791,19.518118542785412,-0.5680455427854127
2018-05-27,19.529846,5.880871150216793,0.0022071041335192942,-0.588985522165443,0.2570834717598035,14.297844838308063,19.849021042252733,-0.3191750422527342
2018-05-28,19.475403,6.043179555939112,-0.06292574618995905,-0.6180880389076102,0.2795501567772128,14.299542653756994,19.94125858137575,-0.4658555813757488
2018-05-29,20.56726,6.2037634111704385,-0.15436644677296246,-0.6462327261397667,0.1090451652951336,14.30124107444737,19.813450478000213,0.7538095219997878
2018-05-30,18.098114,6.3625265758795875,-0.26998135679633684,-0.6734172784402566,-0.19447904494114782,14.302914724093306,19.527563619795153,-1.4294496197951538
2018-05-31,18.73111,6.519538095996305,-0.4080170573972652,-0.6995374803154635,-0.5254522042062065,14.304620810906933,19.191152164984302,-0.4600421649843014
2018-06-01,19.137695,6.674724813957812,-0.5677963814130049,-0.7245848435908585,-0.7538592694007493,14.306345132697531,18.93482945225073,0.20286554774926913
2018-06-02,19.064697,6.828017119047082,-0.7475162420190169,-0.7485497141737705,-0.7600291017949488,14.308075020773487,18.879997081832833,0.18469991816716558
2018-06-03,19.776367,6.9793651916937645,-0.9429234953934573,-0.7714095115719408,-0.47942852612992454,14.309807361890048,19.09541102048849,0.6809559795115092
2018-06-04,20.115082,7.128687319987305,-1.1473765408576444,-0.7931631828492323,0.0646050152224262,14.311522807009412,19.564275418512267,0.5508065814877341
2018-06-05,21.56723,7.2759363792482095,-1.352755125752325,-0.8137885881163718,0.760439434927493,14.313219132257233,20.18305123256424,1.3841787674357597
2018-06-06,18.21997,7.421021205954418,-1.551816722319928,-0.8332910400608806,1.4405263549167184,14.314871677739298,20.791311476229623,-2.571341476229623
2018-06-07,20.8107,7.564049373609166,-1.738906610492045,-0.8515481249249301,1.9377064109663384,14.31655499423672,21.22785604339525,-0.4171560433952486
2018-06-08,22.418243,7.704855456273089,-1.9129250800483633,-0.8686184855249426,2.128961854166586,14.318206612217208,21.37048035708358,1.047762642916421
2018-06-09,23.073975,7.843390718535466,-2.074812728111131,-0.8844905377844615,1.9674265741312416,14.319822113835743,21.171336140606858,1.902638859393143
2018-06-10,18.015625,7.979541701213924,-2.2255786458054905,-0.8991981833548437,1.4814590292792966,14.321364375063313,20.657588276396197,-2.641963276396197
2018-06-11,18.374664,8.113431329029293,-2.36294644026887,-0.912625462869703,0.7559097688798164,14.322914275938144,19.916683470708684,-1.5420194707086843
2018-06-12,20.356049,8.244986295078586,-2.4825093313617175,-0.9247843426959037,-0.09972323748410257,14.324454053138615,19.062423436675477,1.2936255633245217
2018-06-13,20.02124,8.374097762693424,-2.5773926324070935,-0.9357121069699617,-0.9646302500741766,14.325947870373886,18.22231064361608,1.798929356383919
2018-06-14,19.133331,8.500752894435504,-2.6391861651553894,-0.9453799864904038,-1.7109966697656223,14.327407446991545,17.532597520015635,1.6007334799843633
2018-06-15,15.858643,8.624969170265132,-2.6607010390321055,-0.9537347752065151,-2.2172343701943937,14.328859200019085,17.122158185851205,-1.2635151858512046
2018-06-16,14.615967,8.746781332201326,-2.637959913198312,-0.9607182897469182,-2.395262395505495,14.33033799171011,17.083178725460712,-2.4672117254607127
2018-06-17,17.723999,8.866275541782322,-2.5716658607353557,-0.9662463935794965,-2.22872050254636,14.331904180497384,17.431546965418494,0.2924520345815047
2018-06-18,18.3154,8.983308060399596,-2.467069523310153,-0.9703882606926237,-1.7972958719975474,14.333502654989548,18.08205705938882,0.23334294061118044
2018-06-19,21.050568,9.097805410793255,-2.3302912866234884,-0.9731710917814496,-1.2591394849758042,14.33511320180371,18.870316749216222,2.180251250783776
2018-06-20,18.721405,9.20970036409497,-2.1667873072574806,-0.9746178840328047,-0.798341072741241,14.336718358155089,19.606672458218533,-0.8852674582185323
2018-06-21,19.446686,9.319060056432239,-1.9791012724121315,-0.9746663385567478,-0.54392736623771,14.338367604335241,20.15973268356089,-0.71304668356089
2018-06-22,20.978424,9.425795970549572,-1.7690059687417983,-0.9733580149970794,-0.5092132288375154,14.340032224262654,20.514250982235833,0.46417301776416764
2018-06-23,18.851074,9.529837364562571,-1.538524138216031,-0.9707267920115941,-0.5731021727691379,14.341692077957795,20.789176339523603,-1.9381023395236028
2018-06-24,21.05008,9.63122473608665,-1.290972451692937,-0.9667360500431808,-0.5272141349832855,14.343382178428259,21.189684277795507,-0.139604277795506
2018-06-25,24.16452,9.729831305098886,-1.0337041391669437,-0.9614634721209703,-0.18274082127446659,14.345053379534917,21.896976252071422,2.2675437479285776
2018-06-26,23.528015,9.825563126643047,-0.7769450764756877,-0.9549696704018569,0.5240403811450633,14.346672623261485,22.96436138417205,0.563653615827949
2018-06-27,24.922363,9.918441100950925,-0.5312576638389152,-0.9472429081519912,1.4757173402215773,14.348264043801723,24.26392191298332,0.6584410870166799
2018-06-28,24.745453,10.008419513191205,-0.30624755227849915,-0.9383165634325644,2.3967470786186658,14.349818009871823,25.510420485970627,-0.7649674859706259
2018-06-29,25.429382,10.095462705565552,-0.1078047752819217,-0.928218492971242,2.9624229521750376,14.351329429975786,26.373191819463212,-0.9438098194632119
2018-06-30,25.814606,10.179504419025566,0.06266257011750256,-0.9169988404347472,2.939877279791332,14.35277736514028,26.617822793639935,-0.8032167936399333
2018-07-01,24.987274,10.26054183277705,0.2083183311734336,-0.9046671960302799,2.297707529105537,14.35417221016505,26.21607270719079,-1.2287987071907907
2018-07-02,26.311798,10.33859309201263,0.3354515814869682,-0.8912179956251443,1.2262405283700073,14.355534475408568,25.364601681653028,0.9471963183469718
2018-07-03,25.58731,10.413620153475836,0.45084341177773074,-0.8766830358199931,0.05567852991386999,14.35685604039879,24.400315099746237,1.1869949002537616
2018-07-04,25.263794,10.485662809879582,0.5607728596126944,-0.8610448787174052,-0.8828364734461767,14.358167173330534,23.660721490659228,1.6030725093407732
2018-07-05,23.962494,10.55464874530372,0.6694481531832425,-0.8443619698683347,-1.3913556607424156,14.359441587756837,23.34782085563305,0.6146731443669502
2018-07-06,20.855072,10.620581239131521,0.7795472606089658,-0.8266466105780463,-1.464166381485172,14.360690427250812,23.470005934928082,-2.6149339349280822
2018-07-07,23.435669,10.683508019700025,0.8929647196579811,-0.807882313376144,-1.251874083408252,14.361946630765498,23.878662973339107,-0.4429939733391066
2018-07-08,24.498138,10.743331782717878,1.010179040592946,-0.7881491785025727,-0.961333988547963,14.363170125754044,24.36719778201433,0.13094021798567113
2018-07-09,24.96933,10.80002135768664,1.1319006131105045,-0.7674874757452597,-0.7398449441212793,14.364353535022625,24.788943085953232,0.18038691404676754
2018-07-10,25.568085,10.85354207950255,1.2585841266453623,-0.7459415582775344,-0.6161033258662397,14.365487232948198,25.115568554952333,0.4525164450476673
2018-07-11,26.200134,10.903874499565411,1.3897269684492446,-0.7235500453701726,-0.5193158843218586,14.366568903753018,25.41730444207564,0.7828295579243587
2018-07-12,24.289642,10.950983869340332,1.5232375478974303,-0.7003611925528754,-0.3548649966431772,14.367587986816206,25.786583214857913,-1.4969412148579124
2018-07-13,26.470154,10.994935490651784,1.655675136532688,-0.676358181078791,-0.08288495677579383,14.36858340763499,26.259950896964874,0.21020310303512701
2018-07-14,27.487305,11.035691428856039,1.7811629578974202,-0.6515931210471686,0.24591045606030434,14.369541758830533,26.78071348059713,0.7065915194028705
2018-07-15,27.452728,11.073171817051499,1.893138863935434,-0.6261500504640592,0.5290195549909648,14.370428294493829,27.239608480007668,0.21311951999233258
2018-07-16,27.57959,11.107385509343416,1.9857460967936724,-0.6000601120982643,0.6890846613720314,14.371252411941153,27.553408567352008,0.026181432647991443
2018-07-17,27.63675,11.138336796998335,2.054406031681692,-0.5733592492452877,0.7341932249240009,14.372020923254894,27.725597727613632,-0.0888477276136328
2018-07-18,28.00827,11.1660403575234,2.096163011268114,-0.5460723008765941,0.7579957707389808,14.372745166193063,27.846872004846965,0.16139799515303466
2018-07-19,27.561462,11.190466920885937,2.109424109377535,-0.5182493731725497,0.8728385874336124,14.373413830297409,28.027894074821944,-0.46643207482194526
2018-07-20,27.558777,11.211629808419609,2.094047226655798,-0.4899117990709472,1.117578881939128,14.374036365653595,28.307380483597182,-0.7486034835971829
2018-07-21,27.98233,11.229539601938843,2.051013789934428,-0.4610836079476346,1.3984481166647136,14.3746203531141,28.59253825370445,-0.6102082537044495
2018-07-22,29.28189,11.244180569656184,1.9825214753781029,-0.4318082716893711,1.5101964480314742,14.375159735424122,28.68024995680051,0.6016400431994917
2018-07-23,29.784729,11.255500363534143,1.8921746847002867,-0.4021559501935516,1.2367690730902579,14.37562977691926,28.357917948050396,1.4268110519496027
2018-07-24,28.294952,11.263471754082552,1.7854207204589114,-0.372179869781165,0.4832993921616332,14.376017690455036,27.536029687376967,0.7589223126230316
2018-07-25,25.886353,11.268183759319964,1.669717151930951,-0.3418551189020222,-0.6344870871417654,14.376368261893274,26.3379269671004,-0.4515739671004013
2018-07-26,23.795074,11.269718698727225,1.5534484793508012,-0.3111630972046012,-1.8023125218535072,14.376722585141751,25.086414144161672,-1.2913401441616728
2018-07-27,23.88321,11.268087344517372,1.4443603205274376,-0.2801326451261924,-2.6242763160908784,14.37708557559076,24.1851242794185,-0.3019142794185008
2018-07-28,23.783142,11.263284449584148,1.3478776412934672,-0.248802612656978,-2.792506553479514,14.37745358790924,23.947306512650364,-0.16416451265036258
2018-07-29,25.208344,11.255356646674722,1.2662562079412776,-0.21718383005603978,-2.2251886955575557,14.377848491213866,24.45708882021627,0.7512551797837297
2018-07-30,25.981598,11.244273074919668,1.197754471036286,-0.18533994163570006,-1.1074927340886616,14.37825283135319,25.527447701584784,0.45415029841521815
2018-07-31,26.188751,11.230009797454315,1.1376093441831456,-0.15333193443451493,0.18682686242002627,14.378652235860814,26.779766305483786,-0.5910153054837863
2018-08-01,27.698303,11.212597235844052,1.0794620179960492,-0.12118764285516609,1.2496055943105626,14.379059166640625,27.79953637193612,-0.10123337193612159
2018-08-02,28.633575,11.191972814734145,1.0167163282595035,-0.08899709207161605,1.7931959398590114,14.379439134034941,28.292327124815984,0.3412478751840169
2018-08-03,28.151031,11.168075776458025,0.9448305534370146,-0.056845976532740955,1.7414257020299913,14.37975804625145,28.177244101643737,-0.026213101643737247
2018-08-04,27.144958,11.140951578313963,0.8630005027838713,-0.024747615645264974,1.2240230251192694,14.38003451177181,27.58326200234365,-0.4383040023436493
2018-08-05,28.06427,11.110638884156256,0.7741056638429153,0.007281210020468224,0.4920071415087428,14.380283328741465,26.76431622826985,1.2999537717301521
2018-08-06,26.676147,11.07715171711856,0.6834185162384702,0.03920900771761382,-0.19192845500531347,14.380506460152871,25.9883572462222,0.6877897537777997
2018-08-07,22.426178,11.040556510132344,0.5975399154786238,0.07104020175182281,-0.6324963353250165,14.3807315113227,25.457371803360473,-3.0311938033604733
2018-08-08,24.82727,11.000989996605163,0.5224616545806146,0.10282267295368688,-0.7332313982181065,14.38102090512537,25.274063831046732,-0.4467938310467332
2018-08-09,27.17099,10.958395288965802,0.46024425208079034,0.13447730607397249,-0.49458144233462475,14.38133966305864,25.43987506784458,1.7311149321554211
2018-08-10,26.951202,10.912744124443403,0.40977513709076185,0.16593931095982317,0.007688899058500648,14.381666801805505,25.87781427335799,1.0733877266420073
2018-08-11,26.320343,10.863991994994773,0.3677345856803815,0.19713285385849955,0.6331458189914838,14.381972798714017,26.443978052239153,-0.12363505223915183
2018-08-12,26.11615,10.812155119654815,0.3300034461810385,0.228022791622971,1.1817096019698328,14.382258153911273,26.93414911333993,-0.8179991133399298
2018-08-13,26.405945,10.757268739295043,0.2933963246567096,0.2585865603937203,1.419533101151018,14.382532383817304,27.111317109313795,-0.7053721093137959
2018-08-14,26.643982,10.699359428547243,0.2571932340387457,0.2887946884431716,1.1448397742074627,14.382800190537496,26.772987315774117,-0.12900531577411556
2018-08-15,27.009125,10.638397620878923,0.22376126697892287,0.31858118661231616,0.2829548612881161,14.383037722592347,25.846732658350625,1.162392341649376
2018-08-16,26.125244,10.574376942938404,0.19808233740163142,0.347895529009595,-1.0338064761651,14.383232403210123,24.469780736394654,1.6554632636053448
2018-08-17,21.3302,10.507325245415528,0.1864046134848051,0.3767138855030282,-2.4572159677686987,14.383388355948586,22.99661613258325,-1.6664161325832474
2018-08-18,20.500366,10.437473519323337,0.19471789895848265,0.40514761623560086,-3.517142833762729,14.383610913904013,21.903807114658704,-1.4034411146587047
2018-08-19,21.433044,10.364872376558905,0.22510121715032527,0.4331886533295377,-3.8030446881369726,14.383914765337561,21.604032324239355,-0.17098832423935661
2018-08-20,22.087402,10.289493803343952,0.2752863888597222,0.46077299604750244,-3.14410342245031,14.384274902248292,22.26572466804916,-0.17832266804915875
2018-08-21,25.916107,10.211325117785222,0.3396313655786271,0.4878436654726776,-1.7020288114781914,14.384673611830896,23.721444949189234,2.1946620508107664
2018-08-22,26.751709,10.130280901351622,0.4100649568420587,0.514293887690586,0.07604748970154095,14.385056462089333,25.51574369767514,1.2359653023248605
2018-08-23,26.30954,10.046382775979218,0.479177961896689,0.5400868077429011,1.6387173536301678,14.38542224422457,27.089787143473544,-0.7802471434735452
2018-08-24,25.879791,9.959684075513945,0.5412455591745545,0.5652072705762579,2.5528192168659105,14.385785172273195,28.00474129440386,-2.1249502944038596
2018-08-25,28.223572,9.870216849368548,0.5924521975184655,0.5896284658549045,2.665266276764085,14.38614825954573,28.10371204905173,0.11985995094827118
2018-08-26,28.385712,9.777939673826168,0.6302209959627053,0.6132751891738741,2.1287774089165454,14.386477367437001,27.536690635316297,0.8490213646837041
2018-08-27,26.448547,9.682831807053102,0.6535680045196182,0.6360841737081175,1.2919843397964423,14.386748501849485,26.651216826926767,-0.2026698269267655
2018-08-28,25.268158,9.584940239008844,0.6627298427630656,0.6580426455217637,0.5144234767517044,14.386971102933327,25.807107306978704,-0.5389493069787044
2018-08-29,24.309143,9.484352659438448,0.6584332167987925,0.6791684459783518,0.007526846744370763,14.387174445990539,25.216655614950504,-0.9075126149505053
2018-08-30,26.284454,9.38119049310043,0.6418982587200797,0.699496838615989,-0.21636657254863115,14.387404443193079,24.893623461080946,1.3908305389190545
2018-08-31,27.328766,9.27537799722318,0.6140805901359332,0.7189326357254062,-0.27764582598270215,14.387607930256273,24.718353327358088,2.610412672641914
2018-09-01,24.182343,9.16685665301039,0.576256454501921,0.737396864304793,-0.2973996769413212,14.387739798504677,24.57085009338046,-0.3885070933804613
2018-09-02,21.93689,9.055742328674878,0.529842990949692,0.7549286230996968,-0.29587006489627654,14.387841857743169,24.432485735571163,-2.4955957355711647
2018-09-03,23.553314,8.942129507028177,0.4739509507363827,0.7715540545040692,-0.1909214066700025,14.387944823600442,24.38465792919907,-0.8313439291990683
2018-09-04,24.940704,8.826011815220449,0.4040378868243224,0.7872306848769719,0.11416516582572384,14.3880286677784,24.51947422052587,0.42122977947413176
2018-09-05,25.512878,8.707343055265683,0.31308653514796403,0.8018894395570793,0.6197101560385431,14.388053107168401,24.83008229317767,0.6827957068223292
2018-09-06,25.298279,8.586187208682151,0.19372878120841613,0.8155338503670095,1.172043277318544,14.388032735376942,25.155525852953062,0.14275314704693898
2018-09-07,24.824524,8.462600579788111,0.04072171632951506,0.8281657775808283,1.5090787064702504,14.387977915187035,25.228544695355737,-0.4040206953557366
2018-09-08,25.445496,8.336665181612986,-0.14647389165918,0.8398049967251349,1.3940153866854699,14.387911469828055,24.811923143192466,0.6335728568075325
2018-09-09,25.026428,8.20839411012367,-0.3624075557002327,0.8504257656068568,0.7617137113483554,14.387821467288404,23.84594749866705,1.1804805013329478
2018-09-10,23.25592,8.07785447115164,-0.5954347381473051,0.8600420953195647,-0.21105849775189797,14.387722489275722,22.519125819847723,0.7367941801522768
2018-09-11,19.265442,7.945151556508671,-0.8299322955232848,0.8686944047553475,-1.1654516075130208,14.387648017345224,21.206110075572937,-1.9406680755729369
2018-09-12,18.18863,7.810433000763933,-1.0498678210880128,0.8764496870306017,-1.7263066097973532,14.387652461437574,20.298360718346743,-2.109730718346743
2018-09-13,20.969147,7.673715326528439,-1.2434091353294898,0.8832839984064274,-1.6885326275651735,14.387724389763337,20.01278195180354,0.9563650481964601
2018-09-14,20.824432,7.534908020841602,-1.4049761022939729,0.8891006316678436,-1.1151698206526166,14.387798490972964,20.29166122053582,0.5327707794641832
2018-09-15,19.899902,7.394063721852822,-1.5337653885113212,0.893897637237435,-0.2929174224211681,14.387880752401067,20.849159300558835,-0.9492573005588341
2018-09-16,22.75055,7.251255769229456,-1.6325031524956732,0.8976892474068376,0.41986797662627784,14.387987348516022,21.32429718928292,1.4262528107170809
2018-09-17,23.598755,7.106402673082549,-1.7059451535081191,0.9003901514288271,0.7703471501035676,14.388056784293148,21.459251605399974,2.139503394600027
2018-09-18,21.20517,6.959557457632676,-1.7574917004424444,0.9020047667209592,0.7235986260290684,14.388094589110565,21.215763739050825,-0.010593739050825945
2018-09-19,19.77655,6.81085098500449,-1.7882084491861472,0.9025883491466782,0.4455766767602546,14.388144957818051,20.758952519543328,-0.9824025195433279
2018-09-20,17.841583,6.6603331495563465,-1.7982158491975848,0.9021459986056932,0.17540533364537172,14.388211258418716,20.32787989102854,-2.486296891028541
2018-09-21,17.972595,6.508093105675773,-1.787734462151356,0.9007104122491238,0.07306454200586202,14.388316251817804,20.082449849597207,-2.109854849597209
2018-09-22,22.458221,6.354162567601933,-1.7586838028725993,0.8982726939493586,0.1298784151615074,14.388453808187595,20.012083682027797,2.4461373179722052
2018-09-23,21.344849,6.198472841051383,-1.714809467175068,0.8947594277575319,0.19422491501577147,14.388567267473716,19.961214984123334,1.383634015876666
2018-09-24,21.820465,6.041125297253364,-1.6585164889386619,0.8902156809099806,0.09306567185880318,14.388684744240264,19.75457490532375,2.0658900946762486
2018-09-25,19.354279,5.88215330316922,-1.5906217152595743,0.8846469573130755,-0.24462327417361976,14.388800001124821,19.32035527217392,0.03392372782607822
2018-09-26,17.21405,5.721636260534368,-1.5086464369380406,0.8780839935221165,-0.7269382991217087,14.388929861961412,18.753065379958148,-1.5390153799581476
2018-09-27,15.041138,5.559676352236423,-1.4077793679743575,0.8705687380384112,-1.1443922010303547,14.389102501126237,18.26717602239636,-3.2260380223963594
2018-09-28,18.767029,5.396411067855047,-1.282784786177605,0.8621642706178317,-1.2866568232864437,14.38936359946132,18.07849732847015,0.6885316715298515
2018-09-29,17.529663,5.231754343837526,-1.1319121951690898,0.8527894252632311,-1.0626776844962702,14.389646713744344,18.27960060317974,-0.7499376031797418
2018-09-30,21.37555,5.065784503108948,-0.9571228834081418,0.8424707575790883,-0.5422734472709563,14.389967550376605,18.798826480385543,2.5767235196144576
2018-10-01,21.75003,4.898430607252356,-0.7668470830516192,0.8311379026777832,0.08506573317787208,14.390266951803575,19.43805411185997,2.3119758881400294
2018-10-02,19.230774,4.729736089982991,-0.5733793035823445,0.8187963717808266,0.6225407238808407,14.39054271194477,19.988236594007084,-0.7574625940070838
2018-10-03,19.68103,4.559841400762092,-0.3904095195197132,0.8055153481482622,0.9668886443555754,14.390841027692211,20.332676901438425,-0.6516469014384256
2018-10-04,18.001526,4.388790836216927,-0.23113646738605786,0.7913019135084889,1.1395857344768614,14.391159849091087,20.47970186590731,-2.4781758659073105
2018-10-05,18.355103,4.216594746268486,-0.10507894859668422,0.7761442537998243,1.2426724458978444,14.391480039311187,20.521812536680656,-2.1667095366806564
2018-10-06,23.406952,4.043298763971512,-0.017589733862043058,0.7600571997221246,1.3650568093686737,14.391799936232308,20.542622975432575,2.864329024567425
2018-10-07,23.550598,3.8687507623654147,0.02897475440081202,0.7429266438333801,1.5060864740185869,14.392018749326741,20.538757383944933,3.0118406160550677
2018-10-08,18.37091,3.693029618932873,0.03594186810822428,0.7247917934278334,1.571719976992984,14.392151048927282,20.417634306389196,-2.046724306389198
2018-10-09,18.811035,3.5164143697625274,0.006726811331336804,0.7058278692920668,1.433157637687486,14.392311348778588,20.054438036852005,-1.2434030368520048
2018-10-10,20.139862,3.3388777162634127,-0.056481847863604315,0.6860108208264246,1.0095775597527425,14.392460706612262,19.37044495559124,0.7694170444087618
2018-10-11,20.231506,3.1604889787675097,-0.15109705977725368,0.6653751982842845,0.33728032609358743,14.392608507311424,18.40465595067955,1.8268500493204485
2018-10-12,17.394592,2.9813105293362034,-0.27256074369016714,0.6439522724725848,-0.42825237066014643,14.3927606240111,17.317210311469573,0.07738168853042637
2018-10-13,14.214508,2.801498575016444,-0.4127882022990234,0.6218367782527481,-1.0799211583429655,14.392969758457433,16.323595751084635,-2.109087751084635
2018-10-14,14.286377,2.621072632066234,-0.5608560914461035,0.5990363274160616,-1.4603078876061675,14.393220053660983,15.592165034091007,-1.305788034091007
2018-10-15,15.324768,2.4400327066178464,-0.7045914223837134,0.5755421844214093,-1.534595542909867,14.393485871831142,15.169873797576818,0.15489420242318275
2018-10-16,16.36319,2.258389957700244,-0.8324559576069464,0.5513500193716385,-1.3924580592038758,14.393747012790719,14.97857297305178,1.38461702694822
2018-10-17,15.699005,2.0760873791589516,-0.9358274749107649,0.5264111343367636,-1.1833352079475816,14.39394915836058,14.87728498899795,0.8217200110020499
2018-10-18,14.913544,1.8932354235568034,-1.0099203758518653,0.500789039552675,-1.0244945525657436,14.394121757676471,14.75373129236834,0.15981270763166044
2018-10-19,14.189331,1.709917315538798,-1.0544330581627055,0.4745325366016483,-0.9397763295157219,14.39428062443522,14.584521088897239,-0.3951900888972393
2018-10-20,14.047485,1.5262232465309333,-1.0723538448924077,0.4476982684263352,-0.8598148742157122,14.394445010375298,14.436197806224447,-0.38871280622444715
2018-10-21,14.328613,1.3422645545938905,-1.0679316765533415,0.42036013703739916,-0.6795593638133599,14.394644630759885,14.409778282024472,-0.08116528202447171
2018-10-22,14.378815,1.1580709112835952,-1.044653801206612,0.39253430385907645,-0.33519598985635063,14.394868409736928,14.565623833816638,-0.18680883381663804
2018-10-23,14.234558,0.9736720290419916,-1.0038533500296052,0.36423313416582986,0.14533596894248962,14.395105281063572,14.874493063184277,-0.6399350631842768
2018-10-24,15.861969,0.7891362612081579,-0.944919101221563,0.3354974465184623,0.6444803261368443,14.395363453769674,15.219558386411576,0.6424106135884244
2018-10-25,15.177155,0.6044162799566017,-0.8672101515734517,0.3062948441060134,1.0052094234430122,14.395593165067256,15.444303560999431,-0.26714856099943063
2018-10-26,15.416229,0.41955328120167296,-0.7706660341637004,0.27665163711328555,1.104563807850047,14.395788827760821,15.425891519762127,-0.009662519762127175
2018-10-27,16.806488,0.2346459259955832,-0.6570540152009742,0.24663485462784063,0.9039157593518828,14.395973671086605,15.124116195860937,1.6823718041390645
2018-10-28,13.165436,0.049715189086603696,-0.5299155623285233,0.21626283638279897,0.4567316052661493,14.396132120317873,14.588926188724901,-1.4234901887249016
2018-10-29,14.544983,-0.1351020438720048,-0.39224622748080984,0.1856261004191886,-0.12007032621139271,14.39630669575009,13.93451419860507,0.61046880139493
2018-10-30,14.201599,-0.3198336273494372,-0.24672110187067914,0.15470631882992036,-0.6973649412387817,14.396457476795879,13.287244125166902,0.9143548748330979
2018-10-31,11.845703,-0.5044155312814056,-0.09338661645438034,0.1235481136246093,-1.1628903230438308,14.396590487377278,12.75944613022227,-0.9137431302222705
2018-11-01,11.565735,-0.6887375008158483,0.06991991460870356,0.09223318597868901,-1.4300701959569042,14.396734707477782,12.44008011129242,-0.8743451112924205
2018-11-02,11.749176,-0.8727140683995506,0.2451222843677519,0.06082568893894964,-1.435205764594521,14.39690679833074,12.39493493864337,-0.64575893864337
2018-11-03,12.298431,-1.0563003451523874,0.431710627691498,0.029358828196610297,-1.1370813886506872,14.397103295769645,12.664791017854679,-0.366360017854678
2018-11-04,14.330902,-1.2394124706215623,0.6249986420292895,-0.0021155741006357626,-0.5349859317566462,14.39734059051844,13.245825256068883,1.0850767439311166
2018-11-05,15.615387,-1.422139885117514,0.8153361465495016,-0.03365733518322963,0.300168287972744,14.397548398916092,14.057255613137594,1.5581313868624065
2018-11-06,15.5260315,-1.6045049779518523,0.9903311249134101,-0.06527821343713962,1.2085626284228714,14.397689891484335,14.926800453431625,0.5992310465683754
2018-11-07,14.0920105,-1.7864189367348198,1.137932315528181,-0.09691456741455104,1.9604440002254357,14.397783850941062,15.612826662545308,-1.520816162545307
2018-11-08,14.526245,-1.9677411488092886,1.249521970821026,-0.1284682943238455,2.3219240127071794,14.397875064272265,15.873111604667336,-1.346866604667337
2018-11-09,15.539856,-2.1484663679560168,1.3213135248410264,-0.15993117592112127,2.1468189876647346,14.397940626695302,15.557675595323925,-0.01781959532392463
2018-11-10,15.255798,-2.3286396484289913,1.3552139316575538,-0.19132840145184513,1.4568561147637198,14.397932588815936,14.690034585356372,0.5657634146436283
2018-11-11,13.344971,-2.50815099080593,1.358016152184052,-0.22258119864273407,0.4601785937048967,14.397880692148203,13.485343248588487,-0.14037224858848774
2018-11-12,14.012207,-2.686915605139977,1.3383864202082627,-0.25362667197868016,-0.5167072964119763,14.397802165567368,12.278939012244997,1.7332679877550028
2018-11-13,12.586792,-2.8649153754222176,1.3035027266135975,-0.2844443681291766,-1.1607736261154378,14.39768096542553,11.391050322372296,1.195741677627705
2018-11-14,9.338135,-3.0420400878993235,1.2584146307407869,-0.31495458921290986,-1.3043891729528914,14.397547377963244,10.994578158638905,-1.656443158638906
2018-11-15,9.646576,-3.2181152151670878,1.205901560078747,-0.3450355847451726,-0.9995183715141057,14.397463866118168,11.040696254770548,-1.3941202547705487
2018-11-16,10.688385,-3.3932016701391907,1.1464285771450404,-0.3747235105413199,-0.49397427592881243,14.397375215636574,11.28190433617229,-0.5935193361722906
2018-11-17,12.366547,-3.567280054362419,1.0810226019070142,-0.40400472322211,-0.10719430865527947,14.397266536023546,11.399810051690752,0.966736948309249
2018-11-18,11.165375,-3.740341153310318,1.0128453708016192,-0.43286873462768505,-0.07169834911253661,14.397117963476406,11.165055097227485,0.0003199027725138137
2018-11-19,11.819092,-3.912236955442715,0.94812419389565,-0.4612123073739375,-0.41810588060127285,14.39697922916753,10.553548279645254,1.2655437203547457
2018-11-20,8.483429,-4.083026138010798,0.8937218339598445,-0.4890651948994308,-0.969083469547438,14.3967968314572,9.749343862959378,-1.265914862959379
2018-11-21,10.841156,-4.252645574505036,0.8563557394305631,-0.5163788004033739,-1.4354024968961385,14.396578346711632,9.048507214337647,1.7926487856623528
2018-11-22,9.443298,-4.421101595134676,0.8392209123290245,-0.5431515126222124,-1.5748770279804976,14.396296808311465,8.696387584903103,0.746910415096897
2018-11-23,7.6544495,-4.588258543920244,0.8429474089339103,-0.5692893583864365,-1.3137384414776592,14.395996497887424,8.767657563036995,-1.1132080630369945
2018-11-24,6.205353,-4.75396160556656,0.8655181091027389,-0.5946837371222863,-0.7798433319272332,14.395731358570771,9.13276079305743,-2.927407793057431
2018-11-25,8.357208,-4.918095587020021,0.903453917378795,-0.6192493475155341,-0.2239524694509439,14.39553575287946,9.537692266271758,-1.1804842662717583
2018-11-26,10.893494,-5.080696893450643,0.9526287288427735,-0.6430018874848109,0.12538676776762517,14.395368458516982,9.749685174191928,1.1438088258080725
2018-11-27,11.410156,-5.241852883450181,1.0096525851018343,-0.6659994392926405,0.19716178247859464,14.395163018679101,9.694125063516708,1.7160309364832926
2018-11-28,12.388367,-5.40152857935134,1.0721794337024033,-0.6882219076020384,0.12378090454753846,14.394914319602503,9.501124170899065,2.887242829100936
2018-11-29,9.484924,-5.559770458776111,1.1371111477295925,-0.709701032487426,0.16634154302188658,14.394576817357546,9.42855801684549,0.056365983154510246
2018-11-30,8.545807,-5.716414656890511,1.2001734170374079,-0.7303380957878547,0.5624761900701307,14.394210577924719,9.71010743235389,-1.1643004323538904
2018-12-01,9.22052,-5.87141998901173,1.2538209181633229,-0.7501123973988784,1.370135473525291,14.393814227086697,10.396238232364704,-1.1757182323647033
2018-12-02,8.388184,-6.0247359281967725,1.28823937047158,-0.7689921194330394,2.403769984211126,14.393391212807588,11.291672519860482,-2.903488519860481
2018-12-03,11.221832,-6.1762762568867,1.2939721820171413,-0.7869197437190365,3.2992675995950473,14.392963054854343,12.023006835860794,-0.8011748358607953
2018-12-04,16.043945,-6.3261194615412375,1.2636991485993694,-0.8039504860136315,3.673416076811473,14.392469281199261,12.199514559055235,3.844430440944766
2018-12-05,12.121979,-6.474354796434515,1.1950085588889745,-0.8201513166530354,3.304563120395035,14.391844280956139,11.596909847152599,0.5250691528474007
2018-12-06,9.659851,-6.620856721597427,1.0930799123314812,-0.8354445646789347,2.2430628804339188,14.39113008392073,10.270971590409768,-0.6111205904097687
2018-12-07,10.685211,-6.765557714556266,0.967540811811601,-0.8497845374740627,0.7830510667272004,14.390339721622606,8.525589348131078,2.159621651868923
2018-12-08,5.257965,-6.908461850548814,0.8294222507101924,-0.863174434906509,-0.6719009772176574,14.3894506626551,6.775335650692313,-1.5173706506923121
2018-12-09,3.6620178,-7.049350938498514,0.6901127045232358,-0.8754711416802891,-1.7748638901117544,14.388551808788469,5.378978543021148,-1.716960743021148
2018-12-10,3.5141296,-7.188131421062296,0.55724552827876,-0.8866136109017445,-2.3668633675506157,14.387670119902848,4.503307248666951,-0.9891776486669515
2018-12-11,4.2842407,-7.324666712256509,0.43456634152567625,-0.896515917227269,-2.4995708607305755,14.386854397633956,4.100667248945278,0.18357345105472156
2018-12-12,6.2051697,-7.458925752656359,0.3227270871869793,-0.9051633264398027,-2.3577155201178828,14.386100915209392,3.9870234031823255,2.2181462968176744
2018-12-13,4.232666,-7.591002998907239,0.22095043023281605,-0.9126246072607271,-2.1333991092110836,14.385343440208715,3.9692671550624805,0.2633988449375195
2018-12-14,3.5758362,-7.720877458717654,0.12960601191067753,-0.9188987894645456,-1.9210794698799794,14.384574077164247,3.953324371012746,-0.37748817101274623
2018-12-15,2.2887573,-7.848449737089592,0.04974886823969099,-0.9239345687967953,-1.6919851249212159,14.383824453413686,3.9692038908457743,-1.6804465908457744
2018-12-16,4.6618347,-7.973666836374921,-0.017746776981700754,-0.9277116952831415,-1.3425382599504945,14.383103250164258,4.1214396815739995,0.5403950184260005
2018-12-17,5.729248,-8.096510796289508,-0.0742357529425281,-0.9302375462686083,-0.7826920504276664,14.382401882153811,4.4987257362255,1.2305222637744997
2018-12-18,4.4801025,-8.217010700309583,-0.12376796162960386,-0.9315506739212194,-0.005240168201656556,14.38168858292103,5.104119078858968,-0.624016578858968
2018-12-19,5.881195,-8.335067557014842,-0.17264722855016817,-0.9316042358031642,0.8943857495707878,14.380996151982997,5.83606288018561,0.04513211981439014
2018-12-20,6.272278,-8.450694868042394,-0.22914627066843282,-0.930427727663927,1.7477980915230142,14.380301452225583,6.517830677373842,-0.24555267737384234
2018-12-21,6.83902,-8.563895507068965,-0.3003996720554987,-0.9280469996311972,2.3773345489255977,14.37958703737432,6.964579407544257,-0.12555940754425698
2018-12-22,8.079285,-8.674687541246852,-0.39001467621542923,-0.9244971460056959,2.65285519991843,14.378828090891332,7.042483927341785,1.036801072658215
2018-12-23,7.280884,-8.783064552642323,-0.49635733203821886,-0.9197973842103959,2.5226323212378543,14.378012258393664,6.70142531074058,0.57945868925942
2018-12-24,4.3318787,-8.88895639454314,-0.6119409730500389,-0.9139232717361118,2.0176853727369672,14.377159379820549,5.980024113228225,-1.6481454132282254
2018-12-25,3.1510315,-8.99219276816669,-0.7251020245028775,-0.9067856073883473,1.237509841557792,14.376339785301225,4.989769226801101,-1.8387377268011011
2018-12-26,5.943115,-9.09275786876632,-0.8239778063169887,-0.8983998387432373,0.32889321014628103,14.375546956406591,3.8893046527263255,2.053810347273674
2018-12-27,4.2375183,-9.190687687516863,-0.8995495199344715,-0.8888158659936658,-0.5332223086312596,14.374748942422748,2.862473560346489,1.3750447396535108
2018-12-28,0.98165894,-9.2859814924206,-0.9463308518287605,-0.8780564492709761,-1.1693723132621061,14.373932537664606,2.094191430882164,-1.112532490882164
2018-12-29,1.2787476,-9.378531300043104,-0.963317307854697,-0.866075222913946,-1.4413738184519262,14.373138582065788,1.7238409328021156,-0.4450933328021156
2018-12-30,1.5549927,-9.468291572852959,-0.954201844312111,-0.8528706367660095,-1.306772301855426,14.372377076938434,1.7902407211519282,-0.23524802115192833
2018-12-31,3.0329895,-9.555203027379598,-0.9249838036853198,-0.8384362373840191,-0.848673094954197,14.37166531582061,2.2043691524174758,0.828620347582524
2019-01-01,2.910736,-9.639305582887427,-0.8823002400850204,-0.822830342992412,-0.261887730111206,14.370971179054582,2.7646472829785136,0.1460887170214864
2019-01-02,3.3699036,-9.721657617793747,-0.8330649053751086,-0.8060765882107226,0.2193968027633248,14.370654468852253,3.2292521602359994,0.14065143976400085
2019-01-03,1.8132629,-9.801152549361621,-0.7785169392358305,-0.7881661117184127,0.4093698737294284,14.370329770140438,3.4118640435540026,-1.5986011435540026
2019-01-04,2.9924316,-9.877763384777413,-0.7205754462525598,-0.7691549839324894,0.25774108513781513,14.37000235106819,3.26024962124354,-0.2678180212435399
2019-01-05,5.1469727,-9.951488878692292,-0.6613149459307625,-0.7490921668119712,-0.12781151495974657,14.369662950550842,2.879955444156069,2.267017255843931
2019-01-06,1.3107605,-10.022348494065081,-0.6032306832783222,-0.7280382559941163,-0.5347147525011674,14.369291753724669,2.4809595678859804,-1.1701990678859804
2019-01-07,2.7814941,-10.090243046896845,-0.5481359479976878,-0.7059766840819788,-0.7521848711455695,14.36892978266434,2.2723892325422597,0.5091048674577405
2019-01-08,3.3833313,-10.155156041230283,-0.4975326128418853,-0.6829422878362508,-0.6833326513722703,14.368576022185984,2.349612428905294,1.033718871094706
2019-01-09,1.2289124,-10.217041665860933,-0.45090198465559095,-0.6589454384580529,-0.39052308296427607,14.368244458638465,2.650832286699613,-1.4219198866996128
2019-01-10,2.112793,-10.275860189065565,-0.4050862534586171,-0.6340050766732077,-0.05290850569626307,14.367946812185028,3.000086787291375,-0.8872937872913749
2019-01-11,4.107544,-10.331641160000524,-0.35534614256933245,-0.6081878437521184,0.1405534471458349,14.367660128378372,3.213038429202232,0.8945055707977678
2019-01-12,3.3337402,-10.384436570633785,-0.2966462877271549,-0.5815734409599151,0.10484256599310852,14.367350376682358,3.209536643354612,0.12420355664538762
2019-01-13,2.8290405,-10.43423908459846,-0.22543921269567985,-0.5542016435881973,-0.09122170082083964,14.367014493392437,3.061912851689261,-0.2328723516892608
2019-01-14,2.1411438,-10.481022420843281,-0.14205235781446313,-0.5260991982386461,-0.2723735429311436,14.366659182030673,2.9451116622031392,-0.8039678622031392
2019-01-15,4.360504,-10.524750202051141,-0.05161218611933538,-0.4972816411052364,-0.27199256767393115,14.366296572873472,3.0206599759238273,1.3398440240761724
2019-01-16,3.912323,-10.565415806456048,0.03651954269017686,-0.46778699163263365,-0.046072131286899326,14.365923653258465,3.3231682665730595,0.5891547334269407
2019-01-17,3.7575684,-10.60297891665302,0.11181194345171018,-0.4376338151544521,0.28862616940424485,14.365555218610488,3.725380599658971,0.03218780034102897
2019-01-18,2.1296997,-10.63740215089739,0.16530595981163504,-0.406845390832289,0.51536192470997,14.365205104366916,4.00162544715884,-1.8719257471588402
2019-01-19,3.6856995,-10.668644239943548,0.19221255398594272,-0.3754438341697025,0.448360448828674,14.364889791836141,3.961374720537508,-0.2756752205375079
2019-01-20,4.9676514,-10.69675364775803,0.19228314028126733,-0.34351184679779645,0.05293329802418438,14.364580782805694,3.5695317265553204,1.39811967344468
2019-01-21,2.2159119,-10.721768581362227,0.16945249173140167,-0.3111261847379882,-0.5163668931303007,14.364255302725613,2.9844461352265004,-0.7685342352265003
2019-01-22,2.3853455,-10.743623648110054,0.13019948326731032,-0.2782956496733413,-0.9911782121739509,14.363943861682223,2.4810458349921873,-0.09570033499218722
2019-01-23,4.1363525,-10.762384852013078,0.08005816119430605,-0.24511227661233193,-1.143563885356003,14.363610819972763,2.2926079671856563,1.8437445328143438
2019-01-24,2.485321,-10.778091997351332,0.022541964503528026,-0.21164812241461534,-0.9223117983423322,14.363233699796472,2.4737237461917214,0.011597253808278474
2019-01-25,2.40625,-10.790783409492153,-0.04016845362650095,-0.1779760838120621,-0.4896605088557816,14.362792221002348,2.8642037652158496,-0.45795376521584963
2019-01-26,1.7015991,-10.800446174159458,-0.10610038875171292,-0.14412821369766857,-0.13298181988683797,14.362291696708215,3.1786351002125386,-1.4770360002125387
2019-01-27,2.0437012,-10.80706532170267,-0.17167723615277863,-0.11013180524768686,-0.09289767118924436,14.36173876286124,3.1799667285688624,-1.1362655285688623
2019-01-28,4.482422,-10.81062158118625,-0.23104709479484353,-0.07601859819911136,-0.4074808529025908,14.361142584248718,2.8359744571659213,1.6464475428340783
2019-01-29,2.2829895,-10.811130375011643,-0.2771073096633242,-0.04184267659987162,-0.8652630046916364,14.360495042750836,2.365151676784361,-0.08216217678436122
2019-01-30,3.1471558,-10.808508105752736,-0.30320295522644963,-0.007594465968642331,-1.101270142007558,14.359839225911276,2.139263556955891,1.0078922430441093
2019-01-31,3.9579773,-10.802797998053904,-0.30723417974011447,0.026651320571483835,-0.7977417947308657,14.35915474647886,2.4780320945254584,1.4799452054745417
2019-02-01,0.40072632,-10.79398379533881,-0.29316052658883146,0.060855676538207046,0.12545953054447836,14.358451093982225,3.4576219791372687,-3.0568956591372687
2019-02-02,4.2093506,-10.782012850947162,-0.2704276921349299,0.09501051791692156,1.4332990716648082,14.357757145124562,4.833626191624202,-0.624275591624202
2019-02-03,7.4307556,-10.76699437019636,-0.25250995676697224,0.1289967361510376,2.65539394240625,14.357019736444848,6.121906088038802,1.3088495119611983
2019-02-04,8.338898,-10.748945165077638,-0.25125096783367795,0.16275747661055154,3.2979935640333955,14.35623259234889,6.816787500081521,1.5221104999184796
2019-02-05,4.4964294,-10.727918425324537,-0.2724718532730385,0.1962152834063991,3.0727293701470026,14.355372257780921,6.6239266327367465,-2.1274972327367463
2019-02-06,3.9638977,-10.70386056175086,-0.3132500951712835,0.22936997062289766,2.028509855795981,14.35447016622544,5.595239335722175,-1.6313416357221748
2019-02-07,8.293152,-10.676783574619467,-0.363687851139646,0.2621814386443191,0.5186809368998093,14.353524320839101,4.093915270624116,4.199236729375883
2019-02-08,2.163971,-10.646757447657244,-0.41040058881353675,0.2945714150409228,-0.9685580788340915,14.35250315083127,2.6213584505673193,-0.4573874505673192
2019-02-09,-0.07284546,-10.613686746509202,-0.43946786139674987,0.32658345200739847,-2.0239545324287853,14.351460437403142,1.6009347490758028,-1.6737802090758027
2019-02-10,1.1350708,-10.57751336293201,-0.44216884398933987,0.35822926226447527,-2.480809959834256,14.350431134679873,1.2081682301887433,-0.07309743018874326
2019-02-11,0.75213623,-10.538194200396795,-0.4168943467497434,0.3895022258278045,-2.439457183300356,14.349442653886312,1.3443991492672236,-0.5922629192672236
2019-02-12,3.13266,-10.495759298178728,-0.36767958636178943,0.4203480042301853,-2.1553003673922375,14.348486096938123,1.750094849235552,1.382565150764448
2019-02-13,3.111023,-10.450337531364845,-0.3013227886244317,0.4506467677842595,-1.8675621624778562,14.3475028376838,2.1789271230009266,0.9320958769990733
2019-02-14,1.5204163,-10.401927790122285,-0.22318168280510306,0.48037999270944187,-1.663317283902269,14.346500063339166,2.538453299218949,-1.0180369992189489
2019-02-15,1.9537964,-10.350467249318712,-0.13566420641726104,0.5095648833907043,-1.4532683443819472,14.345516891796468,2.915681975069253,-0.961885575069253
2019-02-16,4.3927,-10.295950333962722,-0.03943170812783045,0.5381728050242635,-1.0607466811452522,14.344564220414584,3.4866083022030434,0.9060916977969562
2019-02-17,2.8876648,-10.2384842581944,0.06414399745776196,0.5661049464141078,-0.36216188557012846,14.343596309512728,4.373199109620069,-1.485534309620069
2019-02-18,5.956299,-10.178078016456709,0.17128979543351472,0.5933261629544335,0.605311201306241,14.342617889244881,5.534467032482361,0.4218319675176385
2019-02-19,7.5368347,-10.114820185932457,0.27359120971698175,0.6197490748980777,1.6244614148387773,14.341593704030698,6.744575217552077,0.792259482447923
2019-02-20,9.745789,-10.048730178400618,0.360056192243934,0.6453296499483054,2.388000627530016,14.340523613492437,7.685179904814074,2.060609095185926
2019-02-21,7.0390625,-9.97985516302893,0.42036316839303073,0.6700113135402386,2.6428490024738363,14.339393649264485,8.09276197064266,-1.0536994706426608
2019-02-22,6.7645264,-9.908184532300455,0.4497149276976296,0.6937847587674147,2.3172139058499064,14.338220056256944,7.890749116271438,-1.126222716271438
2019-02-23,4.907501,-9.833777033819231,0.45087850822585507,0.7165924331107931,1.5593831545815802,14.336984349428008,7.230061411527005,-2.3225604115270055
2019-02-24,7.1781616,-9.756603840003464,0.4346069514249528,0.7384472487474758,0.676208130608063,14.33571266509514,6.42837115587217,0.7497904441278305
2019-02-25,8.896301,-9.676668421141986,0.4155162383720477,0.7593421324124348,-0.003722358686709634,14.334414353406318,5.828881944362104,3.0674190556378953
2019-02-26,5.117218,-9.594061144061499,0.40728578871276955,0.7792078738310381,-0.2693507498596682,14.33305568226823,5.656137450890869,-0.5389194508908686
2019-02-27,5.756134,-9.508734330595736,0.41875286859293415,0.7980730676621319,-0.10699932248554153,14.331673733469087,5.932766016642875,-0.1766320166428743
2019-02-28,6.974945,-9.420725784702658,0.4502563115042522,0.8159079338414569,0.30658244905998977,14.330262254706968,6.48228316441001,0.4926618355899901
2019-03-01,5.7841187,-9.330018379528985,0.4951850232023478,0.8327217502439157,0.7002477860211606,14.328842686726837,7.026978866665276,-1.2428601666652765
2019-03-02,7.5010986,-9.23659672390843,0.5439921097396148,0.8485265562019462,0.8419671042673147,14.327436243086142,7.325325289386587,0.17577331061341273
2019-03-03,5.9307556,-9.14057601411811,0.5882729488969419,0.8632458572809816,0.6461794799933552,14.325998531903885,7.283120803957052,-1.352365203957052
2019-03-04,6.352844,-9.041921839437377,0.625133754830354,0.8769091313041966,0.21309956424119814,14.324561334544615,6.997781945482988,-0.6449379454829876
2019-03-05,8.5336,-8.940593563930191,0.6566984477674235,0.8895444765089094,-0.22557034618759125,14.323159486174644,6.703238500333195,1.8303614996668047
2019-03-06,9.833984,-8.836645097586864,0.6872707681744207,0.9011061123933128,-0.4238035861866025,14.321780658657215,6.649708855451481,3.1842751445485185
2019-03-07,5.4816895,-8.730270998461469,0.7195162752455215,0.9114655039794216,-0.24868310782345612,14.320342808416859,6.972370481356877,-1.4906809813568769
2019-03-08,4.618164,-8.621451176339047,0.7523441489155538,0.9206457606085634,0.24107953226863532,14.318872979390262,7.611491244843967,-2.993327244843967
2019-03-09,8.221832,-8.51013275996581,0.7789565774560778,0.9286895695806919,0.7982150941800679,14.317414323064263,8.31314280431529,-0.0913108043152917
2019-03-10,10.380096,-8.39639527781971,0.7890118158429336,0.935553440720255,1.0876963695507078,14.315942920874544,8.73180926916873,1.6482867308312699
2019-03-11,7.8660583,-8.280360495064324,0.7740658068991281,0.9411715216227243,0.8469375244517242,14.314414154238538,8.59622851214779,-0.7301702121477911
2019-03-12,8.160858,-8.161999299211379,0.7326661724701311,0.945587376660524,0.030828295767532553,14.312860024577745,7.859942570264553,0.30091542973544616
2019-03-13,7.152649,-8.041343236231354,0.671014206546915,0.9488075909630314,-1.1344209751345409,14.311282017463766,6.755339603607817,0.397309396392183
2019-03-14,5.7010193,-7.91836587923376,0.6014516385614027,0.9508766222204057,-2.2167690742183948,14.309711276242222,5.726904583571876,-0.025885283571876805
2019-03-15,6.5118713,-7.793021944839757,0.5371257178550025,0.9518473954005522,-2.7517382696245343,14.308188720703034,5.252401619494298,1.2594696805057017
2019-03-16,5.6851807,-7.665328276404325,0.48568704434380944,0.9517332680118915,-2.4507989876411944,14.306724165728621,5.6280172140388025,0.05716348596119758
2019-03-17,4.951233,-7.5354170894715855,0.44570072857378895,0.9504802941027929,-1.3459561320867695,14.305270212797192,6.820078013915419,-1.8688450139154185
2019-03-18,7.1970825,-7.403348054337586,0.406807232090173,0.9480921865953957,0.20000718652298644,14.303815741374244,8.455374292245214,-1.2582917922452141
2019-03-19,9.703918,-7.269126550752462,0.3534082789736194,0.9445942810029788,1.6325878086519168,14.302376843117266,9.963840660993318,-0.2599226609933183
2019-03-20,12.242798,-7.132802131789669,0.27095171320254524,0.9399741084419988,2.441795193270614,14.300947646529412,10.820866529654902,1.4219314703450987
2019-03-21,14.100311,-6.9945953249800805,0.15147573273512022,0.9341091655503378,2.3863950293705503,14.299437254962527,10.776821857638454,3.323489142361545
2019-03-22,11.766174,-6.8546411212936995,-0.0032686114624957893,0.926944246530572,1.6001871323761385,14.297798111119791,9.967019757270306,1.7991542427296938
2019-03-23,3.3591003,-6.712825497269407,-0.18266380498704637,0.9185985319315642,0.5236498421746117,14.296108509160355,8.842867581010077,-5.483767281010078
2019-03-24,6.1512756,-6.569009824388722,-0.3722662120029624,0.9092153928899503,-0.3142767064940595,14.294460559525687,7.948123209529894,-1.7968476095298938
2019-03-25,8.3237915,-6.423309218360984,-0.5614824279589793,0.8987590896376445,-0.5622116992615521,14.292816918723007,7.644572662779136,0.6792188372208647
2019-03-26,8.196686,-6.275771270936682,-0.7451103543113683,0.8872334830660984,-0.21128413974848625,14.291174706568906,7.946242424638468,0.2504435753615315
2019-03-27,12.2387085,-6.126391641433019,-0.9227776792702289,0.8746762225769773,0.41268671359355885,14.289557850526077,8.527751465993365,3.7109570340066345
2019-03-28,8.953827,-5.9752922362887695,-1.0964597507407607,0.8610518947798869,0.8276575589747254,14.287926097099199,8.904883563824281,0.04894343617571906
2019-03-29,5.87204,-5.822418290934752,-1.2642379608031564,0.8464533881562155,0.6645287659250565,14.286329568065227,8.71065547040859,-2.8386154704085893
2019-03-30,8.833435,-5.667730551120455,-1.4184647880486685,0.8309571577047475,-0.12437982216200905,14.284810738749462,7.9051927351230775,0.9282422648769222
2019-03-31,7.684265,-5.511440444625784,-1.5471838997993286,0.8144701352282764,-1.2216287752746742,14.28328576136296,6.81750277689145,0.8667622231085499
2019-04-01,5.635193,-5.3535550897658,-1.6360550754382395,0.7970389547836669,-2.087818528697738,14.281774436845058,6.001384697726948,-0.36619169772694793
2019-04-02,4.835602,-5.194009257313401,-1.6745531963123377,0.7787652726203069,-2.238189144448562,14.280333223132319,5.952346897678325,-1.1167448976783252
2019-04-03,5.5664062,-5.032804062717713,-1.661179145357267,0.7597015161426377,-1.5077770292752963,14.278985281060896,6.836926559853257,-1.2705203598532568
2019-04-04,8.379456,-4.869993163402262,-1.6047065414461141,0.7398699172944592,-0.16459148582886976,14.27772700451792,8.378305731135134,0.0011502688648654669
2019-04-05,12.19754,-4.705643090978384,-1.5210309209903028,0.7192811233179119,1.1932355661669631,14.276548015349496,9.962390692865684,2.235149307134316
2019-04-06,11.5512085,-4.540011999808653,-1.4269571594229566,0.6978113674654153,1.913259441586505,14.275341993410182,10.919443643230492,0.6317648567695073
2019-04-07,12.703949,-4.3729962593883345,-1.3321567953357463,0.6755884762024678,1.6065328351974024,14.274185232767916,10.851153489443707,1.8527955105562928
2019-04-08,7.189087,-4.204782780039824,-1.236983589987879,0.652553658537421,0.34036828165699584,14.273008396501337,9.824163966668053,-2.635076966668053
2019-04-09,9.049042,-4.0353502717885075,-1.1314622405742962,0.6287885270125824,-1.3800076459298822,14.271848334581856,8.353816703301753,0.6952252966982471
2019-04-10,4.264038,-3.864757810684448,-1.0022282097717912,0.6043145788277269,-2.8499839626925008,14.270699963000771,7.158044558679758,-2.8940065586797576
2019-04-11,8.431824,-3.6929525194524007,-0.837622125661734,0.5792317805511973,-3.4883281988635115,14.269616336301304,6.8299452728748555,1.6018787271251451
2019-04-12,6.3820496,-3.5199777101501466,-0.635478959561161,0.5535743926129519,-3.103407923834026,14.268600154683929,7.563309953751547,-1.1812603537515471
2019-04-13,9.649292,-3.3458442618776325,-0.4033215536712319,0.527386263687909,-1.953010013185945,14.267671800006987,9.092882234960086,0.5564097650399145
2019-04-14,12.691986,-3.17073887488332,-0.15740609056172983,0.5005953252369255,-0.592015069285615,14.26676271036681,10.847198000873071,1.844787999126929
2019-04-15,11.836517,-2.994738352409023,0.08370962760459533,0.4732077539806211,0.4225195983748752,14.265859664239699,12.250558291790767,-0.41404129179076676
2019-04-16,12.293762,-2.817851793834761,0.3051204679062681,0.4452834302297477,0.8067880514490166,14.264984200198287,13.004324355948558,-0.710562355948559
2019-04-17,12.827301,-2.6402028414261682,0.4981659313903661,0.4168016641204478,0.6640797836864065,14.264100618136615,13.202945155907667,-0.37564415590766664
2019-04-18,14.297089,-2.4618850647941386,0.66065478481039,0.3877570236513906,0.3892635228675599,14.263188410176182,13.238978676711383,1.0581103232886164
2019-04-19,15.19516,-2.282974678927876,0.7936169556185405,0.35816990476303134,0.41706216796630813,14.262235465218321,13.548109814638325,1.6470501853616746
2019-04-20,11.881622,-2.1034819091495933,0.8973935707125282,0.32809997144411873,0.9543593357395997,14.26126259565759,14.337633564404243,-2.4560115644042426
2019-04-21,14.716858,-1.9233393477695169,0.9692485678758522,0.29766886382805924,1.8423409233024264,14.260330439572364,15.446249446809185,-0.7293914468091849
2019-04-22,16.531738,-1.7426421174565847,1.0021471429676585,0.26687294976131615,2.6209599486169384,14.259417172691416,16.406755096580746,0.12498290341925511
2019-04-23,16.095917,-1.56144918118967,0.9892622016416158,0.2357331194140831,2.77700656017347,14.258519517960648,16.699072218000147,-0.6031552180001469
2019-04-24,17.047058,-1.3798849938778426,0.9286346036728991,0.20423181190691914,2.035613712662616,14.257601914722906,16.0461970490875,1.0008609509125002
2019-04-25,19.138397,-1.1979984637301948,0.8263222920486725,0.17241131937829923,0.5393832710947003,14.256666025988999,14.596784444780475,4.541612555219526
2019-04-26,10.934723,-1.0158633804204489,0.6964627678391985,0.14029041217070642,-1.1830792865157416,14.255701271762534,12.89351178483625,-1.9587887848362495
2019-04-27,8.064148,-0.8333701881479247,0.5592516908687779,0.10802538508761644,-2.4470847711034254,14.254791532806154,11.641613649511198,-3.5774656495111987
2019-04-28,11.628204,-0.6505288488212955,0.43261660607092706,0.07568710371309886,-2.742186582278735,14.253959439997548,11.369547718681543,0.25865628131845675
2019-04-29,13.401245,-0.4674386188959516,0.3265665069122055,0.04328386803610042,-1.9792996995011556,14.253181032212142,12.176293088763341,1.2249519112366585
2019-04-30,13.622864,-0.28417382915866063,0.24194521062247096,0.010838843886834256,-0.5308030080474847,14.252445729713454,13.690252947016614,-0.0673889470166138
2019-05-01,16.197021,-0.10078609050392329,0.17199354350798118,-0.02161275368740207,0.9487794745663903,14.251754571834262,15.250128745717308,0.946892254282691
2019-05-02,14.75119,0.08264407834812504,0.10670056764601238,-0.05406914620068663,1.8318371713935457,14.251093620700761,16.218206291887757,-1.4670162918877576
2019-05-03,16.2583,0.2660820441979328,0.03940361133101544,-0.0864856745478676,1.806629551752395,14.250473158690385,16.27610269142386,-0.01780269142386004
2019-05-04,14.532349,0.44943580212396417,-0.030247588721431306,-0.11885937957053991,0.9973109886424,14.249873782761997,15.54751360523639,-1.0151646052363894
2019-05-05,16.593231,0.6325740276988704,-0.09501573566190774,-0.15121207973194778,-0.12593063159982593,14.249257234008256,14.509672814713445,2.083558185286554
2019-05-06,15.395996,0.8154505944967745,-0.1437634674166962,-0.18350209045150456,-0.9992482868352107,14.248626899168721,13.737563648962084,1.6584323510379164
2019-05-07,10.65213,0.9981228081497784,-0.16567299372275926,-0.21563531421566,-1.2380142823130174,14.24803944403525,13.626839661933591,-2.9747096619335913
2019-05-08,14.597107,1.1805509340460465,-0.1554021116145609,-0.24758460660589493,-0.8021779727357069,14.247503589605424,14.222889832695309,0.3742171673046908
2019-05-09,15.086578,1.3625040316769548,-0.11679280440057327,-0.2794382243443131,0.01760843984113021,14.246929702670302,15.2308111454435,-0.14423314544350063
2019-05-10,17.708588,1.5438834259171232,-0.05905539885082583,-0.31119997809537114,0.7843794017272204,14.246295424121923,16.20430287482007,1.5042851251799298
2019-05-11,17.619476,1.7245778511540837,0.00695883724787998,-0.3428800079046873,1.1450236583876305,14.245571392991446,16.779251731876354,0.8402242681236451
2019-05-12,15.49176,1.9046303939230822,0.0747164523264033,-0.37438667975222767,0.9944176504367601,14.24480606914703,16.844183886081048,-1.3524238860810485
2019-05-13,16.075989,2.0840843645326292,0.1447446493114965,-0.40562078861287687,0.48947807065133864,14.244048272756672,16.556734568639257,-0.4807455686392572
2019-05-14,16.002502,2.262871326477447,0.22347689972424545,-0.43654981795057834,-0.07606540741235839,14.243289646392501,16.217022647231257,-0.2145206472312573
2019-05-15,15.594818,2.440968436764934,0.3205856679063611,-0.4671181106155402,-0.44717540021163515,14.242544960095014,16.089805553939133,-0.49498755393913285
2019-05-16,16.738739,2.6183799256614395,0.44403991366650364,-0.49724523276894267,-0.5363064856318175,14.241842304161828,16.27071042508901,0.4680285749109885
2019-05-17,17.259796,2.7950643111890847,0.5954612241803737,-0.5268895659009691,-0.4400836059437855,14.241186486187559,16.66473884971226,0.5950571502877402
2019-05-18,17.4346,2.9709868869615295,0.768603361878634,-0.5560131716840971,-0.34468496984825087,14.240586019340906,17.07947812664872,0.35512187335127976
2019-05-19,16.882385,3.146095373523456,0.9505348297844823,-0.5845910370151739,-0.3873094966097769,14.240040551327724,17.364770221010712,-0.4823852210107127
2019-05-20,18.205475,3.3202180810341404,1.125255832934509,-0.6126704177960374,-0.5579278718541618,14.239490010488007,17.51436563480646,0.6911093651935403
2019-05-21,17.653961,3.493216117940574,1.2781642044318613,-0.6402756612524048,-0.6989345938924036,14.23889002203915,17.671060089266778,-0.017099089266778833
2019-05-22,16.474915,3.665130008338169,1.4001190841657853,-0.6673235356018845,-0.5992346263628918,14.238286486408558,18.036977416947735,-1.562062416947736
2019-05-23,18.049591,3.8359483766054385,1.487613255782252,-0.6937542877523744,-0.1325061254040083,14.237699115237268,18.735000334468577,-0.6854093344685772
2019-05-24,19.61847,4.005546123786392,1.5406701219130805,-0.7195932273126457,0.6440392658436073,14.237089900528646,19.70775218475908,-0.08928218475908167
2019-05-25,21.33487,4.173888266501073,1.5607853120937714,-0.7448108720033016,1.491285487343703,14.236465949041792,20.717614142977038,0.6172558570229612
2019-05-26,22.747742,4.340915333365839,1.548356810444648,-0.7693988328750119,2.0882178311307125,14.23582188312773,21.44391302519392,1.3038289748060805
2019-05-27,23.321075,4.506496181691689,1.5019303534542539,-0.7933941206789936,2.1823828086621577,14.235116340089371,21.63253156321848,1.6885434367815222
2019-05-28,21.124908,4.67058064785788,1.4197076601733658,-0.8167761722463462,1.715120473946747,14.234348489867205,21.222981099598854,-0.09807309959885302
2019-05-29,18.744446,4.8331787101065515,1.302112394808343,-0.8394769578204369,0.859114236020118,14.233548133505101,20.388476516619676,-1.6440305166196758
2019-05-30,18.817291,4.994334682810452,1.153395561617387,-0.861407864761401,-0.05136243913140551,14.23276212655771,19.467722067092744,-0.6504310670927431
2019-05-31,18.46405,5.153935489541368,0.9815801178825256,-0.8825843056202554,-0.661440505817478,14.23195733215953,18.82344812814569,-0.3593981281456884
2019-06-01,19.48413,5.311955805723643,0.7978534823176444,-0.9029657777167733,-0.7409984569229716,14.231144396690455,18.696989450091998,0.7871405499080026
2019-06-02,19.49826,5.468336239511779,0.6132144049817303,-0.9225274734919531,-0.27800216284562457,14.230316009109785,19.11133701726572,0.38692298273427994
2019-06-03,19.431885,5.6230335620606935,0.4356225710855119,-0.9412365438739675,0.5197418737667432,14.229473141568715,19.866634604607697,-0.4347496046076955
2019-06-04,20.408203,5.776019301055728,0.26777522515478197,-0.9590606645577808,1.3073578830527928,14.228623955825036,20.62071570053056,-0.21251270053056004
2019-06-05,20.068848,5.927233746189458,0.10696660401074132,-0.9759831329814441,1.735348687100098,14.227760261410262,21.021326165729114,-0.952478165729115
2019-06-06,22.871826,6.076676698847175,-0.052062520508616775,-0.9919631267193687,1.5813331709622238,14.226904285829013,20.840888508410426,2.0309374915895724
2019-06-07,19.172546,6.22414019118781,-0.21443476542290005,-1.0070917187158779,0.8292233028136451,14.225972953219111,20.057809963081787,-0.8852639630817869
2019-06-08,19.933136,6.369753235673184,-0.3793789408665235,-1.0212280075501674,-0.31967942460403853,14.22505353525971,18.874520397912164,1.058615602087837
2019-06-09,16.36383,6.51349284279765,-0.5410379266145101,-1.03434520475711,-1.5255674914449044,14.224155761414924,17.63669798139605,-1.2728679813960504
2019-06-10,15.3185425,6.6554365620866545,-0.6881222244673366,-1.046340625987296,-2.4279432557943212,14.223340314119204,16.716370769956903,-1.3978282699569036
2019-06-11,17.02185,6.795442372021273,-0.8088066025870403,-1.0572557796845747,-2.7770009796439665,14.222556937693088,16.37493594779878,0.6469140522012218
2019-06-12,16.871643,6.933432112664652,-0.8945186687154009,-1.067097035338882,-2.5172494141884627,14.221786193392274,16.67635318781418,0.19528981218581976
2019-06-13,19.276215,7.06942674667534,-0.942509676022777,-1.0758113495654067,-1.794848564705451,14.221058882548217,17.47731603892992,1.7988989610700798
2019-06-14,19.697449,7.2033119321030235,-0.9578328511538811,-1.0834406388540687,-0.8921996030735102,14.220336795398856,18.490175634420417,1.2072733655795815
2019-06-15,16.615662,7.335006915496132,-0.950550856966262,-1.0900092239399752,-0.10787645032488169,14.219598732875967,19.40616911714098,-2.7905071171409794
2019-06-16,20.391174,7.464474736197747,-0.9317694448420363,-1.0954977321331807,0.36014673096251104,14.21884611505401,20.01620040523905,0.3749735947609487
2019-06-17,20.174927,7.591526844163788,-0.9112037958332475,-1.1000006441293575,0.47496632563268026,14.218002092208273,20.273290822042135,-0.09836382204213479
2019-06-18,19.951782,7.716215293257163,-0.892163905608708,-1.103447363567978,0.354497039189273,14.217111168165955,20.292212231435705,-0.34043023143570394
2019-06-19,21.045746,7.838532750114478,-0.8723697661948936,-1.1057953764985773,0.1861772092727972,14.216187456672891,20.262732273366694,0.7830137266333068
2019-06-20,21.303009,7.9584885208499685,-0.8465581501340956,-1.1070023301717353,0.11636569070749402,14.215252569419835,20.33654630067147,0.966462699328531
2019-06-21,21.153442,8.075975287319565,-0.8101847474626751,-1.1071065234554038,0.17353976068063143,14.214269845837054,20.546493622919172,0.6069483770808262
2019-06-22,20.302704,8.190986314257314,-0.7625610984590376,-1.1060732472883996,0.2669513281745544,14.213252310087716,20.802555606772145,-0.4998516067721468
2019-06-23,20.091095,8.303558620804004,-0.7082308854369919,-1.1038416709769576,0.26115737598397826,14.21223471106246,20.964878151436494,-0.8737831514364949
2019-06-24,17.963898,8.413604325612013,-0.6563260229720479,-1.100435146574876,0.08093795225411493,14.211188769001756,20.948969877320962,-2.985071877320962
2019-06-25,20.440979,8.52121996898356,-0.6168069108330652,-1.0957541053477304,-0.21443128005382012,14.210178961581207,20.80440663433015,-0.3634276343301508
2019-06-26,22.167084,8.626395293714328,-0.598567225146885,-1.0897768167602533,-0.4442349688278386,14.209214341566819,20.70303062454617,1.4640533754538296
2019-06-27,23.485626,8.729032397367241,-0.6062132037585851,-1.0825473916551465,-0.39624622923446223,14.208260314220116,20.852285886939164,2.633340113060836
2019-06-28,22.962433,8.829104363152664,-0.6396954077024317,-1.0740628442051636,0.04324966403771801,14.207317454132594,21.36591322941538,1.5965197705846208
2019-06-29,19.95523,8.926596276251558,-0.696187299475818,-1.0643079158376332,0.7944027832254406,14.20639221538649,22.166896059550037,-2.211666059550037
2019-06-30,22.511505,9.02159780896799,-0.7727975041632327,-1.0532031328147948,1.5843547188952398,14.205544304364434,22.985496195249638,-0.4739911952496385
2019-07-01,23.034698,9.114006289481077,-0.8706199023920701,-1.0408167686467233,2.0507784514828153,14.20473476270537,23.458082832630467,-0.4233848326304681
2019-07-02,22.436493,9.203757736146127,-0.9932705927252964,-1.027176970438119,1.9161108662511364,14.203944105314369,23.303365144548216,-0.8668721445482177
2019-07-03,23.461792,9.290887064322739,-1.1446000639239415,-1.0122506853181217,1.1317120138064567,14.20320248504172,22.46895081392885,0.9928411860711499
2019-07-04,20.849274,9.375316396185546,-1.3258129989288536,-0.9960818231166445,-0.08384173208316804,14.20248264063235,21.17206248268923,-0.32278848268923
2019-07-05,20.703125,9.4570914400859,-1.5311587739567019,-0.9786343218330531,-1.3320148179245077,14.201820183545983,19.81710370991762,0.886021290082379
2019-07-06,19.622925,9.536155202216833,-1.748264583966221,-0.9599361662359904,-2.216118366589008,14.20119783143035,18.813033916855964,0.8098910831440342
2019-07-07,18.549408,9.612433957276005,-1.9592757871432136,-0.9400177882184148,-2.515242883607081,14.200590022930683,18.39848752123798,0.1509204787620213
2019-07-08,18.569702,9.686016046742361,-2.144829741342461,-0.9188200974595511,-2.268861892365893,14.200051947276314,18.55355626285077,0.0161457371492304
2019-07-09,18.091003,9.756919704334004,-2.2894615221737817,-0.8963235667929458,-1.7320616142181862,14.199602536552446,19.038675537701536,-0.9476725377015356
2019-07-10,19.039032,9.825157250711205,-2.384801376028131,-0.8725286626342477,-1.2273897587360194,14.199258148080672,19.53969560139348,-0.5006636013934802
2019-07-11,18.658966,9.890700465554506,-2.4308262316936484,-0.8474662312572531,-0.9770709606457099,14.199014049505232,19.834351091463127,-1.1753850914631272
2019-07-12,19.450317,9.953575081683423,-2.4331391376690643,-0.8211240430577282,-0.999105342525009,14.198892522571176,19.8990990810028,-0.4487820810028005
2019-07-13,21.928955,10.013682992686482,-2.39964195375429,-0.7935752951657926,-1.1231406028070055,14.198852881694252,19.896178022653643,2.032776977346355
2019-07-14,20.355438,10.070985363059409,-2.336144835754281,-0.7648678537090193,-1.1051269078042134,14.198882981440617,20.06372874723251,0.2917092527674896
2019-07-15,20.031036,10.125554370148297,-2.243099367659547,-0.7349629624162463,-0.773543630108643,14.199027313841517,20.572975723805378,-0.5419397238053776
2019-07-16,20.609344,10.177392653200869,-2.117430240346077,-0.703868277295187,-0.13522219249143724,14.199294684178183,21.42016662724635,-0.810822627246349
2019-07-17,22.548004,10.226480619032863,-1.9552228144636956,-0.6716136897666429,0.622946030922131,14.199682237332555,22.422272383057212,0.12573161694278667
2019-07-18,23.495178,10.272743209200799,-1.755238543734763,-0.6382783337671631,1.229491740115818,14.200158406879227,23.308876478693918,0.18630152130608124
2019-07-19,24.791138,10.316150195235265,-1.5205291905378893,-0.6039159849615783,1.467114950352936,14.20071433876647,23.859534308855203,0.9316036911447974
2019-07-20,24.388397,10.356634024449832,-1.2586976078732515,-0.5686079278931965,1.2767112552580566,14.201322232421553,24.007361976362994,0.3810350236370077
2019-07-21,23.91101,10.394195574640303,-0.9791493417271602,-0.5323913238215693,0.7806385492026079,14.201988679673327,23.86528213796751,0.04572786203248924
2019-07-22,22.887207,10.428854006039348,-0.6901588420086564,-0.49528863234370274,0.21561928640500228,14.202728851984496,23.661754670076487,-0.7745476700764868
2019-07-23,22.615753,10.460685608767811,-0.3960826194506851,-0.4572829726319164,-0.18006277343837085,14.203586395460738,23.630843638707578,-1.0150906387075764
2019-07-24,24.6008,10.489709947891253,-0.0971316308119453,-0.418407245879594,-0.26754692356749926,14.204575876354992,23.911200023987206,0.6895999760127935
2019-07-25,25.36496,10.515793656676426,0.20835220069971006,-0.3788126212121333,-0.05017110379756132,14.205634320637893,24.500796453004334,0.8641635469956661
2019-07-26,25.793945,10.538824536507647,0.521420223738962,-0.3386194210452638,0.3561306159200417,14.206708947900234,25.28446490302162,0.509480096978379
2019-07-27,25.534637,10.558711582830622,0.8392081043572729,-0.29793247612412765,0.7905121250640235,14.207757454322653,26.098256790450442,-0.5636197904504421
2019-07-28,26.186981,10.575459914232315,1.1534909935277222,-0.25679226744223765,1.1152256816124502,14.208785406840654,26.796169728770906,-0.6091887287709064
2019-07-29,26.866669,10.589042015349293,1.4511952635816783,-0.21525892068587726,1.251974053454794,14.209781666293253,27.28673407799314,-0.4200650779931401
2019-07-30,27.174408,10.599473043462137,1.717972412097505,-0.1733750725915876,1.1860301187954772,14.210756000975124,27.540856502738656,-0.36644850273865615
2019-07-31,27.6315,10.606766832059071,1.9423616393734282,-0.13117994804625896,0.9492073514886078,14.211717282237412,27.578873157112263,0.05262684288773656
2019-08-01,27.744598,10.610910945326651,2.118819869127694,-0.08872341838580292,0.6007534179837454,14.212660070173706,27.454420884225996,0.2901771157740036
2019-08-02,27.685486,10.611952507170024,2.2486529982294443,-0.04601624503052169,0.21577909903224687,14.213608165612106,27.2439765250133,0.44150947498670234
2019-08-03,27.096771,10.609926779561963,2.33774004382549,-0.0030880910483434554,-0.12338391747792626,14.214579660832294,27.03577447569348,0.06099652430652114
2019-08-04,26.52298,10.604840675759956,2.392617576553299,0.04001362876232309,-0.34015326568652676,14.215577976023535,26.912896591412586,-0.38991659141258594
2019-08-05,26.922974,10.596686086898039,2.4167209708694593,0.08323579065388054,-0.3855094535418389,14.216598332126084,26.92773172700562,-0.004757727005621604
2019-08-06,27.444305,10.585486222235264,2.4086892648149734,0.12653616703391934,-0.26102686417182835,14.217650964116704,27.077335754029033,0.36696924597096725
2019-08-07,27.469757,10.571173504201074,2.363438249168317,0.1698055235421495,-0.027899327414911995,14.218700382359282,27.29521833185591,0.17453866814409125
2019-08-08,27.78183,10.553589318208275,2.2756163694786946,0.2128779925209437,0.21052784451677312,14.219665347587965,27.47227687231265,0.309553127687348
2019-08-09,27.462921,10.532813573997604,2.143977851296793,0.25574624288210723,0.3519791407699344,14.220583513815159,27.5051003227616,-0.04217932276159786
2019-08-10,26.957458,10.50894955877187,1.9738652035876634,0.29841242849721344,0.3447200808024765,14.221503981468315,27.347451253127538,-0.38999325312753896
2019-08-11,27.204956,10.482014098854464,1.7767998749309404,0.3408173233010467,0.21648136676122753,14.2224324015717,27.038545065419378,0.16641093458062173
2019-08-12,26.83374,10.451981171373024,1.567558369068067,0.3828783273142724,0.06565047724409889,14.223352027175324,26.691420372174786,0.1423196278252128
2019-08-13,27.02182,10.418867715402317,1.3603494968021792,0.42454916718179103,0.016422753314947205,14.224267106538155,26.44445623923939,0.5773637607606119
2019-08-14,25.934113,10.382681895183087,1.164631778500576,0.46577274346114017,0.15517875801258418,14.225176701333671,26.39344187649106,-0.45932887649106036
2019-08-15,26.076782,10.34348919504589,0.983692760155368,0.5065343405165854,0.48339362691103416,14.226108758678112,26.54321868130699,-0.46643668130698757
2019-08-16,25.965302,10.301314834901815,0.8149601576446802,0.5467915753197156,0.9077021503438542,14.227070099939535,26.7978388181496,-0.8325368181495989
2019-08-17,27.809418,10.256142609149585,0.6533648628981383,0.5864704640874803,1.2768763079398984,14.228046295693138,27.00090053976824,0.8085174602317622
2019-08-18,27.28357,10.20770734335453,0.49470348075596293,0.6253255137490994,1.4436229415607598,14.228897080779277,27.00025636019963,0.2833136398003724
2019-08-19,25.945679,10.156010234654413,0.340403399316349,0.6633116496855243,1.3285815082201982,14.229615846503924,26.717922638380408,-0.7722436383804094
2019-08-20,25.607727,10.101159442853225,0.19752476539326702,0.7004554680776305,0.9462326908081051,14.230249750208365,26.17562211734059,-0.5678951173405906
2019-08-21,25.357178,10.043211098614684,0.07592983265382235,0.7367575358062883,0.39010481481267245,14.230818394221604,25.476821676109072,-0.1196436761090709
2019-08-22,25.408844,9.982351901184753,-0.014693349252350177,0.7723032242140635,-0.20666381287094182,14.231405994290908,24.764703957566432,0.6441400424335662
2019-08-23,25.051605,9.918633074030968,-0.0683649137586709,0.8070750836809626,-0.716840199369666,14.232028702562811,24.172531747146405,0.8790732528535941
2019-08-24,24.722748,9.852072209509876,-0.08395010644466858,0.8410370708127306,-1.0489901623557243,14.23268538324182,23.792854394764035,0.9298936052359643
2019-08-25,23.594025,9.782684593946,-0.06458868091948877,0.8741439434463536,-1.1612238891339457,14.233374065389567,23.664390032728484,-0.07036503272848549
2019-08-26,22.650452,9.710634897366198,-0.015486706538560935,0.9064336688779859,-1.062038679861604,14.234168093028899,23.773711272872916,-1.1232592728729145
2019-08-27,23.710724,9.636001749455989,0.05751247360642085,0.9378938331654623,-0.8070517684551293,14.235096954487874,24.059453242260616,-0.3487292422606174
2019-08-28,23.879272,9.558692175081221,0.14890044761889987,0.9684036041337587,-0.4900021243869095,14.236102763625805,24.422096866072774,-0.5428248660727739
2019-08-29,25.937073,9.478666966443784,0.2547903547562681,0.997862545353214,-0.22153644721637167,14.237154866434732,24.746938285771627,1.1901347142283747
2019-08-30,24.472015,9.395803242660804,0.3708343119811774,1.0261138226215298,-0.10323215641361244,14.23817928427072,24.927698505120617,-0.45568350512061784
2019-08-31,25.362976,9.310283148227956,0.4922757949205314,1.05320946090077,-0.18691262386605545,14.239257114861099,24.9081128950443,0.4548631049556988
2019-09-01,24.868164,9.222140501824954,0.6104571369191186,1.0791127629038022,-0.4484797843999142,14.24039242450629,24.70362304175425,0.16454095824575177
2019-09-02,25.627136,9.131283327823512,0.7138963226575075,1.103711616750692,-0.7765074356604633,14.241526338237026,24.413910169808275,1.2132258301917247
2019-09-03,23.646942,9.03760368723876,0.7897978450925102,1.1268989606910742,-1.0015950907293207,14.242590818127631,24.195296220420655,-0.5483542204206557
2019-09-04,22.592499,8.941298105069047,0.828448754187899,1.1487616151391236,-0.9570377518948425,14.243672169654554,24.20514289215578,-1.6126438921557806
2019-09-05,23.49936,8.842509849036851,0.8242005928430126,1.169348027809393,-0.5619082918401439,14.244828609708472,24.518978787557586,-1.0196187875575866
2019-09-06,24.919342,8.741252470509355,0.7765910360773702,1.1886150899958423,0.12216809792326251,14.246051860789153,25.074678555294984,-0.15533655529498347
2019-09-07,25.834045,8.637469094417357,0.6907775577616122,1.2064588623097854,0.8953714699526425,14.247298110009625,25.677375094451023,0.15666990554897708
2019-09-08,25.930817,8.531125866680608,0.5763525351883059,1.2228088364747405,1.4900938032590982,14.248534816551567,26.06891585815432,-0.13809885815431855
2019-09-09,27.170624,8.422284269782962,0.44486074832401756,1.2376638355433727,1.6787532183648453,14.249777183533604,26.033339255548803,1.1372847444511969
2019-09-10,27.267975,8.310894554177985,0.30614948198442693,1.2509383271518832,1.3701961648248806,14.250984018090431,25.489162546229608,1.7788124537703922
2019-09-11,25.759583,8.19688677318397,0.1673775893470117,1.2625248233951123,0.6560346534052383,14.252104439215247,24.53492827854658,1.224654721453419
2019-09-12,22.66623,8.08017675621769,0.03298313671024044,1.2723519382877058,-0.22386181506912406,14.253079602219117,23.414729618365627,-0.7484996183656278
2019-09-13,19.39154,7.9608994419062515,-0.09372982178196092,1.2804939159330766,-0.983879325285442,14.253961583592497,22.41774579436442,-3.0262057943644223
2019-09-14,20.665009,7.839398685096884,-0.20981015870825684,1.287152903665906,-1.4182627531278957,14.254907344242119,21.753386021168755,-1.0883770211687533
2019-09-15,23.307373,7.7156424096481375,-0.3137946120501172,1.2922739198081383,-1.4889005464071638,14.255882512350079,21.461103683349073,1.8462693166509254
2019-09-16,22.350922,7.589477562663846,-0.4037833467896776,1.2957264582339452,-1.3186533797342874,14.25679011366147,21.419557408035296,0.9313645919647051
2019-09-17,23.267181,7.461119588619403,-0.47527070659798726,1.2976112078007176,-1.1019884147395047,14.257719641524215,21.439191316606845,1.827989683393156
2019-09-18,20.344818,7.330594472524487,-0.5245852147725055,1.297906206557438,-0.9960809041090555,14.258664685349249,21.366499245549612,-1.0216812455496118
2019-09-19,20.406616,7.197986185976515,-0.5486746360963493,1.29665085177533,-1.031237317160894,14.259650372381088,21.17437545687569,-0.7677594568756909
2019-09-20,20.062012,7.063264463749915,-0.5486776964319071,1.2938045454388267,-1.1097598532956594,14.260642470399386,20.95927392986056,-0.8972619298605622
2019-09-21,19.082947,6.926388623248741,-0.5287177466843825,1.289327150849124,-1.0718895223429166,14.261600843587786,20.876709348658352,-1.7937623486583512
2019-09-22,21.362946,6.787452720628799,-0.4942292736784395,1.2832567100786156,-0.8034204116296071,14.26255333792686,21.03561308332623,0.32733291667377173
2019-09-23,24.187012,6.6466046812556785,-0.4513338645446724,1.2756491093491307,-0.3239713311604152,14.26355240792019,21.410501002819913,2.776510997180086
2019-09-24,23.023438,6.503659642883746,-0.40471915824132615,1.2663411232107713,0.20715494934876308,14.264483172051461,21.836919729253417,1.186518270746582
2019-09-25,20.764313,6.358758793515047,-0.35419314159014226,1.2554023982656628,0.5749194641561179,14.26539646603291,22.100283980379594,-1.3359709803795923
2019-09-26,19.799286,6.211928553823925,-0.296807381622798,1.2428174966392187,0.6257809552279058,14.266286405073028,22.05000602914128,-2.2507200291412808
2019-09-27,20.847443,6.063139787635972,-0.22978861422362956,1.2285532934372123,0.36179196224172094,14.267117431573924,21.6908138606652,-0.8433708606652033
2019-09-28,21.942047,5.9122436112648815,-0.15341917103490343,1.212502551463238,-0.04467440185192844,14.267792983291123,21.194445573132413,0.7476014268675861
2019-09-29,22.248352,5.759419487493591,-0.07142148400173397,1.1947702364526434,-0.3276813914191662,14.268380220102626,20.82346706862796,1.4248849313720413
2019-09-30,22.139008,5.604611040243611,0.008548252051034946,1.1753146073301708,-0.2694813333545031,14.268828423231286,20.7878209895016,1.3511870104983998
2019-10-01,20.900513,5.448091729430102,0.07743994467485735,1.1543306006438723,0.17106764005815583,14.269250716609317,21.120180631416304,-0.21966763141630352
2019-10-02,21.337769,5.290010711608887,0.12721142070144106,1.1319297846072196,0.8133615413892633,14.269698664680384,21.632212122987195,-0.2944431229871931
2019-10-03,21.770844,5.130246804901868,0.15254273971220203,1.1080548270278094,1.3289371979447882,14.27008701462172,21.989868584208388,-0.21902458420838755
2019-10-04,21.67273,4.968857851094397,0.15375775197371827,1.0827518781385859,1.4131626691546402,14.270421179602677,21.888951329964016,-0.21622132996401433
2019-10-05,22.61966,4.805771264384932,0.1359745376241911,1.0559539823959372,0.9594915427125031,14.270641521958941,21.227832849076506,1.3918271509234934
2019-10-06,18.244873,4.640987159566003,0.10629041747458248,1.0276625363408514,0.13928895960522705,14.270724284218016,20.18495335720468,-1.9400803572046819
2019-10-07,17.868805,4.4751495681399,0.07246652318655908,0.998307701515998,-0.6594315763386288,14.270970889526827,19.157463106030654,-1.2886581060306561
2019-10-08,21.078705,4.308355163724187,0.03428220229466733,0.9679583993736212,-1.0375129520814075,14.271404809156794,18.544487622467862,2.534217377532137
2019-10-09,16.887299,4.140118847936348,-0.016903644288252268,0.9363040190349151,-0.7963500970986089,14.271755831205226,18.534924956789627,-1.6476259567896285
2019-10-10,18.532135,3.9708171754323813,-0.0893241222380842,0.9036358275292404,-0.04065590217559739,14.272189722942331,19.016662701490272,-0.484527701490272
2019-10-11,19.988861,3.800456899873469,-0.19245865876143717,0.8699345673508805,0.8427957104890107,14.27268362020919,19.593412139161114,0.3954488608388864
2019-10-12,22.037872,3.6289923383007014,-0.32969982597165914,0.8351478633125934,1.3797843081242562,14.273188805023722,19.787413488789614,2.250458511210386
2019-10-13,19.590515,3.4561342764712952,-0.49555852648995397,0.7990830661636644,1.2530792515597002,14.273533076153441,19.286271143858148,0.3042438561418521
2019-10-14,16.1568,3.2818725594346834,-0.6733567700486353,0.7617453966409948,0.4793997784207287,14.273688069993398,18.12334903444117,-1.9665490344411687
2019-10-15,15.93158,3.106505251934589,-0.8410800050312548,0.7233637301806208,-0.5933792780600292,14.27378058996691,16.669190288990833,-0.7376102889908331
2019-10-16,13.738739,2.930181830814967,-0.9803682172977136,0.6840678598502665,-1.4609526538452529,14.273860523117158,15.446789342639425,-1.7080503426394245
2019-10-17,16.172485,2.753204917193044,-1.0798622687879573,0.6440852922800264,-1.704951770928703,14.27405592143593,14.886532091192342,1.2859529088076602
2019-10-18,15.465424,2.5753856806683824,-1.140818045029782,0.603295052243987,-1.2026165294770121,14.27424379221747,15.109489950623045,0.3559340493769554
2019-10-19,18.428741,2.3967695340556228,-1.1711533085014336,0.5617522997597005,-0.1692511367067529,14.274420426437645,15.892537815044783,2.536203184955216
2019-10-20,18.734161,2.2171135090659053,-1.18361572007539,0.5193244372753063,0.9494535380982605,14.274433128847168,16.77670889321125,1.9574521067887503
2019-10-21,15.910706,2.0364225595845893,-1.1864094724779046,0.4760378660289413,1.7078203393023024,14.274257190128587,17.308128482566516,-1.3974224825665171
2019-10-22,13.813202,1.854985310372216,-1.1795130611470983,0.4321241278205111,1.86908883700798,14.274012240252114,17.250697454305723,-3.437495454305722
2019-10-23,17.78064,1.6730323919713568,-1.157728157761598,0.38778082696612864,1.4889135233598767,14.273787881056943,16.665786465592706,1.1148535344072918
2019-10-24,15.416962,1.4902639224799588,-1.1172914381818784,0.3428059311110938,0.849619002906571,14.27340358832226,15.838801006638006,-0.421839006638006
2019-10-25,14.153229,1.3070518802203503,-1.0534421965263474,0.29747778125371505,0.3165724129610459,14.273020128118402,15.140680006027166,-0.9874510060271664
2019-10-26,17.409943,1.1235087790809288,-0.968501730783736,0.2519098948627975,0.13919797491634836,14.27266697301251,14.81878189108885,2.591161108911148
2019-10-27,16.12387,0.9394346613743325,-0.873458675108738,0.2059933799355963,0.33409963372169393,14.272212764380193,14.878281764303077,1.245588235696923
2019-10-28,14.727814,0.7550982317765476,-0.7789545595328059,0.15989403899760668,0.7136969143483793,14.271766745826481,15.121501371416208,-0.3936873714162079
2019-10-29,12.185608,0.5703635280697612,-0.6931510925831476,0.1135189843126414,0.9964861496787805,14.27123645641425,15.258454025892286,-3.072846025892286
2019-10-30,14.588959,0.38563798330377175,-0.6161182214425701,0.06716217541646577,0.9628443346314217,14.270801975226734,15.070328247135823,-0.48136924713582374
2019-10-31,14.352173,0.20073539641233706,-0.5440097636095907,0.02071375731920405,0.5531227781815701,14.270340326705707,14.500902495009228,-0.14872949500922772
2019-11-01,14.689331,0.015504791598837553,-0.46759146283774394,-0.025914678576207023,-0.09866428598210032,14.269748906040217,13.693083270243003,0.9962477297569965
2019-11-02,12.7534485,-0.17008890731842863,-0.37881742133957336,-0.07272521275180485,-0.7414619448657565,14.268981949972018,12.905888463696455,-0.1524399636964553
2019-11-03,14.905151,-0.3557966654947107,-0.2747675918157687,-0.11950060450485234,-1.1304475910158065,14.268138317254643,12.387625864423505,2.517525135576495
2019-11-04,12.223419,-0.5417231216318923,-0.16374217146388198,-0.16623815757423135,-1.1528622787290537,14.267133529255544,12.242567799856484,-0.019148799856484544
2019-11-05,11.652924,-0.7273531952899073,-0.05694508189920372,-0.21252852811232636,-0.8625016772593912,14.266199147416653,12.406870664855825,-0.7539466648558246
2019-11-06,12.139404,-0.9124322259749045,0.03252393497251474,-0.25815825625618494,-0.457421807284124,14.26543431929495,12.669945964752252,-0.5305419647522509
2019-11-07,13.332947,-1.096943328545827,0.09684061589318153,-0.30309175514441966,-0.17463317099549078,14.264818632351323,12.786990993558767,0.5459560064412337
2019-11-08,12.31958,-1.2810847176554492,0.13766463160868547,-0.34743607506402296,-0.16725930749905157,14.264223373870639,12.6061079052608,-0.2865279052607992
2019-11-09,9.967316,-1.4646410969174988,0.16790033018628758,-0.39100356832387384,-0.4185658794456182,14.263728603283209,12.157418388782506,-2.190102388782506
2019-11-10,12.687775,-1.6471934892896032,0.20513607710095538,-0.433516875858761,-0.7507260432847428,14.263520027422343,11.637219696090192,1.0505553039098086
2019-11-11,11.679077,-1.8290022142207025,0.25848006258741235,-0.47517889755226517,-0.9251379006923206,14.263437596264216,11.29259864638634,0.38647835361365956
2019-11-12,13.337738,-2.010094798079948,0.3289159271105425,-0.5160084075917103,-0.7486506158164666,14.263441806518287,11.317603912140704,2.0201340878592955
2019-11-13,12.038696,-2.1905130314096612,0.40412753258921463,-0.5560180636075529,-0.1945593425613003,14.263481706454003,11.726518801464703,0.3121771985352968
2019-11-14,13.202362,-2.3702153588487422,0.46606503764409646,-0.5951818451858898,0.5676457975550501,14.263551599143412,12.331865230307926,0.8704967696920747
2019-11-15,8.906006,-2.549671040148039,0.4957158151647825,-0.6338352288268476,1.2234095953300024,14.263389659547993,12.799008801067892,-3.893002801067892
2019-11-16,10.989166,-2.728278031240477,0.48850564888878384,-0.6715665292516748,1.477555047969526,14.26327847476187,12.829494611128029,-1.8403286111280277
2019-11-17,11.667175,-2.9061453374874713,0.4479453471404657,-0.7084646752974559,1.1881959748820798,14.263134284636552,12.28466559387417,-0.6174905938741695
2019-11-18,14.8558655,-3.0831152526279664,0.39005382644265363,-0.744433588747074,0.482433817055835,14.263008320051112,11.30794712217456,3.5479183778254395
2019-11-19,12.879364,-3.2597155124943966,0.33328110285342005,-0.7798517623985186,-0.2793581034027556,14.262606714410309,10.276962438968058,2.602401561031943
2019-11-20,8.169037,-3.435568729546215,0.29724279866777825,-0.8144343851392355,-0.646794288051238,14.262093498910682,9.662538894841772,-1.4935018948417724
2019-11-21,8.483459,-3.610416081946745,0.29232364350092377,-0.8479183464312974,-0.32772394969687946,14.26157568578604,9.767840951212044,-1.284381951212044
2019-11-22,8.26651,-3.7839276887563376,0.3121690121886106,-0.8800380993193346,0.6035763012060724,14.261188397934111,10.512967923253122,-2.2464579232531214
2019-11-23,11.453461,-3.956201132805668,0.3405782992778845,-0.9108590917373993,1.7008842997676876,14.260855206252362,11.435257580754868,0.01820341924513258
2019-11-24,15.398285,-4.1278983452023414,0.35709311855885223,-0.940860346102222,2.3336315886746166,14.260215134642316,11.88218115057122,3.516103849428779
2019-11-25,13.575958,-4.299846041690731,0.3483761289460098,-0.970610975217216,2.021598009678,14.258821420985356,11.35833854270142,2.2176194572985803
2019-11-26,6.8652954,-4.471495855900429,0.3208833325413257,-0.999714303135707,0.7347978077721246,14.256924447571805,9.841395428849118,-2.9761000288491184
2019-11-27,9.055389,-4.641376817832311,0.29714482808579706,-1.027134571835911,-1.050381436904607,14.255245495323658,7.833497496836625,1.2218915031633752
2019-11-28,5.11734,-4.809672020171829,0.29215514206341753,-1.052963122572602,-2.6004911957766885,14.253662518422658,6.0826913219649565,-0.9653513219649561
2019-11-29,2.9613037,-4.975465052749671,0.3207372175573087,-1.0765970986574747,-3.2479986236986527,14.252618101443318,5.273294543894828,-2.3119908438948276
2019-11-30,4.733307,-5.138697688956938,0.3820160200550568,-1.0979611408556287,-2.7595438167755697,14.252120888634828,5.637934262101748,-0.9046272621017479
2019-12-01,8.780518,-5.299711944547044,0.4585108604952729,-1.1172704723713736,-1.474902849595146,14.251970662497696,6.818596256479404,1.9619217435205965
2019-12-02,11.070831,-5.459087350363969,0.5247299505123132,-1.134973736339993,-0.13422393006036604,14.251843341341562,8.048288275089547,3.022542724910453
2019-12-03,7.3806458,-5.6174034514678715,0.5621508717933617,-1.1514782340857295,0.5269241491133408,14.251418402858052,8.571611738211153,-1.1909659382111535
2019-12-04,6.710327,-5.773326282193228,0.5739897594078065,-1.1658295861355281,0.18785657708909528,14.25134622602802,8.074036694196167,-1.3637096941961664
2019-12-05,7.0234375,-5.925670419449937,0.5732825249172502,-1.1773723145727364,-0.9179846048543019,14.252200819252973,6.804456005293247,0.2189814947067532
2019-12-06,4.9481506,-6.075069356197359,0.5751931272363769,-1.1866091856099121,-2.1325013839246383,14.253644038852105,5.434657240356572,-0.48650664035657165
2019-12-07,3.3929443,-6.221398341514124,0.5960005925054797,-1.1934852061790269,-2.715021145529394,14.25572249113467,4.721818390417603,-1.328874090417603
2019-12-08,5.2095947,-6.363851574342611,0.6419597268377035,-1.1974983910722015,-2.2590006770708224,14.258821564109077,5.080430648461146,0.12916405153885435
2019-12-09,6.3454285,-6.503857259212826,0.6980636106443368,-1.1996234394597627,-0.9372773587922762,14.262199308733917,6.319504861913389,0.0259236380866108
2019-12-10,9.246674,-6.641997227172499,0.7425069991198192,-1.2003008516067593,0.6123647985538525,14.265540661655011,7.778114380549424,1.4685596194505761
2019-12-11,10.134094,-6.779074995901174,0.7521009471213915,-1.2001515784145174,1.6326034499266882,14.268416422999119,8.673894245731507,1.4601997542684924
2019-12-12,8.812439,-6.915218631885491,0.7170752044540998,-1.1992366067878657,1.6838402273074993,14.270733681320923,8.557193874409165,0.2552451255908341
2019-12-13,4.771454,-7.049645773404449,0.6474822445581135,-1.197104815753088,0.88537865879897,14.272865531704632,7.558975845904179,-2.7875218459041786
2019-12-14,7.301697,-7.181713518442757,0.5696026460425075,-1.193408664630259,-0.16070128613570675,14.275130222386528,6.308909399220312,0.9927876007796881
2019-12-15,5.113159,-7.3124209068599155,0.4990904629430837,-1.1889266463474615,-0.758266182680206,14.277003375962776,5.516480103018276,-0.4033211030182766
2019-12-16,5.964386,-7.4415039513205,0.4528992686968083,-1.183442268351977,-0.4532614572576783,14.278606607087088,5.653298198853742,0.31108780114625834
2019-12-17,7.814636,-7.568509444960184,0.4299321761717613,-1.1766781535835358,0.675632440450581,14.280145049960073,6.640522068038695,1.1741139319613048
2019-12-18,9.427582,-7.693733361801137,0.4130941370302051,-1.168850977950701,2.0566670063058585,14.2814434624202,7.888620266004423,1.538961733995576
2019-12-19,6.8888855,-7.818486519930218,0.37767658018321126,-1.1607975442113845,2.9367529465610467,14.281811350026212,8.616956812628867,-1.7280713126288676
2019-12-20,7.4664,-7.941433383622528,0.3175226989197896,-1.1516808371704412,2.8251961125619025,14.281903853071206,8.33150844375993,-0.8651084437599295
2019-12-21,5.1874695,-8.062735142051343,0.2317430101664409,-1.141581062521527,1.7153318890907046,14.281614643869226,7.0243733385535005,-1.8369038385535008
2019-12-22,5.033661,-8.180844649107408,0.1446797899519133,-1.12929833768012,0.1385065988420873,14.281707751334555,5.254751153341026,-0.22109015334102544
2019-12-23,4.750641,-8.294598716946036,0.08457064230881488,-1.1141233589015322,-1.1622302705249832,14.282755555309883,3.7963738512461482,0.9542671487538517
2019-12-24,4.7536926,-8.403721963681003,0.07487226105028269,-1.0959835786903946,-1.6151179997484557,14.284878290319284,3.2449270092497144,1.5087655907502855
2019-12-25,3.5470276,-8.509508041970836,0.12318242504457487,-1.075655901182558,-1.1169464724836133,14.287407887348873,3.708479896756442,-0.16145229675644224
2019-12-26,6.8144836,-8.611470451364209,0.22907079111083373,-1.0525606879815674,-0.030958323184029947,14.290569060193114,4.824650388774142,1.989833211225858
2019-12-27,5.285797,-8.709344632606552,0.35685262611363455,-1.0263184499044236,0.9545014322563462,14.294426738565457,5.870117714424463,-0.5843207144244635
2019-12-28,3.7549744,-8.802290672936477,0.4854405455165666,-0.9962894769410081,1.3257395945787063,14.299370623645565,6.311970613863352,-2.5569962138633517
2019-12-29,4.762268,-8.890958896743218,0.5993986725101667,-0.9623866880090665,0.9735150511112918,14.30504790964905,6.024616048518224,-1.2623480485182244
2019-12-30,6.711548,-8.975101333547705,0.6772272605810752,-0.9237116862602869,0.16957057273274406,14.311504980519665,5.259489794025491,1.4520582059745086
2019-12-31,6.6108704,-9.059062805699279,0.6766942282919328,-0.8813940993125267,-0.6495014237007875,14.316365164442658,4.403101064021998,2.2077693359780017
