date,original,annual,high_frequency,seasonal_subannual,semiannual,subseasonal,trend,reconstructed_without_noise,residual
2005-01-01,20.144526,-6.989703135838727,-0.22259599243232991,2.8781091563876586,2.507704767068746,-4.020627427998278,11.305372139017715,5.458259506204784,14.686266493795216
2005-01-02,0.011186814,-7.348449568717916,-4.307382189906352,2.114875158394281,2.49987100088323,-4.488429633826594,11.297687960879033,-0.231827272294316,0.24301408629431598
2005-01-03,0.033951133,-7.503538637363381,-3.928259205885768,1.237013473339041,1.9353182626273027,-2.266127879296952,11.304715466019706,0.779121479439949,-0.7451703464399491
2005-01-04,1.3648856,-7.588680688591368,0.4380435752382331,0.6575117197130199,1.2400690399373446,0.1400699469126443,11.31170330902993,6.198716902239806,-4.833831302239806
2005-01-05,0.13108295,-7.650542875097149,3.3974622347472687,0.3822378883903881,0.7149795222382461,-0.2685275892573935,11.315123926418924,7.890733107440283,-7.759650157440284
2005-01-06,3.387237,-7.701494576198673,2.0512333322155896,0.3102275852128753,0.42917049344764713,-4.058670980552895,11.31776903567782,2.348234889802363,1.0390021101976368
2005-01-07,1.7337435,-7.744989428365756,-0.7071790544255991,0.4540767447341666,0.2879085167972849,-8.894518376576258,11.318531521922182,-5.286170075913979,7.0199135759139795
2005-01-08,0.4601991,-7.78087708861874,-0.9650020635683034,0.9287249420833806,0.17381002957622838,-11.818631638622652,11.31869693230428,-8.143278886845808,8.603477986845808
2005-01-09,1.4294156,-7.811414710116081,0.6253736959675447,1.7900984554145594,0.048986704752022735,-11.86128178070232,11.318614896002181,-5.8896227386820925,7.319038338682093
2005-01-10,0.9127832,-7.837294439014468,0.369357008232868,2.9283708569227427,-0.022362381319940075,-10.152941987250895,11.318468307818327,-3.3964026346113663,4.309185834611366
2005-01-11,3.3260834,-7.857465246386074,-2.6122294450685595,4.06592080476771,0.047415742722721005,-7.6271821355030145,11.319089681972773,-2.6644505974944437,5.990533997494444
2005-01-12,3.0259995,-7.873734916271898,-4.7797737765315,4.891688731556185,0.2742819638063735,-3.249499635710948,11.318662351982368,0.5816247188305788,2.4443747811694214
2005-01-13,0.6045997,-7.886644604453213,-2.9111628810887584,5.24970502146043,0.5861847993522605,4.687673708701974,11.317347791797763,11.043103835770456,-10.438504135770456
2005-01-14,0.5753718,-7.8947123476234875,1.6177350680997375,5.191881851748093,0.8712103785974274,15.354181878646767,11.316559228984218,26.456856058452754,-25.881484258452755
2005-01-15,78.92558,-7.871958065574979,4.826240826683534,4.829806238693248,1.0210324601979033,24.137341348395054,11.331912802645395,38.274375611040156,40.65120438895984
2005-01-16,99.70086,-7.864375707122779,4.959564044219962,4.2456576448922565,0.9885482531453385,25.602248461692998,11.338618056801431,39.27026075362921,60.4305992463708
2005-01-17,11.466521,-7.88944811029796,3.8640506960170824,3.5748081997156604,0.8179736307425673,18.660107434905296,11.32798328670627,30.355475137788915,-18.888954137788915
2005-01-18,0.33094501,-7.914720873648022,3.2141203695658964,2.9896440363962267,0.6004776246569677,8.05106023797647,11.316831720993667,18.257413115941205,-17.926468105941204
2005-01-19,0.8320457,-7.935836349771003,1.7724918900075166,2.5388634987454948,0.4126831901354924,0.424588145715867,11.306784742592152,8.51957511742552,-7.6875294174255195
2005-01-20,0.8283812,-7.952377317144755,-1.569681447947276,2.182005485003385,0.31339380285683666,-0.5446269161572721,11.297552221823379,3.726265828434297,-2.897884628434297
2005-01-21,0.29959366,-7.962563395782446,-4.673663516659202,1.8359083107381586,0.32039699807321637,3.3417698507545097,11.289036104039397,4.150884351163633,-3.8512906911636327
2005-01-22,0.026524533,-7.960937054491772,-4.379047914603724,1.440451777922761,0.391081163677762,6.740505619375757,11.284283787731981,7.516337379612764,-7.4898128466127645
2005-01-23,5.22246,-7.954195501284376,-0.9927832892663038,1.0128978049984516,0.45244147674752333,5.513257694220205,11.280940044191533,9.312558229607033,-4.090098229607033
2005-01-24,2.4876668,-7.946321722364617,1.9766147126879168,0.6207694588681627,0.46077632548354563,0.1012583031643366,11.277250509992728,6.490347587832073,-4.002680787832073
2005-01-25,2.1309607,-7.935138282139872,2.6247198481625618,0.31077780036495467,0.4399208014084376,-5.409545731078506,11.27344353745896,1.304177974176536,0.8267827258234641
2005-01-26,6.0569234,-7.918781998109266,2.527228509102036,0.03117252768772029,0.44424653548346327,-7.53618754916322,11.269414777293859,-1.1829071977054078,7.239830597705407
2005-01-27,0.65514374,-7.898520117735772,2.9420943697728568,-0.3465761254213094,0.48528763818513276,-6.617280869061598,11.264796942787086,-0.17019816147360345,0.8253419014736034
2005-01-28,0.01687766,-7.873777780939425,1.888376045972132,-0.891632167886134,0.514112812284766,-5.771101299049463,11.260357877071142,-0.8736645125469824,0.8905421725469824
2005-01-29,0.7759079,-7.845206092496813,-2.3666728539322395,-1.4891789574453829,0.4870314168253458,-6.903066412858523,11.25613100856653,-6.860961891341081,7.636869791341081
2005-01-30,0.9477979,-7.8131398192381205,-6.422389745470492,-1.8454783665395875,0.43753037480898915,-8.258236606199764,11.251972614624584,-12.64974154801439,13.59753944801439
2005-01-31,2.2575138,-7.778097091478331,-4.407423473585335,-1.6995535775702733,0.44569317407868825,-6.481354595608566,11.248080169267729,-8.672655394896088,10.930169194896088
2005-02-01,1.0144527,-7.7400430163154486,3.5873976235153764,-1.0671943990253117,0.5422188727232939,-0.839085766683215,11.245055537654752,5.7283488518694465,-4.713896151869447
2005-02-02,0.34004402,-7.688201487816292,9.263994827725067,-0.2819728389630394,0.6716025953305742,5.382126586348307,11.248873017393683,18.5964227000183,-18.2563786800183
2005-02-03,0.35057753,-7.629094288710373,5.221790572158515,0.22966918901911848,0.764405291682572,8.006157831575731,11.255130867348212,17.848059463073774,-17.497481933073775
2005-02-04,0.09728922,-7.569717984153613,-5.0408041546792335,0.21901724989052382,0.8085196778703964,6.023820202049786,11.261226583872025,5.702061574849886,-5.604772354849886
2005-02-05,0.10994263,-7.509734046780784,-9.957768455930129,-0.2412788636083026,0.8348862743883309,2.101377933579403,11.26706726175508,-3.505449896596403,3.615392526596403
2005-02-06,0.06426103,-7.446690016770437,-3.6405140672568415,-0.8236708105057946,0.8528481459361843,-0.6804604371624282,11.272648646749523,-0.465838539009793,0.5300995690097929
2005-02-07,1.6542696,-7.38031768248506,6.448578656531274,-1.1513163970840778,0.8335185370562984,-1.7697683852121628,11.278438980333169,8.25913370913944,-6.604864109139441
2005-02-08,5.475105,-7.312026506359924,8.293533557643858,-0.9926169864292966,0.7617175486568405,-2.5382164025289122,11.284295038160002,9.496686249142567,-4.021581249142566
2005-02-09,1.5608457,-7.242906908029958,0.009720797156477556,-0.3409682734987223,0.6862885854097196,-3.562301536799705,11.289596445998589,0.8394291102364004,0.7214165897635996
2005-02-10,4.1107078,-7.172773155795852,-8.145930864696401,0.6243367009034284,0.6924993336575275,-3.6508134776844,11.29458511160842,-6.358096352007276,10.468804152007277
2005-02-11,5.3218493,-7.101581307567244,-6.795849104925593,1.6297713608190116,0.8086766298644464,-1.8041740391841432,11.299008387727605,-1.9641480732659176,7.285997373265918
2005-02-12,2.6761968,-7.029924170164002,1.4468370224243716,2.445161803180478,0.9693759704465754,0.8139792894852785,11.302841753589203,9.948271668961903,-7.272074868961903
2005-02-13,3.8669593,-6.95831418719002,6.362870909150391,3.000046336772992,1.0836983688843373,1.7378739453784091,11.306532901082138,16.532708274078246,-12.665748974078246
2005-02-14,1.4135733,-6.8876242392869464,3.1763715762461424,3.3906589474818443,1.1270691722625372,0.029013264923666876,11.30993334305715,12.145422064684395,-10.731848764684395
2005-02-15,0.1250878,-6.816992692713726,-2.688965083605096,3.756562749040066,1.1471454970787789,-2.3484992965539986,11.31314047121388,4.362391644459903,-4.237303844459903
2005-02-16,28.48412,-6.744875775216382,-3.775507576901393,4.13632882871676,1.1938720954806854,-2.368142927167437,11.3167514501556,3.7584260950678328,24.725693904932168
2005-02-17,7.4222903,-6.6728442929093905,0.36099477608068764,4.426249745140057,1.266325719074563,0.9947321275830756,11.319424716257396,11.694882791226389,-4.272592491226389
2005-02-18,6.2321525,-6.5984205608080355,4.336553814497486,4.480645968824144,1.3312710919453878,5.739784777063211,11.321990904200984,20.611825995723176,-14.379673495723177
2005-02-19,34.35323,-6.522152110853826,4.4841384351453035,4.217034533309527,1.3629563168719478,8.502130518163568,11.324142119861435,23.368249812497957,10.984980187502046
2005-02-20,18.753664,-6.448536296390418,2.0770280668962107,3.690238775221292,1.3624533988145309,7.316764217436818,11.324310148563136,19.32225831054157,-0.5685943105415703
2005-02-21,9.498491,-6.372499106550951,-0.2915604794057512,3.0787399469224828,1.3450369449839583,3.152802310771954,11.32573283634613,12.238252453067824,-2.7397614530678247
2005-02-22,1.7688836,-6.29436903411804,-2.0890374263609353,2.566153815664181,1.3265108136406685,-0.9253861586980079,11.327605762920557,5.911477773048424,-4.142594173048424
2005-02-23,0.13580848,-6.214844353609491,-3.1668009490788807,2.213384443461505,1.3285499669187248,-2.083487472139245,11.329325801897907,3.40612743745052,-3.27031895745052
2005-02-24,19.896997,-6.133509895528326,-1.7247178513662929,1.8986083488372012,1.3695879021689144,0.06610073331653576,11.331074775597395,6.807144013025428,13.08985298697457
2005-02-25,17.222862,-6.051435601312644,2.8936330825890098,1.3870115003480228,1.4318028937374443,2.9887559595395996,11.332402422995816,13.982170257897248,3.240691742102751
2005-02-26,1.2094009,-5.968984180823341,6.656904741402669,0.5336554432298769,1.4526774136655094,3.2325115425586644,11.333141664107616,17.239906624140993,-16.030505724140994
2005-02-27,0.9743774,-5.879511820769839,4.0353090952103,-0.5487189957439844,1.3681779789406285,-0.4319527180577666,11.33621567967901,9.879519219258349,-8.905141819258349
2005-02-28,0.37027198,-5.784986286516199,-4.1407664223804765,-1.4740717227621758,1.1959054771179942,-5.487556764681354,11.340074818153935,-4.351400901068276,4.721672881068276
2005-03-01,0.7715719,-5.687306663497098,-9.269853037741289,-1.8092708368875048,1.0497822580901524,-7.688846426387006,11.344005335259686,-12.061489371163058,12.833061271163057
2005-03-02,1.9625648,-5.584259380134335,-4.433603821958084,-1.411595200935378,1.0351374772987096,-5.180901841483415,11.349619013664384,-4.225603753548118,6.188168553548118
2005-03-03,12.764599,-5.477140484800866,6.1712042410178185,-0.566916004075307,1.1346956985036702,-0.5836337144297238,11.356370783424877,12.03458051964047,0.7300184803595311
2005-03-04,37.279305,-5.368200629911988,10.852842227714975,0.21558434377890578,1.2192420576566017,1.418749688787415,11.363283248665244,19.701500936691154,17.577804063308847
2005-03-05,10.416904,-5.261675887199692,3.99959655640932,0.5953778092462185,1.183632630040448,-1.261322545559076,11.368593631026972,10.62420219396419,-0.20729819396419025
2005-03-06,2.4276621,-5.156188072107696,-7.0351498735214015,0.6494756820983032,1.0604330672048956,-6.061331978611332,11.373398006508136,-5.1693631684290935,7.5970252684290935
2005-03-07,0.1344533,-5.049674564098272,-10.59905188196319,0.7431296316576794,0.9772620206089586,-8.511720929958946,11.378193002206205,-11.061862721547568,11.196316021547569
2005-03-08,0.0019655563,-4.941634880073143,-4.056924556434713,1.185363237131487,1.0139753918902854,-6.519164840681293,11.383004232854512,-1.9353814153128646,1.9373469716128646
2005-03-09,0.030920375,-4.832358914189479,4.3950360084219575,1.962762065921862,1.1138724586746052,-1.7548891620549134,11.387690706846747,12.27211316362078,-12.24119278862078
2005-03-10,0.0878236,-4.721646758845647,6.4057265212490835,2.7638147143385026,1.1464419079593977,2.723896308253762,11.392320799008768,19.710553491963864,-19.622729891963864
2005-03-11,27.25866,-4.608594110338317,2.4041031951408427,3.2479057715837896,1.052554466945475,5.438889911527379,11.397494487913576,18.932353722772746,8.326306277227253
2005-03-12,14.514858,-4.496606286165079,-1.3788017758574131,3.300231426173114,0.9044945804884716,6.888132842419874,11.401588882096561,16.619039669155526,-2.104181669155526
2005-03-13,13.942248,-4.384988560344119,-1.6609765381580277,3.0789723070998187,0.8174011731772917,7.773683611762445,11.405202927740666,17.029294921278073,-3.0870469212780733
2005-03-14,5.053378,-4.273221081607835,-0.6544446343008988,2.836139699066053,0.8197905091863587,7.688253652578929,11.408641710762897,17.825159855685506,-12.771781855685505
2005-03-15,0.4457608,-4.160409675652606,-0.841022058699374,2.7143920954859153,0.8364407788775254,5.874574578301971,11.412028940879956,15.836004659193389,-15.390243859193388
2005-03-16,0.30994856,-4.046067848749496,-1.1277478037086306,2.6632771395170853,0.7872291329486616,2.670353791603411,11.415324807624913,12.362369219235944,-12.052420659235944
2005-03-17,21.01464,-3.9289967520882674,0.3229237301513564,2.5146990557331113,0.6753339566510522,-0.377451696983669,11.419257418513093,10.625765711976676,10.388874288023324
2005-03-18,13.569203,-3.811256772013045,2.106760950275159,2.141948443452466,0.5693536573780726,-1.8498143170406067,11.422866176250185,10.579858138302232,2.9893448616977683
2005-03-19,1.7195424,-3.6934281073515747,1.281293012236246,1.5808688362659407,0.5169422865938873,-1.5781401163079387,11.425912292279934,9.533448203716494,-7.813905803716494
2005-03-20,0.012792414,-3.574743279551842,-1.8290725466296087,1.006753913589809,0.4943694977323569,-0.48248040581347845,11.428893132683568,7.043720312010805,-7.030927898010805
2005-03-21,0.007303548,-3.455399856609896,-3.3354861767554334,0.623989537334199,0.4513282165069974,0.45402962733872826,11.431818389340581,6.170279737155177,-6.162976189155176
2005-03-22,14.403368,-3.335641852804073,-0.9332245618872586,0.5623879219365481,0.3844398750332103,0.8802725916472505,11.434704702218788,8.992938676144465,5.410429323855535
2005-03-23,61.478973,-3.2165340253734245,2.770207499125212,0.8301380329745149,0.3387706097475663,0.9547461364612988,11.43741692457765,13.114745177512818,48.36422782248719
2005-03-24,29.416155,-3.1011626352179404,3.595360545458672,1.3406956336024467,0.3403700659411351,0.9296753710019419,11.43840996607472,14.543348946860977,14.872806053139023
2005-03-25,2.572238,-2.987322285628699,1.1737585626445601,1.9937797710037055,0.35701875481123924,0.9810897927143454,11.43842139685302,12.95674599239817,-10.38450799239817
2005-03-26,0.3153366,-2.8730758883004666,-1.0738882637073663,2.701264265774307,0.33177280476467697,1.098889660276704,11.438352465999513,11.623315044807368,-11.307978444807368
2005-03-27,0.10182278,-2.758249149670633,-0.7716789534286932,3.374749782733439,0.24768035368075297,1.1181513579707927,11.438316609439912,12.648970000725571,-12.54714722072557
2005-03-28,35.91906,-2.642464477755712,0.739767867779415,3.899418259718223,0.13750531520687295,0.8775045549457323,11.438343248773146,14.450074768667678,21.468985231332326
2005-03-29,21.159466,-2.5281030980049337,1.0324773661443651,4.130087428941469,0.030881739054515772,0.3623182113302204,11.437255475873895,14.464917123339532,6.694548876660466
2005-03-30,3.6223829,-2.4146133698109815,0.04182013731102341,3.9622165123751105,-0.07796608336669483,-0.24244025692637575,11.435569269864333,12.704586209446415,-9.082203309446415
2005-03-31,1.7232686,-2.300542442749268,-0.6209563109436591,3.4073438326070327,-0.2024641824329708,-0.7537854088560701,11.433947046137124,10.963542533762189,-9.24027393376219
2005-04-01,5.2736163,-2.185723673309539,-0.5751142134811337,2.6146229314764935,-0.3189898891395756,-1.134386442027808,11.432376521118535,9.832785234636972,-4.559168934636973
2005-04-02,2.1996553,-2.070532230664786,-0.8888021266692812,1.7974643669512653,-0.3811833621545494,-1.372360976464795,11.430683656555953,8.515269327553806,-6.315614027553806
2005-04-03,24.284414,-1.9541951251249754,-1.6110547023771404,1.108727807773607,-0.3854504582178679,-1.2841955505629705,11.42936522936228,7.303197200852932,16.98121679914707
2005-04-04,26.779919,-1.838462175330497,-1.1862301071467876,0.5604034158029718,-0.394151704363221,-0.6317238254640113,11.427509481019957,7.937345084518412,18.842573915481587
2005-04-05,0.6200727,-1.7239934613891919,0.8943859620985851,0.04826432898075485,-0.4691631973390928,0.5015484410882628,11.424885417222544,10.675927490661863,-10.055854790661863
2005-04-06,0.0,-1.6077088307708198,2.490076534552844,-0.5555989485461587,-0.5929735859071136,1.5357036290032373,11.423164124262323,12.692662922594312,-12.692662922594312
2005-04-07,0.0006146729,-1.4902658765774244,1.384106870171408,-1.3109313477592175,-0.6814623809026404,1.772887468093666,11.421913751589582,11.096248484615373,-11.095633811715373
2005-04-08,0.5556256,-1.372222438502335,-1.3875942070529763,-2.1723323606789995,-0.6877487656254764,1.0529799183460584,11.420906830112179,6.85398897659845,-6.29836337659845
2005-04-09,0.2408619,-1.2537632990130985,-2.653469782809558,-3.007195759902625,-0.6719936479887562,-0.019654696407494288,11.420037182339762,3.8139599962182293,-3.5730980962182293
2005-04-10,0.34521195,-1.1344039664324468,-1.4153587150447886,-3.630503899512784,-0.7363334279297822,-0.5263400722959839,11.41930715532539,3.9763670741096044,-3.6311551241096045
2005-04-11,16.942757,-1.0140569958109338,-0.04523857825073252,-3.8650090797817196,-0.8950516277762262,0.028886179511143972,11.418812634032031,5.628342531923563,11.314414468076437
2005-04-12,19.084215,-0.8924690371787523,-0.4584010261384629,-3.6273085117131814,-1.0425042698145373,1.279684197315465,11.41884716629333,6.677848518763862,12.406366481236137
2005-04-13,11.318292,-0.7694783788853791,-1.072985935160429,-2.9866849154669994,-1.064349177906345,2.17336163436385,11.419480267714237,7.699343494658934,3.6189485053410655
2005-04-14,1.9438207,-0.6465170586234898,0.49850133159113874,-2.139820866902301,-0.9656313521863165,1.6972185605453194,11.419911228434444,9.863661842858795,-7.919841142858795
2005-04-15,0.39837044,-0.523281264058322,2.965913303690956,-1.297372568494248,-0.8649826707411024,-0.1940507895782762,11.420411550059427,11.506637560878435,-11.108267120878434
2005-04-16,13.43692,-0.3999173673173854,2.4022919225566874,-0.5639108914252147,-0.8623464357603179,-2.1805481997725646,11.420916288869208,9.816485317150413,3.620434682849588
2005-04-17,7.9702034,-0.2770358133461248,-1.8369265408026547,0.07610374936239878,-0.9384107331794542,-2.3854851895135916,11.421253717182365,6.059499189702938,1.9107042102970615
2005-04-18,2.226664,-0.1544543521426468,-5.005468219558751,0.6566116015327985,-0.996889493354299,-0.09218305713415884,11.421428663532241,5.8290451428751835,-3.6023811428751835
2005-04-19,1.4731503,-0.03145655775100231,-2.8024883974497916,1.1075984646444803,-0.9878508262329835,3.1298125125346017,11.421513248423372,11.837128444168677,-10.363978144168676
2005-04-20,38.15492,0.09209106018115953,2.4281484521536996,1.2536758966250243,-0.9552152734466646,4.417505569845188,11.421502852223497,18.657708557581905,19.49721144241809
2005-04-21,39.998558,0.21476084672912987,4.287512077798821,0.9477135669618465,-0.9624819170541477,2.215204930316472,11.42084468685619,18.123554191608314,21.87500380839169
2005-04-22,13.193235,0.33559155244236577,0.8670626316823606,0.21897257151595784,-1.0066915416916957,-2.014082051341055,11.41937435088376,9.820227513491695,3.373007486508305
2005-04-23,3.5587542,0.4552513143280519,-2.5938281213554713,-0.7280644111217143,-1.0387188036539245,-5.0265507288351845,11.417640631206432,2.485729880568188,1.0730243194318119
2005-04-24,0.62130487,0.5746123265931784,-1.015873261804912,-1.6414023241073694,-1.0440296580079722,-4.857188292998959,11.415873093784285,3.4319918834582506,-2.8106870134582507
2005-04-25,1.1965674,0.694825106355775,3.275814964808389,-2.3428610458863273,-1.0582225502645457,-2.4605701378165485,11.414544371429312,9.523530708626055,-8.326963308626055
2005-04-26,13.105832,0.8159369391646668,3.712914525247464,-2.7749374733628676,-1.1010817419097783,-0.33489548981838746,11.413731591406911,11.73166835072801,1.3741636492719902
2005-04-27,5.3715754,0.9363642065558964,-1.0832562010700846,-2.9877326314325696,-1.1342601834732084,0.062255071769576786,11.412705423673524,7.206075686023134,-1.8345002860231334
2005-04-28,0.0,1.0564044795368897,-4.92553555585776,-3.1048612439669743,-1.1131748135658506,-0.8232219081599732,11.411741017847877,2.5013519758342078,-2.5013519758342078
2005-04-29,0.19065383,1.1765907082902562,-2.536520662943867,-3.279598616932192,-1.064243414048597,-2.02658895997397,11.4109050266393,3.68054408103093,-3.4898902510309298
2005-04-30,0.20219246,1.2973782230247164,2.837568217832417,-3.619941703874399,-1.0684298724007317,-3.367070950636083,11.41029861931491,7.4898025332608285,-7.287610073260828
2005-05-01,3.148426,1.4185725847167294,3.6604053281642663,-4.103431591623666,-1.1550454732897817,-4.84288721792947,11.409848472434884,6.387462102472962,-3.2390361024729617
2005-05-02,4.8278947,1.539520160497562,-1.3697563414265455,-4.570213516582437,-1.2469220437349837,-5.30305867638636,11.409366485026485,0.4589360673937204,4.3689586326062795
2005-05-03,0.44957504,1.6608863436704318,-5.245139441610865,-4.8364833022088956,-1.24486356495028,-2.871293981986272,11.409649981458768,-1.1272439656271125,1.5768190056271125
2005-05-04,0.10648626,1.7821749020333553,-2.2534094951708896,-4.84047619431862,-1.1526189321010465,2.7200562621657545,11.410252486371338,7.6659790289798915,-7.559492768979892
2005-05-05,0.10862783,1.9032196165021498,3.9500094712633373,-4.703013761853555,-1.0805256160309609,8.622492840233202,11.410826078782774,20.103008628896948,-19.994380798896948
2005-05-06,17.86114,2.023873591365352,5.169694532893676,-4.638999860173249,-1.110249705561227,10.568937410627942,11.411360645948427,23.42461661510092,-5.563476615100921
2005-05-07,22.507658,2.143115818375825,-0.17142486790265926,-4.802570957438155,-1.1891932101017106,6.5553003511297625,11.411480214178855,13.946707348241919,8.56095065175808
2005-05-08,6.1159697,2.26199394011075,-4.9845748359002755,-5.203519035226186,-1.1958219200264804,-1.1529874170840548,11.411841625766243,1.1369323576399957,4.979037342360004
2005-05-09,4.5356655,2.3808348393363534,-3.328203378994408,-5.743553487083956,-1.099258465816256,-7.705238821048081,11.412430956586098,-4.082988357020248,8.618653857020249
2005-05-10,5.942986,2.4990768929980463,1.6914662258742177,-6.304575154084447,-1.0083996361831669,-9.32611691615021,11.412951049412895,-1.0355975381326665,6.978583538132667
2005-05-11,2.587423,2.616556979819326,2.7638961270914626,-6.80463210425921,-1.0412893911433059,-5.7056350612080315,11.413388572388499,3.24228512268874,-0.6548621226887401
2005-05-12,4.595,2.7342007265409283,-1.2332172750164998,-7.218982001201403,-1.1783698254853712,0.29274807161453253,11.414115249102272,4.810494945554458,-0.21549494555445836
2005-05-13,7.127946,2.851512016959888,-3.9801637132698264,-7.575667893538693,-1.2811851741105855,4.682300411285526,11.414744243736095,6.111539891062405,1.0164061089375949
2005-05-14,2.5198596,2.9688529612083836,-1.0433755835301883,-7.925206993263193,-1.252431230014504,4.582493697115838,11.415645285972372,8.74597813748871,-6.226118537488709
2005-05-15,11.932306,3.085862300986002,3.7011172130413525,-8.276870466172038,-1.138991872727651,-0.3073306280031931,11.416839583782775,8.480626130907247,3.4516798690927537
2005-05-16,4.957259,3.2016912044396904,3.6027313866616923,-8.535400720158028,-1.0599795663943448,-7.498301918797946,11.417810791330677,1.1285511770817394,3.8287078229182603
2005-05-17,0.0031238887,3.316896742469293,-1.3774791014369148,-8.501486820668585,-1.0597023332570696,-13.088957407803269,11.418756439441218,-9.291972481255328,9.295096369955328
2005-05-18,0.054230448,3.431825780822395,-4.844447620727983,-7.9812082334149235,-1.0717705561929374,-14.22928158878308,11.4200111434947,-13.274871074801828,13.329101522801828
2005-05-19,4.7442827,3.546504477603777,-3.073846448604165,-6.932187199209453,-1.0227113368617238,-10.8588195061601,11.421605561070605,-6.919454452161057,11.663737152161058
2005-05-20,4.5921197,3.6604645145491297,0.30028401740066046,-5.524040058552822,-0.9250250814608499,-5.214571528263924,11.423311698935976,3.72042356260817,0.8716961373918295
2005-05-21,0.3205356,3.774691066527569,0.47467896296600964,-4.063000324983338,-0.8441981295346564,0.23166627724118627,11.425562925891315,10.999400778108086,-10.678865178108087
2005-05-22,4.0507035,3.88850218323389,-1.1453577686987808,-2.8444709121486977,-0.8031802197882698,4.145627966263198,11.427983758063043,14.669105006924383,-10.618401506924382
2005-05-23,13.936674,4.000882810821585,0.3193581810153703,-2.042017040280997,-0.7686443832592811,5.889203850607211,11.430287862409342,18.82907128131323,-4.8923972813132295
2005-05-24,17.558294,4.11139642097511,4.504126196049394,-1.6649215067571714,-0.7266090717580295,4.752541288810184,11.43229381084713,22.408827138166615,-4.850533138166615
2005-05-25,8.295543,4.222184199190996,4.866987514524123,-1.5540223292577455,-0.7186721869172393,0.7274606854256809,11.43519376191546,18.979131644881274,-10.683588644881274
2005-05-26,0.6337487,4.332966539364473,-1.7541424753811694,-1.4157651723575935,-0.7691093788178902,-3.9922799182451834,11.438625593453011,7.840295188015648,-7.206546488015648
2005-05-27,1.2979494,4.442706697653248,-8.596236106500436,-0.9541249898142227,-0.8118491871610818,-5.5645451257858705,11.441986014046382,-0.04206269756198111,1.3400120975619811
2005-05-28,1.6671238,4.551711560494001,-6.318989115472218,-0.06695699822754064,-0.7441956971852223,-1.7980848091874415,11.44557172158623,7.069056662007808,-5.401932862007809
2005-05-29,2.5822384,4.660216028033643,4.150095676015344,1.0357640383920255,-0.5628580850261056,5.049199255424352,11.449506387081046,25.781923299920305,-23.199684899920303
2005-05-30,75.806915,4.767230177453856,10.971735007012933,1.924721881975656,-0.4037777001672536,9.701519444916949,11.453426001675195,38.41485481286734,37.392060187132664
2005-05-31,53.580624,4.870460571226616,5.56171029299824,2.2277150696612305,-0.40606390741689835,8.792975796349479,11.456164922303312,32.50296274512198,21.077661254878024
2005-06-01,0.9874655,4.970290762210135,-6.0540044392002095,1.8974445045029846,-0.5429616469212198,4.2260889418356085,11.45796767241626,15.954825794843558,-14.967360294843557
2005-06-02,8.678997,5.068528093456531,-10.064565029450808,1.2083454496138466,-0.6425150656757915,0.9744775966184889,11.459743062595297,8.004014107157564,0.6749828928424364
2005-06-03,6.426101,5.165128518948604,-1.8438606699242532,0.5109048992895391,-0.587522480783833,1.6670738632483897,11.46134149065327,16.373065621431717,-9.946964621431718
2005-06-04,41.53842,5.260085017284428,8.424603168330266,-0.002732277545690054,-0.4526211478836731,3.9987316048854584,11.462883147101376,28.690949512172164,12.847470487827838
2005-06-05,29.679949,5.351718320386232,8.460355067754552,-0.3416396417340404,-0.41011914552082407,3.6446904888697373,11.463659756985159,28.168664846740818,1.511284153259183
2005-06-06,4.332922,5.4403494587389325,-1.2912146232401112,-0.5820000203720971,-0.5152949045847623,-0.8020475164728034,11.463873746138407,13.713666140207566,-9.380744140207566
2005-06-07,0.9667934,5.527300625979285,-9.05215107981178,-0.747745953023292,-0.6365379341057219,-6.453641288473383,11.464241564143329,0.10146593470843612,0.8653274652915639
2005-06-08,0.46285382,5.6136887104004565,-6.5133739692781205,-0.8027930332907389,-0.6127747159315592,-9.388055707713786,11.465221051228617,-0.2380876645851302,0.7009414845851303
2005-06-09,2.8074403,5.699333946341399,1.9314737498111765,-0.6965156364539925,-0.44334072364447424,-8.435866946783369,11.466444379810158,9.521528769080899,-6.714088469080899
2005-06-10,19.534222,5.784541466087774,5.897030619814953,-0.38611653744252494,-0.285078683259938,-5.455098658507301,11.468233290923687,17.02351149761665,2.5107105023833505
2005-06-11,13.220858,5.867610551694746,1.7364719289996433,0.16909875202937397,-0.2672799668252267,-2.5346977003001845,11.469831847709939,16.441035413308292,-3.220177413308292
2005-06-12,9.93866,5.949749453139883,-4.406931444871716,0.9714487449934193,-0.3541230197928283,0.11505861631829217,11.471948204715886,13.747150554502937,-3.808490554502937
2005-06-13,10.204101,6.030210363958528,-5.138360804903602,1.9060188640346014,-0.40688045496891045,3.293039365937677,11.474135658070912,17.158162992129206,-6.954061992129207
2005-06-14,4.9266768,6.108433781496483,-0.059304169780679095,2.7167697349116238,-0.3540843287723424,6.58609597438338,11.47619817344663,26.474109165685093,-21.547432365685093
2005-06-15,72.06379,6.184597359268411,5.28317778973523,3.126983474404862,-0.26132763730988073,7.880928843477375,11.478323629861656,33.69268345943765,38.371106540562344
2005-06-16,64.035545,6.256784412030411,6.128025317700574,3.046280404685522,-0.23397282740804382,5.400432469235666,11.479586230007088,32.077136006251216,31.958408993748783
2005-06-17,19.12335,6.326236652612708,2.309390479929529,2.700256854476658,-0.28744652025347084,0.08734649973884742,11.480584826652656,22.616368793156926,-3.493018793156928
2005-06-18,3.6913147,6.393912972413642,-3.2195804451100574,2.509660188104132,-0.3439009089945098,-4.442084438053735,11.481555897950281,12.379563266309754,-8.688248566309754
2005-06-19,8.948816,6.460657722326106,-6.9733399770049544,2.78736443317641,-0.33545706576821555,-4.5668978546060695,11.482881920617173,8.855209178740449,0.09360682125955222
2005-06-20,12.7633915,6.525980966092472,-6.171612989604059,3.499989716540374,-0.26838568979639477,0.3473644931544876,11.48429067862095,15.41762717500783,-2.654235675007831
2005-06-21,4.5527606,6.589497698155371,-0.27888549021393283,4.264074281813893,-0.189048904072035,7.128414456738648,11.485560780114323,28.999612822536267,-24.44685222253627
2005-06-22,75.32544,6.6511400787775985,7.095173057091998,4.576191844783434,-0.12744976674677336,10.904186883928482,11.48681747576437,40.58605957359911,34.73938042640089
2005-06-23,31.559679,6.708516108653185,9.611290340870973,4.1242764289830145,-0.09715101585598639,8.634455867214939,11.486984952594785,40.46837268246091,-8.90869368246091
2005-06-24,4.029279,6.762823527958507,4.105201982567668,3.0020395244902036,-0.11988125417413215,1.4363957296100893,11.486750009681506,26.67332952013384,-22.644050520133842
2005-06-25,1.5168358,6.815244836717783,-5.01513896324769,1.655455113800144,-0.21337433207168854,-6.350275123635011,11.48652026382635,8.378431795389888,-6.861595995389888
2005-06-26,1.9145529,6.866094357675054,-9.19883709109321,0.6343962360093076,-0.33781650178639616,-10.560032142707598,11.486305684204623,-1.1098894576982197,3.0244423576982196
2005-06-27,1.8651984,6.9155579043720055,-4.574099496356014,0.3069201989653458,-0.39294419486568016,-10.208494540116158,11.486236420175066,3.5331762921745646,-1.6679778921745647
2005-06-28,11.413157,6.963427823076316,3.7122796606561033,0.7059019800520316,-0.3109521238057933,-7.548909336453783,11.48624914516291,15.007997148687785,-3.5948401486877852
2005-06-29,47.626183,7.0092695595621235,7.067182668757376,1.5885949928392127,-0.14923620497466666,-5.327464550999301,11.486157850711889,21.674504315896634,25.951678684103364
2005-06-30,23.226538,7.052114369007509,2.6989981181478777,2.647815674130159,-0.05029785854879987,-4.044082364386031,11.485401031013721,19.78994896936444,3.436589030635563
2005-07-01,13.415709,7.092557873698732,-3.9691085792894074,3.702733709780504,-0.08760329790610542,-1.89427995596901,11.48436168793652,16.328661438251235,-2.912952438251235
2005-07-02,8.011241,7.130931453907946,-5.860199292871945,4.709901639264912,-0.17738592121480182,2.7103206444786854,11.483277341151311,19.996845864716107,-11.985604864716107
2005-07-03,14.29883,7.1670357323792935,-1.5763702479696708,5.630910644556294,-0.17222070904072045,8.898181835240596,11.482225435094172,31.429762690259963,-17.13093269025996
2005-07-04,93.85418,7.201551270740303,4.277253562052133,6.315322866318777,-0.0394201083946607,13.734296417875598,11.481730467077655,42.97073447566981,50.88344552433019
2005-07-05,38.387207,7.231318959588187,6.552920675083836,6.5426662278777,0.09088014710699352,14.77554794358779,11.480161797095862,46.673495750340365,-8.286288750340368
2005-07-06,22.68418,7.259161008732842,4.002095618888804,6.203468759544824,0.07304840314403871,12.15401404394013,11.479017562886023,41.17080539713666,-18.48662539713666
2005-07-07,27.388853,7.285068452891959,-0.9728851743816729,5.410170925709378,-0.083813185720044,8.091493947204762,11.478050881883684,31.208085847588066,-3.819232847588065
2005-07-08,30.05472,7.307848072418281,-4.910191592089516,4.432372690601984,-0.21951918992953762,4.715949806931423,11.4767875547086,22.803247342641235,7.2514726573587645
2005-07-09,29.34303,7.3273010180664855,-5.323185427491491,3.5028029979299165,-0.19561517496122915,2.437391244613537,11.475288411744573,19.22398306990179,10.119046930098207
2005-07-10,15.270781,7.3437544193600175,-1.9549100615730577,2.6692532916001293,-0.035112557516851634,0.24371024427604615,11.473621779724834,19.740317115871118,-4.469536115871119
2005-07-11,5.1808376,7.357690032140069,2.639871743252275,1.8235751257549482,0.12387236473680371,-2.7425212476494125,11.471864524157255,20.674352542391937,-15.493514942391936
2005-07-12,15.435051,7.369081986045396,4.537514500606224,0.8615983798354395,0.18695946447520378,-6.173142281120389,11.470104474529286,18.25211652437116,-2.817065524371161
2005-07-13,7.3159075,7.377501270253186,1.9616482280079601,-0.18584794872594396,0.18161305899483987,-8.829293260989756,11.468253984853398,11.973875332393682,-4.657967832393682
2005-07-14,1.7369008,7.383449807830421,-2.560073398711553,-1.1611695316120756,0.18375790367152817,-9.863445464565498,11.466490503472926,5.449009820085749,-3.712109020085749
2005-07-15,7.9276876,7.38767461907136,-4.5783762317309415,-1.8977715191005389,0.2127635681622912,-9.598803170795975,11.465085587873617,2.9905728534798133,4.937114746520186
2005-07-16,14.625744,7.389886508023066,-2.4407429694393334,-2.3181759403496875,0.23285757828248307,-9.106978660421506,11.463851847390886,5.2206983634859085,9.40504563651409
2005-07-17,11.345398,7.3903420484739,1.245283040186111,-2.445650314786767,0.23336992711792748,-9.123693078070042,11.462914144417056,8.762565767338184,2.582832232661815
2005-07-18,4.8613625,7.389902824755797,3.017655049364167,-2.348846885636294,0.25676976698695825,-9.4870968522904,11.462621423639597,10.291005326819826,-5.429642826819826
2005-07-19,17.449387,7.3893873967651835,2.1792289194948946,-2.0760951846438145,0.3331959679996498,-9.531701189319824,11.463283669477654,9.757299579773743,7.692087420226258
2005-07-20,5.7183943,7.38973161733592,0.2672062601830346,-1.6145722917964507,0.4255640143989001,-8.665013899909354,11.4653818283166,9.26829752852865,-3.5499032285286507
2005-07-21,0.8168677,7.389176939833549,-1.7006363611072448,-0.8869143919310245,0.4821453086168965,-6.28161045387364,11.467866880574118,10.470027922112653,-9.653160222112653
2005-07-22,14.109821,7.387422210118336,-3.5030576993196574,0.16047434132537858,0.5238875784660856,-1.468398622176768,11.470696269159957,14.571024077573332,-0.461203077573332
2005-07-23,7.6708093,7.38343788585523,-3.6887005616077087,1.4178240938608986,0.6334766909831325,6.392080747942705,11.473406998529928,23.611525855564185,-15.940716555564185
2005-07-24,7.9159245,7.3771757832421585,-0.07066009044648552,2.5319015661339783,0.8348457662771214,16.047067849703737,11.476081931211178,38.196412806121685,-30.280488306121686
2005-07-25,20.77462,7.368734141457709,6.247453990013738,3.008287518194143,1.0178089956996796,23.572631785481136,11.478934510950145,52.693850941796555,-31.919230941796556
2005-07-26,165.79266,7.357163243180118,9.463922754050849,2.497233250820752,1.0329451441484405,24.24355502358937,11.481629162617196,56.076448578406726,109.71621142159329
2005-07-27,45.05065,7.33883888473358,4.784601149265729,1.0676409021120905,0.8663096179408143,16.349065519162536,11.482031748607998,41.88848782182275,3.1621621781772475
2005-07-28,0.69465023,7.317494011191458,-4.548073060747408,-0.7483219047552434,0.6858347750484381,3.5716268230282955,11.482057016277318,17.76061766004286,-17.06596743004286
2005-07-29,3.5734503,7.294263599448065,-9.223320026652527,-2.2744346577154744,0.6696788809833194,-7.158427220535887,11.482245620437256,0.790006195964752,2.7834441040352482
2005-07-30,12.066553,7.269168557538052,-4.317108467614736,-3.087439078474275,0.8181163564003207,-10.732836038011552,11.482586076867836,1.4324874067056452,10.634065593294356
2005-07-31,26.347818,7.241674984607929,4.28935780925287,-3.193795276731446,0.9711390237980798,-7.396005300346038,11.482898116628485,13.395269357209878,12.952548642790122
2005-08-01,11.475392,7.211133308909476,6.523512241239249,-2.9002333353017606,1.0056235527075053,-1.7129843345059543,11.482892870460569,21.60994430350908,-10.134552303509082
2005-08-02,7.419614,7.177918018797177,0.3467522575864942,-2.5411459008729005,0.9714194107796372,1.6031974059016871,11.48274783363449,19.040889025826583,-11.621275025826584
2005-08-03,5.19746,7.142279194582709,-5.846839186870854,-2.2937891414371196,1.008087436438033,0.91172534303854,11.482507269822877,12.403970915574186,-7.206510915574186
2005-08-04,10.306855,7.104374567186203,-3.982160150210915,-2.164365241629791,1.1573285035787664,-2.4105503260325105,11.48220038005312,11.186827732944874,-0.8799727329448732
2005-08-05,4.411433,7.06417497019531,3.5022691450681154,-2.0721022595346295,1.3061332070848222,-6.058184991953342,11.4817528373865,15.224042908246776,-10.812609908246777
2005-08-06,2.6767805,7.021776866501942,7.087723938440142,-1.9196441949963405,1.3262861724992998,-8.34718993965798,11.481276900660019,16.65022974344708,-13.973449243447082
2005-08-07,9.32518,6.977252605804133,2.4438789712265576,-1.6277860610588613,1.2294190028191103,-8.423793002227741,11.48079624632036,12.079767762883558,-2.754587762883558
2005-08-08,20.58343,6.930327969127241,-4.541919766475238,-1.163529455812665,1.1490419112217374,-6.166319581768892,11.480219511049947,7.68782058734213,12.895609412657869
2005-08-09,12.717828,6.882052135889691,-5.9116930883246726,-0.5640036097259336,1.1833032026078556,-2.449518800235165,11.48008227611847,10.620222116330245,2.0976058836697558
2005-08-10,17.103704,6.833474776623339,-1.463615202342836,0.08576469806606263,1.29955310829137,0.9561153219453723,11.480823402941116,19.192116105524423,-2.088412105524423
2005-08-11,12.518106,6.782791529640136,2.445520256564203,0.7220423142605875,1.4025091634192615,2.510107768470253,11.48148312956985,25.34445416192429,-12.82634816192429
2005-08-12,45.74774,6.73004653238037,2.1157950847871403,1.347180499504139,1.453239776351865,2.1808058613637016,11.482209239959227,25.30927699434644,20.43846300565356
2005-08-13,37.220955,6.67467440885239,0.39746689856801354,1.9950830921832883,1.4858697869096997,1.3694550561916312,11.482722888969406,23.40527213167443,13.815682868325567
2005-08-14,13.315361,6.61681155337535,0.8602799446622524,2.65741054956476,1.5262911516944258,1.49166095106595,11.482948604951288,24.635402755314026,-11.320041755314026
2005-08-15,35.554825,6.557025786318848,2.042461774335556,3.2453237100082344,1.543763603650122,2.7366824370057548,11.483119806867984,27.608377118186496,7.946447881813505
2005-08-16,43.186203,6.49469046268998,0.5352042943987562,3.6359797094747304,1.504648711148378,4.165226581115982,11.4829786876913,27.818728446519124,15.367474553480875
2005-08-17,7.593941,6.429664138266114,-2.4429514435753314,3.767952137407633,1.4397650571869112,4.604142722991477,11.482437885734445,25.28101049801125,-17.687069498011248
2005-08-18,3.1292844,6.363257170185172,-2.043836268981241,3.6996126954585864,1.4133892713900151,3.1675557952287563,11.482284395231115,24.082263058512403,-20.952978658512404
2005-08-19,5.5706944,6.295221531014514,2.2764321647839263,3.6068467280216177,1.4334271717627431,-0.5239920212623195,11.482267356582986,24.570202930903466,-18.999508530903466
2005-08-20,2.698266,6.225314437306853,4.2164757923075795,3.7404274946439924,1.4393353234832795,-5.592228638821029,11.482217696444344,21.51154210536502,-18.81327610536502
2005-08-21,0.9225928,6.153568548390694,-0.9764436511392854,4.3413453358647045,1.399272303283454,-9.116154739591611,11.482253400939605,13.28384119774756,-12.36124839774756
2005-08-22,0.9400086,6.080036591249043,-8.19079104709246,5.502443764903839,1.3826951978660085,-7.150846822850175,11.482412286930739,9.105949971006995,-8.165941371006994
2005-08-23,35.95801,6.005094743132243,-7.221863624297783,7.027194793787862,1.486401318705363,1.9853855143124877,11.482836302012963,20.765049047653136,15.192960952346866
2005-08-24,27.10894,5.927917545567979,3.7752918464683694,8.415944039254954,1.6878954728593873,14.888212780049084,11.48301252929636,46.17827421349614,-19.069334213496138
2005-08-25,155.36896,5.848276857156165,13.961209264841232,9.075143530723661,1.8226903963608754,24.285086876682627,11.482966636757496,66.47537356252205,88.89358643747794
2005-08-26,90.81314,5.763656298582319,11.866852908810259,8.645068800741665,1.7424928415941507,24.1970446947549,11.481380626181226,63.696496170664524,27.11664382933548
2005-08-27,19.23601,5.6754891537314,-0.5164048477121888,7.238193158176319,1.486659563637477,14.687322141494597,11.478917711904927,40.05017688123253,-20.81416688123253
2005-08-28,20.394617,5.585374051106686,-9.84266230089294,5.348348213102946,1.2463363320929488,1.5199610681611968,11.476341166031688,15.333698529602525,5.060918470397475
2005-08-29,10.679112,5.49313458603702,-7.307472552902365,3.5349160106626996,1.1606054455677328,-8.654147772440204,11.473570189004837,5.70060590592972,4.97850609407028
2005-08-30,6.279402,5.399141644902949,1.6578833071511063,2.1479333073106335,1.1850842577321727,-12.733719733908702,11.47071287818662,9.12703566137478,-2.84763366137478
2005-08-31,4.2187133,5.30427674749912,5.443308142211029,1.260300468582745,1.1787406269427385,-11.587389960052546,11.468035844086765,13.067271869269852,-8.848558569269851
2005-09-01,3.164799,5.208459180226842,0.8145368877121326,0.7745447965874369,1.0907403669364786,-7.465846862826152,11.465431782042563,11.8878661506793,-8.7230671506793
2005-09-02,2.4467092,5.112251167526473,-4.536284428923604,0.5374070411450846,1.0120743850434246,-2.05186515791282,11.46338604823664,11.536969055115197,-9.090259855115196
2005-09-03,2.411007,5.015104992343779,-3.2054365269806984,0.3791437330623259,1.0401758887445893,3.238591175924817,11.461540264448269,17.92911952754308,-15.51811252754308
2005-09-04,24.159233,4.916605649550546,2.656848697545276,0.11968272703933397,1.1378009432313572,6.447241952320887,11.45970071823843,26.73788068792583,-2.57864768792583
2005-09-05,41.74514,4.8161746008351445,5.415695450373875,-0.3734025083028245,1.167281376758135,5.844418862429712,11.457598651132804,28.32776643322684,13.417373566773158
2005-09-06,28.790646,4.71346690316253,2.313817887663632,-1.092472688195506,1.0531188708123,1.6807471039538104,11.455011387737473,20.12368946513424,8.666956534865758
2005-09-07,15.326689,4.609499549534009,-2.0408922444413466,-1.8790768203706705,0.8646248701990754,-3.479573742493516,11.452465836220698,9.52704744864825,5.799641551351749
2005-09-08,4.704047,4.504582049023737,-2.949268434766294,-2.538867310319175,0.7233352034061983,-6.654750269117276,11.449949888874444,4.534981127101635,0.16906587289836494
2005-09-09,5.0399556,4.398981265459508,-1.3993925772738356,-2.982288047887236,0.6653534204569815,-6.659997274375683,11.447574988492184,5.470231774871919,-0.4302761748719188
2005-09-10,3.8555694,4.292539410928197,-0.9198021334399238,-3.2556217933888587,0.6311320103793138,-4.451754922549806,11.445249819729453,7.741742391658375,-3.8861729916583756
2005-09-11,25.187468,4.185282858031959,-1.593640441851838,-3.4548387211465803,0.5724753445692129,-1.6916608692980943,11.442980539209797,9.460598709514457,15.726869290485542
2005-09-12,14.335086,4.0769640819952295,-0.5397422146729604,-3.632880920166309,0.5182945483510055,0.6311762181638778,11.440714198455588,12.49452591212643,1.8405600878735697
2005-09-13,2.3060682,3.9675784501699978,2.511135073519194,-3.7839837950724418,0.5168287466948119,2.363855692983929,11.438605392480103,17.014019560775594,-14.707951360775594
2005-09-14,0.32192653,3.8576066337169315,3.7806203782194943,-3.9046042123330387,0.5472594811621113,3.5823484686366722,11.436961247415917,19.300191996818086,-18.978265466818087
2005-09-15,9.261577,3.7471165106838464,0.9202216854925144,-4.045763195835006,0.5335747350497333,4.186558507036048,11.435680522953858,16.77738876538099,-7.51581176538099
2005-09-16,5.4094057,3.6357644858841502,-2.7321451328042476,-4.30660639299138,0.4418715045231735,3.8626938711734136,11.434370562404956,12.335948898190065,-6.926543198190065
2005-09-17,0.59948957,3.5234677825656195,-2.1069983388635625,-4.778128680857994,0.3226428700630345,2.130194453722781,11.433015592136858,10.524193678766737,-9.924704108766738
2005-09-18,0.018621795,3.41069756935393,2.339055719573755,-5.472745059427008,0.23520577860895106,-1.3829648423021372,11.431915084226368,10.56116425003386,-10.54254245503386
2005-09-19,2.487379,3.2975948984501584,4.444364124842848,-6.264990606220848,0.16266280723565263,-6.164446006706928,11.431062896674089,6.906248114274971,-4.418869114274972
2005-09-20,19.34526,3.1837638868455507,0.2952379410058945,-6.87861146390924,0.04436634357012437,-10.165703854432854,11.430236284371304,-2.0907108625492192,21.43597086254922
2005-09-21,17.348392,3.0688624469907966,-6.071840985747816,-6.971633609412816,-0.11303028878745358,-10.52064414022793,11.429212071169491,-9.179074506015727,26.527466506015728
2005-09-22,8.227125,2.953052232124712,-7.1373862742237435,-6.320171310989126,-0.20527092076436126,-5.756289931130586,11.428028540223695,-5.038037664759409,13.265162664759409
2005-09-23,4.0620165,2.836683908864102,-1.1216295221682953,-5.002304194767445,-0.145148750344483,2.3626567409041894,11.426816075400916,10.357074257888984,-6.2950577578889835
2005-09-24,60.43939,2.7197376763387746,5.7736914587443975,-3.4197745121020517,0.013419943391341449,9.533308169417232,11.425583071393214,26.04596580718291,34.39342419281709
2005-09-25,39.16306,2.600985096266125,6.760638881509103,-2.0948628572605728,0.10942166083337851,11.984971263394844,11.423689157616352,30.784843202359227,8.378216797640775
2005-09-26,3.5379622,2.4808658055245782,2.022882024775141,-1.366203780361252,0.04334879414213039,9.226692003702679,11.421372298935648,23.828957146718924,-20.290994946718925
2005-09-27,2.476507,2.3616031058534785,-2.571354989623928,-1.228674223256274,-0.12273001451526805,3.9191316123760287,11.419786657173495,13.777762148007533,-11.301255148007533
2005-09-28,2.2182026,2.2442659280658788,-2.8997449209412767,-1.4088731145564113,-0.2502842147888779,-0.669776281913441,11.419402863664967,8.434990259530839,-6.216787659530839
2005-09-29,0.6680926,2.1272395775432633,-0.5116060741955331,-1.580872020420812,-0.28651225291515237,-2.9747309927692616,11.419281737921485,8.19279997516399,-7.52470737516399
2005-09-30,0.67802423,2.0098037758535527,0.7834455779560239,-1.5531199438222925,-0.3081661593112038,-3.3806733296057194,11.419187724682365,8.970477645752727,-8.292453415752727
2005-10-01,0.07176469,1.8918241610816167,0.002339820012995819,-1.3093607881419427,-0.4001239135951463,-2.980897489729462,11.419110177575797,8.62289196720386,-8.55112727720386
2005-10-02,0.6147241,1.7737187965222019,-0.750666363163698,-0.9353488581500753,-0.5315255495836856,-2.606635016764574,11.41925650662599,8.36879951548616,-7.7540754154861595
2005-10-03,8.838727,1.6556504820478377,0.001114471829208985,-0.5255759300162042,-0.5891598907278396,-2.81377419671922,11.419655142556485,9.147910078970266,-0.30918307897026587
2005-10-04,12.631346,1.537155534070345,1.075393594946914,-0.12688150192093234,-0.5230674016278173,-4.019474858249122,11.419992172117931,9.363117539337319,3.268228460662682
2005-10-05,22.463396,1.4181254141086606,0.6228777499127262,0.27912041951609495,-0.41654535751135685,-6.053265354883877,11.420248072053903,7.270560943196151,15.192835056803847
2005-10-06,9.574013,1.299377314199853,-1.1633927407388243,0.7610573679390138,-0.39105192763194374,-7.673683857140287,11.420945537326471,4.253251693954283,5.320761306045718
2005-10-07,7.483376,1.1847427232482124,-2.2710061051387602,1.3767070514902553,-0.46956401372655315,-7.144602221518446,11.424040660487051,4.10031809484176,3.38305790515824
2005-10-08,13.146883,1.0716843780419425,-1.3705181890419016,2.093767057785911,-0.564909342271061,-3.8315538636541735,11.427736217013171,8.826206257873888,4.320676742126112
2005-10-09,17.315691,0.9583951377157294,0.7179876954040326,2.7527232344742965,-0.6012343908003916,0.6917419858597993,11.431263517991122,15.950877180644587,1.3648138193554136
2005-10-10,27.429014,0.8445186530145001,1.9678671308784565,3.154888549511198,-0.6027697931029607,3.4795349923096976,11.43458598812158,20.278625520732472,7.1503884792675265
2005-10-11,12.909504,0.7301159538380156,1.0155689517115964,3.22937026547366,-0.6400355025252147,2.6137033902478515,11.437615298866762,18.386338357612672,-5.476834357612672
2005-10-12,1.0833364,0.6163772028449909,-1.7392321999375375,3.1316384848609093,-0.7161257276992332,-0.9101996432758102,11.440778161908684,11.823236278702003,-10.739899878702003
2005-10-13,0.16756915,0.5029078921344883,-4.252067326813851,3.1545873125279953,-0.7495464268065904,-3.6807860332689555,11.444009805083542,6.419105222856629,-6.251536072856629
2005-10-14,0.15492761,0.38936803931932934,-4.095524545090826,3.509027753950785,-0.6779671405773728,-2.5465951408476406,11.447250596022542,8.025559562776817,-7.870631952776817
2005-10-15,21.097893,0.27570368154373587,-0.5351667887415931,4.144955137464655,-0.5439014937979527,2.7253991001404763,11.450500820604786,17.51749045721411,3.5804025427858903
2005-10-16,29.140524,0.16153550527401295,4.169072136281475,4.76611454806515,-0.45040298234074616,9.140538098001459,11.45351664003922,29.24037394532057,-0.09984994532057101
2005-10-17,54.94458,0.04664207227411438,6.233512356419395,5.032668310228164,-0.44554711168779765,12.806635697369849,11.456210106609714,35.13012143121344,19.814458568786563
2005-10-18,73.38546,-0.06962569944716993,3.929986048485648,4.77556099836352,-0.48721985429269593,11.805433720624695,11.458357601515772,31.41249281524977,41.972967184750225
2005-10-19,13.009228,-0.18760592641205526,-0.46732212967345477,4.068618542930805,-0.5244536903401403,7.208422206606145,11.459797778048792,21.55745678116009,-8.548228781160091
2005-10-20,0.58997214,-0.30600017512291955,-2.9920490565516458,3.1505497538161977,-0.5725489605652532,1.72018052842846,11.461105294379403,12.46123738438424,-11.87126524438424
2005-10-21,0.896086,-0.42421406005472895,-2.1825938030826846,2.285920847352128,-0.676582122463512,-2.4654573582654082,11.462417950151545,7.99949145363734,-7.10340545363734
2005-10-22,6.356853,-0.5420539847494628,-0.15104802471951628,1.6695214549172799,-0.8165550831893272,-4.6148071996296105,11.463831143571124,7.008888306200487,-0.6520353062004869
2005-10-23,4.606524,-0.6594655981801529,0.5554434358727539,1.3850809491181675,-0.8996812895330195,-4.922498037862661,11.465391093210465,6.924270552625554,-2.317746552625554
2005-10-24,1.4734159,-0.7757226657450819,-0.03320729829795213,1.4015563761145058,-0.8662728311517951,-3.701830944561441,11.467500342367579,7.4920229787258155,-6.0186070787258155
2005-10-25,0.49772534,-0.8901049594457747,-0.252272481211058,1.6053825294274418,-0.7718562510486728,-1.2988880007901678,11.470374737415101,9.86263557434687,-9.364910234346869
2005-10-26,4.853784,-1.0038537240618908,0.24413201762784636,1.8635017178122495,-0.7273434139139263,1.5513781292288853,11.473344231927143,13.401158958620307,-8.547374958620306
2005-10-27,7.912365,-1.1173787702712503,0.16653466601532063,2.079025598675696,-0.767205242492857,3.7479010413244143,11.476272188150192,15.585149481401515,-7.672784481401515
2005-10-28,0.42943308,-1.2306624269615765,-0.7801518775577599,2.1961029098117737,-0.813841557995491,4.360844052895473,11.479120326847124,15.211411427039543,-14.781978347039542
2005-10-29,4.673925,-1.3432141340330606,-0.8422495034418918,2.1597256293862275,-0.7896229460832549,3.0776249464412047,11.482040607441144,13.744304599710368,-9.070379599710368
2005-10-30,14.738722,-1.4551879461065647,1.0042922872274542,1.8988770226363327,-0.7320983504211209,0.16377895227616768,11.485019604628821,12.36468157024109,2.3740404297589084
2005-10-31,10.9315,-1.567116304162739,2.5334177090061183,1.3869287359081068,-0.7564540137979553,-3.70412398311519,11.487872046795358,9.380524190633698,1.5509758093663013
2005-11-01,2.014494,-1.6789856859564112,0.6362201648178576,0.7274041306251902,-0.904619777176125,-7.36703832370464,11.4906109964793,2.9035915050851706,-0.8890975050851706
2005-11-02,0.0013525132,-1.790670198041422,-3.8633012535201843,0.14608895762768487,-1.073538412114086,-9.238923355769417,11.493332669862976,-4.327011591954449,4.328364105154448
2005-11-03,7.288011,-1.9020096086691747,-5.974034082657911,-0.1508509858520727,-1.121877110754597,-8.05062085538213,11.496112399188146,-5.703280244127736,12.991291244127737
2005-11-04,2.9934964,-2.013160650170672,-2.4133673554511983,-0.1383289211952505,-1.0276934606689467,-3.95392654882178,11.498870825939944,1.9523938896320967,1.0411025103679035
2005-11-05,0.52935326,-2.1240769512525195,3.6702171480064667,-0.0013054032630998719,-0.9062557197358204,1.165427448145559,11.501640893946627,13.305647415847213,-12.776294155847213
2005-11-06,45.482254,-2.2346240311976224,5.877313054406202,-0.0026484736032672124,-0.874620822726602,4.780532981401381,11.504390851236407,19.0503435595165,26.4319104404835
2005-11-07,35.434578,-2.345510617870896,2.20027082373487,-0.304016521822707,-0.9332416436316792,5.404627578753028,11.506725744086316,15.528855363248931,19.905722636751072
2005-11-08,1.6480575,-2.45641549808001,-2.652019581341331,-0.8753044735367964,-0.9976685058011896,3.421367327787859,11.508763415735727,7.94872268476426,-6.300665184764259
2005-11-09,0.0014652032,-2.566562693378553,-3.357469906668574,-1.5469561022722433,-1.0199218586619418,0.5088323833604966,11.510763854256089,3.5286856766352734,-3.5272204734352735
2005-11-10,0.0011269003,-2.6757549372676017,-0.4297766509721618,-2.1320961372415255,-1.0354450807106212,-1.514978761038455,11.512736576834296,3.724685009603931,-3.723558109303931
2005-11-11,5.5463715,-2.7839938487049176,1.3700540090120263,-2.5266860881636357,-1.0899190824633955,-1.4741813147789866,11.514687741541753,5.009961416442843,0.5364100835571568
2005-11-12,14.037874,-2.8913257026444623,-0.061073021397837546,-2.7469752764950597,-1.1643038964965136,0.8012884822458269,11.51674149123249,5.454352076444445,8.583521923555555
2005-11-13,0.124698736,-2.9981879569884367,-1.7440913517695265,-2.898431145090157,-1.2045550577351773,4.236732304406281,11.518737257524759,6.910204050347741,-6.785505314347741
2005-11-14,5.542199,-3.104365758044745,-0.6984298370724318,-3.093934964826379,-1.2056982446874445,6.711488216428077,11.520732903407158,10.129792315204234,-4.587593315204234
2005-11-15,7.2612896,-3.209888416997832,1.3327241242993209,-3.3556474368193814,-1.2188571111650695,6.260666268721629,11.522658943191823,11.331656371230489,-4.070366771230489
2005-11-16,3.6437201,-3.314541740847769,0.6653318469941838,-3.5693065461660862,-1.2640116436335396,2.75522340769467,11.524576762238084,6.797272086279543,-3.153551986279543
2005-11-17,0.73568594,-3.418168617118787,-2.234396590250046,-3.5630638574609304,-1.2795595235146084,-1.6806840862901158,11.526482447477036,-0.6493902271574505,1.3850761671574505
2005-11-18,0.053212978,-3.5205097423610776,-2.8018468776522107,-3.2716945083987463,-1.1991990476944485,-4.3996365498551135,11.528410936405315,-3.664475789556281,3.717688767556281
2005-11-19,0.03607548,-3.6216245896946946,0.8621718848248504,-2.8295662349027086,-1.0630362122888435,-4.589506801415049,11.530341481953611,0.2887795284771659,-0.25270404847716593
2005-11-20,0.008904608,-3.7209412330543294,4.321188414434532,-2.477163676174357,-1.0023074303241724,-3.736159612213913,11.53263549970891,4.91725196237667,-4.90834735437667
2005-11-21,0.007326482,-3.8182956259453324,2.3831524804085142,-2.3484667136541777,-1.0920261073333561,-3.6579845946059417,11.535368892068538,3.001748330938245,-2.994421848938245
2005-11-22,0.2256087,-3.914244089695732,-3.2167128498392583,-2.3455839319578335,-1.2499088137061771,-4.415747541001077,11.538154883175324,-3.604042343024755,3.829651043024755
2005-11-23,0.52642053,-4.008929529478571,-5.182399395050673,-2.2311907970097584,-1.3199705622669644,-4.530500969127651,11.540976925922362,-5.73201432701126,6.2584348570112605
2005-11-24,0.96422946,-4.102441382073484,-0.24375727525599616,-1.8475323692913757,-1.2498913173302209,-3.0909914900306377,11.543834309745483,1.0092204757637688,-0.04499101576376885
2005-11-25,2.0107684,-4.194948039946467,5.797833907064123,-1.2537123146420566,-1.1475387487960984,-1.041511890960139,11.546725185692859,9.706848098412221,-7.6960796984122215
2005-11-26,1.209796,-4.286578294835303,5.081655703924887,-0.6624661118839196,-1.1451127483045762,-0.05144770432664532,11.54959568513937,10.485646529713812,-9.27585052971381
2005-11-27,1.9918275,-4.376720409853368,-1.9716466596572206,-0.2641405932189477,-1.2391291680547423,-0.47890861722047734,11.552616064649106,3.2220706166443485,-1.2302431166443484
2005-11-28,0.6014027,-4.464831174777329,-6.833669878446927,-0.11554616479199178,-1.3034847139352443,-1.048141300151801,11.555930713324218,-2.209742518779077,2.811145218779077
2005-11-29,1.6225713,-4.5514730494264946,-3.7098858839538664,-0.16685387399137042,-1.254357430272718,-0.5741725394733788,11.559268955492724,1.3025261783748974,0.32004512162510257
2005-11-30,1.4095868,-4.636816139717213,3.1065933014588265,-0.3497412526676811,-1.157919077007142,0.5458502504358582,11.562621199093236,9.070588281595885,-7.661001481595886
2005-12-01,0.20481646,-4.720764957348678,4.9756229892937505,-0.6142021497771767,-1.146086399743196,0.950670146889711,11.566080515349293,11.011320144663705,-10.806503684663705
2005-12-02,2.4969037,-4.803484002780447,-0.01608348443621216,-0.9070203082548107,-1.250828985683091,0.12816974599468534,11.569576385133852,4.720329349973976,-2.2234256499739757
2005-12-03,6.6059365,-4.885121987403844,-5.150279825399174,-1.1661296028649475,-1.3658551769620755,-0.9544206495021907,11.57304236971224,-1.948764872419991,8.554701372419991
2005-12-04,12.963086,-4.965691818906901,-4.2280064819665295,-1.358597249517332,-1.3755814119032577,-1.11580835070713,11.576449833768567,-1.4672354792325848,14.430321479232585
2005-12-05,4.5913453,-5.045285347765652,0.8034563946451858,-1.508284957027284,-1.283275506792398,-0.3877252823931374,11.579749069747127,4.158634370413841,0.4327109295861593
2005-12-06,1.5430105,-5.123792591728966,3.3618894609216774,-1.664672413023356,-1.1866483931925251,0.1741029185081479,11.583003812556466,7.143882794041445,-5.600872294041444
2005-12-07,1.9194927,-5.201186469062831,1.1208430880438967,-1.843720077359018,-1.1500537219435754,-0.12956136401717105,11.586244136492814,4.382565592154116,-2.4630728921541154
2005-12-08,2.3082798,-5.277361664018768,-1.881595417038786,-2.0089857821464614,-1.1411442070942859,-0.880358547454429,11.589456030632707,0.4000104128799773,1.908269387120023
2005-12-09,0.7846331,-5.3521115309961935,-1.7134767871895198,-2.1166489403401494,-1.0968411455372553,-1.1865030725479007,11.592647049916009,0.12706557330499102,0.657567526695009
2005-12-10,0.14985503,-5.425203361845211,0.30687018857843085,-2.1770295853002866,-1.0139900767527041,-0.7012902713188195,11.595940616950212,2.585297510311621,-2.4354424803116212
2005-12-11,3.1827633,-5.496983953572126,0.6747035465355293,-2.261973440340553,-0.9442495291184017,0.22894393450742082,11.599276283614433,3.799716841626302,-0.6169535416263021
2005-12-12,3.6836627,-5.567562480608309,-0.512212498091165,-2.450679373561504,-0.9168863079695031,1.126371959604421,11.602576757510016,3.2816080568839574,0.4020546431160428
2005-12-13,1.534479,-5.636706772543112,-0.04379719823492556,-2.7734832956722,-0.9082259797526699,1.6504385223772222,11.6058516815729,3.894076957747215,-2.359597957747215
2005-12-14,1.0536497,-5.70420039743168,2.6127473508002788,-3.1996655458589376,-0.8962223286013224,1.4026938108572786,11.609139914622899,5.824492804388517,-4.770843104388517
2005-12-15,1.9006792,-5.770025179765519,3.5193338179732576,-3.6542446264023316,-0.9056173361223803,0.04878081915860044,11.612506887584452,4.850734382426079,-2.9500551824260794
2005-12-16,0.97314745,-5.8341858404289715,-0.08744716247723927,-4.039645853779429,-0.9635415533677558,-2.0190121355562245,11.615915711788082,-1.3279168338215364,2.3010642838215363
2005-12-17,0.33618045,-5.896640983660137,-4.759861094451069,-4.27005942464978,-1.0275804191349147,-3.466725877279333,11.61930466240028,-7.801563136774954,8.137743586774954
2005-12-18,0.14389248,-5.957356138485197,-4.464129309622994,-4.324456242377273,-1.006151256008022,-3.045002045353072,11.622688691026276,-7.174406300820284,7.3182987808202835
2005-12-19,0.13853249,-6.016434565101308,1.2323571390197947,-4.279184135018973,-0.8692658956557433,-0.9923244214805886,11.626057629907287,0.701205751670468,-0.5626732616704679
2005-12-20,0.036211103,-6.074161741075017,5.6819389880912885,-4.264180586331898,-0.7074001544104943,0.9133409986960359,11.629415595112897,7.178953100082813,-7.142741997082813
2005-12-21,0.0589604,-6.130561857203699,3.1734054352179,-4.356262768819796,-0.6432478226693882,0.9929913961499014,11.632768174395798,4.669092557070716,-4.610132157070716
2005-12-22,0.2570987,-6.185350418700569,-3.6611095832979395,-4.505340107402434,-0.6884843244863459,-0.7205186042025251,11.636126096278375,-4.124676941811439,4.381775641811439
2005-12-23,0.12972777,-6.238363477402261,-6.799012158806271,-4.570903934026093,-0.7230708440194614,-2.668753353280604,11.639517721807216,-9.360586045727473,9.490313815727474
2005-12-24,0.82433736,-6.289656709526853,-2.5547320926585813,-4.440550865464306,-0.6354134149045645,-3.4434600311239,11.642904518098915,-5.72090859557929,6.545245955579291
2005-12-25,0.23735617,-6.3392611813060675,4.1416333550635756,-4.117786033708581,-0.45978915512947693,-2.981773373292094,11.646271105188127,1.889294716815483,-1.651938546815483
2005-12-26,0.3055538,-6.387094984030533,5.941144555737574,-3.691259568672241,-0.3393097097696001,-2.0790453250669523,11.649613686853554,5.0940486550518,-4.7884948550518
2005-12-27,0.08045218,-6.430615405800477,1.5963306756040716,-3.232319652426005,-0.3553903677630046,-1.1692499613281813,11.654246503666876,2.0630017919532797,-1.9825496119532797
2005-12-28,0.001756358,-6.470696777139,-3.4740554660552694,-2.7387126221315823,-0.4279952206312136,-0.047060134976988466,11.659542292646664,-1.49897792828739,1.50073428628739
2005-12-29,0.21055946,-6.508766730850747,-4.153976186611298,-2.1930757144038617,-0.41019219422473296,1.2544578489143683,11.664817101165205,-0.3467358760110635,0.5572953360110635
2005-12-30,0.21597219,-6.544866979856904,-0.9239372482959285,-1.644459568409358,-0.25861610438118565,1.86489705988361,11.67005616454722,4.163073323487453,-3.9471011334874526
2005-12-31,0.014006277,-6.577718647555031,2.0688086311718146,-1.1951319316390003,-0.07346455456787596,0.8071906366166729,11.675137371637904,6.7048215056644835,-6.6908152286644835
2006-01-01,0.116925225,-6.6068872128662,2.2338257703005335,-0.9031981622591894,0.027813560383866474,-1.7109162238852407,11.680827009575191,4.721464741248962,-4.604539516248962
2006-01-02,9.80651,-6.633821541044215,0.4183398579981158,-0.7283409173506467,0.034577672946668525,-4.025146516712013,11.686660845030856,0.7522694008687658,9.054240599131234
2006-01-03,5.9391236,-6.659059439298524,-1.2698369407202188,-0.5508183953159882,0.035850184727366924,-4.281019109150994,11.692342819758956,-1.0325408799994023,6.9716644799994025
2006-01-04,0.9673808,-6.682501140062197,-1.7410366077727688,-0.2876195195158027,0.09664961685614606,-2.116840898587762,11.697957214931238,0.9666086658488542,0.0007721341511458535
2006-01-05,1.252701,-6.704129400479172,-0.9436392031405381,0.04001491667060567,0.19047747907605816,0.9606084250653316,11.703572019714379,5.246904236906665,-3.9942032369066647
2006-01-06,1.565807,-6.724092123215232,0.7855982386347844,0.35534698474311377,0.25694898353628637,2.7837128587241167,11.70917080730625,9.16668574972932,-7.60087874972932
2006-01-07,1.6183946,-6.741366949788411,2.417305817163476,0.6316143458865248,0.2888744931519165,2.1717406603575733,11.715321185224392,10.48348955199547,-8.86509495199547
2006-01-08,0.2518443,-6.75649958969478,2.183522883795946,0.9451366657353605,0.3325523855929164,-0.2702505831454787,11.721644794734521,8.156106557018486,-7.904262257018486
2006-01-09,1.5068778,-6.769850905160984,-0.7209924209605495,1.423476054670126,0.41488715134380605,-2.5784141437661807,11.727976698140097,3.4970824342663143,-1.9902046342663142
2006-01-10,4.399236,-6.781489655319243,-4.320430560295305,2.1439307172957074,0.5111746431067925,-2.6023362479172474,11.734299144722376,0.6851480415930808,3.7140879584069193
2006-01-11,0.4753454,-6.791408791818004,-4.933779372408295,3.0641442099824125,0.5965754813988058,0.763247846534688,11.74055797349841,4.439337347188016,-3.963991947188016
2006-01-12,0.03645546,-6.799365362556975,-0.9117701183742316,4.015319938492234,0.6940589802212256,6.794057510497864,11.746833548756229,15.539134497036345,-15.502679037036344
2006-01-13,3.7792726,-6.805371467783791,5.022001259832683,4.748045084936749,0.8355463248186756,12.97825911327254,11.753136551839427,28.53161686691628,-24.752344266916282
2006-01-14,88.3221,-6.809861954966916,7.878681224792553,5.026955306647025,0.9883602442227151,16.09459846229201,11.759386914908912,34.938120197896296,53.38397980210371
2006-01-15,43.555443,-6.815119205229333,5.047311144989184,4.7511971289133195,1.0654510573087212,13.976705841761186,11.764298424170953,29.78984439191403,13.765598608085966
2006-01-16,3.1740394,-6.818907522062155,-1.2328035230716807,4.049262891874903,1.0317617260129057,7.005307876171532,11.769145577149137,15.803767026074643,-12.629727626074644
2006-01-17,2.2084289,-6.819812150719517,-5.9579294226566955,3.2195787888608782,0.9666561959995834,-1.8834674000908591,11.774700786727523,1.2997267981209149,0.9087021018790851
2006-01-18,0.5228054,-6.818717076899192,-5.6436801819972215,2.555071310346242,0.9881235617918012,-8.77247484801632,11.780379424226338,-5.91129781054835,6.43410321054835
2006-01-19,0.060606748,-6.81563437361487,-0.9868226966089241,2.171709628689715,1.1169501957781613,-10.97367419846918,11.786106622703787,-3.7013648215213113,3.7619715695213114
2006-01-20,1.0902747,-6.8106706381529385,3.92682680995958,1.9657985254196266,1.247658794525852,-8.466206518988812,11.791851425405914,3.655258398169222,-2.564983698169222
2006-01-21,25.499092,-6.803960969842226,5.034408427708131,1.7318893777359627,1.2719121848744535,-3.634077890271631,11.797613226185945,9.397784356390634,16.101307643609367
2006-01-22,8.275947,-6.796095948538389,1.7279805281451255,1.3376670018301404,1.210209170219654,0.3962760794509537,11.803038259023316,9.6790750901308,-1.4031280901307994
2006-01-23,0.31254536,-6.786584822573273,-2.5419340955475898,0.8125855815872602,1.1883667086682206,1.5706982480618397,11.808415480330531,6.051547100526988,-5.739001740526988
2006-01-24,0.20336057,-6.775332229390573,-3.480208753612721,0.2910462630618046,1.28187421535796,-0.3028195638085576,11.813839666636722,2.8283995982446353,-2.625039028244635
2006-01-25,0.06144564,-6.762386536506142,-0.3227692985337317,-0.09676026386781084,1.4194677951952173,-3.9256657308429324,11.819281678483893,2.1311676439284923,-2.0697220039284923
2006-01-26,0.00037252903,-6.747721456447013,3.176919955328589,-0.28081525166044097,1.4654349772581878,-7.385748779925499,11.824740142429933,2.0528095869837575,-2.0524370579537576
2006-01-27,0.91311616,-6.731153064622344,2.760952972481849,-0.2343438754148524,1.3804636247599098,-8.898231684664,11.830270727455241,0.10795869999580532,0.8051574600041946
2006-01-28,0.55096203,-6.712783370465776,-1.4060729590123227,0.05309491291228158,1.2665777455109621,-7.338052686463179,11.835828456280408,-2.301407901237626,2.852369931237626
2006-01-29,0.0030735973,-6.692564769980227,-4.679587772294882,0.5678253370548769,1.2484425531679495,-2.717754584840983,11.84140788161846,-0.4322313552748067,0.4353049525748067
2006-01-30,0.004751142,-6.670400486269373,-3.211569045385172,1.2450733983657556,1.3391112628583848,3.5679088192437183,11.847041534669343,8.117165483482658,-8.112414341482658
2006-01-31,8.813205,-6.6464507432181374,1.5306003753796666,1.9634711497948447,1.4433111251804829,9.197899624911129,11.852686943096959,19.341518475144944,-10.528313475144945
2006-02-01,80.21583,-6.621245416482401,4.492071719358484,2.577075739018599,1.4768457586099508,12.12504215394226,11.858214224080758,25.90800417852765,54.30782582147235
2006-02-02,32.507473,-6.5968218952167135,2.901741448783772,2.962079429292682,1.4493563567625172,11.74993889151325,11.862555099742307,24.328849330877816,8.178623669122182
2006-02-03,1.0319171,-6.571960540902079,-0.8772538552808204,3.0596941061277976,1.4259904718098562,9.152190307031054,11.866414492661189,18.055074981447,-17.023157881447
2006-02-04,0.4246265,-6.545645404245469,-2.7289998981289436,2.8675314668918777,1.4357509089805858,6.12862441742266,11.87025889374806,13.02752038466877,-12.60289388466877
2006-02-05,0.11173333,-6.517801452243912,-1.528136979959012,2.433207113407076,1.452958786114122,4.005775999168949,11.874091790914234,11.720095257401457,-11.608361927401457
2006-02-06,7.0726466,-6.48845293320222,0.5956263767391993,1.8493114307320075,1.4551471865412662,3.080565448098379,11.877919337219463,12.370116846128095,-5.297470246128095
2006-02-07,6.918689,-6.457805120374173,1.6933859712341113,1.2196141999457395,1.4554463064317011,2.7269133439079494,11.881633449242479,12.519188150387807,-5.600499150387807
2006-02-08,1.6311612,-6.425798188847508,1.8331107222812897,0.6119735260552257,1.4629287930336716,1.8277227605302866,11.885254506209726,11.195192119262693,-9.564030919262693
2006-02-09,0.7589264,-6.39213397214948,1.469975664389196,0.048825679115887644,1.4446861856536266,-0.5806801573882059,11.888891134067624,7.879564533688648,-7.120638133688648
2006-02-10,0.00397861,-6.356695368001359,0.04500287688936592,-0.4440711294393546,1.3664019933557965,-4.476869820838092,11.892562995953798,2.0263315479201527,-2.022352937920153
2006-02-11,0.057645608,-6.319400946582036,-2.4075250981384144,-0.7875164496544083,1.2637848022785363,-8.376172830529546,11.896327643405366,-4.7305028792205,4.7881484872205
2006-02-12,2.4840748,-6.280326716700548,-3.569179358423032,-0.8743771733226401,1.2294545819328326,-10.021717180700378,11.900164089228236,-7.615981757985528,10.100056557985528
2006-02-13,0.659382,-6.239516168818026,-1.0510366056967364,-0.662105794073476,1.3038098525187052,-8.134334731592674,11.903996888393987,-2.87918655926822,3.53856855926822
2006-02-14,0.007132301,-6.196964342586308,3.5862827338475856,-0.22975634295062314,1.4043407599472228,-3.7256142454464443,11.907871568607527,6.746160131418961,-6.73902783041896
2006-02-15,8.969349,-6.1525008278549205,5.292380951787282,0.2753446134433788,1.4017567772567299,0.5115544612814307,11.911969764668518,13.24050574058242,-4.27115674058242
2006-02-16,16.374056,-6.106541006959017,1.4977995274557396,0.7557415655743018,1.2690219737837467,2.3515079738807207,11.916024438577077,11.683554472312569,4.690501527687431
2006-02-17,8.911776,-6.059133279007353,-3.773573503297528,1.222118585093996,1.1206391318583229,1.6147473464272843,11.920046059228797,6.044844340303519,2.8669316596964807
2006-02-18,2.05513,-6.010338593512005,-4.079435337876209,1.7354964489768816,1.0820821802707243,-0.3162588147608448,11.924014777032358,4.335560660130906,-2.2804306601309055
2006-02-19,0.27390245,-5.959443733046561,1.2455989147096291,2.307414696926062,1.140742251468353,-2.192674966142169,11.928301796132729,8.469938960048044,-8.196036510048044
2006-02-20,41.871593,-5.906463479081458,5.547069259570613,2.8870654091042733,1.1642812770513786,-3.677968387759711,11.932913699134456,11.946897778019553,29.924695221980443
2006-02-21,18.63989,-5.852806546699185,2.874654347077401,3.441253901264811,1.0659467229800035,-4.537962228898535,11.937098896072111,8.928185091796607,9.711704908203394
2006-02-22,0.19128202,-5.798147475692164,-4.202075577712338,4.019038046831571,0.9145488379202336,-3.775124591048299,11.941103991308516,3.09934323160752,-2.90806121160752
2006-02-23,2.734259,-5.742101541791758,-7.322082448023122,4.684524559671391,0.8507111517168916,-0.37790263709423044,11.945141478259774,4.038290562738949,-1.3040315627389485
2006-02-24,13.36912,-5.684159849170067,-2.5188883693526365,5.396995698505076,0.9164632173662007,5.038616278802846,11.949478006469091,15.098504982620511,-1.7293849826205108
2006-02-25,5.577936,-5.624820872921324,4.948993887620436,5.988748148841764,1.008613941429002,9.91673038801931,11.953865456808044,28.19213094979723,-22.61419494979723
2006-02-26,51.28789,-5.564304863429859,7.1013002733552675,6.278066652991697,1.0038366504143093,11.591150178232942,11.958292667049871,32.36834155861423,18.919548441385764
2006-02-27,18.410112,-5.504079030111912,2.59048475932115,6.202250407660855,0.8941226410036147,9.497628364445335,11.961944981841997,25.64235212416104,-7.232240124161038
2006-02-28,4.7302494,-5.4431883382059,-2.6376414700007516,5.861582430202183,0.7772806005072057,5.500063502312755,11.965325624221098,16.02342234903659,-11.29317294903659
2006-03-01,41.628555,-5.381180561152657,-3.323508932579523,5.418921444218002,0.727767423605556,2.0435513132807115,11.968645682338243,11.454196369710331,30.174358630289667
2006-03-02,29.903856,-5.3190956458125385,-0.6403181309260274,4.981938185021657,0.7178905363055657,0.25600648342290855,11.971333798996914,11.96775522700848,17.936100772991523
2006-03-03,18.617975,-5.2566434007384375,0.9580233364100346,4.58009885587372,0.675032030224313,-0.21835731483497572,11.973576895106508,12.711730402041162,5.906244597958839
2006-03-04,5.4699087,-5.193259098649095,0.14034706041823897,4.208778723414302,0.5794071243968584,-0.12367948559214365,11.975633026926399,11.58722735091456,-6.11731865091456
2006-03-05,0.055302165,-5.128331091450145,-0.5300281388186756,3.874224547916402,0.47663588204684004,0.2102055537994211,11.9778872804928,10.880594033986641,-10.82529186898664
2006-03-06,2.6035674,-5.062027771785406,0.6088610374368634,3.585682728850098,0.40707247813790637,0.6865917695536435,11.980305273012215,12.20648551520532,-9.60291811520532
2006-03-07,2.9700718,-4.994430457601003,1.7282874134927186,3.3205436141999756,0.36192705278943216,1.003605475238452,11.982847085060149,13.402780183179724,-10.432708383179724
2006-03-08,0.30910504,-4.925787100647408,0.7458774877134287,3.015812995225023,0.31935043503795857,0.7474720514178446,11.985394920956349,11.888120789703196,-11.579015749703196
2006-03-09,0.88961303,-4.856072040608826,-1.0445154235527119,2.5980747912935978,0.28868905257095556,-0.19505525159115042,11.987962963662826,8.779084091774692,-7.889471061774692
2006-03-10,14.021923,-4.78524181815332,-0.8244861283290595,2.028427080087038,0.2869878329241017,-1.553693630275177,11.990534119591393,7.142527455844975,6.879395544155024
2006-03-11,4.3463483,-4.713523554104235,1.1400197900564157,1.3398174061390469,0.2866290371938084,-2.930045207740213,11.992907721631534,7.115805193176357,-2.769456893176357
2006-03-12,6.126165,-4.639844484293426,1.4188691983688937,0.6456964070863223,0.2292340462277465,-3.8966369591346948,11.995676075978288,5.75299428423313,0.37317071576687066
2006-03-13,12.665674,-4.5647347648423615,-1.4194739683083453,0.08986988260361584,0.1074255778487635,-3.9272862989235966,11.99851913713238,2.2843195655104562,10.381354434489543
2006-03-14,7.0921125,-4.4886120327645935,-3.83588267106051,-0.25173408098835826,0.0019653740165663444,-2.6477044805852143,12.001284303918428,0.7793164125363177,6.312796087463682
2006-03-15,1.4278083,-4.411502975480705,-1.5778969301665184,-0.4432624390349748,0.0019272219687866445,-0.46271476837228726,12.00398307734894,5.110533186263241,-3.682724886263241
2006-03-16,20.515017,-4.333295077642155,4.0316772807412065,-0.6591134819958184,0.08966949821743644,1.2627504152052693,12.006702343864315,12.398390978390255,8.116626021609745
2006-03-17,15.681499,-4.254522382421138,6.674471677646592,-1.0475847822102073,0.14009781135013732,1.1789076424765244,12.009148785698152,14.70051875254006,0.9809802474599412
2006-03-18,1.4010754,-4.174796130508941,2.647909462367596,-1.583371512206964,0.057491145750676376,-0.5979419478707926,12.011538677494242,8.360829695025817,-6.959754295025817
2006-03-19,2.7374673,-4.0938658497871,-4.10806966189464,-2.061404068478222,-0.10735856746993847,-2.2662003778107254,12.01401722308857,-0.6228813023520541,3.360348602352054
2006-03-20,0.6425113,-4.011931547187253,-6.351414551270075,-2.265275429919269,-0.2081622438844678,-1.9531946097310413,12.016474367438708,-2.7735040145533976,3.4160153145533974
2006-03-21,0.7489265,-3.9290503467617093,-2.0172069892172195,-2.1614188424298675,-0.17029376669786073,0.3815206010339774,12.018934079700465,4.122484735627785,-3.3735582356277853
2006-03-22,10.274014,-3.845171500786928,3.6728859859473912,-1.938937564681869,-0.07827019979816596,2.8201467535549516,12.021405748163161,12.652059222398542,-2.3780452223985424
2006-03-23,13.439657,-3.7603435086239423,4.723821344123533,-1.8518259844348242,-0.07751939521775014,3.350702855317255,12.023849827366895,14.408685138531167,-0.9690281385311668
2006-03-24,2.0922725,-3.674174967780452,1.0398494344383888,-2.0128513686100766,-0.20770460139941269,1.7505198202474017,12.026567501332002,8.922205818227852,-6.829933318227852
2006-03-25,0.5047594,-3.586808829786414,-2.5811013519492843,-2.3294632401813766,-0.3634409157301273,-0.445389225550748,12.029511409272896,2.7233078460749454,-2.218548446074945
2006-03-26,1.2460616,-3.4980745494916823,-2.732270070800558,-2.6186777740082308,-0.418953030189957,-1.6442040033231258,12.032755835827803,1.1205764080142497,0.12548519198575026
2006-03-27,2.6538422,-3.4083252531645307,-0.6327823624927298,-2.7575305474091505,-0.3588605165291813,-1.5859755168757004,12.036075298478933,3.292601102007641,-0.6387589020076407
2006-03-28,2.6989226,-3.3177964065894496,0.729995136963759,-2.73871261890504,-0.27184846274445584,-1.1257539996050834,12.03936156540848,5.315245214528211,-2.6163226145282112
2006-03-29,1.61776,-3.2260246117074836,0.5226141445798117,-2.6175762467889,-0.23708656796444863,-1.0185909582382087,12.04288254655004,5.466218306430811,-3.848458306430811
2006-03-30,4.2884474,-3.1331846411202147,-0.04042128045817295,-2.437934080386857,-0.24903660156580743,-1.18896811904752,12.046549007289647,4.997004284711075,-0.7085568847110748
2006-03-31,1.6811904,-3.039483198056408,-0.3541075323224495,-2.2148528070645326,-0.2557385861414687,-1.0607308089137728,12.050260851768,5.125347919269368,-3.4441575192693676
2006-04-01,0.028658658,-2.945026041003615,-1.031063616471289,-1.9603273587114372,-0.23591966938318312,-0.2565681557923181,12.053986376685389,5.625081535323546,-5.596422877323546
2006-04-02,13.922426,-2.8497146623788154,-1.9531956773114343,-1.7014067880337906,-0.2120928607978145,1.1307268549646976,12.057798509127618,6.472115375570461,7.450310624429539
2006-04-03,6.417404,-2.753824680980057,-1.5505585657943535,-1.467352439690358,-0.20121077403117146,2.713712600532074,12.061500929741136,8.80226706977727,-2.3848630697772704
2006-04-04,0.28057164,-2.6565329027921782,0.9599618018586202,-1.2769722220751236,-0.18947643553944113,3.959965003680633,12.0655763598577,12.86252160499021,-12.58194996499021
2006-04-05,29.771267,-2.5579208091164123,3.622062082600528,-1.1542983953499586,-0.16771411683825416,4.165422622252413,12.070068608771377,15.977619992319692,13.79364700768031
2006-04-06,13.801786,-2.4595051024345658,3.494683930219639,-1.13453474725345,-0.1625586748393289,2.630069049019924,12.074166883976622,14.44232133868884,-0.6405353386888404
2006-04-07,4.8330398,-2.3610602156274094,0.2883607114164715,-1.2190799683025535,-0.20158232532697354,-0.777555228110157,12.078058447184606,7.807141421233984,-2.9741016212339844
2006-04-08,3.4731681,-2.2621503159720877,-2.9821116912026255,-1.3315499650677731,-0.2586831252529154,-5.156931377469439,12.081936075041755,0.09050960007691522,3.382658499923085
2006-04-09,1.3128748,-2.1625729808114986,-3.327810632732644,-1.3269403244044415,-0.26645910589293675,-8.736724883410018,12.085859925651663,-3.7346480015998758,5.047522801599875
2006-04-10,8.480321,-2.062152087641084,-0.9269475891998957,-1.0706895558053264,-0.1966114228302315,-9.723844259007903,12.08990329324418,-1.8903416212402604,10.37066262124026
2006-04-11,37.235775,-1.9612069993753014,1.5754488175901202,-0.5378355433209628,-0.10765993051516498,-7.358055085582689,12.093870058946633,3.7045613177426358,33.53121368225736
2006-04-12,41.644344,-1.8601273871594746,2.214720201355604,0.14989553021826285,-0.08722965899882085,-2.493623781399617,12.097591097285367,10.021226001301322,31.623117998698675
2006-04-13,3.663299,-1.759235087380842,1.314073642320872,0.7916459581583932,-0.14922644740790297,2.7250949246950724,12.100916643672123,15.023269634057716,-11.359970634057715
2006-04-14,4.0780687,-1.657864033833666,0.25087299810642816,1.2180681272534395,-0.21703029398093282,5.955507105555186,12.104278545052267,17.65383244815272,-13.57576374815272
2006-04-15,1.3486217,-1.556215740204519,-0.28029962691271926,1.360677142849955,-0.22033620092301592,5.922908567497389,12.107604935216251,17.334339077523342,-15.985717377523342
2006-04-16,7.780199,-1.4542784130954387,-0.3806480450020643,1.261325805430928,-0.1835964268145145,3.1365110585102443,12.110945988404179,14.490259967433333,-6.710060967433334
2006-04-17,2.1353312,-1.3516821011597508,-0.19815295154515067,1.0253790628603998,-0.19299817142539138,-0.4905533351635649,12.114523313822675,10.906515817389216,-8.771184617389217
2006-04-18,0.075344,-1.2481435368614235,0.1630347963662507,0.7627529046572055,-0.28021950919063826,-2.869580932441384,12.11843348471137,8.64627720724138,-8.57093320724138
2006-04-19,0.06270827,-1.1436000568524023,0.29227392063548674,0.5377679258602195,-0.37317664165263836,-2.9396027182039215,12.122667643110802,8.496330072897546,-8.433621802897546
2006-04-20,15.842209,-1.038236387147661,-0.18493309143058323,0.3509441928414284,-0.3795378372427567,-1.0033430502330327,12.127101847243669,9.871995674031064,5.9702133259689365
2006-04-21,7.9156322,-0.9323415100108932,-0.8844892621115995,0.15854535478912712,-0.30072903495337505,1.8448305045246831,12.131591900368345,12.017407952606288,-4.1017757526062875
2006-04-22,0.5557504,-0.8258878521840043,-0.9108948600286714,-0.08143016249998884,-0.23346891302187683,4.522044568575454,12.136265181815801,14.606627962656713,-14.050877562656712
2006-04-23,0.2696328,-0.719175094619311,-0.05092402300294274,-0.38797851925294197,-0.2598277443980213,6.294634445320931,12.141027517315354,17.017756581363066,-16.748123781363066
2006-04-24,16.78423,-0.6123463551807974,0.8258897450437613,-0.7747436375462798,-0.3609553369314277,6.663911812168064,12.145872346913146,17.88762857446647,-1.1033985744664676
2006-04-25,20.819473,-0.5059172684268769,0.8910311721306975,-1.2713060609338107,-0.45230158204699916,5.310527691129293,12.150544146556506,16.12257809840881,4.69689490159119
2006-04-26,2.5960174,-0.39975594805160114,0.3847783002715733,-1.9059727246099951,-0.48580255327119226,2.3814235391017875,12.15510064385925,12.129771257299822,-9.533753857299821
2006-04-27,6.757751,-0.2934137773636797,0.019059684294841173,-2.655459920917704,-0.4908294127087547,-1.2117304936131648,12.15977644062784,7.527402520319379,-0.7696515203193792
2006-04-28,4.9506025,-0.18715609074857623,-0.19025726193733494,-3.4133015122078874,-0.5160748892715298,-4.025847449054341,12.164403190050159,3.83176598683049,1.1188365131695095
2006-04-29,8.242888,-0.08094628030496728,-0.7208734004814895,-4.019697851304944,-0.5610052537521311,-4.942842915599458,12.169059955686354,1.8436942542433634,6.399193745756637
2006-04-30,4.8207145,0.025008366846251084,-1.3930509881030906,-4.349924964724578,-0.587962404742152,-4.069581958250026,12.17364573145898,1.7981337824853831,3.022580717514617
2006-05-01,0.402231,0.1307861927943445,-1.3715370519868482,-4.381615661316882,-0.5860903510192198,-2.773441020474438,12.17816440828591,3.1962665162828667,-2.7940355162828667
2006-05-02,37.16558,0.23690755661307744,-0.5578487066194123,-4.177289833651169,-0.5883794275973141,-2.562906086378207,12.182888257496533,4.533371759863508,32.63220824013649
2006-05-03,13.642606,0.34226393172557434,-0.029106994576373994,-3.806190257990752,-0.6169770788339134,-3.648163607670706,12.187187989993774,4.429013982647603,9.213592017352397
2006-05-04,0.048955202,0.4471589829741548,-0.3916168650771444,-3.2914170424500626,-0.641000120543673,-4.579154454956115,12.191321333649347,3.7352918335965057,-3.6863366315965056
2006-05-05,0.02043508,0.5519627467837502,-0.5543021108876858,-2.6566386560232953,-0.6203944002842018,-3.6108635548355523,12.195474411525598,5.305238436278613,-5.284803356278613
2006-05-06,0.06713509,0.65677165905784,0.703371890298247,-1.988083941172513,-0.5771702062852831,-0.5736288143960341,12.19963542954139,10.420896017043646,-10.353760927043645
2006-05-07,34.53067,0.762388947925116,2.2869819302358363,-1.4198282820595414,-0.5872418327903002,2.682830663518914,12.204289236616946,15.92942066344697,18.601249336553032
2006-05-08,17.37846,0.867460587204482,1.5630127090459678,-1.0449361992709831,-0.6865679261900138,3.881750213129052,12.208779840726525,16.78949922464503,0.5889607753549697
2006-05-09,1.9417754,0.9717186704587365,-1.7549276053809466,-0.8457353110936753,-0.8086080157975253,2.4057153019698645,12.213075887039812,12.181238927196265,-10.239463527196264
2006-05-10,2.3771644,1.0755436917497834,-4.068729972439137,-0.7349499060990385,-0.8471981754748383,-0.340718590810846,12.217379755961165,7.301326802887088,-4.924162402887088
2006-05-11,17.844269,1.1791599805791064,-1.9587752428232792,-0.6512856248002817,-0.7785189167298119,-2.5568278986502913,12.221824726869551,7.4555770244449935,10.388691975555007
2006-05-12,2.5720453,1.282001165351442,2.7873787397117806,-0.5980806245879156,-0.6936240460441931,-3.7038148974174336,12.22608660988717,11.29994694690085,-8.72790164690085
2006-05-13,21.458681,1.384276208913553,4.4636994153591125,-0.578611075129663,-0.6949435906833441,-4.302387947399919,12.230342290875532,12.50237530193527,8.956305698064728
2006-05-14,16.829351,1.4855277791036183,0.5424452490122451,-0.5229002899508699,-0.7799601910259784,-4.397418196017193,12.23432788889815,8.562022240019973,8.267328759980026
2006-05-15,2.5508928,1.5858615360396509,-4.404811353235427,-0.3096574357546711,-0.8513037347413126,-2.9235366526269777,12.238080793644722,5.334633153325984,-2.783740353325984
2006-05-16,5.3340983,1.685927482089771,-3.921147807010711,0.10396133814420383,-0.8408050948843406,0.8782642790298696,12.241988745025044,10.148188942393837,-4.814090642393837
2006-05-17,15.531385,1.7853440785005157,2.009913766658022,0.5924899924916008,-0.7914098806471741,5.677639743642034,12.245888487328928,21.519866187973925,-5.988481187973925
2006-05-18,17.700365,1.8845556025241619,6.427144226561898,0.9353821614171752,-0.7975420987198554,8.425988044160555,12.250040524372974,29.12556846031691,-11.425203460316908
2006-05-19,10.870923,1.9829548941630355,3.8696134962486153,1.0088222135155656,-0.881716834365545,7.018257207493762,12.254060801976154,25.251991779031584,-14.381068779031585
2006-05-20,26.479433,2.0808740267042563,-2.789629860826779,0.9082263910660691,-0.9646152927905767,2.531574178676403,12.25815930606748,14.024588748896853,12.454844251103147
2006-05-21,10.013693,2.1777445218924143,-5.958651398053725,0.8814325366597473,-0.9606788361428014,-1.4819902773540672,12.261990368331489,6.919846915333057,3.093846084666943
2006-05-22,0.33069867,2.273809053403303,-2.666303382278522,1.1332286567553451,-0.8765794635349189,-2.050507701665085,12.265673935463388,10.079321098143511,-9.748622428143511
2006-05-23,1.5915898,2.3694123471794466,2.3256240756264943,1.6605197716988103,-0.7980109483701187,0.8139012782571186,12.269396319152928,18.64084284354468,-17.049253043544677
2006-05-24,66.71781,2.4645433711424687,3.1575966118004546,2.258941183264117,-0.7899808887889774,4.562502158169601,12.273213729765335,23.926816165353,42.790993834647
2006-05-25,38.599133,2.5573964602743455,0.07104862260646538,2.674815342079913,-0.836090988927492,6.562773003243039,12.27616412232537,23.30610656160164,15.29302643839836
2006-05-26,0.103377506,2.6493447266536423,-1.9536077359376844,2.7750441604573415,-0.8782531948574288,6.0270255016063485,12.279045418789831,20.89859887671205,-20.79522137071205
2006-05-27,15.591988,2.740959425826702,-0.38883832397563023,2.586191575326905,-0.8937065849418322,3.8608095149924417,12.28210274733609,20.187518354564677,-4.595530354564676
2006-05-28,22.253527,2.8314412233190174,1.9618613722643239,2.220199401907352,-0.9086358527836568,1.2788418663529766,12.284941357042584,19.6686493681026,2.584877631897399
2006-05-29,4.419593,2.9204512566093834,1.596163901979377,1.785376455891571,-0.9442764382083952,-1.167372321880435,12.287463092147659,16.47780594653916,-12.058212946539161
2006-05-30,18.769943,3.008528733528129,-0.8975964105882908,1.3383465215713435,-0.9818733670130999,-3.55076375862139,12.289943326261596,11.206585045138288,7.563357954861713
2006-05-31,7.3486023,3.096718937095431,-2.418551745783655,0.8884511501187604,-0.9915074913176813,-5.991340180150077,12.292900270041905,6.876670940004683,0.47193135999531677
2006-06-01,1.6304516,3.185480007120153,-1.9924447734073667,0.44795972302578724,-0.9702462193973214,-8.152652808270235,12.29653929271159,4.814635221782607,-3.1841836217826076
2006-06-02,1.6516577,3.273953570388697,-1.3452488675883725,0.06365935083209862,-0.9334580239152375,-9.217875829849035,12.30039002720699,4.141420227075141,-2.489762527075141
2006-06-03,5.3945274,3.361712886466658,-1.2799563513460068,-0.19917048370062523,-0.8798536624859573,-8.413065203271575,12.304342229041435,4.894009414703929,0.5005179852960717
2006-06-04,1.5205364,3.448559160266112,-0.28755574314715876,-0.3059520010935355,-0.7948182659766126,-5.79444576709654,12.30828096897788,8.574068351930144,-7.053531951930144
2006-06-05,0.062017236,3.5350776453670076,2.1787643830132333,-0.2798072126255463,-0.6937830771125305,-2.56340039211404,12.31251946897844,14.489370815506565,-14.427353579506564
2006-06-06,8.830867,3.621045175313871,3.401456303608654,-0.17359993189113998,-0.6343203061397801,-0.33081689829230987,12.316982289456796,18.20074663205609,-9.369879632056092
2006-06-07,33.75868,3.7057853304183066,0.8391324728444747,-0.017940551204453953,-0.6583408347347166,0.19627655216215045,12.321402611307755,16.386315580793518,17.37236441920648
2006-06-08,14.792458,3.7886348620384016,-3.165562061897593,0.1913919474956558,-0.7278120798740216,-0.2624518905883579,12.325425776342785,12.14962655351687,2.6428314464831306
2006-06-09,29.447748,3.8702140453522276,-3.253990306699673,0.44752877037936367,-0.7485764176376433,-0.5183767056280315,12.329356367470375,12.126155753236619,17.32159224676338
2006-06-10,6.5669994,3.9503077461101865,1.5968653956644936,0.6768545172344762,-0.674427920258303,-0.28075451341295216,12.332962627074867,17.60180785241277,-11.034808452412769
2006-06-11,44.442604,4.029944080302478,5.407513084414634,0.771620214465981,-0.5650733581477082,-0.13016316027748043,12.336849761538144,21.85069062229605,22.591913377703953
2006-06-12,15.349843,4.107673412464616,2.263178021769291,0.683823854179972,-0.517036846555512,-0.0975988956859668,12.340272221639804,18.780311767812204,-3.4304687678122043
2006-06-13,3.8441224,4.183875254006947,-5.269868775697621,0.4909163175490154,-0.5410021158902716,1.1998324685713007,12.343555561308225,12.407308709847596,-8.563186309847596
2006-06-14,4.941292,4.258865530684012,-8.147265911427255,0.3030772413930466,-0.5443842981736412,5.13322080937862,12.34686047209937,13.350373843954154,-8.409081843954155
2006-06-15,22.966566,4.332912648508578,-1.8261655756614812,0.09980426848792058,-0.4461256206519352,10.65681183895518,12.350264284427807,25.167501844066066,-2.2009358440660662
2006-06-16,51.83949,4.406250397445056,7.529942698919807,-0.3206046298934214,-0.28489331625604447,13.979440172763454,12.353947929192456,37.66408325217131,14.175406747828688
2006-06-17,19.65991,4.477660988918817,9.922480372790684,-1.182768513343481,-0.1841041035634271,11.462986472245936,12.357322805458915,36.85357802250744,-17.193668022507442
2006-06-18,27.420883,4.547370931220321,3.1170209247346543,-2.4959502270897462,-0.21300757061340456,3.1722726037448843,12.36053565194977,20.48824231394648,6.932640686053521
2006-06-19,15.53232,4.61527068351627,-5.324407401092917,-3.97625166628585,-0.310339547691615,-6.6441532177116,12.363380902051064,0.7234997527853526,14.808820247214648
2006-06-20,6.657729,4.681832463944959,-7.354042092581768,-5.194127990818782,-0.3542784080264498,-12.746636235789758,12.366092346521818,-8.601159916749978,15.258888916749978
2006-06-21,5.659373,4.747333817484076,-3.033361710205504,-5.834481958388236,-0.2916827341157446,-12.777543172417964,12.368823610913514,-4.820912146729858,10.480285146729859
2006-06-22,10.986692,4.811947606404495,1.4159777822698993,-5.851130943246922,-0.1757496511120242,-8.376039351122904,12.371600951830057,4.196606395022602,6.790085604977397
2006-06-23,4.053004,4.876641171686611,1.9008931749976132,-5.417175345061236,-0.08287140092248557,-3.1254055553665134,12.37501848030081,10.527100525634799,-6.474096525634799
2006-06-24,4.7712207,4.94059061790077,0.09251828881455637,-4.759311159232723,-0.02333017493581041,0.21308584638145422,12.378694034943617,12.842247453871863,-8.071026753871863
2006-06-25,4.825313,5.003283063627182,-0.6560794340959825,-4.044658475638808,0.04683651572250147,0.8350707525043096,12.382413310114515,13.566865732233717,-8.741552732233718
2006-06-26,12.103482,5.064568357208671,0.026934702425035872,-3.3643374633548335,0.14980140648415316,-0.6642515582891901,12.386117411281468,13.598832855755305,-1.495350855755305
2006-06-27,4.943888,5.124184069220277,0.3140347160814756,-2.7620145546384802,0.25320515796914533,-3.189957030150857,12.389673931368375,12.129126289849935,-7.185238289849935
2006-06-28,4.5477757,5.182397987931644,-0.3356748913575701,-2.233958374128401,0.3182838335511174,-5.510698968599758,12.393232881897143,9.813582469294175,-5.2658067692941755
2006-06-29,6.851605,5.23941707784566,-0.7924074634385176,-1.7147843540453624,0.3533694151182347,-6.378696358863246,12.396838748222242,9.10373706483901,-2.2521320648390093
2006-06-30,6.3380704,5.295702053576575,-0.7693453487761284,-1.1034357285766891,0.3992113178472548,-4.905774825988135,12.400759996153445,11.317117464236322,-4.979047064236322
2006-07-01,10.504881,5.351504837953484,-1.344282292660363,-0.34444234507184573,0.4734717000719788,-1.1041685583658445,12.405175323661323,15.437258665588732,-4.932377665588733
2006-07-02,7.7885575,5.406329571579413,-2.4220803583054624,0.4907968165440938,0.554726032063266,3.879594660873102,12.409803973055466,20.319170695809877,-12.530613195809877
2006-07-03,39.162823,5.460096506408634,-1.745784660476553,1.199346590937028,0.6225414290436968,8.103925391545971,12.414600124247409,26.054725381706184,13.108097618293819
2006-07-04,21.066664,5.512028058581189,1.9000955777937552,1.5412124960939897,0.6879960415828683,9.649398947835078,12.419003101397614,31.709734223284492,-10.643070223284493
2006-07-05,65.043915,5.5636619780548795,5.6637398873002365,1.3945883629793339,0.7679374289421624,7.663890208788593,12.42400418277554,33.47782204884075,31.56609295115925
2006-07-06,32.3866,5.612827112540126,5.0379402388933165,0.8554682880708918,0.841067817364013,3.0408407292515163,12.428403427892423,27.816547614012286,4.570052385987715
2006-07-07,5.822824,5.660037957838494,-0.3737478982086657,0.21940787294475209,0.8611548826736488,-1.8864192617917037,12.432506535930262,16.912940089386787,-11.090116089386786
2006-07-08,12.177004,5.70691950769273,-5.425565342202271,-0.18308250794153502,0.8195849247681188,-4.87939458329651,12.437196486702595,8.475658485723127,3.7013455142768734
2006-07-09,16.826458,5.752929145469148,-4.899762127406881,-0.16907769697866853,0.7754868057593766,-5.452047822200878,12.442112771402146,8.44964107604424,8.376816923955758
2006-07-10,7.1813474,5.797613755627983,0.5264656596014055,0.22622885555648936,0.7967193362955041,-5.098229070569586,12.447019366548213,14.69581790306001,-7.514470503060011
2006-07-11,1.7845435,5.841287582030209,5.067404329973781,0.8418546117737606,0.8741341552893557,-5.668109456940456,12.452080018750042,19.408651240876694,-17.624107740876692
2006-07-12,5.8123765,5.884194829675883,4.249395530068421,1.5753687980379376,0.9231041158295018,-7.292924828566008,12.457408392789809,17.796546837835542,-11.984170337835543
2006-07-13,8.657132,5.926180426590797,-0.6988071859451708,2.5011539153282705,0.8856402282337912,-7.891634089161219,12.462954884772968,13.185488179819437,-4.528356179819436
2006-07-14,25.007677,5.96680809846452,-4.893938700981054,3.8011204319343626,0.8130253761318185,-4.884918269337036,12.468564187815325,13.270661124027935,11.737015875972066
2006-07-15,16.759272,6.007306596060165,-4.857950655049692,5.54569387818897,0.8193139696995999,2.3850783707541727,12.474892002156379,22.374334161809593,-5.615062161809593
2006-07-16,33.720806,6.04840862599999,-0.9179181276671753,7.522014135309124,0.9527124439642598,11.718778906642832,12.482223395552957,37.80621937980199,-4.0854133798019845
2006-07-17,56.366806,6.087733098538945,4.1108114961499185,9.256892681468845,1.1292809456176818,19.334586891741463,12.489333781625058,52.40863889514191,3.9581671048580844
2006-07-18,73.48145,6.123923663955808,7.139571600540025,10.238691048558314,1.2069189384417818,22.221335916390913,12.49577327954454,59.42621444743138,14.055235552568618
2006-07-19,122.36719,6.156107695660316,6.1423266910881065,10.182952474934037,1.1216116818009443,19.750350850802377,12.501146291905838,55.85449568619162,66.51269431380837
2006-07-20,35.399235,6.183256989249408,1.2535874090741015,9.1609153295523,0.9407271251014366,13.634497268270259,12.504783078372556,43.67776719962006,-8.27853219962006
2006-07-21,28.075787,6.2077435124653615,-4.490733986809068,7.532092750576395,0.7860649855721122,6.65880998309323,12.507971882207853,29.201949127105884,-1.1261621271058857
2006-07-22,6.941415,6.230044129687638,-6.75587510931161,5.714406539623487,0.7158593796873747,1.0959786838378862,12.51082720887083,19.511240832395607,-12.569825832395608
2006-07-23,7.064804,6.250872806525248,-3.6734009195011077,3.995659380589679,0.6977621248698264,-2.1418220953208182,12.513704379845764,17.642775677008594,-10.577971677008595
2006-07-24,22.85623,6.270273262158691,1.911565748836764,2.4527312917687203,0.6731439339235599,-3.438277364929348,12.516644396438993,20.38608126819738,2.4701487318026203
2006-07-25,10.851267,6.2877286697748245,4.964019102051622,0.9956114027064005,0.6203192567039557,-3.798966978106408,12.519340398322344,21.58805185145274,-10.73678485145274
2006-07-26,2.8346884,6.303879085033145,3.2848832005118735,-0.5131551089753495,0.5515521492544331,-4.15597659576165,12.522056000554795,17.99323873061725,-15.158550330617249
2006-07-27,18.271982,6.320966616849385,-0.6631036239168604,-2.131412513816545,0.4758724929040371,-5.035670352261287,12.526180125428436,11.492832745187165,6.779149254812836
2006-07-28,11.971839,6.3367329493193445,-3.0198631127459574,-3.752566265441638,0.3931310156055766,-6.486270261476184,12.530501967758731,6.0016662930198725,5.970172706980127
2006-07-29,14.89549,6.3506065539893175,-2.581518152429904,-5.131744215224279,0.3154186843101756,-8.092204300340722,12.53470136082624,3.3952599311308287,11.500230068869172
2006-07-30,8.83942,6.363105063872476,-0.962225673571975,-6.022311202562721,0.2680310318759366,-9.156935577839993,12.539029509060256,3.0286931508339805,5.81072684916602
2006-07-31,1.4821142,6.3747402091126855,0.2776116604846017,-6.330781583638295,0.25482964017998794,-9.173287043835902,12.543716796830317,3.946829679133394,-2.4647154791333943
2006-08-01,0.23527816,6.3855634492937146,1.0172218906716537,-6.175082337015175,0.23746437344234586,-8.334386352187337,12.548794596021606,5.679575620226808,-5.444297460226808
2006-08-02,0.36745098,6.394973631589548,1.1907327170991966,-5.781825079892563,0.1736752209325512,-7.4048462665924735,12.55396027189097,7.126670495027229,-6.759219515027229
2006-08-03,0.59377027,6.402828593476716,-0.04791414147555206,-5.299281596991684,0.07641863907345248,-6.73870301932466,12.559199145411316,6.952547620169589,-6.358777350169588
2006-08-04,0.47613168,6.409045947008423,-2.5643803346735545,-4.693834289476845,0.012040054935960512,-5.385961819697455,12.564489756660242,6.341399314756771,-5.865267634756771
2006-08-05,2.0072484,6.41363848330082,-3.8522896053209332,-3.8319600051619886,0.02479306190864179,-1.6041242162672649,12.569859609235607,9.719917327694883,-7.712668927694883
2006-08-06,1.6089417,6.416799018089369,-1.4089879408695536,-2.676415691411185,0.07635057485322415,5.216988401688335,12.57538200181627,20.20011636416646,-18.59117466416646
2006-08-07,0.8294531,6.418513889969832,3.4391559625308687,-1.4111995202819416,0.0833743234162668,13.041678847195572,12.580991710516754,34.15251521334735,-33.32306211334735
2006-08-08,55.19265,6.418740600205345,5.973253456879041,-0.3761136213524298,0.014175731066453274,17.998802052181606,12.58668115776996,42.61553937674998,12.577110623250022
2006-08-09,82.70836,6.416020382882319,3.4253544319855527,0.1315500629228491,-0.07655645700422221,17.22673175962935,12.591683766732116,39.714783947147964,42.993576052852035
2006-08-10,10.668448,6.409486540653008,-1.3115134276145346,0.036423583924552166,-0.12078427560757997,11.259707872906684,12.595533595391105,28.868853889653238,-18.20040588965324
2006-08-11,18.584393,6.4012407761795895,-2.973951421371571,-0.49195581517662257,-0.128055734264995,3.6406466105143656,12.599385405098447,19.047309820979216,-0.46291682097921694
2006-08-12,29.912506,6.3910935314880986,-0.4429405938936755,-1.1720772996984645,-0.17710808537070827,-1.88686131573427,12.603058899604033,15.315165136395013,14.597340863604988
2006-08-13,15.070909,6.379109126558818,2.0964800545820887,-1.7512795357375377,-0.31030561329381245,-3.889864394961298,12.606627095078817,15.130766732227077,-0.059857732227076355
2006-08-14,9.559525,6.3654852301432125,0.8913961980381091,-2.087989423090163,-0.4667365911817524,-3.4927546895761212,12.610259887935708,13.819660612268994,-4.260135612268993
2006-08-15,12.108798,6.350089463012783,-2.428735131087921,-2.1608040101483583,-0.542792558676753,-2.7031277546097763,12.6138509984407,11.128481006930675,0.9803169930693247
2006-08-16,13.367409,6.333263805066198,-3.2535208145224743,-2.0254002539951554,-0.5078407002508489,-2.6770282369604104,12.617533649378174,10.487007448715485,2.880401551284516
2006-08-17,39.03312,6.315160521370444,-0.3116897796368293,-1.7606925574903396,-0.4357692047486072,-3.2825760566440003,12.621439071059639,13.145871993910307,25.887248006089692
2006-08-18,11.796286,6.294634868950366,2.7046915839884256,-1.4304088564377575,-0.4179038331104502,-3.7801209467047134,12.624892256429924,15.995785073115794,-4.199499073115794
2006-08-19,1.1598812,6.272336651357133,2.15742264829043,-1.0668873229607478,-0.46544090038559527,-3.635872061496341,12.62823089799587,15.88978991280075,-14.72990871280075
2006-08-20,7.5584435,6.248603942130087,-0.9799826773186971,-0.6944364815835543,-0.5165729616508896,-2.88616992463916,12.63165010080211,13.803091997739896,-6.244648497739896
2006-08-21,8.945045,6.223228982408854,-2.890631125392157,-0.35128586235640247,-0.5222426183914236,-1.9586821083537465,12.635030656542996,13.135417924458121,-4.190372924458121
2006-08-22,21.272606,6.196059413041577,-1.921675559143359,-0.08984948058662451,-0.4958608435287653,-1.2603749983208592,12.638295892360834,15.066594423822803,6.206011576177197
2006-08-23,16.491549,6.166729312498964,0.15881503561829569,0.03736656182407716,-0.4767247788312805,-0.9412416881545845,12.6412463722644,17.586190815219872,-1.0946418152198731
2006-08-24,10.01257,6.13614949769807,1.4830691178364126,-0.005088774826764092,-0.4742749607078076,-1.0575141937704977,12.644373273738507,18.72671395996792,-8.71414395996792
2006-08-25,31.141659,6.104469930604095,2.215936554333438,-0.2252340571911201,-0.4723966823228084,-1.9290192763319238,12.64763499046024,18.34139145955192,12.800267540448079
2006-08-26,18.858288,6.072648122253046,2.5778373834356794,-0.585614256223291,-0.4722398931146792,-4.0195798865046255,12.65162466091054,16.22467613075667,2.6336118692433317
2006-08-27,7.497731,6.03998228616584,1.0821409538117848,-0.9744373162881312,-0.49292156109811486,-7.057750712896292,12.656026797337985,11.253040447033072,-3.7553094470330723
2006-08-28,1.7741574,6.005979995352163,-2.9231934166614737,-1.2436304086177736,-0.5279483864233876,-9.365936280808631,12.660525571001017,4.605797073841915,-2.8316396738419147
2006-08-29,1.5671426,5.970993683857111,-6.021163198086027,-1.3119691441678973,-0.5280565830197429,-8.653232271585017,12.665271057011015,2.121843544009442,-0.5547009440094421
2006-08-30,21.004084,5.935057471803363,-3.3663264119986396,-1.2619316923719048,-0.45850054579027355,-4.144033234330479,12.67028115192473,9.374546739236795,11.629537260763204
2006-08-31,9.477514,5.897443468830852,4.322584750756619,-1.322537618320489,-0.3654248569922969,2.036588703112131,12.675153595874015,23.24380804326083,-13.766294043260832
2006-09-01,49.428368,5.858107558605345,9.191004642474411,-1.7035565381618263,-0.34592962335112987,6.199068208250288,12.67995096182676,31.878645209643842,17.549722790356157
2006-09-02,15.493994,5.815890585071241,4.636132812957318,-2.4166283397458823,-0.4348417369250303,6.298244209754168,12.684045565700485,26.582843096812297,-11.088849096812297
2006-09-03,0.65463316,5.771641245136905,-5.577767060766438,-3.2393224825726494,-0.5416419267220093,3.7822990520548494,12.687936764715777,12.883145591846436,-12.228512431846436
2006-09-04,1.1982346,5.725935990414038,-10.187652971729252,-3.9058774163489165,-0.5391618238604354,1.790880851142714,12.69184237186242,5.575967001480566,-4.377732401480566
2006-09-05,0.46820986,5.679220845637712,-3.5612225367338057,-4.331991250703118,-0.4114063177814431,1.6026379530609,12.69594265967465,11.673181353154895,-11.204971493154895
2006-09-06,33.195503,5.6326243471586785,6.852048190780881,-4.645097169233129,-0.2804017190727006,1.42952984321947,12.700883695276845,21.689587188130048,11.505915811869954
2006-09-07,10.79852,5.587992144620893,8.938246380578526,-4.988976938110791,-0.2676416222615179,-0.927466814120889,12.707593948952587,21.04974709965881,-10.25122709965881
2006-09-08,8.977745,5.544610908479425,0.47494932562031916,-5.298420478585139,-0.34534110905641013,-4.657817157680282,12.715517054143444,8.433498542921356,0.5442464570786445
2006-09-09,8.451739,5.500048399105916,-8.310987439163721,-5.31951731662706,-0.3638993178777342,-6.105970696904105,12.723356051017673,-1.8769703204490327,10.328709320449033
2006-09-10,7.4954596,5.453996665817896,-7.339597295172197,-4.8525769494054956,-0.22471141077626988,-2.6859886014543335,12.731114312275459,3.0822367212850583,4.413222878714942
2006-09-11,25.274841,5.406520734426807,1.445909843900275,-3.971290290500079,0.006567828882450971,3.7689405268064777,12.738893634590248,19.39554227810618,5.879298721893818
2006-09-12,26.059149,5.3578797483885205,7.420518164535233,-3.000307848498612,0.17407978795773743,8.146258009906413,12.746846125626666,30.84527398791596,-4.786124987915958
2006-09-13,41.493385,5.308365795101597,4.654890353037348,-2.265317510955507,0.19993524090265527,6.723037004357855,12.755106857741234,27.376017740185183,14.11736725981482
2006-09-14,31.81809,5.256555929072077,-1.9357819026923004,-1.8543933500539072,0.15117789609951124,0.584368759518727,12.762828167357702,14.964755499301809,16.853334500698192
2006-09-15,4.607939,5.202586029662278,-4.259874068590766,-1.5938092657935798,0.14386991559658682,-5.485827484817627,12.770077114366348,6.77702224042324,-2.16908324042324
2006-09-16,0.9092497,5.147364372919769,-1.1544978590362467,-1.2338164288296052,0.2147239250378155,-7.238517766855955,12.777334488837225,8.512590732073003,-7.603341032073002
2006-09-17,22.09152,5.090921734756655,1.987666907067619,-0.6526931040993198,0.30875721130994815,-4.180794591907203,12.784619423790202,15.338477580917903,6.753042419082096
2006-09-18,21.886818,5.032528740867004,1.630182457232519,0.08774533912545493,0.3706791945280301,0.6533076954347768,12.791570992018759,20.566014419206546,1.3208035807934557
2006-09-19,3.8174968,4.972277094928849,-0.011724148148189784,0.8356086658198556,0.40802394568401856,3.3537655595466074,12.798279478950326,22.356230596781465,-18.538733796781464
2006-09-20,0.90570605,4.910716603823651,0.04434917750577221,1.478731479769353,0.4576442404448863,1.722446678638028,12.805007895306268,21.418896075487957,-20.513190025487958
2006-09-21,1.0157604,4.848056486286849,0.5252569177810414,2.0227395439571954,0.5257094115435491,-3.603365931789139,12.811870740877485,17.130267168656978,-16.114506768656977
2006-09-22,4.572208,4.784173367257957,-1.360297545134987,2.5943479553063122,0.5907961786349878,-9.533503444574073,12.818843881716594,9.894360393206792,-5.3221523932067925
2006-09-23,1.9495372,4.718896537317857,-4.29355844247191,3.367715055350011,0.6498954745055211,-12.126786931711667,12.82582178845769,5.141983481447502,-3.192446281447502
2006-09-24,0.24591433,4.652762088574506,-3.806516327002161,4.4499667864951356,0.7256804992723459,-8.884051444593078,12.833047105126697,9.970888707873446,-9.724974377873446
2006-09-25,1.0981308,4.5863652412406335,0.9899779421674404,5.794072594641412,0.8213339373106143,-0.5335761830655985,12.840831447585112,24.499004979879615,-23.400874179879615
2006-09-26,75.2506,4.519087920138583,5.155025562612256,7.19710820528933,0.8963611148752889,9.029310595019497,12.848937185819516,39.645830583754474,35.60476941624553
2006-09-27,119.51584,4.448141977211936,4.272603893104755,8.394792319818565,0.9122673366272265,14.810486860398674,12.855926704395637,45.69421909155679,73.82162090844321
2006-09-28,27.892197,4.372237785671288,0.5597826866848326,9.222685348949858,0.894120226155406,13.477386876261574,12.86111624556673,41.387329169289686,-13.495132169289686
2006-09-29,2.8777215,4.293981424766814,-0.5368574582692739,9.728663964108554,0.9113108711691247,5.107434170578959,12.865907363416671,32.37044033577085,-29.49271883577085
2006-09-30,2.0188148,4.214530585562057,1.3349248332520682,10.151836542633893,0.9873461661074941,-6.660793370199932,12.8707582833408,22.89860304069638,-20.879788240696378
2006-10-01,22.249163,4.13452520512152,0.7914260859592542,10.818413307973088,1.0649866971326913,-15.667920618720904,12.875929353741848,14.017360031207499,8.2318029687925
2006-10-02,25.520699,4.053117096007736,-4.533179259181489,11.971179576199427,1.0832436129835832,-15.592660091433647,12.880894729393441,9.862595663969051,15.65810333603095
2006-10-03,3.914489,3.9699699734847473,-8.508080622446757,13.58306917784625,1.0696351035711293,-3.586596915448012,12.885487696928912,19.41348441393627,-15.498995413936271
2006-10-04,6.3115177,3.8857596857388312,-3.6089013623754598,15.250417298410111,1.1152021166708441,16.573792966045307,12.890084024078977,46.106354728568604,-39.79483702856861
2006-10-05,66.98674,3.8003633094750056,7.908149683435301,16.290694341566656,1.2488726579141598,35.00995279799652,12.894681937039639,77.15271472742728,-10.165974727427283
2006-10-06,250.2757,3.711754205454147,14.534145804168956,16.07581209604953,1.371703347412292,41.26593001820769,12.898455489371058,89.85780096066367,160.41789903933633
2006-10-07,69.772736,3.614612757349817,8.697507795938058,14.4248903391911,1.350730790968215,31.514050902048403,12.898496752300609,72.5002893377962,-2.727553337796209
2006-10-08,0.013768207,3.513800181825572,-3.78482596981328,11.783248115739852,1.1756536304454368,11.56162767459323,12.897532183163559,37.14703581595437,-37.13326760895437
2006-10-09,0.0041686,3.4122168917517595,-10.512240966966132,8.925773655323097,0.9774441124212339,-7.497570976475482,12.896848818875158,8.202471534929634,-8.198302934929634
2006-10-10,0.053303316,3.3102426366524154,-6.696321824754004,6.490179850939819,0.895258918625671,-17.06529640010369,12.896410902887268,-0.1695259157525193,0.22282923175251929
2006-10-11,1.9886945,3.207935219617293,0.8852762695274504,4.674053416094578,0.9390086541127732,-15.853351208090183,12.896203513255665,6.749125864517579,-4.760431364517578
2006-10-12,0.9112418,3.1049398999734983,3.722316587438446,3.2781587568639043,0.9963290760162453,-8.694693490416492,12.896074050988368,15.303124880863969,-14.39188308086397
2006-10-13,2.5941641,3.0010935723970427,1.3881157025561939,1.9992920949467936,0.9641910932296285,-1.7924036327358608,12.89595498869437,18.45624381908817,-15.862079719088168
2006-10-14,2.281263,2.896412965713006,-0.4905112684825136,0.6964968871567994,0.8483719198714307,1.0545367771661305,12.895808224306537,17.90111550573139,-15.61985250573139
2006-10-15,0.42871338,2.7910424071412008,0.8322418726925624,-0.5586694325188805,0.7298170329178113,-0.7963905558377183,12.895655565570143,15.893696889965119,-15.46498350996512
2006-10-16,0.1444267,2.685365690006063,2.2628694010710055,-1.605417781722106,0.6623965593479311,-5.8421016427673536,12.895705779376962,11.058818005312503,-10.914391305312503
2006-10-17,0.13463245,2.579706795851253,0.5832119794200367,-2.322366888427874,0.631185895580947,-11.398401171705565,12.896089986949969,2.9694265976687664,-2.8347941476687666
2006-10-18,0.25098258,2.4744519941028873,-2.6401003300214745,-2.66900931709313,0.600844785956486,-14.348557397272632,12.896964611125355,-3.6854056532025083,3.9363882332025084
2006-10-19,0.18094945,2.3697285648268727,-3.709912694353724,-2.6755368781542734,0.5684421941948874,-12.371534209765404,12.898415321171743,-2.9203977020798977,3.1013471520798976
2006-10-20,1.4124098,2.2650883901969463,-2.0227912606971366,-2.4425271623112903,0.5506763980479599,-5.399142330582177,12.900188739375524,5.851492774029826,-4.4390829740298265
2006-10-21,9.868655,2.1603167473567897,0.005863229322075614,-2.1454077558266036,0.540668927705651,3.954167878928413,12.902121636577187,17.417730664063512,-7.549075664063512
2006-10-22,23.401554,2.0549188984505826,1.1770996300433687,-1.9966566180052094,0.5080654107799836,11.696089000933588,12.903922161175267,26.343438483377582,-2.9418844833775815
2006-10-23,62.717007,1.9484372006382418,2.6225817648075105,-2.1631790424871564,0.4415948690722764,14.71634598649508,12.905417273494548,30.471198052020497,32.245808947979505
2006-10-24,67.8876,1.8396403932563432,4.364425869684315,-2.689071238425841,0.3679028704909948,12.477047315499263,12.905985528014138,29.265930738519213,38.62166926148079
2006-10-25,7.4315324,1.7283615176176483,3.790647687390172,-3.481358091241119,0.31339493467258195,7.116265405007075,12.905523103831658,22.37283455727802,-14.941302157278018
2006-10-26,3.4827902,1.6164325461584859,-0.464150241034867,-4.384124468732876,0.2580620031087271,1.9367400844797547,12.904946213932222,11.867906137911447,-8.385115937911447
2006-10-27,4.255629,1.5047336097295019,-4.974443672187634,-5.287228467777806,0.1510348448136622,-0.7824716052298655,12.90459126958799,3.516215978935847,0.739413021064153
2006-10-28,11.623313,1.39659444408296,-4.725510469700636,-6.1619979904726945,-0.01934585684294607,-1.1151316255493782,12.906211987620457,2.2808204891377635,9.342492510862236
2006-10-29,13.852031,1.289789761467526,0.2429029799720016,-7.003933875978663,-0.1893262116389434,-0.9380103034523709,12.908382737285764,6.309805087655315,7.542225912344685
2006-10-30,3.7215116,1.182786850714916,4.1467972468376075,-7.763457740096131,-0.2800218708071432,-1.9125651037725908,12.910388820716532,8.28392820359319,-4.56241660359319
2006-10-31,1.4799936,1.0758793170857548,2.512397924062031,-8.327772234064637,-0.28600885077529664,-3.8176130190387427,12.912501019153645,4.069384156422753,-2.589390556422753
2006-11-01,1.5344849,0.9689829269515019,-2.2121084273907163,-8.5671573686329,-0.2796644180892864,-4.895082782882589,12.914719636954269,-2.0703104330897215,3.6047953330897213
2006-11-02,7.521321,0.8619924300578994,-4.0648556944154155,-8.409460882309125,-0.322583214056846,-3.88849300083514,12.916982080470916,-2.9064182810877117,10.427739281087712
2006-11-03,5.953957,0.755220652671326,-1.2720167654857706,-7.89109832213655,-0.3936615603226494,-1.5995625212570577,12.919428795271905,2.518310278741204,3.435646721258796
2006-11-04,5.0759234,0.6485183760969528,2.1675497930850263,-7.138164686233393,-0.42188237759331504,-0.1804995971854552,12.9219500045743,7.9974715127441165,-2.9215481127441167
2006-11-05,1.3346426,0.5416635952853074,2.4782013862644665,-6.297178708086968,-0.38487311304712635,-0.8964226509771208,12.924426091791917,8.365816601230476,-7.031174001230475
2006-11-06,3.8921354,0.43482967982309284,0.7279683970012174,-5.4627921872377465,-0.34930171392532794,-2.8019658456991396,12.926924201909499,5.475662531871594,-1.5835271318715938
2006-11-07,5.184647,0.328658127398879,0.009311206433597397,-4.649457942190502,-0.3993025952441723,-3.7308379024790823,12.92979247565961,4.488163369578331,0.6964836304216693
2006-11-08,0.033514574,0.22284174389350944,0.380658329777535,-3.8184595566898585,-0.53660373734775,-2.4458960039731346,12.93286400660622,6.735404782266521,-6.701890208266521
2006-11-09,0.004488975,0.11700620592682377,-0.5180104704302368,-2.941402218235554,-0.6733850502380465,0.2665659721614414,12.935951386016448,9.186725825200876,-9.182236850200876
2006-11-10,0.014882535,0.011258299534368708,-2.649174776999875,-2.05334320361663,-0.7257383181106538,2.3908940860393333,12.939091019847789,9.912987106694331,-9.898104571694331
2006-11-11,19.141006,-0.09395141734953465,-2.7725111475058686,-1.2525390370643819,-0.6964824982469142,2.274478140923154,12.942492633834938,10.401486674591393,8.739519325408608
2006-11-12,7.006915,-0.19878522168697021,0.4739106587520838,-0.646702333337398,-0.6559853930975594,-0.41607818521499823,12.945954157936118,11.502313683351275,-4.495398683351275
2006-11-13,0.003549736,-0.30314547690108024,3.433985569382016,-0.2790225703904483,-0.6550120225299505,-4.704419120904948,12.949522390998633,10.441908769654223,-10.438359033654223
2006-11-14,0.065823786,-0.40732310264455984,1.8586886487760732,-0.09094589707232054,-0.6788481267994367,-8.828795728290588,12.953082223777304,4.805858017746472,-4.740034231746471
2006-11-15,9.7119055,-0.5112058236695296,-2.846496019938944,0.06018900430555091,-0.6858366031551708,-10.933370961299266,12.956683639907911,-1.9600367638494482,11.671942263849449
2006-11-16,5.2634983,-0.6150280031556428,-4.834039875436048,0.3380888332521137,-0.6673547254821559,-9.877694466195193,12.960197962750833,-2.6958302742660933,7.9593285742660935
2006-11-17,6.2635517,-0.7187815448591823,-1.423834775090631,0.8514692043160964,-0.6520478055388155,-5.859648428457406,12.9636711819529,5.160827832322961,1.1027238676770388
2006-11-18,1.8972727,-0.8225754844271009,3.3292956292403666,1.5842241095619007,-0.6627793227744176,-0.39610128214812423,12.967069377326823,15.999133026779447,-14.101860326779446
2006-11-19,43.82291,-0.926385112497059,4.109207369799908,2.3697931103604226,-0.6917253994863243,4.404786570372139,12.970437492805234,22.23611403135432,21.58679596864568
2006-11-20,52.083298,-1.0314060410438328,1.1015921402061095,2.9480365454200412,-0.7215485296777959,6.774016292911944,12.97313727705313,22.043827684869598,30.0394703151304
2006-11-21,1.6847886,-1.137813085642784,-1.2422872635529791,3.1119964661086588,-0.7501022779559741,5.994067104609985,12.975043350296088,18.950904293862994,-17.266115693862993
2006-11-22,0.11854805,-1.2441439332401163,-0.9787398568378757,2.842540827341541,-0.7797232696435281,2.7825878658120167,12.97694083939153,15.599462472823568,-15.480914422823568
2006-11-23,5.753832,-1.3501921243330126,-0.6718384505756336,2.3195688822557976,-0.7908858460752511,-0.7445472965478911,12.978857233303248,11.740962398027257,-5.987130398027257
2006-11-24,6.188449,-1.4560527844636444,-2.0451011743624337,1.7908830514289455,-0.7500130182929687,-1.9693470110307765,12.980688972112096,8.551058035391218,-2.362609035391218
2006-11-25,0.0014863908,-1.5616930525289368,-2.3317634277511052,1.3702642896424793,-0.6582668324686939,0.3203330396936716,12.9824274994095,10.121301515996915,-10.119815125196915
2006-11-26,21.18213,-1.666883132148671,1.247609507135307,0.9379515569013726,-0.5749555714385154,4.396594459283879,12.984170868564242,17.324487688297616,3.857642311702385
2006-11-27,39.99023,-1.7720472004273877,5.600032590605702,0.25248004822348236,-0.5653045452693237,6.452053348339607,12.985582987022598,22.952797228494678,17.03743277150532
2006-11-28,6.008552,-1.8775828776601404,4.593401677563233,-0.8079497031542148,-0.6215825878404637,3.892067674433945,12.986406228530305,18.164760411872663,-12.156208411872663
2006-11-29,6.1649413,-1.9825542742898783,-2.015378968496095,-2.099043567102483,-0.6599243876450072,-1.9129026364361639,12.987179366486496,4.317375532516868,1.8475657674831316
2006-11-30,16.860428,-2.086938725519227,-6.606189702250225,-3.29986070328463,-0.6126019555712979,-6.551806190679616,12.987880122265576,-6.1695171550394186,23.029945155039417
2006-12-01,4.3119373,-2.1909003843353183,-3.127843604884405,-4.134698802980512,-0.5087388913071255,-6.598664498279051,12.988359354838623,-3.5724868269477863,7.884424126947787
2006-12-02,0.04930375,-2.294122581342049,4.18883975442021,-4.535017553497123,-0.44288350347774863,-2.7049685368185226,12.988795812503575,7.200643391788342,-7.151339641788342
2006-12-03,1.9192784,-2.3965210568239956,5.600598541627701,-4.627477948571611,-0.46322941817784435,1.4507982227796756,12.989259498681912,12.553427839515837,-10.634149439515838
2006-12-04,2.2098567,-2.497854793994054,-1.1680508350574839,-4.600125430732389,-0.5114442699785728,3.050925703667229,12.989883573055941,7.263333946960671,-5.0534772469606715
2006-12-05,0.5169599,-2.598097627329695,-7.23368603204622,-4.591492269573157,-0.48882797516250953,2.5171278520935574,12.990646614714047,0.5956705626960215,-0.07871066269602145
2006-12-06,0.003317371,-2.697358363461985,-3.962861347227131,-4.67642120363925,-0.37304736061473465,2.0647578618496443,12.991451186344488,3.346520773251031,-3.343203402251031
2006-12-07,0.010448974,-2.7956581293700973,5.2784366433632375,-4.896146434456474,-0.2473516831804306,2.623300258447988,12.992265894927426,12.954846549731649,-12.94439757573165
2006-12-08,2.1685827,-2.893087696542654,8.930119926100199,-5.246104913945541,-0.20697398966899627,2.8802670083096347,12.993089260858657,16.457309595111298,-14.288726895111298
2006-12-09,15.33649,-2.989694541533984,1.9515569316157892,-5.630123583078654,-0.25374544937128585,1.225130723413639,12.993931132186045,7.297055213231549,8.03943478676845
2006-12-10,5.889423,-3.085740360544188,-7.759616843502467,-5.871970279577601,-0.3002990058047905,-2.135857331099718,12.99456591412016,-6.158917906408606,12.048340906408605
2006-12-11,0.44625297,-3.1807446217286195,-9.313144791834823,-5.812632771004064,-0.26911592628125747,-5.36912490152672,12.995113350366315,-10.94964966200917,11.39590263200917
2006-12-12,3.0120392,-3.2743795051206788,-1.8354105424596823,-5.419513843127027,-0.16690173814034248,-6.893574261365969,12.995690757899238,-4.594089132314464,7.606128332314464
2006-12-13,6.4965663,-3.366727437778744,5.742508293860361,-4.800921578840784,-0.05893551730067871,-6.524051354934496,12.996307524712098,3.988179929717756,2.5083863702822438
2006-12-14,12.745354,-3.4580047027755403,6.238286689824992,-4.109571736104853,0.008363554337832896,-4.898062773914046,12.99694348914892,6.777954520517306,5.967399479482695
2006-12-15,9.655994,-3.5485501089510674,1.472075557139356,-3.4235888848766005,0.042797903386836075,-2.4821196397623617,12.997413569005058,5.058028395941221,4.597965604058778
2006-12-16,0.8388749,-3.638326017345338,-2.412250194094591,-2.7084472062225107,0.07590935752525126,0.4094315182573396,12.997782758220971,4.724100216341123,-3.885225316341123
2006-12-17,2.4366136,-3.7271629816071914,-2.86350419086474,-1.8819538210212328,0.12142930880445463,2.881801721593435,12.998164955686514,7.52877499259124,-5.09216139259124
2006-12-18,1.0623187,-3.815014549528227,-1.5585913232042006,-0.9097733530059808,0.17069886908047183,3.3470245974215387,12.998522554192295,10.232866794955896,-9.170548094955896
2006-12-19,0.040005893,-3.9016507176368176,0.20517626687788626,0.16324535702360038,0.21198005146527038,0.5490756437868932,12.998874171755244,10.226700773272077,-10.186694880272077
2006-12-20,0.057073776,-3.986931882212289,2.5487303547958415,1.2729949753153145,0.23765807027864733,-5.08963941820473,12.999235766543897,7.982047866516681,-7.924974090516681
2006-12-21,0.73161024,-4.070899520903218,3.7759758680381865,2.433551912703571,0.24172730984365476,-10.902354122839478,12.999605182673223,4.47760662951594,-3.7459963895159394
2006-12-22,5.2962894,-4.15365317876446,0.5789238693908437,3.7725206327880407,0.23326776310943234,-12.766773521167975,12.999966330244584,0.664251895600465,4.632037504399535
2006-12-23,1.3452541,-4.234957316729178,-6.232202057903693,5.435149769336965,0.2536479607070453,-7.243863458678287,13.000413277715495,0.9781881744483485,0.3670659255516515
2006-12-24,0.13567647,-4.314587861545093,-9.37335207062762,7.404900324522139,0.35403237833136225,5.706068738204472,13.001074233398816,12.778135742284075,-12.642459272284075
2006-12-25,0.15860704,-4.393029249629832,-2.690370324237194,9.383246633778285,0.5311115827321402,21.252907727057668,13.001742415984882,37.08560878568595,-36.92700174568595
2006-12-26,171.46674,-4.470739285680841,9.431518914766546,10.863709490139083,0.6936103614896165,31.477611560984936,13.00239966582423,60.998110707523566,110.46862929247642
2006-12-27,88.50763,-4.552394473350347,14.640416544680939,11.400256271753692,0.7270306245327832,30.308865669018086,13.000447950514294,65.52462258714945,22.983007412850554
2006-12-28,0.017584302,-4.635634409779554,6.644906410190323,10.924698517423879,0.6150232268456642,18.288869890979562,12.997139030635633,44.83500266629551,-44.817418364295506
2006-12-29,0.18688571,-4.717332131147023,-6.498355712776723,9.766813072954646,0.4658749914236703,2.511852596258004,12.994010173069974,14.522862989782547,-14.335977279782547
2006-12-30,0.0486644,-4.7969458424106115,-11.143591611504108,8.408900779699529,0.40551247573292615,-8.626724495128697,12.991215439087208,-2.761633254523753,2.810297654523753
2006-12-31,0.004082918,-4.87479366454345,-3.792891260837415,7.201058495790885,0.44932113795472506,-11.392362365411607,12.988521004478848,0.5788533474319859,-0.5747704294319859
2007-01-01,0.0023588073,-4.95109378592268,5.492512622080987,6.242292679640046,0.49289975468944996,-8.283389093862324,12.985835305265939,11.979057481891418,-11.976698674591418
2007-01-02,0.5537064,-5.025886726128239,5.902496563019139,5.482473770674017,0.4362070545039957,-4.412946880970563,12.983163155521405,15.365506936619754,-14.811800536619755
2007-01-03,3.2134492,-5.099195143666053,-1.51330570785866,4.892820448343984,0.3022816320216304,-2.794570157861117,12.980562249361046,8.76859332034083,-5.555144120340831
2007-01-04,0.85967916,-5.171154351089482,-6.680998008682041,4.516805110791397,0.21554544982041307,-2.9003504782877885,12.977955111071097,2.957802833623596,-2.098123673623596
2007-01-05,0.3438841,-5.241650671720253,-3.7176248332750146,4.368824687898609,0.26466665333494155,-2.7700394802520516,12.975346356754896,5.879522712741128,-5.535638612741128
2007-01-06,72.46804,-5.310601886624082,2.8356312796026932,4.322787308353584,0.40555623853200606,-1.4697870694015436,12.97275666763196,13.75634253809462,58.71169746190538
2007-01-07,24.022255,-5.379883073224876,5.319363230549308,4.137654850279722,0.5088783053757951,0.5678547525073632,12.969085581601698,18.12295364708901,5.899301352910992
2007-01-08,0.7804835,-5.4481714485562955,2.54377739399478,3.616479391353217,0.4910899266429072,2.645435369909288,12.96510366601363,16.813714299357525,-16.033230799357526
2007-01-09,0.27642214,-5.514901050822214,-0.7363707901019225,2.7110641338736463,0.37852099941589373,4.197070962570464,12.961125818642307,13.996510073578175,-13.720087933578176
2007-01-10,0.11216942,-5.580039328861117,-1.4873425592196656,1.5225363006758592,0.25899313093791476,4.345667830919947,12.957181578642237,12.016996953095173,-11.904827533095172
2007-01-11,0.31741336,-5.643588233993593,-1.4726314066839328,0.22413643923492152,0.19422550126506422,2.031224541852579,12.953286878576096,8.286653720251136,-7.969240360251137
2007-01-12,1.201489,-5.705565138891435,-2.5705880191353954,-1.0190587808721265,0.18330814811979365,-2.7520973834776967,12.949398611713718,1.0853974374568587,0.11609156254314135
2007-01-13,0.44539595,-5.765438304579394,-2.9032256249253146,-2.0917996919887214,0.18903071906271068,-8.029823864493723,12.945714728944269,-5.655542037980174,6.100937987980174
2007-01-14,0.1891437,-5.8230130100855195,-0.09804568301832406,-2.9395182142251994,0.1776770233569398,-10.770061357161053,12.942130914107487,-6.5108303270256656,6.699974027025665
2007-01-15,0.04256121,-5.877271003720737,3.7653771188656253,-3.568645281922012,0.13591765667139247,-9.149120880932532,12.939227101766624,-1.7545152892716391,1.797076499271639
2007-01-16,0.18127611,-5.928891271034015,3.9691345889430245,-4.033999006608179,0.0716011511875581,-4.043935223098637,12.936656582220753,2.970566821610504,-2.789290711610504
2007-01-17,9.101172,-5.978337351269029,-0.14099110582273544,-4.407763543493891,0.010606722451619859,1.589155088383507,12.934127148301066,4.006796958550538,5.094375041449462
2007-01-18,6.717424,-6.025936775741542,-3.461464230460886,-4.73146671522981,-0.015848608356169316,4.743358147073547,12.931503210616503,3.440145027901645,3.2772789720983555
2007-01-19,1.4360663,-6.071798425982475,-1.6842649729759394,-4.985713247078412,-0.0017488955766219796,4.09663277788862,12.92878184744725,4.281889083722421,-2.8458227837224204
2007-01-20,3.8972878,-6.115757534219835,2.6798320854493305,-5.10294031416919,0.012359688550821368,0.490876510733427,12.926036330853087,4.890406767197643,-0.9931189671976428
2007-01-21,6.591873,-6.157763588153834,3.458393180539438,-5.004658485859261,-0.03166391114978266,-3.6831168961831637,12.92325334027572,1.504443639469116,5.087429360530884
2007-01-22,10.495465,-6.197647049596284,-0.843245833815881,-4.64082725787355,-0.1446660515572983,-5.747199673200554,12.920593182766085,-4.652992683277484,15.148457683277483
2007-01-23,1.4812807,-6.235759014488147,-4.907057395436286,-4.0214448311149,-0.2620825028558301,-4.238301337670674,12.91784440506954,-6.7468006764962976,8.228081376496297
2007-01-24,0.5263067,-6.271589288112999,-3.616755372459796,-3.232133933528205,-0.29893891801837613,0.09412826633321347,12.91520010543382,-0.41008914035234234,0.9363958403523424
2007-01-25,0.40497795,-6.305248548193015,1.341093556181976,-2.4128548159923415,-0.23721199273125754,4.707650255649193,12.912607097677725,10.00603555259228,-9.601057602592281
2007-01-26,3.5843794,-6.337018365402628,4.039232668923662,-1.6934052254204042,-0.1479613010619113,7.103089312130946,12.910020533585937,15.873957622755603,-12.289578222755603
2007-01-27,3.834836,-6.36709067591927,2.04147063844873,-1.137025688878051,-0.12005370363429203,6.598084722851667,12.907388413154331,13.922773706023115,-10.087937706023116
2007-01-28,3.144129,-6.395417999827162,-1.252925624892645,-0.7412456046493299,-0.1711596916359558,4.458787402047963,12.90470647886009,8.802744959902963,-5.6586159599029635
2007-01-29,5.9771404,-6.421928344807309,-1.9978923027841904,-0.49234429136387187,-0.23689165751446106,2.4316634054566073,12.90199125273612,6.184598061722895,-0.20745766172289493
2007-01-30,0.77347434,-6.446580664264703,-0.741465430161225,-0.41609072736912023,-0.24736303453818048,1.2664332489294248,12.899241429825963,6.31417482242216,-5.54070048242216
2007-01-31,0.37342614,-6.469139532157602,-0.2993792600181293,-0.5672816282940197,-0.2044891409202966,0.5481154481861257,12.896503341715349,5.904329228511426,-5.530903088511426
2007-02-01,3.6005988,-6.489175909122618,-0.8871665304906535,-0.9705457389044245,-0.17797219045021087,-0.45240215045117566,12.893836273927084,3.9165737545080006,-0.3159749545080004
2007-02-02,1.390685,-6.505821668697118,-0.1919655953694287,-1.571336659808401,-0.2285083822201173,-2.0575173204610193,12.891730534842894,2.3365809082868108,-0.9458959082868108
2007-02-03,0.13288333,-6.519793445187005,2.1441193133862493,-2.239789322745493,-0.3413855155920519,-4.098205632735115,12.88986742649264,1.8348128236192238,-1.7019294936192237
2007-02-04,0.0080592,-6.530796622181515,3.1122216317378295,-2.829402651589605,-0.4391887048967826,-6.1066461741010425,12.888429082904699,0.09461656187358436,-0.08655736187358436
2007-02-05,0.009151176,-6.539223724899466,0.6729553468506285,-3.2329395275207555,-0.4536940125305536,-7.438166302657458,12.887139390681082,-4.103928830076523,4.1130800060765225
2007-02-06,0.0060827006,-6.545380497569899,-2.641685195124297,-3.401419151170571,-0.3871052176517306,-7.519160433749225,12.885870343931641,-7.608880151334082,7.614962851934083
2007-02-07,0.35705626,-6.54913449843219,-2.786385062090839,-3.328457033146961,-0.3084168338268202,-6.322043913451654,12.884723596906229,-6.409713744042234,6.766770004042234
2007-02-08,0.23368758,-6.550580129991255,0.07340129157459965,-3.029028297184773,-0.29173987742128904,-4.549776452544572,12.883662411146195,-1.4640610544210944,1.6977486344210944
2007-02-09,5.256891,-6.549925147408998,1.676206284072323,-2.5288009173729513,-0.35141251535935547,-3.026097540654067,12.882621455102246,2.102591618379197,3.1542993816208034
2007-02-10,8.048345,-6.547106829577162,-0.13791036421256608,-1.865362492785158,-0.4298424036363679,-1.7959475560372735,12.881651076944712,2.1054814306961855,5.942863569303814
2007-02-11,3.803197,-6.54222840822103,-2.129210751081239,-1.0983740097812582,-0.4502810682871698,-0.07644255037296507,12.880642860751157,2.5841060730074954,1.2190909269925045
2007-02-12,1.660192,-6.5352929009429435,-0.4366793328234736,-0.3213612861731635,-0.3908112623511884,2.6887109721985913,12.879580496931982,7.884146686839805,-6.2239546868398055
2007-02-13,2.4625778,-6.526058789399589,3.300435927942237,0.35141871206566067,-0.3096568154825904,5.864297003302196,12.87869387588697,15.559129914314884,-13.096552114314884
2007-02-14,28.021532,-6.514866809625879,3.7294291359253355,0.8362876733802076,-0.29179163877131287,7.93337612756676,12.877835916440027,18.57027040491514,9.451261595084862
2007-02-15,12.515378,-6.502450467509023,-0.5378493377388146,1.1246884974816267,-0.36736449410589495,7.697228675521915,12.87655908391158,14.290811957561388,-1.775433957561388
2007-02-16,0.017416896,-6.488175007844773,-4.331439685124808,1.2924532157539357,-0.47873339536965737,5.063272795763784,12.87519188168301,7.932569804861493,-7.915152908861493
2007-02-17,3.067824,-6.471514521790319,-2.702501622773368,1.4607369228980283,-0.5299202619514104,0.8692251990493973,12.873983209272167,5.500008924704495,-2.4321849247044955
2007-02-18,38.68717,-6.452745448373827,2.116429127204694,1.7401763394969751,-0.472611250851963,-3.515488083815993,12.8728189249228,6.288579608582687,32.398590391417315
2007-02-19,8.093106,-6.432931431960563,3.566971862656146,2.187033836407703,-0.34872228782374676,-6.254549161355145,12.871085235544303,5.588888053468697,2.5042179465313037
2007-02-20,8.469553,-6.411138034596142,-0.19148167391646742,2.7859668044903216,-0.25094247796150065,-5.398943448492556,12.86923022568068,3.402691395204334,5.066861604795665
2007-02-21,3.6597614,-6.386780647451205,-3.7031003205541877,3.4345069819451863,-0.24353999839502208,-0.2971627204984296,12.867572536781765,5.671495831828107,-2.011734431828107
2007-02-22,1.6031085,-6.360157501731192,-1.8263075670003803,3.968558317233473,-0.31154523177298105,6.982497743049576,12.865998684588927,15.319044444367425,-13.715935944367425
2007-02-23,43.208168,-6.331655402423918,3.0261717866750315,4.2240524916396955,-0.38108863041287716,12.190945027171251,12.864389259469247,25.59281453211843,17.61535346788157
2007-02-24,12.95868,-6.3023787547866075,4.225595059884933,4.120031814541077,-0.3847333643001934,11.82950603874813,12.862137847541682,26.350158641629022,-13.391478641629023
2007-02-25,0.0064473134,-6.2713703797043046,0.19564154747949142,3.714518075559548,-0.3133097585863848,6.08106627122257,12.859784498700849,16.266330254671768,-16.25988294127177
2007-02-26,0.0024959445,-6.238274838826387,-3.490661782716212,3.159798617848897,-0.21944052907635964,-1.2828767368148817,12.857471626539455,4.786016356954514,-4.783520412454514
2007-02-27,0.9739996,-6.202193125449541,-2.017174756924158,2.607189211274171,-0.17064397486444596,-6.0049979130085545,12.85566898681156,1.0678484278390314,-0.09384882783903148
2007-02-28,1.9273595,-6.163680835829158,2.0341719075591413,2.135948538004826,-0.1905759013419883,-6.457157741970724,12.854095436725135,4.212801403147232,-2.285441903147232
2007-03-01,0.19055767,-6.123234956806705,2.640284307254424,1.745796086229618,-0.23885855581509458,-4.044321311437919,12.852534412367834,6.832199981792158,-6.6416423117921575
2007-03-02,0.014608027,-6.08042411289699,-0.9720403330685864,1.3987311835732679,-0.24632675514685176,-1.2258236019444317,12.851289405065279,5.725405785581685,-5.710797758581685
2007-03-03,0.06299466,-6.035417735287908,-3.4279044936591734,1.0545553804379029,-0.17804423727726595,0.37986792222624066,12.85027334133824,4.6433301777780365,-4.580335517778036
2007-03-04,0.22583058,-5.988310894628711,-1.2256658353059822,0.6834629502129874,-0.06702588404878912,0.35248551538510364,12.849401204056354,6.604347055670964,-6.378516475670963
2007-03-05,11.899967,-5.939121067523331,2.0932306565938648,0.2755688385008775,0.015807967822592216,-1.0003138934403004,12.848612593242931,8.293785095196634,3.606181904803366
2007-03-06,19.448456,-5.888223443203197,1.2082182828354822,-0.1494694882258102,0.02811710157782829,-2.811077547741404,12.847702961375745,5.235267866618644,14.213188133381356
2007-03-07,6.985174,-5.835937227324365,-2.8954203887081196,-0.5441675463759915,-0.002562087787156126,-3.680193823723611,12.846547710394773,-0.11173336352447016,7.09690736352447
2007-03-08,3.4217532,-5.782011042506081,-3.922476544914688,-0.869635112275128,-0.00455968453899229,-2.4421467724514434,12.84531289375456,-0.17551626293177236,3.5972694629317723
2007-03-09,2.438278,-5.726252504320476,0.7505478842148038,-1.1523128363051087,0.06758193123351931,0.5689110396519952,12.844076902456484,7.352552416931218,-4.914274416931217
2007-03-10,2.149066,-5.668612768202224,5.877200395125938,-1.494604451369844,0.18808292709195146,3.260499002654968,12.842837538180095,15.005402643480885,-12.856336643480885
2007-03-11,33.30722,-5.609044532960405,5.105015118753301,-2.0050441154183,0.2850608588059734,3.2917427352125386,12.841680244760935,13.909410309154044,19.397809690845957
2007-03-12,6.966198,-5.548171082949398,-0.5942510500695666,-2.6915958099779314,0.31010512937610224,0.12147998739906146,12.840251404330498,4.437818578108766,2.528379421891234
2007-03-13,0.7505028,-5.485449848347628,-4.412472711614709,-3.405981983657751,0.28407097832863853,-4.365549165525067,12.83881335351982,-4.546569377296697,5.297072177296696
2007-03-14,0.6740028,-5.420583694485116,-2.7417989778762686,-3.9225415161233004,0.2718697710918256,-7.266420034470399,12.837459530937652,-6.242014920925607,6.916017720925607
2007-03-15,5.5339537,-5.353660351687397,0.9229998927331075,-4.083779446640719,0.31754321756738857,-6.716025252733476,12.836152785813296,-2.076769154947799,7.610722854947799
2007-03-16,5.3206477,-5.284664986789551,1.8699834669899815,-3.909547688644672,0.40237175024861604,-3.035177720741272,12.834925882763105,2.877890703826207,2.4427569961737934
2007-03-17,4.127343,-5.213584589147159,0.529067249180002,-3.5899623744312046,0.46333537422273274,1.5194882578266882,12.833873815603976,6.542217733255036,-2.4148747332550364
2007-03-18,1.1639018,-5.140774557655856,0.34982119268369616,-3.36018776690435,0.45356994049794647,4.084715630104765,12.832893472074485,9.220037910800684,-8.056136110800685
2007-03-19,0.7369903,-5.066245129544506,1.5154265484650453,-3.338271320758479,0.3899079929307762,3.044809468830405,12.83193096882696,9.377558528750201,-8.640568228750201
2007-03-20,0.5405741,-4.989899802958163,0.7474164481726767,-3.4402604173819777,0.34453474130727707,-0.5508532345486066,12.830991496504199,4.941929231095405,-4.401355131095405
2007-03-21,2.570513,-4.911437187861566,-2.560783701861832,-3.439037332563577,0.38381542576804345,-3.3255428131403866,12.830219701628636,-1.0227659080306815,3.5932789080306815
2007-03-22,2.4226797,-4.830326071485117,-4.050933143474561,-3.127104092129856,0.5059981449892512,-2.087414876999359,12.829928780829412,-0.7598512582702277,3.182530958270228
2007-03-23,1.7033771,-4.747119348546919,-0.5704414325714274,-2.4572202666998244,0.6372459106165185,3.2371346337656,12.829824273623172,8.929423770187121,-7.226046670187121
2007-03-24,5.2642164,-4.662114173641802,4.102530955140442,-1.5681844479247244,0.6918589028831947,9.074607593911761,12.829808478122178,20.46850730849105,-15.20429090849105
2007-03-25,38.290565,-4.575720922135634,3.5508755009847253,-0.6854605502676556,0.6465054052237196,11.032945521906473,12.829748646325621,22.79889360203725,15.491671397962751
2007-03-26,12.493093,-4.488693276818363,-1.9440412823912232,0.02290329246872086,0.5616857614706028,7.639229522809424,12.829221001100176,14.620305018639336,-2.1272120186393355
2007-03-27,1.6849982,-4.400306165150299,-4.6940238069851254,0.5267817592241058,0.5257145666899966,1.4010917664005227,12.828593386104462,6.187851506283662,-4.502853306283662
2007-03-28,1.2806395,-4.310217943733299,0.025892724478513984,0.8882089319954563,0.5664078111145744,-3.6952197963741726,12.82802156126912,6.303093288750193,-5.022453788750193
2007-03-29,0.4630785,-4.218534946210671,6.503408682724732,1.1770649880167308,0.622072612361165,-5.395120225577511,12.827529222383399,11.516420333697845,-11.053341833697845
2007-03-30,9.482958,-4.12542037823366,5.325656717369994,1.4314295313379917,0.607156240519826,-4.070208337027656,12.827108065741303,11.9957218397078,-2.5127638397078
2007-03-31,2.2770312,-4.03112785156708,-3.7481924249710254,1.6661267316449975,0.5082234475114293,-1.3670122498272914,12.8265930490732,5.854610701864231,-3.5775795018642307
2007-04-01,5.6880836,-3.935276206869715,-10.253948410362593,1.8803980281669366,0.40890089748177444,1.075225148344507,12.8261436351597,2.00144309192061,3.68664050807939
2007-04-02,11.064243,-3.8378298383185285,-5.804685017441674,2.0431044221290624,0.4123664927028674,1.6849152651692385,12.82581355419562,7.323684878436585,3.7405581215634145
2007-04-03,37.728867,-3.7393002222320804,5.120226955065111,2.1034682178934037,0.5377445445823258,-0.9254216245248332,12.82544510492113,15.922162975705056,21.806704024294945
2007-04-04,28.241146,-3.6407009132535397,10.384244696221863,2.0474347806325963,0.6932420564345327,-6.625905211492872,12.824552277920269,15.68286768646285,12.558278313537151
2007-04-05,7.1144514,-3.541706889484609,4.673298608518083,1.9666171987617356,0.756647232094298,-12.445323245725854,12.823271512421215,4.232804416584868,2.8816469834151324
2007-04-06,0.51022995,-3.44130891407889,-4.956451824751644,2.0466955600384664,0.6848123269666142,-13.680680649481456,12.822149303087302,-6.524784198219605,7.035014148219605
2007-04-07,7.1703377,-3.3395302683818073,-8.294840414144035,2.4439737847002743,0.5461478092810794,-7.555888939135493,12.821139964049452,-3.3789980636305312,10.54933576363053
2007-04-08,11.590817,-3.236816178932001,-3.292553603442171,3.135492277528073,0.4491802819916257,3.710068892887915,12.820057294430601,13.585428964464043,-1.9946119644640437
2007-04-09,17.591448,-3.132834722605479,3.7235679917307456,3.882645558405477,0.4412448642619669,13.706901128104521,12.819172374537871,31.440697194435103,-13.849249194435103
2007-04-10,6.327907,-3.0262307378205953,6.5198362082203865,4.36297650976167,0.47353215408296045,16.285772652533204,12.81925100781866,37.43513779459629,-31.107230794596287
2007-04-11,25.461065,-2.9182425929830913,4.33431668287549,4.392368412216743,0.4621927843325111,10.049888215634132,12.819538679110414,29.140062181186195,-3.678997181186194
2007-04-12,12.76962,-2.808956261644754,-0.2520683623038562,4.049023215034369,0.3745458339003138,-0.7123106354497316,12.8200137290464,13.47024751858274,-0.7006275185827402
2007-04-13,1.3871772,-2.6982550719091947,-4.784558634941666,3.6206778460189795,0.2615906860095272,-9.040119402269344,12.82076001605755,0.18009543896585178,1.2070817610341482
2007-04-14,2.6190443,-2.586519553289945,-6.932469017227227,3.4003327887126176,0.20804956907269834,-9.813613986415595,12.821566031819232,-2.902654167328217,5.521698467328218
2007-04-15,4.7629256,-2.473611066992299,-4.230078717407415,3.4859208673980184,0.2519076310946977,-2.730445165258537,12.822507806764989,7.126201355599454,-2.363275755599454
2007-04-16,32.42929,-2.3598187592002615,2.8801955341083594,3.7208795565865493,0.34886248889632565,7.814419517587887,12.823484010964538,25.228022348943398,7.201267651056604
2007-04-17,38.877884,-2.246173911939779,8.840517743679117,3.803993249110854,0.4107733948456539,15.588318782494802,12.82402611109259,39.221455369283234,-0.3435713692832323
2007-04-18,39.42884,-2.1332448156341632,7.437265505050642,3.4927578761682647,0.38105936775169935,16.327868448227246,12.82398359793618,38.329689979499875,1.099150020500126
2007-04-19,24.508148,-2.020622845481163,-0.6116808172132093,2.7487863991010277,0.275111196578644,10.107869304899387,12.823533381067218,23.322996618951905,1.1851513810480938
2007-04-20,0.6556003,-1.906296864125932,-7.146834550216278,1.7421547400293813,0.1556704021818992,0.8334863884806223,12.823679559215215,6.501859675564907,-5.846259375564907
2007-04-21,0.04188018,-1.7906661733437406,-5.540983979952882,0.7402762598259681,0.07768269630445246,-6.553864842678904,12.824190813481847,-0.24336522636325952,0.2852454063632595
2007-04-22,0.041755617,-1.674471841875353,1.4632680513769503,-0.03679335038145709,0.052846399743149,-9.01132013449821,12.824773564960195,3.618302689325274,-3.576547072325274
2007-04-23,8.242155,-1.5578431574960212,5.25710213185538,-0.5027943406999001,0.057561935246769676,-6.587548686217856,12.825359896162022,9.491837778850394,-1.249682778850394
2007-04-24,10.623774,-1.4409378793561523,1.9000057877036811,-0.7063607454272361,0.06394830374040696,-1.6784189102114924,12.825825915460179,10.964062471909386,-0.34028847190938727
2007-04-25,24.971523,-1.3236212145521893,-3.729294405099629,-0.7684617500082925,0.061225151896345545,2.6004193299958716,12.826271178162228,9.666538290394335,15.304984709605666
2007-04-26,7.3031163,-1.2061772688514827,-4.868131253594971,-0.8123961531260883,0.053452460447826346,3.9089709866549587,12.826584114560431,9.902302886090673,-2.5991865860906733
2007-04-27,1.7767953,-1.0884397109336854,-1.0632317229109303,-0.9105956167537176,0.04812145242964309,1.7067584615811873,12.826857912383467,11.519470775795964,-9.742675475795965
2007-04-28,13.077248,-0.9702143346548449,2.6796634337652327,-1.066453459556839,0.047869329617968776,-2.5046206339711414,12.827223674820946,11.013468010021322,2.063779989978679
2007-04-29,5.534178,-0.8517904043932591,3.060924083336514,-1.2198789337509777,0.04737894168965723,-6.107659268655063,12.82748144033225,7.7564558585591215,-2.2222778585591216
2007-04-30,0.00964012,-0.732960953478403,1.487198921527499,-1.2806934614041392,0.032681238242780936,-7.222271122376904,12.82778293308109,5.111737555591924,-5.102097435591924
2007-05-01,25.54775,-0.6138014984580211,0.09769941245879976,-1.1851892129369292,-0.010657849390900616,-6.053480175821594,12.82813621541803,5.062706891269386,20.485043108730615
2007-05-02,14.5414095,-0.49503335514966074,-1.5253177141755174,-0.9382892387280691,-0.07657444305879721,-4.302691684119968,12.828108502170695,5.490202066938682,9.051207433061318
2007-05-03,4.5647736,-0.37589011401832384,-3.764666582870878,-0.6109055369296048,-0.12744969921557836,-3.137006194421117,12.828142671205345,4.812224543749844,-0.24745094374984422
2007-05-04,1.6099666,-0.2560907453679717,-3.9013337095895735,-0.31075684857369845,-0.1229428921298474,-2.002271404875044,12.828393270358747,6.2349976698226115,-4.625031069822612
2007-05-05,0.15335368,-0.13552854475744253,0.6807316157283387,-0.13717916616233894,-0.0700359128823162,0.35604929034749705,12.828913164192741,13.52295044646648,-13.36959676646648
2007-05-06,47.656578,-0.014786698983583313,6.815322307111829,-0.13306134730310537,-0.03231621229160839,3.928077974148334,12.829490327728259,23.392726350410125,24.263851649589878
2007-05-07,25.07408,0.10457645463844928,7.203217235831052,-0.2615339317794784,-0.07032912968599946,6.954906734732804,12.829362461309115,26.760199825045945,-1.686119825045946
2007-05-08,2.539657,0.2234881596051622,-0.3165049277773896,-0.4205845842370195,-0.1663884102888564,7.545080620051593,12.82911801920403,19.694208876557518,-17.15455187655752
2007-05-09,0.024524285,0.34238907122674256,-8.089731318645647,-0.5275073024791146,-0.22976902160384405,5.35973983746407,12.82896616106399,9.6840874270262,-9.6595631420262
2007-05-10,17.79138,0.46112530668614304,-6.71463313131674,-0.5948553381395364,-0.19144548347656426,1.5649427774306957,12.828831081182074,7.353965212366072,10.437414787633928
2007-05-11,9.341829,0.5793695533327389,2.9557376443571366,-0.7111603811228991,-0.08932294320810301,-2.403821874570774,12.82849178136022,13.159293780148321,-3.8174647801483204
2007-05-12,0.002346933,0.6981130609783435,9.633845107139365,-0.9201336544273159,-0.04071679939836145,-5.389681951209532,12.82848628576647,16.80991204884897,-16.807565115848973
2007-05-13,0.612726,0.8172742629332437,4.83139819779067,-1.1091887383167804,-0.11890676471068096,-5.981578058154219,12.828734981126694,11.267733880668928,-10.655007880668927
2007-05-14,0.8760076,0.9368103354340876,-6.473811990995198,-1.0459422643573715,-0.26728691746273525,-2.563556611673209,12.82923907160814,3.4154516225537126,-2.5394440225537127
2007-05-15,14.016821,1.056604148227057,-11.280410687516614,-0.5768996102588204,-0.35111144673772576,4.914280025455382,12.830012931480663,6.592475360649942,7.424345639350058
2007-05-16,5.168956,1.1760676939715746,-3.695466012934495,0.17443396691892607,-0.2960476191078588,13.103385332158663,12.830766111840614,23.29313947284742,-18.12418347284742
2007-05-17,64.74813,1.2950680605462634,8.494205314922212,0.8212945471027454,-0.1642944047164677,16.279604505784658,12.831543888116357,39.55742191175577,25.190708088244236
2007-05-18,18.123672,1.4119315480424781,12.987283550258107,0.9678552110525422,-0.09120588257767262,10.533571011580595,12.831484195678128,38.64091963403418,-20.517247634034177
2007-05-19,28.402105,1.527959132374675,6.142457330036201,0.530399269450213,-0.1531640521484679,-2.2659933749302397,12.831362583573512,18.613020888355894,9.789084111644105
2007-05-20,13.141408,1.6429551143561234,-4.816507651289427,-0.1849191067507325,-0.3092744720324453,-14.87247711929736,12.830939411851148,-5.709283823162693,18.85069182316269
2007-05-21,0.34776887,1.7578026170951264,-10.674356229761738,-0.6857870211831304,-0.45434463266041203,-19.55959353002824,12.830648966913971,-16.785629829624426,17.133398699624426
2007-05-22,1.3688629,1.8735125680805096,-8.457764535616432,-0.6326404268096646,-0.5138618101494713,-13.678594614797946,12.831039243260376,-8.578309576032629,9.947172476032629
2007-05-23,1.3336283,1.9888239691937377,-1.4288877927795258,-0.04690747400286163,-0.4883278651891551,-1.4397171730261453,12.831421526069615,11.416405190265666,-10.082776890265666
2007-05-24,2.1478329,2.103489140772205,5.498784861172405,0.7439614852511816,-0.4303968733777204,9.231537993939522,12.831790912161436,29.97916751991903,-27.83133461991903
2007-05-25,60.54936,2.218090121357928,8.499672262119457,1.3577079159222394,-0.39565385843550305,12.150337511782684,12.83262962508867,36.66278357783548,23.886576422164524
2007-05-26,22.675158,2.33082159699435,5.529335226985557,1.6057381052846549,-0.4078424624666862,6.745978910576748,12.832972693873836,28.637004071248462,-5.961846071248463
2007-05-27,1.2727128,2.442593080517847,-2.0687245798702096,1.5821795760665023,-0.4479543104897561,-2.016182547420426,12.833260950267588,12.325172169071546,-11.052459369071546
2007-05-28,1.3941042,2.553980776402099,-8.623953493491854,1.5333094404589775,-0.46954512909895973,-7.4439552826789575,12.83371824492403,0.3835545565153371,1.0105496434846628
2007-05-29,0.51759785,2.6648535405518654,-7.896261293878613,1.6443590850858043,-0.435003776804569,-5.904071127964556,12.834330413195234,2.9082068401851657,-2.3906089901851657
2007-05-30,23.970768,2.774827796887627,0.16393957360016576,1.8957510321979798,-0.3558008939738818,0.7443948020613296,12.834976404876397,18.058088715649617,5.912679284350382
2007-05-31,51.14539,2.883899479545046,7.819090244828651,2.0799805189479965,-0.2952151801522765,6.790943262703997,12.83578070252142,32.11447902839483,19.030910971605167
2007-06-01,29.606478,2.990860460037327,7.112872454020024,1.972041365996919,-0.3101605624883265,7.114505975759997,12.836099052718733,31.71621874604467,-2.1097407460446718
2007-06-02,6.6224246,3.0961766518687774,-1.1286900164162719,1.5033701920932652,-0.387043579813607,0.865952543016819,12.836153520424054,16.785919311173036,-10.163494711173035
2007-06-03,2.425912,3.2003534575153436,-7.984532682250649,0.795060929590851,-0.4487505810978538,-8.373772845194871,12.836139794570094,0.0244980731329143,2.4014139268670855
2007-06-04,1.0154445,3.3037164429849115,-6.615025167742208,0.054619413207972145,-0.4331449735825728,-15.451397300924537,12.8362246318243,-6.305006954232136,7.320451454232136
2007-06-05,1.2199845,3.4068396070145006,0.2589838791960854,-0.5579669156117706,-0.35671733512595477,-16.74213183303545,12.836704591746978,-1.1542880058156122,2.374272505815612
2007-06-06,9.7774515,3.5092343604941307,4.51056445196862,-1.00293487385782,-0.2886689471161117,-11.479269459146273,12.837276378933034,8.08620191127558,1.6912495887244194
2007-06-07,15.563518,3.6106117933192,2.6682497051032765,-1.362161913365464,-0.2665709793802712,-1.5639774170955547,12.83783635126917,15.923987539850355,-0.3604695398503548
2007-06-08,18.046827,3.710834791745549,-0.8906775750588345,-1.7963341053507096,-0.25457021332304375,9.083210616405266,12.838463472664852,22.69092698708308,-4.644099987083081
2007-06-09,13.33252,3.8094420238029807,-0.846270718024728,-2.482299681821364,-0.19660625613441385,15.653326935840251,12.83895053896553,28.776542842628256,-15.444022842628256
2007-06-10,30.152185,3.906677857236123,1.9901549799450946,-3.5350123077541875,-0.0995149537820876,14.717657734396557,12.839474565132873,29.819437875174373,0.33274712482562663
2007-06-11,14.307169,4.002037495984809,2.7376232130992784,-4.927042374028557,-0.038630378014310324,6.847492540679294,12.839751770001664,21.46123226772218,-7.154063267722181
2007-06-12,2.2763152,4.096402636016654,-0.03447401215791232,-6.463389823978999,-0.07342029598755773,-2.9571126954914884,12.840200834427021,7.408206642827718,-5.131891442827718
2007-06-13,0.037745804,4.189774610480718,-2.305355939500967,-7.8739271720764545,-0.17576563983047314,-8.566717221423193,12.84075606111003,-1.8912353012403393,1.9289811052403394
2007-06-14,17.639807,4.282774018889223,-0.7621780182707512,-8.961236043494146,-0.25724970484552556,-7.459251205219372,12.841775745499207,-0.3153652074413653,17.955172207441365
2007-06-15,11.15912,4.374421258260236,1.9716701794831928,-9.676611220992692,-0.2599954182023867,-2.473658867802513,12.842674906165554,6.778500836911391,4.380619163088609
2007-06-16,0.34745875,4.465004215265214,0.8972460958312763,-10.065295253472831,-0.20528087335122167,1.2764729179433933,12.843685228180256,9.211832330396087,-8.864373580396087
2007-06-17,0.15648292,4.554986172667165,-3.741061276185683,-10.150643097352186,-0.14982381938649939,1.2532258230050692,12.845131650674789,4.611815453422656,-4.455332533422656
2007-06-18,3.225604,4.643732720907858,-5.768185472640436,-9.891185966751243,-0.11471729428718554,-0.7669829315873489,12.846762008940127,0.9494230645817723,2.276180935418228
2007-06-19,4.190127,4.731169885883386,-1.1375366096655672,-9.258402699025826,-0.07562187881228619,-1.4655026701092548,12.848603892098927,5.642709920369379,-1.4525829203693785
2007-06-20,2.7137065,4.817079989432033,5.815868047333696,-8.33809379883871,-0.013325551865337362,0.16490165377891047,12.85052137549445,15.296951715335043,-12.583245215335044
2007-06-21,12.332513,4.901369185023709,6.903746469986904,-7.336487395875351,0.05004657698022395,2.063324784321206,12.852450528051715,19.43445014848841,-7.101937148488409
2007-06-22,30.364985,4.983790068615344,0.3013219924410327,-6.468757600695099,0.07819213047206516,1.7778076227956605,12.854257825450325,13.526612039079328,16.838372960920672
2007-06-23,10.624714,5.06418417267151,-6.6230323321408,-5.825196768870979,0.07039841880309586,-0.8337314182723975,12.855859866416703,4.708481938607132,5.9162320613928685
2007-06-24,11.679667,5.143823838748643,-5.934111350104775,-5.328504377984905,0.06134647461229606,-3.7839225299956256,12.857918119148312,3.016550174423946,8.663116825576054
2007-06-25,6.6233087,5.222525082872038,1.3018975489839302,-4.81140037587484,0.06872086849184106,-5.295453238808726,12.86018593338866,9.346475819052904,-2.7231671190529037
2007-06-26,3.6029406,5.29975043121933,6.4213430686713435,-4.12083654534773,0.06583094617194787,-5.274778107991439,12.862452521541588,15.25376231426504,-11.65082171426504
2007-06-27,8.670996,5.375343124403174,3.667200097039873,-3.1750304421339197,0.024450545314008774,-4.5451764054563055,12.864818794479092,14.211605713645923,-5.540609713645923
2007-06-28,3.490004,5.4489864504702386,-3.220045373803057,-1.9709004595456117,-0.026164632098204244,-3.4093279031011297,12.867174835091665,9.689722917013901,-6.199718917013901
2007-06-29,7.5163765,5.520818474715972,-5.987281397293951,-0.586329879180111,-0.01461107293198647,-1.633022954675618,12.86953999257349,10.169113163207795,-2.6527366632077953
2007-06-30,54.278667,5.59079651663406,-1.7154496250598412,0.8207728417294531,0.08418228229420452,0.3432768406896412,12.871889168580008,17.995468024867524,36.28319897513248
2007-07-01,34.82813,5.658640282497455,4.356745844492316,2.0678250730212193,0.19576263338964367,1.0403945473317542,12.8740701097368,26.193438490469187,8.634691509530814
2007-07-02,28.66549,5.724304951335092,5.449521925459635,3.0755769373566073,0.21277077145155793,-0.5403338403774403,12.87606708354633,26.797907828771784,1.8675821712282143
2007-07-03,11.210666,5.787412971487522,0.6239223126384079,3.9456955730877428,0.11329525748952496,-3.182214025997552,12.877694277817225,20.165806366522872,-8.955140366522873
2007-07-04,26.871237,5.848755944281587,-5.043305000869017,4.90115008531139,-0.006211395359268138,-3.82553885366814,12.879450835672596,14.754301615369148,12.116935384630853
2007-07-05,13.024084,5.907705500677193,-6.207214602327462,6.096787561040423,-0.03231056246046389,-0.3219180211914823,12.880963191454759,18.324013067192965,-5.299929067192965
2007-07-06,3.5096216,5.96521212878013,-1.974906552064465,7.46204768740082,0.041007075474179165,5.944141961664612,12.88280221253399,30.320304513789267,-26.810682913789268
2007-07-07,60.754402,6.0209059713443445,4.125861490310154,8.724107307580324,0.10784305040954013,10.362252331373119,12.884852408523985,42.22582255954146,18.528579440458536
2007-07-08,22.595184,6.072860924333856,7.289039894554842,9.630370672002613,0.07524941337860533,8.692557124931778,12.886074691226163,44.64615272042786,-22.050968720427857
2007-07-09,2.264753,6.1223333162481275,4.764201609035856,10.206083097899889,-0.02296127320776215,1.185524265096126,12.887139161858476,35.14232017693072,-32.87756717693072
2007-07-10,18.87975,6.17023207785921,-2.1308478572155116,10.762496215184855,-0.06359318353000414,-6.600693994187545,12.888440820357784,21.02603407846879,-2.1462840784687884
2007-07-11,32.63523,6.215942822188698,-8.196126489010858,11.639225344148139,0.02603351901862268,-7.4396880123940505,12.88962038668062,15.13500757063117,17.50022242936883
2007-07-12,23.76777,6.258833490323466,-7.808654801531927,12.88361403974792,0.18894153858508114,1.9545158847507138,12.890364805177535,26.36761495705279,-2.5998449570527917
2007-07-13,17.839603,6.298988239490865,-0.14642956060888856,14.122284677733118,0.30196450120796237,17.68374293730896,12.890810871840758,51.151361666972775,-33.31175866697278
2007-07-14,142.50893,6.336455551943385,8.928878740594483,14.735561204218273,0.29674146703532506,30.59762400769705,12.891124647181778,73.7863856186703,68.7225443813297
2007-07-15,156.93741,6.368005915057383,11.694182772474939,14.22584228759835,0.20249483625337278,32.29917627890024,12.889602616124337,77.67930470640862,79.25810529359138
2007-07-16,23.643261,6.393247441163577,6.08839289133841,12.56170300164633,0.08781559839742106,20.93047484179601,12.8859822701791,58.94761604452084,-35.30435504452085
2007-07-17,13.434195,6.416202198285488,-2.4158137177929038,10.217100269401694,-0.017276101792573786,2.3165138986404767,12.882321887106075,29.399048433848257,-15.964853433848257
2007-07-18,3.4655476,6.43770564736705,-6.816255185149585,7.882690829729998,-0.12786093980056232,-14.140978557840235,12.878913458516806,6.114215252823471,-2.6486676528234714
2007-07-19,1.0573496,6.45823311137808,-5.294362983655686,6.103194120248465,-0.24459465684530457,-21.31877960417505,12.876034820675374,-1.4202751923741221,2.4776247923741224
2007-07-20,7.349123,6.478714703072528,-1.3817409864076642,5.032873702724913,-0.3276800192104114,-18.013803485336005,12.874321009083918,4.662684923927278,2.6864380760727213
2007-07-21,11.684679,6.4974711707017665,1.195444541396737,4.446845928090356,-0.3413596079290293,-8.579884225253362,12.872853962830142,16.091371769836613,-4.406692769836614
2007-07-22,2.8515975,6.514091271025018,1.8251089727144802,3.9681146417378814,-0.30506654648221526,0.3490734268698058,12.871473458074853,25.22279522393982,-22.37119772393982
2007-07-23,14.709915,6.528390798669819,1.33658054606914,3.3391325565325634,-0.27704142122478764,3.6859009422862687,12.870123052542086,27.48308647487509,-12.77317147487509
2007-07-24,5.3486066,6.540076852394259,-0.3866247082695823,2.5477599548117507,-0.29197681825807503,0.3627706312080415,12.868601991560618,21.640607903447012,-16.292001303447012
2007-07-25,2.31103,6.549684828199926,-3.2919728351262414,1.760514360202328,-0.3308279794388526,-6.423352456348608,12.867188891319234,11.131234808807786,-8.820204808807786
2007-07-26,24.957987,6.55719869173418,-5.031650022385846,1.1372769036206845,-0.358129168040899,-11.296711110317187,12.86587290454655,3.873858199157482,21.084128800842517
2007-07-27,17.889849,6.561965899037139,-2.6583269604171056,0.6890816332896479,-0.3687960731862396,-10.153149843052287,12.864285789105741,6.935060444776896,10.954788555223105
2007-07-28,7.7497587,6.564376079513027,3.0152856000621986,0.27929830554394375,-0.3816802175106677,-2.957660416975023,12.862671530120117,19.382290880753594,-11.632532180753593
2007-07-29,43.516644,6.564629754149497,6.801386427371242,-0.2742614032202035,-0.4012971622459259,6.086239687162185,12.861181370555089,31.63787867377188,11.87876532622812
2007-07-30,52.040764,6.561694923219305,4.537249654473921,-1.086365266287715,-0.4111463563019497,11.37824638931813,12.859277784118536,33.83895712854023,18.201806871459773
2007-07-31,27.023293,6.555328039665153,-1.7785938324158077,-2.141420588326236,-0.40800686296185495,9.853046686895683,12.85680054615496,24.937153989011897,2.086139010988102
2007-08-01,0.38061944,6.546116453397911,-5.972489578177611,-3.3153664107594634,-0.4210897903172906,3.0641503765300846,12.853988822628425,12.755309873302055,-12.374690433302055
2007-08-02,2.4157636,6.534908442689176,-4.537574882874917,-4.458303902843698,-0.47439136214308786,-4.032812584689605,12.851208999617898,5.883034709755765,-3.4672711097557647
2007-08-03,2.0612524,6.521805310571054,0.17922647878859765,-5.491546789315428,-0.5387045157544237,-6.549590740334663,12.848463826697051,6.969653570652188,-4.908401170652188
2007-08-04,0.68736076,6.506672926699946,3.70462426826147,-6.468423724096579,-0.5519577956301084,-2.902538180680151,12.845717210938757,13.134094705493334,-12.446733945493333
2007-08-05,20.010141,6.489464311943403,4.2570784139625495,-7.571884463167074,-0.5045761974915229,4.190641950308729,12.842959936259305,19.70368395181539,0.30645704818461184
2007-08-06,12.566676,6.4698114721601065,2.7697460616802525,-9.018541987802621,-0.4801396930391793,9.491762897939306,12.840052300600732,22.072691051538598,-9.506015051538599
2007-08-07,3.2470603,6.447967038692434,0.11613979882974035,-10.884760951614519,-0.5739344317610653,8.726854963907812,12.837189801700147,16.66945621975455,-13.422395919754551
2007-08-08,1.0777512,6.42413253101634,-3.1832643743193856,-12.98589193516291,-0.7715248185514706,1.496685608476652,12.834436772419393,3.8145737838786182,-2.7368225838786184
2007-08-09,2.1518977,6.399045651696844,-5.080321244469204,-14.91954689489275,-0.9381963043796917,-8.422254229617138,12.832132944942614,-10.129140076719324,12.281037776719323
2007-08-10,5.633963,6.37304295394441,-2.965597627260098,-16.264362540793048,-0.9497059480409862,-15.67724099821339,12.830433045460603,-16.65343111490251,22.28739411490251
2007-08-11,2.0164633,6.345265789577626,2.1548208005257203,-16.796178473649586,-0.8218317777207534,-16.90327662839558,12.828788028017282,-13.192412261645291,15.208875561645291
2007-08-12,0.5797348,6.316080844054927,4.845354674193859,-16.56356431988762,-0.6861548732876117,-12.560860074075245,12.827350412833988,-5.821793336167703,6.401528136167703
2007-08-13,1.3864055,6.285623056582437,1.2712710992410812,-15.79391248282602,-0.6410058297554919,-5.955659720451412,12.826190307667995,-2.0074935695414116,3.3938990695414115
2007-08-14,0.4665898,6.253656850661422,-4.902380402080396,-14.742200467395739,-0.6580618164826639,-0.7015841918542142,12.825178793713675,-1.9253912334379155,2.3919810334379155
2007-08-15,0.6926684,6.220169722260543,-5.847427319201026,-13.598556680655824,-0.6482971986888841,1.2921415408223518,12.824312707955528,0.2423427724926892,0.45032562750731076
2007-08-16,12.569435,6.1851974408816055,0.5027804342269343,-12.481199433258128,-0.5912889748141787,0.3373095751277344,12.823639191628022,6.776438233791988,5.792996766208012
2007-08-17,10.602431,6.1483785132698685,6.8767089932725405,-11.448412973298868,-0.55689165098375,-1.5988529615533789,12.822948243975038,12.24387816468145,-1.6414471646814501
2007-08-18,5.2132187,6.110408124547391,5.325587001191886,-10.485598459429,-0.5965524828743674,-2.015028016431832,12.822688237871894,11.161504404875972,-5.948285704875972
2007-08-19,7.617102,6.070949007043202,-2.491516125903345,-9.512549752676774,-0.6575817859879304,0.5070582275776314,12.822677879338197,6.739037449390981,0.878064550609019
2007-08-20,8.207035,6.029581562482166,-7.1359303254192685,-8.452975958812537,-0.6408343202289595,4.793576005035717,12.822615872259147,7.416032835316265,0.7910021646837349
2007-08-21,2.6187057,5.986247097717818,-3.3359531790594215,-7.316103275069332,-0.5259448756974446,7.22662359995063,12.822536757529406,14.857406125371657,-12.238700425371658
2007-08-22,0.35875058,5.94111231705355,3.6200315915890973,-6.193888582076387,-0.39661295658825596,4.387508807137241,12.82260270582001,20.180753882935257,-19.822003302935258
2007-08-23,20.592432,5.894641573681193,5.240261377355619,-5.156217103493612,-0.33364948560500457,-3.568343397686349,12.82304103870024,14.899734002952087,5.692697997047912
2007-08-24,9.614677,5.84618025813036,0.6054105323227095,-4.146971360449552,-0.322698046506399,-12.129155556567579,12.82339139745565,2.6761572243851894,6.938519775614811
2007-08-25,1.213823,5.796004843799227,-3.720885368652305,-2.988400517822997,-0.2975302573169777,-15.548555555490104,12.823769228521131,-3.9355976269620268,5.149420626962026
2007-08-26,0.14752987,5.745230477967048,-3.3143526838885564,-1.5052882575826607,-0.24974088584644444,-11.359623274573345,12.824767472865638,2.1409928489416803,-1.9934629789416802
2007-08-27,6.8760295,5.6938420705452195,-0.8540351587474077,0.34294213535640966,-0.24161829744595292,-2.2813141744866394,12.826373642857039,15.486190218078669,-8.610160718078669
2007-08-28,14.160491,5.640798512013479,-0.21834148005849452,2.4258847332949696,-0.3004022766526238,5.82370472014569,12.828120252465505,26.199764461208524,-12.039273461208523
2007-08-29,26.50619,5.585549318490163,0.026314336540971317,4.52415835560052,-0.3491587408979305,7.716882656158663,12.829763051122693,30.33350897701508,-3.8273189770150786
2007-08-30,17.145391,5.528334233138279,3.084936967863221,6.473813307170043,-0.2907937576055382,1.4722761929980228,12.831363590723758,29.099930534287786,-11.954539534287786
2007-08-31,5.145927,5.469813870250544,6.091613739548473,8.30722236035711,-0.14234719718574396,-10.543984526614558,12.833213577097451,22.01553182345328,-16.86960482345328
2007-09-01,4.0374055,5.410066989704429,1.901214804586623,10.299542848602394,-0.025960080600837404,-21.88827301116861,12.835268572223795,8.531860123347796,-4.494454623347796
2007-09-02,2.0645182,5.349435702350505,-9.396207197997205,12.833054787853571,-0.003158350218946143,-24.045040912764044,12.83773056335548,-2.424185407420639,4.488703607420639
2007-09-03,0.20162016,5.287540221098888,-15.859913720683494,16.08498004292538,0.03250718744561034,-11.18265437381524,12.840348555258034,7.202807912229179,-7.001187752229179
2007-09-04,2.847375,5.224295252011274,-6.207070742161619,19.712718012003,0.23290403084598188,14.252600022640308,12.84307151256289,46.05851808790183,-43.21114308790183
2007-09-05,68.60539,5.159223145343972,14.10733845957451,22.840531100206274,0.5725660207422635,40.353052247941335,12.84578591859368,95.87849689240203,-27.273106892402026
2007-09-06,268.36252,5.090586205484274,25.265189824676675,24.476846221838684,0.8141344225644882,52.376524443962566,12.847809322652225,120.87109044117891,147.4914295588211
2007-09-07,162.88608,5.012789493241058,14.486594273191816,24.13167562219547,0.746593490213693,43.44645513213581,12.846127543041524,100.67023555401937,62.21584444598062
2007-09-08,0.7911725,4.928189772065162,-8.243585649109216,22.16364914986499,0.43596476632273684,20.28380841748005,12.842103275747913,52.410129732371644,-51.61895723237164
2007-09-09,1.3063704,4.841756708639774,-20.26882547667609,19.46953839096861,0.17164561143519047,-1.980279840366257,12.838277179232092,15.07211257323332,-13.765742173233319
2007-09-10,13.734992,4.753911813753714,-11.039737899165358,16.82953768564499,0.16559192797944464,-11.471188792977383,12.834594488573764,12.072709223809172,1.6622827761908283
2007-09-11,47.445732,4.6643036858189735,7.349315904120194,14.48708358018211,0.34959954000890836,-7.369347308491036,12.830774020980948,32.3117294226201,15.134002577379903
2007-09-12,78.020676,4.5720685279749045,15.057594469230924,12.223320522884936,0.4862407344514107,2.0488190714562715,12.826411269146739,47.214454595145185,30.80622140485481
2007-09-13,9.4426155,4.476815682437518,6.15213533836504,9.770375305760615,0.4489295046973869,7.729946347851599,12.821281707698184,41.399483886810344,-31.956868386810342
2007-09-14,0.5882415,4.380453579636156,-7.4968470173531525,7.136176765610567,0.3427545937133041,6.240065882864347,12.816426476466694,23.419030280937918,-22.83078878093792
2007-09-15,0.35994548,4.28298614731006,-11.644627895819617,4.561896494392486,0.3448665115317805,-0.3089969111937141,12.811811444547907,10.047935790768902,-9.687990310768901
2007-09-16,0.067575365,4.184228745394334,-4.3633017378325185,2.287550273307593,0.48779137885411256,-8.130322763472337,12.80732435587869,7.273270252129873,-7.205694887129873
2007-09-17,0.036302954,4.084237705386103,5.15957188359935,0.40216193141447915,0.6407453049781313,-14.502515658124539,12.802947497673596,8.58714866492712,-8.55084571092712
2007-09-18,12.606191,3.983389869616238,8.30945833156313,-1.1203202846938185,0.6762363535853024,-17.769286398830122,12.798845891153338,6.878323762394068,5.727867237605933
2007-09-19,8.390572,3.881234872316351,4.355948405561478,-2.3187120175329277,0.5987785531257336,-16.71107189091484,12.794735861786585,2.600913784342378,5.789658215657623
2007-09-20,0.53226066,3.7780510042812008,-1.9996894881694998,-3.2101570171344527,0.5022672131006277,-11.193099315352873,12.7907461555352,0.6681185522602018,-0.13585789226020173
2007-09-21,0.005905982,3.6757136314511234,-6.241916778806263,-3.828619222222684,0.45248790704800557,-3.2647983950861605,12.787797969040541,3.580665111424562,-3.574759129424562
2007-09-22,2.4220529,3.574215404942806,-6.292640551691922,-4.251428086467089,0.45350613527840355,3.341355517994548,12.785721839831492,9.61073025988824,-7.1886773598882385
2007-09-23,32.333313,3.4720248009096313,-2.212066337208409,-4.579775439386928,0.5014932380656397,5.611047946754702,12.78375503253572,15.576479241670356,16.75683375832964
2007-09-24,11.967441,3.3681704504907968,3.6194808569898846,-4.908045519589295,0.6089434824246851,3.5223779068306316,12.781496153632897,18.9924233307796,-7.024982330779601
2007-09-25,4.49509,3.2628989982568912,6.840625222653737,-5.315236095984096,0.7555815831990154,0.03404750704203685,12.779068096228105,18.35698531139569,-13.861895311395688
2007-09-26,1.3485733,3.1566807025128916,4.293397660489669,-5.888535832660293,0.8553508130312002,-1.3480760198089503,12.776594005486343,13.845411329050862,-12.496838029050862
2007-09-27,1.5937128,3.0508587154686735,-2.128612957553065,-6.711272861633145,0.8277339136546807,0.6800369063945894,12.774702985846144,8.493446702177877,-6.899733902177877
2007-09-28,2.7002063,2.946087856732766,-6.298655865118569,-7.805187599542195,0.7021669817257432,4.383944114089275,12.773787804922893,6.702143292809914,-4.001936992809913
2007-09-29,13.5384,2.840947556427906,-3.9446289261770318,-9.076324565382903,0.6076360359235038,6.617394449315359,12.773106401235477,9.818130951342312,3.7202690486576877
2007-09-30,45.47634,2.7346930992141836,2.4958998035668754,-10.323982675152674,0.6321718814621724,5.461567845576768,12.77226652615471,13.772616480822034,31.703723519177966
2007-10-01,18.002996,2.6269025485482684,6.277775124267183,-11.30772567651787,0.7186202556561053,1.6934562541624103,12.770994693394734,12.78002319951083,5.222972800489169
2007-10-02,2.4994748,2.5185474389599376,3.620174206698823,-11.821968310020363,0.7370868100013901,-2.062619403845174,12.769815729232398,5.761036471027012,-3.2615616710270117
2007-10-03,0.47760272,2.410049599633843,-2.4833523336915433,-11.765624802564112,0.6515127434966366,-3.7095580654818447,12.768923805672989,-2.1280490529340312,2.6056517729340314
2007-10-04,1.2049643,2.3009516274885913,-5.941912864039838,-11.17321848234116,0.5743886052442457,-3.298197890458456,12.768071215227717,-4.7699177888788995,5.9748820888789
2007-10-05,5.1058116,2.1914212383513325,-4.01535600986754,-10.191566120994917,0.6355400202493704,-2.355536875907095,12.767259089449318,-0.96823865871953,6.07405025871953
2007-10-06,0.89772886,2.082676938702695,0.6791508563048535,-9.010535315344272,0.8229064945535978,-1.7682482686321492,12.766894513504328,5.572845219089052,-4.675116359089052
2007-10-07,0.16195327,1.9774636085509254,3.867239238755069,-7.788408420091116,0.9897252631294072,-0.6755429439982146,12.768570178049591,11.139046924395663,-10.977093654395663
2007-10-08,22.829992,1.8732449031035863,3.9098158654274418,-6.620680406645269,1.0179215017545846,2.224542271200682,12.770968285824894,15.17581242066592,7.65417957933408
2007-10-09,13.921935,1.7682767055841635,2.1380903981937465,-5.573769033244005,0.9373014671012754,6.327845108303386,12.773217169711048,18.370961815649615,-4.449026815649615
2007-10-10,2.0340998,1.6629756126842934,0.2428823182709856,-4.713180993684215,0.8697686604834699,8.609816108387834,12.775603237978975,19.447864944121342,-17.413765144121342
2007-10-11,0.75864,1.5571075769070006,-1.2820997580514708,-4.091614360285099,0.8783454312765167,5.988706350932011,12.777988898076538,15.828434138855496,-15.069794138855496
2007-10-12,1.8095872,1.4506826652248974,-2.231295332712185,-3.6903275686605355,0.9125563592804649,-1.5316132335521488,12.780381713505987,7.690384603086479,-5.880797403086479
2007-10-13,1.0761944,1.3438416662103747,-1.776137107757479,-3.3723487029599926,0.9039644848778604,-10.203819042340124,12.782785237116569,-0.32171346485279173,1.3979078648527918
2007-10-14,3.7080908,1.2366823512008205,0.3430275472667497,-2.9243579044379513,0.8677337597629402,-15.281436704968028,12.785200300193049,-2.9731506509824204,6.68124145098242
2007-10-15,6.728993,1.1290972540976028,2.2680424526039955,-2.1762204182274227,0.8743006802266042,-14.590016152326118,12.78757829664447,0.2927821130191326,6.436210886980867
2007-10-16,14.826173,1.0212677918091848,1.3200060464241261,-1.1011584818694935,0.9418589974425825,-9.606694427546953,12.790011937139264,5.36529186339871,9.46088113660129
2007-10-17,8.670369,0.9129525104099268,-2.358864087877644,0.18519802756017995,1.0064112612762153,-3.543436659742993,12.79232183146683,8.994582883092516,-0.324213883092515
2007-10-18,1.9021552,0.804174120131397,-4.5488286065382635,1.5122073586192428,1.0095257009034397,1.0138173269306536,12.794504561474072,12.585400461520543,-10.683245261520543
2007-10-19,28.52328,0.6949538329002403,-1.2023716294364228,2.737760285654112,0.971954534642087,2.5530201779058213,12.796659494843944,18.551976696509783,9.971303303490217
2007-10-20,21.75491,0.584565636652157,5.662074398549084,3.794639136104715,0.945860101321,-0.10729647546457843,12.79837899938895,23.678221796551327,-1.923311796551328
2007-10-21,0.2843705,0.47327981270739994,8.135561768219134,4.746808784290316,0.9231883801138954,-7.23903181093087,12.79978372630015,19.839590660700026,-19.555220160700024
2007-10-22,0.005081296,0.36192586063829124,0.6238777957672585,5.833376121443675,0.8477748832946044,-16.002666238471146,12.801263129095018,4.465551551767701,-4.460470255767701
2007-10-23,0.019848812,0.2508760789128877,-12.047538982775793,7.405454420494387,0.7316597527363424,-19.729986836028054,12.802925802121528,-10.5866097645387,10.6064585765387
2007-10-24,0.014291145,0.1408363416762502,-17.044625378899052,9.697293998618338,0.7046211028881927,-11.663804218097175,12.805084912937671,-5.360593240875774,5.374884385875774
2007-10-25,0.8558124,0.03237568196064854,-6.397734268342229,12.532485737534623,0.882048273498302,8.542637172893881,12.808028849832578,28.399841447377803,-27.5440290473778
2007-10-26,31.358728,-0.07541240738645164,12.70916370517853,15.234898788418866,1.185621697119428,31.76341757625913,12.81131881197884,73.62900817156833,-42.27028017156833
2007-10-27,258.51086,-0.1844115249528581,22.920442329580467,16.93523534721884,1.3630913014438857,44.36347479727479,12.814262694286452,98.21209494485159,160.2987650551484
2007-10-28,92.0948,-0.30108398382943824,13.82460903771129,17.122169336582317,1.238445449131241,38.36405011943093,12.813319633624904,83.06150959265125,9.033290407348758
2007-10-29,0.11844887,-0.4208013670770967,-6.430687138358172,16.0289227092097,0.9244353307685405,18.174395963102707,12.811093913651824,41.0873594112975,-40.9689105412975
2007-10-30,5.823009,-0.5405123073323148,-18.662751844938168,14.38739214901351,0.7113847539080098,-2.865733546273834,12.808993836990016,5.83877304136722,-0.01576404136721976
2007-10-31,5.029596,-0.6601226820407524,-11.917276782589273,12.84772685248732,0.7515228231831026,-12.972906823849891,12.806850417737271,0.8557938049277762,4.1738021950722235
2007-11-01,6.340501,-0.7794506195296242,5.785740027688307,11.56834207811944,0.8976207476425182,-10.161046494125724,12.804658709747427,20.115864449542343,-13.775363449542343
2007-11-02,39.370445,-0.8986169747104147,16.333748694125944,10.287088857579233,0.8820800138691085,-1.6305217667487677,12.802379159401848,37.77615798351695,1.5942870164830438
2007-11-03,14.320276,-1.018437801170061,10.16804476051664,8.748223299986423,0.629890479785443,3.846150189799615,12.799554055446812,35.17342498436487,-20.85314898436487
2007-11-04,0.6603657,-1.138203365517438,-5.015041481066847,7.047619774483527,0.34389815737142526,2.871386824277338,12.796555595800022,16.90621550534803,-16.24584980534803
2007-11-05,4.0826187,-1.2574397856725004,-13.664598479287413,5.565590893017557,0.26990124573620194,-1.8920524063888768,12.793586118156139,1.8149875855611057,2.2676311144388945
2007-11-06,9.909805,-1.3762367846885428,-8.521681049952553,4.616250562721502,0.4283298109706677,-5.935869669648485,12.79056615002563,2.001359019428218,7.908445980571782
2007-11-07,1.5055747,-1.49475921091588,3.5755070186048825,4.170368308796481,0.6154867818330827,-6.780816727182784,12.78742687318497,12.873213044320751,-11.367638344320751
2007-11-08,0.46107918,-1.6128138259202247,10.598262128775987,3.8812274822032427,0.6427474188149371,-4.447205406789583,12.784301701563914,21.84651949864827,-21.38544031864827
2007-11-09,6.56998,-1.7303647749245914,7.666909745303347,3.3350573095937643,0.5151808184167539,0.03664120867745757,12.781198282283805,22.604622589350534,-16.034642589350533
2007-11-10,33.922184,-1.8474995831474894,-0.07634550635715648,2.294010205561479,0.3633715302142632,5.287577119163007,12.778055615193473,18.799169380627575,15.123014619372427
2007-11-11,40.34155,-1.9647294895925647,-4.9143705189672895,0.780660271700589,0.2588500162106212,9.048281084778035,12.774494599273451,15.983185963402843,24.358364036597155
2007-11-12,15.449323,-2.082008184108349,-4.4206466093451064,-0.9776059146673415,0.15931058610430832,8.511078003775804,12.770521694178983,13.960649575938298,1.4886734240617017
2007-11-13,0.08824514,-2.1988986110374062,-1.699310288083622,-2.670648150808072,0.02197404765133104,2.460414835415059,12.766374509959018,8.679906343096308,-8.591661203096308
2007-11-14,0.11364464,-2.3149204141827857,-0.03565536248045226,-4.041076256987819,-0.10181492196519037,-6.675788164098174,12.762309356863673,-0.40694576285074824,0.5205904028507482
2007-11-15,0.03354554,-2.430047779330482,0.44710558566576913,-4.987169112088719,-0.12737398198119013,-13.57286103932331,12.758281701182248,-7.912064625875686,7.945610165875687
2007-11-16,1.6730291,-2.5440785485413313,0.947940253950026,-5.5920992856808684,-0.06140422920952532,-13.6836369449223,12.754326962731168,-8.178951791672832,9.85198089167283
2007-11-17,2.383097,-2.6568685698999532,1.1050769703542414,-6.056478062919394,-0.00872505594314646,-6.7899435952890475,12.750480439639619,-1.656457874057681,4.03955487405768
2007-11-18,0.7791447,-2.7684472748166793,-0.25529961713720817,-6.571558785855673,-0.04516112787930318,2.76760651717409,12.746728531393021,5.873868242878246,-5.0947235428782465
2007-11-19,0.37748948,-2.878861021570283,-2.230377294211704,-7.221087894003014,-0.12811789420585806,9.287765336846249,12.743023056740814,9.572344289596206,-9.194854809596206
2007-11-20,0.19825995,-2.987356025275524,-1.9828608058753059,-7.975571461871665,-0.16764844251382013,9.4654324918198,12.73969949247493,9.091695248758414,-8.893435298758414
2007-11-21,2.6700816,-3.093861165003712,1.284745648796584,-8.751944122392127,-0.15999563014353432,3.9027422014774196,12.736789259267159,5.9184761920017905,-3.2483945920017905
2007-11-22,3.2838256,-3.199131653910535,4.069538726261826,-9.45986557108381,-0.1966530778764754,-3.9967407596652254,12.733861576065607,-0.04899076020861237,3.3328163602086125
2007-11-23,0.70171595,-3.3030957391060793,2.2499307523292593,-9.998876650230567,-0.3298087484693911,-10.220186392258103,12.730890836186749,-8.871145941548132,9.572861891548133
2007-11-24,0.0031490345,-3.405527917950775,-3.2427658636290424,-10.249618769752079,-0.47811507023223154,-11.99062073543538,12.727958083706447,-16.638690273293058,16.64183930779306
2007-11-25,0.0058186706,-3.506365557952897,-6.5553472045283785,-10.11157035609343,-0.5133388866956515,-8.796944803735167,12.725078907366283,-16.758487901639242,16.764306572239242
2007-11-26,0.011021737,-3.605129006438645,-3.7439063452827384,-9.56470500995373,-0.4243842219658296,-2.4786917752188056,12.722545736718478,-7.094270622141272,7.105292359141272
2007-11-27,2.1386936,-3.7017866341758507,2.0809854935373022,-8.681744652443646,-0.33804953673929794,3.8535497727036776,12.720426300605673,5.933380743487859,-3.7946871434878595
2007-11-28,5.3346863,-3.796587944692388,4.375997772011313,-7.58529146185747,-0.3592156107842938,7.687702187342049,12.718607809844425,13.041212751863634,-7.706526451863634
2007-11-29,0.83309084,-3.8899234677345103,1.3595684200835487,-6.41574828236575,-0.4362588672010055,8.455485527881178,12.716886385291348,11.79000971595481,-10.956918875954809
2007-11-30,2.7085567,-3.9814861170359976,-1.886072178072317,-5.337512179443745,-0.4321355452653232,7.239899902819493,12.715413968169846,8.318107851171957,-5.609551151171957
2007-12-01,2.0153747,-4.071507982162384,-0.3971229355636831,-4.530299606157344,-0.31517930596632066,5.272274380588075,12.714050545997173,8.672215096735517,-6.656840396735516
2007-12-02,0.6732196,-4.1600601410898115,3.854291243883735,-4.1079312277822035,-0.2215621672794056,2.8886863632290676,12.71270764487631,10.966131715837692,-10.292912115837693
2007-12-03,17.541466,-4.246967658607746,4.619494490332311,-4.005712456794912,-0.2976899180887374,-0.07371308460636172,12.711381244835945,8.706792617070498,8.834673382929502
2007-12-04,8.315439,-4.332505702709668,0.04276888855883332,-3.964010955768551,-0.5144136524957115,-3.292914884413925,12.709925105466837,0.6488487986378146,7.666590201362185
2007-12-05,1.3740377,-4.4166488702238365,-4.527449531108945,-3.66842572780608,-0.6870904179345143,-5.846441547570494,12.708380616010595,-6.437675478633272,7.811713178633272
2007-12-06,0.2731874,-4.499302619038776,-3.630464496295021,-2.9630375966904303,-0.6831213946572019,-7.089187104943543,12.706822568872989,-6.158290642751984,6.431478042751984
2007-12-07,0.0014912803,-4.58022679402567,1.0369361899369105,-1.9376396114853733,-0.5615101521629656,-7.133700356714899,12.705377894395497,-0.47076283005650055,0.47225411035650056
2007-12-08,5.2974334,-4.659310934254882,3.2263581375990134,-0.8124902506801919,-0.4810116074635702,-6.201941762495965,12.70403252288129,3.7756361055856953,1.5217972944143048
2007-12-09,2.6852803,-4.736763261122479,0.8270470409606363,0.23495658056572022,-0.5091846048992901,-3.990937663709902,12.702640302198937,4.527758393993622,-1.842478093993622
2007-12-10,0.082765006,-4.812418015151802,-1.6977508285898462,1.1204789889193942,-0.5728917113089103,-0.3685196916534857,12.701319208039683,6.370217950255034,-6.287452944255034
2007-12-11,1.0028316,-4.8857866634879965,-0.4374015621536723,1.7740436914591247,-0.5873929270232474,3.3251789545464128,12.70032288689156,11.88896438023218,-10.88613278023218
2007-12-12,6.530876,-4.956958310653161,1.8731124769053438,2.0865356295760664,-0.5709583141906658,4.524046884941091,12.69954211820323,15.655320484781903,-9.124444484781904
2007-12-13,12.540054,-5.026494230597319,0.050365813958674566,1.9803382772939482,-0.5965246408859424,1.7654719568665687,12.698692300075827,10.871849476711757,1.6682045232882423
2007-12-14,1.8945048,-5.094552069298984,-4.929453522263323,1.5242168531383034,-0.6687108286090426,-3.2722301609302087,12.69769588426393,0.25696615630067576,1.6375386436993242
2007-12-15,3.7131035,-5.160665131087361,-6.014450889240349,0.934265337858808,-0.7122876395487083,-6.721158910653273,12.6967779655224,-4.977519267148484,8.690622767148483
2007-12-16,1.3458165,-5.224531094130123,0.04601196858400247,0.4275024102650583,-0.6885399711942248,-5.949864474965737,12.696094501737079,1.3066733402960544,0.03914315970394555
2007-12-17,0.012518605,-5.286559487172644,6.761711621876638,0.08380909784759044,-0.6615376421221164,-1.918233149922414,12.695446561619205,11.674637002126259,-11.662118397126259
2007-12-18,0.4142886,-5.346879868819389,5.4164308573816475,-0.14887928068221937,-0.7050278699877291,1.9734551212913725,12.694813372353087,13.88391233153677,-13.46962373153677
2007-12-19,0.6572427,-5.405000179463262,-3.1043482824371034,-0.3365307233411314,-0.7747077387995224,3.07684471097979,12.694433791881572,6.150691578820343,-5.493448878820343
2007-12-20,1.1555692,-5.461019136353456,-8.48886721296542,-0.47900981652752145,-0.741177092951076,1.3037049401272278,12.694150595311829,-1.1722177233584183,2.3277869233584183
2007-12-21,0.26294076,-5.515115970692573,-3.9611606831862987,-0.5450729323984259,-0.5670372888648861,-1.7210454025843696,12.693853511635043,0.3844212339084887,-0.1214804739084887
2007-12-22,21.281128,-5.567311386349843,4.828423666137656,-0.5422747607371166,-0.3942992571508983,-4.306964587651104,12.69355440161245,6.711128075861145,14.569999924138854
2007-12-23,31.01434,-5.618207789392919,7.014650776732784,-0.5175997955662661,-0.3993733778533177,-5.18709869162108,12.692963834057847,7.985334956357049,23.029005043642954
2007-12-24,1.1080716,-5.66770780314331,0.4704659686302782,-0.4913498865839976,-0.575716459135472,-3.2787628458667575,12.69208731266316,3.149016286563901,-2.0409446865639014
2007-12-25,0.0133004505,-5.714944556026152,-5.936059001519429,-0.4332970846219427,-0.7237060392755836,1.6969371815031042,12.691295040337152,1.580225540397148,-1.5669250898971478
2007-12-26,0.00539911,-5.759666250370163,-4.3895917559318764,-0.32245257520268816,-0.6789892022056444,8.007209297894399,12.6905233669993,9.547032881183327,-9.541633771183326
2007-12-27,0.0029674266,-5.799740757610689,2.0334941244919236,-0.18888422400657068,-0.5007504049696127,12.251979073791702,12.691067478378278,20.487165290075033,-20.484197863475032
2007-12-28,24.646894,-5.836718762668875,4.554092213009073,-0.08135644813625745,-0.38878534372726414,11.885764194427187,12.69228944185479,22.825285294758654,1.8216087052413457
2007-12-29,44.656273,-5.872624502358349,0.9705052098617858,-0.018662946110818146,-0.43895013168551755,7.51664178711037,12.693134091990911,14.850043508808383,29.806229491191615
2007-12-30,13.273782,-5.90786576241252,-2.0822235151674393,0.015201354516900745,-0.5386717822821971,2.275724448665455,12.69330489936624,6.45546964268644,6.818312357313561
2007-12-31,0.6180806,-5.941509937368483,0.5429351074542629,0.021439070602346122,-0.5280748170156732,-1.2281795037663064,12.693283523778152,5.559893443684299,-4.941812843684299
2008-01-01,1.3093662,-5.9731235437210755,4.643804722350213,-0.0441792664604959,-0.414099348377027,-2.9401976183109757,12.69325521734589,7.9654601628265285,-6.656093962826528
2008-01-02,0.69728965,-6.002716465642694,2.6355418793065284,-0.21012578351971994,-0.35852472057399665,-4.2041461538214016,12.693204388834625,4.553233144583341,-3.8559434945833413
2008-01-03,0.66390705,-6.030208908101712,-4.954780806033405,-0.411431690620778,-0.4610645067269607,-5.3211560008365355,12.693152918053233,-4.485488994266159,5.149396044266159
2008-01-04,0.6901738,-6.05552776802385,-8.86443036391985,-0.5198862362574812,-0.6243592281811097,-5.209976375620981,12.693122267388018,-8.581057704615256,9.271231504615256
2008-01-05,1.8636694,-6.0786821524947,-2.98560467804878,-0.4744018905239368,-0.6760894181998202,-3.503289721790593,12.693086917632295,-1.024980943425538,2.888650343425538
2008-01-06,0.5310031,-6.099620558641774,6.920962075378187,-0.35439954359427567,-0.5855456401513094,-1.9295696798727446,12.693028841042075,10.644855494160158,-10.113852394160158
2008-01-07,5.589379,-6.117505336118698,9.625959080957111,-0.2882165737330938,-0.4940368852275417,-2.654242858509306,12.693525182284558,12.76548260965303,-7.176103609653031
2008-01-08,2.5448585,-6.133284385534948,2.103939059467869,-0.2907090340533608,-0.5265457842878181,-5.40243913494544,12.694126464398174,2.4450871850444766,0.0997713149555235
2008-01-09,4.3337145,-6.147108193032384,-6.836939142557243,-0.22588623590664797,-0.634050646373606,-7.161284175965966,12.6947024158762,-8.310565977959648,12.644280477959647
2008-01-10,2.2214248,-6.158823054225309,-7.336823165956427,0.04929265894626852,-0.6658809943941503,-5.286596419950804,12.695225199879332,-6.703605775701092,8.925030575701092
2008-01-11,0.76898235,-6.167879111561924,0.04968833037440101,0.5126241066325496,-0.5712071302408711,-0.521861358726111,12.695940748324253,5.997305584802298,-5.228323234802298
2008-01-12,28.545229,-6.174557808802728,5.996959814067241,0.9634761954724106,-0.4661750106498114,3.700754602721937,12.696738674269394,16.717196467078445,11.828032532921554
2008-01-13,8.896271,-6.179879679907431,4.113637208442834,1.1765079025287686,-0.48665318060887197,4.9551316212665615,12.697106086602709,16.27584995832457,-7.37957895832457
2008-01-14,0.34156558,-6.183413235831944,-2.0951406577679776,1.0638188392685977,-0.6225554480958554,4.228650819709977,12.697335017966996,9.088695335249792,-8.747129755249793
2008-01-15,0.15627989,-6.184861625469889,-4.709910843844961,0.6783257862962521,-0.7479866852808341,4.237981328487839,12.697556906340367,5.9711048665287745,-5.814824976528774
2008-01-16,4.2141767,-6.184238060631999,-1.3403732239248807,0.10824357462880149,-0.7939944875008325,5.7978087497022655,12.697779424629948,10.285225976903302,-6.0710492769033015
2008-01-17,4.8264875,-6.181819734373313,2.775624896096732,-0.5783379324655838,-0.8254942930485859,6.654850563209251,12.697952505359138,14.54277600477764,-9.71628850477764
2008-01-18,0.9302667,-6.177579263027251,2.036920341345528,-1.277649568294646,-0.921473295063925,4.220244719098288,12.69813073743498,10.578593671492973,-9.648326971492972
2008-01-19,0.31381518,-6.171471983610806,-2.6235128296885497,-1.80429087336361,-1.0321183467268606,-1.0174098132756286,12.698358395224608,0.04955454855915242,0.2642606314408476
2008-01-20,2.0588865,-6.163360561053787,-5.309897555316439,-1.975547535080588,-1.0230384943926283,-5.40068821064407,12.698659219288775,-7.173873137198736,9.232759637198736
2008-01-21,4.331603,-6.153078621356828,-2.4956597270594862,-1.7634997850774106,-0.8607463181461477,-5.540337794758436,12.699025028171226,-4.114297218227081,8.44590021822708
2008-01-22,1.1439353,-6.140613021270646,2.906297681566072,-1.342617083131744,-0.69310483736028,-1.6008549962436258,12.699383500433578,5.828491243993355,-4.684555943993355
2008-01-23,15.988838,-6.12575009045204,5.112712614822197,-0.9529192194460018,-0.699658484577746,2.963082909539826,12.699892219836007,12.997359949722243,2.991478050277756
2008-01-24,6.343977,-6.109086993563318,2.0679099004933987,-0.6999874578311797,-0.8824287627944283,4.724294426692162,12.700288839707103,11.800989952703738,-5.457012952703738
2008-01-25,0.09201188,-6.090381927927986,-2.4873721763425034,-0.48823745034783134,-1.056940415609188,3.1057676384772037,12.700717227685823,5.683552895935518,-5.591541015935518
2008-01-26,0.16002962,-6.0693154924124,-3.492366642802818,-0.16130144878459085,-1.065311005490257,0.05847184534693689,12.701283104845484,1.9714603607023538,-1.8114307407023538
2008-01-27,0.085132435,-6.0460632673328565,-0.21658723403536942,0.3130858956298251,-0.9551797160452283,-2.4073172499646094,12.701927790178258,3.3898662184300203,-3.30473378343002
2008-01-28,1.4105339,-6.020858159619333,3.2479825538951523,0.8196718237188693,-0.9085649229042403,-3.8103354574023944,12.702601553777992,6.030497391466046,-4.619963491466046
2008-01-29,7.516144,-5.993792314860121,2.867233302978074,1.2400513463162144,-1.0151915273632202,-4.500742620670487,12.703291159882376,5.300849346282836,2.215294653717164
2008-01-30,3.6775448,-5.964940283838261,-0.8534272399413181,1.5845582162383036,-1.169962761104008,-4.191580941911569,12.703937904707505,2.1085848941506526,1.5689599058493475
2008-01-31,1.3105398,-5.934225253765888,-3.76086983134314,1.9635018009682261,-1.2085581772296605,-1.9555087224806005,12.70456707708783,1.8089068932367685,-0.49836709323676853
2008-02-01,0.5560046,-5.900765336391494,-2.9397691863538724,2.433136700939537,-1.1019505016680589,2.1663415751911552,12.705672268348144,7.36266552006541,-6.8066609200654105
2008-02-02,2.214521,-5.864033156227974,0.2656189325180033,2.900087037343363,-0.9714005431139376,6.0815816952029955,12.707476647449493,15.119330613171943,-12.904809613171944
2008-02-03,54.93053,-5.825349932491214,2.344595651511778,3.184145103918433,-0.9292012632818758,6.841636910239384,12.709297501978222,18.325123971874724,36.60540602812527
2008-02-04,18.68269,-5.786465893967712,1.8276376829432037,3.1569707022581293,-0.9652700895452946,3.28614006058678,12.710276079924574,14.22928854219968,4.453401457800322
2008-02-05,2.312477,-5.746516514062508,0.4339191483070272,2.8390834980121302,-1.0053174859840612,-2.456351585915643,12.710969753728962,6.775786814085908,-4.463309814085909
2008-02-06,8.664452,-5.704947968721456,0.18800692737367158,2.362785212145811,-1.034975605645325,-6.393769320727016,12.711631569588697,2.128730814014382,6.535721185985619
2008-02-07,5.024697,-5.661842206190009,0.7621934912655672,1.8835569019600533,-1.105829827238793,-5.867104265351766,12.712170554134845,2.7231446485798987,2.301552351420101
2008-02-08,1.1349945,-5.617091148833696,0.42719617323880976,1.522105124358671,-1.2257645899721192,-1.7251195059170328,12.712645704378916,6.093971757253549,-4.958977257253549
2008-02-09,18.36773,-5.570625939475094,-1.1959666384715544,1.3495346716527854,-1.3068423677222052,2.380250777304275,12.713108416187213,8.36945891947542,9.998271080524582
2008-02-10,10.588971,-5.522849077513936,-2.571240554776145,1.3873845903674837,-1.2614610233398502,2.973602880331901,12.71333155936152,7.718768374430976,2.870202625569025
2008-02-11,0.06035471,-5.473581825645388,-2.3634745502350176,1.6067391881855118,-1.1216725505034022,-0.4197972864584322,12.713465237380444,4.9416782127237155,-4.881323502723715
2008-02-12,23.777212,-5.422637060004185,-0.9622480490023425,1.9291661184711062,-1.011271128811107,-4.880206941839308,12.713631567209337,2.3664345060235004,21.410777493976497
2008-02-13,7.995193,-5.3705210407642285,0.5388298516319882,2.2440595029649,-0.9950503344905255,-6.44411709783453,12.713470370001998,2.686671251509601,5.308521748490399
2008-02-14,0.0037465943,-5.316722579953622,1.790711484261168,2.4322915075237277,-1.0059582398333862,-3.333453366336867,12.713212913605023,7.280081719266043,-7.276335124966043
2008-02-15,3.2048378,-5.2607517445197995,2.616941773986085,2.3811906164483205,-0.9534055209347673,2.5724820657227614,12.7131778389759,14.069635029678501,-10.864797229678501
2008-02-16,4.1247635,-5.202939808249444,1.905941230730882,2.0321013503996372,-0.8618998673276683,7.364987739284483,12.713236634182525,17.951427279020415,-13.826663779020414
2008-02-17,3.340886,-5.143637102514139,-1.1423371661717638,1.440055703303852,-0.8434823423316183,8.381847022101775,12.713234457027154,15.40568057141526,-12.064794571415261
2008-02-18,0.7524092,-5.082745660229035,-4.507423666696982,0.7714627830597172,-0.9329210682783957,6.096006501871373,12.713215482998908,9.057594372725585,-8.305185172725585
2008-02-19,0.35524496,-5.01971657464418,-4.1165888543883575,0.19930549477729054,-1.0122792736046213,2.9541235284031204,12.713485896139957,5.718330216683209,-5.363085256683209
2008-02-20,1.6946744,-4.955032248494898,1.1648120368683725,-0.23246954403639608,-0.9449158421220012,0.6558136595978172,12.713818337763014,8.40202639957591,-6.707351999575909
2008-02-21,0.7283274,-4.8887930235632036,6.34278578795661,-0.6354363411283337,-0.7553530977162175,-1.0324993071810007,12.714222946643613,11.744926965011468,-11.016599565011468
2008-02-22,0.021240558,-4.820549248805504,4.745729585007161,-1.1437039975578143,-0.610851233681254,-2.780644523395469,12.714965281308277,8.104945862875397,-8.083705304875396
2008-02-23,0.9189755,-4.7505359575379345,-3.5130254440551556,-1.7559949126080585,-0.612080488055667,-3.7652912124969053,12.715787298330135,-1.6811407164235863,2.6001162164235865
2008-02-24,0.49754125,-4.678245867627825,-9.7504384344699,-2.338604187110176,-0.6598668832666059,-2.248424769811311,12.716927940762265,-6.958652201523552,7.456193451523553
2008-02-25,0.011660275,-4.603857612114015,-5.831249835262893,-2.7946668852139003,-0.5803622596622826,1.629316633843859,12.718307055140228,0.537487096730997,-0.525826821730997
2008-02-26,16.02598,-4.527834197807172,5.491204477793681,-3.198700468113044,-0.35846400079708785,4.487838801670726,12.71973454676241,14.613779159509514,1.4122008404904864
2008-02-27,13.031895,-4.450842798908003,12.198834212960417,-3.711874511306076,-0.17610867443282985,2.38253758042641,12.720969528509194,18.963515337249113,-5.931620337249113
2008-02-28,0.099544644,-4.372791777502901,6.354424259329083,-4.347093029269337,-0.1924961862928652,-4.699344781959363,12.722090669937925,5.464789154242542,-5.365244510242542
2008-02-29,0.0030267984,-4.292873681432143,-6.113004413853267,-4.868434212697132,-0.3392638946186767,-11.714200428398517,12.723451039211731,-14.604325591788005,14.607352390188005
2008-03-01,0.21073781,-4.211163595989484,-11.531257891867673,-4.976805457090933,-0.39291524258547694,-12.88161263754483,12.724892006063559,-21.26886281901484,21.47960062901484
2008-03-02,0.07278891,-4.127705970182304,-4.092291933688745,-4.604970592819883,-0.23861710271631,-7.374628152751257,12.726400814991383,-7.711812937167117,7.784601847167117
2008-03-03,5.02817,-4.0427092879465905,7.419124765576543,-4.000960779975645,0.0037710612635167458,-0.27261626352521173,12.727930801536163,11.834540296928775,-6.806370296928775
2008-03-04,7.160455,-3.956204711476392,9.968045373471398,-3.505437493752989,0.14156567438916853,2.4690289370862426,12.729527780262098,17.846525559979526,-10.686070559979527
2008-03-05,4.679821,-3.868144380065046,1.41283540798549,-3.2553225367849405,0.14597461299375686,-0.23322523649257976,12.73123498320848,6.933352850845161,-2.253531850845161
2008-03-06,1.3258448,-3.778539713572214,-7.58863949029054,-3.1194703327952458,0.16400126924329467,-4.162688421778068,12.73305505430256,-5.7522816348902115,7.078126434890212
2008-03-07,6.2712526,-3.686648823798454,-6.783787659096107,-2.9120116357484784,0.3024972542364713,-4.803657437818333,12.735396706942195,-5.148211595282708,11.419464195282709
2008-03-08,2.510646,-3.593251919108903,1.7247471874194085,-2.618238578172799,0.47837950638729365,-1.9972062655089982,12.737850741398875,6.732280672414876,-4.221634672414876
2008-03-09,0.16603526,-3.4986477096029205,7.040167326340864,-2.387469737951589,0.5312423267732713,0.672328646058741,12.740351520233922,15.09797237185229,-14.93193711185229
2008-03-10,26.684576,-3.4028642669830673,3.2965245977505835,-2.333080656254834,0.4451929299085386,0.4116438062941037,12.742936080735175,11.1603524914505,15.5242235085495
2008-03-11,7.1645393,-3.3062480005561,-3.7490246363097235,-2.37973856498047,0.38387173243050504,-1.8126327538386107,12.745453340314068,1.881681117059669,5.282858182940331
2008-03-12,0.1058341,-3.208714166980647,-4.965968684483181,-2.3135418781189037,0.4890517358885679,-2.9055996471208787,12.7479499812625,-0.15682265955254238,0.26265675955254236
2008-03-13,0.042508356,-3.110210890413099,0.3257444807026968,-1.9699551205531625,0.7027569305185144,-1.3582702030885576,12.750458675462598,7.34052387262899,-7.29801551662899
2008-03-14,19.711546,-3.0108085523352965,4.2011185116214556,-1.3369927261004189,0.8495397204594952,1.5568410375957937,12.753019518244544,15.012717509485572,4.698828490514426
2008-03-15,12.415039,-2.910621008961794,1.192716607728546,-0.5161671072739031,0.8683444010489263,3.990299428853488,12.755608882096128,15.380181203491391,-2.965142203491391
2008-03-16,0.30482513,-2.8097838083397995,-4.377452836655756,0.3529170152518981,0.8882111121920797,5.77822445818246,12.758106302268228,12.59022224289911,-12.28539711289911
2008-03-17,1.9395154,-2.7080924160782396,-4.395610133647109,1.0951732399259912,1.0461506824617643,7.814337843842768,12.76063301852256,15.612592235027735,-13.673076835027736
2008-03-18,1.0492296,-2.6058106240963292,1.963701749236997,1.492867756376822,1.2903760949143603,9.777562007562269,12.763138089348647,24.681835073342768,-23.632605473342768
2008-03-19,22.747692,-2.5030737858872767,6.914570120208164,1.3682404055404356,1.4308295434371112,9.659571426474614,12.765625037061513,29.63576274683456,-6.888070746834558
2008-03-20,66.87256,-2.4006092414100166,4.203057286058413,0.7229952345940964,1.37504345641198,6.027693395780677,12.767759157941518,22.695939289376668,44.176620710623325
2008-03-21,17.471235,-2.2993606170643854,-2.764887932687886,-0.1989643149867351,1.2486636285745565,0.24923553640953838,12.76897805765895,9.003664357904038,8.467570642095962
2008-03-22,0.61892647,-2.1979232350000117,-5.524758390458101,-1.0216527377850895,1.2483101016906994,-4.281955276427845,12.769966770638336,0.9919872326579888,-0.3730607626579888
2008-03-23,2.5027146,-2.095556606956573,-1.6364889528150128,-1.4746780173195562,1.4122325925395767,-5.322109172016262,12.771059224437188,3.654459067869361,-1.151744467869361
2008-03-24,14.702334,-1.9922816332464839,2.643760522354422,-1.5282907241331483,1.601394379389856,-3.7161637356792707,12.77221753781366,9.780636346499035,4.921697653500965
2008-03-25,10.574632,-1.888194740769857,1.3625971392563412,-1.3354696313726817,1.6971746508666288,-2.0835821485396018,12.773475245492058,10.526000514932887,0.048631485067112123
2008-03-26,7.4744406,-1.7835632519860436,-2.979182257548422,-1.0768384305361138,1.7437518048535234,-2.0023042217691405,12.774798551887768,6.6766621949015725,0.7977784050984278
2008-03-27,9.363873,-1.6785031233387797,-3.209355633426478,-0.8602075311262377,1.853598684260318,-2.8209214403320884,12.776119418059112,6.060730374095845,3.3031426259041545
2008-03-28,9.24299,-1.5730958910840445,2.2429193554270643,-0.7075300784087799,2.023033971030536,-2.935254032878491,12.777356670372379,11.827429994458663,-2.5844399944586627
2008-03-29,3.8364012,-1.467368688822777,6.867316357341362,-0.5745930584404648,2.119609343564371,-1.679380090029426,12.778497919828462,18.044081783441527,-14.207680583441526
2008-03-30,12.840176,-1.3612983759835529,4.778479793891887,-0.3700726122719164,2.0607111470132224,0.07420449370366128,12.779667480287404,17.961691926640704,-5.121515926640704
2008-03-31,28.171467,-1.2553958113331438,-1.432147457761345,0.006980703630901419,1.937055731493072,0.6522079343145635,12.780661938904908,12.689363039248956,15.482103960751044
2008-04-01,3.9271865,-1.1499141307605696,-4.399046469979923,0.6181204901946623,1.9080987007234929,-1.319492483423914,12.781292982097963,8.43905908885171,-4.511872588851711
2008-04-02,0.020302134,-1.0436929203307699,-1.8814403287448955,1.4769033389640138,2.0045431685956414,-5.918286421970243,12.782140575516584,7.420167412030331,-7.399865278030331
2008-04-03,5.21437,-0.9363785272817451,0.8977181132512184,2.602577302538781,2.1007947925814996,-11.11623401924186,12.783394693118199,6.331872354966093,-1.117502354966093
2008-04-04,4.2479277,-0.8285563668295336,-0.6037423969556633,4.074710105774677,2.095534969847689,-12.902188282635478,12.78478956002561,4.6205475892273,-0.37261988922730005
2008-04-05,1.5492679,-0.7205529722431226,-3.5186415173344168,5.964077463379063,2.054832417437542,-7.394794651038713,12.786200039158224,9.171120779358576,-7.621852879358576
2008-04-06,0.4822018,-0.6125470122045822,-1.9231221463848405,8.151537818751171,2.1221641864385266,5.786892302121272,12.787615798073784,26.31254094679533,-25.830339146795332
2008-04-07,46.684692,-0.5045276911035328,4.0579713708088,10.220363318826793,2.3126724449142952,21.807335527421504,12.789107997351792,50.68292296821965,-3.9982309682196515
2008-04-08,160.26785,-0.397857089880741,7.6513942843877025,11.58988598867581,2.4671820587238003,32.85364294843704,12.789988502129694,66.9542366924733,93.31361330752671
2008-04-09,29.622015,-0.29551730022603756,4.556785168402468,11.847820331879872,2.435239505150126,33.131788539283775,12.788563343901735,64.46467958839193,-34.842664588391926
2008-04-10,37.46041,-0.19429068260883106,-1.0367486212393309,11.025465925812098,2.253305736760293,22.602745505625133,12.78672324960298,47.43720111395234,-9.976791113952338
2008-04-11,19.097704,-0.0940168870565629,-2.3570526023069744,9.52487536766726,2.0805435607082945,6.428724771532819,12.784504010872821,28.36757822141766,-9.269874221417659
2008-04-12,6.83054,0.005647801014724382,0.5509749485831799,7.871969990606374,1.9993494498615476,-8.43646874966718,12.782087371816832,14.773560812215479,-7.943020812215479
2008-04-13,18.637627,0.10497148150349765,1.2452800048215829,6.478926197520201,1.941394068080455,-16.522851776180314,12.779572588398596,6.027292564144018,12.61033443585598
2008-04-14,12.765372,0.20375354213681954,-3.286229191770133,5.55573977636694,1.8260303105847773,-15.396857869593365,12.776795378381122,1.6792319461061602,11.086140053893839
2008-04-15,1.6048493,0.30292996541476946,-7.362767484308758,5.118353034839918,1.7055116366434628,-6.168731620983897,12.774200416128664,6.369495947734159,-4.76464664773416
2008-04-16,0.25316957,0.40307020146523176,-3.9244968728689447,4.99389576370175,1.706024869977174,6.444583841437467,12.772065766846842,22.39514357055952,-22.141974000559518
2008-04-17,26.799446,0.5038128540654827,5.198306965548417,4.847160194543234,1.8391224655564566,15.51996841149468,12.770298830334177,40.67866972154245,-13.879223721542449
2008-04-18,127.33481,0.6039841842428644,10.372552867715159,4.313474384799336,1.9456386432897175,15.543799246235151,12.768526978462143,45.547976304744374,81.78683369525564
2008-04-19,32.309464,0.7004297123636141,5.858779414844253,3.2227570042464917,1.867721191938263,6.326827020591009,12.765025536726645,30.741539880710278,1.5679241192897209
2008-04-20,1.4541091,0.7954767212285058,-3.024382459652296,1.7533104305997975,1.6383153228703757,-6.349196991506702,12.76103191272294,7.574554936262621,-6.120445836262621
2008-04-21,0.24789874,0.8902264211147417,-6.675780499982447,0.2991500421623393,1.4337235940997977,-14.816655989925751,12.757017201701851,-6.112319230829469,6.360217970829469
2008-04-22,0.08412707,0.9850954982516309,-2.763051136267111,-0.8045728914376961,1.3556271850089092,-14.977305827178634,12.753188202154021,-3.4510189694688798,3.53514603946888
2008-04-23,0.89407897,1.0800952585655628,2.1787465061912474,-1.4721686057454109,1.322805627394669,-8.55781673727149,12.749548838566321,7.301210887700899,-6.407131917700899
2008-04-24,11.693132,1.1749784177367566,2.122209059962237,-1.838423068956494,1.2059296048844703,-0.7942553586485164,12.745993084490314,14.616431739468768,-2.923299739468767
2008-04-25,8.094726,1.2695686220371145,-1.1306312958055846,-2.0872091521753684,1.0181399034430176,3.696316530353414,12.742476627854513,15.508661235707105,-7.413935235707106
2008-04-26,9.456753,1.3650759016312084,-1.7741312036240375,-2.3211777654790815,0.9028129906761744,3.3414394737767164,12.739722046142157,14.253741443123136,-4.796988443123135
2008-04-27,7.507865,1.4606002356285894,1.3405881175806416,-2.556356862853625,0.9357868306819657,-0.5465912181051604,12.737151694251448,13.371178797183859,-5.863313797183859
2008-04-28,9.067302,1.555582529014511,3.3475034022137056,-2.7776997462919617,1.0088194244863058,-5.0416848825042315,12.734580289762526,10.827101016680857,-1.7597990166808568
2008-04-29,2.3596988,1.6497793047270193,0.653829000999586,-2.970281161044845,0.9568837353200149,-6.8641808678189795,12.731918442387556,6.157948454570352,-3.7982496545703524
2008-04-30,0.122936904,1.743320311034905,-3.597549445983809,-3.1259451717630085,0.7673269655474056,-3.8823029826892284,12.729226942171062,4.6340766183173265,-4.511139714317326
2008-05-01,0.029090093,1.836528181871247,-3.4413840631448687,-3.2664122412426613,0.5947624178704827,3.1387706754925713,12.726734492051039,11.58899946289781,-11.55990936989781
2008-05-02,24.64917,1.929161671287419,1.8997365010181895,-3.46846693772564,0.5558521705672201,10.052309953338328,12.724355502940153,23.69294886142567,0.9562211385743318
2008-05-03,38.986492,2.020299795806865,6.50397218251782,-3.827622206349211,0.5698465932862316,11.623073872695738,12.721630456354742,29.611200694312185,9.375291305687814
2008-05-04,8.024441,2.1093876961264653,4.751415812869646,-4.337981834816186,0.46095407771913566,5.603785290891238,12.718319547005873,21.30588058979617,-13.281439589796172
2008-05-05,2.9044957,2.197358017354073,-1.9482599705917205,-4.803241255433993,0.1964351879483318,-4.904322679973468,12.714887432589832,3.452856731893055,-0.5483610318930552
2008-05-06,0.6716293,2.2856627462301597,-6.8210458246431545,-4.91148835306423,-0.0487499378181136,-13.376302464550639,12.712031353016785,-10.15989248082919,10.83152178082919
2008-05-07,0.037892256,2.3745733189909384,-5.416765374658314,-4.436579293986028,-0.09020253757148977,-14.657681649004644,12.709828434478585,-9.516827101750952,9.554719357750951
2008-05-08,0.35949725,2.4633463603824053,-0.1446733451551372,-3.409391035695295,0.0478371651169624,-8.493165782185345,12.70789816618287,3.17185152864646,-2.81235427864646
2008-05-09,5.8154974,2.5516522166416613,3.1772313034115642,-2.1104166381565537,0.16570860835907597,1.0210082762758863,12.706123088857158,17.511306855388792,-11.695809455388792
2008-05-10,44.21131,2.639147947451546,2.115016084032949,-0.9064068026950391,0.12432642003193956,8.894283305639021,12.704427819984929,25.570794774445346,18.64051522555465
2008-05-11,30.239613,2.7244977737547744,-0.2546057875134021,-0.07439650313292553,-0.013952197788301979,12.162311801123536,12.702128685550607,27.24598377199429,2.993629228005709
2008-05-12,12.763359,2.807945921271908,0.05925813849511419,0.28559085469947704,-0.10192609735805302,10.326480569436054,12.699368026352719,26.076717412897217,-13.313358412897218
2008-05-13,20.034836,2.889999092342091,2.510583274537955,0.2439206484173306,-0.11196238140619036,4.344256493725716,12.696442577230172,22.573239704847076,-2.5384037048470773
2008-05-14,22.359562,2.9705960685813153,2.6100836406606787,0.019329941160471376,-0.15287933272850235,-3.767582791299893,12.693293837372014,14.372841363746083,7.986720636253917
2008-05-15,8.214573,3.0498001681858904,-1.8980580842507546,-0.06957932259215727,-0.28909723267169074,-10.681743847356772,12.689943490101593,2.8012651714161088,5.413307828583891
2008-05-16,4.0380077,3.1279175704231763,-6.948742052957758,0.25347455509524863,-0.4227027882324678,-12.655630703444428,12.686510673096212,-3.9591727460200197,7.997180446020019
2008-05-17,10.934199,3.2058659303868295,-6.024505672647851,1.0293636743972452,-0.4105082683696232,-8.150855884567653,12.683527581748347,2.3328873609472947,8.601311639052705
2008-05-18,5.7061267,3.2829888391797266,1.7116933312039124,1.9906552610348267,-0.26513821425421163,0.10609831612547364,12.680636366340783,19.50693389963051,-13.80080719963051
2008-05-19,17.15503,3.3592328284421047,8.958528102189229,2.7261051998869736,-0.16515225235045078,6.472938020848225,12.677911701215871,34.02956360023195,-16.874533600231953
2008-05-20,79.54637,3.433617716298018,7.745382811837386,2.9859688432493887,-0.24201315700029682,6.805580538320322,12.675015901597407,33.403552654302224,46.14281734569777
2008-05-21,1.0712208,3.504245609446824,-1.0888968721780963,2.8543275636887935,-0.41503108317181536,1.9279797654888924,12.670916051135336,19.453541034409934,-18.382320234409935
2008-05-22,0.014640624,3.5734000895799976,-8.085666183585031,2.6301367814989494,-0.49215829707471265,-3.4223411536560557,12.66680974097761,6.870180977740758,-6.855540353740758
2008-05-23,0.011387514,3.6414733340454104,-5.880291641593352,2.5079414912357074,-0.4187588241973347,-5.283177598553748,12.662716727090528,7.229903488027211,-7.218515974027211
2008-05-24,17.654804,3.708753787629723,2.2016255653764767,2.4314553607946094,-0.34608829319843115,-3.7761588153833356,12.658736511476334,16.878324116695378,0.7764798833046207
2008-05-25,38.30558,3.7758219104370463,6.3142720186407315,2.228245315706245,-0.4323475436258334,-1.8591666007234895,12.65528549181699,22.68211059225169,15.62346940774831
2008-05-26,9.073174,3.8410793996715773,2.115019531643868,1.8490349744715762,-0.6312966476658121,-1.4400033605816176,12.651558636680463,18.385392534220053,-9.312218534220053
2008-05-27,1.5650631,3.904707806331818,-4.283876862272858,1.4395184132381524,-0.7415693516249477,-1.4920376137388656,12.64770593887531,11.47444833080861,-9.90938523080861
2008-05-28,1.4357886,3.9670536415197537,-4.554246250407111,1.1833587549147768,-0.6541008725541371,-0.06636910527197312,12.643878502229501,12.51957467043081,-11.08378607043081
2008-05-29,50.530697,4.028904722403558,1.2099018337906493,1.1215856247449252,-0.4824477396754673,2.7181061232250396,12.640479517711663,21.236530082200368,29.294166917799636
2008-05-30,31.616362,4.089762275524296,5.133537839037636,1.1418600346689942,-0.41593097105082383,4.53695576427917,12.63712499475209,27.123309937211367,4.493052062788632
2008-05-31,24.002228,4.149709058950441,2.261483230033591,1.1241327824495544,-0.48990784931783365,3.6876092606462585,12.633920893839663,23.366947376601672,0.6352806233983266
2008-06-01,4.1223145,4.20854792937528,-3.0885041549130103,1.0285142228034665,-0.5697098335214346,1.2295998703992483,12.630830861566617,15.439278895710167,-11.316964395710167
2008-06-02,12.654252,4.266786335892483,-3.504994396886171,0.859928742684314,-0.548638807054231,-0.1417937089590801,12.628101735319301,13.559389900996617,-0.9051379009966176
2008-06-03,52.240757,4.323634225296773,1.4368776149224753,0.5945886387963334,-0.48964840866167775,0.8960950611947179,12.625283506740482,19.386830638289105,32.8539263617109
2008-06-04,13.635728,4.377702742029005,4.816834269798022,0.1994487008277298,-0.5288379315564312,2.958550948056034,12.621674542300326,24.445373271454685,-10.809645271454684
2008-06-05,8.478159,4.429921721996564,1.8699915949620136,-0.2712497324524855,-0.6801622360555333,3.6438838515488725,12.61786988860243,21.61025508860186,-13.13209608860186
2008-06-06,6.3448496,4.481142305407005,-3.7850997883348767,-0.6622418744909704,-0.8085995149748617,2.033124634130181,12.614295619013216,13.872621380749694,-7.527771780749694
2008-06-07,3.2274718,4.5317286609395975,-5.246151020366859,-0.8110701933245159,-0.7982918637406864,-0.6191841835070057,12.611070370912326,9.668101770912857,-6.440629970912857
2008-06-08,3.5657532,4.581260367832389,-1.3301336109627842,-0.6708593926971742,-0.6901801889970622,-2.2979684165208636,12.608000994896653,12.200119753551157,-8.634366553551157
2008-06-09,22.228226,4.629725360445958,2.6478451346171883,-0.34317080406530065,-0.6148533292208642,-1.8883227815855277,12.605127453933962,17.036351034125417,5.191874965874582
2008-06-10,6.62742,4.676728572331749,2.5067922850466244,-0.002974026548324682,-0.6231032507922148,0.35658424784083315,12.602197361238828,19.516225189117495,-12.888805189117495
2008-06-11,2.9934793,4.722293265425854,0.17457202814726736,0.19795927530648905,-0.644529038541478,3.2918178970862493,12.599317765213687,20.34143119263807,-17.34795189263807
2008-06-12,57.37355,4.766386307918275,-0.3155714886488607,0.1705733817066071,-0.6177648245699735,5.421485975936487,12.596556505543786,22.02166585788632,35.35188414211368
2008-06-13,13.879598,4.8073907863688135,0.9733039599780313,-0.10204571370411264,-0.5947223916867943,5.366774755663509,12.592945563159953,23.0436469597794,-9.164048959779402
2008-06-14,13.245144,4.846585160915643,0.6970346202014033,-0.5447813452999899,-0.6664509583049859,2.506441025300408,12.589267827113915,19.428096329926394,-6.182952329926394
2008-06-15,5.2746267,4.884458352817312,-1.837789582733765,-1.0048183215811324,-0.8195408061242372,-2.563118833473651,12.585734885805037,11.244925694709563,-5.970298994709563
2008-06-16,2.2469656,4.921223351043956,-3.1230117742762538,-1.2957004208913423,-0.9285380955494337,-8.174475911400195,12.58237630521453,3.98187345414126,-1.7349078541412601
2008-06-17,5.370173,4.956951806785215,-0.9843780024817448,-1.275625717630267,-0.9099033245666942,-12.313619263894184,12.579166079973806,2.0525915781861315,3.317581421813869
2008-06-18,3.0122638,4.991509852289694,1.3655083349275488,-0.8967831997315269,-0.8295410135568122,-13.247109485786561,12.576073208039093,3.959657696181436,-0.9473938961814361
2008-06-19,0.867947,5.024891262313179,-0.2726566548420696,-0.20080628440393247,-0.810601289227822,-9.856781719042031,12.573169890929101,6.457215205726425,-5.589268205726425
2008-06-20,3.8713188,5.056900735452966,-4.05199988986016,0.6961002652502384,-0.8611395125781756,-2.2739807058593846,12.570352603621577,11.136233496027062,-7.264914696027062
2008-06-21,23.0536,5.087511015131244,-3.369981179926053,1.5940256132417177,-0.8606000798297283,7.123744061047779,12.567596007749398,22.142295437414354,0.9113045625856451
2008-06-22,76.06533,5.116522316558124,3.7781165636281555,2.2226960348100038,-0.7362927161111643,13.765184185177825,12.56487071357411,36.71109709763705,39.35423290236295
2008-06-23,44.58326,5.141922695871044,10.12242027577367,2.357538879554841,-0.5949985830483837,13.399616684124538,12.561157455798039,42.987657408073744,1.5956025919262586
2008-06-24,7.3255143,5.164276926198216,7.064939396896644,1.9989995709940107,-0.6177965472057787,5.857150996508938,12.556874219020374,32.024444562412405,-24.698930262412404
2008-06-25,8.167894,5.185765348396442,-3.8886103109328007,1.4175067916984667,-0.837479185458597,-3.7090829869049458,12.553113823287934,10.721213480086499,-2.5533194800864987
2008-06-26,11.011763,5.206072248801199,-11.384565900793431,0.9785545754410996,-1.0791935820899972,-8.279098116659013,12.549467282825061,-2.0087634924750812,13.020526492475081
2008-06-27,4.648762,5.224777098872293,-7.169320280938573,0.860824617283416,-1.1541973572079363,-4.666909469255822,12.545736886967827,5.6409114957212045,-0.9921494957212049
2008-06-28,7.333128,5.241737470206488,3.901437656915627,0.9192029169684119,-1.0743102331391223,3.820488527184865,12.541966440324266,25.350522778460537,-18.017394778460535
2008-06-29,79.37622,5.257051648881435,9.495212930135468,0.8326504228561256,-1.0220742172214599,10.44541331220696,12.538280008129677,37.546534104988204,41.8296858950118
2008-06-30,34.12918,5.269386933471337,4.343852361680514,0.404675477063308,-1.1164308271896803,10.826336180899636,12.533900114336216,32.261720240261326,1.8674597597386722
2008-07-01,1.0021487,5.279688310778985,-4.175480449576945,-0.2585344861607492,-1.268969483349673,5.907031532621235,12.529390410108766,18.01312583442162,-17.01097713442162
2008-07-02,1.2245183,5.288856882613751,-5.9583092806057,-0.886991863203514,-1.3133864793956975,-0.24859278585445518,12.52518772132711,9.406764194881495,-8.182245894881495
2008-07-03,0.47465834,5.2968722754973925,-0.5025227195688231,-1.305556508175764,-1.2267678722701905,-4.549150758077051,12.521200823204497,10.23407524061006,-9.759416900610061
2008-07-04,3.2564406,5.303971453315503,3.730053442527922,-1.53917258403525,-1.1548403620585201,-6.4283599978182115,12.51754041245694,12.429192364388383,-9.172751764388384
2008-07-05,2.7276018,5.309947775773678,1.0795877783269292,-1.7053093795097385,-1.2194280013562064,-6.32662144547266,12.514080262243853,9.652256990005856,-6.924655190005856
2008-07-06,8.37577,5.314523970596241,-4.176325183014561,-1.8602407863212516,-1.367460880856183,-4.2220940615835625,12.510626647743855,6.199029706564538,2.1767402934354614
2008-07-07,14.6294775,5.319646237440852,-4.177972414284561,-1.972025795578836,-1.4554651437769603,-0.40280590820154516,12.508235855671181,9.819612831270131,4.809864668729869
2008-07-08,20.71229,5.323787644088292,1.6792237740365965,-2.000570791930487,-1.4451145113115842,3.119760765823273,12.506040517620177,19.183127398326267,1.5291626016737325
2008-07-09,15.193805,5.325802430907734,5.844474762883694,-1.9592384304341448,-1.4469193603587271,3.4400162021067326,12.503609631953047,23.707745237058337,-8.513940237058337
2008-07-10,6.648974,5.325883105812766,2.5963634344689455,-1.8740242178009172,-1.5518316596390596,-0.28015032189180694,12.501130278274514,16.71737061922444,-10.06839661922444
2008-07-11,3.092607,5.32464168581133,-4.364094165163094,-1.7343985854390345,-1.684877783609919,-5.218399240748871,12.49888057126249,4.821752482112902,-1.7291454821129015
2008-07-12,10.925089,5.322236399198427,-6.564139504612469,-1.5407038055688003,-1.6901285157949446,-7.146384194062367,12.49680549102316,0.8776858701830061,10.047403129816994
2008-07-13,19.885391,5.318545392217681,-1.486543205048056,-1.3950952912150183,-1.5433395968058687,-4.536064414371314,12.494709850696301,8.852212735473724,11.033178264526274
2008-07-14,22.242788,5.314934873280514,4.438708158474738,-1.4802302712534496,-1.407091822381314,-0.051208987441752965,12.493405409430231,19.308517360108965,2.934270639891036
2008-07-15,9.272137,5.3112808708693064,4.126184356981917,-1.8948305832379453,-1.442647348075032,2.260474854532708,12.492965031579068,20.853427182650023,-11.581290182650022
2008-07-16,4.645481,5.306133548653651,-1.430045366527375,-2.5215236346452783,-1.6153219764215345,0.9705938550940075,12.492558571140473,13.202394997293943,-8.556913997293943
2008-07-17,2.7918544,5.299617706836106,-4.900511768120976,-3.09359121588448,-1.740865167406677,-1.7847646784089566,12.492216032146079,6.272100909161094,-3.480246509161094
2008-07-18,31.867332,5.29168736486119,-2.0805536826044224,-3.41428386867052,-1.7120661488122924,-3.038666214641128,12.491979052825,7.538096502957827,24.329235497042173
2008-07-19,11.140899,5.281350955661083,3.1542333573413424,-3.5207265290613696,-1.6196097459136163,-2.061502727296788,12.49131824420166,13.725063554932312,-2.584164554932313
2008-07-20,6.8518305,5.269176985496929,4.233776936219454,-3.6205807010763515,-1.6173661710785583,-0.5220890999591865,12.4905471739817,16.233465123583986,-9.381634623583986
2008-07-21,3.4115255,5.25547931718788,0.15562579981304708,-3.8913909725244675,-1.7169134828876582,-0.2076871192631236,12.489788248555582,12.08490179088126,-8.67337629088126
2008-07-22,0.9330171,5.240637455001969,-3.787933056691509,-4.333286519712947,-1.7763379842884057,-1.1990687577679089,12.489182519504581,6.63319365604578,-5.70017655604578
2008-07-23,2.7519894,5.225103599334723,-3.0936770822978925,-4.7954443477008,-1.6903687763645758,-2.278504798838057,12.488925543864134,5.856034137997532,-3.104044737997532
2008-07-24,6.713564,5.209039187029614,0.5434993569064379,-5.113263922377785,-1.5285845531351667,-2.483533706412694,12.489099919494052,9.116256281504459,-2.402692281504459
2008-07-25,10.739394,5.191850824068432,2.125606188911309,-5.218225110152074,-1.4438802375953252,-1.775513359068913,12.489378137756574,11.369216443920003,-0.629822443920002
2008-07-26,13.386105,5.173357542574717,0.15561548461301028,-5.160109399187956,-1.4779037035551936,-0.46331425598909465,12.489725706067661,10.717371374523145,2.6687336254768557
2008-07-27,20.301025,5.153311593440419,-1.7306001554238035,-5.073445309066753,-1.5198048815520304,1.3062128339166006,12.490000805290693,10.625674886605125,9.675350113394874
2008-07-28,18.146652,5.131673905916124,-0.11786097175523186,-5.1225390635867685,-1.4649781862793714,3.1645837215207586,12.490113666693174,14.080993072508685,4.065658927491315
2008-07-29,20.803457,5.109135869534217,3.282547315052474,-5.412141702972466,-1.3547668723597823,4.076371024851179,12.490432442712853,18.191578076818473,2.6118789231815285
2008-07-30,9.506278,5.0854549075675495,3.736758631045983,-5.88848200569223,-1.3125797211948624,2.9386422793539233,12.490882933139678,17.050677024220043,-7.544399024220043
2008-07-31,4.765243,5.060561170826359,-0.23483475848480623,-6.321031270668893,-1.3682029136877614,-0.14740847470712107,12.491510759684363,9.480594512962142,-4.715351512962142
2008-08-01,9.300858,5.034106195935109,-4.6749191888926145,-6.432565249013105,-1.4078597623211437,-3.5000134798365696,12.492143490572879,1.5108920064445552,7.789965993555445
2008-08-02,3.9547727,5.005971336139728,-4.876129675764897,-6.099055046646197,-1.3153219196544808,-5.075909761850241,12.49267524349383,0.13223017571774243,3.8225425242822575
2008-08-03,0.30991855,4.976630711445678,-0.903288513890783,-5.450544708961442,-1.1182209134926264,-4.159046041017872,12.493312346781298,5.838842880864252,-5.528924330864252
2008-08-04,18.320812,4.946081856716335,2.8394251408017577,-4.778854681499243,-0.9518152833089619,-1.8415012575503291,12.494045116413519,12.707380891573077,5.613431108426923
2008-08-05,28.631561,4.914020985113593,3.000423854567119,-4.328153784147249,-0.8931296894368461,0.04502432228278064,12.494717871762516,15.232903560141914,13.398657439858088
2008-08-06,17.556986,4.880028324331603,0.6720879914816312,-4.1432001352075165,-0.8820175248204225,0.31923625146852425,12.49509114594824,13.34122605320206,4.215759946797938
2008-08-07,3.125531,4.844443055166725,-0.9562667934661443,-4.08431065920237,-0.8226903022674152,-1.0823607548518792,12.49530671332591,10.394121258704825,-7.268590258704824
2008-08-08,0.063709915,4.807772830946448,-0.8695945389628672,-3.947175268287119,-0.7161570273972543,-3.512953869274741,12.49563288205757,8.257525009082038,-8.193815094082037
2008-08-09,7.5479465,4.770083705479776,-0.746541978675727,-3.565216934346048,-0.643219633705954,-6.063897258609125,12.496149322635878,6.2473572227788,1.3005892772212002
2008-08-10,12.2034,4.731033682194729,-1.7136373027786158,-2.847702579026776,-0.6307701138766948,-7.698085512978594,12.49671456239585,4.337552735929899,7.865847264070101
2008-08-11,6.9976234,4.691307170894484,-2.3889502013111503,-1.7965894137295144,-0.595358486799341,-7.474530467777892,12.497718856693686,4.933597457970272,2.064025942029728
2008-08-12,6.0245385,4.650726519354557,-1.0159463281238177,-0.5299704735353076,-0.4482721802008419,-5.115459467531993,12.499025247346143,10.040103317308741,-4.015564817308741
2008-08-13,8.941667,4.608694303902215,1.5651149329047522,0.7288295218588838,-0.22183029464519452,-1.4018861167894472,12.500334425303192,17.779256772534403,-8.837589772534402
2008-08-14,13.569371,4.564920554895581,2.593208497825184,1.745669984767096,-0.03989238930162925,2.217614272271008,12.501518977909214,23.583039898366454,-10.013668898366454
2008-08-15,8.83166,4.519473406075322,0.9829442211666783,2.400415826506949,0.03506215171310101,4.539886860158085,12.50257434168105,24.980356807301185,-16.148696807301185
2008-08-16,38.801437,4.472523412693965,-1.1056814323395332,2.737247369071652,0.07760522990761659,5.151278828130948,12.503616080471291,23.83658948793594,14.964847512064061
2008-08-17,31.579836,4.423127817900231,-1.0328502667734847,2.896888318324222,0.19506200657923828,4.19592080111885,12.504143756274223,23.182292433423278,8.397543566576722
2008-08-18,7.04222,4.371424280937368,0.8333847144061469,3.0108316123700143,0.380713617670422,1.9526135571287053,12.50422300089801,23.053190783410667,-16.010970783410666
2008-08-19,4.534119,4.318163886474233,1.5972169959430185,3.1475806696786206,0.5193865985792758,-1.1260585584899776,12.504252389219944,20.960541981405115,-16.426422981405114
2008-08-20,13.3962145,4.263571271365831,-0.19653615603656374,3.3382096484722164,0.542255065391992,-4.045821335309594,12.504277627203754,16.405956121087634,-3.0097416210876347
2008-08-21,27.750788,4.207424424612988,-2.3588079088369085,3.6152641258456226,0.527678460935269,-5.373315376575591,12.504111871642097,13.122355597623478,14.628432402376522
2008-08-22,12.728806,4.149371832748668,-1.7762405123890128,3.9955196464964966,0.6101097935227565,-4.121894706910371,12.503527913585494,15.36039396705403,-2.6315879670540294
2008-08-23,12.44706,4.090112465426655,1.311968449558995,4.4366094842355155,0.8119652064775937,-0.6055326825200102,12.502999883828807,22.54812280700755,-10.101062807007551
2008-08-24,52.006233,4.029355023540994,3.2188312840911633,4.839627620091785,1.0171979469362742,3.7169366737434655,12.502435443309684,29.32438399171337,22.681849008286633
2008-08-25,60.69673,3.9660099177542687,1.4413046998350525,5.113530919448934,1.1213918362379118,7.294408369647526,12.501246230849896,31.43789197377359,29.258838026226414
2008-08-26,24.555456,3.899795678732594,-1.8235894727306599,5.234143343734616,1.162788839031079,9.294491955478392,12.499191661123687,30.26682200536971,-5.711366005369712
2008-08-27,13.379651,3.83192741735745,-2.1882327458889854,5.215658246828359,1.2596907848204701,9.423954112181715,12.496827276807553,30.03982509210656,-16.66017409210656
2008-08-28,46.516872,3.7627438365595047,1.200397029986776,5.0337186777477605,1.4378743725110665,7.4519934868694735,12.494365286414151,31.38109269008873,15.135779309911268
2008-08-29,46.77497,3.6913364054959628,4.152420667345324,4.623401236982896,1.5828628095136459,3.5695106882123997,12.491395471743115,30.110927279293342,16.66404272070666
2008-08-30,27.351248,3.6175454271623995,2.5297783621358856,3.975750749152877,1.587316860506277,-0.7160236076550802,12.487864445327933,23.482232236630296,3.8690157633697027
2008-08-31,11.786302,3.5420574977146604,-2.2917944479551635,3.204682792811266,1.5007370156860715,-2.794018467164517,12.48408839228567,15.645752783377986,-3.859450783377987
2008-09-01,9.534865,3.467965326529509,-4.723442580411287,2.489063156139669,1.4822319683990761,-0.9151824421238874,12.481670486607968,14.282305915141047,-4.747440915141047
2008-09-02,13.88354,3.393802138247323,-1.8110664253086766,1.9410190462273686,1.6138094708966444,3.7843177715332192,12.479661271960813,21.40154327355669,-7.51800327355669
2008-09-03,4.24695,3.318388813229414,2.928057487482624,1.5186944816138936,1.8061313160756334,7.60118982425444,12.47751984981224,29.649981772468244,-25.403031772468246
2008-09-04,48.488636,3.242002488072017,3.8006125374471598,1.078366392481472,1.9167871135694958,7.1684419940097905,12.475365362945636,29.681575888525572,18.807060111474428
2008-09-05,19.731056,3.1648638895931542,0.10935006682566156,0.5044299722393734,1.9256523544569162,2.2876991745063897,12.473048630283504,20.465044087905,-0.7339880879050007
2008-09-06,10.75842,3.090405367771162,-3.028532638201815,-0.19385006681952366,1.9437100290361868,-4.061852614377118,12.472495197341212,10.222375274750103,0.5360447252498961
2008-09-07,20.334137,3.0171578638019687,-1.5246522194930539,-0.9071963407168684,2.0471082878908575,-8.471931238264329,12.473025420994325,6.6335117742129,13.700625225787098
2008-09-08,12.899476,2.9425423974085416,2.179174713145134,-1.4913029295962466,2.1645345515326038,-9.601040692748226,12.473254316460395,8.667162356202201,4.232313643797799
2008-09-09,2.3687856,2.8668399713106845,2.4709061189741095,-1.790788758275941,2.1739858208353073,-8.171973197501424,12.473336300034779,10.022306255377515,-7.653520655377515
2008-09-10,0.0022817403,2.7907783807844018,-1.4682784826402566,-1.6629560021981813,2.0749525957101382,-5.416629802556683,12.473637597606212,8.791504286705631,-8.78922254640563
2008-09-11,31.179234,2.714888694812511,-3.9971934948790047,-1.051531329765302,1.9994130123537897,-2.3396665692656384,12.474382519939553,9.800292833195908,21.378941166804093
2008-09-12,14.261502,2.6386111821137455,-0.5993098742425002,-0.0564246447713983,2.0432977178304705,-0.28652674300819037,12.475257384655082,16.21490502257721,-1.9534030225772092
2008-09-13,1.2917519,2.5617853593268025,5.11681474531326,1.1137959818481016,2.1427622663585826,-0.9120448914353985,12.476184551553327,22.499298012964676,-21.207546112964675
2008-09-14,13.418603,2.4844669705402316,5.065234466987925,2.295916274287922,2.16209421613582,-4.3889682004575565,12.477179756641062,20.095923484135405,-6.6773204841354055
2008-09-15,13.495201,2.4061369592060498,-2.60193540462178,3.50078346472786,2.0831189112897404,-7.651167184383318,12.477986409677893,10.214923155896445,3.280277844103555
2008-09-16,13.944744,2.3268619420838554,-9.585530667843642,4.8581212262931555,2.041716792950223,-5.691815727290859,12.478628158709403,6.4279817249021365,7.5167622750978635
2008-09-17,1.8821229,2.2466915707454005,-6.667586386832325,6.3924875813854,2.1514405993636547,4.02055432173339,12.479079113611729,20.62266680000725,-18.74054390000725
2008-09-18,28.687304,2.1659596021798793,4.583196868586807,7.85779937704628,2.338924672777801,18.082820400966593,12.479597367728672,47.50829828928603,-18.82099428928603
2008-09-19,135.9826,2.083535825289803,12.59894953226001,8.821733431215348,2.4096523236823955,28.70672049547566,12.479746419886812,67.10033802781003,68.88226197218997
2008-09-20,111.3653,1.996224362158514,9.019199821312036,8.953952818628276,2.271712067876955,29.528779156556837,12.477823496533395,64.24769172306601,47.11760827693399
2008-09-21,13.570462,1.904727983124142,-1.6187439389331713,8.267498574020308,2.041414867466144,20.423852714084063,12.474194852123217,43.4929450518847,-29.922483051884704
2008-09-22,24.228916,1.8120693151587663,-7.683426577496203,7.074413288621213,1.8968382476563481,6.915235411899937,12.47038103017054,22.4855107160106,1.7434052839894
2008-09-23,2.0195944,1.7187689019512358,-4.240021505958742,5.748977378048022,1.8709538030577568,-4.580431939457718,12.46645430829205,12.984700945932605,-10.965106545932606
2008-09-24,1.889808,1.6251841636330215,2.3156369267426995,4.557701115407711,1.8442154845884637,-10.723228289560335,12.462591001402693,12.082100402214252,-10.192292402214251
2008-09-25,2.4808552,1.5312081686309795,3.4880347142626014,3.6217041049002523,1.72230101251961,-11.574386176313867,12.458733786929646,11.24759561092922,-8.76674041092922
2008-09-26,10.963129,1.436796184283643,-0.8516707391224144,2.9604876571001064,1.5607750560603901,-8.624320975847203,12.45484317493046,8.936910357404981,2.026218642595019
2008-09-27,7.956416,1.3417377665474821,-3.7339385100402755,2.5140097167684687,1.481209360612974,-3.5678562886633474,12.450805674011256,10.485967719236559,-2.529551719236559
2008-09-28,3.4431787,1.2462221953905481,-1.0493859741807494,2.148606620962751,1.5030068497596278,1.418866073617444,12.446696202972383,17.714011968522005,-14.270833268522004
2008-09-29,31.737158,1.1504766068513104,3.45446343673743,1.708959031102519,1.5150354923163136,3.664347427393704,12.44265175602124,23.935933750422517,7.8012242495774835
2008-09-30,24.78283,1.054221195985966,3.9330795895392274,1.1269371934965924,1.4185002704892202,1.5216339244682153,12.438553002759717,21.492925176738936,3.2899048232610646
2008-10-01,15.980229,0.9577674206525814,0.23716656256880947,0.49876790919995284,1.2479789416021296,-3.857271491750275,12.434582059211571,11.518991401484769,4.461237598515231
2008-10-02,0.5810205,0.8608341510425943,-2.6712937836271653,0.018304892248268867,1.1130743651775454,-8.811698404386846,12.43049509018878,2.9397163106431776,-2.3586958106431775
2008-10-03,0.015377067,0.764338882108108,-1.7979418715917812,-0.18191906290089718,1.050144579690784,-9.73474148680684,12.426768724129449,2.5266497646288233,-2.511272697628823
2008-10-04,0.033439137,0.6682373872799574,0.5244070441790654,-0.13827546786581496,0.9858187844608737,-5.68595871120781,12.423301150313087,8.777530187159357,-8.744091050159357
2008-10-05,19.921545,0.5723504276835645,0.8993988367544417,-0.026339285107417842,0.8519246763896655,1.171103394568253,12.419997017387063,15.88843506767557,4.033109932324429
2008-10-06,27.067545,0.4765865485081268,-0.2608928599656991,-0.048631644216456604,0.6848218651785145,7.315365076783745,12.416835279685698,20.584084265973928,6.483460734026071
2008-10-07,26.672209,0.3810079926105546,-0.19464476147693313,-0.33548707160750957,0.5735793045666835,10.09747671535862,12.413838208989837,22.935770388441256,3.736438611558743
2008-10-08,45.673855,0.2863911925283577,1.354774261293278,-0.9177520216024162,0.5310341839605813,8.906446739126714,12.411419492496663,22.57231384780318,23.101541152196823
2008-10-09,3.1494246,0.19204902571769897,1.634028614635671,-1.7402271515464696,0.4701365920815257,5.007359522376444,12.40909570304689,17.972442306311763,-14.823017706311763
2008-10-10,0.37886807,0.09782008627009618,-0.5422216026196305,-2.679277663650834,0.32154989709650245,0.5545284154783979,12.406736955496271,10.159136088070802,-9.780268018070803
2008-10-11,4.1003714,0.0037736567098007982,-2.3933257939219263,-3.589900642775606,0.1289449582124985,-2.6994101225154297,12.404417235138729,3.854499290848066,0.24587210915193403
2008-10-12,1.393233,-0.09031416088952424,-0.9916139510331068,-4.349566729953095,-0.005810880677193986,-4.265810986180396,12.402060966148024,2.698944257414709,-1.3057112574147092
2008-10-13,0.4392108,-0.18438339825085112,2.07200283366979,-4.883449157105398,-0.057205868191935516,-4.813437367420596,12.399694918942538,4.533221961643548,-4.094011161643548
2008-10-14,19.700127,-0.27829073396776366,2.3454262860361306,-5.152968862313685,-0.10910418171950123,-5.2039624944425,12.397353730911329,3.99845374450401,15.701673255495988
2008-10-15,12.274247,-0.37219994637886755,-1.2337317590526595,-5.121847388518966,-0.23875829451875902,-5.603854570779875,12.394917420270733,-0.1754745389783956,12.449721538978396
2008-10-16,1.0271981,-0.46586623579857966,-4.262511224352367,-4.74200225344319,-0.4052355331210747,-5.571416754132262,12.392503793922788,-3.0545282069246866,4.081726306924686
2008-10-17,0.27103814,-0.5590825275155821,-2.486783072240285,-4.002640351606759,-0.4978630378157934,-4.923612037555561,12.390178644046102,-0.07980238268787865,0.35084052268787863
2008-10-18,0.27545357,-0.6518259755781687,2.229688922114154,-2.9850897076595158,-0.48316479730631534,-4.103486895021538,12.387881762404419,6.394003308953035,-6.118549738953035
2008-10-19,1.04017,-0.7438667960845216,3.980798441800289,-1.840811335538021,-0.45188521671500537,-3.3875722651893923,12.38580540428766,9.942468232561009,-8.902298232561009
2008-10-20,0.44429302,-0.8354636744890944,0.567516048984261,-0.7066961425228021,-0.5010016093006994,-2.014579556622382,12.383874033082902,8.893649099132185,-8.449356079132185
2008-10-21,0.084679574,-0.926879013398897,-3.4270796069781992,0.34097647586705976,-0.6089191530366495,1.2192174021778759,12.3819386176899,8.97925472232109,-8.894575148321088
2008-10-22,1.4044662,-1.0179688350462621,-2.574971928829003,1.241683528944195,-0.6711898495615104,6.149380573829375,12.380003239566404,15.506936728903199,-14.102470528903199
2008-10-23,34.458508,-1.1088196312216625,2.202775655802582,1.8850698320584094,-0.6486373750608352,10.38381217394546,12.378043423310189,25.092244078834142,9.36626392116586
2008-10-24,39.18875,-1.200412093597497,4.745700976240397,2.1281896739052266,-0.6281693543663178,10.910484089512204,12.37556776993615,28.33136106163016,10.857388938369837
2008-10-25,15.645767,-1.2926496434436074,1.6569180602021096,1.9076989577714374,-0.709029942170238,6.898625632243284,12.37255487758831,20.8341179421913,-5.188350942191299
2008-10-26,4.322057,-1.3837516987964986,-3.3141816500396692,1.3172670739902395,-0.8640344101992053,0.7133830313898328,12.369645603637604,8.838327949982304,-4.516270949982304
2008-10-27,6.4616795,-1.4682302447293196,-4.121065728515086,0.548065661904399,-0.964351071739022,-4.069760183068723,12.369920222895798,2.2945786567480457,4.167100843251954
2008-10-28,3.8670511,-1.5498595842418728,-0.05150559222056264,-0.24183219992509336,-0.9382578330529436,-5.592874148977048,12.371289944385547,3.9969605859680275,-0.12990948596802765
2008-10-29,2.9388485,-1.6309964041312568,3.634757762986938,-1.0196423503600998,-0.8648197156296491,-4.681634157435637,12.372608545489017,7.8102736809193125,-4.871425180919312
2008-10-30,3.2398682,-1.7116876098829723,2.5441440149472916,-1.8287226130210654,-0.8720407442769135,-3.267003561299167,12.373930038080296,7.238619524547469,-3.9987513245474693
2008-10-31,0.8115303,-1.791932421492639,-1.4834120415507817,-2.6727793551650345,-0.972370137094914,-2.4483328332712673,12.37524274308782,3.0064159545131837,-2.1948856545131834
2008-11-01,0.026107533,-1.8715116102690645,-3.1335568521754,-3.4705112753022185,-1.0517397865916567,-2.292824931393363,12.376599947225111,0.5564554914934075,-0.5303479584934074
2008-11-02,0.005715294,-1.9497524991888626,-0.5841512817356231,-4.113233460414961,-1.0252170200986455,-2.9245516292224716,12.37838943901601,1.7814835483554443,-1.7757682543554443
2008-11-03,0.0,-2.0267265371613554,2.3408582029589806,-4.531411314837394,-0.9511745459658008,-4.837334587783505,12.380556987397688,2.3747682046086123,-2.3747682046086123
2008-11-04,0.24100812,-2.1028323506646833,1.3347844837394067,-4.69425988487995,-0.9510094750438208,-7.734745602704178,12.382824727826069,-1.7652381017271566,2.0062462217271566
2008-11-05,0.6532068,-2.178174486596264,-2.703871880418378,-4.580572092002603,-1.0410984579421088,-9.613657601716953,12.385126231734713,-7.732248286941594,8.385455086941594
2008-11-06,0.44688046,-2.2526550104124325,-4.640185603229367,-4.201760860170613,-1.1033689040586117,-7.946476423510853,12.38750117914573,-7.756945622236145,8.203826082236144
2008-11-07,4.282102,-2.3263502463791434,-1.451277882549702,-3.665324922726042,-1.0378295352249234,-2.2754617557821173,12.389884553016865,1.633640210354935,2.648461789645065
2008-11-08,8.402169,-2.3993526491098196,3.880836531405428,-3.1748151653247696,-0.8979270087104444,4.591419496446811,12.392211340420543,14.392372545127749,-5.990203545127748
2008-11-09,13.454707,-2.471735953637002,5.638898874829238,-2.910576900109516,-0.8285368072600592,8.501984588738715,12.394466884591914,20.32450068715329,-6.8697936871532885
2008-11-10,7.4582043,-2.5433280721432716,1.9044411302407709,-2.8819456511584356,-0.8832291995132072,7.423391470245364,12.396781812385083,15.416111490056302,-7.957907190056302
2008-11-11,0.5923547,-2.6137361409450577,-3.2828511462342025,-2.9067118740056395,-0.9573618677141336,3.0834945851206377,12.399358823586745,5.72219237980835,-5.12983767980835
2008-11-12,9.833412,-2.6814760028522153,-4.537861292193251,-2.7701045742198303,-0.9268086193915523,-0.7907943687724894,12.40296691322388,0.69592205579454,9.13748994420546
2008-11-13,4.0369377,-2.747904213139467,-1.0602589486086764,-2.411928104080554,-0.8100708983929846,-1.736272125346298,12.406702164294735,3.6402678747267547,0.39666982527324546
2008-11-14,0.02909475,-2.813236344794413,2.894464229119853,-1.9636125646275022,-0.7446543027084758,-0.14013137823925786,12.410538789236455,9.643368427986658,-9.614273677986658
2008-11-15,11.975925,-2.877154849027466,3.1901876924867296,-1.6132709922287904,-0.8098978327213853,1.9138930196938098,12.414708765723763,12.21846580392666,-0.24254080392666033
2008-11-16,10.416286,-2.940400618081311,0.3342060286436843,-1.441557445711813,-0.9252758767480123,2.7701652085877537,12.41876273156463,10.215900028254932,0.20038597174506734
2008-11-17,5.4627876,-3.0030131772638295,-1.7981340966450006,-1.3749138623000807,-0.9537751861731486,2.069015013887866,12.422673496187816,7.361852187693623,-1.8990645876936227
2008-11-18,7.503795,-3.0641275200222537,-1.0554552171413296,-1.2591524482271002,-0.8721625325968907,0.1336712884131961,12.426885103354904,6.309658673780526,1.194136326219474
2008-11-19,2.9567192,-3.124107070121071,0.5412474786617454,-0.9452989282387503,-0.7858287787998625,-2.616334678029494,12.431144617604351,5.500822641076919,-2.5441034410769188
2008-11-20,0.81842625,-3.183078655394092,-0.07837124762865996,-0.330356581374743,-0.7779072691505465,-5.331123470314848,12.435438178059064,2.734600954196173,-1.9161747041961732
2008-11-21,0.23425394,-3.241032201744848,-2.5528352465313495,0.6173000463462935,-0.7980525388495974,-6.366908192102503,12.439761356198884,0.09823322331688011,0.13602071668311988
2008-11-22,0.03286125,-3.2980060808439307,-3.2432532426690166,1.819946858786332,-0.736339294716227,-4.143243753560883,12.444115845051684,2.8432203320479577,-2.810359082047958
2008-11-23,0.07650396,-3.353935154129151,-0.0749285804798273,3.0759094691688924,-0.5805593227368302,1.156009887272742,12.448565625054123,12.67106192414995,-12.59455796414995
2008-11-24,44.01406,-3.4091065305286796,4.151716592372561,4.127575890543178,-0.4462459613485362,6.938388688989442,12.453056814043197,23.815385494071162,20.19867450592884
2008-11-25,30.223785,-3.4646877501030824,4.634430398242263,4.795732466837584,-0.43729553671747695,9.79916999112266,12.456993771840695,27.784343341222645,2.439441658777355
2008-11-26,2.6005633,-3.5202176043706714,0.4446903765191522,5.0855479736200895,-0.5152556131985182,8.177835806490185,12.460636245030283,22.133237184090518,-19.532673884090517
2008-11-27,17.507233,-3.5750252151357342,-4.030424813285798,5.143420150091663,-0.5488830331670623,3.491256744611296,12.464295576367098,12.944639409481463,4.562593590518537
2008-11-28,28.41398,-3.629379744515644,-4.127337999549926,5.1084480052436785,-0.4775955823241855,-1.2806875286224635,12.467725800398568,8.061172950630027,20.35280704936997
2008-11-29,3.077126,-3.683588252936442,-0.2748780506196003,5.0134342498410485,-0.3761424823008976,-4.000506337885883,12.47073188920984,9.149051015308066,-6.071925015308066
2008-11-30,2.6231654,-3.736810671792055,2.8682491280157647,4.809450061283094,-0.3466297544203359,-4.506946652358459,12.473780501241867,11.561092611969876,-8.937927211969876
2008-12-01,4.0519066,-3.7890269192929407,2.183441932054628,4.454532038532302,-0.38780575604327466,-3.8588097723999892,12.4768758446824,11.079207367533126,-7.027300767533126
2008-12-02,16.519358,-3.8405484256500517,-0.5429851983825198,3.979334928104348,-0.406905146556046,-2.9469419859400072,12.479924618584974,8.721878790160698,7.797479209839302
2008-12-03,2.9863007,-3.8913880370589986,-1.592587223476401,3.4752827563305115,-0.3483926873178712,-1.9762007024041017,12.482858302732868,8.149572408806009,-5.1632717088060085
2008-12-04,0.05717273,-3.9407030286492284,-0.2664957649958203,3.0451831627864716,-0.26282493021907366,-0.8897308778498061,12.486062122560508,10.171490683633051,-10.114317953633051
2008-12-05,14.84888,-3.9886772789009015,0.7431993587292223,2.7605383407287594,-0.23060696247356754,0.21888795505836622,12.489380436142463,11.992721849284342,2.8561581507156575
2008-12-06,12.6283655,-4.035486306258215,-0.367132219895292,2.6393899175182476,-0.2521380323577388,1.252929872813428,12.492716736544361,11.73027996836479,0.8980855316352088
2008-12-07,1.6684353,-4.081323914307745,-1.822027963674333,2.633298466235027,-0.25425747128180176,2.338076932006809,12.495980395658682,11.309746444636637,-9.641311144636637
2008-12-08,0.016383128,-4.126106441593663,-0.9311289789215467,2.6257223059481536,-0.20020663962207547,3.5541803595219865,12.499263187749252,13.421723793082107,-13.405340665082107
2008-12-09,38.695415,-4.169997007766275,1.8003355110764476,2.479620828158999,-0.1462934822864737,4.496626738751888,12.502574776111844,16.96286736404643,21.732547635953566
2008-12-10,31.529705,-4.2141512350021815,3.0706994011677335,2.132733594825195,-0.16455669604482437,4.422271134461994,12.505313626834742,17.75230982624266,13.777395173757341
2008-12-11,2.287251,-4.258330191458398,1.2336644426955385,1.6751249323763897,-0.2367374159382829,3.0332535717774434,12.507594424746475,13.954569764199166,-11.667318764199166
2008-12-12,0.3994751,-4.300541593855953,-1.4772100070985792,1.3063950841715617,-0.2712029216268799,0.9849830503358982,12.510424864751911,8.75284847667796,-8.35337337667796
2008-12-13,2.21832,-4.34090707438369,-2.0237045484968963,1.1991869665774326,-0.2226688674712014,-0.4943229591294754,12.513619546330313,6.631203063426482,-4.412883063426483
2008-12-14,28.728128,-4.380143141073987,-0.4926726849756121,1.388279848144426,-0.15234414516382266,-0.48740071902559057,12.516840663390381,8.392559821295794,20.335568178704207
2008-12-15,6.5385756,-4.418945269279557,0.5739825270544145,1.7677492816449931,-0.14520898554041994,1.0147660654607256,12.519694667975358,11.312038287315513,-4.773462687315513
2008-12-16,0.12993544,-4.456749679022124,0.16301102926704913,2.1769437116073846,-0.19578882714347148,3.157996005324336,12.5224674811602,13.367879721193376,-13.237944281193375
2008-12-17,33.56699,-4.493307051039153,0.03229246634368722,2.4677964435675577,-0.22309585359619621,4.643706818189184,12.52529329572974,14.95268611919482,18.614303880805178
2008-12-18,14.260545,-4.5296179223562305,1.450389165793498,2.53551054377106,-0.1926793675399472,4.364851734431989,12.527636629567386,16.156090783667757,-1.8955457836677567
2008-12-19,0.44982776,-4.5653043122836126,2.5604008234384295,2.340511529032427,-0.17494755683963584,2.1505161866665676,12.529763866298707,14.840940536312882,-14.391112776312882
2008-12-20,0.06469432,-4.599933242079047,0.7910042609679528,1.916369589580691,-0.2537307172199787,-0.8786666699448925,12.531887091786604,9.506930313091331,-9.442235993091332
2008-12-21,0.029331654,-4.6334061005258285,-2.7718408155682135,1.3587295468511678,-0.4001974064991024,-2.899995468848065,12.534008138274329,3.1872978936842866,-3.1579662396842867
2008-12-22,23.649658,-4.66535190737462,-3.8160981854467906,0.768826152547551,-0.48795256565425127,-2.8476816870347172,12.53629145708554,1.488033264122711,22.16162473587729
2008-12-23,12.43433,-4.696320887279149,-0.46593715040508876,0.17993902108429463,-0.44413636244895294,-1.522893521397807,12.538445689921627,5.589096789474924,6.845233210525075
2008-12-24,0.18616381,-4.726506853900695,3.4132661476818016,-0.44949458046268365,-0.3440840162377986,-0.9768552658120082,12.540409073602564,9.45673450487118,-9.27057069487118
2008-12-25,0.0672338,-4.755571647834636,2.601029141816318,-1.1625191919605802,-0.3217729437097727,-2.4730726113535746,12.542361541999984,6.430454288957739,-6.363220488957738
2008-12-26,0.742526,-4.783394126679411,-2.462560187904445,-1.9193593261704074,-0.40360505188893087,-5.053815929195552,12.544314343246995,-2.0784202785917536,2.8209462785917534
2008-12-27,0.22347015,-4.809779042581804,-5.570833030049337,-2.609470606228665,-0.4799886696614441,-6.386969022481758,12.546259037309763,-7.310781333693246,7.534251483693246
2008-12-28,0.0020409934,-4.8342282942350385,-2.485117838216937,-3.158494731091803,-0.45207799984524843,-5.100078749841056,12.548428506591446,-3.481569106638638,3.483610100038638
2008-12-29,9.9418685e-05,-4.8565972393717365,3.3474883522494623,-3.6070276207145864,-0.36174059454439544,-2.053267402381261,12.55100408476019,5.019859579997673,-5.019760161312673
2008-12-30,0.11524488,-4.877574082539807,4.936256104708197,-4.071416434866353,-0.33584191069807146,0.7447973789729693,12.5536876988972,8.949908754474134,-8.834663874474133
2008-12-31,0.05801942,-4.89740243586394,0.6849271520432376,-4.636097682496774,-0.4205575022393181,2.084843904212433,12.55637258048043,5.372086016136069,-5.314066596136069
2009-01-01,0.59613097,-4.915952762138723,-3.6065821057761904,-5.2906274953231165,-0.5233341022041743,2.056857315879125,12.559077062562617,0.279437912999537,0.316693057000463
2009-01-02,0.22905971,-4.933182812059391,-2.4774720358841282,-5.954278496529621,-0.5352793379910392,0.9083875252717515,12.561782266367642,-0.43004289082478664,0.6591026008247867
2009-01-03,0.005559996,-4.949101174705803,1.93807183956691,-6.52180423663119,-0.4681853431067226,-1.6822598604367163,12.564488575548,0.8812098002344779,-0.8756498042344779
2009-01-04,0.0043890905,-4.9637123198909965,2.9153351733123047,-6.868873708320528,-0.42634789392140027,-5.5672242818644655,12.567204196419477,-2.343618834265609,2.348007924765609
2009-01-05,1.608884,-4.976949434417687,-1.4993350515111143,-6.848515876210536,-0.4566875602355851,-8.752160887985971,12.569959573392925,-9.96368923696797,11.572573236967969
2009-01-06,1.3667785,-4.988748408603918,-5.433868498590709,-6.356618301861936,-0.4839660442861178,-8.159924954253109,12.572724061093492,-12.850402146502294,14.217180646502294
2009-01-07,0.66212004,-4.998955864208037,-2.88790642300557,-5.458371837436101,-0.4215246526520133,-2.5458692799708653,12.575526769018628,-3.7371012882539585,4.399221328253958
2009-01-08,0.3415274,-5.007674239458474,3.9093886624504517,-4.438189135267739,-0.30491180558184383,5.527184231581179,12.578344409273946,12.26414212299752,-11.922614722997519
2009-01-09,28.891083,-5.015124737730261,6.834916385579845,-3.664064675531712,-0.2593375476823391,11.292720376530655,12.581202511746252,21.770312312912438,7.1207706870875604
2009-01-10,11.797904,-5.022260843810805,2.1883594527398333,-3.3519121587110994,-0.33662372341611285,11.692152920178314,12.583639063268338,17.753354710248466,-5.955450710248465
2009-01-11,0.0071786344,-5.028577609616266,-4.4257581861982445,-3.4311673668212506,-0.4375999481124482,7.634083325480584,12.585900141781007,6.896880356513381,-6.889701722113381
2009-01-12,0.31824386,-5.03329742080882,-5.151981593492047,-3.6413697263457236,-0.4318684850170418,2.3912184727779895,12.588386500562056,0.7210877476764121,-0.40284388767641216
2009-01-13,0.3419784,-5.0364373107856935,0.27238097566592295,-3.7345080084771354,-0.32083410739214036,-1.7202221824999926,12.591066567182477,2.0514459336934365,-1.7094675336934366
2009-01-14,0.07496472,-5.038228121236962,4.521137665415825,-3.593388170767949,-0.23038511963031383,-4.694260145175832,12.593807042944464,3.558683151549232,-3.483718431549232
2009-01-15,0.003312016,-5.038755699421625,2.2390485096881583,-3.205809582660632,-0.24223200776080833,-7.2792514239341575,12.596562237925243,-0.9304379661638222,0.9337499821638222
2009-01-16,0.0004346948,-5.037817074132935,-3.326945954353909,-2.588606543816549,-0.2856346299788559,-9.028007937639192,12.599356836507281,-7.6676553034141595,7.6680899982141595
2009-01-17,0.049522612,-5.035246634254285,-4.895295885764876,-1.7668039875068917,-0.2328109247235569,-8.53357714340998,12.602191357364628,-7.861543218294962,7.9110658302949615
2009-01-18,7.8511825,-5.031102008300164,-0.5676015259739007,-0.8022188872387767,-0.07438937304646343,-5.374492969092724,12.605025854285646,0.7552210906336185,7.095961409366382
2009-01-19,8.026222,-5.025812969896872,4.089561206059158,0.21063065807884349,0.05554233078812021,-1.1240267963250206,12.607739386490968,10.813633815195196,-2.7874118151951954
2009-01-20,0.27014363,-5.0195733638269076,3.495952123492049,1.20440644446531,0.042514738519282225,1.9135763366671859,12.610342038249074,14.247218317565993,-13.977074687565993
2009-01-21,10.975925,-5.0121993584769395,-0.9810667929617041,2.173264551526513,-0.0641604129231289,2.691119858223081,12.612965649571656,11.419923494959479,-0.4439984949594784
2009-01-22,15.640162,-5.003927425670339,-3.2829360428537253,3.1193976610032688,-0.10999516615021299,1.8493865781281467,12.615453982196682,9.18737958665382,6.4527824133461795
2009-01-23,17.301113,-4.994638044328067,-0.6072417718993023,3.9770690282448307,-0.021027079516473646,0.43227436917945117,12.617838552081437,11.404275053761877,5.896837946238124
2009-01-24,18.869913,-4.984481988706216,3.2971809912635104,4.6212898255484856,0.11551414894201428,-1.2444538005255525,12.620049474563505,14.425098651085747,4.444814348914253
2009-01-25,7.361389,-4.973645897559248,3.188538062787467,4.981402167097892,0.1694364599275876,-3.1595648310207416,12.62198775283472,12.828153714067678,-5.466764714067678
2009-01-26,0.00627758,-4.961785940669368,-1.186592311550153,5.138612208285324,0.1277176315226488,-4.417295931491625,12.623810562673764,7.324466218770591,-7.318188638770591
2009-01-27,0.78358173,-4.948608035651745,-5.103078619940534,5.275070092555255,0.09808408101955257,-3.2405024192688012,12.625629503162047,4.706594601875777,-3.923012871875777
2009-01-28,3.1077414,-4.934023910083557,-4.523548785778008,5.50096522952609,0.1670273851500403,1.4094964658768279,12.627436615110785,10.247352999802178,-7.139611599802178
2009-01-29,3.8156343,-4.917945893236466,-0.16575507926398347,5.716397813123039,0.2993770623330138,8.179287989896359,12.629303423654525,21.740665316506487,-17.925031016506487
2009-01-30,63.53172,-4.900626198641237,4.079861213057656,5.637991941109106,0.39440210063728076,13.5353655756491,12.631222671551798,31.378217303363705,32.153502696636295
2009-01-31,89.02944,-4.884026676111371,5.27865679964526,4.975956818491963,0.40787681384557467,14.013995946970404,12.632193340555098,32.42465304339693,56.604786956603064
2009-02-01,5.8023896,-4.86883364922922,3.2762792761806323,3.6414130151581543,0.3851427170530764,8.802916183073107,12.63180660313936,23.86872414537511,-18.066334545375113
2009-02-02,0.010956544,-4.8520463816972725,-0.4260180781761561,1.8209826049772664,0.3816006204967147,0.5352393782521586,12.631636327799804,10.091394471652514,-10.080437927652513
2009-02-03,0.5007172,-4.83282653064921,-3.9649967275497167,-0.12743907426806317,0.3952543915327781,-6.349419286651869,12.632054613228359,-2.2473726143577224,2.7480898143577224
2009-02-04,0.5653468,-4.811955411378356,-5.290997239063423,-1.8388560258439508,0.40377090859916426,-8.384741443966744,12.632659311038985,-7.290119900614325,7.8554667006143255
2009-02-05,0.90810657,-4.789715569590275,-2.976173149560484,-3.099497363753556,0.42820967379542996,-5.210595591668428,12.633311594309575,-3.014460406467739,3.9225669764677393
2009-02-06,0.48722884,-4.76613280886038,1.8721715709948825,-3.9230246671660876,0.5133713983137452,0.3141351386866006,12.634037113793452,6.644557745762212,-6.157328905762212
2009-02-07,0.10927231,-4.741270361036598,5.369158161948609,-4.499365280286685,0.645673637894772,4.120694752404781,12.634803237686725,13.529694148611604,-13.420421838611604
2009-02-08,0.036494806,-4.71515880279691,4.173626926202947,-5.03988672562082,0.7364746024512162,3.698375349800738,12.635579730175296,11.489011080212467,-11.452516274212467
2009-02-09,1.6019212,-4.687596072662189,-0.638147292043757,-5.625230893446385,0.7173784948214621,-0.37241732905634695,12.636496485502581,2.0304833931153645,-0.4285621931153645
2009-02-10,1.4873056,-4.65867770125392,-4.115908600780495,-6.165410217635968,0.6323272057029156,-5.18038603685279,12.63746579726677,-6.850589553553487,8.337895153553486
2009-02-11,3.383233,-4.628394247643525,-2.6437509299637902,-6.497752444192848,0.5953818371661568,-7.767532316063254,12.638449351272666,-8.303598749424594,11.686831749424595
2009-02-12,1.6081228,-4.596184205489796,1.935873336919351,-6.528977119126625,0.6531650774129459,-7.023581797259646,12.639775990096176,-2.9199287174475934,4.528051517447594
2009-02-13,2.340239,-4.56238175657671,4.324473367139045,-6.287612425572366,0.7259124964439537,-3.859698827039162,12.64129666603851,2.9819895204332703,-0.6417505204332703
2009-02-14,7.206461,-4.527215283493183,1.7639423602491748,-5.85692878938301,0.7094340429726969,-0.031352063845257114,12.64286918991041,4.700749456410832,2.505711543589168
2009-02-15,1.2234569,-4.490894857847453,-2.9431169674496243,-5.277864809073437,0.6147106450905796,3.0166525225758773,12.64438566238351,3.5638721956794512,-2.3404152956794513
2009-02-16,2.0295765,-4.45306920981646,-4.7785616905696555,-4.533618039372046,0.5646620828586412,4.477821222762872,12.646049177155842,3.9232835430191937,-1.8937070430191936
2009-02-17,1.2023234,-4.413813054091213,-2.0885087756719036,-3.6230252196318613,0.6457838703174625,4.062094699706431,12.647815432507054,7.230346953135968,-6.028023553135968
2009-02-18,0.3655483,-4.373350124772821,2.04953197627712,-2.6220082747990507,0.7986923400742156,2.102422102047446,12.64962517881511,10.60491319764202,-10.23936489764202
2009-02-19,3.9895554,-4.3317534716941815,3.7148911038949293,-1.6545970325983892,0.8846322438275628,-0.26075045713930595,12.651490967247362,11.003913353537978,-7.014357953537978
2009-02-20,42.13644,-4.289153043897986,2.246115700104734,-0.8044815055891241,0.8434916982524105,-1.5313427772846473,12.653346833688444,9.11797690527383,33.01846309472617
2009-02-21,8.497219,-4.246512864043725,0.007818819672191613,-0.06603229599759533,0.7468842484870775,-0.995980797163906,12.654587464890731,8.100764575844774,0.396454424155225
2009-02-22,0.3023641,-4.203006808666951,-0.990066573002127,0.6313765625142154,0.6924790391786642,0.5423333819800763,12.655717861915358,9.328833463919235,-9.026469363919235
2009-02-23,18.47945,-4.158533233974065,-1.067482643833193,1.351118563535573,0.6848500695982953,1.3754223442860092,12.656863600924003,10.842238700536623,7.637211299463377
2009-02-24,5.4961963,-4.113640785242522,-1.3861968279765897,2.1193877285659655,0.6575852926157648,0.49335734772631856,12.657731175963807,10.428223931652745,-4.932027631652745
2009-02-25,6.443619,-4.067918387262963,-1.7196367425435823,2.9366652593971927,0.5905769759308683,-1.4599300106174251,12.65851408578969,8.938271180693782,-2.494652180693782
2009-02-26,10.407139,-4.021053773954095,-0.8138225111870738,3.777705423959279,0.5504829050691449,-2.9299261755582164,12.65932449887448,9.222710367203518,1.1844286327964824
2009-02-27,29.256763,-3.9729339321831953,1.292178315088898,4.58308219903972,0.5980336684766472,-3.004380829406779,12.660235967310543,12.156215388325833,17.100547611674166
2009-02-28,8.98532,-3.9242286153891284,2.498338040072413,5.272262020317681,0.6924612506006637,-2.017674481629988,12.660930979774397,15.18208919374604,-6.196769193746039
2009-03-01,8.458147,-3.8746120550885443,0.9983826687222641,5.796506386419829,0.7325323497646065,-0.620539665585282,12.661683358903682,15.693953043136556,-7.235806043136556
2009-03-02,2.8103325,-3.8243404198339612,-2.0294637866437815,6.164354096293372,0.683328490425737,1.299652649804557,12.662364324700436,14.955895354746358,-12.145562854746359
2009-03-03,18.594612,-3.773301509451576,-3.097984866427689,6.398893736821953,0.61763704019485,4.32596643601266,12.663021878374652,17.13423271552485,1.4603792844751524
2009-03-04,16.690311,-3.7218391340448385,-0.3160018128913874,6.454083523234876,0.6091664542273153,8.086605232795833,12.66344061855952,23.775454881881316,-7.085143881881315
2009-03-05,3.7712007,-3.669649566529653,3.9161640059868845,6.203247745381888,0.6206761249341853,10.632200666639907,12.663772638200022,30.366411614613234,-26.595210914613233
2009-03-06,63.19297,-3.616553967237017,5.030737464477681,5.544413471398615,0.5452807227918882,9.814129730861332,12.66417263640758,29.98218005870008,33.21078994129992
2009-03-07,23.443417,-3.564023850205962,1.3829150464200024,4.534941440343733,0.35714100856605047,5.492505714610143,12.663804923460503,20.867284283194472,2.576132716805528
2009-03-08,9.513706,-3.510671813718669,-3.4747833548590243,3.424687374777312,0.17446155960204235,0.1715189200483453,12.663417837201667,9.448630523051673,0.06507547694832816
2009-03-09,9.692908,-3.4564474013066597,-4.533140494278829,2.4948081509259437,0.13209642324689483,-2.9920393074852805,12.662992312851097,4.308269683953167,5.384638316046832
2009-03-10,10.758731,-3.40081400365307,-1.0516593980160942,1.8657769469045917,0.21822755679617237,-2.8209033115063304,12.66282725298968,7.47345504351495,3.285275956485049
2009-03-11,4.540605,-3.343681199856311,2.5258146449969674,1.4498305180537472,0.28498071643393313,-0.7401969570200693,12.662992023765398,12.839739746373665,-8.299134746373664
2009-03-12,1.1649718,-3.285826365362696,1.9129911611490793,1.0655458716165063,0.22433259556638746,1.022651244850403,12.663151823520014,13.602846331339695,-12.437874531339695
2009-03-13,6.290372,-3.227352882589707,-1.6580679353961476,0.5824810397873456,0.08988818325889575,1.4668409688632336,12.663299326569662,9.91708870049328,-3.626716700493281
2009-03-14,37.375595,-3.1683151448064315,-2.8422933223406375,-0.020691121793156686,0.015554537243053057,0.9259056993844073,12.66335506677354,7.573515714460776,29.80207928553922
2009-03-15,7.149065,-3.109210192112472,0.9148807630008806,-0.6934392439539798,0.03635759955259005,-0.38614820862924126,12.66299461776171,9.425435335619486,-2.276370335619486
2009-03-16,0.90372235,-3.04924207138156,5.500092914339293,-1.3495169205005408,0.042158239654372265,-3.0763676121892054,12.66270943636614,10.729833986288497,-9.826111636288497
2009-03-17,0.7305683,-2.9882219075184437,4.671385422830154,-1.8682786718737727,-0.07832624330827814,-7.375764978646335,12.662606212337463,5.023399833820788,-4.292831533820788
2009-03-18,0.13391604,-2.9262483115624036,-1.9670544933626082,-2.093191362847248,-0.2860217319746583,-11.556925904802988,12.662576362041017,-6.166865442508891,6.300781482508891
2009-03-19,0.011453405,-2.8633325571925132,-7.577588482281704,-1.9058993422258932,-0.42925194496058366,-12.453397915671626,12.662595182384958,-12.56687505994736,12.57832846494736
2009-03-20,12.227523,-2.799118801121047,-5.721486889608608,-1.3322204852919677,-0.42295835224831524,-8.180695722538148,12.662818318973445,-5.79366193183464,18.02118493183464
2009-03-21,3.3591638,-2.7334731572693363,1.8783064482109273,-0.5660338969875327,-0.34564261141164093,-0.33731540040716085,12.663377203398786,10.559218585534044,-7.200054785534044
2009-03-22,12.928734,-2.667074101502287,7.086482433200899,0.14101082040025306,-0.33930478777114953,6.874609967044283,12.664067738968399,23.759792070340396,-10.831058070340395
2009-03-23,6.95339,-2.6006334141942657,4.751175147284905,0.6243622290377231,-0.44701592026001513,9.94357568171809,12.664562805297988,24.936026528884426,-17.982636528884427
2009-03-24,3.048978,-2.5337845296698474,-1.6041300390702729,0.864140179796073,-0.5850749802342661,8.553953680845158,12.665030956991169,17.360135268658013,-14.311157268658013
2009-03-25,16.94495,-2.4655293181893554,-4.547921877964515,0.9130074043334717,-0.6674604768817873,5.0262511988771745,12.665959310631967,10.924306240806956,6.020643759193042
2009-03-26,12.924835,-2.3960809841871065,-1.676835832744197,0.8022951650668807,-0.7085186027194095,1.7887028070275564,12.667152086725864,10.476714639169588,2.448120360830412
2009-03-27,6.2817,-2.3259384282021873,2.3414693244105482,0.5349541436383912,-0.7788749725085221,-0.2779041367078629,12.668384422069058,12.162090352699426,-5.880390352699426
2009-03-28,5.109326,-2.2553364045287516,2.3760535369027163,0.14803291629261778,-0.8928302959420259,-1.379923390581774,12.669627278400283,10.665623640543064,-5.556297640543064
2009-03-29,1.4363178,-2.1842569398746408,-0.9872578802605098,-0.2468422777570115,-0.984487959417129,-1.5605365268813771,12.670916707892637,6.70753512370197,-5.271217323701969
2009-03-30,0.19232766,-2.1125810879863387,-3.243064671135636,-0.5092958578900407,-0.9977108301532046,-0.4903454413271696,12.672283107877353,5.319285219384963,-5.126957559384963
2009-03-31,2.1193056,-2.0401717136052273,-2.2649155161683203,-0.5663152857075953,-0.959148070404624,1.6631786140390377,12.673760790826092,8.506388818979362,-6.387083218979361
2009-04-01,24.266682,-1.9669943347858747,-0.2951132338915038,-0.4653210372169685,-0.9334358569499516,3.769872161491461,12.675421125429784,12.784428824076947,11.482253175923052
2009-04-02,14.8243065,-1.894013507818613,0.23177881123464975,-0.34901111227858267,-0.9302376989397472,4.501217962403265,12.676745309746373,14.236479764347344,0.5878267356526568
2009-04-03,0.004284084,-1.8205628247548549,0.20126816542717418,-0.39270082712413756,-0.9010116323160754,3.459378361298364,12.678114132822314,13.224485375352785,-13.220201291352785
2009-04-04,3.5666173,-1.7464311476153938,1.5855752783767674,-0.7499822163225951,-0.831399197122082,1.3362130756601387,12.679643858291813,12.273619651268648,-8.707002351268649
2009-04-05,3.0842245,-1.6719282994245395,3.4252854522174276,-1.4949910537206137,-0.7907132318955964,-0.9643019637744676,12.681197248085699,11.18454815148791,-8.10032365148791
2009-04-06,3.8466454,-1.5964945262079935,2.6407024053958885,-2.5597318795851742,-0.8541987998992326,-3.172187133188201,12.683022142123475,7.141112208638762,-3.294466808638762
2009-04-07,2.9177425,-1.5203348910411896,-1.1970972803921431,-3.712273419029887,-0.9932268061986613,-5.629662714386491,12.684891464230583,-0.3677036468177892,3.2854461468177893
2009-04-08,1.9557239,-1.4425426511796102,-4.346517363504775,-4.622342038906132,-1.0870463329858184,-8.569651767148686,12.687234594526664,-7.380865559198355,9.336589459198356
2009-04-09,0.54532474,-1.361859746780888,-3.468172609588921,-4.99437843017011,-1.0543794733917997,-11.449657338362984,12.690842916728663,-9.637604681566039,10.182929421566039
2009-04-10,0.0014267862,-1.2801846623251585,-0.09648612497360597,-4.690632043458894,-0.9425695523986276,-12.876624782954094,12.694679728336462,-7.191817437773919,7.1932442239739185
2009-04-11,0.12389827,-1.1974898011075905,1.5133485592448603,-3.7790940537837967,-0.8612219865846144,-11.240843139893139,12.698808167908785,-2.866492254215496,2.990390524215496
2009-04-12,0.18540443,-1.11397458332468,0.3230647360657628,-2.4847193454484504,-0.8429525128819317,-5.862907135321811,12.70316534784848,2.721676506937367,-2.536272076937367
2009-04-13,0.5157762,-1.0291245723021085,-0.29414998811502635,-1.107599241616227,-0.817308284445037,1.925933603358927,12.708051599214365,11.385803116094893,-10.870026916094893
2009-04-14,44.97308,-0.9432809261282413,1.9969274633763596,0.06518276114360844,-0.7271821811537498,8.834757481935723,12.713317903220661,21.93972250239436,23.033357497605643
2009-04-15,30.495838,-0.858346111417963,4.3467784632644495,0.8527101079367381,-0.6263829289976497,11.38630666383964,12.718033517744068,27.819099712369283,2.676738287630716
2009-04-16,8.881602,-0.774001540570304,2.415837201357207,1.2712491322800443,-0.6179078914564926,8.42758744037356,12.722455722975196,23.445220064959212,-14.563618064959211
2009-04-17,13.064516,-0.6893857019658196,-2.9418060980305225,1.534952990514292,-0.7113652347899514,2.119682200614876,12.726974573069487,12.039052729412361,1.0254632705876379
2009-04-18,2.6673558,-0.6037748743936989,-5.791254738375323,1.9298501151709626,-0.7914565971674774,-3.691188169954466,12.731791799970415,3.7839675352504116,-1.1166117352504115
2009-04-19,0.0022302847,-0.5161557783750841,-2.7237085307905673,2.6328456727339793,-0.7475249405491533,-6.253080865718193,12.737562969996059,5.129938527297041,-5.12770824259704
2009-04-20,0.24788827,-0.42803177101469403,2.2660660428976596,3.6133108532325076,-0.6013235468828597,-5.210801989425943,12.743593546065311,12.38281313487198,-12.13492486487198
2009-04-21,24.84048,-0.33979985077178443,2.8391447216512846,4.6926611045216315,-0.46838111654462783,-1.5760317980900969,12.74972005131574,17.897313112082145,6.9431668879178545
2009-04-22,16.732365,-0.2522030371396846,-1.139965591071092,5.681519902002817,-0.4059449302068723,3.754966863323481,12.755536505932186,20.393909712840838,-3.6615447128408363
2009-04-23,2.5480945,-0.1642682748552659,-3.3101567378688976,6.456265021102735,-0.3507867154178797,9.898779133695365,12.761586794273695,25.291419220929754,-22.743324720929753
2009-04-24,3.940286,-0.07583725196749175,0.381311523931784,6.929139610468977,-0.22574926153094813,14.80245068610581,12.76788498196903,34.57920028897716,-30.638914288977162
2009-04-25,107.999664,0.012546061117110738,5.693252952274404,7.000941453684873,-0.06675986839791392,15.405874919263999,12.774265378946353,40.820120896888824,67.17954310311117
2009-04-26,40.110676,0.09783027076754687,5.481241270168547,6.594418068374053,0.007281856457258262,10.015864173205143,12.779055441822084,34.97569108079463,5.134984919205365
2009-04-27,1.9701864,0.18176227957615004,-0.46572399005739157,5.76318321456378,-0.0500715962533172,0.5740432832804143,12.783301327086736,18.78649451819637,-16.81630811819637
2009-04-28,1.3822805,0.26604817659171676,-4.761945186777576,4.68981370744176,-0.1486351596447022,-8.317960301224637,12.78784438304798,4.515165619434542,-3.132885119434542
2009-04-29,0.9162221,0.35158241086006825,-2.170591522014849,3.5910447431373975,-0.17289982156226644,-13.00203008508054,12.7930825507635,1.390188276103311,-0.47396617610331104
2009-04-30,0.23066089,0.43738136383604004,3.215221457020396,2.632588245343703,-0.12031136115932299,-13.29188804520885,12.798447793010622,5.671439452842588,-5.4407785628425875
2009-05-01,0.07259706,0.5230393313504409,3.259909971119038,1.9267460610370615,-0.08262255580879783,-11.374203692135563,12.803835940495986,7.056705056058166,-6.9841079960581665
2009-05-02,0.023886096,0.6084314489632112,-3.1512723000919243,1.5738906932589012,-0.09610455530105438,-8.705378140556636,12.809231115480316,3.038798261752813,-3.014912165752813
2009-05-03,0.0018775463,0.69395762237544,-7.981501073375457,1.633420893332417,-0.07048843233665095,-4.732024651684901,12.814828661787919,2.358193020098769,-2.356315473798769
2009-05-04,0.06417231,0.7797893429638489,-4.091997811106781,2.005048691985146,0.09357637311881747,1.2074394859277218,12.820725015718857,12.81458109860761,-12.75040878860761
2009-05-05,33.325996,0.865398646221983,5.275451581388833,2.359163796931781,0.3470056320920041,7.528761141861924,12.826677181978408,29.202457980474936,4.123538019525068
2009-05-06,61.604374,0.9496555493281051,9.84401102970393,2.260431486249255,0.5146415057541667,10.929101114277143,12.832137530768478,37.329978216081074,24.274395783918926
2009-05-07,32.71405,1.0316613100600391,4.475710843956913,1.4392121856265256,0.4912517024906753,9.534935262438326,12.836656648497863,29.80942795307034,2.90462204692966
2009-05-08,20.644543,1.1124895206772845,-4.860633490951128,-0.027500967940476018,0.36914490261851307,5.034483511094431,12.840784570723658,14.468768046222282,6.175774953777717
2009-05-09,4.3235817,1.1925321977246726,-8.319869574206294,-1.791521515966387,0.33242045425300226,1.2220387028655526,12.8446624554979,5.480262720168446,-1.1566810201684463
2009-05-10,0.011715572,1.2723011707196474,-3.321423225439533,-3.476640751664032,0.44564061367066055,0.5122305288574399,12.848531363467671,8.280639699611854,-8.268924127611854
2009-05-11,0.16876124,1.3523560114380198,3.548697099462081,-4.884200436076863,0.5942352258643979,2.0693875167398414,12.852748555990303,15.53322397341778,-15.36446273341778
2009-05-12,4.095668,1.4326217865894022,5.015956284521184,-6.01061368605078,0.6449118117225067,3.230637927255166,12.857366797781898,17.170880921819375,-13.075212921819375
2009-05-13,10.844229,1.5126685643905637,1.0205894850090251,-6.931530447840364,0.6166383695487359,2.280299522484598,12.862173675097631,11.36083916869019,-0.5166101686901889
2009-05-14,5.037314,1.5922638228058767,-2.7143528083887496,-7.703555150382829,0.645761696638858,-0.39418194925257943,12.867010675889828,4.292946287310405,0.7443677126895949
2009-05-15,0.7708683,1.6716337363843197,-2.1811204964055837,-8.3439878863216,0.7982748512618054,-3.4078632377543796,12.87196159673521,1.4088985638997702,-0.6380302638997702
2009-05-16,2.3130682,1.750724855345618,0.9019055832177978,-8.839666939109128,0.9755908262690103,-5.891204563317807,12.876972406681643,1.7743221690871351,0.5387460309128649
2009-05-17,15.111288,1.8293166198714244,2.35408426330217,-9.130744150615904,1.0334661451747174,-7.660038974609667,12.88199023937488,1.308074142497622,13.803213857502378
2009-05-18,5.0774307,1.9070042129192948,0.8298983639303728,-9.102400201195545,0.9575550003220787,-8.406667583088746,12.886865576346446,-0.9277446307660977,6.0051753307660976
2009-05-19,0.027636066,1.9840545769352032,-1.3029142928075736,-8.638123622749607,0.8743537446805815,-7.484532577387684,12.891709288917319,-1.6754528824117614,1.7030889484117613
2009-05-20,1.5378282,2.061281636616994,-1.520191079091144,-7.716226526453556,0.8925081829666538,-4.830177044223542,12.896814090127583,1.784009259942989,-0.246181059942989
2009-05-21,0.53701967,2.13963531886842,-0.05068725492745746,-6.440971386122263,0.9832007250653918,-1.7780614607168597,12.902751735375277,7.755867677542509,-7.218848007542508
2009-05-22,0.22886693,2.217533135043662,1.0027689625801837,-4.95769922661749,1.042857732740389,-0.4196128903186235,12.908758425070124,11.794606138498246,-11.565739208498245
2009-05-23,12.69411,2.294642318672326,0.4022779779806802,-3.333777550457723,1.039190167405103,-1.7988729341367546,12.91476310543361,11.51822308489724,1.17588691510276
2009-05-24,44.976192,2.3715924965544875,-1.1288378423712968,-1.5205682548708197,1.0484941790354014,-4.640144332374844,12.921124832865562,9.05166107883849,35.924530921161505
2009-05-25,18.452473,2.447904547807127,-2.120736261928596,0.5609797201519466,1.1458721033511154,-5.934760580464846,12.927442598771975,9.026702127688722,9.42577087231128
2009-05-26,0.99317026,2.523848782378195,-1.8337163495869089,2.887281162636695,1.3026941998330173,-3.0532607777294567,12.933842526355404,14.760689543886947,-13.767519283886948
2009-05-27,4.0962954,2.6001986161987096,-0.46111845857805767,5.247729722716153,1.42033863562239,4.186881712803004,12.940755223286956,25.934785452049155,-21.838490052049156
2009-05-28,57.56773,2.6764880483165894,1.4544905841516234,7.2890023328023625,1.4480854214844225,13.071455945412186,12.94792351268515,38.88744584485234,18.68028415514766
2009-05-29,81.39718,2.7506482452767993,3.2044993497673504,8.646931759662063,1.4240484989721187,19.421595295352226,12.954281578203547,48.40200472723411,32.9951752727659
2009-05-30,30.307487,2.8224836896913583,3.7794849546179687,9.100783327312437,1.3976634952241795,19.95745646436907,12.959845238972845,50.017717170187865,-19.710230170187867
2009-05-31,32.396526,2.893022529546182,2.336274941269399,8.683711648358928,1.3580640129562624,14.145935343463464,12.965221699458784,42.382230175053024,-9.985704175053023
2009-06-01,48.412308,2.9620471268829287,-0.7056584334717582,7.684941503709061,1.2717449055395313,4.492495854694518,12.970295608534489,28.675866565888768,19.736441434111235
2009-06-02,11.104976,3.0287678828250373,-3.271332337914841,6.540019581592049,1.1703590157062553,-4.767528875301835,12.97466584571667,15.674951112623337,-4.569975112623336
2009-06-03,0.22880639,3.0943155717777637,-3.12794001232737,5.625547468754182,1.1434027068953725,-9.868937169237674,12.978960195716805,9.84534876157908,-9.61654237157908
2009-06-04,1.089053,3.159576959174374,-0.2270080231803873,5.064479283228454,1.223986599424298,-9.40083613218599,12.983661497963478,12.803860184424227,-11.714807184424227
2009-06-05,37.291897,3.2240771102330474,2.8335021312693134,4.696209268443584,1.3213613639286779,-4.764805732142223,12.988483386603741,20.29882752833614,16.99306947166386
2009-06-06,41.902325,3.2869827905099047,3.252117790387605,4.230846378575076,1.3078552111033819,0.91730922618055,12.992948897187365,25.98806029394388,15.914264706056116
2009-06-07,7.637266,3.3479265771051816,0.9804113708781386,3.4776325629804896,1.1697319574723828,4.624310104488925,12.996872419401507,26.596884992326626,-18.959618992326625
2009-06-08,18.491352,3.4076289497766705,-1.2695783267838976,2.4559724539021244,1.027280732009702,4.801632110553562,13.000692755352725,23.423628674810885,-4.932276674810886
2009-06-09,5.835437,3.46592061181566,-1.1923451323756165,1.328265188879771,0.9887414898187903,1.7178425522564276,13.004290218578811,19.312714928973843,-13.477277928973844
2009-06-10,5.1054425,3.523482655965722,0.4805188904638263,0.2744155648479571,1.0209320803657311,-2.9218342253716396,13.008101814064359,15.385616780335956,-10.280174280335956
2009-06-11,19.663643,3.5799832589684684,1.0671759396452805,-0.580978311330724,0.9994373760751191,-6.759918740693538,13.011925805401322,11.317625328065928,8.346017671934073
2009-06-12,3.5193582,3.6350590541495533,-0.5611097917522979,-1.1608222465993294,0.8746995733925327,-7.763750990387388,13.015504357969482,8.039579956772553,-4.5202217567725524
2009-06-13,2.3408954,3.6898642214995085,-2.4781345731675013,-1.4199464041917866,0.7407662553756037,-5.2081550263807035,13.019492754819385,8.343887227954507,-6.002991827954507
2009-06-14,34.8065,3.7438469380606367,-2.168815057297419,-1.387468243908669,0.7166446693693351,-0.19716700120191288,13.023584945522938,13.730626250544908,21.07587374945509
2009-06-15,33.355537,3.796451324472315,0.24497206508267583,-1.2077703868759253,0.7943407857405508,4.876918176253703,13.027459452242843,21.532371416916163,11.823165583083835
2009-06-16,25.854458,3.8473609086798373,2.21575463387855,-1.0847361453628594,0.8509589675488115,7.792224787274561,13.03098771309347,26.65255086511237,-0.7980928651123698
2009-06-17,24.343533,3.8966479164996226,2.021239657764649,-1.1681507054609184,0.799267806899659,7.72756130861173,13.034286273414072,26.31085225772881,-1.9673192577288106
2009-06-18,26.239523,3.9441786734263546,0.6788877552316062,-1.4718937977623998,0.6804522920299589,5.329850909800475,13.037283191084537,22.19875902381053,4.040763976189467
2009-06-19,9.299227,3.9906517099562198,0.08250917303429682,-1.8887787008847154,0.587861940644351,1.8486563920873942,13.040321858826019,17.661222373663566,-8.361995373663566
2009-06-20,2.4300668,4.036258827369095,0.18434691973728562,-2.272488822411663,0.5372747852766023,-1.5927070812827673,13.043471413105484,13.936156041794037,-11.506089241794037
2009-06-21,20.665304,4.080708669697368,-0.6330139657674041,-2.5195258263447884,0.45910752518483555,-4.040211377107429,13.046633514000657,10.393698539663239,10.27160546033676
2009-06-22,13.267884,4.123795192935285,-2.476700745123189,-2.5922496749248833,0.3170457160846431,-4.597051014288085,13.049685306457695,7.8245247811414655,5.443359218858535
2009-06-23,4.229522,4.1665157813755345,-2.909391388600609,-2.4939029510259765,0.18111973561463046,-2.907444346366508,13.053152180431557,9.09004901142863,-4.860527011428629
2009-06-24,77.51113,4.209784913262618,-0.18129153200818232,-2.2491634337913977,0.14273445581637123,0.06835727758936555,13.05758754964743,15.048009230516204,62.463120769483794
2009-06-25,26.821095,4.250324052258229,3.4606039633714936,-1.884010465884808,0.18627943267925184,2.264323823639464,13.061121774307166,21.338642580370795,5.482452419629205
2009-06-26,2.0517707,4.288862166772706,3.6663590034245255,-1.3794286584609508,0.20166346464274282,2.141828581044145,13.064308028995857,21.983592586419025,-19.931821886419026
2009-06-27,0.02540974,4.326395346843304,-0.5113346420166489,-0.6852042157163178,0.1251986446526897,0.11622069897718798,13.06767717641315,16.438953009153366,-16.413543269153365
2009-06-28,17.505482,4.363432754591332,-4.5667560249566375,0.20627133195348796,0.022959329112233307,-1.8889647449781704,13.071451575979173,11.208394221701418,6.297087778298582
2009-06-29,14.105692,4.399518871598305,-3.5070002218976084,1.1757282230074164,-0.0035229411415528267,-2.5082583109515566,13.075302116511551,12.631767737126555,1.4739242628734441
2009-06-30,16.569954,4.435713733285164,1.7576257451975807,1.9936842413844882,0.032149145511695676,-2.290145841780122,13.079837974753055,19.00886499835186,-2.4389109983518615
2009-07-01,12.931815,4.471137452546626,4.916555454916617,2.470946242645956,0.003273139223934296,-2.631877546090704,13.084539086400682,22.31457382964311,-9.382758829643109
2009-07-02,19.158972,4.505297977410192,1.830811432921612,2.622683273100039,-0.16264973083680617,-3.459698483000193,13.089178339153513,18.425622808748354,0.7333491912516443
2009-07-03,17.009787,4.537992347340754,-3.995682854985763,2.665304263041932,-0.36626944390167315,-2.650478487139136,13.093658996563017,13.284524820919131,3.725262179080868
2009-07-04,20.992573,4.569553556965461,-5.301760243781392,2.8097445692998355,-0.4368635002511206,1.6302701948634486,13.09817138140216,16.369115958498394,4.623457041501606
2009-07-05,3.1345944,4.59988727410971,-0.020278765846093904,3.0280957397915618,-0.3398175436555963,8.095532952051409,13.10266489170871,28.4660845481597,-25.3314901481597
2009-07-06,95.08067,4.629036413862474,5.846617086293242,3.025490058628099,-0.22924351973068266,12.509357908858949,13.107267672637043,38.888525620549125,56.19214437945087
2009-07-07,30.73882,4.654396310558697,5.415106295752275,2.4544567683150627,-0.26954541435064183,11.235689116989365,13.110574164484342,36.600677241749096,-5.861857241749096
2009-07-08,6.8132343,4.678206756863844,-0.4799334659700492,1.2092539659331663,-0.43878636612178495,4.739009499144005,13.113893475330453,22.821643865179635,-16.008409565179633
2009-07-09,5.090554,4.701304491773394,-4.328965080609305,-0.5113807805692279,-0.5695771684180654,-2.8287545800341496,13.117499520651245,9.58012640279389,-4.489572402793891
2009-07-10,11.249573,4.724049425070424,-1.4635838179324845,-2.35830118802036,-0.5708558948666097,-7.389011451205239,13.121521830572238,6.063818903617968,5.185754096382031
2009-07-11,5.3487954,4.745763826446512,3.9438789467087627,-4.022287282210497,-0.5461869680329765,-8.05610304523125,13.12563669443236,9.19070217211291,-3.8419067721129103
2009-07-12,0.060215592,4.766053818567384,4.178538861418731,-5.302641225877066,-0.6563375261446155,-6.679672103977747,13.12975567023301,9.435697494219696,-9.375481902219695
2009-07-13,0.01873076,4.785445441318048,-1.9696493314994485,-6.081150470598293,-0.9028066897819247,-5.0962091039127,13.134134573115045,3.8697644186407274,-3.8510336586407274
2009-07-14,1.0869588,4.804277745659665,-7.237791986972635,-6.314881536020887,-1.1094370514989178,-3.613608550101039,13.13887181605839,-0.3325695628754257,1.4195283628754256
2009-07-15,0.52053016,4.822260092821484,-4.8137621095207805,-6.072574530335206,-1.126800687644637,-2.0742522312601435,13.14383588215805,3.878706416218767,-3.3581762562187674
2009-07-16,4.8830185,4.838954607963213,2.881890576554295,-5.526181603044207,-1.0040218956153635,-1.323430915105519,13.14887956027142,13.016090331023838,-8.133071831023837
2009-07-17,16.409163,4.854244473096499,6.7173141421278535,-4.842451535217416,-0.9189875366430901,-2.566618287171073,13.153942260631975,16.397443516824747,0.011719483175252066
2009-07-18,7.4658704,4.867864926469833,1.8607631871719708,-4.059093715083029,-0.9628960512650486,-5.227374101389519,13.158816881535829,9.638081127440035,-2.172210727440035
2009-07-19,0.8033574,4.880318553660539,-6.207446496411919,-3.094169451085868,-1.0504016915409935,-6.370412291207611,13.163825971552118,1.3217145949662665,-0.5183571949662665
2009-07-20,3.2224963,4.891422535141009,-8.133505250536661,-1.9115187351743894,-1.0538736953315424,-3.209680666615952,13.168911494717442,3.7517556821999047,-0.5292593821999048
2009-07-21,22.868563,4.901097070714025,-1.7159052700823723,-0.6736552622740983,-0.9737755726570334,3.643130970396717,13.174037820294009,18.354929756391247,4.513633243608755
2009-07-22,31.5315,4.908685000830386,5.801227581124304,0.29855208388227183,-0.9277051737162376,9.914008778967574,13.17887787190179,33.17364614299009,-1.6421461429900859
2009-07-23,56.014412,4.913757157380919,6.528538231379411,0.7412605723151294,-0.990635022430692,11.130218574936633,13.183310642721356,35.50645015630276,20.507961843697238
2009-07-24,24.266417,4.915621856092644,0.7583337268225745,0.6292036130271565,-1.1057368512573833,6.5010449371461245,13.18694394383978,24.885411225670897,-0.618994225670896
2009-07-25,5.9730887,4.915504684149264,-4.448507642716966,0.16421332100980016,-1.1717376657217373,-0.5454016105720374,13.190386815111863,12.104457901260187,-6.131369201260187
2009-07-26,0.11925679,4.9144866747366756,-4.096022170078385,-0.40391623907696483,-1.1740009752823302,-5.490024582019541,13.194096849078365,6.94461955735782,-6.82536276735782
2009-07-27,11.6370735,4.912798121695129,-0.19377371068966792,-0.9323689521315239,-1.1793024125344802,-6.259023713615536,13.198157316505341,9.546486649229262,2.0905868507707375
2009-07-28,19.943203,4.9097967564989595,2.2205145944487477,-1.4049239751694742,-1.2187411991939645,-4.097472615716177,13.202272750227204,13.611446311095296,6.331756688904704
2009-07-29,6.44823,4.905005727488502,1.488907592882665,-1.852261480953493,-1.2374504493468481,-1.71515099091159,13.206229040936613,14.79527944009585,-8.347049440095851
2009-07-30,15.005323,4.899458145609788,-0.03492569362512396,-2.2834269808991983,-1.1866822466825961,-1.001386217736859,13.210624028374577,13.603661035040588,1.4016619649594126
2009-07-31,9.542111,4.892639410600291,-0.3918473298575224,-2.674166282219074,-1.1207703758171375,-2.186033657577218,13.215112989651605,11.734934754780944,-2.192823754780944
2009-08-01,1.9982183,4.884605209672152,-0.309787376270876,-2.975117332177982,-1.1466989810664296,-4.392259932623158,13.219703933545203,9.28044552107891,-7.2822272210789105
2009-08-02,18.786003,4.875486389504415,-0.7577895999344884,-3.113012639825364,-1.2809573098434874,-6.518861124445584,13.22446123637337,6.429326951828862,12.356676048171138
2009-08-03,11.599096,4.864587010715871,-0.6841559760460393,-2.989925426843898,-1.4093329207790268,-7.697202058839972,13.229007344296406,5.312977972503341,6.286118027496658
2009-08-04,8.723128,4.85193794082898,0.9501175191835397,-2.502112838136513,-1.4185769032937436,-7.308104583018143,13.233393138017854,7.806654273581973,0.9164737264180278
2009-08-05,5.91858,4.837865016790269,2.265605732912485,-1.587212179777192,-1.3355578844863514,-4.89714399920077,13.237792352599897,12.521349038838336,-6.6027690388383355
2009-08-06,13.083762,4.822545667769965,0.36763448081063077,-0.2680611311058434,-1.2856263971526365,-0.2523181670228021,13.24232228752787,16.626496740827182,-3.542734740827182
2009-08-07,21.083954,4.805587653480785,-3.677679727843937,1.3102876493549085,-1.3216517193173758,6.164214947824256,13.24681019430992,20.527568997808558,0.5563850021914405
2009-08-08,23.162119,4.786524463262838,-4.572401355276503,2.857694579433697,-1.3529492382527883,12.674209081213561,13.251009597274088,27.644087127654892,-4.481968127654891
2009-08-09,15.296434,4.765291987372324,0.5852296937631347,3.974680081377445,-1.2751560768057428,16.565987029031522,13.254875683090269,37.870908397828956,-22.574474397828958
2009-08-10,79.19675,4.743247272969247,7.10521948266688,4.2966459548358,-1.1310455958006302,15.629101486902822,13.259185238024445,43.90235383959856,35.29439616040143
2009-08-11,52.096256,4.718422730467841,7.151286291002815,3.702978747232697,-1.0792751813763932,10.17444092652592,13.262718921611015,37.930572435463894,14.165683564536103
2009-08-12,11.295184,4.6909327543074575,-0.4176621758670638,2.4357862409748527,-1.1979569860849424,3.4374415158403613,13.26554874405246,22.214090093223124,-10.918906093223123
2009-08-13,1.8609357,4.6622004600452485,-7.590131944022163,0.958458161876979,-1.3783900822284307,-0.8364700333039994,13.268401653812003,9.084068216179636,-7.2231325161796365
2009-08-14,10.24385,4.632971859698518,-6.346257442155314,-0.3464059756762277,-1.4483356956021018,-1.6787740646352254,13.271609075545555,8.084807757175206,2.1590422428247944
2009-08-15,4.48337,4.602632223056696,1.5546349349232538,-1.3852351957289935,-1.3727503042803104,-1.6557726941177262,13.274865158633357,15.018374122486277,-10.535004122486278
2009-08-16,0.6281896,4.571080322465072,6.677978800064661,-2.288878273899956,-1.2816061064313218,-4.012616166525034,13.278175404783873,16.944133980457295,-16.315944380457296
2009-08-17,0.096857086,4.538896112363624,3.410259605066836,-3.1547432978438965,-1.2967909980231898,-9.058148905294654,13.281830735207286,7.721303251476004,-7.624446165476004
2009-08-18,0.6857319,4.50632492065219,-3.740555295853027,-3.8551758067505926,-1.3837057840454803,-13.643419984704762,13.285945632250437,-4.830586318451234,5.516318218451234
2009-08-19,1.8313559,4.4730573136115215,-6.639794625116074,-4.094627841570472,-1.4114762750049237,-14.25544252540177,13.2903273163055,-8.637956637176217,10.469312537176217
2009-08-20,0.57202584,4.438853094412537,-3.646435233274791,-3.645573954443855,-1.3285823083214432,-10.323840736849867,13.294827142116711,-1.2107519963607078,1.7827778363607079
2009-08-21,0.6501386,4.403697532678797,-0.1059428644922707,-2.5345131132887615,-1.217807707947026,-4.375629760084875,13.29945347888385,9.469257565749714,-8.819118965749714
2009-08-22,12.389962,4.367540218722739,0.2635397671848819,-1.0333760675359973,-1.1702950056610935,0.5367453479184584,13.304294057053367,16.268448317682356,-3.8784863176823556
2009-08-23,11.36105,4.329841976018259,0.20041260448646137,0.49437831568768476,-1.166072043800443,2.899254595013511,13.309064565946336,20.06688001335181,-8.70583001335181
2009-08-24,22.389046,4.290716404601959,3.180540087534854,1.763358189596575,-1.1271445272910674,2.4968918868682617,13.313783273676286,23.91814531498687,-1.529099314986869
2009-08-25,9.067492,4.250528984779789,6.158446029601499,2.6865089889844214,-1.0549355112743324,-0.5356250682645897,13.31863564647024,24.823559070297026,-15.756067070297027
2009-08-26,2.965657,4.209661396058362,2.58981823798615,3.4365496133348583,-1.038019748483407,-5.177040427075079,13.323881472881176,17.344850544702062,-14.379193544702062
2009-08-27,0.5364399,4.167750393802837,-7.2534603266414,4.377243764578707,-1.1049116611295628,-8.317468185656137,13.32932231870506,5.198476303659504,-4.662036403659505
2009-08-28,0.0016465783,4.124971655620575,-13.388490695860105,5.823373980007897,-1.1312942099579657,-5.72127623085129,13.334929743102213,3.042214242061325,-3.0405676637613253
2009-08-29,2.510597,4.081872014200044,-6.8419477170986625,7.72624494173028,-0.9653211017978482,4.2412779528672235,13.340928062965949,21.583054152866985,-19.072457152866985
2009-08-30,17.44162,4.03832158718104,8.329926551683252,9.530193061289415,-0.6420592263218112,17.596844287871235,13.347299994940771,52.2005262566439,-34.7589062566439
2009-08-31,197.75218,3.9931500901938413,17.610756866301895,10.3984821037118,-0.4024661919808802,26.500784861988343,13.353656983279333,71.45436471349433,126.29781528650568
2009-09-01,68.75308,3.941168549388828,11.669323476257178,9.721809028774175,-0.44996211274924663,25.119158753800782,13.357116372457401,63.35861406792911,5.3944659320708865
2009-09-02,9.316176,3.885857826753485,-3.0556679763521855,7.56937589520759,-0.712326665022164,14.430642624813173,13.35959968896995,35.477481394369846,-26.161305394369847
2009-09-03,3.8872733,3.829245199943817,-11.718969928750997,4.618594071500378,-0.9179285919189756,1.0367730161933086,13.362040296918106,10.209754063885637,-6.322480763885636
2009-09-04,4.9418178,3.771593955768372,-7.3450790454350905,1.7075473880999792,-0.8955018831380872,-8.441902340887747,13.364454786487407,2.161112860894834,2.780704939105166
2009-09-05,0.7633623,3.7134280546635017,2.8401535611966877,-0.6291650312011463,-0.7462495675684281,-11.891273321272433,13.367165139586703,6.654058835404885,-5.890696535404885
2009-09-06,0.11187187,3.6544296796108315,7.090943805495106,-2.3166272426301484,-0.6927272505233089,-11.431310761195547,13.370052038553732,9.674760269310665,-9.562888399310665
2009-09-07,0.05174149,3.594601319565773,2.2317793113585536,-3.568242616118714,-0.801100316403288,-9.842241576904918,13.373060219827359,4.987856341324765,-4.936114851324764
2009-09-08,5.054329,3.534100839526565,-4.631121518724363,-4.6191780721118025,-0.9144421426773827,-7.971778379534523,13.376230318013995,-1.2261889555075118,6.280517955507512
2009-09-09,19.13669,3.4734827409560562,-5.6918499288942686,-5.58386294841954,-0.8613555945075249,-5.263036851475086,13.379877512157227,-0.5467450701831353,19.683435070183137
2009-09-10,9.621748,3.4118803451323116,-0.8396209650084063,-6.458560896054465,-0.6640529963359032,-1.7060438040793202,13.383449793933625,7.127051477587843,2.4946965224121573
2009-09-11,0.17406279,3.3491599176651765,3.9014802582314534,-7.183834420104662,-0.49619250741164134,1.493907392354072,13.386883043653949,14.451403684388346,-14.277340894388345
2009-09-12,26.014803,3.2858788137943655,3.9998960054628956,-7.703718849814429,-0.46649360864186695,3.0211915602423693,13.390551896071264,15.527305817114598,10.487497182885402
2009-09-13,11.336808,3.2212200907458923,0.5918328658224493,-8.008489298218901,-0.5077442974830861,2.6492386896480054,13.393981333103715,11.340039383618075,-0.0032313836180755118
2009-09-14,1.6525397,3.15573540880097,-2.257851765700792,-8.157996792973499,-0.4938352894801836,1.1395616710168355,13.397422563743765,6.783035795407096,-5.1304960954070955
2009-09-15,6.052854,3.0901154690463675,-2.4160051313690887,-8.265001640164254,-0.4104242380821025,-0.7335036508509829,13.401177204509617,4.666358013089557,1.3864959869104432
2009-09-16,3.4402306,3.024183703704921,-0.95953537355846,-8.406363908715257,-0.3527495833484046,-2.613220609266466,13.405110175950941,4.097424404767276,-0.6571938047672758
2009-09-17,0.31932676,2.95875465846876,0.1822173457628573,-8.533641663750505,-0.3738874009838175,-4.103080379674629,13.40969636078653,3.540058920609196,-3.220732160609196
2009-09-18,1.3107327,2.8930902555688007,0.34502301275113145,-8.486923289843748,-0.40124375927859524,-4.416720502593737,13.414413512686885,3.347639229290735,-2.036906529290735
2009-09-19,0.72886753,2.82755423542042,-0.0869725416932409,-8.126093345698536,-0.3339700088612151,-2.9368300437637886,13.419342873039778,4.763031168443419,-4.0341636384434185
2009-09-20,0.00664033,2.763600372334282,-0.7742486734962982,-7.452503073265476,-0.17781273703270076,-0.1263148267373727,13.425338154322056,7.6580592161244905,-7.651418886124491
2009-09-21,0.31853652,2.700692691132917,-1.4987666300936655,-6.612312737213555,-0.032537917701383895,2.383163288543031,13.432234899000601,10.372473593667944,-10.053937073667944
2009-09-22,0.82317835,2.637291269410855,-1.6079050653302005,-5.796694126286044,0.0423343052444642,2.839505196347751,13.439248934454469,11.553780513841293,-10.730602163841294
2009-09-23,0.44561085,2.573547559680033,-0.3738774831382573,-5.129664597655659,0.09481031314952286,0.6358603133775853,13.446514221357123,11.247190326770347,-10.801579476770348
2009-09-24,0.063929245,2.5099443134104495,1.7158455722919654,-4.619777025226646,0.1900534020115013,-3.343559925710633,13.454220906939439,9.906727243716077,-9.842797998716076
2009-09-25,0.015496742,2.4464242645932837,2.6366974057180372,-4.169697514196413,0.2974947127709806,-7.440146885221055,13.462258576232095,7.233030559896929,-7.217533817896929
2009-09-26,0.9402819,2.3826073261816307,0.723747239181477,-3.5948461090058808,0.3277350386613378,-10.181998883692419,13.47041167912886,3.127656290455006,-2.187374390455006
2009-09-27,3.5666697,2.318931493425167,-2.8989636220048527,-2.660703134556765,0.2776147670860673,-10.802175166058184,13.478926315674856,-0.2863693464337107,3.8530390464337105
2009-09-28,1.6708957,2.2562751811667123,-4.590358670245534,-1.1764356947159214,0.27667655411090136,-9.326575410161418,13.488289388881393,0.927871349036133,0.743024350963867
2009-09-29,11.2757225,2.194382932712168,-1.8496324620004712,0.883150287487614,0.44614257432670595,-6.4851432540765686,13.498276303055441,8.687176381504889,2.5885461184951115
2009-09-30,48.787655,2.1324079738500856,3.303563712555184,3.327167762228463,0.7369930260814614,-3.397885253584324,13.508437120156918,19.610684341287786,29.176970658712214
2009-10-01,14.114108,2.069748536373927,5.650636562578702,5.848805621404011,0.966508062147819,-0.850844035200728,13.518453675457327,27.203308422761058,-13.089200422761058
2009-10-02,47.52459,2.0066734332820055,2.311179361864641,8.21189439665078,1.029650843685887,1.4770056601692858,13.528535754225985,28.564939449878587,18.959650550121417
2009-10-03,31.658138,1.9417426386602208,-3.49209349775824,10.31691438630706,1.0212348819534511,4.872056054468698,13.537903008489161,28.19775747212035,3.46038052787965
2009-10-04,15.709019,1.8752925344934286,-5.242214763308484,12.10931965714547,1.1140914855170392,10.333197078630615,13.546794655989766,33.73648064846783,-18.027461648467835
2009-10-05,57.32453,1.807748767378814,-0.19400111396218914,13.429967179011987,1.3387451177462515,17.107578514488477,13.555500824433441,47.04553928909678,10.278990710903223
2009-10-06,74.72268,1.7382662656852002,7.1517595658273025,14.007962527557362,1.5410131091634849,22.551735260972354,13.563555276155352,60.55429200536106,14.168387994638934
2009-10-07,105.631325,1.6663456084016055,9.504008002825225,13.63572327911719,1.569605995646027,23.74220965679506,13.570698652185424,63.68859119497054,41.94273380502946
2009-10-08,89.268265,1.5911995992496708,4.438427028686524,12.34376674346399,1.4562273482337167,19.516312718578018,13.576453995242828,52.922387433454745,36.345877566545255
2009-10-09,0.6901007,1.5135288071912356,-3.2417866796704584,10.41566883298961,1.3731923120557759,11.284003077441232,13.581216209390963,34.925822559398355,-34.23572185939835
2009-10-10,6.2589498,1.4365799664023289,-6.866084542634363,8.213081745904134,1.4302448866359219,2.0382245573153326,13.58676481677885,19.838811430402203,-13.579861630402203
2009-10-11,2.162627,1.3603369373213687,-4.532467863164651,5.973040602994036,1.5662251611270115,-5.429574130731008,13.592891883939547,12.530452591486306,-10.367825591486305
2009-10-12,0.65593094,1.283949137763213,0.28349486369246,3.780574447622659,1.6570833358563688,-9.647071254402245,13.599078496360564,10.957109026893018,-10.30117808689302
2009-10-13,0.23428631,1.2072816653465686,3.423594873103736,1.665919965229584,1.6717337512078758,-10.629845416324187,13.605285578646619,10.943970417210195,-10.709684107210196
2009-10-14,19.866426,1.1303243806891767,3.622761248428911,-0.29814837695484314,1.6768204711659114,-9.481311286899404,13.611553629568988,10.262000065998741,9.60442593400126
2009-10-15,12.44828,1.0527805233962968,1.73217294824114,-1.985024959584105,1.7142026141999918,-7.752255460612413,13.617729158909643,8.379604824550555,4.068675175449446
2009-10-16,4.6037993,0.9748099561715264,-1.2560581572489287,-3.266585831540492,1.7422129087428664,-6.682111872961864,13.623854030444608,5.136121033607717,-0.5323217336077164
2009-10-17,2.8691976,0.8964666999507084,-3.9890209999302604,-4.073636280031664,1.7195630685965764,-6.688333872018659,13.629935039108483,1.4949736556751834,1.3742239443248168
2009-10-18,1.8873043,0.8178431518876025,-4.057768173452052,-4.4126813970444765,1.6960170207832086,-7.498357553088604,13.635999065973259,0.1810521150589377,1.7062521849410623
2009-10-19,0.8507287,0.7390916900185804,-0.19495921171750208,-4.339766437921305,1.7577905368343807,-8.744640029210341,13.64204686513958,2.859563413143393,-2.008834713143393
2009-10-20,1.0224534,0.6603334937628285,4.541960846441997,-3.9012924138330605,1.8931486597125557,-10.101254623052629,13.648113043776291,6.7410090068079835,-5.718555606807984
2009-10-21,0.84196776,0.5814992288144569,4.390705298888278,-3.0736844507233174,1.9805022911339116,-10.51255629024958,13.654202752413727,7.020668830277476,-6.178701070277476
2009-10-22,0.5809572,0.5025121183286989,-2.2272515375039346,-1.7773160818694942,1.944827453127227,-7.657778748591262,13.660348728208215,4.445341931699449,-3.8643847316994493
2009-10-23,2.478108,0.42346292314948397,-8.745970114447594,-0.014694930165958853,1.8815444644158892,0.6778902903051789,13.66653654070584,7.888769173962839,-5.410661173962838
2009-10-24,7.7553916,0.344800510216588,-6.472734101812587,1.9481095653869538,1.9586310269372136,13.6692073619216,13.672960211333738,25.120974573983506,-17.365582973983507
2009-10-25,12.145405,0.26671041923167355,4.643487908911008,3.553260694749088,2.1930426910365677,25.970658217496414,13.679741546460688,50.30690147788544,-38.161496477885436
2009-10-26,167.14917,0.18841898037743343,13.820006204927829,4.195678968507247,2.3878797632112008,30.381972077454982,13.686645146176462,64.66060114065516,102.48856885934484
2009-10-27,63.66979,0.10554231180934806,10.538229997200398,3.6152048028362413,2.3406572816964086,23.379571595299694,13.69122704242599,53.670433031268075,9.999356968731924
2009-10-28,0.6273049,0.020700203651943153,-2.9169952368979377,2.156015858935325,2.092780958533165,8.668065768070186,13.694931548112281,23.715499100404962,-23.088194200404963
2009-10-29,0.54486096,-0.06316111252704289,-13.070888883390758,0.5491837917548414,1.8941668421582327,-5.3164045951558885,13.699189336979877,-2.307914620180739,2.852775580180739
2009-10-30,0.1740572,-0.1462123408204175,-9.987927846847,-0.5634836223263052,1.922456952025573,-11.814114875665318,13.703718799228117,-6.885562934405353,7.059620134405353
2009-10-31,0.29260573,-0.2269616586293179,1.9243726593359693,-0.9823356113404869,2.09016093330737,-10.215101645291313,13.709351329800803,6.299486007183026,-6.006880277183026
2009-11-01,16.57574,-0.30627714704320635,9.640949532814265,-0.9298783042408512,2.1693713087489717,-4.966033092364459,13.71553402463491,19.323666322549627,-2.7479263225496275
2009-11-02,34.89876,-0.38494525236891564,6.571384144225106,-0.7547562008237683,2.069788871673048,-0.9545037810820352,13.721899651442751,20.268867433066184,14.629892566933819
2009-11-03,12.056508,-0.46430122507125604,-1.132908982941335,-0.6426677546735237,1.9291430246515537,-0.2698733474919567,13.727738173156261,13.147129887629744,-1.0906218876297444
2009-11-04,0.0,-0.5438584028534372,-3.7117872372063703,-0.5423796839336058,1.9174892915544073,-2.5845142885535224,13.733394749759624,8.268344428767096,-8.268344428767096
2009-11-05,0.00036880374,-0.6232415113424075,0.024280787100357096,-0.267930713162262,2.0178156606720306,-6.935937316230745,13.739050789237814,7.954037696274787,-7.953668892534787
2009-11-06,0.0067688525,-0.7024595477795426,2.72026521135737,0.3844218368440244,2.0617361506317415,-11.916478005221533,13.744706742267791,6.292192388099851,-6.285423535599851
2009-11-07,1.0459689,-0.781552571559888,-0.47886878638787844,1.5559843978214647,1.9593787391897488,-14.695108510169248,13.750362704433025,1.3101959733272235,-0.2642270733272234
2009-11-08,0.84864324,-0.8604885227318178,-5.09148386340742,3.2359761194986745,1.8175227157572518,-11.746894661396121,13.75603891096167,1.1106706986822381,-0.2620274586822381
2009-11-09,0.26256406,-0.939077688092062,-3.6276479628630685,5.171956250535668,1.796073354498996,-2.0434201332987643,13.761764502444372,14.119648323225142,-13.857084263225142
2009-11-10,8.618696,-1.0172429641823955,3.70388469131543,6.894057815460029,1.8967422341635114,10.5322981992319,13.767584017669614,35.77732399365809,-27.158627993658087
2009-11-11,120.203674,-1.0955920289765975,8.4631565384957,7.927484946911959,1.9598731370621965,19.127081327055485,13.77332620667302,50.15533012722176,70.04834387277825
2009-11-12,34.986168,-1.177279859962666,4.60297557110668,8.072539895570731,1.867975869115638,19.305634916291947,13.777238557808275,46.44908494993061,-11.462916949930609
2009-11-13,21.232601,-1.259897443016965,-3.557608282721824,7.525622584529606,1.69062010723438,12.797205367513934,13.780689462633616,30.976631796172747,-9.744030796172748
2009-11-14,43.91951,-1.3428877252717761,-6.602400837755209,6.653874232065654,1.5794764496741807,5.558418137659344,13.783845359519365,19.630325615891557,24.289184384108445
2009-11-15,7.2009625,-1.4268257694387843,-1.6229637168729092,5.6851450635641,1.57108510042444,2.3086807365509707,13.78633260064546,20.30145401487328,-13.10049151487328
2009-11-16,0.10450789,-1.510279978910236,4.591939582426987,4.59173965802537,1.555848187025376,2.99831406033227,13.788955034745387,26.016516543645153,-25.912008653645152
2009-11-17,49.236313,-1.5931915489530182,4.4071408531767196,3.227326190470217,1.4368877443357064,4.162304481416565,13.791721315930054,25.432189036376244,23.80412396362376
2009-11-18,20.133198,-1.676937041853715,-1.3310898593637555,1.5652031981550865,1.258376806994676,2.986962308729398,13.793865339726255,16.596380752387944,3.5368172476120563
2009-11-19,10.598017,-1.7608070570136458,-5.110149261520658,-0.18926093711972042,1.1361358533375645,-0.34154509861599835,13.795809994362402,7.530183493429944,3.0678335065700564
2009-11-20,4.265396,-1.8445389504533298,-2.729492390361693,-1.716625452216482,1.091520396746883,-3.818160701650872,13.797623467209634,4.780326369274141,-0.5149303692741407
2009-11-21,1.4313972,-1.927938945425355,1.8027410884303094,-2.763139841290317,1.0265977033737705,-5.997018813559393,13.79939122010942,5.940632411638435,-4.509235211638435
2009-11-22,11.800453,-2.0109350777707196,2.281870395450658,-3.2256121417482966,0.8760342907862433,-6.7584136970000355,13.801147563644125,4.964091333361974,6.836361666638025
2009-11-23,5.5820727,-2.0933081669669447,-1.3846771987657822,-3.1375347322521536,0.720294034987319,-6.3855000156750314,13.802988974172195,1.5222628954996011,4.059809804500399
2009-11-24,15.424263,-2.174483254379524,-3.5324476714526765,-2.632644679948639,0.6925230255932855,-4.876088605079989,13.805108405476918,1.281967220209376,14.142295779790624
2009-11-25,22.677176,-2.254711771642466,-0.6791259643492367,-1.9213350015211144,0.7927352721223396,-2.5048232461694986,13.807335079160854,7.240074367600878,15.437101632399122
2009-11-26,5.877267,-2.3342760009069763,3.905419250155013,-1.2297259936542306,0.8607031411333681,-0.5003363272319965,13.80956056897696,14.511344638472137,-8.634077638472137
2009-11-27,0.11644885,-2.413075421120043,4.7158326683539515,-0.6917027358633224,0.7572067773163439,-0.43964109394984374,13.811862497781545,15.740482692518631,-15.624033842518632
2009-11-28,0.66867054,-2.4908776631027996,1.0260078690439707,-0.2724175307699254,0.5283698908470376,-2.696320385792919,13.814344528491354,9.909106708716719,-9.240436168716718
2009-11-29,9.331321,-2.567558708002476,-2.8091897371878964,0.19550408788124388,0.34472326161440164,-5.621367452009929,13.817042289366526,3.3591537416618706,5.97216725833813
2009-11-30,9.575673,-2.6436691922375415,-3.296733138264441,0.8744234567738172,0.2943486713442489,-6.48204098255328,13.819625009640175,2.5659538247029783,7.009719175297022
2009-12-01,0.40632907,-2.719135481099451,-1.4537025060752438,1.792266382558131,0.2933645486900577,-3.4490759831966384,13.822083466297887,8.285800427174742,-7.879471357174742
2009-12-02,0.06712484,-2.7935279240985977,0.08871962897980507,2.803093749889299,0.21430154196184392,2.884143817886028,13.824566829080702,17.02129764369908,-16.954172803699077
2009-12-03,33.879223,-2.866641776799033,1.189467685468884,3.641843427502974,0.05023644245005281,9.491761838407145,13.827238153809898,25.33390577083992,8.545317229160084
2009-12-04,14.6071415,-2.9391956095993863,3.1680089846028943,4.043079620266051,-0.0962384372450375,12.529135289433137,13.829737314622486,30.534527162080146,-15.927385662080146
2009-12-05,32.21314,-3.0113241147389322,4.8114616695076435,3.88244963870619,-0.1662779464198342,9.826788315109862,13.832013230232867,29.175110792397795,3.0380292076022073
2009-12-06,15.179092,-3.0833352058552057,2.6493971172377027,3.2618844244874565,-0.22502067262265718,2.7545829738615506,13.83390836380447,19.19141700091332,-4.012325000913318
2009-12-07,0.011307187,-3.1547383537317097,-3.5392900123955235,2.505097023691126,-0.35639465580382523,-4.061394484856063,13.835659232307137,5.228938749211142,-5.217631562211142
2009-12-08,0.36850667,-3.22510570613382,-8.071965228924658,1.9926294291895907,-0.529397390821831,-5.72061148508364,13.837465128788075,-1.7169852529862837,2.0854919229862836
2009-12-09,1.0614073,-3.294339408944605,-5.11128919824222,1.9053304826753288,-0.6308870249642629,-0.8769162838466794,13.839318329506153,5.831216896183713,-4.7698095961837135
2009-12-10,0.80381984,-3.3620697088131397,3.443147972798206,2.0751044728854064,-0.6257942197054055,6.874267036235869,13.841458500573644,22.24611405397458,-21.44229421397458
2009-12-11,69.00936,-3.42867032936049,8.792930338007745,2.1012359927680153,-0.6214553316266891,11.682785255030934,13.84382134073155,32.370647265551064,36.63871273444894
2009-12-12,34.97256,-3.4963892664213523,5.197494779141019,1.65978647789966,-0.7373989433879398,10.059213141849643,13.84514089654222,26.52784708562325,8.444712914376751
2009-12-13,5.8491306,-3.5642045197358856,-2.9815934803491264,0.7647781608229043,-0.9448404929988667,3.316516577304202,13.84593703255577,10.436593277598998,-4.587462677598999
2009-12-14,6.0672245,-3.6305467788162953,-6.508166423238455,-0.2703594751924562,-1.0978364135317724,-4.251869014035014,13.846921881905688,-1.9118562229083054,7.979080722908305
2009-12-15,0.9284329,-3.6951096657378777,-2.4371136806861324,-1.0910637767872569,-1.1177344543787324,-9.118757506911287,13.84820350580739,-3.611575578693895,4.540008478693895
2009-12-16,7.0181136,-3.758297429389172,2.905049437676992,-1.5383272917486588,-1.0893997302875391,-10.430444651939466,13.849584902074053,-0.061834763613790145,7.0799483636137905
2009-12-17,3.5637994,-3.820301750906548,2.662752587882926,-1.6945794113556056,-1.1429737627413668,-9.036199774703924,13.850918379221389,0.819616267396869,2.744183132603131
2009-12-18,0.21124771,-3.8805939420430224,-1.758970870656516,-1.7607432254614002,-1.278731716079558,-5.887644313462394,13.852458455287831,-0.7142256124150581,0.9254733224150581
2009-12-19,0.334349,-3.9393541252030246,-3.324391395399017,-1.920143763966681,-1.3734374722776832,-2.0147003229371965,13.854108505010617,1.2820814252270143,-0.9477324252270143
2009-12-20,0.25018376,-3.9968052721408354,0.5294141710992737,-2.2677246533873543,-1.3603982478497763,0.6984199074529578,13.855766113814635,7.4586720189889,-7.2084882589889006
2009-12-21,0.29947168,-4.052971190416834,4.189582343347307,-2.7752117103566567,-1.3350397188853025,0.20921693598030533,13.857425879826767,10.093002539495586,-9.793530859495586
2009-12-22,0.078272074,-4.107533492483291,1.6542517209822762,-3.2753626285743005,-1.432485822858581,-3.4178419940991613,13.859269453662195,3.2802972366291367,-3.2020251626291367
2009-12-23,0.0072461553,-4.159925461043009,-4.754201855406456,-3.5174300727207184,-1.6316124553787807,-6.964665428884393,13.861598021413803,-7.166237252019554,7.173483407319554
2009-12-24,0.2752652,-4.210768521010501,-6.797592807406035,-3.3386124034613216,-1.7558851403539018,-6.426458515837601,13.86403096337144,-8.665286424697923,8.940551624697923
2009-12-25,0.55100864,-4.260300847123841,-1.0686259395564308,-2.848061454412212,-1.6911012049265395,-1.0023248445273885,13.866484355415581,2.996070064869169,-2.445061424869169
2009-12-26,0.34979546,-4.308663471750389,6.044894460019149,-2.414335693241259,-1.5421956030535418,5.606030484906324,13.868937999091392,17.254668175971673,-16.904872715971674
2009-12-27,5.0408535,-4.356049844480992,5.983084569047751,-2.4064758631679277,-1.516350549094414,8.39041399001937,13.871388608967361,19.96601091129115,-14.92515741129115
2009-12-28,8.606403,-4.402591049320698,-1.3141090579850425,-2.90144520671706,-1.6693134616778844,5.619880973978036,13.873765186215852,9.206187384493203,-0.5997843844932031
2009-12-29,1.2664437,-4.448175684458962,-7.220100543871437,-3.629020171135355,-1.8331546368270266,0.12669507949452996,13.876015008195443,-3.1277409486028045,4.394184648602804
2009-12-30,0.13807136,-4.492347746398092,-4.922062390087156,-4.207346522076195,-1.8204109514184763,-3.7902463712165586,13.878246306746933,-5.354167674449544,5.492239034449543
2009-12-31,1.0897549,-4.534943188411093,2.521662631922424,-4.446130149795907,-1.6521919617630862,-4.314495773458711,13.880489530267726,1.4543910887613514,-0.3646361887613514
2010-01-01,0.3997601,-4.57612784055287,6.29578927266546,-4.436520542861345,-1.5266659988324789,-2.8967303948030163,13.88271950329296,6.742463998908709,-6.3427038989087094
2010-01-02,0.009794254,-4.615942260726637,2.549424089098659,-4.381925831809825,-1.5730082760790889,-1.7533351511599014,13.884951348892786,4.110163918215994,-4.100369664215994
2010-01-03,0.4681846,-4.654285900186666,-3.536553066967419,-4.383012275159822,-1.7034055603433242,-1.4386920719411167,13.887198293346058,-1.8287505812522884,2.2969351812522882
2010-01-04,3.4213874,-4.691123479555799,-4.656350653595356,-4.389881185326421,-1.741569898259613,-1.0549888820522084,13.889468208848848,-2.644445889940547,6.065833289940548
2010-01-05,3.3290856,-4.726583541950047,-0.08972860614796213,-4.311727108593009,-1.6497246390583773,-0.12484258329291253,13.891696486046577,2.98909000700427,0.3399955929957299
2010-01-06,0.73150176,-4.760694310456175,4.227358502517054,-4.123269888686352,-1.5622901879403615,0.5870757952035914,13.893883904448847,8.262063815086606,-7.530562055086605
2010-01-07,0.3910733,-4.793316894789518,3.393736579641075,-3.867549988970158,-1.5975425829327057,0.20788959059119594,13.896064841568572,7.239281545108462,-6.848208245108461
2010-01-08,2.3605883,-4.8243943765711474,-0.9314034141061611,-3.600584457103157,-1.7039495650619363,-0.8978556973569681,13.898246410143935,1.9400588999445638,0.42052940005543604
2010-01-09,1.233591,-4.853762577897246,-3.3676857863202465,-3.371027335650623,-1.7388631303939186,-1.4470433735562664,13.900399189778254,-0.877983014040046,2.111574014040046
2010-01-10,0.19992189,-4.880901187144319,-1.6117134692128738,-3.2366918232324124,-1.6632132931327894,-0.796137998761252,13.902771286168115,1.7141135146844668,-1.5141916246844669
2010-01-11,0.75582504,-4.906134340643357,1.320754531239169,-3.2495908754461893,-1.5881983256913688,0.29488043004564884,13.905239460641576,5.776950880145478,-5.021125840145478
2010-01-12,16.580322,-4.929786018818337,1.4582387588862038,-3.4043809713930164,-1.618912182686171,0.6316279767921728,13.907701113578838,6.0444886763596894,10.53583332364031
2010-01-13,7.9713345,-4.952316177991255,-1.178851822472049,-3.616542708906067,-1.7102013723942002,0.03254977507917075,13.909938004579942,2.48457569789554,5.48675880210446
2010-01-14,1.7207136,-4.973506282871304,-3.022636425057473,-3.7729946172572175,-1.7271791924114044,-0.5102122875045487,13.91206695419352,-0.09446185090842718,1.8151754509084272
2010-01-15,1.0088968,-4.99318895142811,-1.6889640366734406,-3.825580200202036,-1.6282920540138357,-0.10630117052793281,13.914178928162134,1.671852515316779,-0.6629557153167789
2010-01-16,0.33449858,-5.01136650941782,1.201267421893376,-3.8227848902130264,-1.5228858741823463,0.9396555569882294,13.916302342113063,5.700188047181477,-5.365689467181477
2010-01-17,0.105214424,-5.028050933715223,2.3731844153811936,-3.8415941766129853,-1.524384118159816,1.4804598303125696,13.91843672957418,7.37805174677992,-7.27283732277992
2010-01-18,0.038171653,-5.043197025796616,1.0049989535544628,-3.9033473266469203,-1.5972040808873211,0.7533861789517107,13.920569238119185,5.1352059372945025,-5.0970342842945024
2010-01-19,0.0023095636,-5.056552389999569,-0.7028290422245891,-3.9665632644992184,-1.6053836411768392,-0.9965185769881973,13.922756926332754,1.594910011444341,-1.5926004478443412
2010-01-20,0.23284136,-5.0680145276986055,-0.8451252100404011,-3.976161627330348,-1.497858524163192,-2.98802023417468,13.925001975599994,-0.4501781478072324,0.6830195078072324
2010-01-21,4.2765126,-5.077702082436888,-0.2849645755963527,-3.8822157404262287,-1.3807918088944693,-4.59627620287856,13.927258258099627,-1.2946921521328711,5.571204752132871
2010-01-22,2.4872804,-5.085638246438517,-0.9354204287335819,-3.609818279587587,-1.3783117858962886,-5.414381228725215,13.929544422840312,-2.494025546540879,4.981305946540878
2010-01-23,5.3386483,-5.091771788057393,-2.4051718719817217,-3.0562053274185264,-1.4666553634431203,-4.9838320837659555,13.931933314477652,-3.071703120189065,8.410351420189066
2010-01-24,2.1836026,-5.096072959432086,-2.0360753722758655,-2.172702333124791,-1.5030285794716765,-3.0293999499938593,13.934405418506838,0.09712622420856043,2.0864763757914395
2010-01-25,0.02244534,-5.098461549157291,1.198707961317483,-1.0623073668438165,-1.4111453012336863,-0.13722592067742279,13.937037945879885,7.4266057692851515,-7.4041604292851515
2010-01-26,0.022045221,-5.099113200068166,4.21440898067268,0.029197069509358978,-1.278631114375776,2.1767533819621674,13.939749357746809,13.982364475447074,-13.960319254447073
2010-01-27,0.0031573,-5.098120389507283,2.9124995600475976,0.856520713609096,-1.2376337485745932,2.5884387889694627,13.942499779772797,13.964204704317076,-13.961047404317076
2010-01-28,7.8715496,-5.095560716810882,-2.3389986867200614,1.3251870558735217,-1.2883099720142472,1.2909488574369232,13.945280545138631,7.838547082903887,0.03300251709611324
2010-01-29,12.630112,-5.091578527492489,-6.08116214013566,1.5034870096779502,-1.3005795290518618,-0.05190152414635868,13.947973526875016,2.926238815726597,9.703873184273403
2010-01-30,3.4743538,-5.086090200049963,-3.7881585899337953,1.5010009375017397,-1.191561317217255,0.08873140904741242,13.950528563522633,5.474450802870772,-2.000097002870772
2010-01-31,0.4157524,-5.077995605343716,2.414298911875596,1.356156569007635,-1.0426726711714565,1.585183507340045,13.953536096206362,13.188506807914465,-12.772754407914464
2010-02-01,37.512794,-5.067187701661226,5.776823278722442,1.0481317070607856,-0.998524052702196,2.868208296936265,13.957226386195229,17.5846779145513,19.9281160854487
2010-02-02,21.083862,-5.055832948204136,2.775121862184158,0.5885676824777477,-1.0789656765303175,2.592995828095144,13.960390014090526,13.782276762113122,7.3015852378868775
2010-02-03,5.429676,-5.0434794133838565,-2.7582326909388697,0.06306652862338907,-1.1499389394019353,0.8807474620960725,13.963233626510355,5.955396573505155,-0.5257205735051551
2010-02-04,3.9488928,-5.029583930991528,-4.425330655195691,-0.4404026527928725,-1.0928538889828199,-1.1296082354259118,13.966002272781836,1.8482229093930123,2.1006698906069876
2010-02-05,1.7198963,-5.014110121741775,-0.9146111014347237,-0.9029492346848805,-0.9495783161093809,-2.565768963184964,13.968716406237773,3.6216986690820487,-1.9018023690820487
2010-02-06,1.4141309,-4.997046288504636,2.9700357819459353,-1.3406230800984487,-0.8562657451133212,-3.349656764162464,13.971408707842746,6.397852611909812,-4.983721711909812
2010-02-07,0.18948898,-4.97840793648131,2.6925776406191058,-1.7111317219027524,-0.8622673336887169,-3.6452194732389,13.974094947048625,5.4696461223560515,-5.280157142356051
2010-02-08,0.048709333,-4.9581406900193645,-0.7153759413535563,-1.8889412830979806,-0.874880996599867,-3.2962064776709017,13.976792451661424,2.243247062919753,-2.194537729919753
2010-02-09,0.16621058,-4.936235816491543,-2.842020110815428,-1.7577741575155033,-0.7939841180800689,-2.0842765224166797,13.979523588217274,1.5652328628980516,-1.3990222828980516
2010-02-10,4.472437,-4.912668950901866,-1.8135811695090562,-1.3272432531411569,-0.6481052941525363,-0.3000546831407035,13.982323600678251,4.980670249832931,-0.5082332498329309
2010-02-11,27.482498,-4.887625735050182,0.15332853838388955,-0.7516771965161345,-0.5505881296778186,1.3264639543653938,13.9851097284004,9.275011159905548,18.207486840094454
2010-02-12,19.567045,-4.861238221531865,0.8206536163850316,-0.23373894392345856,-0.5427470649772044,2.3131728146082264,13.987773511702143,11.483875712262874,8.083169287737126
2010-02-13,10.587839,-4.833380411198874,0.9860470653944301,0.09389992421808285,-0.542474571499802,2.78996492470058,13.990298632103094,12.48435556371751,-1.89651656371751
2010-02-14,3.0131617,-4.804102889061392,2.102401293440643,0.20178580062602725,-0.47075244649360143,3.0506600554820054,13.992706658080802,14.072698472074485,-11.059536772074486
2010-02-15,16.914782,-4.772901878068444,2.7613790725789507,0.1328520980842548,-0.3745523675983185,3.0478890049052376,13.995363025024659,14.79002895492634,2.1247530450736587
2010-02-16,13.317383,-4.740390134697559,0.27840686368525946,-0.0329055082995533,-0.36587000448895013,2.5952532589205815,13.99794279751246,11.73243727263224,1.58494572736776
2010-02-17,7.105148,-4.706746814172675,-4.3180785618194335,-0.20430047980348948,-0.4534188169654809,1.8889680562879998,14.000330428335294,6.206753811862216,0.8983941881377842
2010-02-18,8.448412,-4.671668449056897,-5.812003693601278,-0.33195053756022186,-0.5047520533963537,1.3340429821795674,14.002677172700562,4.016345421265379,4.43206657873462
2010-02-19,5.522225,-4.634809735406515,-1.158663393913912,-0.46169698482615834,-0.40777599365666795,0.7615232333665827,14.005108276441367,8.103685402004697,-2.581460402004697
2010-02-20,2.569783,-4.596295457929861,5.327270247478491,-0.7053597969619926,-0.22526522933494122,-0.6698076688805781,14.007498068142382,13.138040162513501,-10.5682571625135
2010-02-21,1.7580698,-4.555674334590953,6.014403582035319,-1.1143502455843086,-0.1303239253670274,-3.2797141880212135,14.010202168560602,10.94454305703242,-9.18647325703242
2010-02-22,1.4382435,-4.5133972493875945,-0.5787249507502716,-1.566335350764899,-0.1920640773828716,-5.730211605816636,14.012955867553575,1.4322226334513033,0.006020866548696713
2010-02-23,0.103269234,-4.469456835578283,-6.997958167616186,-1.8065640838369905,-0.2862580998864863,-5.804841408685321,14.015687460244935,-5.349391135358333,5.452660369358333
2010-02-24,0.06612064,-4.423578691561328,-5.3729608455001925,-1.632903831411018,-0.25092421492736283,-2.799375753926314,14.018562766791701,-0.46118057053451267,0.5273012105345126
2010-02-25,0.041724183,-4.375937024394423,2.767005965467024,-1.0549943654572467,-0.0913263822042722,1.1291005964999634,14.021518373601824,12.39536716351287,-12.35364298051287
2010-02-26,21.185349,-4.3266899542127835,7.934565627400928,-0.26712896163669547,0.030209404427513437,2.624643950513862,14.02453433475832,20.020134401251145,1.1652145987488538
2010-02-27,30.780184,-4.276457644224717,4.127051655299406,0.5337223004875278,0.008218589834203871,0.38876346914604776,14.027307657872662,14.808606028415129,15.97157797158487
2010-02-28,27.66834,-4.2252589955559365,-3.847270500627761,1.296132738235151,-0.06607468491520435,-3.468770248007895,14.029851972685108,3.718610281813463,23.94972971818654
2010-03-01,8.923602,-4.172527532038672,-6.406329273510073,2.0876293700913897,-0.02395947758873579,-5.532113071658667,14.032456197813195,-0.014843786891564292,8.938445786891565
2010-03-02,3.5942836,-4.117995910517838,-1.0206069251745833,2.9590772466103483,0.15699672427084005,-4.277798449819001,14.035190922618021,7.734863607987787,-4.140580007987787
2010-03-03,0.9267721,-4.061846689293079,5.030640539666345,3.8696025029323966,0.3181082084813972,-0.887988482003761,14.038014175221289,18.30653025500459,-17.379758155004588
2010-03-04,14.837397,-4.004149432796881,4.195314698258096,4.735713887232923,0.3215256778986452,2.7948599234134672,14.041000308198347,22.0842650622046,-7.246868062204602
2010-03-05,12.597634,-3.945499143558304,-1.910373521490554,5.491962167897682,0.22586153754922178,6.219089647580218,14.043892635438015,20.12493332341628,-7.52729932341628
2010-03-06,25.012196,-3.8859660025955964,-5.020490743050326,6.072624120491762,0.2089971876266994,9.573813361011016,14.046627011164313,20.99560493464787,4.016591065352131
2010-03-07,38.609688,-3.825155120063479,-1.0491187660885903,6.359991603908369,0.339492010727396,11.896438605339323,14.049470962627758,27.771119296450777,10.838568703549221
2010-03-08,10.948499,-3.7632346353339843,4.8489794282180485,6.2252514340677525,0.4923222703490452,10.959511609219264,14.05236115775682,32.81519126427695,-21.86669226427695
2010-03-09,52.974854,-3.700127701083935,5.163567889817407,5.6592075799094275,0.5128132826163324,5.680822556643809,14.05531007922528,27.37159368712832,25.60326031287168
2010-03-10,37.926365,-3.6371965176813026,-0.4081767076532782,4.8398202283064915,0.41206570863169556,-1.8056611814612384,14.05753631462662,13.458387844768989,24.467977155231008
2010-03-11,0.6494054,-3.573973331611901,-4.94392840034483,4.048182629809182,0.3480988611588099,-7.282090587768198,14.059274668484107,2.655563839727172,-2.006158439727172
2010-03-12,0.0024978071,-3.5095192167882625,-3.4490412566200477,3.469094526982768,0.42426268852461646,-8.08959101597489,14.061041164324179,2.9062468904483634,-2.9037490833483632
2010-03-13,0.11531636,-3.4438660952236253,1.0382127198172457,3.078813655354524,0.571583247243197,-5.389173398281264,14.062809965765402,9.918380094675477,-9.803063734675478
2010-03-14,0.2148631,-3.376938063778832,2.1341085446983894,2.732049570955499,0.6594857395041446,-2.6049221244906153,14.064614539792158,13.608398206680743,-13.393535106680742
2010-03-15,11.7872,-3.3084675546890567,-1.1246892526311731,2.3280138541631157,0.6724590346728854,-1.9739577826722865,14.066691983050813,10.660050281894298,1.1271497181057022
2010-03-16,24.60182,-3.2391916832200716,-3.2694226208923287,1.879627371010299,0.715056441411834,-3.0048356503068363,14.068655656803347,7.149889514806244,17.451930485193756
2010-03-17,7.9569545,-3.1694495145426207,-0.32439364510459395,1.4470505229213848,0.8492063028908434,-4.055015572499653,14.070305166641043,8.817703260306404,-0.8607487603064037
2010-03-18,4.538431,-3.098963451974539,4.2312550832026075,1.060113005822147,0.9972606245748201,-4.528321683858218,14.071852378472459,12.733195956239276,-8.194764956239275
2010-03-19,2.717507,-3.0276918525856327,3.7863964729558344,0.7294692639380126,1.0480684778330742,-4.912585245454609,14.07332947011078,11.69698658679746,-8.97947958679746
2010-03-20,0.9119033,-2.9556220121960797,-2.2905476725508507,0.5034353493326632,1.0207285472343455,-5.02842710990009,14.07477124528138,5.324338347201367,-4.412435047201368
2010-03-21,6.575635,-2.8824976897619603,-6.964160458249668,0.4446922901770689,1.053363218203578,-3.296152640313553,14.076309041458842,2.4315537615143104,4.14408123848569
2010-03-22,0.46005076,-2.8080541386643016,-3.9892892641049644,0.5258564366503199,1.2216731512142232,1.5952631575587968,14.077983898618642,10.623433241272716,-10.163382481272716
2010-03-23,9.79929,-2.731926377725608,4.080448933402796,0.573255196327255,1.4257564712774238,8.497585963648122,14.079934490544877,25.92505467747487,-16.12576467747487
2010-03-24,53.507023,-2.654828407963904,8.62313302309103,0.35714690128823945,1.5018193323040014,13.889412839530047,14.081848641282791,35.79853232953221,17.70849067046779
2010-03-25,58.500324,-2.5781750671129275,5.113478793826606,-0.22529454134116372,1.423587005376303,14.528124760605953,14.08304165645157,32.344762607806345,26.155561392193654
2010-03-26,24.408106,-2.502039758125945,-1.9293855796561954,-1.041794627292098,1.3361725305251075,10.063859287834395,14.08350413629176,20.010315989577023,4.397790010422977
2010-03-27,5.6732807,-2.425534600022962,-4.974391433524279,-1.8115150941639895,1.3745807267202363,3.0921509452593625,14.083703016586059,9.338993560854426,-3.665712860854426
2010-03-28,7.4695916,-2.348109409910492,-2.2943737743494337,-2.298472420005298,1.4997961164361127,-3.0391972237240674,14.083888860045038,5.60353214849186,1.8660594515081401
2010-03-29,8.699055,-2.2697897611440814,1.3728383964057027,-2.4236931500860717,1.562752738896692,-6.314555204269259,14.084023909770876,6.011576929573858,2.687478070426142
2010-03-30,1.5740067,-2.19068639013597,1.8764154390455743,-2.2365477142913486,1.5048936758490752,-6.513707413662313,14.084057936969742,6.524425533774759,-4.950418833774759
2010-03-31,0.0021769665,-2.110603056821142,0.3550060256852955,-1.829105361017811,1.430717646105121,-4.525852556371694,14.08413086082417,7.404293558403939,-7.402116591903939
2010-04-01,1.0415306,-2.029472833091661,0.056171419717230726,-1.2817209622361703,1.4655534268834598,-1.647232497613722,14.084270261687198,10.647568815346336,-9.606038215346336
2010-04-02,36.325798,-1.9471531508001756,1.045569432603219,-0.6472490906987738,1.5938311004330088,0.8190663462310572,14.084583766060357,14.948648403828692,21.377149596171307
2010-04-03,16.428007,-1.8648050390096857,0.696701206903769,0.05159087181796515,1.688044571335202,1.9485777582349382,14.084462001984628,16.604571371266815,-0.17656437126681368
2010-04-04,5.852416,-1.7821213535909173,-1.3526023902867694,0.823048964583421,1.6815030995812164,1.5649526824702868,14.08411527478127,15.018896277538508,-9.166480277538508
2010-04-05,40.838528,-1.698839222897416,-1.917723558406197,1.662919738142076,1.6477321665851479,0.13274881503176364,14.083709130963095,13.91054706941847,26.927980930581526
2010-04-06,12.912555,-1.6159942403688559,0.9134134192466093,2.5034366575866485,1.6875979479746155,-1.704024181152803,14.08270712800067,15.867136731286886,-2.9545817312868863
2010-04-07,19.73574,-1.5329820934376421,4.005906652117405,3.2321598209691347,1.7866083411079463,-3.28125434509551,14.08154531952639,18.291983695187724,1.4437563048122755
2010-04-08,8.163934,-1.4500373057714748,2.712910270399128,3.7701930700993667,1.8340364665417217,-3.7152896641097772,14.080111528854289,17.231924366013253,-9.067990366013253
2010-04-09,0.010612188,-1.3668462968794612,-2.4300487200166265,4.156788287752413,1.7772904057794858,-2.0143966923740093,14.078570728087737,14.201357712349537,-14.190745524349538
2010-04-10,0.22672024,-1.2829923286697582,-5.446603573405639,4.524492142634993,1.696336698127501,1.9337024102387503,14.077120571044013,15.50205591996986,-15.27533567996986
2010-04-11,10.646873,-1.1985872539191038,-2.3668052596563163,4.970679843131589,1.695816367174344,6.411196013540186,14.07570857276078,23.588008283031478,-12.941135283031478
2010-04-12,62.124306,-1.1139750433782767,3.3096559347266163,5.449208180563896,1.7627780351200333,8.51866234891968,14.074214145915185,32.000543601867136,30.12376239813286
2010-04-13,32.35225,-1.0306772018324546,4.864695235029218,5.801176407043149,1.7869703756378017,6.481780526179237,14.071814483107271,31.97575982516422,0.3764901748357765
2010-04-14,4.6763887,-0.9479059837250905,1.0447488690483508,5.90237256440358,1.7165999066982818,1.489223279315314,14.068937356368354,23.273975992108788,-18.597587292108788
2010-04-15,21.52248,-0.8641654872527618,-2.541112823381778,5.751780740300362,1.6284881321110265,-3.1575875354920186,14.066336588392092,14.883739614676923,6.638740385323079
2010-04-16,30.922485,-0.7800216357130232,-1.242787804172441,5.4498225420208435,1.6160991004989123,-4.866733905806483,14.063648454513356,14.240026751341164,16.68245824865884
2010-04-17,37.534946,-0.696085335703402,2.2676239469102804,5.127408859720441,1.651230098267951,-3.613817828092298,14.060567914572763,18.796927655675738,18.73801834432426
2010-04-18,2.1029224,-0.6126928583218105,1.8967649643821118,4.894128828111687,1.6169663108860615,-1.1048600669023496,14.05701624994182,20.74732342809752,-18.64440102809752
2010-04-19,1.2982683,-0.5291258701044393,-2.906539309711688,4.814691194235453,1.4781735532972697,1.3547144017110893,14.053460608419108,18.265374577846792,-16.967106277846792
2010-04-20,11.28832,-0.44491065531601526,-5.624602522238836,4.8586218023567795,1.3542609600767364,3.561595356198242,14.050117910896018,17.755082851972926,-6.466762851972925
2010-04-21,7.82047,-0.3604615970881015,-1.2555397394948493,4.858060643203914,1.3790956787197768,5.246434048816247,14.046659194943318,23.914248229100306,-16.093778229100305
2010-04-22,63.606262,-0.27552978237690584,6.197683343725132,4.554875580827714,1.5166990319089433,5.2382320931177375,14.04328238010478,31.2752426473074,32.3310193526926
2010-04-23,36.8368,-0.19185053637624913,7.789632649851967,3.773511855534523,1.582734141212955,2.7232475919485206,14.039076416336568,29.716352118508283,7.120447881491714
2010-04-24,8.211712,-0.10853624182928968,0.7927026780328688,2.607161525852828,1.4667885327391703,-0.743712244131551,14.034573329453131,18.048977580117157,-9.837265580117156
2010-04-25,1.2910261,-0.024621642735793897,-7.271492024847392,1.3837646729817934,1.2766983050320697,-1.625946398642573,14.030154013003061,7.768556924791165,-6.477530824791165
2010-04-26,1.3186702,0.06116412291602413,-7.1735508075930055,0.4033464732616968,1.214655541046577,2.3021189727805673,14.02658270125678,10.83431700366864,-9.51564680366864
2010-04-27,35.667133,0.14764603661825948,1.219906572113991,-0.32543904134948504,1.3280098610160436,9.012098482575173,14.023307525389912,25.405529436363892,10.261603563636108
2010-04-28,84.300316,0.23321357708616752,8.92651847518408,-1.0922438747343537,1.4417435975373358,13.189176273896852,14.01951982996144,36.71792787893152,47.582388121068476
2010-04-29,15.087976,0.3165644413437821,8.27149917720546,-2.1971158571232032,1.363570475805302,10.736916579678747,14.014522215083156,32.50595703199324,-17.417981031993243
2010-04-30,3.380073,0.3996229802813126,1.0313557228643142,-3.6413810143099106,1.1096588925439375,2.4875166901802257,14.009368847136777,15.396142118696655,-12.016069118696656
2010-05-01,1.3523777,0.48284130365214173,-4.801438551197605,-5.113868070226953,0.8745864948246349,-6.5926916861745735,14.00419365935096,-1.1463768497713946,2.4987545497713946
2010-05-02,2.0857918,0.5663622207661053,-4.481172129971549,-6.232851801977229,0.8002719332076816,-11.617242581990764,13.999017619226883,-6.9656147407388715,9.05140654073887
2010-05-03,0.727056,0.65009484779373,-0.6933862457688877,-6.811164472866093,0.8308518622981252,-11.243905908591213,13.993826305497103,-3.2736836116372334,4.000739611637234
2010-05-04,0.0029057264,0.7342087130407131,1.2722613750992937,-6.924105064585061,0.8144578384694565,-7.539024963963347,13.988708802168244,2.3465067002292983,-2.3436009738292984
2010-05-05,0.048691407,0.8187171760822919,0.12763522977934488,-6.777440011056504,0.7001224113909914,-3.3153434903394845,13.983642064223949,5.537333380080588,-5.488641973080588
2010-05-06,0.023437198,0.9040708744669774,-1.0396519956531596,-6.541957010015382,0.5780670261798729,-0.05242014776629905,13.978864402294182,7.826973149506191,-7.803535951506191
2010-05-07,15.479807,0.9905311062734246,0.13745297621502225,-6.293018778215081,0.534761181216768,2.0289086059176444,13.97457584511052,11.373210936518298,4.106596063481701
2010-05-08,8.353506,1.0771845114945116,2.0245625740604924,-6.041256707451714,0.5352905448762406,2.8870182088773677,13.970342121072854,14.453141252929752,-6.099635252929753
2010-05-09,1.069516,1.1640292768437013,1.5327599781427341,-5.760148104408711,0.48979456492733,2.373704957706892,13.966198334425457,13.766339007637402,-12.696823007637402
2010-05-10,0.9694137,1.250959650399588,-1.4010971288123186,-5.402202989894263,0.39429737405058557,0.7969887642245924,13.962087144253367,9.60103281422155,-8.63161911422155
2010-05-11,23.053745,1.338429434772214,-3.4349185796073622,-4.936243607985017,0.33804104456941175,-0.9098293342531741,13.958267106072345,6.353746063568417,16.699998936431584
2010-05-12,19.877016,1.4266692055320336,-1.9882751587565608,-4.388795485874782,0.3662753568246751,-1.9623520687612133,13.954778025730526,7.408299874694679,12.468716125305322
2010-05-13,4.8415904,1.5156557542565334,1.4162057970030766,-3.8307218227745934,0.3956849879483717,-2.49194683779843,13.95152698119981,10.95640485983477,-6.114814459834769
2010-05-14,1.9488115,1.6051412118818664,2.86810291873265,-3.3030163866710405,0.3121465197690778,-3.2266806449743712,13.948445243654998,12.20413886239318,-10.25532736239318
2010-05-15,0.44238195,1.6946334760974382,0.7647302640200876,-2.7468466390849895,0.13065580912751584,-4.382656522743456,13.945414813610373,9.40593120102697,-8.96354925102697
2010-05-16,1.0342705,1.7839255873013296,-2.286137960507088,-2.0299967681045903,-0.002065740959035986,-5.18510075723435,13.942390645937875,6.2230150064341405,-5.188744506434141
2010-05-17,0.3462718,1.8730367030984492,-2.693913527134439,-1.067345128159212,0.017402249440066936,-4.716623863143616,13.939368115066,7.351924549167248,-7.005652749167248
2010-05-18,0.0027259812,1.9622831090170727,-0.2322392565822216,0.08773171088250502,0.11653727291353952,-3.0675097601206693,13.936538883931105,12.803341960041331,-12.800615978841332
2010-05-19,16.49081,2.051391286395937,1.8710971666417728,1.276844710006355,0.13248753649862813,-1.3219961543860261,13.933782597854076,17.943607143010745,-1.452797143010745
2010-05-20,32.129395,2.139600100642261,1.1481107337362517,2.3520981301168513,0.0126433431688155,-0.3209756938013292,13.930777602113935,19.262254215976785,12.867140784023217
2010-05-21,8.387297,2.226436888500416,-0.9781679941296795,3.257400006629841,-0.12226338272979781,0.36857636548678074,13.927293377992003,18.679275261749563,-10.291978261749563
2010-05-22,0.029251445,2.3126683993206303,-1.2166708218159235,3.996941059069874,-0.13430259482129359,2.017815005415468,13.92368283012325,20.900133877292006,-20.870882432292007
2010-05-23,72.262924,2.398830077382714,1.0438856530232132,4.5373105251394055,-0.04541297181898568,5.268139060674958,13.920234223825123,27.122986568226427,45.139937431773575
2010-05-24,65.306854,2.4832342002521792,2.8216788253889304,4.777887757977905,-0.006959153492383376,9.285262416689662,13.91601962383871,33.277123670655,32.029730329345
2010-05-25,8.259037,2.5663670686784448,1.6642564533496778,4.627305585524991,-0.10387442943270189,12.357743394732639,13.911430394777984,35.02322846763103,-26.76419146763103
2010-05-26,59.824333,2.648821101978618,-0.8106289965897784,4.058454274173063,-0.253386654527932,13.022307551109753,13.906869697927936,32.57243697407166,27.251896025928346
2010-05-27,40.718704,2.7290460269733723,-0.9552889409504478,3.0948398495876113,-0.322287665596646,10.664047960974392,13.901461394564913,29.111818625553195,11.606885374446808
2010-05-28,7.822296,2.8077753164893133,1.826534267658758,1.8136936404237618,-0.29520523902477064,5.620000147362349,13.895541880745402,25.668340013654813,-17.84604401365481
2010-05-29,8.773536,2.8871910072737146,3.772787512645559,0.3521465180758823,-0.28229844505461776,-0.8632416002226826,13.890245686640661,19.756830679358515,-10.983294679358515
2010-05-30,5.501789,2.969567140600879,1.5028407388660305,-1.0943918463449318,-0.3649775658972693,-6.731016612740276,13.88676184831966,10.168783702804092,-4.666994702804092
2010-05-31,2.1074135,3.0533630696527316,-3.1572520303413354,-2.3196271586675024,-0.48627091828069724,-9.801495470928813,13.88407705857799,1.172794550012373,0.9346189499876267
2010-06-01,1.1698567,3.137467764084165,-4.938873823694824,-3.2168622935692093,-0.5312501142402052,-9.160035257069662,13.881637376863095,-0.8279163476266405,1.9977730476266404
2010-06-02,0.23078988,3.2218610485960304,-1.6595930505331653,-3.844891721940407,-0.48164161130329486,-6.119719542308912,13.87956817279537,4.995583295305622,-4.764793415305622
2010-06-03,1.3709779,3.30636542245031,2.885947015714392,-4.359507881763212,-0.43587692906830133,-3.442111406053098,13.877846339384384,11.832662560664474,-10.461684660664474
2010-06-04,4.697937,3.3904918652565987,3.6164081257979817,-4.8605610100828684,-0.47325612648926746,-3.149408593285564,13.87620697604062,12.399881237237501,-7.701944237237502
2010-06-05,20.019527,3.47392993587639,0.4217601456765546,-5.30916533906156,-0.5517437782402126,-4.9504654628902545,13.874507419682777,6.958822921043694,13.060704078956306
2010-06-06,7.525427,3.5569312616433533,-2.165264993151438,-5.598451884507108,-0.5773304353427684,-6.841812434751043,13.872931128032622,2.2470026419236184,5.278424358076381
2010-06-07,0.0794651,3.639965374618165,-1.2331784624754427,-5.681662989598908,-0.5421466814301181,-7.135274084670447,13.871744108188825,2.9194472646320726,-2.8399821646320724
2010-06-08,4.9707747,3.722473767315504,0.8674516257548831,-5.617136227774674,-0.536921152169211,-5.762586278834705,13.87064596200778,6.543927696299576,-1.5731529962995765
2010-06-09,18.372213,3.80426807387865,0.3414891586252533,-5.480271819892268,-0.6162600914796227,-3.719892455358365,13.86963337861964,8.198966244393288,10.17324675560671
2010-06-10,6.0659513,3.884840758191304,-2.3739405044461,-5.260333775741716,-0.7051610047251962,-1.7639033783903817,13.868409033025737,7.649911127913647,-1.583959827913647
2010-06-11,2.8539257,3.964598836188175,-3.217918673663201,-4.8746105519146425,-0.6871775928312625,-0.04243647902848313,13.867154760425098,9.009610299175684,-6.155684599175684
2010-06-12,2.5054297,4.044292273343837,-0.5528525450181755,-4.276155879887858,-0.5643490952755117,1.2825036649813044,13.86627047322458,13.799708891368176,-11.294279191368176
2010-06-13,3.540386,4.123410990978854,2.11136204063133,-3.512076241602139,-0.4686691408019483,1.7760325299539785,13.865499237004205,17.89555941616428,-14.355173416164279
2010-06-14,26.850979,4.202053887909864,0.9161779410872293,-2.6796844024237254,-0.4987089768830641,1.3879100547523917,13.864907862879715,17.19265636732241,9.658322632677589
2010-06-15,15.481269,4.279894659093047,-2.5995112528138695,-1.841272091321074,-0.5881413823087002,0.969699430456,13.86431718216997,14.084986545275374,1.3962824547246253
2010-06-16,19.333067,4.356966759448895,-3.1845058014240086,-0.9915500918057523,-0.5829793486816776,1.5559886910154543,13.863822448086713,15.017742656639625,4.315324343360375
2010-06-17,4.035061,4.43311140789795,0.7701740858565151,-0.10696452326761288,-0.4392816218681094,3.006110393070932,13.863344234601636,21.526493976291313,-17.491432976291314
2010-06-18,55.881325,4.508519946926709,4.385840552678386,0.8229960600237457,-0.2848271896716502,3.8637223523319517,13.863092847043735,27.159344569332877,28.72198043066712
2010-06-19,32.777122,4.581689863023305,2.4872026333091863,1.8205268449941432,-0.2617521035865241,2.923743176652289,13.86229486783376,25.41370528222616,7.363416717773838
2010-06-20,2.530449,4.652877069296462,-3.09400089678502,2.9547373360270073,-0.3474527994598684,0.7944043851197684,13.86112898346411,18.821694077662457,-16.291245077662456
2010-06-21,2.4777725,4.723002264193642,-5.3172938404780785,4.275569078022524,-0.3870450733576396,-0.5958271913822701,13.859987084408438,16.558392321406615,-14.080619821406614
2010-06-22,4.501361,4.792654979365887,-0.9934772695191637,5.712800124632453,-0.29058014314093306,-0.0320107538647173,13.859119904529953,23.048506842003476,-18.547145842003477
2010-06-23,91.053185,4.8612466517914505,4.779492520962384,7.069151599248268,-0.14083799823540324,1.8154674354446971,13.858332800696735,32.24285300990813,58.81033199009187
2010-06-24,28.075449,4.926162101056434,4.939066660355862,8.131112834066021,-0.08194723682860855,3.360216015756307,13.856196665177654,35.13080703958367,-7.055358039583673
2010-06-25,0.1903216,4.989935545766443,-0.46010570053146516,8.81721845342939,-0.13685626676991325,3.907852637427535,13.85421536242957,30.97226003175156,-30.78193843175156
2010-06-26,17.94506,5.052891022963662,-4.355394851508807,9.176715596177438,-0.19523754504823623,3.932057229441289,13.852513833977888,27.46354528600323,-9.51848528600323
2010-06-27,49.481693,5.114145975576056,-1.7613459661379556,9.288799512094599,-0.17097426685350486,3.8067747174594846,13.850603079712602,30.12800305185128,19.35368994814872
2010-06-28,37.624256,5.172661045670072,3.955929219658738,9.19247609114413,-0.11223492349012756,2.930584199106601,13.847971822333426,34.98738745442284,2.6368685455771654
2010-06-29,39.4284,5.228920495549033,5.567459478936601,8.917071852054171,-0.12370263456028334,0.519842770529706,13.844923505782301,33.95451546829153,5.473884531708471
2010-06-30,22.163673,5.2829590069089,1.1601780682404819,8.546602053214105,-0.21585762341956097,-3.0150447523083836,13.841472730322238,25.60030948295778,-3.4366364829577805
2010-07-01,18.12073,5.335300020488905,-3.7819664643295354,8.22790460832886,-0.2870872330487614,-5.989909036252791,13.837898307804917,17.342140202991594,0.7785897970084044
2010-07-02,16.631153,5.386135689334922,-3.6835180508490577,8.084831034608944,-0.2635940697577646,-6.919834996441939,13.834237082931908,16.438256689827014,0.19289631017298703
2010-07-03,37.798534,5.43553226286496,0.2700055044736528,8.130362330571101,-0.20448900530399758,-5.71285452681136,13.830545503279703,21.74910206907406,16.049431930925937
2010-07-04,35.783504,5.482754208314187,2.422691511198611,8.26795079443926,-0.22478183998971865,-3.150873987705242,13.826443765359368,26.624184451616465,9.159319548383536
2010-07-05,18.184145,5.527705296747922,0.431295889838668,8.361617937226287,-0.33724174297065557,0.43682907604297894,13.821970883917771,28.24217734080297,-10.05803234080297
2010-07-06,11.96973,5.570823889942815,-2.056063243873706,8.2687502112188,-0.4308969284665743,5.262587166026935,13.817329688872874,30.432530783721145,-18.462800783721143
2010-07-07,49.942,5.613407098891523,-0.9938913472645052,7.827589926989008,-0.4187412932872833,10.698427068906014,13.813296674055396,36.54008812829015,13.40191187170985
2010-07-08,30.87333,5.653563929025058,2.235693295026998,6.8817397340482245,-0.3582628971463171,14.450782875923991,13.80886412331899,42.67238106019694,-11.799051060196941
2010-07-09,49.521473,5.691178240217986,2.7674589753083665,5.373852301350653,-0.3824221905871967,13.930749121365826,13.80406693238094,41.184883380036574,8.336589619963426
2010-07-10,27.777805,5.7258120141117725,-0.8628369178741646,3.4185057313068987,-0.5272178397106255,8.689282930776765,13.79864231788704,30.242188236497686,-2.464383236497685
2010-07-11,7.8237906,5.758411542182474,-4.333455959996646,1.2775100070549943,-0.6779343630658887,1.2947969590032598,13.793031540544929,17.112359725723124,-9.288569125723125
2010-07-12,23.584143,5.789501181618349,-3.1055141822258574,-0.784667054170783,-0.7105229526867581,-4.542406855029419,13.787400574678848,10.43379071218438,13.150352287815622
2010-07-13,26.950972,5.818595570987443,1.410714880693042,-2.6365476568752353,-0.6487824515603231,-6.743312772334799,13.781441802291193,10.98210937320132,15.96886262679868
2010-07-14,9.175593,5.845597087532573,3.4429963958286103,-4.275934296231471,-0.6331981521070144,-5.840407996324206,13.775097884599706,12.314150923298197,-3.1385579232981975
2010-07-15,0.85135454,5.871091323946237,0.33224931868394497,-5.719418403942979,-0.7423504974512058,-3.71837694955722,13.768669537040779,9.791864328719555,-8.940509788719556
2010-07-16,6.8534575,5.895319634045299,-3.8503637216899387,-6.925452992797074,-0.8977465200084267,-2.006680864552247,13.762253401381628,5.97732893637924,0.8761285636207603
2010-07-17,5.0361853,5.918090655080276,-3.4285600032293337,-7.820955714329494,-0.9704923470192814,-1.7111331775151717,13.755774938970351,5.742724351957346,-0.7065390519573462
2010-07-18,0.98389804,5.939528190828949,1.4642014502437488,-8.360960507752191,-0.9456416812329944,-3.55196031442573,13.749347777557881,8.294514915219665,-7.310616875219665
2010-07-19,0.44994473,5.959694476789929,4.744713403338079,-8.52771476253013,-0.9319657976041382,-7.589216851322868,13.742987397775288,7.398497866446162,-6.9485531364461615
2010-07-20,5.156477,5.9797773044285645,1.9062390368943654,-8.274793869774486,-1.0110401679875993,-12.179195723926759,13.737313065134611,0.15829964476869662,4.998177355231303
2010-07-21,5.2774224,5.9997726943796845,-4.209346677049234,-7.515856795600984,-1.1260270722741925,-14.002447602164352,13.732240238765458,-7.12166521394362,12.399087613943621
2010-07-22,9.30601,6.019302455605244,-6.667184355450892,-6.224454075530868,-1.156219965219897,-10.212741498528313,13.727570017594386,-4.513727421530339,13.81973742153034
2010-07-23,4.3587356,6.0378257252584095,-2.6793923976247536,-4.5539841075384935,-1.075002975266033,-1.1574614471129385,13.723014695960398,10.294999493676588,-5.936263893676588
2010-07-24,16.826298,6.055609106419291,3.3009734301811804,-2.8297803751295727,-0.9829741023318939,9.142321794077288,13.718825873402771,28.404975726619064,-11.578677726619063
2010-07-25,35.41822,6.071690708456021,5.1154587145393675,-1.395302150393893,-0.9791077328202934,15.629327011235679,13.71459157256942,38.156658123586304,-2.738438123586306
2010-07-26,31.534275,6.085061802139177,1.9401975080270308,-0.4403989520666443,-1.0435898037608433,15.766813014596018,13.709872613358307,36.01795618229305,-4.483681182293047
2010-07-27,9.4709215,6.095694491628496,-1.6246915956009698,0.041438929284507875,-1.0824121063174736,10.918518174899003,13.704668696874103,28.05321659076767,-18.58229509076767
2010-07-28,1.0234513,6.104716526074203,-1.736093450596137,0.1493298918414112,-1.0660026974257377,4.670931793226707,13.699482422637619,21.822364485758065,-20.798913185758064
2010-07-29,50.277214,6.112777407899426,0.4928539107761951,-0.04400493285136514,-1.070052569559921,0.03276311426024059,13.694611408054403,19.21894833857898,31.05826566142102
2010-07-30,32.726063,6.118480851876427,1.590746500062846,-0.5039294509829612,-1.1639108866001266,-2.0809803384749395,13.68923245014171,17.649639126022954,15.076423873977049
2010-07-31,27.179295,6.122730862212511,0.7013042579170198,-1.1538368641257382,-1.302170842393899,-2.510581900358717,13.6838898530737,15.541335366324876,11.637959633675123
2010-08-01,16.69125,6.125831036293737,-0.049939818430035324,-1.8430599842616955,-1.3757231160293713,-2.816259211424983,13.678714417617918,13.71956332376557,2.9716866762344303
2010-08-02,6.7442474,6.127377017438857,0.4772563370713878,-2.384750330630349,-1.3534471818753802,-4.358566126709535,13.673441695610782,12.181311410905764,-5.437064010905764
2010-08-03,2.5656478,6.127559269513438,0.503023817424088,-2.6168739832456467,-1.3224490080233642,-7.533811091609522,13.668245230504102,8.825694234563095,-6.260046434563095
2010-08-04,0.88245934,6.126414206628574,-1.581073942318421,-2.4323980591818235,-1.3697199275851513,-11.212628148496762,13.66314211896142,3.1937362480078377,-2.3112769080078377
2010-08-05,0.6526932,6.1241251277526265,-3.8604831569460196,-1.7913706896796935,-1.4628988814507833,-13.024651337765473,13.658202542488104,-0.35707639560123994,1.0097695956012398
2010-08-06,2.617837,6.120596298667685,-2.8136052692522715,-0.7462376272966144,-1.491105552411522,-10.841779249710168,13.653379954663288,3.881248554660397,-1.2634115546603968
2010-08-07,0.9636967,6.115846753178403,1.581891403859655,0.5340034608927722,-1.4153372407662155,-4.524163884788328,13.648754985295898,15.940995477672185,-14.977298777672186
2010-08-08,2.92408,6.110059420297765,4.808647843752559,1.7965610891406407,-1.3284136256033863,3.6722482652763997,13.644490026845512,28.70359301970949,-25.77951301970949
2010-08-09,82.69952,6.102913211569278,3.050807211522441,2.7960227907294093,-1.3421894701267865,10.495480969102523,13.640482407926234,34.7435171207231,47.95600287927691
2010-08-10,45.093277,6.092116506763182,-1.786158494899759,3.380895229884864,-1.4466767298844485,13.654240028857236,13.635406189421534,33.52982273014261,11.563454269857388
2010-08-11,5.874914,6.079316846429294,-4.114008790785403,3.5316000453787657,-1.5198800601169613,12.77034768184367,13.630284547095382,30.37766026984475,-24.50274626984475
2010-08-12,20.368963,6.065307228350015,-1.642202612955045,3.300965073194978,-1.4805892263884544,8.881230349268025,13.6255575422081,28.75026835367762,-8.381305353677618
2010-08-13,41.188103,6.049087070106369,1.7728231230380027,2.7512985886197363,-1.383849932364598,3.6029087859952327,13.620658054465201,26.412925689859946,14.775177310140052
2010-08-14,12.934103,6.030053258026211,1.3172570955366834,1.9523507330061478,-1.3378385674066458,-1.246525083375996,13.615208707574647,20.33050614336105,-7.396403143361049
2010-08-15,7.330801,6.009194387346692,-2.3377669095384617,0.9894495294187031,-1.3607837251457455,-4.035552712202528,13.609698026919185,12.874238596797845,-5.543437596797845
2010-08-16,7.4762096,5.986789918418267,-3.9228248181689445,-0.08033118827958391,-1.3702939991341125,-4.248527270492835,13.604169629107364,9.968982271450155,-2.4927726714501555
2010-08-17,28.054424,5.962905476613476,-0.6268682402379913,-1.2672311287542444,-1.309201209550945,-3.1543746575792166,13.598641939304935,13.203872179796013,14.850551820203988
2010-08-18,28.222645,5.936777331855226,3.9873475931435642,-2.6085024892406805,-1.229738999017902,-3.0038993984157405,13.592718855498008,16.674702893822474,11.547942106177526
2010-08-19,13.096746,5.908421949550367,4.3871575309647195,-4.060115655454847,-1.2201275705295571,-4.979837099637193,13.586410121638567,13.621909276532056,-0.5251632765320569
2010-08-20,3.4206994,5.879457589369505,0.03757424761461778,-5.4456728430558945,-1.2765365084441922,-7.904801258077858,13.580608942102499,4.8706301695086776,-1.4499307695086774
2010-08-21,1.6229553,5.849560758201648,-4.0277150242188124,-6.535438521903066,-1.2947837061304295,-9.255357941519058,13.57501535288907,-1.6887190826806489,3.311674382680649
2010-08-22,2.0650895,5.818618836506804,-3.5502806651760865,-7.208186944494255,-1.2007345616655312,-7.624825288106986,13.569505388652573,-0.195903234283481,2.260992734283481
2010-08-23,2.3911903,5.7872344384964745,-0.005866698624525851,-7.5430131539223355,-1.048708523077926,-4.061902468209012,13.564360886685431,6.692104481348107,-4.300914181348107
2010-08-24,9.587747,5.754843983287175,1.9279107748031898,-7.744916747879232,-0.9530823745978102,-0.8592584075625844,13.55931046303598,11.684807691086718,-2.0970606910867176
2010-08-25,9.175153,5.721139044398276,0.5859233052496272,-7.987111532380267,-0.9409916233110072,0.7817007878276017,13.55432262696795,11.714982608752182,-2.539829608752182
2010-08-26,6.8313904,5.685906080394902,-1.051296598319355,-8.323967590037261,-0.9201543677984514,1.5983195280385594,13.549344285130054,10.538151337408449,-3.7067609374084487
2010-08-27,9.051574,5.650034867930684,-0.047889688793628093,-8.741681392693561,-0.8071868964184341,2.836797713648716,13.544843044720759,12.434917648394535,-3.3833436483945345
2010-08-28,3.6596544,5.613128514196783,2.216591351823217,-9.244103230381432,-0.645261807075308,4.424562985045478,13.540552261099974,15.905470074708711,-12.245815674708712
2010-08-29,7.0357184,5.574693876788731,2.0706484486933427,-9.858335497405015,-0.5547033182127586,4.907236048629861,13.536231619975167,15.67577117846933,-8.640052778469329
2010-08-30,7.1249995,5.534653204632875,-1.0506271227352237,-10.565942806292554,-0.5776134588827034,3.053855040136352,13.531827874013697,9.926152730872442,-2.8011532308724414
2010-08-31,3.533777,5.493848628755706,-3.3871130537462135,-11.258422749939488,-0.6163121987617118,-0.8375791523363512,13.527563992874905,2.921985466846847,0.6117915331531534
2010-09-01,1.0725399,5.455170633744423,-1.698146334814045,-11.781044763379327,-0.547828913693506,-5.271253108921208,13.525042374757454,-0.3180601123062079,1.3906000123062079
2010-09-02,0.17306767,5.4174988404647735,2.217240448759691,-12.008148835135996,-0.37051707303827225,-8.757941825946443,13.523668906161436,0.021800461265190307,0.1512672087348097
2010-09-03,0.24470128,5.3804913233322225,3.4583643044207966,-11.87285686237235,-0.20038149300414795,-10.358957988562983,13.523191233988229,-0.07014948219823225,0.31485076219823227
2010-09-04,0.24781284,5.34511664767451,0.17383057413506314,-11.338885961902315,-0.12297167241726628,-9.349224374898476,13.524089631082116,-1.7680451563263695,2.0158579963263694
2010-09-05,5.5390306,5.309967150345383,-3.8243709627997373,-10.39645926845242,-0.09322386457580673,-5.203236729088908,13.52553895073818,-0.6817847238333066,6.220815323833307
2010-09-06,6.0953207,5.273754865027874,-3.423885078180099,-9.12189204961142,-0.007728284396490072,1.4245478094481834,13.527007403412334,7.671804665700383,-1.5764839657003824
2010-09-07,1.5920498,5.236102170475045,1.6091559207574375,-7.718639593347587,0.15254286050408938,7.857891085121133,13.528458540602278,20.665510984112395,-19.073461184112393
2010-09-08,60.44413,5.196776076626859,6.028592091454924,-6.4472374455611305,0.2948137027935881,10.367511739620229,13.529904817349394,28.970360982283864,31.473769017716137
2010-09-09,25.740513,5.154240635761569,4.852643918907682,-5.45837222823617,0.3339771707660204,6.898462055624523,13.530469675012505,25.31142122783613,0.4290917721638685
2010-09-10,0.6719646,5.109665952040379,-1.1425484617692705,-4.65355448743449,0.3038851221723256,-0.6995783701971592,13.530785443150986,12.44865519796277,-11.77669059796277
2010-09-11,0.43037486,5.0637710270556475,-6.3709800329578545,-3.751542969879123,0.3145077975053449,-7.430581670363042,13.53116970752721,1.3563438588881827,-0.9259689988881826
2010-09-12,6.512503,5.01655680698199,-6.332778610253903,-2.5037130120796887,0.42038151040280947,-8.62956194867307,13.531582775676366,1.5024675220545056,5.010035477945494
2010-09-13,22.80512,4.96802814077624,-1.7567329010203179,-0.8757371198942947,0.5714887733275509,-3.366630006355237,13.532109713651334,13.072526600485276,9.732593399514723
2010-09-14,30.830929,4.917365116394,2.94863080007588,0.9383522168814464,0.6956855414272843,4.940008809075307,13.53238111769628,27.972423601550197,2.858505398449804
2010-09-15,20.55756,4.864092940863104,4.324695374948994,2.653365218594561,0.7899309461162727,10.98549946540312,13.532206618236737,37.149790564162785,-16.592230564162787
2010-09-16,77.21784,4.808302211174976,2.418468904761929,4.05910497035552,0.9008656462303454,11.028147124729738,13.531759046014596,36.7466479032671,40.47119209673289
2010-09-17,14.576133,4.748530374125595,-0.4798248762697066,5.10627473973568,1.0346580916237411,4.910750478110561,13.530160855729257,28.850549663055126,-14.274416663055126
2010-09-18,0.67997396,4.686573003840682,-2.3601087455812406,5.911094552386133,1.1353467432269184,-4.230099550582548,13.528353765781004,18.671159769070947,-17.991185809070945
2010-09-19,4.4317904,4.623045831349277,-2.592912262999185,6.668001062188109,1.161882402744483,-11.997220563842573,13.526550318957895,11.389346788398006,-6.9575563883980065
2010-09-20,6.9130797,4.558160320573952,-1.425284994306306,7.558133944858346,1.1594238220918922,-14.992404385487731,13.524803395632635,10.382832103362787,-3.4697524033627873
2010-09-21,2.3157787,4.492243943130148,0.4559923591042422,8.671058188749138,1.2157137712415953,-12.248633920309713,13.523261219361952,16.109635561277365,-13.793856861277366
2010-09-22,10.476099,4.427381635677055,1.8322766993601844,9.962968641684501,1.351491856192243,-5.3523228742573155,13.522976612012412,25.744772570669085,-15.268673570669085
2010-09-23,56.51405,4.362472149019974,1.4683694163417822,11.278843285608774,1.4931804923077485,2.673155854656967,13.523252357509293,34.799273555444536,21.71477644455546
2010-09-24,40.44701,4.29499622008726,-0.43811905125793066,12.420243714084007,1.5679331189879535,9.068441915882623,13.522858303438673,40.43635422122259,0.010655778777412195
2010-09-25,11.499697,4.2248201593733725,-1.7163949315100329,13.21867351396139,1.5990127852168352,12.608439669121282,13.521865560121059,43.45641675628391,-31.95671975628391
2010-09-26,38.279087,4.152595930622018,-0.23346264668692207,13.548536743978083,1.6693806297461313,13.649505666513862,13.520694003891922,46.307250328065095,-8.028163328065098
2010-09-27,110.25406,4.077474914969071,3.32671945010804,13.309093072329953,1.7982758396610938,13.226329467456452,13.518956114892598,49.256848859417204,60.99721114058279
2010-09-28,80.849525,3.997542948979799,5.554488962984712,12.442870599652721,1.896734730256009,12.128799963820613,13.51556402320147,49.53600122889532,31.313523771104677
2010-09-29,12.955012,3.913704003408581,3.8855492248432713,10.98965215868821,1.8675909822869246,10.532325401884691,13.510944775999564,44.69976654711124,-31.74475454711124
2010-09-30,54.17484,3.828096043209138,-0.3169943370259053,9.089190424711076,1.7229466125792114,8.017555065795575,13.506207868609755,35.84700167787885,18.327838322121153
2010-10-01,21.595673,3.740226246987964,-3.023709352500592,6.931185017037929,1.5738936829813155,3.8471188106805765,13.501038676064095,26.56975308125129,-4.974080081251287
2010-10-02,1.4545434,3.6505683460232086,-1.9794835254042897,4.731640419548551,1.5100198933855489,-2.3349761002016733,13.495694156798947,19.073463190150292,-17.618919790150294
2010-10-03,1.4463267,3.56028626595631,0.6966235788189664,2.7267381207790358,1.5128441606589524,-9.614403745541505,13.49075195372435,12.37284033439611,-10.92651363439611
2010-10-04,7.225362,3.469291257424896,1.0579976320294628,1.1887018006140504,1.5090122319415933,-15.345778949094813,13.486063611944868,5.365287584860059,1.8600744151399402
2010-10-05,9.463319,3.3773548473626915,-1.800472848596745,0.38106410811834535,1.4822852906614,-16.070923768782173,13.481392707953116,0.8507003367166348,8.612618663283365
2010-10-06,3.606716,3.2861096564498835,-4.413615745334935,0.4176828853719956,1.493033837024318,-9.834190050349171,13.47756420324946,4.426584786411549,-0.8198687864115493
2010-10-07,3.6647213,3.1957140510811852,-2.956207288134047,1.1205882658766606,1.5840375023817117,1.7230274429439247,13.474549567933524,18.141709542082957,-14.476988242082957
2010-10-08,3.599282,3.105939776252743,2.0955130262074255,2.023825479117001,1.7018812332757358,13.583318432208598,13.472298013491343,35.98277596055284,-32.38349396055284
2010-10-09,101.70407,3.0160825721734996,6.251754482818093,2.583405441282648,1.7437576832609873,20.289964831718525,13.47066748571586,47.35563249696961,54.34843750303039
2010-10-10,86.89544,2.9222380496016847,5.869286967058074,2.4540710563639374,1.6699871203564847,19.42319320305248,13.467492198131357,45.80626859456402,41.08917140543598
2010-10-11,7.5035534,2.824945198194583,1.8338940185893768,1.655989177039736,1.5425666724059979,12.833887409061187,13.463042988654923,34.15432546394581,-26.65077206394581
2010-10-12,2.4637237,2.726358579137343,-2.0811948122097523,0.49337251927961157,1.4409727014529832,4.683045076957059,13.458509702164081,20.721063766781327,-18.257340066781328
2010-10-13,7.998802,2.6265556285377056,-3.5497349288102575,-0.6727104272899828,1.3710259083213274,-1.6775837184927436,13.453964632113992,11.551517094380042,-3.5527150943800416
2010-10-14,8.139659,2.525441541915733,-3.2405861508089497,-1.5913637970492576,1.2885126017582582,-5.235534336058976,13.449309916033464,7.195779775790272,0.943879224209728
2010-10-15,6.7396035,2.423368641060886,-2.501044073907092,-2.1703172906865182,1.1911378873388896,-6.669423701517563,13.44471605674999,5.718437519038591,1.0211659809614089
2010-10-16,2.7970827,2.3206709765655322,-1.161002840736092,-2.4389023125356366,1.1418196398037448,-6.986927498457357,13.440395239534917,6.316053204175109,-3.518970504175109
2010-10-17,2.5422704,2.2172339689383715,1.350513831927864,-2.4799907950401376,1.1842661274590718,-6.931229920072566,13.43624333602686,8.777036549239465,-6.234766149239466
2010-10-18,1.1383002,2.112808580389752,3.61981001401296,-2.3669416832819636,1.2632696448489797,-7.123538176624713,13.432096031810941,10.937504411155956,-9.799204211155956
2010-10-19,3.0831,2.0074590257579352,2.9120312066240706,-2.1105155973140453,1.2681371744409184,-7.966220676246075,13.427993502554992,9.538884635817796,-6.455784635817796
2010-10-20,5.3057003,1.9011326103041886,-1.0719112562937918,-1.6338953717288154,1.159944868782198,-9.118676228716925,13.423867150323723,4.660461772670576,0.6452385273294237
2010-10-21,9.205278,1.793846779241127,-4.463103859283308,-0.8138029391341632,1.0229820250160804,-9.51214879513124,13.419674939426049,1.4474481501345444,7.757829849865455
2010-10-22,4.730244,1.6860310813395256,-3.022890432823924,0.41961822584161157,0.966333942469991,-8.448790260476052,13.41558307579735,5.015885632148503,-0.28564163214850335
2010-10-23,0.22840314,1.5782563923124677,2.325271818623505,2.0186153449486275,0.9941215831226291,-6.644265170579036,13.411883667578232,13.683883636006424,-13.455480496006425
2010-10-24,22.561615,1.4703340409059162,5.471573358406189,3.8659194821721714,1.006932781283977,-5.58310901035701,13.408438710924822,19.640089363336067,2.921525636663933
2010-10-25,25.784788,1.3615614076772649,1.8649993702330565,5.884226214947094,0.9330983305126077,-5.411170076482586,13.404816216604306,18.037531463491746,7.747256536508253
2010-10-26,26.320923,1.2521721454060364,-5.4546855775321745,8.075331324564843,0.8266955632353673,-3.7385644879520785,13.40097452937263,14.361923497094624,11.958999502905376
2010-10-27,6.6860933,1.1440623785768196,-8.295071927461832,10.409848920151822,0.8084073495366537,2.643827284522672,13.398049718129379,20.109123723455514,-13.423030423455515
2010-10-28,69.66808,1.035843384507417,-2.2965592693504613,12.668030820664653,0.920220148074729,14.219497046842747,13.395504949016244,39.942537079755326,29.725542920244678
2010-10-29,32.934044,0.9247778588856921,7.62991200816099,14.390140111450908,1.064770911713815,26.82807601952186,13.391895218396812,64.22957212813007,-31.295528128130073
2010-10-30,141.20976,0.8114915098647792,12.060966264115136,15.065483215140256,1.106771303025652,33.838093823013345,13.387771642302463,76.27057775746164,64.93918224253835
2010-10-31,70.32111,0.6931623089252861,6.905121825550041,14.398716249432455,1.0060240931707933,30.8165978721369,13.381522080098978,67.20114442931445,3.119965570685551
2010-11-01,56.496277,0.5717626637392097,-2.50557093411005,12.50344307542379,0.840316696964752,18.858886328612115,13.374216002178093,43.643053832807915,12.853223167192084
2010-11-02,0.22006175,0.44827386612771253,-7.524004156182064,9.819606143755118,0.7023008137299308,3.6429971243297308,13.366168408677664,20.455342200438093,-20.235280450438093
2010-11-03,0.50053096,0.3246527464231746,-5.037367405826827,6.890494612459062,0.6150449196933531,-8.504607619359353,13.3583769691517,7.646594222541108,-7.146063262541108
2010-11-04,0.287693,0.20071216560689834,0.6192190393441825,4.140115674082309,0.5499441145126793,-14.215477375012629,13.350673438415654,4.645187056949094,-4.357494056949094
2010-11-05,0.22673467,0.07635137275264128,3.6180968730844674,1.7933571648928956,0.49611841566635406,-13.941959513684251,13.34297219264657,5.384936505358677,-5.158201835358677
2010-11-06,0.12875348,-0.048242536187892926,2.545891303379637,-0.08351653932828733,0.47454786235454255,-10.470656463528469,13.33532496984232,5.7533485965318505,-5.62459511653185
2010-11-07,0.010626856,-0.17277505598789664,0.04882317562012836,-1.5069409406506888,0.48778087461101216,-6.889897223708866,13.32780567594657,5.294796505830259,-5.284169649830259
2010-11-08,0.0029085204,-0.2972002791233374,-1.4413861299314974,-2.520443045513103,0.49479499005038347,-5.217817436330652,13.320384380078334,4.338332479230129,-4.335423958830129
2010-11-09,0.009057112,-0.4215400050401915,-1.7410382643946543,-3.1711596146688374,0.45792224177777596,-5.82673336937377,13.313036193078867,2.61048718137919,-2.60143006937919
2010-11-10,0.87532073,-0.5458831652262266,-1.307795690357267,-3.5149442462452956,0.39507675253600827,-7.5495670681989715,13.305688720646462,0.782575303154708,0.09274542684529197
2010-11-11,0.38293052,-0.6698825061620645,0.0824116580557751,-3.632312925589844,0.3555407863545218,-8.502461630435771,13.298401054904604,0.9316964371272203,-0.5487659171272203
2010-11-12,0.2590455,-0.7914009308099215,2.051614060458987,-3.625075065044177,0.34521408782955126,-7.347844984658494,13.292359383524278,3.9248665513002248,-3.6658210513002247
2010-11-13,0.09395787,-0.9119129194692128,2.5292730889672037,-3.578899163014844,0.3080824616799842,-4.178221190011567,13.28670486947081,7.455027147622374,-7.3610692776223745
2010-11-14,0.0036936253,-1.0319344035542577,-0.10627734794094879,-3.529547481972159,0.19937544011862715,-0.341718900849679,13.281225785723832,8.471123091525413,-8.467429466225413
2010-11-15,20.748178,-1.151053154949249,-3.9741025844415474,-3.4595733528600667,0.06421629501730466,2.572343122720942,13.276232007838077,7.32806233332546,13.42011566667454
2010-11-16,9.173274,-1.2703262564737012,-4.735512873196191,-3.3475989637213477,0.008219235770393074,3.6374399125455534,13.271104605806917,7.563325660731624,1.6099483392683753
2010-11-17,11.617318,-1.389702302120599,-0.7109950683812825,-3.2229385073449377,0.08111824559397375,2.8393887617315343,13.265858923597712,10.862730053076401,0.7545879469235981
2010-11-18,7.102971,-1.5086932789970287,4.264220557357749,-3.1603948087810334,0.2134404442932536,0.9063041220271111,13.260813690597166,13.975690726497218,-6.872719726497218
2010-11-19,0.58818,-1.6275126956319848,4.772064325003572,-3.2046439751047444,0.28869257545103033,-0.9034573636497363,13.255821533886422,12.58096439995456,-11.99278439995456
2010-11-20,0.75457525,-1.7447864425866322,0.29433035789832435,-3.3219157882739556,0.26391112469274064,-1.2668564803760578,13.251582019167875,7.476264790522294,-6.721689540522294
2010-11-21,1.0924735,-1.8610014311911403,-3.944922369593041,-3.432345660812176,0.19984888233082165,0.32502292864777566,13.247715504646571,4.534317854028812,-3.4418443540288117
2010-11-22,34.495163,-1.9767600812267114,-3.1855403406765697,-3.498016443281048,0.1713949286949983,2.8663445216157277,13.243889928707299,7.621312513833695,26.873850486166305
2010-11-23,47.260242,-2.0928856635171265,1.2398032619243868,-3.563647667365615,0.17721074753458502,4.299792671876405,13.239626654820809,13.299900005273443,33.960341994726555
2010-11-24,0.3099339,-2.2096519447930714,3.8509365851983577,-3.680424717242716,0.1601562065678871,3.2096149012678423,13.234690059571024,14.565321090569324,-14.255387190569323
2010-11-25,14.426083,-2.3256250132512113,1.8021656405091828,-3.801145633888172,0.0971373170685271,0.23636479218744394,13.229871879235276,9.238768981861046,5.187314018138954
2010-11-26,18.352406,-2.441156262494193,-2.1360882880054843,-3.7768994539903677,0.03407164355414404,-2.350540368826413,13.225010152582083,2.5543974228197683,15.79800857718023
2010-11-27,5.5953135,-2.5565430729033887,-3.564606593533559,-3.4523241128879123,0.028515826594986787,-2.5895435670646485,13.219912662388166,1.0854111425936441,4.5099023574063555
2010-11-28,1.3427265,-2.6715102609718366,-1.7059261827568175,-2.7920778870185146,0.08064349589570684,-0.45019585283896346,13.214726970681019,5.675660282990593,-4.332933782990594
2010-11-29,0.56986046,-2.7859846180247523,0.6905494907613741,-1.9260561503804856,0.14283094964552684,2.3814010647293333,13.209523120562952,11.712263857293948,-11.142403397293949
2010-11-30,0.10612048,-2.899862239686251,1.6510517685653299,-1.0794000218953863,0.1853780675408495,4.119202476318714,13.204383968280672,15.180754019123928,-15.074633539123928
2010-12-01,0.004220754,-3.0129883335879786,1.9838723930949462,-0.46207142347047025,0.2208895004004404,4.122070605988508,13.199354908938322,16.051127651363768,-16.04690689736377
2010-12-02,8.485892,-3.125372917632161,2.6612969780305753,-0.20080628909517442,0.2566343888188356,2.7808582089784233,13.1944126111687,15.567022980269199,-7.081130980269199
2010-12-03,42.265884,-3.237262653287144,2.379857237122967,-0.31970391844507917,0.2555348541077261,0.745970885322825,13.189423119738766,13.013819524560061,29.252064475439937
2010-12-04,0.10002684,-3.348524190421016,-0.3968605914875228,-0.7382062721075144,0.1768290049822505,-1.417561103619612,13.184415310569552,7.460092157916137,-7.360065317916137
2010-12-05,0.004220754,-3.4585847117526662,-3.9035344451101026,-1.2836051669146284,0.04901080950142639,-3.121496460733948,13.179601791367725,1.461391816357807,-1.457171062357807
2010-12-06,0.0058049336,-3.5673305308466174,-4.1077323907163015,-1.7704781283924604,-0.03762853441990377,-3.9639693220722783,13.175039069816338,-0.2720998366312237,0.27790477023122373
2010-12-07,6.696759,-3.6748760160346663,0.06185635666637627,-2.081116810174902,-0.022619302147677267,-4.164477578448747,13.170719961343584,3.2894866112039676,3.4072723887960326
2010-12-08,7.4684896,-3.78162158411861,4.309748116764344,-2.1991534611366665,0.05497296311837757,-4.457792456036637,13.166368513291683,7.092522091882491,0.3759675081175091
2010-12-09,1.3693432,-3.887384285310736,3.5775362557693686,-2.1646691823638506,0.10114790953851116,-5.128557896354766,13.16200636915196,5.660079170430487,-4.290735970430487
2010-12-10,0.50681365,-3.9919288880298804,-1.536971732060315,-1.9976523065559175,0.07688308130946159,-5.199289503345739,13.157730988767325,0.5087716400849356,-0.001957990084935579
2010-12-11,0.20708865,-4.095189760002377,-4.957101028959532,-1.6778160828946893,0.03700924876651068,-3.069446095750855,13.153466555977989,-0.6090771628629543,0.8161658128629543
2010-12-12,1.7599547,-4.196189285470298,-2.317754645093438,-1.2054850014777072,0.04860875746406362,1.6328256189158,13.149722479011368,7.111727923349789,-5.351773223349789
2010-12-13,34.40652,-4.295628182598172,3.5694330268484893,-0.6666280596358313,0.0931810668722981,6.9108360644788815,13.146214019631238,18.757407935596902,15.649112064403099
2010-12-14,21.437109,-4.395007636333512,5.891685477052106,-0.21834223507369283,0.07783403876320227,9.504568516736954,13.14222623342203,24.002964394567087,-2.5658553945670874
2010-12-15,8.277842,-4.494047337604315,1.848118691134455,0.019596732312921306,-0.052629986078334245,7.522475583509075,13.13795866252858,17.98147234580238,-9.703630345802381
2010-12-16,8.419882,-4.592315387754594,-4.258129752815222,0.051985976264654926,-0.24283090869104884,2.133324495565113,13.133571887758958,6.22560631032786,2.194275689672139
2010-12-17,1.6988672,-4.689594002645678,-6.211501201369403,-0.004683379616894329,-0.3808675602888184,-3.204795490888854,13.12915296965999,-1.3622886651496593,3.0611558651496593
2010-12-18,0.27195317,-4.785810310900894,-2.6736875414740577,-0.02432527630483991,-0.412769465949062,-5.201367127537414,13.124755432982475,0.026795710816207574,0.24515745918379245
2010-12-19,0.09176554,-4.88095957311822,2.25104110903265,0.023670507517115538,-0.38439435662717936,-2.8246914052946335,13.120357973723438,7.305024255233171,-7.213258715233171
2010-12-20,0.048168235,-4.974937366451377,4.234574513546714,0.05091146983242409,-0.37337414834811733,2.314355973930636,13.115974337564465,14.367504780074745,-14.319336545074744
2010-12-21,24.348862,-5.067772886671383,2.813790917800036,-0.09092777016596937,-0.40622639230230534,7.090448334649284,13.111599609198759,17.450911812508423,6.897950187491578
2010-12-22,39.294277,-5.160078441980976,0.33212953095715153,-0.5152233935454514,-0.45595390637963445,8.593856037913273,13.106855698957306,15.901585525921668,23.392691474078333
2010-12-23,0.094666615,-5.252095969341063,-1.3551485517743407,-1.2167810701044994,-0.5007953752170001,5.697627155034265,13.101508325812935,10.474314514410297,-10.379647899410298
2010-12-24,1.714952,-5.3426774020906524,-1.9466250920110613,-2.0516615001446317,-0.5564746386606483,-0.17481915347181265,13.09615408324041,3.023896296861606,-1.308944296861606
2010-12-25,0.8791424,-5.431769620954486,-1.4815975643573123,-2.8076703978894426,-0.6461705409386957,-5.66294689578172,13.090777761259464,-2.9393772586621942,3.8185196586621943
2010-12-26,0.028919894,-5.519281710693726,0.15942490789823627,-3.3097273032574552,-0.7585405612926599,-7.402122729873698,13.085408602154844,-3.7448387950644584,3.7737586890644583
2010-12-27,0.0042212196,-5.605050228625629,2.145791400597048,-3.508320642347617,-0.8597660919264849,-4.273603736892914,13.080058438066816,0.9791091388712179,-0.9748879192712179
2010-12-28,0.42955133,-5.689000151483809,2.465774065027394,-3.4906470177219155,-0.9412591204587029,1.6976075615669663,13.074755702723161,7.117231039653094,-6.687679709653094
2010-12-29,0.76065725,-5.771267674144195,0.05797761874733583,-3.3964745880482443,-1.0286825090178422,6.698132709077532,13.069515760242837,9.629201316857422,-8.868544066857423
2010-12-30,2.2798622,-5.852196924440824,-3.209690595043228,-3.3062597647759544,-1.1336437123659782,7.767799880966986,13.064280509166363,7.330289393507361,-5.050427193507361
2010-12-31,0.7555606,-5.931912841437237,-3.94600246358352,-3.2029200363827104,-1.217550326638586,4.622221073438605,13.059018523005305,3.3828539284018557,-2.627293328401856
2011-01-01,0.59432954,-6.010233022554917,-1.0205569700506114,-3.0350869141925463,-1.228581940770175,-0.6404824953074542,13.0537571015802,1.1188157587044962,-0.5244862187044962
2011-01-02,0.69257516,-6.087020659698496,2.8082708935965215,-2.8090362701516693,-1.175490945532307,-5.343382385542506,13.048491817759588,0.4418324504311322,0.2507427095688678
2011-01-03,2.4729922,-6.162239932684363,3.6949984224258245,-2.607768329851456,-1.1413998950426534,-7.8520812359174625,13.043217252070232,-1.0252737189998786,3.498265918999879
2011-01-04,1.1621403,-6.235867403112367,0.8337451272283207,-2.517850273935273,-1.206149896173823,-7.9501832814460744,13.037902863916155,-4.038402863523064,5.200543163523064
2011-01-05,0.121277526,-6.307823656778715,-2.791447158899178,-2.5450050667521724,-1.3604334219052332,-6.276045660994903,13.032598049005687,-6.2481569163245165,6.369434442324517
2011-01-06,1.0780116,-6.378167773394814,-3.6637816410316284,-2.6074882839465277,-1.512928931245714,-3.7416373679779538,13.02731682964052,-4.876687167956119,5.954698767956119
2011-01-07,0.42504412,-6.447061355058802,-1.1965310237235718,-2.6078631256115927,-1.5848094993930835,-1.340054048597133,13.022029470709473,-0.15428958167471052,0.5793337016747105
2011-01-08,0.002229237,-6.514524107072635,2.0723287145432114,-2.505564367644965,-1.5847535742356311,-0.005066122005180987,13.01673820061637,4.47915874420117,-4.47692950720117
2011-01-09,1.9981121,-6.580528574120449,3.166814128349308,-2.323555557974207,-1.5833793415922137,-0.15845988963640295,13.011464165118417,5.532354930144452,-3.5342428301444517
2011-01-10,1.339657,-6.645034690371727,1.2904886854191626,-2.10305659212452,-1.6260903374537174,-1.221038823471437,13.006174272487081,2.7014425144848424,-1.3617855144848423
2011-01-11,1.0629809,-6.707836432015711,-1.7488406169263446,-1.8717070784513237,-1.689141613810326,-1.791456990359541,13.000868475951057,-0.808114255612189,1.8710951556121889
2011-01-12,3.5524344,-6.768699613191228,-3.2006202881074555,-1.6604629193683649,-1.7225490471044873,-0.7200251125543571,12.995585842428495,-1.0767711378973974,4.6292055378973975
2011-01-13,1.5468923,-6.8275349218916155,-1.694353983993634,-1.5277098658100212,-1.7169432571792191,1.7163992576522837,12.990385594304966,2.9402428230827606,-1.3933505230827605
2011-01-14,0.98731065,-6.8844830043732745,1.4345565199344146,-1.5293904601178498,-1.710932039298966,3.745464036900999,12.985218518929917,8.040433571975239,-7.053122921975239
2011-01-15,3.1267612,-6.9396150095238145,3.0347887154577404,-1.653746200874978,-1.7398935537392468,3.473665223452699,12.98004755172453,9.15524672649693,-6.02848552649693
2011-01-16,2.3728611,-6.993047221031586,1.033380777788893,-1.792792297570748,-1.7952529982362262,0.6445908024491225,12.974834083267654,4.0717131466671095,-1.6988520466671093
2011-01-17,0.08047116,-7.044727745673207,-3.0897748148016766,-1.7972072929548364,-1.8391724070141109,-2.8804244713592224,12.96959494923821,-3.681711782564843,3.762182942564843
2011-01-18,0.03983488,-7.094537236170513,-5.222077828368423,-1.5841223701587166,-1.8474204985037455,-4.592741540319488,12.964372764017154,-7.376526709503731,7.4163615895037305
2011-01-19,0.77716017,-7.142513845225893,-2.7805667311266204,-1.2035253065226343,-1.8249630926578448,-3.5362647649054653,12.95915683747629,-3.528676902962168,4.305837072962168
2011-01-20,1.7919616,-7.1886774546826935,2.135523398687135,-0.7983868736497017,-1.784312402315147,-1.1286954125604984,12.953988290965922,4.189439546445016,-2.3974779464450156
2011-01-21,0.5149443,-7.232704350210212,4.578110944634728,-0.4921977622747171,-1.7258636271521635,0.26418819482601663,12.948994130900752,8.340527530724405,-7.825583230724405
2011-01-22,1.9304993,-7.274042741079943,2.0750030416492273,-0.30353618001776894,-1.6468356092077558,-0.3835249215153639,12.944352127989871,5.411415717818268,-3.4809164178182677
2011-01-23,4.224263,-7.312886444823564,-2.509697099323007,-0.15961785790850214,-1.5589898492389895,-1.8924552493226907,12.93987195086142,-0.49377454975533297,4.718037549755333
2011-01-24,5.733149,-7.349288566765039,-4.074589987366695,0.013080000709810746,-1.483641451905825,-2.260634324881879,12.935553034410312,-2.2195212957993142,7.952670295799314
2011-01-25,2.3819487,-7.383476184446524,-0.9100608230001994,0.2136986346284061,-1.42943203901602,-0.8034898983699423,12.931260762067524,2.6185004518632446,-0.2365517518632445
2011-01-26,4.6854267,-7.415571026225544,3.5760423633800134,0.37754408284264696,-1.3874357746833543,1.158222538728509,12.926943617364651,9.235745801406923,-4.550319101406923
2011-01-27,2.8324249,-7.445743147095229,4.790050851736887,0.457121180880448,-1.352932420131476,1.6798780512811844,12.922556251540719,11.050930768212535,-8.218505868212535
2011-01-28,0.44441736,-7.474013042946085,1.7731143844803923,0.49412755207300796,-1.3401017897284504,0.1381943871376476,12.918133484676012,6.509454975692525,-6.065037615692525
2011-01-29,1.8668892,-7.500164644767133,-2.3556077273053937,0.608427978436922,-1.360938808854135,-2.2146514724521578,12.91377154924405,0.0908368743021537,1.7760523256978462
2011-01-30,1.5510066,-7.5240980903447205,-4.0512080599442015,0.9073944427554931,-1.3912171709577352,-3.4754853262888488,12.90947980416283,-2.625134400617185,4.176141000617185
2011-01-31,0.6263343,-7.545865766620298,-2.528404808917343,1.3842893454459875,-1.376144823117317,-2.7454458567936717,12.9051922474785,0.0936203374758584,0.5327139625241416
2011-02-01,0.11992035,-7.565414619221753,0.41508177734469276,1.8925164972799626,-1.2827256731746512,-0.689421094110269,12.900899058812653,5.670935946930635,-5.551015596930635
2011-02-02,0.33419603,-7.582338376549373,2.5100788788552513,2.227959950044685,-1.1403830805451385,1.2391557997949683,12.896893318124695,10.151366489725088,-9.817170459725089
2011-02-03,0.21717231,-7.597002517086166,2.4233439941579875,2.253783438335782,-1.0173427365615098,1.9129795639108598,12.893042966737946,10.8688047094949,-10.651632399494899
2011-02-04,0.003369525,-7.6096549452096784,0.09215836716647108,1.9699141353143501,-0.9537302868045161,1.0173432582303077,12.889219381631056,7.40524991032799,-7.40188038532799
2011-02-05,0.008272473,-7.620225004766327,-3.065043043221509,1.4926773175799175,-0.9235655674549703,-1.1509568736352485,12.885413755531408,1.6183005840332712,-1.6100281110332713
2011-02-06,1.3789595,-7.628617349020928,-4.489983639430496,0.9751488650676441,-0.8691475407584479,-4.02750124125774,12.881614531932899,-3.1584863734670687,4.537445873467068
2011-02-07,1.6333504,-7.63471464245497,-2.4300397851637086,0.5353562812692854,-0.7674572433594513,-6.846301115029661,12.877915093095178,-4.265241411643329,5.898591811643329
2011-02-08,4.1456347,-7.638017914418153,1.8107331873238308,0.2446444809687329,-0.649648519905015,-8.526630093786281,12.874611634586316,-1.88430722523057,6.0299419252305695
2011-02-09,7.666523,-7.638903205043864,4.411241474676195,0.15916212785958966,-0.5543843255217566,-7.85907932438948,12.871394573009626,1.38943132059031,6.27709167940969
2011-02-10,6.3497086,-7.637675360083632,2.8266277680264587,0.33016230333228924,-0.4796377673348447,-4.254064159681723,12.868082448167529,3.653495232426078,2.6962133675739217
2011-02-11,36.193653,-7.634377635117046,-1.2108316181319774,0.7759768715779537,-0.39124893202517286,1.4152877147329632,12.864717287509228,5.819523688545948,30.37412931145405
2011-02-12,19.770082,-7.6295891614422064,-3.4438634523536944,1.4521094320002512,-0.2710735703421128,6.810936575036647,12.861027522493373,9.779547345392256,9.990534654607742
2011-02-13,2.9532242,-7.623092765974706,-1.8469805504891113,2.268868900236961,-0.1389978126549775,9.462419355213298,12.857190169871023,14.979407296202488,-12.026183096202487
2011-02-14,31.243988,-7.614543043914924,1.356696579556378,3.1285763622531726,-0.026345306185474447,8.588089105195946,12.853405106432582,18.28587880333768,12.95810919666232
2011-02-15,22.362646,-7.604621712174543,2.840679587959081,3.95364893793341,0.06058150378855903,5.803951445738185,12.849257549725865,17.903497312970558,4.459148687029444
2011-02-16,0.006532646,-7.592943882995696,2.144338393277043,4.686840901689947,0.1367318345086423,3.7896152877317255,12.84493791715623,16.00952045136789,-16.00298780536789
2011-02-17,8.030873,-7.5788609488895755,1.2182291228743765,5.266367121367625,0.20074952254216602,3.850580900764304,12.840789004335447,15.797854722994343,-7.766981722994343
2011-02-18,27.191177,-7.562645361727136,0.8205438195955416,5.635262762157693,0.2255825848760301,4.745573182973339,12.836663655974585,16.700980643850052,10.490196356149948
2011-02-19,0.8806149,-7.545009190236648,-0.47879509451953334,5.797553648282943,0.20176083409667514,4.08729989868883,12.832232885477282,14.895042981789548,-14.014428081789548
2011-02-20,3.989711,-7.525489953712526,-3.1178830875592034,5.852089224267127,0.17686164186700448,0.9169408427079323,12.827834034233984,9.130352701804318,-5.140641701804318
2011-02-21,2.116041,-7.50412657038431,-4.447781781713174,5.929270798893577,0.22512627533035162,-3.2963692041915706,12.823393731604272,3.7295132495391474,-1.6134722495391474
2011-02-22,0.04833506,-7.480834187482403,-1.8907028831170314,6.084715782585504,0.37147871761913914,-6.152142177851944,12.818931963741676,3.7514472154949416,-3.7031121554949418
2011-02-23,0.13894844,-7.455506614539643,2.5053258541272485,6.249708634826801,0.558052644613934,-6.4821697370192615,12.81450513949042,8.189915921499498,-8.050967481499498
2011-02-24,4.811132,-7.42743793613962,3.363091723408893,6.297521297778666,0.701244033797038,-4.781479213999004,12.810439839221173,10.963379744067145,-6.152247744067146
2011-02-25,1.9884759,-7.397123094851137,-1.1178690972508727,6.158011612771746,0.7794658646307866,-1.8569263726547458,12.806401812026708,9.371960724672485,-7.383484824672485
2011-02-26,0.09572564,-7.364369504486551,-5.598829080765519,5.854529349184603,0.8483387455955934,2.1298287763548602,12.802528111463722,8.672026397346709,-8.57630075734671
2011-02-27,2.0266397,-7.329055690953892,-3.385357061225821,5.42791766744686,0.9656328650415017,6.788992247032299,12.798900643679367,15.267030671020317,-13.240390971020316
2011-02-28,52.362568,-7.291319944298582,4.713063016946362,4.846108736488734,1.11493096405813,10.157040583795931,12.795498819185285,26.335322176175858,26.027245823824146
2011-03-01,24.543585,-7.252616966962634,10.039804760851002,4.023671244319448,1.2185953871892545,9.347194453703972,12.791517462549423,30.168166341650462,-5.624581341650462
2011-03-02,15.077117,-7.211935397239431,5.898693306965938,2.961122917923592,1.2257314348012578,3.3694868816121897,12.787557069929456,19.030656213993,-3.953539213993002
2011-03-03,4.67736,-7.169347379639442,-4.134934894971658,1.8355315294297982,1.1700510096955024,-4.883729840766589,12.783473387197805,-0.39895618905458363,5.076316189054584
2011-03-04,0.73826885,-7.124229319775307,-9.817936128400397,0.9335077118367687,1.13579501310622,-10.141330030508056,12.779507889760996,-12.234684863979776,12.972953713979777
2011-03-05,0.06882055,-7.076392884821272,-5.712908047267512,0.4524720686673138,1.1750986433489152,-8.890195343909738,12.775722340246315,-7.27620322373598,7.34502377373598
2011-03-06,0.35595065,-7.025943684353369,3.147713416184192,0.34072701753849877,1.2683242219707305,-2.2906992932232417,12.772088890938363,8.212210569055173,-7.856259919055174
2011-03-07,58.938663,-6.972061767066732,7.63799121416735,0.31920268421006975,1.3578094857551015,4.8998921743417325,12.769115354143247,20.01194914555077,38.92671385444923
2011-03-08,20.651949,-6.916399631481313,4.571181292606553,0.07221780831762759,1.4046325682401397,8.259914035313201,12.765830704218736,20.157376777214946,0.4945722227850524
2011-03-09,2.194726,-6.858832124416093,-1.2690594518882836,-0.5382465708438232,1.408927770151625,6.852736897130724,12.762396158751763,12.357922678885911,-10.16319667888591
2011-03-10,1.666863,-6.798437450882652,-3.9282269070840985,-1.4208370842410498,1.386037770910216,3.0421681615655998,12.759389509139696,5.040093999407711,-3.3732309994077108
2011-03-11,1.1176413,-6.734722739979228,-2.4101639414481717,-2.350297888519486,1.3470535837805233,-0.10819141103959033,12.757075968891767,2.5007535716858147,-1.3831122716858146
2011-03-12,0.25330448,-6.668078353683651,0.29077887613749875,-3.115700160042671,1.302876412767069,-1.2204451800676943,12.755132339491006,3.344563934601558,-3.0912594546015577
2011-03-13,0.0039649894,-6.599090195852524,1.7195418657879418,-3.612287905126599,1.2691410025239809,-1.0173560563332829,12.753261713707529,4.513210424707047,-4.509245435307047
2011-03-14,0.08801417,-6.5279255161132514,1.6005673435716534,-3.8308595501003224,1.2545255989860287,-1.0064829313897203,12.751411411000284,4.241236355954673,-4.1532221859546725
2011-03-15,2.527609,-6.4545428520946535,0.24770598298146074,-3.786644897392057,1.2506539357738944,-1.8618645660214264,12.749568950927552,2.14487655417477,0.3827324458252299
2011-03-16,7.4550414,-6.3788783848857715,-2.019653399833334,-3.471982687938259,1.2444726364334122,-2.7671310935732447,12.747790884298817,-0.6453820454983799,8.100423445498379
2011-03-17,2.1741061,-6.30101079590858,-3.5640491245422954,-2.8781585245149506,1.2389774455079068,-2.09802446304135,12.746095408121107,-0.856170054378163,3.030276154378163
2011-03-18,0.06435625,-6.221087617583492,-1.919795634161002,-2.058700332001281,1.2499558587556565,1.1065403578076198,12.744427564057288,4.901340196874789,-4.836983946874788
2011-03-19,0.0014789402,-6.138701426503251,2.766242611151823,-1.1666076139933432,1.2769131302505923,6.040538432281879,12.743057440136013,15.521442573323714,-15.519963633123714
2011-03-20,1.5368761,-6.054103595554622,6.191707718599238,-0.4102835474112584,1.2885609906949183,10.413563315261053,12.741861767838598,24.171306649427926,-22.634430549427925
2011-03-21,27.37512,-5.967725235769507,4.1363021910911195,0.041770912680602124,1.2486340265527696,11.975954581488805,12.740677774617915,24.175614250661702,3.1995057493382966
2011-03-22,24.225983,-5.880317690848362,-1.8341382829420305,0.13028016924881514,1.1560780422057424,9.956578310272349,12.739118186267586,16.2675987342041,7.9583842657959
2011-03-23,7.6367188,-5.791983174409871,-5.182634766811121,-0.10218157946361156,1.0486508689239948,5.213146678531666,12.737192406007185,7.922190432778243,-0.2854716327782434
2011-03-24,8.861879,-5.702072562344213,-2.0333219198062213,-0.5794714947563535,0.9604583485032684,-0.7078843619554166,12.735229862591014,4.672937872232078,4.188941127767922
2011-03-25,4.3402877,-5.609403254172799,3.7239028504129283,-1.2341486215091915,0.8869370712494553,-6.312014142368321,12.733838445185302,4.189112348797375,0.15117535120262549
2011-03-26,0.91649395,-5.513809303775943,4.90922724674642,-1.9855563281972826,0.8008641280679571,-10.09423015722891,12.733054930888793,0.8495505165010346,0.06694343349896537
2011-03-27,2.984082,-5.4160204266482825,-0.1247773133308703,-2.717532064413596,0.6945690687651475,-10.548335110306068,12.732514985279245,-5.379580860654425,8.363662860654426
2011-03-28,3.0845172,-5.316482284863502,-5.502266201975403,-3.3097152996982646,0.5944614617666082,-7.129075254957452,12.732006854374694,-7.931070725353321,11.015587925353321
2011-03-29,2.4636295,-5.2152096689098215,-5.151312098237554,-3.7072458051965156,0.530810051928442,-1.4688395625831834,12.73151364150487,-2.2802834414937614,4.743912941493761
2011-03-30,7.643807,-5.112171009013669,0.047262333997090566,-3.954574756309904,0.50218496790075,2.925136658068675,12.731082234169211,7.138920428812153,0.5048865711878472
2011-03-31,6.332112,-5.007787693332376,4.1203504919958185,-4.140248357038189,0.4785580879901371,3.04532878250656,12.730554278766105,11.226755590888056,-4.894643590888055
2011-04-01,1.0900288,-4.902116194122057,3.6168946094409415,-4.298131646882923,0.4350076877387853,-1.0744374391497546,12.729928396179929,6.507145413204922,-5.417116613204922
2011-04-02,1.0893277,-4.794379411250561,0.779921759615966,-4.3709699854049235,0.3705281747660009,-6.22957376362488,12.729562128217347,-1.5149110976810523,2.6042387976810524
2011-04-03,3.4634402,-4.684189709823502,-0.8387891840898718,-4.270595075949183,0.29539881328647954,-8.630725262929813,12.729564090142768,-5.399336329363122,8.86277652936312
2011-04-04,1.0091546,-4.57218363809848,-1.0932421529956347,-3.9677283855803087,0.21484630346972028,-6.799060869364565,12.72964209174821,-3.4877266508210614,4.496881250821062
2011-04-05,0.014355639,-4.45816205614978,-1.8496256342045743,-3.5235074084943565,0.13426113112893312,-2.241732859344641,12.729984848448625,0.791218021384207,-0.776862382384207
2011-04-06,0.2521868,-4.341943014672494,-2.7639468747050113,-3.040955336947629,0.07388018923299089,2.2231504798712933,12.730748494929363,4.880933937708514,-4.6287471377085145
2011-04-07,0.12025889,-4.224179800280563,-1.412143032316271,-2.599810513377694,0.0590986821188329,4.563903416682752,12.731612206496168,9.118480959323225,-8.998222069323225
2011-04-08,0.41751915,-4.104757088621856,2.2860968370145014,-2.2456422717148463,0.08695274156804267,4.383046218983966,12.732715303590066,13.138411740819873,-12.720892590819872
2011-04-09,12.179996,-3.984023489346475,4.534330004587574,-2.023409307355393,0.1141172093039532,2.5140910276493216,12.733915034931298,13.889020479770279,-1.7090244797702798
2011-04-10,5.482556,-3.8624810485030325,2.2614678338014214,-2.0002554837213786,0.09147046331421904,0.2711697530290478,12.734930629096098,9.496302147016376,-4.013746147016376
2011-04-11,9.931627,-3.7399472803125144,-2.28179708014844,-2.235831267097361,0.013094239554228282,-1.1381908546422883,12.735864042905446,3.3531918002590704,6.57843519974093
2011-04-12,4.628266,-3.616331008682495,-3.8644570659690523,-2.725262169333901,-0.07712733579033959,-1.0984751407202582,12.736721311946738,1.3550685914506921,3.273197408549308
2011-04-13,0.0,-3.4902659754613876,-0.9272731417556331,-3.36118935902136,-0.12975942657250494,0.12447475474178632,12.738258319663766,4.954245171594666,-4.954245171594666
2011-04-14,0.003487803,-3.3622477076907886,2.395309912070301,-3.9639612384124674,-0.1366821654117777,1.5731472996259075,12.74019226072329,9.245758360904466,-9.242270557904465
2011-04-15,0.9491225,-3.232882464317038,1.7552744577071349,-4.372744685022061,-0.13180055015046865,2.253253949720955,12.742236481806232,9.013337189744753,-8.064214689744754
2011-04-16,1.2275379,-3.101159265716756,-1.798508564516843,-4.525546252523911,-0.14754363373685947,1.7219500811658495,12.744996466919686,4.894188831591166,-3.6666509315911666
2011-04-17,0.17330912,-2.9675350994736585,-3.529693091432253,-4.464617208258085,-0.1778996210997163,0.15586446532266773,12.74813565392753,1.7642550989864851,-1.590945978986485
2011-04-18,2.5679617,-2.832323644989877,-1.3634844188503077,-4.270489570792435,-0.1890908115531308,-1.9017587614325873,12.751557741752315,2.1944105341339757,0.37355116586602444
2011-04-19,31.651762,-2.69592915366313,1.8336415967888944,-3.9771159053850282,-0.15876439721956465,-3.6559357252543117,12.755114126700192,4.101010541967053,27.55075145803295
2011-04-20,7.2023125,-2.5592609221203357,2.575864029008606,-3.545611229612662,-0.09813529453915126,-4.124873525824361,12.7582880899586,5.006271146870697,2.196041353129303
2011-04-21,2.3808901,-2.4216534960673926,1.1182216931403706,-2.920421213468759,-0.0382048185782492,-2.61225964039007,12.761510302503641,5.8871928271395415,-3.5063027271395417
2011-04-22,2.2403848,-2.283020989310195,0.029538776089175323,-2.135043292615573,-0.004639735202140061,0.47007803053013897,12.764837017995948,8.841749807487354,-6.601365007487353
2011-04-23,32.46956,-2.142789107727673,0.03710357477290094,-1.351171114334599,-0.0038707381140179464,3.4289135865924973,12.76865670259621,12.73684290378532,19.73271709621468
2011-04-24,22.029758,-2.0020401008446544,-0.35388321231226005,-0.7907711952722872,-0.026384721435604885,4.328461239991618,12.772385315447313,13.927767325574123,8.101990674425878
2011-04-25,3.856035,-1.8608157092688575,-1.4130593389818344,-0.607223519363753,-0.05557001161354497,2.464882616543626,12.776028393229971,11.304242430545607,-7.448207430545606
2011-04-26,0.38969865,-1.719010668618161,-1.0557871603615028,-0.805645582401203,-0.07534644465292034,-1.2065171402181936,12.779684073360935,7.917377077108954,-7.527678427108954
2011-04-27,2.6710734,-1.5765804300589839,1.6254973934646844,-1.2623023127769366,-0.07724194150303626,-5.049949123635225,12.783370246696084,6.442793832186586,-3.7717204321865863
2011-04-28,9.128189,-1.4329780157678804,3.677865598116415,-1.8050678506899818,-0.06421511749234815,-7.96208535126889,12.787368533253302,5.200887796150616,3.9273012038493844
2011-04-29,9.922553,-1.2875275196997222,1.5526492638895588,-2.2837079882300335,-0.045907956963043645,-9.581470807185493,12.792123513246453,1.1461585050577199,8.77639449494228
2011-04-30,3.042828,-1.1416559763449015,-3.425065353881551,-2.590853395257909,-0.027120644029306473,-9.657961337434626,12.796921782403974,-4.04573492454432,7.08856292454432
2011-05-01,1.6065826,-0.9955504619649029,-5.486472696037702,-2.658049637140733,-0.0026909710481065607,-7.799318897108242,12.801703598621204,-4.140379064678482,5.746961664678483
2011-05-02,0.80176485,-0.8492406038342468,-1.3903905721287344,-2.4531398902134995,0.035405299784427025,-4.12976784990915,12.806486881755745,4.019353265454541,-3.2175884154545407
2011-05-03,10.521075,-0.7027685373556283,4.896845332720125,-1.9846452290472971,0.08364465305558783,0.051638955541301296,12.81130337818749,15.15601855310158,-4.63494355310158
2011-05-04,6.137579,-0.5552366297714788,6.421920825287036,-1.2917743369126862,0.12272869396998992,2.7665206448299777,12.816691195193652,20.28085039259649,-14.143271392596493
2011-05-05,3.9204829,-0.40534482344174383,1.4147743965785786,-0.4091330057450112,0.13411937793665746,2.8537237046081603,12.823271329211696,16.411410979148336,-12.490928079148336
2011-05-06,2.1279244,-0.2542619947409531,-4.823435435591852,0.6534211003845425,0.12149260166376745,1.0672474672416654,12.830323153968386,9.594786892925557,-7.466862492925557
2011-05-07,5.039968,-0.10294295738867272,-6.289523318946965,1.880859602333998,0.11200148165706038,-0.27077768594355317,12.837455405780155,8.16707252749202,-3.127104527492021
2011-05-08,8.323818,0.04837075580195318,-2.5660817875745514,3.193182300359571,0.13458675708520226,1.1986596074264135,12.844687008537386,14.853404641635976,-6.5295866416359765
2011-05-09,2.792519,0.19938338533468586,2.125576282550716,4.412364814483791,0.1946280858586862,6.245270457065284,12.851894748636054,26.029117773929215,-23.236598773929217
2011-05-10,40.380394,0.3498928495491909,4.315528835631989,5.296947112379084,0.2668342946285356,13.28247546804146,12.859078111921294,36.37075667215155,4.009637327848452
2011-05-11,88.221634,0.4988169998358522,3.7551240935661214,5.640952857521046,0.3145160898462185,18.921892094272334,12.865768156967498,41.99707029200907,46.224563707990924
2011-05-12,65.56563,0.6450660577348637,1.472042957368701,5.386570412311581,0.32210545124337264,19.761319158721648,12.87140503149028,40.45850906887044,25.107120931129558
2011-05-13,20.885832,0.7890579373425759,-1.8188093420407938,4.659086663175294,0.31051911999431037,14.496418687891477,12.876221567775737,31.3124946341386,-10.426662634138598
2011-05-14,5.808838,0.9318634127094116,-4.529486912344637,3.6852584811935905,0.31749237477781933,4.905468006992874,12.880779433631172,18.191374796960233,-12.382536796960233
2011-05-15,0.99232745,1.0739135013693881,-3.86140765876772,2.673979066357764,0.3608842797792922,-5.161331135421981,12.885268998834457,7.9713070521512,-6.9789796021512
2011-05-16,0.0027120113,1.2154074790434315,0.8374015866217394,1.756979082726564,0.41857230252269784,-12.132720905669519,12.889740738792701,4.985380284037615,-4.982668272737615
2011-05-17,10.934248,1.356650001492227,5.246521256584031,1.0160882468812067,0.4452140294280611,-14.560543259371176,12.894314437138599,6.398244712152948,4.536003287847052
2011-05-18,4.6123843,1.4972823538555962,3.708349628931647,0.5508351793419726,0.4160432167036578,-13.127947849477222,12.898778415090808,5.94334094444646,-1.3309566444464593
2011-05-19,0.15716535,1.6372885883399597,-3.318542457832603,0.4997507900264503,0.3579963925286442,-9.435961957800467,12.90318749807146,2.6437188533334446,-2.4865535033334445
2011-05-20,0.0027120113,1.7772115634298757,-7.9795927444149966,0.9704461082859218,0.33284034552202435,-5.251946765323022,12.907845927613478,2.7568044351132794,-2.7540924238132796
2011-05-21,0.0042389147,1.917046393467823,-3.663649564536261,1.9520741099906287,0.38292660138220136,-2.633440109069193,12.912784096315473,10.867741527550672,-10.863502612850672
2011-05-22,22.033627,2.056214029707127,6.10102633279089,3.312728318876854,0.4879453056601734,-3.58681122282384,12.917785234496687,21.288887998707892,0.7447390012921069
2011-05-23,31.938076,2.1940647447376334,10.41409266608306,4.9054891148691375,0.5781627164928004,-8.319086824426726,12.922495677462503,22.69521809521841,9.242857904781587
2011-05-24,36.7161,2.3317972849337307,3.5071144179187,6.690050761994878,0.5982911538416584,-13.549974717052255,12.927604081832396,12.504882983469109,24.211217016530888
2011-05-25,2.9130661,2.468797563704674,-7.874632013318418,8.725338535377128,0.5602453493028787,-13.59898671174727,12.932789778980144,3.2135525022991374,-0.30048640229913737
2011-05-26,8.122402,2.6049136774793538,-11.62368155381972,11.004012140956767,0.5284853012090797,-4.622310314859798,12.937998573387938,10.829417824353621,-2.707015824353622
2011-05-27,10.564479,2.7408407360566134,-3.757984895751548,13.272971676661065,0.5512955279216574,11.357446036640999,12.943666809239376,37.108235890768164,-26.543756890768165
2011-05-28,39.67239,2.875837739384585,7.614424137120561,15.049705644014011,0.6096085825170264,26.791395693853584,12.94952860606632,65.89050040295609,-26.218110402956093
2011-05-29,173.08482,3.008138866117109,11.74164984804858,15.843156684910344,0.629189803906774,33.649519070947626,12.954849598149139,77.82650387207957,95.25831612792044
2011-05-30,83.02281,3.134007765024681,6.249752984445842,15.430519329282,0.5483856522387826,29.092981765677685,12.957637896350642,67.41328539301963,15.609524606980372
2011-05-31,1.8934431,3.256058382503443,-2.2795731793234424,13.997173425432766,0.38173395507499636,17.10874866779284,12.959377155723352,45.42351840720396,-43.53007530720396
2011-06-01,1.843025,3.3766175189844994,-6.6815350498968185,11.97394642430483,0.20941691889311992,4.934438338917779,12.961196587286276,26.774080738489687,-24.931055738489686
2011-06-02,34.265697,3.4956488873952556,-5.401072452546887,9.76195770720447,0.1112350329082793,-2.148686824323458,12.963016140123932,18.78209849076159,15.483598509238412
2011-06-03,13.092813,3.612609683916726,-1.1576259928498753,7.570504466862186,0.10532258855029875,-3.508557494938355,12.964501763012066,19.58675501455305,-6.493942014553049
2011-06-04,0.10153791,3.7279980658037983,3.003528875141817,5.45194017966821,0.1398215959624387,-2.1236827053580254,12.965874546091321,23.165480557309557,-23.063942647309556
2011-06-05,18.253271,3.84235070922122,4.830687714381665,3.433105640828408,0.13682095834358016,-1.6107920511907476,12.967410008918852,23.59958298050298,-5.346311980502978
2011-06-06,23.318508,3.9551376383110792,2.702593350929427,1.619345386674983,0.05406150326917464,-3.7079069951872143,12.968863019303512,17.592093903300963,5.726414096699038
2011-06-07,3.0553484,4.0658770894757605,-2.602581803283428,0.18689203006665234,-0.08529084221423444,-7.558530731133468,12.970032573899276,6.976398316810559,-3.9210499168105586
2011-06-08,2.3080227,4.175349380237679,-6.602910936392252,-0.725760091707521,-0.21985276274204857,-10.783149939295372,12.971287545129382,-1.1850368047701316,3.4930595047701316
2011-06-09,3.2506952,4.283607077542854,-4.6376321916144265,-1.1231777569395736,-0.3065785370664803,-11.312848170575085,12.9725885608756,-0.1240410177771114,3.3747362177771114
2011-06-10,3.2700248,4.390699148440069,2.2442133379560065,-1.1612938558172199,-0.3541179500737036,-8.64703497529001,12.974047193541576,9.446512898756717,-6.1764880987567174
2011-06-11,35.892162,4.496425832002859,7.028805525783968,-1.0664730841743115,-0.40612503017734236,-3.8461219253703787,12.975675834352181,19.182187152416972,16.709974847583027
2011-06-12,17.096083,4.599542018169988,4.299292691772136,-1.0318934506504884,-0.49424650728861297,1.3647207715553618,12.976837774609335,21.71425329816772,-4.618170298167719
2011-06-13,28.822601,4.700353899453625,-3.033654466021777,-1.1515464387366745,-0.6070408341636256,5.432148777561267,12.977792421903818,18.318053359996632,10.504547640003366
2011-06-14,19.279915,4.798860946447091,-6.874692869121718,-1.4358926687811058,-0.7064578429706145,7.231118972459377,12.978528333556167,15.991464871589196,3.288450128410803
2011-06-15,10.819477,4.895470931026475,-3.547617847515877,-1.8492625154499067,-0.766071407409503,6.283525027659257,12.979280112390901,17.99532430070135,-7.175847300701349
2011-06-16,15.181749,4.990127365582158,2.220530873395678,-2.35135882255145,-0.7945433240666341,3.274131872945331,12.979987985941895,20.318875951246977,-5.137126951246977
2011-06-17,13.529618,5.082774905040444,3.843944296965492,-2.930741698616084,-0.8266517808253881,0.21309047688516697,12.980612313246219,18.36302851269585,-4.833410512695849
2011-06-18,14.0665455,5.174112988589283,1.0020172641850988,-3.6220066533909283,-0.8958435897658508,-0.7100998396056777,12.98143979374856,13.929619963760485,0.13692553623951476
2011-06-19,8.2806015,5.264726950143217,-1.2502890509330205,-4.497765853526883,-1.014413806131464,0.8456959471352188,12.982681098889923,12.330635285576992,-4.050033785576993
2011-06-20,5.9901466,5.354060320607485,-0.19504727648707124,-5.614188066462702,-1.1707300828071088,2.5662811175631717,12.984059723449633,13.924435735863407,-7.9342891358634065
2011-06-21,20.68838,5.443176644721006,1.2942820638283161,-6.925862776393556,-1.337466867252843,1.3540972936098439,12.986270196656633,12.8144965551694,7.873883444830598
2011-06-22,6.8490067,5.531184018844083,0.02962456249017198,-8.228647158948485,-1.4802440348107642,-3.543236647151232,12.988761063747218,5.297441804170992,1.5515648958290083
2011-06-23,0.7362156,5.617532014003675,-2.1910071999581984,-9.219407640504036,-1.5740229790483544,-9.429583685995649,12.991210619141945,-3.805278872360617,4.5414944723606165
2011-06-24,0.013922341,5.704515616756746,-1.4392115976578304,-9.66805987198071,-1.6232159334822014,-12.507086870305375,12.994974869419822,-6.538083787249546,6.552006128249546
2011-06-25,10.515446,5.79053884090865,1.715773799937926,-9.552633224126124,-1.6573224921155802,-11.271051228634388,12.999108837455534,-1.9755854665739818,12.491031466573983
2011-06-26,6.019933,5.874689542854043,2.2334843989832187,-9.060573457842674,-1.7030444231269644,-7.4386276182377316,13.003141067895092,2.909069510524983,3.110863489475017
2011-06-27,3.1963527,5.957274825079775,-1.93383347384228,-8.447394151212658,-1.7561821036820393,-3.6808638813946755,13.007268189719888,3.1462694046680113,0.05008329533198852
2011-06-28,2.86903,6.038571191550975,-5.7148169720553845,-7.884603837789772,-1.789626521838736,-0.9673771369277995,13.011729656401302,2.693876379340585,0.17515362065941487
2011-06-29,11.944184,6.118272114253241,-3.0619835916280254,-7.416798594400755,-1.7933094694782303,1.61050893745455,13.016435434123506,8.473124830324286,3.471059169675714
2011-06-30,11.311565,6.196052984571464,4.302350671205767,-7.034722950004689,-1.7990702268641532,4.824197401266523,13.021263766893847,19.51007164706876,-8.19850664706876
2011-07-01,11.2581415,6.271573249932329,7.920214094699112,-6.7564280022808,-1.8526871293499,7.83716644691926,13.026104341445798,26.445943001365798,-15.187801501365797
2011-07-02,9.065867,6.344666862598835,3.029696028595543,-6.6368752900381685,-1.959719041097469,8.925251904247737,13.03093500628669,22.733955470593166,-13.668088470593165
2011-07-03,4.357803,6.416069733411851,-5.063092691152227,-6.713699600199325,-2.0674808688946262,7.227129451145942,13.03613897176753,12.835064996079144,-8.477261996079143
2011-07-04,1.5444504,6.486166141731591,-7.273315439002224,-6.956496395251379,-2.1088381468220287,3.3886520143210364,13.041801133366572,6.577969308343568,-5.033518908343568
2011-07-05,10.242026,6.555515110930058,-1.7070837644591,-7.267716971705587,-2.0659851500580766,-1.315839682895734,13.048165682759603,7.247055224571163,2.994970775428836
2011-07-06,8.453684,6.623446078574611,4.590509777541767,-7.514298838322188,-1.9871852804022045,-5.933848139793729,13.054751376377371,8.833374973975628,-0.37969097397562734
2011-07-07,16.017805,6.68970167242828,4.642219054003601,-7.554938425982816,-1.9398008539056695,-9.74727000705519,13.061361531765153,5.1512729712533565,10.866532028746644
2011-07-08,6.7358117,6.754807225758471,-0.6730869615483052,-7.266327111406758,-1.9499026354381996,-11.741847457838976,13.068326020956052,-1.8080309195177158,8.543842619517715
2011-07-09,11.449627,6.818898143467699,-5.02166970398739,-6.58068858571543,-1.9866822273616473,-10.80546579048527,13.075697922329123,-4.499910241752918,15.949537241752918
2011-07-10,19.736736,6.881782081784437,-4.449723196243616,-5.538001249292199,-2.001043075762232,-6.793515876451894,13.083418138164665,1.1829168221991626,18.55381917780084
2011-07-11,7.563841,6.942500175450034,-0.46031764829762123,-4.299822175919866,-1.9731925215075308,-1.3478857350865745,13.091075380263382,11.952357474901822,-4.388516474901822
2011-07-12,3.4286623,7.000794102476847,3.4230203447307384,-3.092155253039534,-1.9280188373916887,2.5537237283641407,13.09867943352122,21.056043518661724,-17.627381218661725
2011-07-13,3.274371,7.056715180041195,5.013258842288464,-2.086612927749419,-1.908635205922161,2.3191779011097977,13.106409421528035,23.50031321129591,-20.225942211295912
2011-07-14,6.246221,7.1103841981794105,3.187421640153283,-1.280270035700244,-1.9304184933454445,-2.2317173930167176,13.114399227478248,17.969799143748535,-11.723578143748535
2011-07-15,2.589642,7.1614870366007395,-2.380421861535399,-0.4800827507207591,-1.955040783197778,-7.995680049667872,13.122443601092026,7.472705192570958,-4.883063192570958
2011-07-16,0.6653443,7.209908329667748,-8.917618501843966,0.5583301907342154,-1.9107234188697253,-9.985720326727304,13.130522052447942,0.08469832540890998,0.58064597459109
2011-07-17,0.2669152,7.255641926558912,-10.198639370868086,1.9091888705900595,-1.7504186588153892,-4.753082204539704,13.138648673540091,5.601339236465883,-5.334424036465883
2011-07-18,2.7881925,7.29869101985501,-2.4070403262058067,3.335681587398497,-1.5043557814417523,6.354003767721296,13.146809805796112,26.223790073123354,-23.435597573123353
2011-07-19,89.92594,7.33879397170959,9.319940566627153,4.366519467955653,-1.2752914757022178,17.06714584231634,13.154951853737527,49.97206022664405,39.95387977335595
2011-07-20,84.45298,7.373520024637455,13.815236453541717,4.575890363611427,-1.1650010382256841,20.191464033508822,13.161784070790562,57.9528939078643,26.500086092135696
2011-07-21,38.369892,7.403456054542256,5.860760103938299,3.8914140691323387,-1.1869484183816015,12.982411250518286,13.167629764228783,42.11872282397836,-3.748830823978359
2011-07-22,0.79108405,7.430200334372915,-6.7100923019622725,2.6578252661641857,-1.254473727338955,-0.7841552342995044,13.173220457874653,14.512524794811021,-13.721440744811021
2011-07-23,1.0813093,7.45480550137154,-10.91559405630285,1.4210884685091334,-1.2586796990594957,-13.837055271741038,13.179015410193072,-3.956419647029639,5.037728947029639
2011-07-24,4.229188,7.477199107103081,-3.2896981003005585,0.6150658155299943,-1.16168118150755,-20.606683414211435,13.184852457993472,-3.780945315392998,8.010133315392999
2011-07-25,2.450538,7.497664630757245,6.382533604775949,0.38559896439683133,-1.0154272636174637,-19.969817942571098,13.19077712107244,6.471329114813901,-4.0207911148139015
2011-07-26,0.39631593,7.516556143388904,6.957406568450384,0.6272968906358585,-0.8942649705896617,-13.977271473060078,13.196969052182281,13.426692211007687,-13.030376281007687
2011-07-27,10.106861,7.533796950695784,-1.166215138060363,1.1274965305554445,-0.8166400379542,-5.095682364121337,13.2034988002451,14.78625474136043,-4.67939374136043
2011-07-28,23.664175,7.548596645413911,-7.5892286925439105,1.6646598021607448,-0.7362322715896862,4.852463181337774,13.21004874884039,18.95030741361922,4.713867586380779
2011-07-29,27.256588,7.560467923295013,-4.908504729339764,2.0181581592849342,-0.602935975996811,13.840903138629786,13.216364938176103,31.12445345404926,-3.8678654540492587
2011-07-30,55.454388,7.569667671711958,3.35672445278935,1.9630176562526882,-0.42310352811270197,19.195505295664383,13.222719471485062,44.88453101979074,10.56985698020926
2011-07-31,67.38236,7.574987668335741,8.422080178876142,1.3250386320648566,-0.2588945035719506,18.95077193530602,13.228529908049364,49.24251381906018,18.139846180939827
2011-08-01,18.85859,7.575876995161469,6.538169833269089,0.07959377806862566,-0.17330224060343508,13.633617152858145,13.233553665199299,40.88750918395319,-22.028919183953192
2011-08-02,3.9949772,7.573464361539077,1.144004036275522,-1.6015255872123895,-0.17647677426153274,6.199808473630095,13.238426037962032,26.377700547932804,-22.382723347932803
2011-08-03,5.3350086,7.568299809233817,-3.248525381100397,-3.426824504612169,-0.22061145200676735,-0.09430229613866432,13.243315384765467,13.821351560141286,-8.486342960141286
2011-08-04,14.594856,7.5604268832755395,-5.4377042881419335,-5.119818085298788,-0.23626130021730474,-3.7463729525128318,13.248167153220642,6.2684374103253235,8.326418589674677
2011-08-05,10.696289,7.549672646910197,-5.617775344195482,-6.510755651081434,-0.17552370077542728,-5.220899525429394,13.252847311910248,3.2775657373387084,7.418723262661292
2011-08-06,18.591564,7.536256813988086,-2.9856023316373106,-7.531305601839478,-0.034505743609762746,-5.700195368540054,13.257414625470417,4.5420623938318965,14.049501606168105
2011-08-07,28.205334,7.520056503531071,2.058216820488377,-8.153641636611283,0.1511924488264955,-5.967085756675687,13.261748331811049,8.870486711370022,19.33484728862998
2011-08-08,16.33268,7.5010678113819145,5.462353597780629,-8.342016077575838,0.3334980574244448,-6.18936573748002,13.265822369115822,12.03136002064695,4.30131997935305
2011-08-09,9.193158,7.479682743860599,3.055743516856303,-8.068457884252748,0.48416572330189667,-6.232881407146844,13.26977766620159,9.988030358820797,-0.7948723588207969
2011-08-10,4.385556,7.457040344264039,-3.2495586754099306,-7.379522890091804,0.6075416844072148,-5.995592481683572,13.274278811985829,4.714186793471773,-0.32863079347177315
2011-08-11,11.321852,7.432586595235989,-6.0539661257788415,-6.430366808093225,0.7238412482119961,-5.637146369407507,13.27907646744693,3.314025007615342,8.007826992384658
2011-08-12,6.6528144,7.405516877588534,-1.2069921079109456,-5.432478082406818,0.8369916648596072,-5.60825162716334,13.283759845564319,9.278546570531356,-2.6257321705313563
2011-08-13,8.774002,7.3764830555586895,6.091470612326634,-4.525042776547163,0.9246871555682977,-6.178591707268064,13.288692388993002,16.9776987286314,-8.2036967286314
2011-08-14,7.8008723,7.345537082269537,6.772965959672145,-3.6722647548772107,0.9657678702542578,-6.678037694881495,13.293917359838195,18.02788582227543,-10.22701352227543
2011-08-15,7.589562,7.312111019530603,-0.9621097596820403,-2.6879712407876912,0.9776507246131018,-5.4203821995713275,13.299132018522508,12.518430562625154,-4.928868562625154
2011-08-16,15.015452,7.276563957591115,-8.928471540912037,-1.3989227261528672,1.0187459414124733,-1.009223019033439,13.304554082862138,10.263246695767382,4.752205304232618
2011-08-17,4.9949503,7.238432715593837,-8.409097159200437,0.17348948607461112,1.1453631193928118,5.877485189970199,13.309910436557137,19.33558378838816,-14.34063348838816
2011-08-18,6.6334734,7.1979236245236535,-0.05274557992862172,1.7611631832248955,1.3581286039362672,12.184205505491219,13.31541665986932,35.764091997116736,-29.130618597116737
2011-08-19,92.29246,7.154873559680587,7.62810729213926,2.980410761930081,1.5885424955979652,14.454881152289339,13.321157775341705,47.127973036978936,45.16448696302107
2011-08-20,33.409863,7.107260335836381,8.219221965506447,3.566797369510173,1.7446661516619208,11.519151246836149,13.32591610509454,45.48301317444561,-12.073150174445608
2011-08-21,12.8780985,7.056246089100613,3.189922188008888,3.5647728858138588,1.7830964875992907,5.413955181307602,13.33029572981489,34.33828856164514,-21.460190061645143
2011-08-22,39.946922,7.002227430561955,-2.0269457438332816,3.2911305688904604,1.7362847633217575,-0.39789707486314185,13.334488567645229,22.939288511722978,17.007633488277023
2011-08-23,5.4230566,6.944577353199211,-4.296814460485598,3.153317345762264,1.6811668989688138,-3.6252174994805584,13.338097041989966,17.1951266799541,-11.772070079954101
2011-08-24,4.91325,6.884502127428111,-3.604062743701041,3.4598381619082494,1.6788199947890696,-4.360748340468478,13.34165387978221,17.40000307973812,-12.48675307973812
2011-08-25,10.181868,6.822338854308801,-0.4757113944396487,4.3119474404964615,1.7298668179189547,-4.442139845071009,13.345240832608352,21.291542705821914,-11.109674705821915
2011-08-26,73.266426,6.757749089874366,4.037949740267023,5.642780242077099,1.784434739379265,-5.804794969488023,13.348752862391605,25.766871704501334,47.49955429549866
2011-08-27,45.293186,6.688933085995989,6.437576849288431,7.3434210749758755,1.797320939059667,-8.91930565930326,13.351200866243987,26.69914715626069,18.59403884373931
2011-08-28,4.367368,6.6167356501462145,2.74357839609878,9.37760209294094,1.7813473616725617,-11.934094218994813,13.353030610261113,21.938199892124796,-17.570831892124797
2011-08-29,1.0389397,6.542261097646277,-5.737441328681061,11.754153504949247,1.8015862955399484,-11.20223636024241,13.354837111591914,16.51316032080392,-15.47422062080392
2011-08-30,14.0074,6.46558471788264,-10.982300950393142,14.387591406470047,1.9137391934632966,-3.4267134037263896,13.356687446417567,21.71458841011402,-7.707188410114018
2011-08-31,37.558704,6.386130427991317,-5.926642044729652,16.964146250775453,2.102081506800086,11.448934415112051,13.358378546773125,44.33302910272238,-6.774325102722379
2011-09-01,83.46308,6.302974928132523,6.4802238853495915,18.931811200970895,2.2746234348471432,28.73863907267183,13.359522624559927,76.0877951465319,7.375284853468102
2011-09-02,107.143074,6.2146670918877085,14.793171644265813,19.674502919367434,2.3277956172085847,40.74905192491209,13.359425745751619,97.11861494339325,10.024459056606744
2011-09-03,174.8844,6.120573785588657,11.039610316928863,18.803317817252612,2.2286451292460954,41.16240041949403,13.357845183642667,92.71239265215291,82.17200734784709
2011-09-04,66.261375,6.01951055222432,-0.6411537029295928,16.37446579324706,2.0398571846833704,28.96463248567771,13.35396737345752,66.11127968636039,0.1500953136396106
2011-09-05,12.175018,5.914374657806306,-8.98950697818604,12.901337123338411,1.8694403466779446,9.092332603333647,13.349244194029644,34.137221946999915,-21.962203946999914
2011-09-06,9.650297,5.807029194065203,-7.976939042335113,9.102684174133262,1.7847982416662804,-10.522561525555933,13.344520661539942,11.539531703513642,-1.889234703513642
2011-09-07,2.653701,5.697696691728308,-1.6419019686563292,5.601339454249184,1.774390457112911,-23.016245585613767,13.33975555182661,1.7550346006469173,0.8986663993530826
2011-09-08,0.0437703,5.587091134290915,2.7121215550484763,2.7389579554686865,1.7781045210557176,-25.41081446558035,13.335203937055962,0.7406646373394068,-0.6968943373394068
2011-09-09,0.33326262,5.475880518551099,2.7016970175363673,0.5704534942827368,1.7456729858091848,-19.333442144664794,13.33122958159717,4.491491453111763,-4.158228833111763
2011-09-10,0.86149573,5.363389938475934,0.8849586960235697,-1.0053058971071287,1.671239649084883,-9.807950959884433,13.327474426118094,10.433805852710918,-9.572310122710919
2011-09-11,3.6830242,5.2492464579462155,-0.5095324108544441,-2.099795197751256,1.584927999204372,-2.6628898811481827,13.323721031029946,14.885677998426651,-11.20265379842665
2011-09-12,1.0532448,5.133356999499094,-1.4846242491634456,-2.7635294010929847,1.5217769852226573,-1.555937320454338,13.319918158627445,14.170961172638428,-13.117716372638428
2011-09-13,0.5346378,5.01595193318623,-1.648999944722266,-3.003009998745963,1.4925710170782462,-6.211268973145092,13.316163901284977,8.961407934936132,-8.426770134936131
2011-09-14,2.107078,4.897372637558599,0.4495497066223004,-2.82816894210904,1.4734061444166677,-13.035272302259024,13.31260754000812,4.269494784237622,-2.1624167842376223
2011-09-15,0.6814357,4.777840525045908,3.7992454478799096,-2.2603480899003534,1.4245121012733986,-17.517132261539384,13.309270137391286,3.533387860150766,-2.8519521601507662
2011-09-16,1.1046045,4.657498993315101,3.6830785832016755,-1.2994141499614786,1.3307952302175161,-16.46959033691232,13.306091948536007,5.208460268396502,-4.103855768396502
2011-09-17,2.5614753,4.537016136075813,-2.654287861784671,0.08224873896286145,1.2311299838381378,-8.826085436805075,13.303509949417961,7.673531509705028,-5.1120562097050275
2011-09-18,0.5781334,4.415453795046114,-10.027078321142621,1.8600698152779078,1.1995636618010757,4.443114121159158,13.30105955901112,15.192182631152754,-14.614049231152753
2011-09-19,15.680617,4.2926280073684415,-9.035884378603308,3.815036582288851,1.2782444294619886,20.170597090883454,13.298671287592569,33.819293018992,-18.138676018992
2011-09-20,41.041912,4.168154286423098,2.5460557962206076,5.4692553505626895,1.4219451412827881,32.98440445512986,13.296155930470595,59.885970960089644,-18.84405896008964
2011-09-21,169.5761,4.041510586565156,14.8637700182115,6.227218160516412,1.5173140703953152,37.02958337434589,13.293351448884762,76.97274765891903,92.60335234108096
2011-09-22,92.53117,3.9089982888025263,15.550085085867169,5.689284642436434,1.4720307423630379,29.521543746349206,13.28813415544077,69.43007666125915,23.101093338740853
2011-09-23,23.955772,3.772922611054985,3.5767525810956844,3.9445531731659504,1.294230127519958,13.515838603721232,13.281684817048024,39.38598191360583,-15.430209913605832
2011-09-24,3.1092641,3.6362424277803944,-9.428444363241725,1.545626225243664,1.0749032234278821,-3.3652387008076907,13.275431793807156,6.738520606209681,-3.629256506209681
2011-09-25,0.79320836,3.5005381637597095,-11.940814986291674,-0.7913832989963987,0.9021159841845664,-13.7833397181181,13.270114807524545,-8.84276904793735,9.63597740793735
2011-09-26,2.360979,3.3649529225678094,-4.090251063522516,-2.543465369642523,0.7972458751423155,-15.271468153940114,13.265122534508233,-4.477863254886795,6.838842254886796
2011-09-27,0.875229,3.229635377682179,4.65189834990918,-3.5635456082600196,0.7253636950347127,-10.953220947302958,13.260490483690258,7.350621350753352,-6.475392350753352
2011-09-28,0.014002435,3.0953493004213986,6.80850964551036,-3.9989955846304728,0.6522061221283248,-6.30622235651723,13.256701481672378,13.50754860858476,-13.49354617358476
2011-09-29,0.06741099,2.9616600370336865,3.0914819151349207,-4.061771381344618,0.5797864973307137,-5.03803333732153,13.253627383257749,10.786751114090922,-10.719340124090921
2011-09-30,2.8804576,2.8277159513466463,-1.5748906575023849,-3.8486624903365847,0.5324711874140589,-7.114508865512439,13.250770635055957,4.072895760465254,-1.192438160465254
2011-10-01,5.7535286,2.6938395063157836,-4.194816575231494,-3.3270899088112107,0.5252917925938221,-9.632083362015356,13.248292005282522,-0.6865665418659326,6.440095141865933
2011-10-02,7.8492336,2.5603851774671122,-4.309995527277421,-2.459601006898555,0.5507138629156553,-9.244591549809964,13.24634865384048,0.34325961023730756,7.505973989762692
2011-10-03,4.4837937,2.4269022714963766,-1.6178650398941143,-1.3463718340763025,0.585302318247122,-4.4812819100885335,13.244607365900624,8.811293171585172,-4.327499471585172
2011-10-04,0.6192676,2.293017032246571,3.3563605700839427,-0.26456818304260454,0.599619919662083,3.2107274071977905,13.24291134405537,22.438068090203153,-21.818800490203152
2011-10-05,71.45757,2.159069590833464,6.92825217342886,0.4314007863863172,0.5672015351053648,10.249551536972998,13.241548377294963,33.577024000021964,37.88054599997804
2011-10-06,38.0549,2.0230683195065153,4.51599229811098,0.4872131946288384,0.481622841574602,13.164244022965562,13.239384854487044,33.91152553127354,4.1433744687264635
2011-10-07,1.4122157,1.8855018284765421,-3.068324214159042,-0.0989607663611051,0.37420520097496807,10.841844459658851,13.23670267826682,23.170969186857036,-21.758753486857035
2011-10-08,1.043477,1.7475306926137038,-8.359249247284353,-1.0905482107411306,0.2975756095170587,4.918169625073388,13.234064142644884,10.747542611823551,-9.704065611823552
2011-10-09,1.539526,1.6095643332579694,-5.14129488850371,-2.1587602486179973,0.28123501150027086,-1.7886297427007032,13.231511977358295,6.033626442294125,-4.494100442294124
2011-10-10,1.5993398,1.4728868598960547,3.3993426623060716,-3.0461417850315957,0.30403683707738605,-7.107240244324149,13.22973018238183,8.252614512305598,-6.653274712305598
2011-10-11,2.6999097,1.3372187380460616,7.590418625128957,-3.64755613804597,0.31834820642106554,-10.031020564850916,13.22859987733203,8.79600874403123,-6.09609904403123
2011-10-12,3.2567844,1.2015655624965775,2.855118250012074,-3.994538286696774,0.3004776733256439,-10.204509616842644,13.227513623478279,3.3856272057731562,-0.12884280577315632
2011-10-13,1.8257113,1.0660500886921387,-4.562745257594464,-4.185265184047672,0.2695828276069109,-7.8003699554514645,13.226469387994989,-1.9862780927995622,3.8119893927995623
2011-10-14,4.2504716,0.9308052023166946,-5.453510014057155,-4.3048121969199356,0.252958018747011,-4.1258118068926,13.225525273931964,0.5251544771259766,3.7253171228740234
2011-10-15,35.932693,0.7956682859280287,0.8019837403091097,-4.364122027549488,0.24157892823048185,-1.615183419341,13.224586342131706,9.08451184970884,26.84818115029116
2011-10-16,21.894077,0.6597801192569663,5.81980660679668,-4.27121398250526,0.19679079742281594,-2.182403100058486,13.223160209192015,13.445920650104732,8.448156349895267
2011-10-17,2.238621,0.5234956265858637,3.195949684820762,-3.8530228574747647,0.10592931616053741,-5.159967264236137,13.221424534259402,8.033809040115663,-5.795188040115663
2011-10-18,5.858819,0.38744618014332605,-3.6605728876604156,-2.967284493478898,0.014628944486005768,-7.336758284523908,13.219669421244202,-0.3428711197896881,6.2016901197896885
2011-10-19,1.7214301,0.25185405785645787,-6.5465297514577605,-1.6448061920327306,-0.009277625477424556,-5.591304445047396,13.217997901733293,-0.32206605442556047,2.0434961544255605
2011-10-20,0.4644436,0.11765924671379835,-2.839083915844382,-0.14333408618971605,0.05723121455294142,0.3581886808276101,13.216935531407564,10.767596671467816,-10.303153071467817
2011-10-21,30.844198,-0.015561523626336116,2.406040051838305,1.1502620810537274,0.16947374338118176,7.811874183430663,13.216201420963364,24.738289957040905,6.1059080429590935
2011-10-22,60.133377,-0.14914447806244768,4.0569286955755945,1.909906240229668,0.25861993601465266,13.434543910555844,13.215082092847735,32.72593639716105,27.407440602838953
2011-10-23,31.037548,-0.2840350160323377,2.831844976827907,2.023890131182418,0.2915722904753649,15.477563828305183,13.21308188298549,33.553918093744024,-2.5163700937440225
2011-10-24,13.532549,-0.4194960464031315,2.0930660409706006,1.6090347195370969,0.2840110225309219,13.969662987451025,13.210606475103566,30.746885199190082,-17.214336199190083
2011-10-25,8.872754,-0.5541750261197134,1.794363941500492,0.8917334720318225,0.2634983595253177,9.639510646027052,13.208320280851979,25.24325167381695,-16.37049767381695
2011-10-26,4.9799848,-0.6879846963126983,-0.7245406698295837,0.07919775181311102,0.2393301873542112,3.4930862817535124,13.20619269849371,15.605281553272263,-10.625296753272263
2011-10-27,0.11163484,-0.820959401057999,-4.736151588834981,-0.7036787671316683,0.20965551317376366,-2.726829933173843,13.204197669913631,4.426233492888903,-4.314598652888903
2011-10-28,0.0009839423,-0.952974300085435,-5.127201746608921,-1.4147515771576937,0.18078821532339878,-6.683525549336146,13.20225995123989,-0.7954050066249057,0.7963889489249056
2011-10-29,0.031832606,-1.0829918958901734,0.6575376202359964,-2.067396873037801,0.16375309556422535,-6.9155050305370604,13.200889199325472,3.9562861156606584,-3.9244535096606583
2011-10-30,5.1193123,-1.210847307418176,7.374373950299193,-2.684478157954697,0.15606366440002428,-4.229387243735999,13.20004329124718,12.605768196837525,-7.486455896837525
2011-10-31,4.6609216,-1.335502537456944,7.077052025704205,-3.2476951128961105,0.14128948670182495,-1.2386600792896907,13.20034717284037,14.596830955603656,-9.935909355603656
2011-11-01,0.54164,-1.4583425512195296,-0.9370707385896968,-3.6698566051254655,0.11529042290916743,-0.2678964034162263,13.201127046876563,6.983251171434811,-6.441611171434811
2011-11-02,0.0020191073,-1.579500717594132,-8.395296496177647,-3.835342210907617,0.1022398700948002,-1.7154903495718625,13.20236560228167,-2.221024301874788,2.2230434091747884
2011-11-03,0.00052759424,-1.6997064812382456,-7.467741479657739,-3.6895337988522536,0.13438230610527474,-4.334277080290128,13.203616675479353,-3.853259858453736,3.853787452693736
2011-11-04,0.116596,-1.8188794169648337,0.28515658941273225,-3.318496653407168,0.20886466544729534,-6.713461918343006,13.204867737705202,1.8480510038502214,-1.7314550038502214
2011-11-05,6.7113976,-1.9369498428206142,6.360781880018132,-2.926987593381721,0.27531596219431664,-8.18405609491494,13.206119499272578,6.794223810367752,-0.0828262103677524
2011-11-06,15.981996,-2.054053127855719,5.3457485661529205,-2.705887247486718,0.27637715286413234,-8.538127125184632,13.207269189905693,5.531327408395677,10.450668591604323
2011-11-07,11.495692,-2.170420783446908,-0.13123121980753494,-2.6859495830792532,0.2025845604522216,-7.490184450075699,13.20818770998036,0.9329862340231863,10.562705765976814
2011-11-08,9.511127,-2.2849568761296988,-4.198472285437454,-2.6998905266956337,0.10349575477001557,-4.794924136706482,13.20945499382555,-0.6652930763737022,10.176420076373702
2011-11-09,0.429546,-2.398028129406436,-4.423631549882351,-2.4922139920099107,0.04422868569054489,-0.808991890002928,13.210773648141995,3.132136772530913,-2.702590772530913
2011-11-10,0.81593686,-2.5097468413313035,-2.235960664268875,-1.9037429835416464,0.05047074181231298,3.291064829660453,13.212100590057123,9.904185672388063,-9.088248812388063
2011-11-11,44.191784,-2.620267847975282,0.7988899211229247,-0.9951754152573573,0.09401312889968394,5.9248430819196125,13.213426286191192,16.415729154900774,27.776054845099225
2011-11-12,16.292582,-2.7308444318753065,3.9752643435825674,-0.0118267246620532,0.12598550248247792,5.88623103412535,13.214084902854648,20.458894626507686,-4.166312626507686
2011-11-13,1.9224856,-2.8402447115180367,5.36611036273734,0.7966483109892533,0.12035289901338109,3.154360154380132,13.214746777036082,19.81197379263815,-17.889488192638147
2011-11-14,20.390625,-2.9478959069442796,2.326602828521616,1.3472004396423656,0.08494389152368526,-0.6750320582594923,13.215601450177308,13.351420644661204,7.039204355338796
2011-11-15,16.786695,-3.0544274499336854,-4.142163485447201,1.7700895570434974,0.04247894486466819,-2.793244811324518,13.2162073031172,5.038940058319961,11.747754941680041
2011-11-16,2.4482746,-3.159552019008254,-7.9624565206108215,2.2954249262872115,0.008475686963280105,-0.758590834361377,13.216737341229962,3.6400385805000006,-1.1917639805000007
2011-11-17,0.2695825,-3.26300081652714,-4.05743603043917,3.0576759500470625,-0.016178243721118535,5.45344088238696,13.217315453719488,14.39181719546608,-14.12223469546608
2011-11-18,0.7058433,-3.3646743163740203,4.590149230948922,3.9717551329452867,-0.04008806269009357,12.76457421255516,13.21798348175851,31.139699679143767,-30.433856379143766
2011-11-19,89.26306,-3.464224579166953,8.991256933233291,4.777567031231827,-0.07450666030486913,16.837240777046933,13.21909440081807,40.2864279028583,48.976632097141696
2011-11-20,45.88397,-3.5644689640972835,4.346817502130129,5.211549383056622,-0.12785100509000158,15.232527921564099,13.21904405992681,34.31761889749038,11.566351102509621
2011-11-21,6.6652613,-3.66452753095508,-3.998558967178479,5.187545634198618,-0.19633749406986772,9.157415490564498,13.218312309362439,19.703849441922127,-13.038588141922126
2011-11-22,1.003088,-3.7631716181791512,-6.855546003482194,4.812928594184545,-0.264828447564417,2.1248338286095114,13.217497573328275,9.27171392689657,-8.26862592689657
2011-11-23,1.682227,-3.8596660884553344,-1.9606844204337497,4.277221082733936,-0.31709771742987214,-2.9264267308259666,13.216953435227643,8.430299560816657,-6.748072560816657
2011-11-24,1.0639341,-3.9539128064065068,4.162481810368928,3.7270420161391136,-0.34987717335319596,-5.3021045050965085,13.21677684626286,11.50040618791469,-10.43647208791469
2011-11-25,0.008253846,-4.046401290414331,4.792400800140188,3.216242942419411,-0.379606207400594,-5.981145737094871,13.216645023544354,10.818135531194157,-10.809881685194156
2011-11-26,0.020467676,-4.136797501233016,0.5051157963862577,2.7416164958714044,-0.4312747074606761,-6.121341597035256,13.21665436597379,5.773972852502505,-5.753505176502505
2011-11-27,0.016359612,-4.225066576424916,-3.1603414181758875,2.31325640478409,-0.5145563925839524,-6.296340116647762,13.216805291453655,1.3337571924052263,-1.3173975804052263
2011-11-28,0.0020219013,-4.310778515741119,-3.0970795506910083,1.992554918421545,-0.6116616025198794,-6.645759494716524,13.217316933821285,0.5445926885742995,-0.5425707872742995
2011-11-29,0.0033895485,-4.394265796073826,-1.0216202446327634,1.8714817243232287,-0.6931874359260027,-7.075179848016356,13.217968958614744,1.9051973582890245,-1.9018078097890245
2011-11-30,5.3696933,-4.475838011277757,0.5803528060181796,2.01718641222459,-0.7491147395481724,-7.127393157821924,13.218625365726872,3.4638186753217894,1.9058746246782103
2011-12-01,11.813421,-4.555674819640602,1.5944226699229067,2.4320093699202214,-0.7995958344758318,-6.021647334073825,13.21923570086715,5.868749752520019,5.944671247479981
2011-12-02,11.083996,-4.633867771340386,2.3939304460388953,3.0483548149479915,-0.8708827696100204,-3.2145286860974354,13.219707066709105,9.94271310064815,1.1412828993518502
2011-12-03,47.856243,-4.710219829939623,1.6116823623087013,3.7449399188735133,-0.9629249182201081,1.0233630154196993,13.220150662199323,13.926991210641505,33.929251789358496
2011-12-04,10.51493,-4.785326200370806,-1.6146257439311187,4.362677053862145,-1.0479175620748384,5.672582602666557,13.22024632792067,15.80763647807261,-5.29270647807261
2011-12-05,0.003669411,-4.85879658342062,-4.462209893277818,4.722247353322252,-1.1035771608249678,9.528781320590605,13.220233566458198,17.04667860284765,-17.04300919184765
2011-12-06,15.434301,-4.929962646267178,-2.8225456995599636,4.63423122688317,-1.1457029370366143,11.519721243947622,13.220435121946146,20.476176309913182,-5.041875309913182
2011-12-07,7.593393,-4.9994331454709995,2.6402142180134365,3.962020642293956,-1.2126599071748867,10.780743532377098,13.220443407865234,24.39132874790384,-16.797935747903843
2011-12-08,11.912722,-5.0670507889152265,5.676872205433043,2.710180040209301,-1.3196552881155188,6.9900512701284185,13.220380671655223,22.21077811039524,-10.298056110395239
2011-12-09,11.801191,-5.1329664839592954,1.7076654278207934,1.0659814033048944,-1.4379535798300043,1.0004916349960322,13.22018239622752,10.423400798559939,1.3777902014400603
2011-12-10,0.6741521,-5.197198964300547,-5.687636267248182,-0.6464536329952175,-1.522841668769367,-5.000541400169504,13.219807567399338,-4.834864366083481,5.509016466083481
2011-12-11,0.002609333,-5.259423379953796,-8.267825589339465,-2.098779011959464,-1.558885031748992,-8.491592540178289,13.219426824456828,-12.457078728723179,12.45968806172318
2011-12-12,0.0015485566,-5.319644470679065,-2.943153152429491,-3.103021169761063,-1.5704395346656879,-8.187812743379341,13.219056487350679,-7.9050145835639665,7.906563140163967
2011-12-13,0.23798226,-5.377729548581851,4.539439151686444,-3.670794177482105,-1.5874829987501813,-4.787837005331531,13.218709964395613,2.3343053859363874,-2.0963231259363875
2011-12-14,0.8111193,-5.433119561764135,6.643428891250997,-3.9637852004011798,-1.6128376711394306,-0.3345898554174385,13.218628464177451,8.517725066706262,-7.706605766706263
2011-12-15,0.750463,-5.485932629014478,2.5596632465825717,-4.1787663785479126,-1.6303987970122193,3.050557568558389,13.21869713268146,7.5338201432478105,-6.783357143247811
2011-12-16,4.741807,-5.5364191807415075,-2.246582463410758,-4.432442926489985,-1.636108910349753,4.044637906944661,13.218821170383555,3.4119055963362115,1.3299014036637882
2011-12-17,1.3461041,-5.584711930910679,-3.4725569203022606,-4.701190274649838,-1.64481219512367,2.406616657876317,13.218947214343594,0.22229255123346192,1.123811548766538
2011-12-18,0.29521412,-5.630802198611821,-1.9768458310577612,-4.850175037655991,-1.6668050105764656,-0.9958400662515912,13.219066646527969,-1.9014014976256615,2.1966156176256613
2011-12-19,2.20402,-5.674569516077881,-0.36729117055715677,-4.737667032362342,-1.6926416923515963,-4.411129449583779,13.219229466014609,-3.6640693949181458,5.868089394918146
2011-12-20,1.3664032,-5.7160373741073665,1.050661761302056,-4.325591295560134,-1.710545456371412,-6.005970671299754,13.21942099403854,-3.48806204199807,4.85446524199807
2011-12-21,0.5276494,-5.755169384720977,2.83331126306635,-3.724697281987291,-1.7313105643736895,-5.034030472202261,13.219624252430382,-0.192272187787486,0.719921587787486
2011-12-22,0.1181357,-5.79159657780612,3.2013184986301164,-3.136409514861674,-1.7780794380168508,-2.3480131459852,13.220015023051685,3.3672348450119554,-3.2490991450119555
2011-12-23,0.35187674,-5.825108816158142,-0.13277831007479945,-2.7274279083575244,-1.8464187898759585,0.38784880385258214,13.220714671085876,3.0768296504720336,-2.724952910472034
2011-12-24,0.83688366,-5.855630829601765,-5.104731605210463,-2.5407653210189056,-1.8915391931986556,1.9764014046525347,13.221748939742325,-0.1945166046349307,1.0314002646349307
2011-12-25,2.1679842,-5.8835168273979965,-5.905312769461821,-2.509876334131028,-1.8712383710506235,2.1096344697474976,13.22289215204948,-0.8374176802444904,3.00540188024449
2011-12-26,1.1847622,-5.9090811842954505,-0.37035903571064677,-2.547119835909759,-1.7987346035690548,0.8039166643641376,13.224017927164935,3.4026399320441616,-2.217877732044162
2011-12-27,0.13142312,-5.932403920082147,5.676342375278189,-2.616994183829807,-1.7357280333880678,-1.9452659008514261,13.225120662937636,6.6710710000643765,-6.5396478800643765
2011-12-28,0.2331708,-5.953423018714966,4.66097297238936,-2.7336824097918715,-1.7239224275389415,-5.5565685502768405,13.226214433558074,1.9195909996248126,-1.6864201996248127
2011-12-29,0.21189265,-5.972032655214559,-2.8338164131917534,-2.9079592535679675,-1.7352569639442272,-8.27955752499202,13.227308623337,-8.501314187573529,8.713206837573528
2011-12-30,0.0074189156,-5.9879510502176325,-7.889892353133033,-3.113933851041476,-1.7060806158767665,-8.043719308326303,13.22851156125302,-13.513065617342187,13.520484532942188
2011-12-31,0.012309756,-6.001076133827943,-4.123620743472229,-3.3010931639278454,-1.6165382088925166,-4.367038672191622,13.229818189538417,-6.179548732773739,6.191858488773739
2012-01-01,0.2242662,-6.010698288428809,4.154647990812071,-3.4189215863818965,-1.5166702814772262,0.7631552980728978,13.231665237722812,7.203178370319849,-6.978912170319849
2012-01-02,0.8959302,-6.017341464766847,7.308948878349914,-3.4194547707205785,-1.4647235674704362,4.3095749262411465,13.2338056545672,13.950809656200398,-13.054879456200398
2012-01-03,0.25908336,-6.021606556491713,2.3554734931366705,-3.2603703523655847,-1.4566205687797047,4.5875784660775745,13.23595790204023,9.44041238361747,-9.18132902361747
2012-01-04,0.74577785,-6.023526845821711,-3.989932220286663,-2.933776219721004,-1.4341135246538048,2.2387281273435367,13.238128512954686,1.0955078298150394,-0.3497299798150394
2012-01-05,0.35442957,-6.023098535525309,-4.54292295769452,-2.504587343706492,-1.358516824159462,-0.8859536204370508,13.2403092187391,-2.0747700627837347,2.429199632783735
2012-01-06,0.009280397,-6.020274697925883,-0.3378897239736496,-2.111135784777365,-1.2566181184722214,-3.301016472060821,13.24249026443361,0.21555546722366792,-0.20627507022366792
2012-01-07,0.003988389,-6.015039917405266,2.283852705911418,-1.9012233157654541,-1.1832480493116775,-4.29157256026148,13.244676268976983,2.1374451321445225,-2.1334567431445226
2012-01-08,0.110284194,-6.007305703490513,0.8423547801414242,-1.9494166815054284,-1.1537597423703738,-3.482047349937498,13.246862518830332,1.4966878216679422,-1.3864036276679421
2012-01-09,0.47456545,-5.997025107095776,-0.9627187790396504,-2.228979598226568,-1.1342348665823907,-0.9008890724007572,13.249045174709059,2.025197751363917,-1.5506323013639172
2012-01-10,0.1800987,-5.984289557374995,0.05839339626338885,-2.6485102098142366,-1.0942203041539864,2.3833960906924165,13.251238775294919,5.966008190907507,-5.785909490907507
2012-01-11,4.4908237,-5.969216826634393,1.674226952605677,-3.102967723314034,-1.0443587360415172,4.337487319371664,13.25347849429149,9.148649480278888,-4.657825780278888
2012-01-12,1.6425167,-5.952044188099294,0.31188858935109354,-3.497623531271406,-1.009804792785777,3.3250040854575427,13.255688109515969,6.433108272168129,-4.790591572168129
2012-01-13,0.059534095,-5.932678333287052,-2.639167678494304,-3.749866908571226,-0.9832645810902547,-0.4826533985056593,13.257906823479358,-0.5297240764691402,0.5892581714691402
2012-01-14,0.6401579,-5.911012259764192,-2.464102916755296,-3.795961273425878,-0.9283781919998836,-5.200992477804588,13.260137975959784,-5.0403091437900525,5.680467043790053
2012-01-15,0.19461732,-5.886954093558207,1.3535752048858847,-3.6014913927563175,-0.8298706024815785,-8.63696215324996,13.262375240870309,-4.339327796289869,4.5339451162898685
2012-01-16,1.4464124,-5.858909714534568,3.2920525164700023,-3.1548387034820475,-0.7176497451448387,-9.392854783735162,13.265464451964679,-2.566735978461935,4.013148378461935
2012-01-17,2.2558048,-5.827825019258606,-0.5973187529698494,-2.441888074593473,-0.6249243107403334,-6.841218452950819,13.268820599469262,-3.064354011043818,5.320158811043818
2012-01-18,0.039356295,-5.79445076155006,-6.092266258594504,-1.4555574841191548,-0.5405295933914123,-0.9063293648584202,13.272150508483739,-1.516982954029812,1.556339249029812
2012-01-19,5.8792377,-5.758863112109925,-5.394450148083998,-0.2569161806856864,-0.4255834573217953,7.34106418069336,13.275480588834233,8.780731871326187,-2.9014941713261875
2012-01-20,24.678907,-5.7212993324209975,2.3572882899617884,0.9681769953007116,-0.27649878331956157,15.016801914028143,13.278721448303896,25.62319053185398,-0.94428353185398
2012-01-21,42.3316,-5.6824394730792696,8.968111979002078,1.9402613811356684,-0.14744734698610143,18.313548842655408,13.281593693451734,36.673629076179516,5.657970923820486
2012-01-22,22.400888,-5.642931693604212,7.0197297772519205,2.4183656515581125,-0.09309723595896313,14.966754811366904,13.283823370412819,31.95264468102658,-9.551756681026582
2012-01-23,24.032465,-5.6022646404417085,-0.9881460676252893,2.3396964400329843,-0.09969804575483221,6.125437516358161,13.285729598875765,15.060754801445082,8.971710198554916
2012-01-24,13.16308,-5.560195039476435,-6.087085479438983,1.8465231699186728,-0.09676389670153873,-4.319354234813568,13.287396494026858,-0.9294789864849946,14.092558986484995
2012-01-25,2.3258054,-5.51640253415473,-3.985633134219654,1.1981397785288208,-0.0381736334262506,-12.2564203138726,13.288947194092236,-7.309542643052177,9.635348043052177
2012-01-26,0.8580389,-5.470622010613424,0.6898271287920363,0.6370803794218611,0.047344843667827624,-15.403841095288842,13.29049108205368,-6.209719671966859,7.067758571966859
2012-01-27,0.7732734,-5.422774458909474,1.6634730971133709,0.29397288629919366,0.10017315618903988,-13.604364615208503,13.292057643297493,-3.6774622912188804,4.45073569121888
2012-01-28,0.66741127,-5.372852200205545,-0.9343176003520604,0.15409622295035552,0.11031909301570474,-8.181688986414406,13.29363175308716,-0.9308117179187914,1.5982229879187915
2012-01-29,0.08217013,-5.320996132949331,-2.2265489682689044,0.07206029668631042,0.1309729687767137,-1.5316189403814413,13.295198863048833,4.419068086912182,-4.336897956912182
2012-01-30,0.0021436717,-5.267233509888172,-0.2584748908925631,-0.16418272723603927,0.20951943792455774,3.2905617376389125,13.296794111343003,11.106984158889698,-11.104840487189698
2012-01-31,0.54284537,-5.2116067933262205,1.692814797767852,-0.7185493243465773,0.3256203637136241,3.8819894962472556,13.298401495122247,13.26867003517818,-12.72582466517818
2012-02-01,1.1540432,-5.154082484162615,0.7191603581496336,-1.5845096095749798,0.4149397615309016,0.29168266493157763,13.300004939505097,7.987195630379617,-6.8331524303796165
2012-02-02,0.9015459,-5.094627363299914,-1.246106873801208,-2.5467527157869596,0.4468018878989287,-4.532196600398348,13.301593663693422,0.3287119983059217,0.5728339016940783
2012-02-03,0.1732572,-5.033181347031818,-0.7536063371405004,-3.287008019734767,0.4575814067593612,-6.672692729955236,13.303182632660526,-1.9857243944424354,2.1589815944424355
2012-02-04,0.004890375,-4.969753966228165,1.4583035540735945,-3.5753336945717957,0.502772993848479,-4.1193726651113804,13.304794528728753,2.601410750739486,-2.596520375739486
2012-02-05,0.116375975,-4.904518346818883,1.3857409431730359,-3.4063251157263004,0.5927673842819703,1.9377125111284208,13.306415526864349,8.911792902902592,-8.795416927902592
2012-02-06,14.790138,-4.837576452149127,-1.8149603325512622,-2.9878884325220136,0.6889492778797699,8.285350218624268,13.308050689327532,12.641924968609166,2.148213031390835
2012-02-07,54.703533,-4.769327294742434,-3.6775036347778896,-2.6091318869373317,0.7537694579857241,11.904620550315794,13.309500398191927,14.91192759003579,39.79160540996421
2012-02-08,19.019722,-4.700403890081465,-0.4412477109737766,-2.4837703064312757,0.7860922535534454,11.416371469660655,13.310390007724667,17.88743182345225,1.1322901765477518
2012-02-09,2.3061235,-4.6302307166872545,4.966452780503876,-2.652572305806406,0.8054952188070597,7.34092924289407,13.311079153903771,19.14115337361512,-16.83502987361512
2012-02-10,0.40838543,-4.558476163226519,5.831413155170107,-3.0018300404146534,0.8171310456599662,1.6949142300783,13.311793669875808,14.09494589714301,-13.68656046714301
2012-02-11,1.810251,-4.485115946864354,0.28444267062656287,-3.3420987215908475,0.81505118087328,-2.727989431009247,13.31254626527874,3.8568360173141336,-2.0465850173141336
2012-02-12,0.936826,-4.4098163609091845,-5.7823164743934,-3.509087680505824,0.8124950280283807,-3.646717895523698,13.31355421923708,-3.2218891640666456,4.1587151640666455
2012-02-13,3.3720152,-4.332755479040779,-5.66090383123851,-3.4507508297784315,0.842184009572748,-0.8367047082204802,13.31472646442839,-0.1242043742770651,3.496219574277065
2012-02-14,12.507687,-4.25410392648117,0.2163930568755349,-3.252561687021986,0.9136282278003578,3.3654902231349535,13.315898751578512,10.304744645886203,2.202942354113798
2012-02-15,5.313607,-4.173630248284434,5.241934545997935,-3.066676413522777,0.9854987169727975,5.512627915770361,13.317178472810717,17.8169329897446,-12.5033259897446
2012-02-16,9.143603,-4.091466506460289,4.645584817136394,-2.983625844353641,1.0009945941921825,3.5701544162966448,13.318551100766339,15.46019257757763,-6.316589577577629
2012-02-17,12.048614,-4.007853715358053,0.21128107449070188,-2.947604304831292,0.9525914836744624,-1.583554390425919,13.319896738879619,5.94475688642952,6.103857113570481
2012-02-18,5.8481245,-3.9227816074491395,-3.1551227294923327,-2.7766698191189434,0.8992785904612914,-6.86673361645257,13.321163980867327,-2.500865201184366,8.348989701184365
2012-02-19,0.39970037,-3.835877823857177,-3.2098114904883612,-2.2848421721798227,0.9055198244175628,-9.16852743547538,13.322554162128831,-4.270984935454344,4.670685305454343
2012-02-20,0.18931949,-3.747000455059139,-1.283841524585071,-1.4210994742552963,0.9664088043204493,-7.247599096185851,13.324138772410016,0.5910070266451086,-0.4016875366451086
2012-02-21,0.1946399,-3.656224564153992,0.9019622154108138,-0.32019193650322353,1.0090956896818184,-2.271251687163062,13.325917406183626,8.98930712345598,-8.79466722345598
2012-02-22,3.8027549,-3.5639822745699443,2.810914449235029,0.7741689054827393,0.9737798914554678,2.9413798203109414,13.327758160801787,17.26401895271602,-13.461264052716022
2012-02-23,48.99382,-3.4705928133262303,3.6244408750234296,1.6554038046926371,0.8802678938326779,5.417976841219133,13.329580943014669,21.437077544456315,27.556742455543684
2012-02-24,13.677027,-3.3774300669978006,1.7903683311605296,2.270050668023104,0.8039293301949796,3.697008238123099,13.330675528778121,18.51460202928203,-4.83757502928203
2012-02-25,24.905294,-3.2836346430686465,-2.442721127918339,2.7421506863631206,0.7938030966989988,-1.1022227179580568,13.331601248812717,10.038976542929793,14.866317457070208
2012-02-26,9.933224,-3.189530577732534,-5.556678181651388,3.2721881915189854,0.8260546765917035,-5.775401935835948,13.332164795962605,2.908796968853423,7.024427031146576
2012-02-27,2.6998477,-3.094735513762826,-3.9330768783938215,4.004547795101838,0.8454185100527686,-7.052205785607978,13.332575043541054,4.102523170931034,-1.4026754709310345
2012-02-28,1.830765,-2.9989123050965243,1.4824630188024608,4.925434172173656,0.832998139102133,-3.8826992321613085,13.332962863864225,13.692246656684642,-11.861481656684642
2012-02-29,44.235905,-2.901426997297468,5.48336485804598,5.85904096340891,0.8171443067724671,1.841887986253983,13.33378105172816,24.433792168912035,19.802112831087967
2012-03-01,10.546522,-2.804037843887966,4.328353629449919,6.570315763594438,0.8230543806917643,6.751558831348319,13.334118631531327,29.0033633927278,-18.4568413927278
2012-03-02,24.26395,-2.7058190872621384,-0.06104785757560194,6.917749292906148,0.8335231732269617,8.406332085029732,13.334565651458904,26.725303257784006,-2.4613532577840047
2012-03-03,9.86297,-2.6073383623064865,-2.7600581312228014,6.939900416297747,0.8107327854344667,6.671614237527269,13.334780753720631,22.389631699450824,-12.526661699450823
2012-03-04,6.673254,-2.5084363536220473,-1.6892967793860274,6.842758157143552,0.7498968120611975,3.368715329344551,13.334858445550672,20.0984956110919,-13.425241611091899
2012-03-05,62.296936,-2.4090201686740227,0.697516300275309,6.873645085059817,0.6887157491457381,0.8350827686098756,13.334878784091318,20.020818518508037,42.276117481491966
2012-03-06,38.797527,-2.310518838437246,1.313340389905343,7.16505925110517,0.6603368140329308,0.5894341111867434,13.333986310411387,20.751638038204327,18.045888961795676
2012-03-07,10.143436,-2.211629450505061,0.19899181467393334,7.65951236686716,0.6551491186721694,2.7522207852055893,13.33294967932609,22.38719431423988,-12.243758314239882
2012-03-08,6.452826,-2.1121134564337414,-0.47426478755936025,8.13496770556792,0.6387287462436015,6.106330884654035,13.3319136398245,25.625562732296956,-19.172736732296954
2012-03-09,55.551815,-2.012193402457715,0.27927585385067427,8.319084900795456,0.5990771349624415,8.690509799914597,13.330786658871595,29.20654094593705,26.345274054062948
2012-03-10,49.587513,-1.9133599777949986,1.438506194980905,8.026079356499,0.5570554060405991,8.755463917875128,13.328819871814042,30.192564769414673,19.394948230585328
2012-03-11,9.180342,-1.8156040631431578,1.9008582246157155,7.252710832411896,0.5276580636842809,5.709689641899748,13.326110543114503,26.901423242582986,-17.721081242582986
2012-03-12,1.9557437,-1.7178594851100668,1.544345847252674,6.1768969738740305,0.4892111782348316,0.49612563004221033,13.323263625336338,20.311983769630018,-18.35624006963002
2012-03-13,0.81659734,-1.619979880454824,0.33334292716696556,5.070628676528294,0.4128898396423011,-4.796483765983437,13.320385463446001,12.7207832603453,-11.9041859203453
2012-03-14,1.4277459,-1.521778590298787,-1.9012720991146892,4.1698821505399986,0.3184099414442684,-7.891906562992735,13.31759510266865,6.490929942246705,-5.063184042246705
2012-03-15,1.1143396,-1.4231000800499949,-4.001484227799962,3.5448162815144064,0.2713069229551883,-7.525217521737413,13.314939326052661,4.181260700934887,-3.066921100934887
2012-03-16,0.22679661,-1.3240495124166347,-3.3401265170326253,3.051326829517816,0.308711188445148,-4.32482610718898,13.312324656702438,7.683360538027163,-7.456563928027163
2012-03-17,34.798805,-1.2247233476459285,1.0147897520113491,2.4243039202895846,0.38234590459839224,-0.673469164098569,13.30972881478034,15.23297587993517,19.565829120064834
2012-03-18,20.93166,-1.1261220693249143,5.530102959263849,1.4783725710722433,0.4017978363867638,0.7680372732900592,13.306604596828999,20.358793167517,0.5728668324830011
2012-03-19,4.9655714,-1.027784944967526,4.958748782406129,0.2848193493924809,0.3404814473741572,-0.8881214556983289,13.303236291995784,16.971379470502697,-12.005808070502697
2012-03-20,0.61152476,-0.9291290749173378,-1.2511094889237744,-0.8486544382643817,0.2741666762068721,-3.9221167150018226,13.299903342730563,6.623060301830119,-6.011535541830119
2012-03-21,0.066484794,-0.8297869894571617,-6.993658061294569,-1.5955126329797824,0.29767942306969625,-5.437653577210318,13.29681647498259,-1.2621153628895438,1.3286001568895438
2012-03-22,0.0069802627,-0.7298259078401997,-5.810092226079347,-1.8535292035671422,0.41268366963194064,-4.0115420208083465,13.29391635279481,1.3016106641317151,-1.2946304014317151
2012-03-23,38.256016,-0.6295887933520903,1.4411365183977791,-1.808887994033097,0.5198205753478158,-1.0445122157838356,13.29107235415009,11.769040444726663,26.48697555527334
2012-03-24,29.574873,-0.530053109088177,7.228043161697884,-1.7667591585190632,0.5267250539710887,0.6559667601856571,13.28779391482254,19.40171662306993,10.17315637693007
2012-03-25,9.521618,-0.43119937181541323,5.938823905534877,-1.8974257085626123,0.4449226084769047,-0.2829424565440205,13.284183943881816,17.05636292097155,-7.534744920971551
2012-03-26,4.6632204,-0.3323793234677951,-0.12307254720966104,-2.134188322310212,0.3637158448289541,-2.4827047099795316,13.280586733951237,8.571957675812993,-3.9087372758129924
2012-03-27,0.81391233,-0.23356918851864863,-4.368194970376704,-2.277519764952815,0.34614332965776223,-3.264316498227478,13.277023381645893,3.479566289228009,-2.665653959228009
2012-03-28,5.0643053,-0.13472078823154998,-3.802136456834117,-2.1861876957771695,0.37581647122013917,-1.2169841337650662,13.273570750197322,6.309358146809558,-1.2450528468095579
2012-03-29,1.9023826,-0.03604034550025472,-1.102960603078853,-1.898776990221695,0.40375695166596776,2.6644506641610377,13.270097551382007,13.30052722840821,-11.398144628408211
2012-03-30,0.0068296213,0.06261840616340353,0.47857364863387497,-1.6100734345654046,0.41731042530424356,6.049296527794162,13.26674278411511,18.66446835744539,-18.65763873614539
2012-03-31,34.482563,0.16111128946745928,1.2331991555282116,-1.5515211518248604,0.43907066144368945,7.094485068877082,13.26351422009524,20.639859243586823,13.842703756413176
2012-04-01,13.480675,0.25833581179211734,2.664062001803863,-1.872636380668058,0.4715366320611747,5.336086245485824,13.259811655797005,20.11719596627193,-6.636520966271929
2012-04-02,0.28992772,0.35472964182189254,3.4875029692481334,-2.565743609230295,0.482329699975194,1.4898676009352514,13.255927833169492,16.504614135919667,-16.214686415919665
2012-04-03,30.82675,0.4516846400549092,1.0353097566942409,-3.4684720316687803,0.45457229626935636,-3.0671631004428628,13.252598277793703,8.658529838700566,22.168220161299434
2012-04-04,14.338244,0.5491083444338724,-3.6651107557325444,-4.32822073072041,0.427343465630202,-6.696177840880088,13.249595661642507,-0.4634618556264609,14.80170585562646
2012-04-05,0.96462387,0.6463887565828632,-5.46943662915571,-4.8963279436155185,0.4579800135549984,-8.051180956256733,13.246501859759569,-4.06607489913053,5.030698769130531
2012-04-06,12.570478,0.7436320081340309,-1.5074233144308011,-5.0262724625590876,0.544699813192556,-6.860109453876271,13.243400676419654,1.1379272668800802,11.43255073311992
2012-04-07,5.8772798,0.8416091412140196,4.122537842456532,-4.706355171070228,0.6195714916067464,-4.151514290937284,13.24072283128661,9.966571844556396,-4.089292044556396
2012-04-08,0.5934832,0.9401241497026136,4.772798940017234,-4.012039375804905,0.6344125306861059,-1.4206757280713418,13.238329093262198,14.152949609791905,-13.559466409791906
2012-04-09,0.76509124,1.0386398009540705,-0.24582651599328595,-3.0502689825885643,0.6269632159845469,0.5156748971494916,13.236025813126739,12.121208228632998,-11.356116988632998
2012-04-10,0.26266837,1.1367907774802337,-4.486952439898129,-1.9422657650570874,0.6738296961044729,1.82213058229627,13.233757480866213,10.437290331791973,-10.174621961791972
2012-04-11,37.644135,1.2346136925407012,-2.5701277313199036,-0.8292581812558213,0.785007121741695,2.980678652364264,13.23166913153209,14.832582685603025,22.811552314396973
2012-04-12,21.39624,1.3310243229148595,2.9771569779691873,0.1471622724239539,0.878544831487244,4.159080938907839,13.229173938705474,22.72214328240856,-1.3259032824085608
2012-04-13,11.438317,1.4261477079592246,5.316476923450916,0.9029887687891229,0.8758819709461544,5.302881747730902,13.2263886752437,27.050765794120018,-15.612448794120018
2012-04-14,74.826546,1.520033805589287,2.2081667813177464,1.4349292280593398,0.7978120987783939,6.36431545379472,13.22344526363693,25.54870263117642,49.277843368823575
2012-04-15,21.9689,1.6109953259358587,-1.7845762156320433,1.7895906992621329,0.7405824554902486,7.041545390950423,13.219375775253308,22.61751343125993,-0.6486134312599283
2012-04-16,0.71066666,1.7004089461338845,-2.153106363235201,2.020691810819907,0.7629957596641541,6.48494668449011,13.21499994226705,22.030936780139903,-21.320270120139902
2012-04-17,20.622063,1.7888531582435216,-0.29039514167127045,2.149089869810687,0.8214756527733045,3.8072893531826004,13.210619109653658,21.4869320019925,-0.8648690019924992
2012-04-18,11.096521,1.8759027158262642,-0.2088412128413969,2.1932189931021733,0.8373030133143502,-0.6287666852794057,13.205943062483174,17.27475988660516,-6.178238886605161
2012-04-19,9.014884,1.962186624175107,-1.7448872996861864,2.214429075296525,0.8013824428243652,-4.764771944140453,13.201332231783521,11.66967113025288,-2.6547871302528794
2012-04-20,9.868949,2.0474182469213726,-0.9316275366049116,2.2990114968559237,0.7761822331515835,-6.339444570195039,13.196643674699134,11.048183544828063,-1.1792345448280628
2012-04-21,5.244138,2.1317854265986114,2.9393357239500584,2.5064401858191707,0.8012558922251071,-4.971750129978629,13.19196628570694,16.59903338432126,-11.35489538432126
2012-04-22,15.529564,2.2158217558361843,4.741682114749791,2.8524508541090072,0.8378153484724717,-2.466816559788512,13.18753181373781,21.36848532711675,-5.838921327116751
2012-04-23,24.327496,2.299154758982705,0.5331973155601684,3.33792574661005,0.8279880969450082,-0.9491433879802507,13.18315203233977,19.23227456245745,5.095221437542548
2012-04-24,7.894268,2.3812571306574593,-5.45623425873005,3.9694450290979315,0.7831266954811953,-1.0448637451091312,13.178568524745623,13.811299376143028,-5.9170313761430275
2012-04-25,3.4413495,2.462546051559505,-5.076872552205187,4.731104981623799,0.7730750472439215,-2.155543819476502,13.174012063502232,13.908321772247769,-10.46697227224777
2012-04-26,10.366168,2.5430172154827373,2.514307583745289,5.556341803062291,0.8262268575273858,-3.9644926985403135,13.169476287726777,20.644877049004165,-10.278709049004165
2012-04-27,33.61801,2.6222515982827304,8.120326424321602,6.3809656974077535,0.880100658293835,-6.613029640811771,13.164819888526594,24.555434626020745,9.062575373979254
2012-04-28,9.788966,2.6995382001720163,3.566632781089257,7.245289633614633,0.8601614812129958,-9.035280883869898,13.159731354376689,18.496072566595693,-8.707106566595693
2012-04-29,0.36517832,2.7754672886162095,-7.034940328857588,8.307596286345081,0.789101634162908,-8.030182396202028,13.154563607928608,9.961606091993191,-9.596427771993191
2012-04-30,2.1130648,2.850192187989686,-11.123272516282103,9.667483883604968,0.7728078124953425,-0.4619291615647131,13.14940860798668,14.85469081422986,-12.74162601422986
2012-05-01,4.5125213,2.9237067581644696,-2.7539088344188976,11.135369198016233,0.868391558708924,12.945356703451273,13.144290781780539,38.26320616570254,-33.75068486570254
2012-05-02,95.18669,2.995967055726635,9.83601170301402,12.189350238612127,0.9975990413427619,26.415796523651736,13.139250344081873,65.57397490642916,29.61271509357084
2012-05-03,168.18262,3.0642568018107648,13.680939136232656,12.229557987285046,1.0223239107058275,32.611451681695485,13.132913872045311,75.74144338977509,92.4411766102249
2012-05-04,68.77558,3.126229770695952,5.761625266344805,10.983109590398623,0.9004027658745057,28.07684205407205,13.12407058569051,61.97228003307645,6.803299966923554
2012-05-05,14.856602,3.1846365066061817,-4.818838293026426,8.711135158989784,0.7304433752488809,15.628850404573193,13.11422628033843,36.550453432730045,-21.693851432730042
2012-05-06,8.116349,3.241264892241815,-8.351022470745999,6.024404986346037,0.6314112693501581,1.733363680920824,13.104183980072468,16.383606338185302,-8.267257338185303
2012-05-07,5.295865,3.29657799439709,-4.3777548658181855,3.5146134906060573,0.6150951084444441,-8.137170927429512,13.094062242542899,8.005423042742793,-2.7095580427427928
2012-05-08,1.3111541,3.350680907848206,0.7880548439201722,1.4827077560720665,0.6001699609729608,-12.17331960107671,13.083924232737253,7.132218100473949,-5.82106400047395
2012-05-09,15.582092,3.403706798496598,2.801762654948288,-0.08633116395236373,0.5316040380301895,-11.708987287863454,13.073785045604208,8.015540085263464,7.566551914736536
2012-05-10,15.867834,3.4559709147106976,2.3814225057570835,-1.3569053105112128,0.44686999331303207,-9.19948520940245,13.063717514385367,8.791590408252517,7.076243591747483
2012-05-11,3.8828418,3.5080947918519003,1.293177251022968,-2.451342411319674,0.41414153450811864,-6.671006970965042,13.054085105430772,9.147149300529044,-5.2643075005290445
2012-05-12,2.940767,3.560554006784148,-0.5878673748853696,-3.371920007466938,0.4356005910033164,-5.171459991578954,13.045233482407244,7.910140706263448,-4.969373706263448
2012-05-13,0.9021,3.612430074808067,-3.046657331736415,-4.043471683243945,0.4474197584413134,-4.766230198253313,13.036663354804382,5.24015397482009,-4.33805397482009
2012-05-14,0.005067792,3.6632547099482107,-3.477110510690797,-4.409519058705516,0.4085269929981641,-4.83257929615247,13.028128933683725,4.380701771081316,-4.375633979081316
2012-05-15,13.140968,3.7128792011071434,0.021375287859785208,-4.512696115783657,0.351267033390294,-4.662633104412775,13.019625294404461,7.929817596565251,5.21115040343475
2012-05-16,7.5836606,3.7608086087519457,4.601990399324843,-4.503662235337531,0.3282024597537662,-3.9929430698371426,13.01093786998603,13.205334032641911,-5.621673432641911
2012-05-17,1.9332464,3.8075863057065473,4.860868934323305,-4.56409990657577,0.33471867831999036,-2.9525771728670183,13.002393848657182,14.488890687564236,-12.555644287564236
2012-05-18,16.664001,3.8531804603330704,-0.29614483506037703,-4.802662183884448,0.3150926635641327,-1.62890177762208,12.993943720312078,10.434508047642376,6.229492952357623
2012-05-19,4.969808,3.8970173302844824,-5.36934166729035,-5.204309925849489,0.2416332147649387,0.02974390449973205,12.985244157714142,6.579987014123456,-1.6101790141234567
2012-05-20,0.39758766,3.939463913398037,-4.5307879789639935,-5.664992846316094,0.15634603298655902,1.7862899239959085,12.976488340738431,8.662807385838848,-8.265219725838849
2012-05-21,4.948219,3.9807530647064637,1.1905312069262823,-6.0816855725959424,0.1147057593654878,2.862199826228015,12.967770031465005,15.034274316095312,-10.086055316095312
2012-05-22,42.878098,4.0211058494199445,5.186123062493675,-6.405409288885314,0.11010628136850888,2.5418831392996775,12.95923267297002,18.413041716666513,24.46505628333349
2012-05-23,18.012928,4.059516831013809,3.3533798492519087,-6.623246895318012,0.08471254779355608,1.0740935210179914,12.950339478454032,14.898795332213284,3.1141326677867145
2012-05-24,0.45898557,4.096699331259162,-1.4049025216865783,-6.717288193543615,0.012963417840561056,-0.34723073770606355,12.941501330111493,8.58174262627496,-8.12275705627496
2012-05-25,17.028683,4.132611319483697,-3.518860472912129,-6.675903138233502,-0.05896541356948354,-0.7746110652566514,12.932698972561523,6.036970202073455,10.991712797926546
2012-05-26,6.657103,4.166889674099986,-1.5326100156008624,-6.5228550454653,-0.07318399239440662,-0.47710687610818914,12.92371300076318,8.484846745294409,-1.8277437452944083
2012-05-27,3.1258059,4.200018315918901,1.2118728733453459,-6.306161313422196,-0.04188486370686992,-0.46682003072295286,12.91473943703613,11.511764418448358,-8.385958518448358
2012-05-28,7.320018,4.232783630735282,1.576080696133549,-6.052224568840161,-0.04108087003379529,-1.1413163345695927,12.906044523987857,11.48028707741314,-4.1602690774131394
2012-05-29,25.075693,4.266756361589692,0.037658488697860815,-5.725888281170831,-0.1147239695254548,-1.657864322298565,12.898569220894288,9.704507498186992,15.37118550181301
2012-05-30,13.489456,4.300130004389807,-1.151244982978873,-5.257868079976859,-0.21058560050702818,-0.8331434935657547,12.891448918826596,9.738736766187888,3.750719233812113
2012-05-31,2.7159188,4.3320455830191555,-1.2028817215775378,-4.637701495946175,-0.23676928952630832,1.4280439882406182,12.884270767713806,12.56700783192356,-9.85108903192356
2012-06-01,24.58216,4.362722034804964,-0.8713044786083216,-3.9826130450196144,-0.17190456484417743,3.7499669173444934,12.877137523250182,15.964004386927526,8.618155613072473
2012-06-02,10.110586,4.3918675691536375,-0.3919809578138129,-3.4946057538861357,-0.09290735598926933,4.364044751258266,12.86989419792732,17.646312450650004,-7.535726450650005
2012-06-03,16.882914,4.419442905527386,0.797932242414816,-3.3239021051698887,-0.08511031912833467,2.5406666422882567,12.862601508156969,17.211630874089202,-0.3287168740892028
2012-06-04,5.802928,4.445047768235149,2.251970006476477,-3.4683921217621565,-0.1475512827996813,-0.9798016509600215,12.85505477438111,14.956327493570877,-9.153399493570877
2012-06-05,1.9998248,4.469326750886591,2.1773793045550938,-3.773066590991569,-0.20419273006930203,-4.667917081440351,12.847569607773869,10.849099260714333,-8.849274460714332
2012-06-06,17.68388,4.492630943679066,-0.22453052361980033,-4.025338589202141,-0.2017086641793023,-7.208694748186007,12.840286586944401,5.672645005436216,12.011234994563782
2012-06-07,5.2439446,4.5141474729738125,-3.060860259796482,-4.058337219987114,-0.16846553547931445,-8.040094612296688,12.832782029544202,2.019171874958417,3.224772725041583
2012-06-08,7.786028,4.534144376955491,-3.524533259127126,-3.788413895602721,-0.1648709603846834,-7.315283027398983,12.825240222704196,2.5662834571461737,5.219744542853826
2012-06-09,21.969286,4.552641226449172,-1.0914055909958216,-3.2045428024848612,-0.1993613533125246,-5.6865874583987654,12.817643111395714,7.188387132652913,14.780898867347087
2012-06-10,7.220978,4.5693097346442775,2.0033685471589586,-2.3439507214284174,-0.22143724681130542,-4.101334783538961,12.809749699897923,12.715705229922476,-5.494727229922476
2012-06-11,3.9485433,4.584965058598913,3.32969783137531,-1.2696299807773106,-0.19593703575233032,-3.5027685752728783,12.80203207409309,15.748359372264792,-11.799816072264793
2012-06-12,24.551453,4.599680996831818,2.3430843552346956,-0.04387519715398351,-0.15532061595506677,-4.324859650092649,12.794533405560731,15.213243294425546,9.338209705574453
2012-06-13,13.056825,4.613441507026986,-0.010190150933614084,1.3169733564742245,-0.1558105518057178,-5.913088492430537,12.78720078786189,12.638526456193231,0.41829854380676856
2012-06-14,0.15040487,4.626630255867735,-2.47044547107151,2.868163855339158,-0.19514632128474044,-6.421673347691067,12.780205395463513,11.187734366623088,-11.037329496623089
2012-06-15,0.33538136,4.639026738089205,-3.67582804398854,4.66626813231272,-0.20951300949234097,-3.7580835038215197,12.773401170150454,14.435271483249977,-14.099890123249978
2012-06-16,49.7428,4.650550424958061,-2.3870767409234066,6.639075987443541,-0.15765466237808823,2.756969753025258,12.766869104624991,24.268733866750356,25.474066133249647
2012-06-17,25.954056,4.660006348913104,1.0456631634632854,8.522855835463234,-0.07954510568602252,11.314255440606937,12.760023483045225,38.223259165805764,-12.269203165805763
2012-06-18,1.6285777,4.667334528811114,3.8147350336165817,9.957728188556828,-0.04755017113610552,18.33661343746346,12.752930632880787,49.48179165019266,-47.85321395019266
2012-06-19,118.45019,4.672872134060968,2.9365732156709297,10.656323246468776,-0.07654054765206061,20.671377874447792,12.745898622093277,51.60650454508968,66.84368545491033
2012-06-20,74.947754,4.673781097285758,-0.9159352273608388,10.535041115290165,-0.10887958598222272,17.60822983703792,12.737279174715567,44.529516410986346,30.418237589013657
2012-06-21,2.8022592,4.671701802136241,-3.235456156784813,9.747694888085169,-0.09106778537674703,11.110776717551746,12.7279865204827,34.9316359860943,-32.1293767860943
2012-06-22,82.643875,4.668434437733573,-0.8759655721849711,8.558946447323805,-0.05051632906742265,4.006040518064666,12.718974330978677,29.02591383284833,53.61796116715166
2012-06-23,19.869793,4.661738823416586,3.5454800810082556,7.205860720086841,-0.06386100932781803,-1.9698920409755567,12.708847027257836,26.088173601466146,-6.218380601466144
2012-06-24,7.099619,4.653175156045133,4.427958916511365,5.8842092601539475,-0.14824371187913732,-6.470365359151883,12.698524096928795,21.045258358608223,-13.945639358608222
2012-06-25,6.0344286,4.643238226074617,0.15770689871301563,4.752964110322586,-0.2293749253621004,-9.640296497881648,12.688240989586133,12.372478801452603,-6.338050201452603
2012-06-26,0.4604212,4.632116543449147,-4.602649743578669,3.937261745530451,-0.22875925477574272,-11.34677603571767,12.67806169957523,5.069254954482744,-4.6088337544827445
2012-06-27,0.009377021,4.621432867087641,-4.608258010165325,3.50488684442146,-0.16169272711622315,-11.352129261153708,12.668776005709486,4.673015718783331,-4.663638697783331
2012-06-28,0.612298,4.610544260734664,-0.45696324953871126,3.4513011470811144,-0.11687054829864668,-9.80469931444658,12.659899841771173,10.343212137303013,-9.730914137303014
2012-06-29,2.0448766,4.5987123559187,2.6092277569032465,3.711674913472427,-0.14338820589231246,-7.152632227219554,12.651115859895135,16.274710453077642,-14.229833853077642
2012-06-30,3.1073089,4.585882652573556,1.6388977085165923,4.185258458176275,-0.19060475175093508,-3.64249926539677,12.642420936486417,19.21935573860513,-16.11204683860513
2012-07-01,50.34745,4.571986114997705,-0.7974787172967828,4.7437641580401415,-0.17830387805629455,0.7298693489976931,12.633796903028282,21.703633929710744,28.643816070289258
2012-07-02,30.250053,4.555633874507604,-0.9693334000649001,5.228457806493016,-0.10516313763240287,5.6438778880165374,12.624488385163447,26.977961416483303,3.2720915835166977
2012-07-03,59.24303,4.537019638766683,0.8033166403872554,5.478072612060177,-0.05212799665379816,10.113444298823058,12.614752709160625,33.494477902544,25.748552097456
2012-07-04,31.208162,4.5153242465166255,1.3757235871701838,5.359464349996548,-0.08102852860970278,12.902086783650642,12.604149970116756,36.67572040884105,-5.46755840884105
2012-07-05,7.770436,4.491324961794106,0.05162555404348204,4.806157154794926,-0.1586547513855689,13.309666775792964,12.593180201592387,35.093299896632296,-27.322863896632295
2012-07-06,28.545057,4.465710288261661,-0.4427409094571202,3.822286313523885,-0.2072103141827092,11.39899244900021,12.582222042315351,31.619259869461278,-3.0742028694612777
2012-07-07,36.358414,4.438055890218539,1.2318387003350173,2.476650497080726,-0.20909246074243176,7.6808806450279805,12.570955650378378,28.18928892229821,8.169125077701793
2012-07-08,19.194492,4.4081369330283415,2.151419198244656,0.909049802606286,-0.22392538894756842,2.9927620718081176,12.559257329973088,22.79669994671292,-3.6022079467129196
2012-07-09,4.253286,4.376738684232999,-0.6340206018985742,-0.681822296439058,-0.29763396404547493,-1.3247508583050691,12.547537680659236,13.986048644204057,-9.732762644204058
2012-07-10,1.5353639,4.344400262078442,-4.6248063044572865,-2.1097725256939253,-0.3907397819926519,-3.7830097840980024,12.536006227927802,5.972078093764377,-4.436714193764377
2012-07-11,0.53753424,4.311096611217503,-4.052671508061109,-3.3013556091477674,-0.4274113024337982,-3.9605757678139284,12.524552273411071,5.0936346971719715,-4.556100457171971
2012-07-12,14.320545,4.276866040918122,1.9992766109595181,-4.318998235719993,-0.3996060077475663,-3.330265073422439,12.513140874959943,10.740414209947584,3.580130790052415
2012-07-13,11.266548,4.241268880796056,6.822538097834534,-5.2544778589682135,-0.3831291309329438,-4.197162865604951,12.501555507597764,13.730592630722247,-2.464044630722247
2012-07-14,8.95375,4.204281607106609,3.8698424756664456,-6.076851727024612,-0.4389232909152077,-7.267569394960311,12.489856104381001,6.780635774253927,2.1731142257460725
2012-07-15,0.30725265,4.166161508695197,-4.330754089796643,-6.601055807566112,-0.5299463431145566,-10.45537941513284,12.478113839096686,-5.27286030781827,5.58011295781827
2012-07-16,0.008911826,4.127233988644248,-8.36574269586205,-6.631793631179071,-0.5664155768034209,-10.634708945837119,12.466410821020508,-9.605016040016901,9.613927866016901
2012-07-17,3.4074013,4.087574778075686,-3.368900993451482,-6.160221060749639,-0.5244410310440698,-6.787959050916798,12.454747352360643,-0.29920000572566074,3.706601305725661
2012-07-18,9.11993,4.047763243048452,4.794351456186745,-5.415020001136592,-0.4817727143964238,-1.1486449467508637,12.443385250014675,14.240062286965992,-5.120132286965992
2012-07-19,36.448994,4.0087344506944715,6.759367311445463,-4.708796240773846,-0.5199178843861791,2.967732056934867,12.432783418669827,20.939903112584602,15.509090887415397
2012-07-20,39.77831,3.9691597522199995,1.0869027738155104,-4.230567458151335,-0.6200105054458536,4.229579064822984,12.422292055241847,16.85735568250315,22.920954317496847
2012-07-21,19.98246,3.928019026408964,-4.664940206857006,-3.973235580115607,-0.6902346770814365,3.9695066730280377,12.411498038379326,10.980613273762279,9.001846726237721
2012-07-22,3.6505544,3.8852509840927696,-4.031281186400217,-3.833745325511943,-0.688679642918774,4.082367554439982,12.4004093425688,11.814321726270617,-8.163767326270616
2012-07-23,2.950688,3.841422702843759,0.6948138397858461,-3.7533020238698405,-0.6799824542282031,4.871346453381266,12.389375196643465,17.363673714556292,-14.412985714556292
2012-07-24,3.7072272,3.7969711912774238,2.7491005435724913,-3.751795461426282,-0.7492527510964984,5.221012001030882,12.378625694475668,19.644661217833686,-15.937434017833686
2012-07-25,12.567909,3.7520211439677533,0.30104554459245014,-3.8593948576679358,-0.885023408652648,4.3592902655913885,12.368170586371628,16.036109274202637,-3.468200274202637
2012-07-26,12.613942,3.7060576170837134,-1.9810370673491848,-4.059066910157425,-0.9860770659801881,2.711591853042202,12.3576391382694,11.749107564908519,0.8648344350914812
2012-07-27,15.165681,3.659216548892541,-0.4164012134492283,-4.2992439101782365,-0.9857042572160597,0.9822121712102828,12.347067693800597,11.287147033059895,3.878533966940104
2012-07-28,9.830687,3.6117606178436708,2.3903842456327,-4.528146585311731,-0.9332900166356983,-0.9275166749986191,12.336595877978727,11.949787464509049,-2.1191004645090494
2012-07-29,7.8024817,3.5640070748754553,1.7607584946337425,-4.6851752771572075,-0.9303724434100653,-3.522015742986774,12.32632890791564,8.513531013870791,-0.7110493138707907
2012-07-30,4.7185426,3.5170602413153045,-1.9264073224360523,-4.676348026595978,-1.0084776348247324,-6.437621259324972,12.316825546427669,1.7850315445612388,2.9335110554387613
2012-07-31,1.268083,3.470841611266051,-3.6323698989459805,-4.391148651169419,-1.1022461752033803,-8.14863151335783,12.307977082029824,-1.4955775453807352,2.763660545380735
2012-08-01,3.3879333,3.424444395902948,-0.9117784457313612,-3.7807738213411533,-1.1436137985848542,-7.258810256229725,12.299306968067366,2.6287750420832197,0.7591582579167802
2012-08-02,2.7240832,3.3780201299350088,2.5146284716459926,-2.93077661976533,-1.147351187182379,-3.944999118631297,12.290982698928879,10.160504374930873,-7.4364211749308735
2012-08-03,4.995499,3.331268158282712,2.009866934122702,-2.041715772357202,-1.1776225317335385,0.045991773842631284,12.282849136698752,14.450637698856058,-9.455138698856057
2012-08-04,5.058108,3.283912719813184,-1.4498677843612113,-1.329886774146806,-1.2521921685937694,2.6904060992976464,12.274803459532569,14.217175551541613,-9.159067551541614
2012-08-05,3.6083157,3.235869180320239,-2.7889905669678106,-0.9277684556174057,-1.3187080382619687,2.8827145866856747,12.26681372251153,13.349930428670259,-9.741614728670259
2012-08-06,21.522123,3.187316194876013,-0.18097055186544164,-0.8475826270363833,-1.3310517185914166,0.7164877141261523,12.258954071492646,13.80315308300157,7.7189699169984305
2012-08-07,13.658979,3.138074736064495,2.303305077876063,-0.9998995937590958,-1.313973701838786,-2.782221091826097,12.251121864864528,12.596407291381109,1.0625717086188917
2012-08-08,6.3830996,3.0880253346981466,0.5605394853485413,-1.229397712112704,-1.3240051879241452,-5.975205923759466,12.243257214896719,7.363213211147091,-0.9801136111470905
2012-08-09,2.3137913,3.037201654816397,-3.517109182582616,-1.3726907020128518,-1.3646984036543905,-7.192889012406072,12.23538186724111,1.8251962214015762,0.4885950785984239
2012-08-10,1.4285133,2.9857555777162235,-4.424575409398893,-1.3323685853741587,-1.3774689246926322,-5.690992202416467,12.227514354294932,2.3878648101290043,-0.9593515101290042
2012-08-11,25.382318,2.933838706447234,-0.5577501288423118,-1.1336855032324287,-1.3252714010428823,-2.2780954655671417,12.21971525058237,9.85875145834484,15.523566541655162
2012-08-12,13.992473,2.880789978814538,3.5828723182612228,-0.907734880977176,-1.253696306400782,1.2497519744401937,12.211631238278198,17.763614322416196,-3.771141322416195
2012-08-13,1.058287,2.826970577372822,3.4365564568798384,-0.7930158287695585,-1.2396196921497578,3.532318238266849,12.203498139503418,19.966707891103614,-18.908420891103614
2012-08-14,34.632854,2.7726253073126257,0.15881637087853462,-0.8452283208636329,-1.292883403884537,4.431608804368433,12.195472190887436,17.42041094869886,17.212443051301143
2012-08-15,12.861772,2.716817848345837,-1.6181454844165826,-1.0256441533057796,-1.3424295813911833,4.443196243792766,12.186984700854044,15.360779573879102,-2.4990075738791013
2012-08-16,0.6450764,2.6603043647522027,-0.3860426945187757,-1.2504713151711568,-1.3266293532108095,3.7361495860383145,12.178427108722197,15.611737696611971,-14.96666129661197
2012-08-17,14.821818,2.6034339211668347,0.6651461289450274,-1.460744205982864,-1.2721609677925114,2.1418834970546206,12.169922027964505,14.847480401355613,-0.025662401355612374
2012-08-18,42.220314,2.545960510281701,-0.9949664441600321,-1.6466464487976136,-1.254503035471683,0.05068852738076368,12.161252823950592,10.861785933183729,31.358528066816273
2012-08-19,14.111635,2.488219184203494,-3.04205829584514,-1.8322155629429633,-1.291346762500266,-1.2879749134468041,12.152646512976741,7.187270162445062,6.924364837554938
2012-08-20,0.49774116,2.430153760581189,-1.5802459844110892,-2.0595964145538534,-1.3130743350339187,-0.8981588242309431,12.144091919290961,8.723170121642346,-8.225428961642345
2012-08-21,1.1561667,2.3720112936659046,2.6771415911629917,-2.3916627095867575,-1.2567007178026839,0.5512875178443502,12.135666049488755,14.087743024772559,-12.931576324772559
2012-08-22,1.7102478,2.3142383107182187,4.464961456531679,-2.8691074405260593,-1.1559743808514793,1.0892271841216978,12.127663616830159,15.971008746824214,-14.260760946824215
2012-08-23,3.8190947,2.2561892425486896,0.8181201107500391,-3.4362713263276774,-1.1052982056796605,-0.555754789394497,12.11978546742668,10.096770499323574,-6.277675799323574
2012-08-24,1.3679904,2.197857319428132,-4.455437575698837,-3.9303241948301673,-1.1405821793239173,-3.5403377375570275,12.111997585509028,1.243173217527211,0.12481718247278906
2012-08-25,0.19742781,2.1396786207877714,-5.060069877553711,-4.182846556589031,-1.189586175050981,-5.807424348226355,12.104419759710922,-1.9958285769213866,2.193256386921387
2012-08-26,0.9405869,2.083182239367111,-0.013612947241088857,-4.159301170449793,-1.1586769036323314,-6.306962626096264,12.09788671074261,2.5425153026902443,-1.6019284026902443
2012-08-27,1.8164753,2.027447455428599,4.987837288159196,-3.9841374025197855,-1.0461090165976497,-5.918324134661661,12.091893095699625,8.158607285508324,-6.342131985508324
2012-08-28,0.9395429,1.971629299124492,4.307592414543641,-3.8123181599167113,-0.9414308175178654,-6.018797845229093,12.0859813540261,7.592656245030562,-6.653113345030562
2012-08-29,0.26775664,1.9156449581002952,-1.1998644826163298,-3.661260223268894,-0.9116663234692043,-6.453999627123179,12.080079314269454,1.7689336158921432,-1.5011769758921432
2012-08-30,0.55513203,1.859877490198861,-5.535470251671058,-3.3838908378566868,-0.9199316980089507,-5.409135597942719,12.074295148321601,-1.3142557469589509,1.8693877769589509
2012-08-31,4.662633,1.804781358771535,-4.367217252294742,-2.829049219086923,-0.8780381218236963,-1.4732697937595223,12.068799669134686,4.326006640941337,0.33662635905866267
2012-09-01,22.346542,1.7509608626148858,0.8381155103300805,-2.036623393140682,-0.7620172595182753,4.366782153884815,12.063882847009982,16.221100721180804,6.125441278819196
2012-09-02,50.309174,1.698453150245961,5.145612095894563,-1.271340830727712,-0.6433421223733965,9.057248272170693,12.059557756587179,26.04618832179729,24.26298567820271
2012-09-03,22.278372,1.6469986910115142,5.189718623625652,-0.8472006234407277,-0.5994208462909989,9.960249639564916,12.055846448139478,27.406191932609836,-5.127819932609835
2012-09-04,18.583637,1.5955920551277192,1.5475040254665544,-0.8953892256694099,-0.6198654177091836,7.099830676679502,12.05231490189009,20.779987015785274,-2.1963500157852742
2012-09-05,7.069392,1.5438983330499108,-2.6695928599853165,-1.294699183812271,-0.6277217481927915,3.0158189145974448,12.048695695819054,12.016399151476032,-4.947007151476032
2012-09-06,30.91417,1.4920848674910305,-4.4669225296033925,-1.7823652288334624,-0.5762624658507352,0.5231253677772374,12.0450833827532,7.2347433937338765,23.679426606266123
2012-09-07,14.857167,1.4395479720741655,-2.8346053831783697,-2.1419058415128873,-0.4974726525536243,0.4688043035243552,12.04119941354816,8.475567811901799,6.3815991880982015
2012-09-08,3.52129,1.3865102127031328,0.6731497639765454,-2.3062295169955505,-0.4450851152518811,1.4237622047450456,12.037184983226853,12.769292532404146,-9.248002532404145
2012-09-09,1.1689956,1.3336856959629442,2.955504722196716,-2.340607425139428,-0.4179874340841726,1.2867537640211761,12.033449860011702,14.850799182968938,-13.681803582968938
2012-09-10,0.3540516,1.2809287408959042,1.9788618676399459,-2.3390519033040373,-0.36370388840029866,-0.7895288591590534,12.029864280783766,11.797370238456226,-11.443318638456226
2012-09-11,2.31519,1.2281266542437197,-1.0867882227200591,-2.328741185250146,-0.2534763332216488,-3.8721405133985694,12.026307312232774,5.71328771188607,-3.3980977118860705
2012-09-12,4.210838,1.1752706680032567,-2.9216969330812765,-2.242517434439933,-0.1262989841669769,-6.370473033667994,12.022734124127908,1.5370184067749832,2.6738195932250166
2012-09-13,1.930071,1.1224075754866218,-1.6997382674894264,-1.9476616472425505,-0.040443208127365085,-7.463834320910287,12.019125085386351,1.9898552171033437,-0.059784217103343584
2012-09-14,1.3674791,1.0695971282896106,0.8706898470075777,-1.3031427783929428,0.003855175504421146,-7.428217321592368,12.015541931034129,5.228323981850427,-3.8608448818504275
2012-09-15,3.0342457,1.0167381202759715,1.773004355721548,-0.23011641081947298,0.06515260280119976,-6.823096012625874,12.011974352965577,7.81365700831895,-4.7794113083189504
2012-09-16,7.6673,0.9644168674707465,0.4001632544921815,1.230404474380649,0.18108113281209412,-5.7000223738330895,12.008689211718686,9.084732567041268,-1.417432567041268
2012-09-17,8.511524,0.9130226188057255,-1.0657075269636844,2.914396271937965,0.31433866521391957,-3.7282183177291532,12.005832219384228,11.353663930649,-2.842139930649001
2012-09-18,10.131348,0.8617187166251695,-0.8786948788851996,4.60154563402121,0.39856500921717614,-0.8632844532915549,12.002933624420317,16.122783652107117,-5.991435652107118
2012-09-19,37.84342,0.8104133875037289,0.11807900173689073,6.10656013901129,0.425152456796107,2.4183187919735913,12.000000603992959,21.878524381014564,15.964895618985437
2012-09-20,20.934813,0.7589086449788577,0.31078228210577086,7.331419595731891,0.4586266672898177,5.569504402034032,11.996810123249896,26.426051715390265,-5.491238715390267
2012-09-21,14.343747,0.709183023702074,0.04718277761749476,8.247706787093406,0.5578452443002095,8.353130843251567,11.994595109005544,29.909643784970296,-15.565896784970295
2012-09-22,18.016354,0.6600535115755659,0.8861401949902318,8.828018686255279,0.6994658727813807,10.484223021958108,11.992865627340873,33.55076691490144,-15.534412914901438
2012-09-23,88.421036,0.6102807096155626,2.517635325378837,9.009636208308255,0.8020372174303917,11.097104991596074,11.991049272275335,36.027743724604456,52.393292275395545
2012-09-24,30.915958,0.5578982863068496,2.4353841214504657,8.73708032692658,0.8240934483748996,9.071572978262129,11.98798147733458,33.6140106386555,-2.6980526386555006
2012-09-25,12.314218,0.5044534185713456,-0.4230633976508462,8.05506458538105,0.8142088800023586,4.300217013609481,11.984536179825284,25.235416679738673,-12.921198679738673
2012-09-26,1.4582253,0.45079424281629743,-3.3628751629499463,7.1245468191664,0.8465778008934322,-1.4926627349005759,11.981104104354996,15.547485069380603,-14.089259769380602
2012-09-27,12.605233,0.3972229770191984,-2.921500113921127,6.170611510665778,0.9326766083799396,-5.3943722875392535,11.977760537796403,11.162399232400938,1.442833767599062
2012-09-28,15.287214,0.3433553007224086,0.40853356497060866,5.383636735545557,1.019069649591988,-5.129908525973578,11.974227363074782,13.998914087931766,1.2882999120682346
2012-09-29,1.071766,0.28910306614138376,2.506284352044273,4.837890809134237,1.067414180976877,-0.6099671271138583,11.970466154219077,20.061191435401987,-18.989425435401987
2012-09-30,60.55228,0.2347155465295261,1.0708838020666656,4.4634582289158455,1.1050812102544132,5.909993041328017,11.966709006984955,24.75084083607942,35.801439163920584
2012-10-01,40.898712,0.17866418299678385,-1.218708343923181,4.085088828398145,1.1796886237160877,11.020590957642101,11.962084957695563,27.207409206525497,13.691302793474506
2012-10-02,13.855696,0.12173182924747114,-0.46272171737704004,3.5337576694569917,1.2852117465020283,11.948898055185674,11.95702859833469,28.383906181349815,-14.528210181349815
2012-10-03,39.132553,0.06466566235143469,2.7681787884519813,2.7456070361804157,1.3593876358602595,7.9864124009852455,11.951929969113667,26.876181492943005,12.256371507056997
2012-10-04,29.025951,0.006871473048990752,3.9712056054260634,1.8013996634118488,1.360174581550932,0.9495017044992188,11.946351185708805,20.035504213645858,8.990446786354141
2012-10-05,4.8231544,-0.05041229978679057,0.9888150743796394,0.8804142094540233,1.319971986861478,-5.737748182401858,11.940973261801435,9.342014050307927,-4.5188596503079275
2012-10-06,4.2809763,-0.10682054101586899,-2.839199655435779,0.1423613124404654,1.3025964485007464,-9.132783702489036,11.935974155991149,1.3021280179916772,2.9788482820083226
2012-10-07,7.759853,-0.162988162586505,-3.2001238418153997,-0.3642866530879436,1.3216501675432053,-8.638853289971502,11.930946916539105,0.8863451366209585,6.873507863379041
2012-10-08,0.7176548,-0.21903389609082202,-0.5795372146903486,-0.6848939664021674,1.3325397766793532,-6.0460773694085885,11.925818855554619,5.728816185642046,-5.011161385642046
2012-10-09,1.0302162,-0.2747964677278998,0.9376020970825298,-0.8721106062596131,1.3061045028292448,-3.7275670042410503,11.920693244890579,9.289925766573791,-8.259709566573791
2012-10-10,2.881976,-0.33034606110028175,-0.12907118609199267,-0.9344719002358228,1.278721890314411,-2.785896457565738,11.915564258802128,9.014500544122704,-6.132524544122704
2012-10-11,8.979206,-0.3856197417532048,-0.7871366048299615,-0.8671154274803254,1.3055897471336255,-2.8537701171737293,11.91049701127091,8.322444867167315,0.6567611328326848
2012-10-12,8.6005945,-0.4407995208045009,1.1240213119422608,-0.709475046978056,1.3786508384725489,-3.2376795058930887,11.905358010495837,10.020076087235001,-1.4194815872350013
2012-10-13,1.5209212,-0.49589984843092383,2.7206490185842642,-0.5382431920990589,1.426474549581046,-3.605224368433565,11.900116071294866,11.40787223049663,-9.886951030496629
2012-10-14,1.8781296,-0.5506988811894011,0.10176423349816066,-0.39417438015086215,1.4054033132436543,-3.4407379898527535,11.894888811828936,9.016445107377734,-7.138315507377734
2012-10-15,1.2473435,-0.6048033364479337,-4.744900455479767,-0.23817637235897882,1.3619468443686995,-1.580987267377921,11.889907018491614,6.082986431195714,-4.835642931195714
2012-10-16,0.38971218,-0.6563337759392297,-5.058970678751901,-0.008288554408464932,1.374375982273207,2.7487446511817795,11.886184928941368,10.285712553296758,-9.896000373296758
2012-10-17,22.114353,-0.7047154795731901,1.4730638534907343,0.28039688207305696,1.4432600457418339,8.27015752151514,11.88387866530911,22.646041488556683,-0.5316884885566822
2012-10-18,80.42399,-0.7530180732810993,7.968774420685583,0.514654253304228,1.4773759704995872,11.784645812357784,11.881294935626732,32.87372731919282,47.55026268080719
2012-10-19,38.2076,-0.803218676853936,6.121813867233797,0.5750982033753804,1.4018580262296685,10.78851504159233,11.87750537188572,29.961571833462962,8.246028166537037
2012-10-20,1.6924695,-0.8541344774215321,-2.672812616730809,0.45800810187664676,1.2594634401134859,6.073375672372067,11.873179961289715,16.137080081499573,-14.444610581499573
2012-10-21,0.576996,-0.9030935860803545,-8.096519444379158,0.2641900123628693,1.168098387075963,1.2030016412413802,11.869702419019223,5.505379429239923,-4.928383429239923
2012-10-22,0.32874757,-0.9502175318994203,-3.631025727672121,0.09147914603437585,1.1853575376126786,-0.7560337452225961,11.866910298067852,7.80646997692077,-7.47772240692077
2012-10-23,30.068548,-0.9964529659598125,5.058854313340834,-0.05057453076149032,1.2437442077158596,0.20492265502442453,11.864393046926812,17.32488672628663,12.743661273713371
2012-10-24,12.663296,-1.0429837153699584,7.27399752593422,-0.2190291142987841,1.2357900977645702,1.7436345789637429,11.86159459786996,20.853003970863753,-8.189707970863752
2012-10-25,0.5192696,-1.0893878991399784,0.805097448854527,-0.44153385750914265,1.1441884215974323,1.9494760865600533,11.85878055056093,14.226620750923821,-13.707351150923822
2012-10-26,0.3420529,-1.1346383461865113,-5.74411131816516,-0.6858138870203208,1.052770932481705,0.8438603656664372,11.856441809643176,6.1885095564193255,-5.846456656419326
2012-10-27,3.8153765,-1.1784642479149259,-4.3772565789495905,-0.9195567534434554,1.0320989313410873,-0.662662053946593,11.854629587234164,5.748788884320687,-1.933412384320687
2012-10-28,34.348026,-1.221845875379703,2.4783271595684537,-1.1678652960889753,1.05059676702836,-2.4224165692813093,11.852825196160856,10.569621382007682,23.778404617992315
2012-10-29,18.469135,-1.2657762441272415,6.083466312410395,-1.4784480978722405,1.0207602580089128,-5.030508691885509,11.850496988921117,11.179990525455434,7.2891444745445675
2012-10-30,0.370858,-1.3092802877278809,2.83492890533635,-1.814495706651457,0.9151488567708004,-8.38804215207867,11.848142807744066,4.086402423393209,-3.715544423393209
2012-10-31,4.896264,-1.351951748090428,-2.3337014992338583,-2.0082245446955582,0.8003420005103923,-11.006288476603716,11.845904535639347,-4.053919732473821,8.950183732473821
2012-11-01,1.7078314,-1.3941109465902386,-3.679214455434925,-1.8412407253590792,0.7516594584853856,-11.033500937778655,11.843604501703407,-5.352803104974104,7.060634504974104
2012-11-02,0.04001148,-1.4358109461084598,-1.6823935985378593,-1.1957532022245962,0.7647524653478949,-7.7862083495237435,11.84128473237455,0.5058711013277861,-0.46585962132778613
2012-11-03,0.008611707,-1.477107483769886,-0.3280033677163737,-0.1595458021371937,0.7733431256528582,-2.192187260962059,11.838978457692296,8.455477668759642,-8.446865961759642
2012-11-04,0.00076019205,-1.5180134944243315,-0.32374956088795476,1.0005010213433165,0.7382684857053441,3.9435689403734813,11.836717800069014,15.677293192178869,-15.676533000128869
2012-11-05,1.8624675,-1.558366284483983,1.0650198874365717,1.9727260622903153,0.684779242722095,8.782241219404948,11.834647608250052,22.78104773562,-20.91858023562
2012-11-06,68.17267,-1.5984214990763945,4.023347216262716,2.5512646612091903,0.6469219381081599,10.891517707134621,11.832701019693255,28.34733104333155,39.825338956668446
2012-11-07,23.886074,-1.6401035449838832,4.322981759753112,2.7181128256762332,0.6081589925005357,9.697346173580696,11.829796827024959,27.53629303355165,-3.6502190335516502
2012-11-08,0.7102103,-1.6815452921370546,-0.47452322667808067,2.634776043824699,0.5290595709524073,6.065634779718905,11.827022966834983,18.90042484251586,-18.19021454251586
2012-11-09,0.3346794,-1.7225776483878663,-5.902269492986981,2.513631652440629,0.4166431628238669,2.0503709912533,11.824363918058076,9.180162583201025,-8.845483183201024
2012-11-10,0.17860788,-1.7632946780788064,-5.17971224918189,2.471756627200917,0.33136091759294756,-0.49949979875459805,11.821729402935073,7.182340221713644,-7.0037323417136435
2012-11-11,32.763195,-1.8030511564075165,1.6277986749535283,2.4697178326111358,0.3105910508160158,-1.328557636662615,11.819511970664621,13.09601073597517,19.667184264024833
2012-11-12,28.667711,-1.8431208530597702,6.5835910219772025,2.3838416653328247,0.3114104023599362,-1.5764874509588935,11.817007011503234,17.676241797154532,10.991469202845469
2012-11-13,7.213944,-1.8836162127081395,3.446176474978447,2.158818291170494,0.2616346259991183,-2.0748863750763893,11.814129803426173,13.722256607789703,-6.508312607789703
2012-11-14,1.9409668,-1.923681231979402,-4.3018795908243765,1.8840316508004638,0.1603986355057245,-2.210462579653004,11.811323458622692,5.419730342472096,-3.4787635424720964
2012-11-15,1.0468313,-1.9632526690959888,-7.559913816337087,1.711530702146621,0.09319983821593333,-0.8288722455374429,11.808608959472348,3.261300768864386,-2.214469468864386
2012-11-16,0.27424425,-2.002413125529161,-2.670592941395135,1.696300248045061,0.13039994794904827,1.9012170008831557,11.805922064163838,10.860833194116806,-10.586588944116805
2012-11-17,52.77021,-2.0411534572005348,4.5700094527148885,1.7215058178498241,0.23097625956529766,4.0513089806116795,11.803238832790331,20.335885886331486,32.43432411366851
2012-11-18,25.35022,-2.080607968895083,6.436751075055869,1.5946889245204103,0.2766193800820309,3.6735256080108547,11.799758230296463,21.700735249070547,3.649484750929453
2012-11-19,1.9855331,-2.1189308263126767,2.1706025724365627,1.2371459293404274,0.20348562280525667,0.8493349356070922,11.796573847755587,14.138212081632249,-12.15267898163225
2012-11-20,0.5298313,-2.156240902810422,-2.5691667283866386,0.7598219079830832,0.07014549595659086,-2.326905631835631,11.793713882340313,5.571368023247295,-5.041536723247296
2012-11-21,2.0140648,-2.193068557540011,-3.3646441468003307,0.365326448978832,-0.017925265246429206,-3.718164793262531,11.790899245951152,2.8624229320806833,-0.8483581320806834
2012-11-22,4.026186,-2.2295294953997034,-1.2634677035183,0.18463688979314893,-0.02903896272252507,-2.88974043549978,11.788065454531427,5.5609257471842675,-1.5347397471842674
2012-11-23,7.982228,-2.2656431511413078,0.5546419419333759,0.20041359777168208,-0.025535686565676355,-1.0030624713398346,11.785194782231901,9.246009012890141,-1.2637810128901412
2012-11-24,4.3338537,-2.3014921187824444,1.3295588511641934,0.30126425007844326,-0.07028577539907112,0.569477921259259,11.78221186459778,11.610734992918161,-7.276881292918161
2012-11-25,0.55827665,-2.3370500236349154,2.1611837090120503,0.3794304193689725,-0.14690703629651253,1.228524456304484,11.779155744701763,13.06433726945584,-12.506060619455841
2012-11-26,42.292034,-2.372217976288872,2.694000873194765,0.3757124467598647,-0.19128821658712844,1.0386123225205761,11.776157743819944,13.32097719341915,28.97105680658085
2012-11-27,16.505848,-2.408113047032976,1.1525771879622115,0.2665054417022768,-0.18197887030254473,0.24801142092218892,11.772572208735838,10.849574341986994,5.656273658013006
2012-11-28,0.23372774,-2.444038322126166,-2.1962958658806104,0.058069282612745736,-0.16575422293757924,-0.7536582493460628,11.768742611248067,6.267065233570394,-6.033337493570394
2012-11-29,4.587669,-2.4793879445366316,-4.048797029328913,-0.21220477030768908,-0.1925309644507936,-1.30797385412757,11.764920131627223,3.5240255688756257,1.0636434311243743
2012-11-30,4.8961806,-2.514162102496819,-1.8946502393659692,-0.4826241175164373,-0.2508928090101555,-0.7341043214616738,11.761075590260123,5.88464200040907,-0.9884614004090695
2012-12-01,9.574906,-2.5484351135085284,2.3699138622965235,-0.7091733585310908,-0.2897368159786557,1.0793733086086357,11.757251495580777,11.659193378467661,-2.0842873784676605
2012-12-02,7.865322,-2.5823564088145528,4.327631973585746,-0.9116463537352417,-0.2912438680528016,3.3747596730930143,11.75337288181841,15.670517897894573,-7.805195897894573
2012-12-03,6.683228,-2.615450383712999,2.2447627682422233,-1.1607271966146075,-0.2927891071367309,4.914827470070275,11.749742511554603,14.840366062402763,-8.157138062402764
2012-12-04,28.341644,-2.6482376909152388,-1.147219374654647,-1.5057055578289043,-0.33061639030632545,4.720990718272976,11.746091962430333,10.835303666998193,17.506340333001805
2012-12-05,6.3380737,-2.6813133772312217,-2.3289255537400777,-1.9121547118439968,-0.38625422717321,2.5889340291185037,11.74201545090474,7.022301610034738,-0.6842279100347382
2012-12-06,0.6028288,-2.7137315462513616,-1.0216716409872653,-2.27018311484857,-0.4098629313617177,-0.8178996493519493,11.737961043307754,4.504612160506889,-3.9017833605068892
2012-12-07,0.061429106,-2.7453227966469353,0.3354251840577692,-2.48400991310924,-0.39102635449272927,-4.232268568842411,11.733967116089474,2.2167646670559265,-2.1553355610559266
2012-12-08,0.15772296,-2.776112212573879,0.14649623463320072,-2.5472373729020794,-0.37601619370549305,-6.249349540710957,11.730076931316212,-0.07214215394299472,0.22986511394299472
2012-12-09,0.14231633,-2.8062083872895798,-0.795577469635659,-2.539105677444183,-0.4046314131126275,-5.958412483154971,11.726280892555572,-0.7776545380814497,0.9199708680814497
2012-12-10,0.29997644,-2.8357752980216215,-1.143793235054083,-2.5578442074976144,-0.45193492376141187,-3.4996883505439595,11.722492302849508,1.2334562879708173,-0.9334798479708173
2012-12-11,0.35827446,-2.8646184554894356,-0.8491257487424079,-2.659493912490723,-0.4569959404027212,-0.11121466530686983,11.718829675329374,4.777380952897217,-4.4191064928972175
2012-12-12,0.4783317,-2.8929372771866264,-0.528331143878902,-2.845610046599438,-0.40359163200301906,2.4951218595589353,11.715195845038487,7.539847604929436,-7.061515904929436
2012-12-13,0.14048955,-2.9209000374591625,-0.07645864292882154,-3.0943579062273217,-0.346648795207542,3.0027963082838105,11.711556014338006,8.275986940798969,-8.13549739079897
2012-12-14,0.25408366,-2.9485223441951343,0.9145961538116073,-3.3956125660038516,-0.3462845989709886,1.0097931041417125,11.707926401730951,6.941896150514296,-6.687812490514296
2012-12-15,1.617467,-2.9756968184480925,1.7807716093562187,-3.748743188156848,-0.3914055993205482,-2.9331345321847735,11.704300486149657,3.436091957395613,-1.8186249573956128
2012-12-16,0.5037284,-3.002288946843439,1.1259271208711383,-4.119352655800601,-0.41169465220467505,-7.478047957682542,11.700688866331339,-2.1847682253287797,2.6884966253287796
2012-12-17,6.3961754,-3.0282696826307705,-1.1667487288172318,-4.395311123002406,-0.3651562261852592,-10.696396324338327,11.69708569464991,-7.954796390324084,14.350971790324085
2012-12-18,7.561947,-3.053788426402696,-3.193173042177122,-4.393615734768848,-0.2898969541944356,-10.616724977254389,11.693394493705505,-9.853804641091987,17.415751641091987
2012-12-19,3.0577598,-3.0785690912300776,-2.941950022387298,-3.9433074065701876,-0.25392177057032195,-6.2697401548439595,11.689720766517638,-4.797767679084206,7.855527479084206
2012-12-20,0.37916493,-3.102071330092734,-0.49378934814602043,-3.013256195300785,-0.26850789656167795,1.2331138436340603,11.68635341486487,6.041842488397712,-5.6626775583977125
2012-12-21,0.46592835,-3.1244562318320526,2.248237885814648,-1.787523118993593,-0.2773859010618267,8.614059699494735,11.683241833259958,17.356174166681868,-16.89024581668187
2012-12-22,43.54121,-3.1463022122395605,3.581799076505564,-0.5997725989416871,-0.2359005966631537,11.94101995582751,11.680168630305111,23.221012254793784,20.320197745206215
2012-12-23,13.868818,-3.168938191837314,3.038068739197366,0.26506176806079307,-0.17473455084099382,9.109707709464217,11.676430376287005,20.74559585033107,-6.876777850331072
2012-12-24,1.245938,-3.1916145154500852,0.8650958323248704,0.7782565878226541,-0.1604137687198896,1.6501833346324124,11.67248167646987,11.613989147079831,-10.36805114707983
2012-12-25,0.14238036,-3.213857227346818,-2.233449447959182,1.1885991216001524,-0.20473682318994357,-5.783874552455572,11.668533471956332,1.4212145426049698,-1.2788341826049698
2012-12-26,0.07017702,-3.2355394141757934,-4.478363315412466,1.8309793499991305,-0.23949523698045083,-8.274061112121801,11.664591957513654,-2.7318877711777283,2.8020647911777283
2012-12-27,0.037665945,-3.256595716420488,-3.5909725775799353,2.8516344545544814,-0.19565594908295603,-4.063326123582101,11.660684535178884,3.4057686230678854,-3.3681026780678853
2012-12-28,13.507211,-3.2770334434793744,0.60422997514412,4.068760670648555,-0.09048869312150987,4.047630202267139,11.656836291064414,17.009935002523342,-3.502724002523342
2012-12-29,11.261123,-3.2973571992836916,4.721532493944649,5.080756012736823,-0.0128620720811074,10.643024680096751,11.652793713178307,28.787887628591733,-17.526764628591735
2012-12-30,70.35509,-3.317738764917571,4.714485514453786,5.535040356604673,-0.022595288941478386,11.626582653833847,11.648575471108698,30.184349942141957,40.17074005785805
2012-12-31,37.75106,-3.339718188582487,0.6542044045553254,5.339996844912046,-0.08805108465980543,6.982761629734499,11.643283396741335,21.19247700270091,16.55858299729909
2013-01-01,1.559305,-3.3622566611654987,-2.823212081490335,4.688004879357807,-0.13390159095504583,0.21548022059242236,11.637414972391039,10.22152973873039,-8.662224738730389
2013-01-02,0.0044621993,-3.384270269306051,-1.9846961754008756,3.8839183797612016,-0.13728644648226485,-4.806320379338127,11.63152196551056,5.202867074744443,-5.198404875444443
2013-01-03,0.9393268,-3.405762350255669,1.283482094372202,3.165551746370373,-0.1445984258019667,-6.499855766674343,11.625625488614151,6.024442786624747,-5.085115986624747
2013-01-04,0.43499354,-3.4267650889279997,1.995388170456986,2.632601495024336,-0.19360511450807694,-5.671506538696108,11.619715130188611,6.955828053537749,-6.520834513537749
2013-01-05,0.04108786,-3.4471448616986526,-1.1062862413840775,2.2683525570906604,-0.252934431647857,-3.9037335754089235,11.61379099233946,5.172044439290611,-5.13095657929061
2013-01-06,0.017506769,-3.4667335496912903,-3.5953253196987824,1.998462159559641,-0.26282403701540274,-2.387881998501091,11.607864121881587,3.8935613765346613,-3.876054607534661
2013-01-07,0.010054791,-3.48559004694854,-1.399841774205926,1.7532615081951872,-0.22217050323896897,-1.9789936922137892,11.601943006789252,6.2686084983772155,-6.2585537073772155
2013-01-08,0.1656774,-3.5039009218585173,3.096228407580537,1.5358556722543606,-0.19953856387327618,-3.258318529465041,11.596026997837374,9.266353062475437,-9.100675662475437
2013-01-09,4.638699,-3.521204096810347,3.61707306244758,1.468362137216236,-0.24485936636222705,-5.645969324692661,11.590377793207919,7.2637802050064995,-2.6250812050064996
2013-01-10,3.7945087,-3.5374992514399963,-1.519380885749755,1.7421988780343558,-0.3150919600011502,-6.7089930967983005,11.584887256655199,1.2461209407003526,2.5483877592996476
2013-01-11,0.721731,-3.5530569637749565,-6.304152066741821,2.4516924862678295,-0.31896133270075444,-3.51592132659283,11.57938855833322,0.3389893547906855,0.38274164520931453
2013-01-12,0.018070918,-3.567957603894505,-4.167485253105096,3.428943778960331,-0.2335936026282486,4.354894437698453,11.573896981882479,11.388698738913414,-11.370627820913414
2013-01-13,0.92786086,-3.582324246592171,3.4043338358352058,4.258617348631724,-0.14609494423576597,13.202279351436765,11.568412358650837,28.705223703726595,-27.777362843726596
2013-01-14,108.41877,-3.5964118620848797,8.056918303977538,4.51141944243787,-0.16166727772003633,17.388920443802764,11.562917747391419,37.76209679780467,70.65667320219532
2013-01-15,34.37858,-3.61312137614342,4.484767561828111,4.026487761206083,-0.2851106841329599,13.912682458002662,11.555763905432334,30.081469626192813,4.297110373807186
2013-01-16,0.76767427,-3.6304391908795934,-3.251974123645282,3.031734022064364,-0.41340683092607045,5.175349929412159,11.548105222614852,12.459369028640431,-11.69169475864043
2013-01-17,0.58903193,-3.6471990536639867,-6.928112060329964,1.9396550434872646,-0.4539412743040091,-2.9893623580037763,11.540456662895492,-0.5385030399189805,1.1275349699189805
2013-01-18,0.15235017,-3.6632473880200647,-3.824884465871992,1.038659622264269,-0.417589420523355,-6.035753477813298,11.532805786537644,-1.3700093434267977,1.5223595134267978
2013-01-19,0.063730635,-3.6782672368104765,1.1988428909690958,0.33346122794062777,-0.3838487747699023,-3.8083453831748213,11.525233919347325,5.1870766435018485,-5.123346008501849
2013-01-20,0.052547082,-3.691945077659649,2.7504073206410005,-0.3715629100676157,-0.39832585289772154,0.3162913523224706,11.517873745955848,10.122738578294333,-10.070191496294333
2013-01-21,0.4399307,-3.7041972088389272,1.107586733447767,-1.2550445516339281,-0.4333765976410838,2.7143592981312814,11.510832876704216,9.940160550169324,-9.500229850169324
2013-01-22,12.314956,-3.715257423268752,0.08517371693475967,-2.318722187642561,-0.445543491349993,2.008765984971634,11.504007550787275,7.118424150432363,5.196531849567638
2013-01-23,4.9031644,-3.7254168630558904,0.9250267363626056,-3.3934250805697546,-0.4384538013209475,-0.8311360747466219,11.497219851936048,4.033814768605439,0.8693496313945603
2013-01-24,1.2128296,-3.734701549164434,1.1903176493992091,-4.263062196594874,-0.44725560272323656,-3.9011326076893695,11.490458736697061,0.3346244299243555,0.8782051700756446
2013-01-25,0.02953317,-3.743203234760665,-0.5831686114406699,-4.798896553674724,-0.48012931099468636,-5.701691837309479,11.48369935537575,-3.8233901928044745,3.8529233628044746
2013-01-26,0.58940494,-3.7508796364226917,-2.137721388287266,-5.015056135360967,-0.5068951421899077,-5.692378128404621,11.476959560100232,-5.6259708705652205,6.21537581056522
2013-01-27,0.5427152,-3.757651858093462,-0.9285317885786637,-5.030028602724741,-0.5091670147801408,-4.228530019847959,11.470265515631512,-2.9836437683934545,3.5263589683934544
2013-01-28,2.196711,-3.7635736805601865,1.6238941997834244,-4.97478060457589,-0.5132832374811662,-2.1497382378223637,11.463575664254886,1.6860941035987036,0.5106168964012965
2013-01-29,0.05384977,-3.7687597387086735,1.831072517070263,-4.916832186848176,-0.55231889299227,-0.24246336968214904,11.456851069105019,3.8075493979440136,-3.753699627944014
2013-01-30,0.012474135,-3.7731848567728012,-0.7957715446310325,-4.849235646684922,-0.6097811261884047,1.07709138080596,11.450125640559042,2.4992438470878415,-2.4867697120878414
2013-01-31,0.006602844,-3.77663226760633,-2.490222000056405,-4.738624858783412,-0.6319081969444269,1.64859837285413,11.443488282514165,1.4546993319777215,-1.4480964879777214
2013-02-01,1.2453531,-3.779105693751621,-0.5946049446148007,-4.572974372417664,-0.6004744524940754,1.3667608298570584,11.43689722040969,3.2564985869885863,-2.0111454869885863
2013-02-02,2.8449192,-3.780822383509404,2.3001965686459447,-4.359377400895938,-0.5662152432057815,0.404032631835281,11.430298704994106,5.4281128778642085,-2.5831936778642084
2013-02-03,0.6693655,-3.78179197518313,1.8377083305092317,-4.086950264248012,-0.5883549950695204,-0.3786763480100613,11.423699743144532,4.4256344911430405,-3.7562689911430405
2013-02-04,1.8853301,-3.781831964466094,-1.6109255224435823,-3.7216020627366677,-0.6548421729735939,0.22710775297920754,11.41710478439501,1.8750108147542797,0.010319285245720344
2013-02-05,3.8920197,-3.7804875245175413,-2.976336426072571,-3.259991058165267,-0.693298145910141,2.472505583114884,11.410663727796782,3.1730561562461457,0.7189635437538544
2013-02-06,34.75632,-3.777766512699081,0.36645445437159896,-2.774800920709901,-0.6654508899021954,4.759015573531103,11.4043405724138,9.311792277005324,25.44452772299468
2013-02-07,7.817192,-3.774296141432519,4.289748390373126,-2.3744535664674915,-0.6235152640420789,4.670016436702983,11.397901568196156,13.585401423330175,-5.768209423330175
2013-02-08,0.39969292,-3.7699609841091277,3.1178626130799914,-2.089025684131151,-0.6486944416176676,1.3699764616589458,11.391479746042721,9.37163771092371,-8.971944790923711
2013-02-09,0.075089045,-3.763354284418563,-2.352883146533687,-1.8179674473788503,-0.7479138422853525,-3.2378584404653896,11.385789559576015,-0.5341876015058276,0.6092766465058276
2013-02-10,0.48453233,-3.754910250119149,-5.301022626750617,-1.389405744782648,-0.8363287149588404,-6.129761080173144,11.380448481801212,-6.030979934983188,6.5155122649831885
2013-02-11,2.2113874,-3.7453436286147226,-1.8790704714687203,-0.7003844661616339,-0.8364215109094261,-6.037903482501178,11.375115293722462,-1.8240082659332195,4.035395665933219
2013-02-12,2.6602607,-3.7349209646241723,3.298128586757817,0.2012943047384464,-0.77010064636069,-4.375981654999873,11.369753537388352,5.98817316289988,-3.32791246289988
2013-02-13,7.18244,-3.7237521551366983,3.077757573263026,1.1714566157537656,-0.7257792634245979,-3.155374694932507,11.364373849598591,8.008681925121579,-0.8262419251215789
2013-02-14,0.31177732,-3.7118552284834894,-2.4764602131180964,2.0820892229857995,-0.7446453720494705,-2.4456966760170804,11.358978909212128,4.062410642529791,-3.750633322529791
2013-02-15,14.860262,-3.6978050560333537,-5.773079364724447,2.8651472531533684,-0.7741299466956554,-0.5160818473976492,11.354316298019544,3.458367336321807,11.401894663678194
2013-02-16,5.375565,-3.681206840141577,-1.7193169577173602,3.459998934288812,-0.7459937292002957,3.490128037516438,11.35050906775174,12.154118512497757,-6.778553512497757
2013-02-17,0.0028517097,-3.6635349334515572,5.161921756616638,3.7684252768781636,-0.6719118053397435,7.7179708426440214,11.346773144998869,23.65964428234639,-23.656792572646392
2013-02-18,24.77403,-3.645182326489679,6.255628949752172,3.691689445134437,-0.6320379039434685,9.006086212908402,11.343071557262173,26.019255934624034,-1.2452259346240346
2013-02-19,21.157146,-3.6269570034641667,-0.0031049345720071675,3.231436438210014,-0.668081821910997,6.076470669192879,11.338981606308534,16.348744953764257,4.808401046235744
2013-02-20,5.520158,-3.608709136017538,-5.998380952408071,2.5298894711036053,-0.7222149101136727,0.8651762613695886,11.334565284394168,4.400326018328082,1.1198319816719184
2013-02-21,4.364527,-3.5898958095361966,-4.616050179126082,1.7720873522444414,-0.7075810601751503,-3.4793627643853555,11.330071614574532,0.709269153596189,3.655257846403811
2013-02-22,1.1945999,-3.570301182652527,1.9539011468320087,1.0505529345707054,-0.620290147677862,-5.497249700973162,11.325548019430641,4.642161069529804,-3.447561169529804
2013-02-23,0.34272787,-3.549239254871828,5.468184490134067,0.34335022383040514,-0.5454221918255939,-6.005123235962295,11.321380755137158,7.033130786441912,-6.690402916441912
2013-02-24,0.19256108,-3.527174536160173,2.1364148648227217,-0.38210567280968666,-0.5481620973247061,-6.1989458587783375,11.317317030985437,2.797343730735255,-2.604782650735255
2013-02-25,0.38285297,-3.5039231052995925,-3.267678316579649,-1.0672664112205053,-0.5901677213896948,-5.943202698403516,11.31344961355197,-3.058788639340987,3.441641609340987
2013-02-26,0.5216972,-3.4796498630944175,-4.1646364452365,-1.584842626844115,-0.5779429524761803,-4.299234062498481,11.309659843242585,-2.796646106907108,3.318343306907108
2013-02-27,7.987451,-3.454442913686734,-0.23217811965280588,-1.874293951817045,-0.4830012767390828,-1.355702521048707,11.305883787462113,3.9062650045177385,4.081185995482262
2013-02-28,0.6268015,-3.4283290548234504,3.2751920442187257,-2.0341114598783037,-0.37828605623160905,1.17106925213617,11.3020782489299,9.907612974351434,-9.280811474351434
2013-03-01,20.76524,-3.4006520214163016,2.731792051106015,-2.258143138437008,-0.34520825735943966,1.456001067608565,11.298654718613522,9.482444420115353,11.282795579884645
2013-03-02,13.361738,-3.3723627325229604,-0.11230967801090908,-2.684059227502948,-0.37452742104245984,-0.5443165934018545,11.295066166334626,4.207490513853495,9.154247486146506
2013-03-03,1.4027132,-3.3429055327925976,-1.6560914094108532,-3.2936331440595334,-0.38548906987584436,-2.92127254370913,11.291641412471325,-0.3077502873766331,1.7104634873766331
2013-03-04,6.5942383,-3.312386173951875,-1.1796426368129709,-3.9491808688015833,-0.3317933417377338,-3.5274468439912967,11.288350857272,-1.0120990080234584,7.606337308023458
2013-03-05,4.387717,-3.2811054958194994,-0.5117471381687073,-4.512090074542678,-0.254925756625826,-1.8156646876208014,11.285051809502619,0.9095186567251083,3.478198343274892
2013-03-06,0.104650155,-3.2476684082942544,-0.5164737604078317,-4.926798221274941,-0.21947888824362263,0.8318743166538395,11.282600161449528,3.204055199882717,-3.099405044882717
2013-03-07,0.009254087,-3.212813540671233,-0.21195835402793223,-5.214424753354357,-0.22102506520878187,2.3279372974420687,11.280584192386115,4.74829977656588,-4.73904568956588
2013-03-08,0.0606284,-3.1770920955061213,0.7706155624593757,-5.414748372401601,-0.19115054374660795,1.4800706273228155,11.278664414067299,4.7463595921951605,-4.685731192195161
2013-03-09,0.021211104,-3.140427137401648,0.997307303156252,-5.532441218309042,-0.0891766453785669,-1.20881338931421,11.276800382998573,2.3032492957513586,-2.282038191751359
2013-03-10,1.0051949,-3.102138261355899,-0.5214816724359078,-5.5231889244694585,0.042097489267513194,-3.955652223882689,11.275369676388225,-1.784993916488217,2.790188816488217
2013-03-11,0.80220526,-3.0624112423271166,-2.2837670274610433,-5.318585868886436,0.1286695856058238,-4.930153590104114,11.274309550624487,-4.191938592548398,4.994143852548398
2013-03-12,0.21616673,-3.021850274257458,-2.002470370458748,-4.875658834590134,0.15391312498317572,-3.4419872537050265,11.27330893550462,-1.91474467252357,2.13091140252357
2013-03-13,13.387365,-2.9805155931456806,0.17592109202586476,-4.220386902558839,0.16999044255758056,-0.26656515101704836,11.272324628107187,4.150768515969064,9.236596484030937
2013-03-14,17.8134,-2.9381932971642257,1.712307034128957,-3.4510525516887887,0.22497816654236474,3.056751687883978,11.271437634723451,9.876228674425738,7.937171325574264
2013-03-15,0.19893982,-2.8951603478304637,1.072134250680115,-2.689179277890164,0.3071356914419115,5.294314788648309,11.270468879599665,12.359713984649375,-12.160774164649375
2013-03-16,1.123577,-2.8513640652431427,-0.34686695889245767,-2.0187157269595204,0.37418014420872564,6.0294445360984605,11.269517538574421,12.456195467786486,-11.332618467786485
2013-03-17,0.3749543,-2.806888043200212,-0.4273585429196029,-1.4679228785367293,0.4172550482205746,5.3596385505424085,11.268548280800063,12.343272414906503,-11.968318114906502
2013-03-18,10.287835,-2.761257154919873,0.6530983946672764,-1.0336022358731087,0.46906592544852116,3.4427275588011197,11.267834956752639,12.037867444876575,-1.7500324448765756
2013-03-19,12.684656,-2.7148824505961615,0.9128467424551738,-0.7065939072591699,0.5480066416496796,0.5512428046947985,11.267129467241942,9.857749298186263,2.826906701813737
2013-03-20,4.912081,-2.6680087040942446,-0.3688075058363381,-0.45487209922261085,0.6223220458478618,-2.524416240231303,11.266285893225024,5.87250338968839,-0.9604223896883903
2013-03-21,0.65886927,-2.619865216097658,-1.600915521758981,-0.18889289845402485,0.6496377222403983,-4.505027025087842,11.265697211281022,3.0006342721229142,-2.3417650021229144
2013-03-22,0.5420792,-2.5707194847736634,-1.2321243710543675,0.22669111736520162,0.640086760350886,-4.395566047126947,11.265228071095022,3.933596045856131,-3.391516845856131
2013-03-23,11.702998,-2.520940873193955,0.1344804215256334,0.8906245465250903,0.6523331914598648,-2.353230915906242,11.264764323363488,8.068030693773881,3.634967306226118
2013-03-24,10.745742,-2.470471192069733,0.8757161993351424,1.7807066206718891,0.7209976900261414,0.2382541172507496,11.264424294612569,12.40962772982676,-1.6638857298267595
2013-03-25,18.69096,-2.419451571401792,0.7447871996998918,2.763359135864908,0.808863288250895,1.6275888479805733,11.264146448236648,14.789293348631125,3.901666651368876
2013-03-26,9.826988,-2.3683252694737718,0.8299818498424087,3.701468402635702,0.8485279486606532,0.7624808317795102,11.263654447514636,15.037788210959139,-5.210800210959139
2013-03-27,12.273527,-2.3168136828289896,1.391571894199756,4.575426944947784,0.8250854232088086,-2.1632828731375087,11.263080355267446,13.575068061657298,-1.3015410616572982
2013-03-28,4.4409328,-2.2650249625700214,1.1960575260583026,5.505128195717371,0.7952999117833909,-5.861354346991615,11.262387882994275,10.632494206991703,-6.1915614069917035
2013-03-29,11.479716,-2.2128492641383124,-0.4497185033551952,6.660560899533307,0.8203835006389135,-8.500261095467641,11.261680748296415,7.579796285507487,3.899919714492513
2013-03-30,9.890684,-2.160398638514526,-2.1444590160409036,8.132281921989554,0.8964077069471893,-8.415045993781066,11.260826380910695,7.569612361510943,2.321071638489057
2013-03-31,5.41842,-2.1070930781009025,-1.9169513840242145,9.861195376809745,0.965959020026109,-4.791552261184404,11.260038932849403,13.271596606375734,-7.853176606375734
2013-04-01,2.4780972,-2.0526645393382204,0.17617476801395873,11.654728244616432,0.989643560176421,1.8922973776919922,11.259490971779991,23.919670382940573,-21.441573182940573
2013-04-02,69.63096,-1.9977734878915139,2.0893843912236254,13.245781866670416,0.9835589305847792,9.911597045726243,11.259004267364784,35.49155301367833,34.139406986321674
2013-04-03,102.08129,-1.944664693857461,2.370886018570673,14.348317890724179,0.9800185654466972,16.864280837555647,11.257471423654927,43.876310042094666,58.20497995790533
2013-04-04,15.596837,-1.8929151374651783,1.635153437500223,14.731558439819816,0.9764269545861293,20.584322986443883,11.255210972491316,47.289757653376185,-31.692920653376184
2013-04-05,0.93679523,-1.8407713829117964,1.0552493774692373,14.29750039951014,0.9436257566466109,19.96725476152568,11.253165889035571,45.676024801275446,-44.739229571275445
2013-04-06,80.46913,-1.7885496026765413,0.5082124492728294,13.107379586664223,0.8745295969785138,15.38563294118345,11.251209784738279,39.33841475616075,41.130715243839255
2013-04-07,47.649982,-1.7382317737666853,-0.6592493958254045,11.371684081838708,0.8065002993037094,8.668866652268303,11.248243059969584,29.697812923788213,17.95216907621179
2013-04-08,0.14837807,-1.6891379025481528,-1.7995360681277466,9.38548629718015,0.7810282649177083,2.4377204842269524,11.244611502431049,20.36017257807996,-20.21179450807996
2013-04-09,0.10366225,-1.6399654852945127,-1.5061258937408002,7.390406662898309,0.7859120096278551,-1.2418915911049178,11.240985479572016,15.02932118195795,-14.925658931957951
2013-04-10,13.966809,-1.5906009834965242,0.10361057558863601,5.485344839350921,0.7655078342436574,-2.0091185224732766,11.237376030075731,13.992119773289145,-0.02531077328914577
2013-04-11,16.85814,-1.5412328985441421,1.1162016276912412,3.6583303030330994,0.6934087909609896,-1.2515539288082516,11.233621238146824,13.90877513247976,2.949364867520238
2013-04-12,3.5037136,-1.4914725096339811,0.39040565618492107,1.891492524666223,0.6113351351263185,-1.0242062371614324,11.229920189602002,11.60747475878405,-8.10376115878405
2013-04-13,0.5799823,-1.4412069887283097,-0.768375770191627,0.24501183715862618,0.5782880101666357,-2.682948796842513,11.226325174602405,7.157093466165216,-6.577111166165216
2013-04-14,0.032402575,-1.3903277969773324,-0.5624011584172242,-1.1410959537741148,0.5936086740328702,-6.130943874884652,11.222816212859902,2.5916561028394494,-2.5592535278394495
2013-04-15,1.989766,-1.3380413526512176,0.4673459764795052,-2.1160399957237948,0.5967420658436761,-9.949756877520418,11.219911535974507,-1.1198386475977422,3.109604647597742
2013-04-16,0.7494562,-1.2852273011536375,0.15440670506405113,-2.6047551522955197,0.5470658877212357,-12.158244674170906,11.21715094288437,-4.129603591950406,4.879059791950406
2013-04-17,0.036238693,-1.2320252383538124,-1.784402001097138,-2.6585471604242787,0.48015618147626293,-11.236742824375932,11.214387943870022,-5.217173098904876,5.253411791904876
2013-04-18,0.024328241,-1.1780864316983872,-2.742664953054884,-2.4407258178584557,0.4650451765477806,-7.046479319322795,11.211791918478564,-1.731119426908176,1.755447667908176
2013-04-19,1.6904886,-1.1235079285413452,-0.7123492414531183,-2.1597202374176256,0.5120664079660342,-1.105847048789041,11.209364872089473,6.620006823854378,-4.9295182238543775
2013-04-20,18.689333,-1.0684512942064264,2.496031556561838,-1.9831415785809927,0.5511598917069923,4.1979468761527095,11.207034604042414,15.400580055676535,3.288752944323466
2013-04-21,39.750374,-1.013505470628509,3.2523617173015564,-1.9783400766275023,0.5138512561457326,7.079361730070568,11.20453017751911,19.058259333780956,20.692114666219044
2013-04-22,5.7532897,-0.9592667676582415,0.9797926251846925,-2.114429715574565,0.41650694052541937,7.333125597249377,11.201528763584674,16.857257443311354,-11.103967743311355
2013-04-23,0.124051005,-0.9045228852754635,-0.9792934296094408,-2.3269301749731017,0.3366726499174497,5.947729192833632,11.198705111810701,13.272360464703777,-13.148309459703777
2013-04-24,15.2888775,-0.8491719271950056,-0.060231823643972504,-2.595253996634781,0.3117085652187031,3.880876180471149,11.196124748828485,11.884051747044577,3.404825752955423
2013-04-25,8.884951,-0.7940017057667603,1.830769423288702,-2.9422850340169315,0.2943239018735653,1.495392494170287,11.19337439454748,11.077573474096342,-2.1926224740963427
2013-04-26,1.9666511,-0.7388440455383294,1.0698224402271195,-3.3697176609432673,0.22185423761237982,-0.8816524002945084,11.190549856846724,7.492012427910119,-5.525361327910119
2013-04-27,1.7258178,-0.6832672709551402,-2.1694706748458397,-3.816482360105575,0.10603866353372947,-2.4044372614562146,11.187796989735087,2.2201780859060474,-0.4943602859060474
2013-04-28,0.5676695,-0.6268884408818036,-3.5977217278255154,-4.186049199284332,0.024053733888595826,-2.2590275369417356,11.185285467375472,0.5396522963306829,0.028017203669317148
2013-04-29,0.08135568,-0.5700583882518033,-0.6669266442706258,-4.410290302528546,0.020790639731906528,-0.7843612264901471,11.18284692739636,4.7720010055871445,-4.690645325587145
2013-04-30,7.297421,-0.5128778805410144,3.34968226949112,-4.4783199111943155,0.050150876458073694,0.4733441616197196,11.180449541627393,10.062429057460976,-2.7650080574609763
2013-05-01,18.722944,-0.45513940629314137,3.180387006441283,-4.401919330505219,0.03491945385930893,0.26867848449291865,11.178211497922563,9.805137705917714,8.917806294082284
2013-05-02,11.203584,-0.3972608492228889,-1.318371075097467,-4.174761046216014,-0.0325186891325126,-0.9193158058070647,11.175832940044891,4.3336054745689445,6.869978525431055
2013-05-03,2.511498,-0.3378734064280674,-4.394516615318191,-3.792165774728516,-0.08318739509666806,-1.4495325637188035,11.174036381666596,1.1167606263763492,1.3947373736236508
2013-05-04,3.6341734,-0.27588086813583335,-1.6332762095439208,-3.306593450336303,-0.06962817248355226,-0.6364271552718095,11.173496242811106,5.251690387039687,-1.6175169870396875
2013-05-05,1.7318493,-0.21286720743208437,3.9926406940759533,-2.8263664023389605,-0.03880058937581994,0.1708095820785605,11.173430723448902,12.258846800456551,-10.52699750045655
2013-05-06,0.9765155,-0.14959376845658515,5.406523074169913,-2.429403061174183,-0.07808680516686652,-0.8601821915774317,11.173502089247405,13.062759337042252,-12.086243837042252
2013-05-07,0.37020725,-0.08612690335266679,0.2583767708089208,-2.08106833809513,-0.19883699434812221,-3.5060026815328085,11.173661705912526,5.560003559392719,-5.189796309392719
2013-05-08,0.0036559068,-0.02240907050142471,-5.838334201292922,-1.6735988577419956,-0.31114086628462884,-5.125256159980116,11.17386392092331,-1.7968752348777777,1.8005311416777776
2013-05-09,0.0,0.041524778371706164,-5.916624317817806,-1.1701887201055707,-0.3273910377969415,-3.304050866773929,11.174078108162627,0.49734794404008653,-0.49734794404008653
2013-05-10,0.42724797,0.1058281123706622,0.025495330324155734,-0.6989169145145158,-0.2661237725842063,1.2726976581624685,11.174458596493817,11.613439010252382,-11.186191040252382
2013-05-11,45.49289,0.17024503752238201,5.175332041732739,-0.4797434543893695,-0.22677817221020363,5.02839513937294,11.17496855081578,20.842419142844268,24.650470857155735
2013-05-12,22.491205,0.23330072983947842,4.070188579989941,-0.6473659412183042,-0.2689168983346648,4.765969171173407,11.174809199991676,19.327984841441534,3.1632201585584667
2013-05-13,0.6811516,0.2955507947746665,-1.2929755342309426,-1.133403302810935,-0.3451019658754845,0.6561004907128389,11.174344841903075,9.354515324473217,-8.673363724473218
2013-05-14,2.3629355,0.3576606642704204,-4.460186930365951,-1.7381200095591525,-0.37005385470229835,-4.132673663909818,11.173919535820986,0.8305457415541859,1.532389758445814
2013-05-15,1.3915207,0.4196410175626317,-2.2930869926399504,-2.294397327835703,-0.33118010129808406,-6.49596420974077,11.173467058158948,0.17847944420707051,1.2130412557929295
2013-05-16,23.018223,0.4817462350398789,1.9714848711896127,-2.7563177954702396,-0.30099339350027904,-5.855101970808882,11.173105206928794,4.713923153378885,18.304299846621113
2013-05-17,11.451911,0.5432910201856856,3.292807763654892,-3.154616001787126,-0.34363949383917963,-3.8150592496276023,11.172469290584985,7.6952533291716545,3.7566576708283463
2013-05-18,0.0011147931,0.6044145273729681,0.7585420838209321,-3.501220961562841,-0.4374037259048966,-1.991402074982734,11.171686484648074,6.604616333391503,-6.603501540291503
2013-05-19,2.00338,0.6655848651155731,-2.128406733837156,-3.775077037721897,-0.5066279671798046,-0.6825143714060434,11.171042642406334,4.744001397377007,-2.740621397377007
2013-05-20,4.687736,0.7266056865931925,-2.184375717110769,-3.9917320266649017,-0.5123524253379398,0.4796390730714312,11.17040769581569,5.688192286366704,-1.0004562863667035
2013-05-21,11.5504265,0.7874601301756301,0.005985264015585745,-4.252496282812324,-0.48633077867543134,1.245043270951082,11.169758751247635,8.469420354902176,3.081006145097824
2013-05-22,6.5195127,0.8488913134229055,1.57511537814547,-4.690230455587176,-0.4777945236527928,0.6995513059483007,11.169466728881986,9.124999747158693,-2.605487047158693
2013-05-23,6.603402,0.9109976443820758,1.0289988556561833,-5.345070633543108,-0.4925157474137001,-1.4190070536609627,11.169569717226606,5.852972782647094,0.7504292173529059
2013-05-24,2.181652,0.9730963450047445,-0.5567773538303116,-6.098217168340925,-0.5009549562486587,-3.730506591090248,11.16978735758187,1.2564276330764699,0.9252243669235303
2013-05-25,0.64810133,1.0349084125674388,-1.4262118878824046,-6.732769254933579,-0.48746247950046884,-3.974279492370054,11.169991631656854,-0.41582307046221345,1.0639244004622135
2013-05-26,3.283199,1.0966617024151246,-1.039812539441674,-7.083817007022815,-0.4652247171043958,-1.0855471412561326,11.170315405647106,2.5925757032372125,0.6906232967627877
2013-05-27,1.0422906,1.1583638120962416,0.09219023815479468,-7.1584286212430115,-0.4444613095612584,3.38322381544582,11.170764714683417,8.201652649576003,-7.159362049576003
2013-05-28,0.16413862,1.2201294502133715,1.418490674786854,-7.125407081044644,-0.4125482673772844,6.0707643379365575,11.17137499482643,12.342804109341284,-12.178665489341284
2013-05-29,13.383,1.2818364282713777,2.379330967096729,-7.178028948551454,-0.3624206598030486,4.435939199790461,11.172083972576685,11.728740959380751,1.6542590406192481
2013-05-30,17.610435,1.34337159062044,2.0308539859347765,-7.371428718479924,-0.32449018632386045,-0.9357952865312301,11.172851209110819,5.91536259433102,11.695072405668979
2013-05-31,9.455694,1.4044063995641047,-0.13333938182531524,-7.555996710974201,-0.34034090224107755,-6.4156197564597095,11.173479159929782,-1.8674111920064167,11.323105192006416
2013-06-01,0.52795935,1.4650407360294095,-2.789516497843563,-7.468391849436739,-0.4010941491737763,-7.983581505861906,11.174001278112724,-6.003541988173852,6.531501338173852
2013-06-02,1.2056026,1.5257554809458802,-3.331667311840091,-6.917350529019199,-0.4367255939587718,-4.4065005502429955,11.17470845921777,-2.3917800448974056,3.5973826448974053
2013-06-03,0.1499881,1.5863040403124096,-0.7569986165416297,-5.927806626101358,-0.38863481398658933,1.6987432174518498,11.175474958608593,7.387082159743276,-7.237094059743276
2013-06-04,0.9736801,1.646674266394527,2.511120560165835,-4.73030059331192,-0.28443303798902364,5.902818679797468,11.176367482705846,16.222247357762733,-15.248567257762733
2013-06-05,7.164021,1.7066176683797205,2.8977495589820927,-3.5993057587363673,-0.21551182073449876,5.427889566936201,11.177301325249564,17.39474054007671,-10.230719540076711
2013-06-06,2.4600565,1.7667245128119509,-0.08071947055311958,-2.6666735360045752,-0.2345811702374243,1.0838011229059825,11.178595594136711,11.047147053059525,-8.587090553059525
2013-06-07,2.7895007,1.8298804707909897,-3.015795141657671,-1.8486857090231734,-0.2940694683988189,-3.83323109161826,11.181729265485314,4.019828325578381,-1.2303276255783806
2013-06-08,5.109972,1.8952471170555967,-2.7756838296737567,-0.927616892460425,-0.3000832504610355,-6.3557254348623005,11.186050657279353,2.7221883668774325,2.3877836331225675
2013-06-09,2.031191,1.9608505256591346,-0.4405598494853133,0.28333163511179094,-0.21875687750479245,-5.660715504684685,11.190554524060122,7.114704453156257,-5.083513453156257
2013-06-10,1.9519409,2.026624643944426,0.3817572654655992,1.8162918129172978,-0.10505772970252557,-2.6387804125393814,11.195379842131082,12.676215422216499,-10.724274522216499
2013-06-11,19.81317,2.0921107526514455,-1.1985402207294769,3.52953948463676,-0.024814831568978526,1.4914485018648402,11.200330123451634,17.090073810306226,2.7230961896937735
2013-06-12,42.644314,2.157182568913951,-1.8403657496213368,5.1699221236897035,0.021074563070622443,5.6090883247811245,11.205384318573284,22.322286149407347,20.322027850592654
2013-06-13,51.87499,2.221366767238046,1.1894514278250456,6.484197637345651,0.07487395644209532,8.133674122913446,11.210339749212716,29.313903660976997,22.561086339023
2013-06-14,14.40068,2.2837299791815173,5.193592406507929,7.341469318055134,0.14207953452632346,7.199279089513691,11.214719664640384,33.374869992424976,-18.974189992424975
2013-06-15,21.014523,2.3449060743027945,4.5426587836533106,7.8160622224475045,0.17286714132514097,2.38996512076975,11.21892892409847,28.48538826659697,-7.47086526659697
2013-06-16,44.888683,2.404718378828954,-1.7149052728624785,8.156803013857381,0.1369006937886435,-3.7383570356761555,11.22283212513652,16.467991903072864,28.420691096927136
2013-06-17,5.710101,2.463245228446665,-7.08976773757856,8.632003708071846,0.08775586976707918,-6.824963262620728,11.226444639005265,8.494718445091568,-2.784617445091568
2013-06-18,4.478966,2.521308869760404,-4.6667818121827445,9.321274786501986,0.11244543712624647,-4.431698886154031,11.230212464360404,14.086760859412266,-9.607794859412266
2013-06-19,23.781824,2.5787364728363293,3.904460816479576,10.011284516833525,0.21579834486325106,1.2078177290206369,11.23396377948506,29.15206165951838,-5.370237659518381
2013-06-20,41.511333,2.6363500285529646,9.180042915465203,10.352561134919434,0.2991489050119378,4.888364129734565,11.238274852083865,38.594741965767966,2.9165910342320345
2013-06-21,36.405922,2.69290375619997,4.662672462441576,10.168938378688985,0.2761753983862511,3.4716031017655857,11.242558032991665,32.51485113047403,3.8910708695259686
2013-06-22,18.939053,2.747777718632836,-5.1312365181150525,9.623265975686113,0.1842267837280038,-0.8029986448606706,11.246380241246834,17.867415556318065,1.0716374436819365
2013-06-23,14.992142,2.8025805579798284,-9.402807552139706,9.06594173808176,0.1469480455399272,-2.3968537125204774,11.250674688591582,11.466483765532914,3.5256582344670857
2013-06-24,8.9585705,2.856626464692029,-3.307185504432392,8.697978458221906,0.2252792958942958,1.969218601003972,11.255051680029535,21.696968995409346,-12.738398495409346
2013-06-25,19.848305,2.910081268891385,6.699957446912051,8.363156498082734,0.33720267963443395,9.889438538685024,11.25962108026251,39.45945751246814,-19.61115251246814
2013-06-26,115.60144,2.9622927623546507,10.373426062474236,7.675511191723491,0.35121897782975325,15.383565350262428,11.264166332525017,48.01018067716957,67.59125932283042
2013-06-27,50.471336,3.010221966789068,4.839155025689785,6.363225162980298,0.2398939597569152,14.27035967466162,11.267038094132008,39.989893884009696,10.481442115990305
2013-06-28,0.74065846,3.05560514675386,-3.31915064023636,4.527202107777878,0.10822405231667201,7.504262557222079,11.269199087837805,23.145342311671932,-22.404683851671933
2013-06-29,4.706633,3.1003125516016987,-6.373269479477942,2.5525645522204794,0.059969927873808566,-0.46094128040775767,11.271527823719715,10.150164095530002,-5.443531095530002
2013-06-30,4.7773767,3.144355138680142,-3.424759568942268,0.8238286526084458,0.07809442897968336,-5.814860335557256,11.27396074148165,6.080619057250397,-1.3032423572503973
2013-07-01,2.542905,3.18761740477684,0.5409597734352187,-0.48449134996464316,0.06493094103315636,-7.74361881985277,11.276460455171684,6.841858404599485,-4.298953404599485
2013-07-02,1.2189131,3.230725517393714,1.4688738489969253,-1.4104849575348266,-0.021968645499963968,-7.465542571629277,11.279457635476046,7.081060827202617,-5.8621477272026175
2013-07-03,3.5276022,3.273420698631998,0.027291365058005723,-2.069738952122141,-0.11561131089466238,-6.014131231495326,11.282738592378022,6.383969161555896,-2.856366961555896
2013-07-04,3.7072165,3.3161375745224273,-0.909415613449252,-2.5458360701835177,-0.13101222452365152,-3.476210337476294,11.286527652857602,7.5401909817473145,-3.8329744817473146
2013-07-05,8.484275,3.3585360347868134,-0.3225769808444182,-2.8731292954924794,-0.07553390639742305,-0.019967468444873404,11.290677057632834,11.358005441240453,-2.8737304412404523
2013-07-06,0.9975587,3.3998877486875294,0.47749437055270955,-3.078152602856563,-0.03871465351927911,3.087663426832643,11.294839293805465,15.143017583502505,-14.145458883502505
2013-07-07,9.746779,3.4404501217763808,0.30009235019592706,-3.205175846368732,-0.08075499396946072,3.991446468402069,11.299244218776936,15.74530231881312,-5.99852331881312
2013-07-08,24.195158,3.4801638006709057,-0.501830755677744,-3.3027000927874184,-0.16490714560107547,1.8339369581334042,11.303853197166026,12.648515961904097,11.546642038095902
2013-07-09,12.698278,3.518411165117726,-0.9974333338543361,-3.3900399438664177,-0.21233704209784027,-2.2601120424829544,11.308272568526592,7.966761371342769,4.731516628657231
2013-07-10,4.814891,3.5555129820068005,-0.9775071312120974,-3.439597392779652,-0.2006962940293406,-5.862758648732502,11.312657967409379,4.387611482662588,0.42727951733741243
2013-07-11,2.9749787,3.5917847010469566,-0.8658358680959665,-3.393588110424066,-0.1822137119583077,-7.006522336243905,11.31716298232672,3.460787656651431,-0.485808956651431
2013-07-12,2.51514,3.6270531987282215,-0.9215618876371846,-3.20113644948635,-0.20941649653008915,-5.456275542519433,11.321716261913279,5.160379084468444,-2.6452390844684435
2013-07-13,1.1877972,3.6613333145952027,-1.0365904010440805,-2.860578344334945,-0.2732376393071494,-2.5141005694236243,11.326375481485778,8.303201841971182,-7.115404641971182
2013-07-14,10.012846,3.6946424259686985,-1.0047301956655181,-2.4405794527875484,-0.3268839128279165,0.21764423326463894,11.331145481807468,11.471238579759822,-1.4583925797598223
2013-07-15,5.4167027,3.7267836522674154,-0.5354567360344511,-2.0520632261464504,-0.34958351990208364,1.8655591066128623,11.335919390614874,13.991158667412167,-8.574455967412167
2013-07-16,4.6917324,3.757700975697966,0.6917901181014217,-1.774286793443652,-0.36159214345380314,2.3028252102838795,11.340673882184364,15.957111249370175,-11.265378849370176
2013-07-17,41.828304,3.787210276941,2.320967720558288,-1.5955093576506036,-0.3833222499793499,1.501892073141292,11.34537917459542,16.976617637606047,24.851686362393956
2013-07-18,26.87444,3.8144604509380384,2.852950153006533,-1.4070779706067167,-0.4055110327893173,-0.680717386169453,11.349577163223858,15.52368137760294,11.35075862239706
2013-07-19,2.3232312,3.840353676686549,0.8910961434181156,-1.0439036009109794,-0.4101762394725395,-3.8232013750577982,11.353761490787534,10.807930095450882,-8.484698895450881
2013-07-20,1.7733997,3.8661376970507986,-2.698589986284718,-0.3681603681938431,-0.40664778587961653,-6.324979870987601,11.358519685722639,5.4262793714276585,-3.652879671427659
2013-07-21,1.0771224,3.8918653400150984,-4.594639100145195,0.6504240956146897,-0.42304840527918847,-6.059889970740184,11.363782160256006,4.828494119721227,-3.751371719721227
2013-07-22,13.286675,3.916965437141469,-2.09233725841137,1.9003397784027596,-0.4633603676978557,-2.18349267386936,11.369281976910555,12.447396892476197,0.8392781075238034
2013-07-23,39.16374,3.9404639330231,3.4384197983525104,3.1589835646105726,-0.4973115419136921,3.572081275003078,11.374634890116294,24.987271919191862,14.176468080808135
2013-07-24,43.799755,3.961363634763477,7.045677370529823,4.196675960026995,-0.5045544654328216,7.746181169127924,11.379427169853258,33.82477083886865,9.974984161131346
2013-07-25,15.059139,3.9797774474212346,4.9337241429810925,4.912283962670446,-0.5122134897151627,7.7788752295946475,11.383720414871789,32.47616770782405,-17.417028707824045
2013-07-26,10.502496,3.996539026737354,-1.4056643907419315,5.403445328205786,-0.5654935715787274,4.127937294269933,11.387958853689359,22.944722540581772,-12.442226540581771
2013-07-27,19.494303,4.01164734245116,-6.344425696859346,5.893413284835785,-0.6620951195304845,-0.11312174270703781,11.392162967955532,14.177581036145607,5.316721963854391
2013-07-28,17.937782,4.025164736949131,-5.566709501875253,6.55176590947875,-0.738298456375752,-1.7450396436126363,11.39632463227407,13.92320767683831,4.014574323161689
2013-07-29,58.407623,4.037086047579061,-0.19826530928117003,7.330277909163796,-0.7382253509482188,0.11641778699770415,11.400370456536152,21.947661540047324,36.45996145995268
2013-07-30,26.779974,4.046124685511991,4.556468209264797,7.949271555004247,-0.6872801179914085,3.739886791943681,11.403590882347583,31.00806200608089,-4.228088006080892
2013-07-31,7.0334034,4.052871496331701,4.6449307066530645,8.083870284881005,-0.6706113233740087,6.575188703086971,11.406436665456061,34.092686533034794,-27.059283133034793
2013-08-01,48.702168,4.057857640307041,0.7302752948256304,7.5852659714542146,-0.7374877410526564,7.179523160025066,11.409229063935644,30.22466338949494,18.47750461050506
2013-08-02,25.592873,4.0602489121955845,-3.1249081230959863,6.564953955738547,-0.8440399743174043,5.700257000159104,11.41139669369808,23.767908464377925,1.824964535622076
2013-08-03,7.248314,4.060658850846412,-3.666318200453636,5.291785788330065,-0.9031653363653467,3.0484672831559383,11.413290931535014,19.244719317048446,-11.996405317048445
2013-08-04,7.1753364,4.059521502119878,-1.1899826827928959,3.980358262349153,-0.885294295898593,-0.06013598278769505,11.415176578502804,17.319643381492654,-10.144306981492655
2013-08-05,6.2891793,4.056682731329198,1.4509564689325032,2.6661909706676186,-0.8467168208041386,-3.2542298270093495,11.417004235379004,15.489887758494838,-9.200708458494837
2013-08-06,18.786142,4.052039774400545,1.9106846432022246,1.2645943855468047,-0.8541887423249181,-6.072946399303773,11.418767876902644,11.718951538423529,7.067190461576473
2013-08-07,7.23791,4.045594620468867,0.2423838741323674,-0.267036548079357,-0.9042368061088331,-7.777792042265952,11.420418112703862,6.759331210850954,0.4785787891490463
2013-08-08,2.431409,4.037754890540812,-1.7843124671390125,-1.827031440590965,-0.9365409385223961,-7.760412518948564,11.42209203654084,3.1515495618807154,-0.7201405618807155
2013-08-09,2.0502625,4.02867064367803,-2.6026453559356937,-3.22169294136026,-0.9168260096142311,-6.095191857653357,11.423806893668681,2.6161213727831694,-0.5658588727831693
2013-08-10,1.5489566,4.018643557614396,-1.8956637271821093,-4.301445675237261,-0.8757672160991116,-3.5684050526315145,11.425736713054604,4.8030985995190045,-3.2541419995190046
2013-08-11,6.5982027,4.008410037925624,-0.26492746460990574,-5.058876607559713,-0.8588989230790226,-1.1725119931707695,11.428217993384617,8.08141304289083,-1.48321034289083
2013-08-12,13.059134,3.997487136016624,1.440641479712009,-5.61598387713754,-0.863632437483032,0.3939995309957958,11.430917376162707,10.783429208266565,2.2757047917334354
2013-08-13,9.136507,3.9858811114128954,2.3635179886373074,-6.130173606019033,-0.8537857100829013,0.8349499541350801,11.433868275326414,11.634258013409763,-2.497751013409763
2013-08-14,1.6379007,3.973262532770699,1.8185357073022521,-6.688266719065903,-0.8249362620815595,0.1401891502003589,11.436854368617873,9.85563877774372,-8.217738077743721
2013-08-15,2.210616,3.9600259459760987,-0.08550316746556771,-7.253921798263367,-0.8203669126567468,-1.4280542496607094,11.440151061626933,5.812330879556641,-3.601714879556641
2013-08-16,3.587955,3.945750344146569,-1.986280082848307,-7.6846465062959926,-0.8656047681478747,-3.256652339694552,11.443527656417745,1.596094303577587,1.991860696422413
2013-08-17,1.0750163,3.9304813709308215,-2.0924332877514353,-7.809037983743121,-0.9131020348206925,-4.527315983512505,11.446929200527928,0.035521281630995105,1.0394950183690048
2013-08-18,0.39953506,3.91456589382973,-0.044844353172439066,-7.521556191660814,-0.8856147352280814,-4.641597966533511,11.450486238236769,2.271438885471653,-1.8719038254716531
2013-08-19,2.0982985,3.8982097746998967,2.219639271081632,-6.83927635618198,-0.774958998418396,-3.5119724368395833,11.45440650295853,6.446047757300101,-4.3477492573001015
2013-08-20,4.7474966,3.880805067117086,2.1487603005303195,-5.884708868419349,-0.6644733866036511,-1.3596188932977165,11.45842428442579,9.57918850375248,-4.83169190375248
2013-08-21,17.520124,3.862029430314113,-0.51207085952299,-4.815800785302437,-0.6316728825527929,1.6934261238715047,11.462395938130536,11.058306964937934,6.461817035062065
2013-08-22,14.291369,3.841530943404872,-2.876911168026935,-3.767860125896336,-0.6484352068264181,5.550789286576909,11.466116080366458,13.56522980959855,0.7261391904014491
2013-08-23,14.614787,3.8194614396132027,-1.6928623938277718,-2.8527709927400275,-0.6147142840221272,9.458171188096447,11.469643707628606,19.586928664748328,-4.972141664748328
2013-08-24,19.5939,3.7957810379064054,2.8182386435969726,-2.185673254288087,-0.49424229637551287,11.600241054699495,11.472979980325928,27.0073251658652,-7.413425165865199
2013-08-25,63.75625,3.7702850705490114,6.442295229997485,-1.8584328777125576,-0.3781657402620036,10.024680946996659,11.47610013103481,29.476762760603407,34.279487239396595
2013-08-26,26.450518,3.7417797658551275,4.982701221819873,-1.8597445860207389,-0.38452042457915286,4.5226834061112,11.478301428921787,22.4812008121081,3.9693171878918996
2013-08-27,10.132557,3.7116900202669907,-1.06531437031629,-2.0251855843236846,-0.5081572964033653,-2.365281559483836,11.480294322693466,9.228045532433281,0.904511467566719
2013-08-28,1.8832068,3.680652281540981,-6.409373390070652,-2.1217843838393944,-0.6107377275299073,-6.774045353337841,11.482283865806036,-0.753004707430776,2.636211507430776
2013-08-29,1.5924336,3.6488309241175383,-6.030926474072622,-1.9972231925729105,-0.5679142832056395,-6.475167887991877,11.484358107744496,0.06195719401898536,1.5304764059810145
2013-08-30,0.943175,3.616222848826271,-0.43730323655362435,-1.6652778227478242,-0.4022609173073466,-2.734846483166929,11.48660522477842,9.863139613828968,-8.919964613828968
2013-08-31,1.3156258,3.5826758402558863,4.575002579029342,-1.2510542388507397,-0.24688164572001042,0.8055621820732967,11.488973166062458,18.954277882850235,-17.638652082850236
2013-09-01,14.355939,3.548015629292763,3.808880255025801,-0.8654259553788908,-0.19080014198763817,1.2685046901108485,11.49141646728344,19.060590944346323,-4.704651944346324
2013-09-02,6.7501,3.513106705530257,-1.7951793975251376,-0.5366301335259978,-0.19304734855287503,-1.2297115703588348,11.494389004360164,11.252927259927576,-4.502827259927576
2013-09-03,3.049977,3.478126943711408,-6.064523129440923,-0.2385194898939281,-0.15406080862144578,-4.215216065432634,11.49789815993864,4.303705610261116,-1.253728610261116
2013-09-04,14.204387,3.4423332498461523,-4.273856622327313,0.039700598333127404,-0.04324924372815222,-5.444187649726615,11.501548099663369,5.2222884320605685,8.982098567939431
2013-09-05,6.000942,3.405170652029953,1.6768935785364714,0.27985721888714576,0.07598969475314105,-4.690077488308901,11.505127393662889,12.2529610495607,-6.252019049560699
2013-09-06,23.451014,3.36664092058174,5.458271754246992,0.48104467155365566,0.13975643059751644,-3.2029461606831466,11.508694274485459,17.751461890782217,5.699552109217784
2013-09-07,12.159539,3.326887789591826,3.405026542643724,0.6727773217383024,0.1620998385122217,-2.027253007675019,11.512287677287308,17.051826162098365,-4.892287162098365
2013-09-08,43.234535,3.286033870729959,-1.6539471776646815,0.8715334849022722,0.20523215859012606,-1.2833097980550554,11.515932188760187,12.941474727262808,30.293060272737193
2013-09-09,21.185835,3.2430451199806414,-4.16488111782614,1.028788180207078,0.294436555972146,-0.9289256895687295,11.518984563058362,10.991447611823357,10.194387388176644
2013-09-10,0.71234536,3.1985012680743057,-2.36405919586254,1.072907717459636,0.39888962673100453,-1.383391994826802,11.52175070992474,12.444598131500344,-11.732252771500344
2013-09-11,0.97443163,3.1530990588703514,0.3802166352774438,0.9908832061604549,0.48941849016464406,-2.8019644472713807,11.524605902799532,13.736258846001046,-12.761827216001047
2013-09-12,2.9711285,3.1071555546810394,0.6440407146358145,0.8527133649183252,0.5822426340976455,-3.8499302684639978,11.527750545995296,12.863972545864122,-9.892844045864123
2013-09-13,4.750944,3.060353461478001,-0.5431332570948972,0.7261991279327297,0.7064793126430763,-2.066110670075443,11.53101602918909,13.414804004072556,-8.663860004072557
2013-09-14,3.6633074,3.0125190181805475,0.2663239506832553,0.5440656658454053,0.8435986939332736,3.673078955813303,11.534267281769559,19.873853566225343,-16.210546166225342
2013-09-15,42.34758,2.963672480792332,3.418846579586332,0.07089468912946778,0.9304929809065592,10.946482000585151,11.537491839275843,29.867880570275688,12.479699429724313
2013-09-16,68.76573,2.9126501231485387,5.07680203280761,-0.9522077124597943,0.9309555309220625,14.726899750860891,11.540117179649458,34.23521690492876,34.53051309507124
2013-09-17,10.465923,2.8587571466025423,2.3661570969451753,-2.5723532866353565,0.8839001951078326,11.380344606255207,11.541772235941668,26.458577994217066,-15.992654994217066
2013-09-18,0.0,2.8037070896680527,-2.3340797503793818,-4.510978108043089,0.8614309505585231,2.119543356787507,11.5433826643395,10.483006202931112,-10.483006202931112
2013-09-19,0.0007376075,2.74796551356273,-4.09892582125852,-6.295666324947149,0.8895268181969864,-7.566058292857614,11.545096623210464,-2.7780614840931026,2.7787990915931027
2013-09-20,0.0007376075,2.6919714723965336,-1.599002119905632,-7.518169378681557,0.9382133917703122,-12.059882245672053,11.547099627923565,-5.999769252168832,6.000506859668832
2013-09-21,0.030959025,2.6356260394032436,1.540792015896426,-8.045116258136634,0.9839006291600492,-9.66394936344334,11.549267506865283,-0.9994794302549721,1.0304384552549721
2013-09-22,1.7280039,2.578907434608145,1.7893502678275972,-8.051352771752985,1.0482605689186277,-3.19108272601058,11.551546167182027,5.7256289407728325,-3.9976250407728324
2013-09-23,10.527352,2.5217722536070197,0.08288128023575642,-7.873215233267534,1.1567078698589917,2.8629197474127666,11.55395387367247,10.30501979151947,0.22233220848053037
2013-09-24,12.850738,2.4647163675900075,-0.2646333458029037,-7.797812536682663,1.2769779297257553,5.675536448465561,11.556880164867202,12.91166502816296,-0.06092702816295947
2013-09-25,24.301373,2.406993075789754,1.337261813516961,-7.919273742565342,1.334423351698459,5.3078839189747145,11.559879485259296,14.027167902673842,10.27420509732616
2013-09-26,13.416652,2.348421331453131,2.071636110767296,-8.135934041897299,1.296997892218212,3.5069144860117594,11.562760273301018,12.650796051854119,0.7658559481458802
2013-09-27,0.0739377,2.2890493976746655,0.160205846993803,-8.25247287003247,1.2247616144532891,1.834160701067629,11.565515037320647,8.821219727477564,-8.747282027477564
2013-09-28,0.14345813,2.229237232999358,-2.3296465311364054,-8.120505909720956,1.2097670824019668,0.7472625333587191,11.568369082962569,5.304483490865253,-5.161025360865253
2013-09-29,0.13019703,2.168977195259145,-2.408853356949675,-7.724951511821078,1.2758551603688606,-0.058530377896868435,11.57133124083588,4.823828349796264,-4.693631319796264
2013-09-30,1.9716598,2.108235996455404,-0.33412648755189445,-7.169357333037293,1.3615682446965147,-0.8772761531025068,11.574303852794312,6.663348120254537,-4.691688320254537
2013-10-01,17.679543,2.0476762641813857,1.0990360691203445,-6.584033841921867,1.4030776682292965,-1.703795774169669,11.577726747256374,7.839687132695865,9.839855867304134
2013-10-02,17.3666,1.9865953866672181,0.7057087293519329,-6.021922888154958,1.4068695194438423,-2.5507550748382317,11.581239060456822,7.107734732926626,10.258865267073372
2013-10-03,13.470792,1.9247294032757356,-0.03019163553545212,-5.414938339860023,1.4210546166770643,-3.7174797472663155,11.584612161164094,5.767786458455102,7.703005541544897
2013-10-04,12.804364,1.8624952018425969,-0.2443006960978218,-4.615097760627533,1.4567260747594935,-5.375393304940836,11.588082394826861,4.67251190976276,8.131852090237238
2013-10-05,21.713562,1.7997179741921046,-1.2846979402141927,-3.487635904669448,1.475227855243344,-6.797442744306773,11.59163503534793,3.2968042755929634,18.416757724407034
2013-10-06,3.7718172,1.7379614580379779,-3.387296052485262,-2.0130760525564764,1.4545972780686027,-6.521083938322205,11.596110690110846,2.8672133828534836,0.9046038171465165
2013-10-07,1.2714947,1.6784364083149566,-3.187532195330661,-0.33153710740351394,1.432988920156593,-4.024981243828881,11.601975392297488,7.169350174205982,-5.897855474205982
2013-10-08,0.11039665,1.6191048492278473,1.962996848005161,1.3127313181715594,1.4536346717614173,-1.3852240123414776,11.608047271496208,16.571290946320715,-16.460894296320717
2013-10-09,0.10530464,1.5592370545449774,7.854915708674254,2.7434359889986877,1.4871184781804956,-2.2929972026904446,11.61413364323669,22.965843670944658,-22.860539030944658
2013-10-10,11.146257,1.498789836509804,6.032117520247216,4.050743513022188,1.4602675184806346,-8.167377803359358,11.620254113163337,16.49479469806382,-5.34853769806382
2013-10-11,5.106377,1.4375694119354487,-5.066990104518959,5.620913167531321,1.3736479456635327,-15.012649887077671,11.626230506757842,-0.0212789597084857,5.127655959708486
2013-10-12,1.6487646,1.3758243183390424,-14.722836523426906,7.88286876781535,1.3439457198572218,-15.305469614611537,11.632200414197778,-7.793466917829052,9.442231517829052
2013-10-13,0.62269205,1.3136601875440816,-10.420617699814436,10.907807547157663,1.4809853137644897,-4.549698355973979,11.638223917108768,10.370360909786587,-9.747668859786588
2013-10-14,0.19829161,1.252147041661031,6.274805968453589,14.205255630607015,1.7308132685136366,13.492746145472163,11.644849827908669,48.600617882616106,-48.40232627261611
2013-10-15,145.82196,1.190724161683923,18.93518189131205,16.951108491068098,1.893097676474564,28.71045223703938,11.651852685562858,79.33241714314087,66.48954285685912
2013-10-16,182.6362,1.124703933683038,14.172641069186843,18.500735992226154,1.8211079535551153,32.64694043413343,11.656796998749119,79.9229263815337,102.7132736184663
2013-10-17,0.3377758,1.0528361093954648,-2.407793943688588,18.80457140880149,1.5855012768429522,25.180533894324377,11.659037244552659,55.87468599022835,-55.53691019022835
2013-10-18,1.1802042,0.9804273572269906,-12.489879418923602,18.341226308965997,1.3953304814635583,13.426183960245643,11.661433942728214,33.3147226317068,-32.1345184317068
2013-10-19,5.956232,0.9086161606039037,-6.558301627622519,17.642415224144788,1.360057634308868,4.563374521339842,11.664430355639958,29.58059226841484,-23.62436026841484
2013-10-20,83.155045,0.8364981543167751,5.899947514830796,16.937266662422573,1.3866182862283951,0.5050259525787967,11.667622227357219,37.23297879773455,45.92206620226545
2013-10-21,29.328545,0.7614846672409906,9.321247737952874,16.155198485631193,1.3199623524855828,-1.0257342918965624,11.669563961635932,38.201722913050006,-8.873177913050007
2013-10-22,4.9700713,0.6852155920686338,0.9748833938082795,15.197723741465024,1.1466134366168292,-1.8352228103084156,11.67110396133701,27.84031731498736,-22.87024601498736
2013-10-23,9.342509,0.609151682757588,-7.582278416248288,14.102412112863153,1.0040443583433123,-1.2368128928945124,11.67289853389175,18.569415378713003,-9.226906378713004
2013-10-24,14.981985,0.5334361571102232,-6.230532919962521,12.98572311418798,1.00307379251733,1.6548886707616703,11.67497555454914,21.621564369163824,-6.639579369163824
2013-10-25,58.459858,0.45711984558695246,2.042183600474988,11.885461078768873,1.0913929383822671,5.147740694158734,11.67693072336829,32.300828880740106,26.15902911925989
2013-10-26,69.28426,0.3786209296311003,7.018705329843002,10.707247482006476,1.1188229890601598,5.740147027575679,11.677994979885433,36.64153873800185,32.642721261998155
2013-10-27,8.953567,0.29777940801576636,4.597234251584002,9.346893653902839,1.0115268697002344,1.7179106914922049,11.678076731630217,28.649421606325262,-19.695854606325263
2013-10-28,0.029298943,0.21648375631466876,-0.13065404696738536,7.831421871229926,0.8360061838105857,-4.758155139949542,11.678104699394707,15.67320732383296,-15.64390838083296
2013-10-29,28.23538,0.13546342288092894,-1.6964122279763851,6.319558188115717,0.6912197104334133,-9.528049715343398,11.678400495621526,7.600179873731802,20.635200126268195
2013-10-30,11.124389,0.053740737717005764,-1.0135898315003722,5.000156335189276,0.5890711888465354,-10.080563016534663,11.678403898682548,6.22721931240033,4.89716968759967
2013-10-31,0.71037143,-0.02856010856298698,-1.7276575990574643,3.995385952291756,0.4710990076175321,-7.2195421288501125,11.678239542358389,7.168964665797113,-6.458593235797113
2013-11-01,0.37269178,-0.11104196879786982,-3.633618617940578,3.322532514672313,0.3139283393003087,-3.5893447236961107,11.67813320066842,7.980588744206483,-7.607896964206483
2013-11-02,1.6009629,-0.19324136041400394,-3.3414111179886445,2.9134230704985256,0.1717233486570734,-1.0580324826772969,11.678264669962639,10.170726128038293,-8.569763228038292
2013-11-03,6.13595,-0.2753322226755887,-0.18785195846450914,2.647573538473459,0.1053176423987667,0.4620845288232289,11.678474165304117,14.430265693859473,-8.294315693859474
2013-11-04,18.62272,-0.35762537542984074,2.332981193341994,2.375967308114977,0.10235971465282125,2.109853242511109,11.678590734714533,18.242126817905593,0.3805931820944082
2013-11-05,4.868836,-0.4404181303714929,1.7029039026198713,1.946539649390074,0.09439028234345258,4.392180371600539,11.678417748255589,19.374013823838034,-14.505177823838034
2013-11-06,0.014967634,-0.5231920366393958,-0.1270063453642889,1.240925050448067,0.03840462961542137,6.376154976003429,11.67820470827079,18.68349098233402,-18.66852334833402
2013-11-07,55.424892,-0.6049654714604611,-0.21162699982565986,0.21119202032324141,-0.05000751835389128,6.427283288470089,11.678579905205137,17.450455224358453,37.97443677564155
2013-11-08,15.82271,-0.6878328841396409,0.6796913346772749,-1.0856444219743246,-0.14213854586160035,3.872700455375569,11.678309289321952,14.31508522739923,1.5076247726007708
2013-11-09,3.0828328,-0.7709164298889493,-0.30503494526550334,-2.4760446014499413,-0.24058672101704484,0.06440360217873792,11.67781417152124,7.949635076078539,-4.866802276078539
2013-11-10,11.773066,-0.853582005120409,-2.7766956446254336,-3.7408736288124813,-0.36005455424637134,-2.4744359542097714,11.677356988640083,1.4717152016256154,10.301350798374385
2013-11-11,12.223882,-0.9361618773409313,-2.792238387405545,-4.7216667371560215,-0.47997084900665765,-2.2253142024804324,11.67676069564129,0.5214086422517017,11.702473357748298
2013-11-12,6.9504457,-1.018422743285047,1.1502221091375207,-5.3985039291878705,-0.5534404337083932,-0.10556643981693359,11.676250908994644,5.750539472133921,1.1999062278660793
2013-11-13,4.1656775,-1.100324470968819,4.715668628925249,-5.875162661517969,-0.5711383423541655,1.4460021504305203,11.675874723254868,10.290920027769683,-6.125242527769683
2013-11-14,0.74106884,-1.182013149548495,2.978723878517806,-6.273379333066745,-0.5881534658246821,0.9354163436855751,11.675494974258735,7.546089248022194,-6.8050204080221945
2013-11-15,4.6203723,-1.2633029389100927,-2.3572915564825796,-6.624747194155436,-0.6628804970587854,-0.805816365853957,11.675128384426161,-0.03891016803468972,4.659282468034689
2013-11-16,1.5350256,-1.3442233992889756,-4.382189659309781,-6.8587987636423655,-0.7805372304313507,-1.8792333969309465,11.674707457042386,-3.5702749925610338,5.105300592561034
2013-11-17,0.0073735137,-1.4245837944141093,-0.054549919653718304,-6.88907861500912,-0.8668373185607413,-1.7032993755475876,11.674271540877315,0.7359225176920408,-0.7285490039920408
2013-11-18,0.46288666,-1.5036410450678501,5.271860079324185,-6.701534916889677,-0.8842208839461627,-1.6365595947581333,11.674263967338353,6.220167606000715,-5.757280946000716
2013-11-19,0.37744585,-1.581873515998275,4.582642414418434,-6.345001592576385,-0.8875727974183834,-3.066816970853074,11.674457035679424,4.3758345732517405,-3.9983887232517406
2013-11-20,0.23616804,-1.6595276482619448,-1.4835890111059618,-5.849427750108472,-0.9623387003793423,-5.378008003328218,11.674667706422916,-3.6582234067610244,3.8943914467610243
2013-11-21,0.25441465,-1.7363019507396469,-5.345234562616447,-5.182644403402802,-1.1169309996705745,-6.412650993565421,11.674973537641531,-8.118789372353358,8.373204022353358
2013-11-22,1.0863931,-1.8122194581595588,-2.3953376365351353,-4.306227255073397,-1.2638351641470735,-4.934580409509911,11.67533388705935,-3.0368660363657245,4.123259136365725
2013-11-23,0.57947147,-1.887459303778771,3.112549169922824,-3.267120748521798,-1.314882997059877,-2.08637534697956,11.675704195660222,6.232414969243039,-5.652943499243039
2013-11-24,0.004150206,-1.962109303795998,3.890257137059385,-2.2152326803998634,-1.274548397217588,-0.09786563688202632,11.676126630182566,10.016627748946474,-10.012477542946474
2013-11-25,9.064125,-2.0362258494344783,-0.8763400626621776,-1.3184767726962412,-1.222014256295914,0.13999686088186059,11.67658514140942,6.363525061202471,2.70059993879753
2013-11-26,6.7974243,-2.1093449449407995,-4.870827683948451,-0.6593299845804669,-1.21423268410298,-0.24039285153968826,11.677242858596944,2.5831147094845583,4.214309590515442
2013-11-27,0.99379325,-2.180376274825262,-3.164034268577163,-0.21772036330329236,-1.235241588327228,0.22501380932334125,11.678632870206414,5.10627418449681,-4.11248093449681
2013-11-28,1.3574731,-2.250186389576912,1.6855232578842325,0.04112655917677349,-1.2472169426066166,1.4437557688439269,11.680245093951168,11.353247347672573,-9.995774247672573
2013-11-29,0.613778,-2.3193643987296846,3.5376393968287934,0.07723726751152704,-1.259807581209609,1.91677950309457,11.68185268335574,13.634336870851335,-13.020558870851335
2013-11-30,0.0071013346,-2.387805003478553,0.6127133435998848,-0.1982496936799511,-1.3130500457814065,0.5931555796140628,11.683556673404054,8.99032085367809,-8.98321951907809
2013-12-01,0.19234139,-2.4553432829938,-3.035812023152625,-0.8070088199689388,-1.4001478429055605,-1.8672894933162594,11.685340102086545,2.119738639749361,-1.927397249749361
2013-12-02,0.57578504,-2.5217097291574992,-3.4356154592233525,-1.6244069103658956,-1.4482781031848755,-3.7753087900270104,11.687270484271727,-1.1180485076869058,1.6938335476869057
2013-12-03,0.84133583,-2.587070331661761,-1.3399024421506032,-2.424709047873275,-1.3984609984398477,-4.049400833935403,11.68927002385896,-0.11027363020193093,0.9516094602019309
2013-12-04,1.1347967,-2.6514880353169925,0.009475173468849914,-3.020213060136286,-1.2853600380015955,-3.012553919522034,11.69131103905244,1.731171159544381,-0.596374459544381
2013-12-05,0.38547558,-2.7145677364666576,-0.3085049169743571,-3.372108963896291,-1.2044816856743976,-1.8087499011261987,11.69364003411608,2.2852268299781784,-1.8997512499781783
2013-12-06,1.3264694,-2.776694395666011,-0.42716516227853596,-3.584942151042422,-1.198996995408691,-1.3648284156216635,11.696072182050973,2.3434450620336484,-1.0169756620336485
2013-12-07,1.1322591,-2.838039564766296,0.6849408272764543,-3.805963067364405,-1.2105056439742823,-1.891856478382538,11.698513902944914,2.637089975733847,-1.504830875733847
2013-12-08,0.31745666,-2.898459256954849,1.482372928131812,-4.118722024257179,-1.1603102952762911,-3.0126350565731204,11.700951265384022,1.9931975604543943,-1.6757409004543944
2013-12-09,0.16120984,-2.9577523118308555,0.4387027106360042,-4.505591618429272,-1.0585093782814012,-4.074146672463249,11.703391810710217,-0.45390545965855544,0.6151152996585554
2013-12-10,16.90489,-3.015961351676098,-1.2555070324317816,-4.873409254853922,-0.9951105953336377,-4.41572594615398,11.705836290177986,-2.849877890271433,19.754767890271435
2013-12-11,4.904797,-3.0735399506553893,-1.1163757342576583,-5.103168401273745,-1.020661025778898,-3.699620005557132,11.708029913465634,-2.30533520405719,7.2101322040571905
2013-12-12,0.038048252,-3.1297588486351984,1.0824819191400379,-5.0964774777308035,-1.0738668934752873,-2.2372660208605892,11.710281971627527,1.2553946500656856,-1.2173463980656856
2013-12-13,0.051711686,-3.184371681106361,2.7231044151885397,-4.812281999190996,-1.0574893711007889,-0.9186343526592251,11.712612238043283,4.462939249174451,-4.411227563174451
2013-12-14,0.03531715,-3.237588808699769,1.6212889681363376,-4.266375234897399,-0.964994831546349,-0.4793039643960946,11.714950362549917,4.387976491146643,-4.3526593411466425
2013-12-15,0.09484962,-3.2895357898888253,-1.2388941434527487,-3.4986766724007747,-0.8885512719180798,-0.6309845906096022,11.717313328050258,2.170670859780227,-2.0758212397802267
2013-12-16,0.029361341,-3.3401890188061927,-2.893890414242898,-2.550208746431813,-0.8925786959447223,0.0022127548445680656,11.719699371931743,2.0450452513506843,-2.0156839103506843
2013-12-17,0.006329501,-3.3889563810833927,-1.6083744020737494,-1.4890290620442488,-0.9196186424221467,2.7927445635432915,11.722360168521918,7.109126244441672,-7.102796743441672
2013-12-18,15.080787,-3.4360025231383475,1.745536794071979,-0.4610815344651848,-0.8603953722763469,7.64410556989462,11.725192339090215,16.357355273176935,-1.2765682731769346
2013-12-19,44.67195,-3.482225028844292,4.832869667425263,0.31368576079136434,-0.7066142424266785,12.482990535185696,11.727854772899956,25.16856146503131,19.503388534968693
2013-12-20,32.685524,-3.5286429127544947,5.434023997259025,0.6517812085764202,-0.5858995968174509,14.40699205962066,11.729854281486121,28.108109037370284,4.577414962629717
2013-12-21,5.5823855,-3.574507890305422,2.4564942315874436,0.5520177742596888,-0.6200471161777463,11.77938434331329,11.731599958315545,22.324941300992798,-16.742555800992797
2013-12-22,0.21947129,-3.6191172965466754,-2.9735668932111454,0.22608324509136096,-0.7750906246646541,5.576464273293623,11.733399599118172,10.16817230308068,-9.948701013080681
2013-12-23,0.17624,-3.6619468385719807,-7.031676872812997,-0.03800746994074353,-0.8895592627518576,-1.2223432626242743,11.735538439367303,-1.10799526733455,1.2842352673345498
2013-12-24,0.72110116,-3.703407083716285,-5.599503909833108,-0.06892289641901653,-0.851202866959835,-5.777994850647601,11.737781659799754,-4.263249947776089,4.984351107776089
2013-12-25,0.21654321,-3.7436700858605456,1.1096272761406656,0.09899786875029949,-0.7137962102713997,-7.234400346699113,11.740020860014633,1.2567793620745409,-1.040236152074541
2013-12-26,4.538244,-3.7827046576316126,7.072061676287759,0.30743813065083386,-0.6206781277686564,-6.657427754861897,11.742270628820606,8.060959895497033,-3.5227158954970337
2013-12-27,7.915242,-3.8206155776015316,5.8462183067105356,0.42581681955704054,-0.638226705095864,-5.397511695571838,11.744457275808703,8.160138423807044,-0.24489642380704435
2013-12-28,1.7061024,-3.857456232833016,-1.932679267022419,0.42522375589564276,-0.6987447948463648,-3.8366490945210616,11.746523478208815,1.846217844881597,-0.14011544488159688
2013-12-29,0.29354706,-3.892756755803364,-8.248256074925465,0.332692228251869,-0.7032899916031352,-1.8906440977681753,11.748681816493928,-2.653572875354344,2.947119935354344
2013-12-30,0.10011485,-3.9259701697827296,-6.382006916297033,0.1594803963617463,-0.6390335042692088,-0.3425172277204853,11.751122917819247,0.6210754961115352,-0.5209606461115353
2013-12-31,0.06888947,-3.956577728361042,1.1952678413973437,-0.10269131811478274,-0.5700436880406798,-0.8666114894302465,11.754148642663138,7.45349226011373,-7.38460279011373
2014-01-01,0.041104738,-3.98534498582908,5.689968902502705,-0.4354277603018507,-0.5382191128549716,-4.1823409833067835,11.757461724594219,8.306097784804237,-8.264993046804237
2014-01-02,0.045889523,-4.012725767512747,2.5361182455911306,-0.7790633382491707,-0.5169988453475091,-8.3996332727072,11.76082406573665,0.5885210875111522,-0.5426315645111521
2014-01-03,0.07807801,-4.038623708464233,-3.4670560131392687,-1.074261263043046,-0.4671809073601287,-9.94961490271846,11.7641987067862,-7.232538087938938,7.310616097938937
2014-01-04,0.0863967,-4.062939246984036,-4.78385657562879,-1.3081889965173183,-0.4020619068726592,-6.705759247932464,11.767581692936666,-5.495224280998599,5.581620980998599
2014-01-05,0.36445388,-4.085777747830615,-0.6781923070574698,-1.5039188147567957,-0.36534600598406064,-0.10787682287829209,11.770977204672025,5.029865506164791,-4.665411626164791
2014-01-06,0.23956212,-4.107315623183391,2.73028960979949,-1.6683723702554614,-0.35688566690496637,6.115911001025015,11.774377616229637,14.488004566710323,-14.248442446710323
2014-01-07,0.039365027,-4.127305735519299,1.306602596420474,-1.7877633635472348,-0.3211481378516852,9.27364820348915,11.77791234919781,16.121945912189215,-16.082580885189216
2014-01-08,34.99854,-4.1458337979288915,-1.7567910601704624,-1.9022185275177321,-0.22438452613586343,9.492870423796173,11.781505286586997,13.24514779863022,21.753392201369778
2014-01-09,30.332249,-4.163940968636058,-1.1153616234591424,-2.166166264137158,-0.1149479416670782,8.380968554462491,11.784569188122392,12.605120944685446,17.727128055314555
2014-01-10,1.501421,-4.181409633942371,2.791144846109698,-2.775553893867877,-0.07399788947647465,6.689839692321656,11.78721084924327,14.237233970387901,-12.7358129703879
2014-01-11,0.07557741,-4.197349943656507,4.326495580401336,-3.8017793164503257,-0.11519386240751636,3.9152052197647187,11.789860103232998,11.917237780884705,-11.841660370884705
2014-01-12,0.025935238,-4.211710834750787,0.832157853645318,-5.074874387383567,-0.16383429167675573,0.043704897086107364,11.792517187518762,3.2179604244390774,-3.192025186439077
2014-01-13,0.33085212,-4.224554148290917,-3.328327230231899,-6.239584533644471,-0.14579972156047483,-3.1877553583111684,11.795179882358058,-5.330841109680874,5.661693229680874
2014-01-14,0.30268776,-4.235758968598784,-2.7170493280587142,-6.971568064469924,-0.07376871341931589,-3.565479041215366,11.797854941290996,-5.765769174471107,6.068456934471106
2014-01-15,2.2103195,-4.243933961024191,1.6268121653640875,-7.18321100560883,-0.02021468788242771,-0.9173850920809188,11.801360924621273,1.0634283433889937,1.1468911566110065
2014-01-16,0.6268517,-4.24929919152984,3.722126229906265,-7.052718718887231,-0.01737976977353183,2.1888483181944682,11.805548380952969,6.397125248863099,-5.7702735488630985
2014-01-17,0.8342801,-4.25262750819539,1.0211902585660206,-6.866068592297547,-0.019553621480924474,2.6543950640022818,11.809916256544959,4.347251857139399,-3.5129717571393995
2014-01-18,4.8663244,-4.2543505562505475,-2.2852798265888037,-6.807709594149685,0.025581695563578886,-0.25120039058586324,11.814289658442807,-1.7586690135685146,6.6249934135685145
2014-01-19,3.4144902,-4.254731922039724,-1.5199830695699195,-6.856615789742237,0.09715999616026022,-4.256214908884989,11.818596260266096,-4.971789433810516,8.386279633810515
2014-01-20,0.06965001,-4.25371238434276,1.848251085642452,-6.836797018578581,0.12636900455647201,-6.2199566435886355,11.822863526204417,-3.5129824301066375,3.5826324401066376
2014-01-21,6.6326447,-4.251081773102882,2.619308546838389,-6.5650026875949266,0.09276963356214343,-4.86414939228167,11.827134104789268,-1.141021567789677,7.773666267789677
2014-01-22,5.1293755,-4.246891934785006,-0.48274077422841255,-5.9835783545224,0.057339474577653815,-1.6622655346837274,11.831373462343201,-0.4867636612986921,5.616139161298692
2014-01-23,0.43149397,-4.240681413577979,-3.129128741749371,-5.1915067475854215,0.08282492562130522,0.6400878891975892,11.835925478724633,-0.002478609369244822,0.4339725793692448
2014-01-24,0.007991912,-4.232808283311557,-1.8799709973592043,-4.367230235494886,0.1476909166198763,0.3983046948832617,11.840622756675565,1.9066088520130542,-1.8986169400130541
2014-01-25,0.9462853,-4.223452183711048,0.9674077738497755,-3.6447735096243075,0.17254697906675,-1.6383255044291558,11.845332669147512,3.478736224299526,-2.532450924299526
2014-01-26,5.6594996,-4.212545489520409,1.2065639322364088,-3.0308581922565128,0.1271504554142366,-3.13554212598705,11.850032646186765,2.8048012260734403,2.85469837392656
2014-01-27,1.0678065,-4.200142554202082,-0.9329797412963532,-2.422052336096842,0.07353256588947646,-2.436598964851592,11.854715831023482,1.9364748004660903,-0.8686683004660902
2014-01-28,0.0030444935,-4.185989449370016,-1.6938157181826714,-1.6975572798954621,0.08565578916839806,-0.2632450969087565,11.859567345284287,4.104615590095779,-4.101571096595779
2014-01-29,0.0019028084,-4.170173372188806,-0.263396399410671,-0.8059962577337842,0.15496056878810663,0.9132507434661714,11.86450248370497,7.6931477666259855,-7.691244958225986
2014-01-30,10.245103,-4.152925266150007,-0.1583975909090687,0.21768198347459217,0.21121030222284062,-0.5476158470449336,11.869433708853105,7.439387290446529,2.8057157095534713
2014-01-31,4.1602535,-4.1339918185840325,-2.7846562937996504,1.2888544238366197,0.22529264658584863,-3.5692041812198165,11.874574480651024,2.900869257469992,1.2593842425300075
2014-02-01,0.06425776,-4.113598732521077,-3.61277665768691,2.318694102503574,0.245034641451226,-5.408392693887099,11.879769358052078,1.3087300179117918,-1.2444722579117917
2014-02-02,5.147258,-4.091745764872799,1.3103835531367884,3.248019977980328,0.3084865405163383,-4.65109048243734,11.884972720739489,8.009026545062804,-2.8617685450628043
2014-02-03,1.8548033,-4.068616152383413,7.243717728083596,4.10337877899547,0.36530560215722885,-2.5769404744388136,11.890118389155578,16.95696387156965,-15.102160571569648
2014-02-04,23.814404,-4.044392530829914,4.928534795676665,5.0494988133146945,0.33788181657564786,-1.0955699379899055,11.895239043469843,17.07119200021703,6.743211999782968
2014-02-05,8.550311,-4.019700425381995,-5.8505761116075155,6.331082816774958,0.2532671698616953,0.0757998690107376,11.900019255093557,8.689892573751438,-0.1395815737514372
2014-02-06,0.14691031,-3.993669859440187,-12.371110183387367,8.067713797024247,0.25149812990873477,2.953756496882024,11.904852277523934,6.813040658511385,-6.666130348511385
2014-02-07,0.27389848,-3.9657407632870436,-3.7032550505806965,10.033439983634429,0.4180421698776051,7.597626929668453,11.910011330767523,22.29012460008027,-22.01622612008027
2014-02-08,95.03584,-3.936705108825361,13.141371908309685,11.69087358687851,0.6420999226035646,10.177476473955789,11.915229677110393,43.63034646003258,51.405493539967416
2014-02-09,44.533737,-3.908931913644944,18.535173038400206,12.55253328822101,0.7080035627327315,6.496249397750864,11.91923766097461,46.30226503443448,-1.7685280344344747
2014-02-10,0.19855495,-3.881254707249255,3.6567222309406393,12.609215971824076,0.548040296522634,-2.1223545640167303,11.922656455925988,22.733025683947353,-22.534470733947355
2014-02-11,0.9036411,-3.852473181785209,-16.820303021815715,12.344011886650497,0.34488386695755724,-8.000906151295867,11.926080227263375,-4.058706374025363,4.962347474025362
2014-02-12,0.22697192,-3.822470440067756,-20.315460158378983,12.289578962840297,0.34319817479862025,-3.743651722254951,11.929509846130353,-3.31929533693242,3.54626725693242
2014-02-13,0.1464393,-3.7911875880861796,-2.5404264258848115,12.519746367160518,0.5769595543626765,9.84648710773769,11.932969105974411,28.544548121264306,-28.398108821264305
2014-02-14,91.6928,-3.7588060405832664,17.50445749577205,12.547570589433757,0.8290930756985962,23.12229413376576,11.936486880470394,62.18109613455729,29.511703865442712
2014-02-15,131.68427,-3.7281732395505762,19.64127650255592,11.74138767945603,0.8720959818297016,25.59526408557694,11.938598675861082,66.0604496857291,65.6238203142709
2014-02-16,7.419575,-3.70014427602841,4.533107426904473,9.896547358335184,0.7102740847595392,14.938618509756509,11.938811469217999,38.31721457294529,-30.897639572945288
2014-02-17,0.0074247364,-3.671289546825525,-10.01383602335927,7.426856282570181,0.5466634374228558,-1.6700260894485066,11.93894910525642,4.557317165616156,-4.549892429216156
2014-02-18,0.044330254,-3.6409427291607495,-11.095262304434483,5.027093424070225,0.5355126251194245,-14.373842409143402,11.939177611389761,-11.608263782159225,11.652594036159226
2014-02-19,0.022048363,-3.608564386984116,-2.82553194619795,3.209763414069368,0.6337813015406322,-18.156606596359712,11.939782691743765,-8.80737552218801,8.82942388518801
2014-02-20,0.11566654,-3.574528966005581,3.19861982414279,2.0749077386219463,0.6979635676436284,-14.657341320886903,11.94060127247122,-0.3197778840129004,0.4354444240129004
2014-02-21,0.2717746,-3.539225244920735,2.8384425839247927,1.4140812642074314,0.6693007571549289,-8.588107294535378,11.941463870845466,4.735955936676506,-4.464181336676506
2014-02-22,0.09385287,-3.502657425053145,0.6968123378236457,0.9681988268130366,0.6166666380874266,-3.637512886652545,11.942357607754106,7.083865098772526,-6.9900122287725255
2014-02-23,0.6782033,-3.464835136486065,0.38374714179511277,0.6076600634995025,0.6186646103843032,-1.2164180861226328,11.943289730069498,8.872108323139718,-8.193905023139719
2014-02-24,2.5536416,-3.4257469479044698,-0.009147351052894992,0.35128030055486303,0.6652401529989174,-1.3078691613899376,11.944287668321298,8.218044661527776,-5.664403061527775
2014-02-25,1.8107053,-3.385447334550687,-2.2787905899576435,0.28536040018197806,0.6989278625569577,-3.1893987230453273,11.945341919089742,4.07599353427502,-2.2652882342750202
2014-02-26,0.3073844,-3.3439955693255854,-3.546258151289638,0.4717588016886934,0.7111281178538007,-5.42618801185,11.946439441535707,0.8128846286129789,-0.5055002286129789
2014-02-27,10.069551,-3.300895177589612,-0.8152974128209354,0.8931934044034386,0.7485005173782513,-6.079533292936114,11.947861639989757,3.3938296784247868,6.675721321575214
2014-02-28,7.5126038,-3.256589450837459,2.9992440727357033,1.4520739833922298,0.8315590624057396,-3.640633971629595,11.94932033783455,10.334974033901169,-2.822370233901169
2014-03-01,9.405027,-3.211385135704796,2.259313518739621,2.0063409623021307,0.9126131388956353,1.9386499001738176,11.950673652691803,15.856206037098211,-6.4511790370982105
2014-03-02,24.088661,-3.1641137158273596,-2.77607509206321,2.402728585704112,0.9348603511643201,8.90915305751916,11.952647125183612,18.259200311680637,5.829460688319362
2014-03-03,10.347585,-3.115769433683092,-5.137084165077732,2.495189945977356,0.9077476978341282,14.322977404059458,11.954640079665914,21.427701528776034,-11.080116528776033
2014-03-04,4.524699,-3.066507142820696,-0.5848533759002,2.1543131133384783,0.887212076012006,15.382205447473659,11.956566609173777,26.728936727277024,-22.204237727277025
2014-03-05,57.58661,-3.0160794322440765,5.804677187649223,1.3017490275150134,0.8903275269721724,11.095788314392863,11.958592879639607,28.035055503924802,29.551554496075198
2014-03-06,18.633795,-2.966088036201463,5.927241009889733,-0.015766801770377203,0.8724881382979388,3.2912166052665968,11.959772956861665,19.068863872344092,-0.4350688723440932
2014-03-07,2.9143214,-2.9155766005365393,-0.41888349743644326,-1.5722111478042438,0.8048397778637447,-4.185131884009821,11.960682558753373,3.6737192068300697,-0.7593978068300697
2014-03-08,0.8789499,-2.863922793168756,-5.287387265550795,-3.0352154582710846,0.7361568219209706,-8.067035795193371,11.961637056264761,-6.5557674339982785,7.434717333998279
2014-03-09,1.1956763,-2.81113224444149,-3.332529871629652,-4.110013692396356,0.7442778688532818,-7.85607380071218,11.962651784796057,-5.402819955530342,6.598496255530342
2014-03-10,1.3814524,-2.7569211878934254,1.509495816223516,-4.656775176926922,0.8306291983325741,-5.485497186961182,11.963895980149257,1.4048274429238177,-0.023375042923817757
2014-03-11,0.069512054,-2.701313886036063,2.4191501781081266,-4.705062487545323,0.9016522271299843,-2.943288673271153,11.965308657844004,4.936446016229576,-4.866933962229576
2014-03-12,0.0,-2.6445088041662412,-0.49593037340620877,-4.3884792889206965,0.8745732828585306,-0.6184450003339628,11.966743430755468,4.693953246786889,-4.693953246786889
2014-03-13,38.157494,-2.5866957296302884,-1.119352362133669,-3.8765779212559224,0.7789237363033542,1.8914833847665409,11.968182543129293,7.055963651179308,31.101530348820692
2014-03-14,23.511675,-2.5289264067390684,2.802201894984934,-3.332821916804609,0.7229202246877318,4.019499783284721,11.969148299254767,13.652021878668476,9.859653121331524
2014-03-15,2.362763,-2.470813924600579,5.680180425011498,-2.8642742161679617,0.7627869395593151,4.275740767021929,11.969934571471905,17.353554562296107,-14.990791562296106
2014-03-16,0.46518794,-2.411996911150453,2.1261291986131603,-2.4761670485377922,0.8336352539324157,2.266949094981088,11.970710535648566,12.309260123486984,-11.844072183486984
2014-03-17,0.1732388,-2.352206933331418,-4.4930421493693355,-2.0630592068007485,0.8289084388810162,-0.023245126660093318,11.97161690743976,3.86897193015918,-3.69573313015918
2014-03-18,0.75051427,-2.2915262111781303,-5.744338864745837,-1.4849929747016393,0.7277867946994798,0.13884695503018596,11.972611336541952,3.318387035646012,-2.567872765646012
2014-03-19,2.2650144,-2.2299028986616936,0.4379271937044082,-0.7103939764678895,0.6108704687564095,3.1496615359444506,11.973747905065714,13.2319102283414,-10.9668958283414
2014-03-20,43.286625,-2.167266251089136,6.418302166887811,0.10464766265094477,0.5536664588385103,6.152329199392126,11.975113741734187,23.036792978414443,20.249832021585558
2014-03-21,16.317059,-2.1050372681621994,4.5975302928690045,0.705251363189394,0.5399714555691364,5.653090903117265,11.975917284858989,21.366724031441592,-5.049665031441592
2014-03-22,0.3276062,-2.0425069991419114,-2.7512159424883964,0.9477562950705782,0.5012547760802681,0.9800369830321094,11.976553601791277,9.611878714343925,-9.284272514343925
2014-03-23,0.099257335,-1.9791270285202631,-6.674858904180502,0.9205217410139861,0.4147316865560809,-5.141940782247156,11.977215044837322,-0.48345824254053227,0.5827155775405323
2014-03-24,0.038319267,-1.9145384767568059,-3.094731807857743,0.867555339411118,0.3273527034603704,-9.229572012449097,11.978035411247653,-1.0658988429445042,1.1042181099445043
2014-03-25,0.055536397,-1.8488554973271325,2.681423570313741,0.9837939774631741,0.2820095093522097,-9.89317738284887,11.978960853547456,4.184155030500577,-4.128618633500577
2014-03-26,4.6289306,-1.782209952261708,3.612477063872909,1.2677562636967656,0.2552995914564251,-8.218375844919203,11.98002588410213,7.114973005947318,-2.486042405947318
2014-03-27,8.273096,-1.7150259705562867,-0.31429855414990193,1.5647028137239634,0.1964486914120211,-6.0051741260018305,11.981091816747185,5.70774467117515,2.5653513288248506
2014-03-28,2.0602965,-1.6473352864407795,-3.4204189117059247,1.750814004785886,0.11128623637747162,-4.135075037380169,11.982119784534138,4.641390790170623,-2.5810942901706224
2014-03-29,1.5173074,-1.5789948670142175,-2.49779091977557,1.8697264169056442,0.0657402118117679,-2.4432339141824584,11.983148852258365,7.3985957800035305,-5.8812883800035305
2014-03-30,28.877222,-1.5099894683583595,-0.1513089740722341,2.0882604149790103,0.09381561213404038,-0.48005766346674855,11.984254932668847,12.024974853884556,16.852247146115445
2014-03-31,8.13969,-1.4413241048167822,0.15648871699877176,2.528519424093104,0.13750072903573374,2.0376138792191303,11.985007041638339,15.403805686168296,-7.264115686168296
2014-04-01,0.015979167,-1.372625910710898,-0.8590094974174713,3.1408412720357637,0.11338852342585942,5.255904856415769,11.985677511932119,18.26417675568114,-18.24819758868114
2014-04-02,2.917595,-1.3032644310705677,-0.2807908977616619,3.6974607258677548,0.023893861433296637,9.021568234554355,11.986444501486426,23.145311994509605,-20.227716994509606
2014-04-03,79.41545,-1.2324324317621596,1.9404914422312807,3.902875028287272,-0.038954926769445286,12.50908374937587,11.987734964613752,29.068797825976567,50.34665217402344
2014-04-04,46.26982,-1.1620527104038105,2.7830995420924793,3.5403984258809964,-0.01583063873614371,14.3048287299965,11.988616942585296,31.439060291415316,14.830759708584687
2014-04-05,12.927485,-1.0924420056468347,0.8394090589132759,2.5873624696276587,0.02846120065479235,13.263573375135138,11.988954673480794,27.615318772164827,-14.687833772164826
2014-04-06,15.765401,-1.0224770022188419,-1.496173144549055,1.2120385777919935,-0.028863015689632898,9.336861306238754,11.98918478047348,19.9905715020467,-4.225170502046698
2014-04-07,2.8931093,-0.9510700950361466,-1.4089997367439295,-0.3025532958530962,-0.20844998961537164,3.690353363836298,11.989847961206213,12.809128207793966,-9.916018907793966
2014-04-08,0.9765816,-0.8783214436108406,0.6173814770348393,-1.6724970928388168,-0.38039500565853196,-1.9177671492514061,11.99096316252228,7.7593639481975245,-6.782782348197524
2014-04-09,2.1982083,-0.8047075995627094,1.9323389899782377,-2.7297818982408475,-0.4074810376274799,-5.973949488219651,11.99224670981533,4.00866567614288,-1.81045737614288
2014-04-10,8.959759,-0.7304366936757158,1.4727239886171724,-3.4595410471873658,-0.31039953486671,-7.717820884242963,11.99352722434428,1.2480530529886984,7.711705947011302
2014-04-11,3.5311604,-0.655297423487819,0.5473469681152743,-3.9396910601688275,-0.24933368558662405,-7.247656361985567,11.994922203883489,0.45029064076992675,3.0808697592300733
2014-04-12,0.47973147,-0.5791997029874068,0.24352561510392606,-4.242005767302779,-0.3372668086713126,-5.364046195956683,11.996551704457907,1.7175588446436514,-1.2378273746436514
2014-04-13,1.5401367,-0.502499546966966,0.0824261455727977,-4.38603176071981,-0.5111050540911479,-3.25992544163459,11.998220479774039,3.4210848219343237,-1.8809481219343238
2014-04-14,4.8645263,-0.4243913533808536,-0.24988564678801217,-4.374476374020621,-0.6178560225123478,-2.1145612475246796,12.000349408022561,4.219178763796046,0.6453475362039534
2014-04-15,1.3519367,-0.3449850209791717,0.22610851250317587,-4.2429407502093595,-0.6049066018510456,-2.62707005113326,12.002863111535602,4.40906919986594,-3.0571324998659404
2014-04-16,0.003322959,-0.2649476225126059,1.7711817502175258,-4.0496642248598995,-0.577989186721423,-4.550027242575735,12.005502638970643,4.334056112518506,-4.330733153518506
2014-04-17,0.6116994,-0.18465018481252377,2.2135694393375642,-3.8172443599969057,-0.6604573752256708,-6.4786008188727315,12.008153901111264,3.080770601540996,-2.469071201540996
2014-04-18,9.967149,-0.10395980252388722,-0.4621281811848088,-3.5069090283732174,-0.8347486074747689,-6.342802680919044,12.01090701655884,0.7603587160831147,9.206790283916884
2014-04-19,6.859283,-0.0231667448483377,-4.172422208043875,-3.0776541243341016,-0.9633149977263068,-2.793583693162672,12.013560663006784,0.983418894891491,5.8758641051085085
2014-04-20,5.744824,0.05764222968707339,-4.078362673444261,-2.57028580957603,-0.9556717634251916,3.2970840040729357,12.0161301791412,7.766536166455727,-2.0217121664557265
2014-04-21,9.811009,0.13897103100933017,0.9574116425398136,-2.1167158341068077,-0.8712622847864694,8.73608154098416,12.018943124281192,18.863429219921215,-9.052420219921215
2014-04-22,19.655317,0.22079236514890882,5.475635974769824,-1.8478038704329918,-0.8389737646632703,10.060287856673469,12.022048454913348,25.091987016409288,-5.436670016409288
2014-04-23,8.9891205,0.302074496587313,3.4948686807039913,-1.7953912544515842,-0.907896180206668,6.3437402188107495,12.024921382042798,19.4623173434866,-10.4731968434866
2014-04-24,2.1205008,0.3830522091270905,-3.399004856698852,-1.8862785988829416,-1.0132201095345268,0.11658199412474213,12.027675378771708,6.228806016907219,-4.108305216907219
2014-04-25,5.376935,0.46413511032455557,-7.148371068901672,-2.023137345521529,-1.0779240810585746,-4.749309691152479,12.030522998469392,-2.5040840778403055,7.881019077840305
2014-04-26,2.8877163,0.5452455163087456,-3.1793875075364744,-2.155152865134181,-1.1016536498622023,-6.220582434959986,12.033444911868196,-0.07808602931589981,2.9658023293159
2014-04-27,0.37214345,0.6261876170114711,3.538469857490233,-2.273754489205367,-1.128272744884202,-5.206344741855174,12.036364516075126,7.5926500146320866,-7.220506564632086
2014-04-28,0.0016614795,0.7068588366266324,4.743690422897112,-2.3723774932940023,-1.1610197019823298,-3.766665096994273,12.039288424558261,10.1897753918114,-10.188113912311401
2014-04-29,5.9049063,0.7872415849419532,-0.47899162926074645,-2.44333556163029,-1.158116198018032,-2.794782628175785,12.04222142867367,5.954236996530771,-0.04933069653077027
2014-04-30,34.713882,0.8672248674945029,-4.8291266570636076,-2.5164947774704616,-1.1118891805942266,-1.8000753902844826,12.045075180493237,2.6547140425749625,32.05916795742503
2014-05-01,14.118542,0.9462174622540346,-2.791047212030629,-2.659482067083978,-1.081479672956693,-0.4889531958322015,12.047459110482649,5.972714424833182,8.145827575166818
2014-05-02,1.9936235,1.0249430041682928,2.180173383262863,-2.901876119773827,-1.1124310669793391,0.41036180859206817,12.049764514587217,11.650935523857274,-9.657312023857274
2014-05-03,1.0011675,1.1035326151766496,2.963750219940332,-3.1868772775679055,-1.152157728061007,0.25998117990395697,12.05212173416657,12.040350743558596,-11.039183243558597
2014-05-04,0.2196706,1.1817614456545167,-1.0320643468398052,-3.4289845203531573,-1.0938208190220613,-0.11647364139894784,12.054484478082042,7.564902596122587,-7.345231996122587
2014-05-05,6.170333,1.25966441124533,-3.1821849359862995,-3.650775836454496,-0.9168285934397755,0.8744035755497764,12.056877594509066,6.441156215423602,-0.27082321542360166
2014-05-06,5.220098,1.3371334200074774,0.5813284609618098,-4.054299782758002,-0.7466902045002386,3.2835198114324777,12.059192908883771,12.460184614027295,-7.240086614027295
2014-05-07,1.2601492,1.4141370650069922,5.500880130027506,-4.904380521148638,-0.7360803474596234,4.706046176518938,12.061442110418303,18.04204461336348,-16.78189541336348
2014-05-08,0.17062947,1.4906679641322365,4.390200290992029,-6.2878649012064844,-0.8924412938343522,2.457704402907879,12.063690361150973,13.221956824142282,-13.051327354142282
2014-05-09,5.9998264,1.566704145023393,-2.103446834727561,-7.963730238313881,-1.0583880668013417,-3.3098784712270573,12.065943387291943,-0.8027960787545041,6.802622478754504
2014-05-10,2.2141812,1.6422044314382238,-5.910707812923331,-9.462642747935304,-1.075897684505178,-9.209648546115242,12.068148114953479,-11.94854424508735,14.16272544508735
2014-05-11,0.0,1.7173757426494825,-2.32838228301448,-10.363635396913118,-0.9439522187329095,-11.646987697828695,12.070369501206882,-11.495212352632839,11.495212352632839
2014-05-12,2.3160558,1.7928068469898388,3.6824493471099053,-10.521259367980877,-0.7920843906847023,-10.106635517936727,12.072953466122044,-3.8717696163805186,6.187825416380519
2014-05-13,5.5100484,1.8686140416677346,4.335676045043966,-10.07823648920314,-0.7200100265007985,-7.269520848266757,12.07593400516119,0.21245672790219672,5.297591672097803
2014-05-14,1.0704356,1.944306279179993,-0.6114980063964749,-9.296711025963154,-0.7047067806618841,-6.029961532949899,12.079026978439428,-2.6195440883519883,3.689979688351988
2014-05-15,1.6867318,2.0195035595964193,-4.171359453505152,-8.36986862882619,-0.6682798110158292,-6.597118934477716,12.082125085087597,-5.704998183140869,7.39172998314087
2014-05-16,1.9228375,2.0940552311251466,-2.0916867733935853,-7.352304132859568,-0.5921592452363705,-6.41946462703417,12.085209725249413,-2.2763498221491343,4.199187322149134
2014-05-17,0.90940624,2.168442505157694,1.8186009024120984,-6.215135754066322,-0.5227280825102354,-2.675252949911536,12.088546512000567,6.6624731330822655,-5.7530668930822655
2014-05-18,0.9775306,2.2424748927887705,1.97085314843818,-4.953309796563473,-0.4816565583232397,5.025153106584912,12.091982077503905,15.895496870429055,-14.917966270429055
2014-05-19,0.3554197,2.315960844244491,-0.9185966685904774,-3.6670474704596785,-0.42588751909893474,13.797410506485898,12.095420623258438,23.197260315839735,-22.841840615839736
2014-05-20,8.061452,2.388784098535184,-1.6791705450435037,-2.5577971250838614,-0.3157909855492683,19.012396062143676,12.098917567726287,28.94733907272851,-20.88588707272851
2014-05-21,65.25847,2.460660682176416,0.9391466941034496,-1.8317570040494036,-0.1858295310909129,17.245478042875284,12.102456869063262,30.730155753078094,34.52831424692191
2014-05-22,21.78564,2.530215929590171,2.3460930992575073,-1.5639544841319508,-0.10521481826751522,8.799847185976166,12.105258452430673,24.112245364855053,-2.3266053648550518
2014-05-23,9.840835,2.5982791390975444,-0.47080210884561935,-1.6049743972132513,-0.07619236798563811,-2.0759115279851623,12.107776712704004,10.478175449771877,-0.6373404497718766
2014-05-24,1.9411672,2.665257195604184,-3.8610734609920803,-1.6448589163627936,-0.024485815299111154,-9.90980554540216,12.110196041131436,-0.6647705013205236,2.6059377013205234
2014-05-25,0.048533548,2.7313487835193024,-2.931050349408009,-1.374510472799346,0.09582796995201295,-11.649541805191902,12.112603251684884,-1.0153226222430565,1.0638561702430565
2014-05-26,16.151976,2.7966032996933654,0.627041713622269,-0.63823951999647,0.22664074130766948,-8.247212704586097,12.115018351051006,6.879851881091743,9.272124118908259
2014-05-27,19.814009,2.860623783501291,0.8809937650679823,0.5210194312656838,0.27809414977327307,-3.1320928302995,12.11721864976451,13.52585694907324,6.288152050926758
2014-05-28,6.087039,2.9232291788403906,-2.5444558378152315,1.9254074461147235,0.2605649622764658,0.37440171734756056,12.11912941471297,15.05827688147688,-8.971237881476881
2014-05-29,9.775867,2.9847538984364235,-2.5964026450380624,3.3650939958231043,0.2854820125175583,0.1217511578810696,12.120951636419395,16.28163005603949,-6.5057630560394895
2014-05-30,3.4786303,3.045551572613956,4.331587049804097,4.70917100159552,0.4142552959041532,-5.109169616302686,12.12287419772408,19.514269501339122,-16.035639201339123
2014-05-31,2.4295561,3.1057188719975066,10.098559225544513,6.032458706166032,0.5588324204781483,-14.813078339524953,12.124944261938989,17.107435146600235,-14.677879046600236
2014-06-01,0.69579154,3.165006316794063,3.6724149378788655,7.6754217897727575,0.5893661282141593,-24.702341070396212,12.127058065722956,2.5269261679865895,-1.8311346279865894
2014-06-02,0.028527807,3.223232072606885,-12.142526543531392,10.102359784957523,0.528947858153679,-26.783720626224707,12.129171306395397,-12.942536147642615,12.971063954642615
2014-06-03,0.3280989,3.280479412637825,-19.755511564388,13.534340154379402,0.5693087547716031,-14.404201768116522,12.131305554805346,-4.644279455910349,4.972378355910348
2014-06-04,2.0624986,3.3376986301427896,-6.90722221246615,17.5937470920949,0.8486300344623754,10.719132758836611,12.133907352414614,37.72589365548514,-35.66339505548514
2014-06-05,59.24433,3.3941103563825132,16.071709430545365,21.320116371881774,1.2512200208212487,36.86493346787629,12.136619733032397,91.03870938053959,-31.79437938053959
2014-06-06,228.15227,3.447654958971105,25.591772220335002,23.655708909732255,1.4923008526615842,49.72226151962079,12.13869237797868,116.04839083929943,112.10387916070056
2014-06-07,154.77693,3.493392814692733,11.712649809101489,24.083038146336516,1.4177724011545396,43.331192794984844,12.137505899766582,96.1755518660367,58.601378133963294
2014-06-08,25.998049,3.533031293955095,-10.00468563012829,22.908096539677253,1.1742280523894577,24.472485359995567,12.133978909012916,54.217134524902,-28.219085524902
2014-06-09,25.185663,3.570472477268676,-16.819275243055937,20.899896410229864,1.035745180039964,6.209231558688389,12.130127434315655,27.02619781748661,-1.8405348174866099
2014-06-10,13.864881,3.606236792437814,-4.67372601238731,18.676551605247667,1.101541035215876,-2.746950214032628,12.126101576102284,28.089754782583704,-14.224873782583703
2014-06-11,49.682182,3.640364996120156,9.6012614879941,16.404584736809095,1.22290457079395,-2.83112149714672,12.121904476474755,40.159898771045334,9.522283228954663
2014-06-12,47.265625,3.67218999253198,10.178853876599035,13.953388311551908,1.2150484939478012,0.16774304042187083,12.117123675280661,41.304347390333255,5.961277609666745
2014-06-13,14.616906,3.702266860268836,-0.27530850911728777,11.254632857961997,1.0785428508415351,1.6868778367404185,12.112063538610991,29.55907543530649,-14.94216943530649
2014-06-14,6.6457834,3.7315145095153017,-7.433027609961512,8.46779656867143,0.9692390234789537,0.8589759120903212,12.107217759855557,18.70171616365005,-12.055932763650052
2014-06-15,1.7660917,3.7597872178604117,-4.27124348457001,5.851562677293981,0.9883083693772363,-1.6701521892635403,12.102439915861575,16.760702506559653,-14.994610806559653
2014-06-16,1.7263293,3.7873254037510087,2.7016364364093723,3.5648838634097935,1.0724182805108224,-5.9403683177395115,12.097813665071525,17.28370933141301,-15.557380031413011
2014-06-17,5.7947445,3.814374472646232,4.68539089285292,1.6177612608412075,1.100568266069683,-11.893486356131062,12.093517476443267,11.418126012722249,-5.623381512722249
2014-06-18,4.2213073,3.8405028998161344,1.48893768042079,-0.02732188704719074,1.0484458414581,-17.497729929455435,12.089323754307076,0.9421583594994747,3.2791489405005256
2014-06-19,2.3867865,3.8660653825300555,-1.3744161052253836,-1.358560872117728,0.9883794669126025,-19.17929798791299,12.085321936555289,-4.972508179258153,7.359294679258152
2014-06-20,5.638066,3.8916447425733285,-1.847363700373231,-2.3213242133157648,0.9645701393989936,-14.722377805979924,12.081745866751676,-1.9531049709449224,7.591170970944923
2014-06-21,10.147212,3.9169917688342277,-2.4934364734736905,-2.883953630533872,0.9356066414471627,-5.517219974038932,12.078499340377482,6.0364876726123775,4.110724327387622
2014-06-22,16.834646,3.9420019392470853,-3.961136951944788,-3.0829548867959735,0.858596835750744,4.227210349124128,12.075669258443316,14.059386543824512,2.775259456175487
2014-06-23,20.636913,3.96585090037388,-2.833040532142932,-3.0212647056675563,0.7794450597715673,10.424232756978551,12.072861214687396,21.388084694000906,-0.7511716940009059
2014-06-24,36.547794,3.9884231333719296,2.2392202739319202,-2.844975114888476,0.7853702792236523,11.534811616001015,12.070076090121962,27.772926277762004,8.774867722238
2014-06-25,31.553564,4.009080888783538,6.316041597853758,-2.7109220354503507,0.8780697662379595,8.87928330785815,12.066904330927798,29.438457856210853,2.1151061437891485
2014-06-26,11.492207,4.028242778726181,3.832101323284997,-2.7397765835157304,0.9479164717504668,5.212111808953429,12.063442430407433,23.344038229606774,-11.851831229606773
2014-06-27,7.778813,4.047856632801719,-3.2100084145243555,-2.9741152537301137,0.8982488965289788,2.8141638784200786,12.060801501621995,13.636947241118303,-5.858134241118303
2014-06-28,22.667873,4.066922492876081,-6.785833091771243,-3.37031701078713,0.7638203102771666,2.248830267216154,12.058489096887254,8.981912064698282,13.685960935301718
2014-06-29,20.46471,4.084228364393226,-2.9538065910803333,-3.836943140571318,0.6661130183136523,2.4417989738508026,12.055873943370965,12.457264568276996,8.007445431723005
2014-06-30,14.889234,4.099772913462376,3.1341287505452953,-4.2801756891728076,0.6627368269187335,1.951275383392617,12.05299862550537,17.620736810651586,-2.7315028106515857
2014-07-01,19.973095,4.11373731147371,4.2022693078985345,-4.626488703602038,0.6825482674784533,0.3041823767959514,12.049940353962247,16.726188914006862,3.246906085993139
2014-07-02,8.990382,4.126577871917295,0.14327699809006278,-4.819621943003168,0.6266804205334545,-1.851908222925759,12.046897421434254,10.271902546046139,-1.2815205460461385
2014-07-03,14.197984,4.138251971161113,-2.863151885896043,-4.814863761415097,0.5020440097407163,-3.778589537073192,12.043833741160562,5.227524537678059,8.97045946232194
2014-07-04,23.687456,4.1498653465527,-1.3373680915658435,-4.593935510903392,0.41288215770681747,-5.448276270570252,12.04138451574532,5.224552146965349,18.462903853034653
2014-07-05,10.950605,4.160954231037742,1.3911242707577653,-4.165058585516519,0.429258955859726,-6.958904353240704,12.039148685653217,6.896523204551228,4.054081795448772
2014-07-06,5.1193504,4.171403351456043,1.0512860082119704,-3.5503174719045387,0.5027865760776821,-7.425235179538356,12.03704913358043,6.786972417883231,-1.6676220178832306
2014-07-07,9.643956,4.181405970354135,-1.0853171732712124,-2.7843269581984735,0.532846630817429,-5.252991528539247,12.035236264566908,7.626853205729539,2.0171027942704605
2014-07-08,4.774576,4.190606651284597,-0.6166160670252239,-1.9399058862300573,0.4893771320479209,-0.07791320344940678,12.03354196696344,14.07909059359127,-9.30451459359127
2014-07-09,17.494614,4.199470463579118,2.7624890263167146,-1.1632747339417036,0.4294737381028766,5.7831278969737365,12.032327673663927,24.04361406469467,-6.54900006469467
2014-07-10,23.85337,4.2076141586463685,4.348109777669291,-0.6541759268877139,0.39715235625395207,8.544727787100463,12.031424414464924,28.87485256724728,-5.021482567247279
2014-07-11,11.459114,4.2141405443992355,1.357238313899563,-0.555866333154306,0.35346893407307606,6.130472802986736,12.030288113868638,23.529742376072942,-12.070628376072943
2014-07-12,4.43417,4.219236298637358,-2.614293011528432,-0.8342431307244768,0.2346176998775539,0.11852444994271377,12.029002959243755,13.152845265448471,-8.718675265448471
2014-07-13,5.7656994,4.223103567986929,-2.435699619151315,-1.2632243524676878,0.05698768823612027,-5.595945701844515,12.027671115280448,7.012892698039979,-1.2471932980399787
2014-07-14,12.019898,4.225700639945758,1.2118252674219283,-1.5512697373772637,-0.07911505766447666,-7.976504086893858,12.026261192982584,7.856898218414673,4.162999781585326
2014-07-15,8.845648,4.226958709121867,2.6264807476228174,-1.5165043017486484,-0.10008372323332118,-6.6909960415403145,12.024746834133804,10.570602224356204,-1.7249542243562033
2014-07-16,3.5539935,4.2269983532028075,-0.860860504033111,-1.171100699176449,-0.04259127429367601,-3.298686128324864,12.02323263867193,10.876992386046638,-7.322998886046638
2014-07-17,14.404242,4.227047391438088,-4.832843176821194,-0.6683554832605559,-0.004177869961268205,0.605449624715886,12.022396592561217,11.349517078672173,3.0547249213278267
2014-07-18,42.77331,4.22657241067459,-3.5176466607626327,-0.18176465597266103,-0.027602049131963846,4.122127228938551,12.021902591325391,16.643588865071273,26.12972113492873
2014-07-19,43.09018,4.224184317450742,2.403471619107248,0.1644921992175249,-0.07319630455016693,6.465353142194736,12.021026959284644,25.20533193270473,17.884848067295266
2014-07-20,29.332962,4.219466265686808,6.340297277296713,0.2911852366534504,-0.10494529318585573,6.621243507338633,12.019593959712221,29.38684095350197,-0.053878953501971694
2014-07-21,12.335423,4.212745917345149,3.783160963045263,0.14999421649984573,-0.15704878110771017,4.1436997563128335,12.01784152166717,24.15039359376255,-11.81497059376255
2014-07-22,2.9866529,4.20444047199972,-2.5898181193661722,-0.247349478453905,-0.2784768654680614,0.12693661580109095,12.015936786735693,13.231669411248365,-10.245016511248366
2014-07-23,1.4552516,4.195209574109599,-6.484587880281563,-0.7996364948480597,-0.43408128355385994,-3.1489992191584197,12.014105047485364,5.342009743753061,-3.886758143753061
2014-07-24,18.817736,4.18586772637194,-4.8997866077926036,-1.3552225980567056,-0.5155248597556888,-3.920594371749844,12.0127191567986,5.507458445815697,13.310277554184303
2014-07-25,10.529513,4.176259734257015,-0.22317869682034386,-1.813835914274022,-0.47168549286048483,-2.412904722511545,12.011716425311254,11.266371333101874,-0.7368583331018748
2014-07-26,2.9229414,4.165716723906147,3.3047932364001325,-2.1890112325442113,-0.3907588542727466,-0.6012359978959705,12.010771487904934,16.300275363498287,-13.377333963498288
2014-07-27,17.378286,4.154176681419473,3.3977468671397624,-2.5640804322990847,-0.40883975683858415,-0.45006809153263083,12.009885234109825,16.13882050199876,1.2394654980012376
2014-07-28,11.520975,4.141281447453901,0.5044677794418302,-2.977464336324998,-0.5398033585916049,-2.187799130673252,12.008890338897272,10.949572740203148,0.5714022597968516
2014-07-29,1.2224331,4.1272758350607806,-3.09773879190148,-3.3674207773625024,-0.6431239847738258,-4.138277776967337,12.007931888656836,4.888646392712472,-3.666213292712472
2014-07-30,0.0919518,4.113050953291179,-4.408556198107314,-3.651972189918075,-0.588783426450769,-4.285374497063114,12.007484051540963,3.1858486932928702,-3.0938968932928703
2014-07-31,5.94254,4.098312069590333,-1.6253390990254983,-3.8464702695658097,-0.42458348483518965,-2.1818293973095546,12.007354382700832,8.027444201555113,-2.084904201555113
2014-08-01,12.357858,4.082608751415792,3.553829214462543,-4.076469564971277,-0.33510034883286716,0.5016576821718077,12.007232762475661,15.73375849672166,-3.375900496721659
2014-08-02,13.520032,4.066199906328228,6.385333911823691,-4.456971290431104,-0.43337247505914056,1.3133837821884757,12.007327563643383,18.881901398493532,-5.361869398493532
2014-08-03,9.188782,4.048699351789803,3.6117563894377724,-4.951473068227356,-0.6349058791414213,-0.8827144023445146,12.007477129998701,13.198839521512983,-4.010057521512984
2014-08-04,2.0288332,4.030049119566454,-2.4569016333125786,-5.352436064080568,-0.7632300140941481,-4.86211009112407,12.007589494186599,2.6029608111416866,-0.5741276111416869
2014-08-05,0.038386323,4.010606440718013,-5.937212165378385,-5.400677773538844,-0.7484217352421771,-7.876170637210359,12.007761492135701,-3.9441143785160513,3.9825007015160514
2014-08-06,0.01595635,3.99054375700012,-3.8594519598239936,-4.937577857781324,-0.6749817960576848,-7.524059951800233,12.00798510318519,-0.9975427052779242,1.0134990552779242
2014-08-07,3.089346,3.97003717677134,0.7832737361603372,-3.9884502953392365,-0.6408606798101595,-3.146332059304525,12.008412544999782,8.986080423477539,-5.896734423477539
2014-08-08,3.6081355,3.94867337517476,3.2797667621661635,-2.7583677842693994,-0.6294008125238268,3.972173508162527,12.008874003757096,19.821719052467323,-16.213583552467323
2014-08-09,28.932587,3.926282549888474,2.8942214928581,-1.5702564152000358,-0.5620482228332773,11.225301862688601,12.00930579128197,27.92280705868383,1.0097799413161717
2014-08-10,72.90594,3.902126604331454,2.4033184590490073,-0.7625070881735125,-0.446775417200441,15.629824687237997,12.009322842966162,32.73531008821067,40.170629911789334
2014-08-11,15.858839,3.87498196123841,2.890717591243867,-0.5460461093369513,-0.4038191109956174,15.079863707923279,12.008297787621906,32.90399582769489,-17.045156827694893
2014-08-12,45.62119,3.846220183894907,2.019010678125327,-0.8803339492517867,-0.519086582840802,9.687231046929725,12.007099558938176,26.160140935795546,19.461049064204452
2014-08-13,22.031038,3.8154189880891254,-1.5342209057593073,-1.4963514471837653,-0.720091598644882,2.0918308275737965,12.005413872887397,14.161999736962365,7.869038263037634
2014-08-14,9.856835,3.783205255876295,-4.465202775009077,-2.0394758857056163,-0.8410236741012797,-4.003365032747337,12.003566319834901,4.437704208147887,5.419130791852114
2014-08-15,2.4579241,3.7500793576539935,-2.6464040974305183,-2.2677504266381834,-0.8100578158043333,-6.418160042740987,12.001796532134229,3.6095035071741997,-1.1515794071741996
2014-08-16,10.057176,3.716117485507064,2.3621263742734673,-2.138250163548776,-0.7224443159283038,-5.872746907907655,12.000160873810964,9.344963346206761,0.7122126537932392
2014-08-17,7.6002545,3.6809492279157476,4.08924455603066,-1.7404134269085467,-0.7106847031570998,-4.745235956949537,11.998507658851656,12.57236735578288,-4.97211285578288
2014-08-18,5.511625,3.645289702213196,-0.3821466437096368,-1.172807861747447,-0.7811411596825396,-4.515397548300138,11.99719152168662,8.790988010460055,-3.279363010460054
2014-08-19,2.177096,3.6089073472023125,-5.640460573099261,-0.49085743236779816,-0.8225385523198337,-4.6749476012730256,11.995956592733295,3.976059780875689,-1.7989637808756886
2014-08-20,2.922142,3.5716405098208237,-4.477554246299932,0.25981604097351696,-0.7633381673365428,-4.076783958276604,11.99475562623548,6.508535805116743,-3.586393805116743
2014-08-21,1.5920242,3.533494134990315,2.2024216885542396,1.0135370182669452,-0.6634750129367472,-2.7547186184173094,11.993617035352097,15.324876245809541,-13.73285204580954
2014-08-22,2.2104857,3.494687741863702,5.820258595353625,1.7117450791094968,-0.6250409542476537,-1.8483858595219074,11.992679397974468,20.545944000531733,-18.335458300531734
2014-08-23,0.8362587,3.4550407586615135,1.2683245383548631,2.3367900409289075,-0.6533346161276329,-1.913545659600612,11.991850328051418,16.485125390268458,-15.648866690268457
2014-08-24,10.439167,3.4146922000021833,-5.903156269220263,2.8923659133421054,-0.6587760599488415,-2.0782930289310224,11.991173765551487,9.658006520795649,0.7811604792043507
2014-08-25,7.762972,3.3735720481663023,-6.447653772989783,3.351727836838375,-0.5916765084355636,-1.3161957023377306,11.990522062466102,10.360295963707703,-2.5973239637077024
2014-08-26,26.391197,3.3322862241372975,0.3098759515364009,3.659560166294024,-0.5172852624996866,-0.054921614973809985,11.990307110051832,18.719822574546058,7.671374425453941
2014-08-27,18.508125,3.289915471510533,5.441538732131708,3.8089490465339577,-0.52035323138976,0.32231669312516964,11.990138628852332,24.332505340763937,-5.824380340763938
2014-08-28,13.919218,3.2460189879544377,2.339993345335743,3.899457725259562,-0.5668945205518012,-0.3040713083208165,11.989832925187136,20.60433715486426,-6.68511915486426
2014-08-29,25.69474,3.200816850750918,-4.378810861357949,4.051872575207102,-0.5244975327740851,0.059301495797671425,11.989466307977514,14.398148835601171,11.296591164398828
2014-08-30,17.385567,3.1541213624420372,-5.059950790911063,4.236850170186321,-0.3328082720003993,3.364290582700884,11.988829666927337,17.351332719345116,0.03423428065488565
2014-08-31,8.122538,3.106316166155074,1.9998590902984321,4.210202607725606,-0.10539985964049359,8.628994633563725,11.988093508502972,29.828066146605316,-21.705528146605317
2014-09-01,75.69952,3.0574621681518126,8.19505967989403,3.6632418191603002,-0.019370203868060376,11.931889367280373,11.987318435308158,38.81560126592662,36.88391873407339
2014-09-02,32.772537,3.005899301580998,5.928483271953955,2.4844860007084812,-0.11734170958434542,9.827336933903906,11.985589787449863,33.11445358601286,-0.34191658601285724
2014-09-03,2.3164132,2.9525501734677704,-1.6778618205438196,0.9085288451367936,-0.26158458550901176,2.746484366746627,11.983445712540563,16.651562691838922,-14.335149491838923
2014-09-04,0.8715887,2.8988027761302373,-5.466412381755705,-0.6308817672228559,-0.3005577030028985,-5.287835043686902,11.981567299441863,3.1946831799037376,-2.3230944799037374
2014-09-05,2.9863098,2.8449413696810915,-2.2526903554781503,-1.7816387838237313,-0.23343839309052714,-10.07212597184441,11.979988851005311,0.485036716449585,2.501273083550415
2014-09-06,19.448431,2.7906201800618504,2.147236798358815,-2.4456635605697064,-0.17657584461934964,-10.164840469814331,11.978469487006599,4.129246590423877,15.319184409576122
2014-09-07,17.08116,2.7362453080630713,1.9256341795325955,-2.741971624716038,-0.19578934385144126,-6.919590425232235,11.977238637670927,6.78176673146688,10.29939326853312
2014-09-08,5.51183,2.682113524912288,-1.0645867565142626,-2.849480520879953,-0.22711952114348938,-2.541960694957846,11.976381592872777,7.975347624289514,-2.463517624289514
2014-09-09,3.8499637,2.630201327684209,-1.3195586018278744,-2.8998133402199886,-0.1785317710666199,1.367302124727885,11.976999704264117,11.576599443561728,-7.726635743561728
2014-09-10,13.323027,2.5806074913637325,1.5502355647105497,-2.9626997773833463,-0.05856217379866492,3.909117416578668,11.979112563121218,16.997811084592158,-3.674784084592158
2014-09-11,37.68754,2.531377257640293,2.479446960647083,-3.0781888640746717,0.04008645373531358,4.58038026866564,11.981621875310047,18.534723951923706,19.152816048076293
2014-09-12,17.519854,2.4809112939212223,-0.8331491819896276,-3.278584069417996,0.06668795836765513,3.417677182016101,11.983692073034547,13.837235255931901,3.6826187440680975
2014-09-13,5.660744,2.429464462784759,-3.8328895154931493,-3.591298622453256,0.0672042908751384,1.2330960313603423,11.985531519851397,8.291108166925232,-2.630364166925232
2014-09-14,2.428314,2.3773156124555372,-1.6759107147459593,-4.052150136720541,0.09486698276926178,-0.7207496655230103,11.987339127360244,8.010711205595532,-5.582397205595532
2014-09-15,2.5029848,2.324558926256011,3.150867662559739,-4.691315773125949,0.11888994905502903,-1.381058243408245,11.989163029068358,11.511105550404944,-9.008120750404943
2014-09-16,2.2473202,2.271740051818596,3.793465016887521,-5.483354005297277,0.07295892634870324,-0.2662837020471542,11.991278724036809,12.379805011747198,-10.132484811747197
2014-09-17,6.8406777,2.21924580895387,-1.1464658987973815,-6.315924762744604,-0.023091600883118735,2.2910871432199853,11.993949812535796,9.018800502284547,-2.1781228022845474
2014-09-18,3.60503,2.167206633310061,-5.143578760334577,-7.033923675391023,-0.05304772891716026,4.842293309375368,11.997208857235423,6.77615863527809,-3.17112863527809
2014-09-19,0.3996375,2.1150086899320386,-2.7460141595480083,-7.531451788506344,0.058317956457433914,5.023356888771942,12.000615596390057,8.919833183497119,-8.520195683497118
2014-09-20,0.28998825,2.0622122142547004,2.5587272375103605,-7.800603692564045,0.2358747334320983,1.057266581652868,12.004040993429316,10.117518067715297,-9.827529817715297
2014-09-21,0.08389074,2.008588937190683,3.1677983862587555,-7.876591869068013,0.3308314678948132,-6.135095873237014,12.007465225826698,3.5029962748659234,-3.419105534865923
2014-09-22,2.049699,1.9542117221238269,-1.670719614376273,-7.745482784705679,0.29709889418367474,-12.575961295992148,12.010892654400212,-7.729960424366386,9.779659424366386
2014-09-23,0.8885399,1.8993466530588377,-4.567906926835971,-7.327839597761047,0.2385111376960474,-13.960639658823196,12.014297612238375,-11.704230780426952,12.592770680426952
2014-09-24,4.735934,1.8442945386060636,-0.6925769343648003,-6.551972911960477,0.2622076115031381,-9.410386233217318,12.017770122502624,-2.53066380693077,7.26659780693077
2014-09-25,20.786722,1.7892245855780344,4.73544236764276,-5.418268434685774,0.3333877088500295,-2.4350594116601623,12.021421954035896,11.026148769760784,9.760573230239217
2014-09-26,8.654033,1.7340958668819466,3.4720890052782165,-3.9706054862714972,0.3303291826697036,2.092681647029628,12.025300006859627,15.683890222447625,-7.029857222447625
2014-09-27,1.0786515,1.6784756383101382,-3.57718697326342,-2.223045288893483,0.2283685110853512,1.83640507787253,12.029224584167181,9.972241549278298,-8.893590049278298
2014-09-28,0.1010627,1.6223754281581184,-6.666572486959711,-0.16414376864649427,0.15643049796736144,-2.118131871036976,12.033225050023542,4.863182849505842,-4.762120149505842
2014-09-29,0.006647315,1.5658091379494197,-0.6706303207342595,2.1799874297766464,0.2397795472245464,-7.369166648515824,12.037271824045378,7.983050969745907,-7.976403654745907
2014-09-30,0.97747964,1.5087311142152207,6.707459997648003,4.731841553509618,0.4321252540948176,-11.90767715260918,12.041340345073314,13.513821111931794,-12.536341471931793
2014-10-01,5.3125515,1.4511175955641809,4.409016144256787,7.434522953658487,0.5665379467923921,-13.49882165259617,12.045408750711653,12.40778173838733,-7.09523023838733
2014-10-02,2.4954438,1.3931857311669917,-6.4804471541684325,10.290377233409316,0.5687516059933861,-8.943352808983859,12.049609479017624,8.878124086435026,-6.382680286435026
2014-10-03,0.7888665,1.3350227790038718,-12.300200976608904,13.24428468133558,0.5545719024794904,3.7605394026658066,12.053990671098425,18.64820845997427,-17.85934195997427
2014-10-04,6.945107,1.2764507319445066,-3.482779060806092,15.988716232437763,0.6742703901861615,21.514626459966863,12.058471059174018,48.029755812903225,-41.084648812903225
2014-10-05,158.346,1.2170546845762908,12.494770830357094,17.9419457588548,0.8971664205120184,35.46883247063363,12.063001331021004,80.08277149595483,78.26322850404517
2014-10-06,183.59645,1.1525214293926254,18.790909214963893,18.543327898883142,1.0190010826658167,36.40085922771658,12.06530383328564,87.9719226869077,95.6245273130923
2014-10-07,20.586971,1.081782282850941,8.52977683020775,17.71087483898036,0.9018353816791121,22.395486240367063,12.064820646464154,62.68457622054938,-42.09760522054938
2014-10-08,1.4253496,1.009427082152472,-7.797917221626679,15.995806263694448,0.6459051834337151,1.3765003709928494,12.064020551103507,23.293742229750315,-21.868392629750314
2014-10-09,3.9843001,0.9364618594659133,-14.869684048258739,14.233831641078057,0.48102684216423897,-14.43747124933885,12.063198405021046,-1.5926365498683346,5.576936649868335
2014-10-10,1.0518194,0.8629930624688477,-8.649214488580439,13.011300059922405,0.521701657851665,-17.213369924179908,12.062319999140446,0.595730366623016,0.45608903337698403
2014-10-11,0.14073588,0.7892797039512355,2.1339812864461605,12.338684151133899,0.6715648443595882,-8.08449050482768,12.061532901469501,19.910552382532707,-19.769816502532706
2014-10-12,0.45988846,0.7153531909990658,7.7722354870978645,11.752779938434005,0.7661654491077204,5.221351103959245,12.060836815354298,38.288721984952204,-37.8288335249522
2014-10-13,77.62177,0.6409991632613297,6.715780606651319,10.710566047336846,0.7541185616602195,14.393363048125142,12.060156280667124,45.274983707701985,32.34678629229801
2014-10-14,47.922104,0.5640667607115868,3.171131547096488,8.94794184826715,0.7016019303382649,15.056845438965498,12.058292958291085,40.49988048367007,7.422223516329929
2014-10-15,21.83115,0.485605754798947,0.053211639010539824,6.6067296954601495,0.6597869132864251,7.699250811868877,12.05570723768681,27.56029205211175,-5.729142052111747
2014-10-16,11.995152,0.4085718494165748,-2.754790582168766,4.098449483007588,0.5947552349766657,-3.8641088304455318,12.053913639031032,10.536790793817563,1.4583612061824365
2014-10-17,0.32624042,0.3343160937702506,-4.947472721360426,1.8824275880226342,0.47186791954660734,-14.488615795113711,12.053749611918875,-4.69372730321577,5.019967723215769
2014-10-18,0.32966584,0.2605797854446354,-4.544460133820599,0.27069453327701176,0.3509276902588789,-19.59877932136967,12.053885506599842,-11.207151939609899,11.5368177796099
2014-10-19,0.17934152,0.1869404070260995,-1.1048503322167322,-0.6893482276705803,0.33495893847142033,-17.06149330367104,12.054038293162375,-6.279754224898458,6.459095744898458
2014-10-20,1.7116055,0.11361092776487763,2.3021143177945627,-1.1975973209412174,0.4330537519722101,-8.32878534572713,12.054239274315801,5.3766356051791035,-3.6650301051791034
2014-10-21,6.956302,0.04155012741076997,2.3490317001827217,-1.5609985251086886,0.5266177486456006,2.200212097126842,12.055055085206318,15.611468233463563,-8.655166233463564
2014-10-22,43.49141,-0.030321489699489366,-0.2778760093923497,-2.007189597308547,0.5033037271174561,9.612826707482741,12.055998956140085,19.856742294339895,23.634667705660107
2014-10-23,25.329744,-0.10336594675765992,-1.7205516543669748,-2.582604370645616,0.3939119704519052,11.202370805091054,12.056334465826676,19.246095269599387,6.083648730400615
2014-10-24,0.9083478,-0.17691739742441995,0.07200101419578642,-3.192435316317085,0.334807084338724,7.669610282823998,12.056377164647335,16.76344283226434,-15.85509503226434
2014-10-25,0.040210318,-0.25000536789851235,2.849357115635642,-3.749899582509655,0.3923588314018512,2.1189928406016207,12.056522635612971,13.417326472843918,-13.377116154843918
2014-10-26,9.816586,-0.3219400520281776,3.141756794594495,-4.279652363947491,0.4714133479715347,-2.1582620635871095,12.05711309451319,8.910428757516442,0.9061572424835571
2014-10-27,7.291447,-0.393020322477442,0.5516514647108914,-4.877336332161095,0.4262123391068764,-3.5156695113685887,12.05808149089164,4.249919128702283,3.041527871297717
2014-10-28,1.2583463,-0.4641101893175916,-2.155134307631572,-5.582588381777605,0.23495035915684176,-2.3939106750099235,12.059013145032045,1.6982199504521933,-0.4398736504521934
2014-10-29,0.0123381615,-0.5350181231473327,-2.5808174257912784,-6.300617375025018,0.023039483884485845,-0.43562295591648525,12.06000081650192,2.2309644205062913,-2.2186262590062915
2014-10-30,0.0016004778,-0.6052032103675813,-1.0128337218384127,-6.839350086716123,-0.08408519887716331,0.8803147434234376,12.061312099411515,4.400154625035673,-4.398554147235672
2014-10-31,3.9246733,-0.6749534283099269,0.7018763559501056,-7.022358048739702,-0.08963874402756505,1.0854336592221019,12.062738319371883,6.063098113466897,-2.1384248134668975
2014-11-01,30.278498,-0.7445094854085808,1.3104528869768743,-6.793846057799991,-0.08583402107031896,0.5951403387232856,12.064163910419307,6.345567571840577,23.932930428159423
2014-11-02,13.700117,-0.81470594593766,0.7161591681393782,-6.2530199883538415,-0.1167961582566675,0.019143915438902037,12.065151988009537,5.615932979039649,8.08418402096035
2014-11-03,1.3475249,-0.8843402235671172,-0.5761968761590949,-5.609860998173332,-0.131191322016098,-0.2994782262635022,12.06637414436419,4.565306498185047,-3.217781598185047
2014-11-04,0.2398279,-0.9534081422990563,-1.6918056972633013,-5.099608102621035,-0.0784177955237702,-0.22846603907713248,12.067741095869575,4.0160353190852796,-3.7762074190852797
2014-11-05,2.7057498,-1.0219814466951491,-1.5293000374545365,-4.877208640302629,-0.004549478337095014,0.39888711974825797,12.069252005339981,5.035099522298829,-2.329349722298829
2014-11-06,9.747211,-1.0903366833470332,0.24161276131251008,-4.934911725348989,-0.009275961252572185,1.6984734983077443,12.07076157596834,7.97632346564,1.77088753436
2014-11-07,3.4441028,-1.1586249770771162,2.2415665538384535,-5.111573643350167,-0.12004087487428133,3.3038636639896706,12.072125978069028,11.227316700595589,-7.783213900595589
2014-11-08,2.6300993,-1.2259883687015916,2.3831984543606692,-5.205818254711626,-0.25254356735604677,4.174050729350953,12.073876273812079,11.946775266754438,-9.316675966754438
2014-11-09,10.860094,-1.2926942634932732,0.25145757051448125,-5.119659761320449,-0.3120189524353197,3.090529386157476,12.075916250415899,8.693530229838814,2.1665637701611864
2014-11-10,4.197999,-1.3591702030559631,-2.13240456765588,-4.911922578464141,-0.3015104835802328,-0.3933432518887324,12.077950786216281,2.979599701571333,1.2183992984286673
2014-11-11,2.2528057,-1.4245446454683837,-2.4803000765831182,-4.713002940294009,-0.29720187662859154,-5.335755633877098,12.08039294987485,-2.170412222976351,4.423217922976351
2014-11-12,2.7123137,-1.4889599984649484,-0.7784403525518777,-4.594463769765632,-0.3354666658534103,-9.743388753296484,12.083037360137403,-4.857682179794949,7.569995879794949
2014-11-13,0.051483743,-1.5527578040722405,0.9528835345821365,-4.515885102145505,-0.36967625929874226,-11.695767394331707,12.085699362535742,-5.095503662730316,5.146987405730316
2014-11-14,0.0069253147,-1.6159720233383466,1.1120672784676933,-4.385566795305118,-0.35181992014279306,-10.490416512996429,12.088423831250902,-3.6432841420640916,3.6502094567640917
2014-11-15,0.08084369,-1.6783000856418875,-0.04442924174623675,-4.1571565065707015,-0.31778786959932137,-7.024981368433494,12.091410763464761,-1.1312443085268793,1.2120879985268793
2014-11-16,0.044315122,-1.73980318458108,-1.2595095487216823,-3.854425333786598,-0.34669964172618695,-3.1667721244978093,12.094601972980865,1.7273921396675078,-1.6830770176675078
2014-11-17,3.175445,-1.8008515382509125,-1.5974133830335457,-3.518602011950032,-0.4454166461219019,-0.619972512527464,12.097835424625504,4.115579332741649,-0.9401343327416489
2014-11-18,1.7458062,-1.8615106161249646,-0.7006289290026082,-3.1613163955400836,-0.5245746191413053,-0.12506571019953255,12.101079936947562,5.727983666939068,-3.9821774669390675
2014-11-19,0.10493933,-1.9210117074798863,1.1709426015734419,-2.771686438834236,-0.5133069652255977,-1.386141911643326,12.104706030874956,6.6835016092653525,-6.578562279265353
2014-11-20,11.884289,-1.9795349848403676,2.5682394163045026,-2.339875415335206,-0.46276272890954645,-3.400243088882881,12.108564277204264,6.494387475540766,5.389901524459235
2014-11-21,6.0670214,-2.0379421113119847,1.3095373961289267,-1.8483190831730383,-0.48822170793263986,-4.711643208888696,12.112265783229272,4.33567706805184,1.7313443319481596
2014-11-22,0.016249716,-2.0962751810704363,-2.8882071576516757,-1.2469568111887512,-0.6094881519213281,-3.6795266876363324,12.115888457595767,1.5954344681272445,-1.5791847521272446
2014-11-23,0.029376242,-2.1542853973002027,-6.431161650911701,-0.48574144465765245,-0.7002632869273332,0.719312599236072,12.119527035231679,3.067387854670862,-3.038011612670862
2014-11-24,0.3654759,-2.211648791171018,-4.542220167734611,0.3917299625475845,-0.631103988093994,7.677506516783374,12.123243709220036,12.807507241551372,-12.442031341551372
2014-11-25,42.889725,-2.268409169957976,2.8416609710042495,1.1918352324692452,-0.43959618204518214,14.138054083178735,12.126995812850856,27.59054074749993,15.29918425250007
2014-11-26,66.24135,-2.325672580568224,9.238105950800682,1.6520947840022282,-0.30972664992957344,16.297278694258754,12.130248747362288,36.68232894592616,29.55902105407384
2014-11-27,14.128362,-2.3839920150482143,7.8458310606327,1.632287854981977,-0.3706700286120675,12.393718596860543,12.132721237740768,31.249896706555706,-17.121534706555707
2014-11-28,1.5693766,-2.4422429754869426,-0.4560395045878657,1.2322616655046554,-0.5558969920110322,4.341471106783628,12.134984586365457,14.254537886567899,-12.685161286567899
2014-11-29,9.128118,-2.499826733576791,-7.339016156658476,0.7116189261267596,-0.6912081415123131,-3.5640169652998726,12.137221901503287,-1.2452271694174062,10.373345169417407
2014-11-30,6.102256,-2.556815382033751,-6.138483812064809,0.31137310866233137,-0.6942574430975851,-7.7865975878484095,12.1393170992545,-4.725464017127722,10.82772001712772
2014-12-01,11.010633,-2.613205416801432,0.7324822970436365,0.1341831002333227,-0.6438463141262629,-7.723480178747298,12.141324060115625,2.0274575477175922,8.983175452282408
2014-12-02,2.0941978,-2.669192969722398,5.09714610648199,0.16208592244073378,-0.6516168096408889,-5.21327482018728,12.143166148688561,8.868313578060718,-6.774115778060718
2014-12-03,0.008245464,-2.724540923240375,2.8506713471937313,0.3483818644185447,-0.7153931109278173,-2.43046822633121,12.144984213214588,9.473635164327462,-9.465389700327462
2014-12-04,12.118316,-2.7789520335306177,-1.9535383584698927,0.6568926116060458,-0.7404783407047338,-0.5189106797474475,12.146964447904791,6.811977647058145,5.3063383529418555
2014-12-05,7.7692976,-2.832888789338636,-3.2357259333334047,1.0310949611412845,-0.6815857277652355,0.20197986131264034,12.14882598654711,6.631700358563758,1.137597241436242
2014-12-06,2.304235,-2.88632706034873,-0.5191896463906401,1.3708217464951458,-0.6063801572743734,-0.36197764472249794,12.150571763976798,9.147519001735702,-6.843284001735702
2014-12-07,0.65914595,-2.9390955123176288,1.7453503211867676,1.572051920617633,-0.600775746104634,-1.9217694228648627,12.152285005831033,10.008046566348307,-9.348900616348308
2014-12-08,0.038765837,-2.991185013208624,1.0872356907531557,1.5974949556283315,-0.6536866403310654,-3.387898780374224,12.1539871357085,7.805947348176073,-7.767181511176073
2014-12-09,0.024335459,-3.0427160616347995,-0.09195070144883882,1.4980287122916505,-0.6820420209946235,-3.415035121918611,12.155684555069698,6.421969361364475,-6.3976339023644755
2014-12-10,0.094081625,-3.093672015271146,0.7372393718786558,1.3717839385867427,-0.6563135440181762,-1.7239466079477663,12.1573743623539,8.79246550558221,-8.698383880582211
2014-12-11,16.962769,-3.1437809831468453,1.6431725961812005,1.314080566775914,-0.6455983251187951,0.4417072564480057,12.159218804226276,11.768799915365756,5.1939690846342454
2014-12-12,10.505865,-3.192870137821777,-0.7906611000836224,1.3906839997428793,-0.7140209965381578,1.5781782588832218,12.161311460561587,10.43262148474413,0.0732435152558697
2014-12-13,1.8102334,-3.24149625343986,-5.139667669786975,1.622183421089909,-0.8089318307474858,1.5593926062693924,12.163292718511855,6.154772991896834,-4.344539591896835
2014-12-14,2.9140227,-3.2893367739340196,-5.518552535255231,1.9405850731261531,-0.8081336403388609,1.591458728740608,12.165320426125302,6.081341278463952,-3.1673185784639517
2014-12-15,1.5026778,-3.336415473544496,0.4901939346102273,2.1673435677892603,-0.677695524640032,2.518462736454732,12.167333054569546,13.329222295239237,-11.826544495239236
2014-12-16,35.485023,-3.3829171614004108,7.106061179619466,2.081749094888888,-0.5332958838775763,3.6677733873957776,12.16932634184671,21.108696958472855,14.376326041527143
2014-12-17,15.550163,-3.429742402743541,6.516562108446088,1.5613877083469376,-0.5126555954738143,3.7481445472446877,12.17085253225193,20.054548898072287,-4.504385898072288
2014-12-18,0.20230748,-3.4760910668450786,-1.0548571916562224,0.6838246678111721,-0.6113275807968931,2.6161527972742054,12.172310606139815,10.330012231926998,-10.127704751926998
2014-12-19,0.0042374013,-3.5213381476686028,-6.816512008561078,-0.3386048959861853,-0.6940536364690106,1.4481302517028296,12.173910687100923,2.251532250118876,-2.2472948488188758
2014-12-20,32.952366,-3.565116959212623,-4.001609269221547,-1.324657461415811,-0.6672282585606845,1.0432189243158534,12.175850757706513,3.660457733611702,29.291908266388297
2014-12-21,17.960394,-3.6085244700936703,3.607699328490216,-2.2190583790176235,-0.5904922180313529,0.5574833959311627,12.177542604540955,9.924650261819687,8.035743738180313
2014-12-22,0.6611507,-3.651509179947285,6.317203193715139,-3.0286477198337343,-0.5857823080712994,-1.440626340356139,12.179013905147283,9.789651550653964,-9.128500850653964
2014-12-23,0.0061838655,-3.693594487053358,0.6048857784096534,-3.7068673084879693,-0.6669944747977121,-4.758310968979348,12.180477501190511,-0.040403959718224414,0.04658782521822441
2014-12-24,0.0054974807,-3.73457651459238,-6.577434723911005,-4.12988464280658,-0.712963143739473,-7.016657080611269,12.182019689745163,-9.989496415915545,9.994993896615545
2014-12-25,2.4847267,-3.774458822761737,-6.5269593207436465,-4.2042042575083,-0.6213063736647599,-5.747427609550407,12.183650591791455,-8.690705792437395,11.175432492437395
2014-12-26,1.7152348,-3.8134169045939035,0.7002191455338931,-3.984032718408676,-0.4447958306852915,-0.957401553722746,12.185310598710375,3.6858827368336513,-1.9706479368336514
2014-12-27,0.21398905,-3.8515071439377393,6.942910473382753,-3.6547325973157565,-0.333499293671618,4.670482291602284,12.18700077190472,15.960654501964644,-15.746665451964644
2014-12-28,2.6230164,-3.8887186487589194,6.073846552120949,-3.3956576471311286,-0.35687905895077504,8.052684798296253,12.188750319019382,18.67402631459576,-16.05100991459576
2014-12-29,26.380938,-3.9252099062809425,0.4940748473995478,-3.264258393617841,-0.4311653227615695,7.940495777247406,12.19047638792199,13.004413389908592,13.376524610091408
2014-12-30,6.7437286,-3.9615513468865586,-3.22905177599694,-3.1970106129488585,-0.43564402038579275,5.094850635418449,12.191804702200056,6.463397581400355,0.2803310185996448
2014-12-31,0.9628652,-3.9971411797897556,-2.572624318722453,-3.0809874994279496,-0.35988288122179285,0.9846339982278558,12.193036122984164,3.16703424205007,-2.20416904205007
2015-01-01,5.288477,-4.031629082017127,-0.5441194838792401,-2.817580949834335,-0.3001157357455806,-3.1542227326105103,12.194276426694623,1.3466084426078293,3.941868557392171
2015-01-02,1.922383,-4.065151007797853,-0.09113212071635651,-2.3305782177922625,-0.3231867557178865,-6.183295000515082,12.195450233346126,-0.7978928691933156,2.7202758691933155
2015-01-03,0.14756678,-4.097722419516797,-0.28962591505113305,-1.5719814524461435,-0.3838957481655903,-6.894749895920002,12.196600526416251,-1.0413749046834155,1.1889416846834155
2015-01-04,0.0049881637,-4.129386665991573,0.8144753767302374,-0.5728517600957126,-0.39588413752278934,-4.723883827499141,12.197756486484161,3.1902254721051815,-3.1852373084051813
2015-01-05,0.006183749,-4.160196199262257,2.110624318027977,0.5161356220446752,-0.3447982553564849,-0.6213338353677557,12.198916295657487,9.699347945743641,-9.693164196743641
2015-01-06,17.429005,-4.190096108153204,0.8750919541010667,1.468727721506996,-0.28888935781342684,3.2115443716713727,12.200073331303596,13.2764519126164,4.1525530873836
2015-01-07,7.3346214,-4.219477509377792,-2.3925879170408177,2.0942660258590142,-0.2613513464671871,4.721752435815031,12.200962520133382,12.14356420892163,-4.80894280892163
2015-01-08,0.26472682,-4.247954208638751,-3.5556136209903704,2.3325833961332925,-0.2233173992336822,3.232428134960003,12.201748236106218,9.739874538336709,-9.475147718336709
2015-01-09,0.13857393,-4.274789939983357,-0.4395945796105024,2.2584698498612683,-0.13737218270302282,-0.4988355548456653,12.202802008574695,9.110679601293416,-8.972105671293416
2015-01-10,0.29565474,-4.300141109357325,3.310935341980058,2.027639478845873,-0.048287344978446445,-4.941068180257854,12.204084380667249,8.253162566899555,-7.957507826899555
2015-01-11,0.705092,-4.32449709512753,2.359754738094355,1.8232625273317091,-0.03944456047706879,-8.284863223617567,12.205373229567964,3.7395856157718637,-3.0344936157718636
2015-01-12,0.52436125,-4.347824781766247,-2.9910074660666712,1.8111375933442955,-0.10997993030333442,-8.796311322725893,12.20667090451058,-2.2273150030072717,2.751676253007272
2015-01-13,0.006651506,-4.3699314365295585,-6.280837822690238,2.073469702431039,-0.14639937247473506,-5.628260671624027,12.208018636306358,-2.1439409645811605,2.1505924705811603
2015-01-14,0.0041555613,-4.390822165800394,-2.708347991380197,2.53797192085093,-0.05061278327744312,0.1680851750756067,12.209385386728018,7.765659542196521,-7.761503980896521
2015-01-15,59.080124,-4.410727354064545,4.462698893469619,2.9813813760405803,0.12777629177630678,5.705619038695,12.210759564807011,21.077507810723972,38.002616189276026
2015-01-16,23.942207,-4.43129373454981,7.410823088408211,3.1558850880691844,0.2327151900197263,8.032377479588211,12.211289083837203,26.611796195372726,-2.669589195372726
2015-01-17,1.5466802,-4.451682322361638,3.0676155548703914,2.9754424853973878,0.1824807784855087,6.34475119928472,12.211495645244073,20.330103340920445,-18.783423140920444
2015-01-18,0.4350614,-4.470921038830161,-3.464946893120848,2.5694038250425466,0.06525596027253905,2.430129524698032,12.211830663741315,9.340752041803425,-8.905690641803425
2015-01-19,0.8972574,-4.4875773767486695,-5.327971691324829,2.170704424736426,0.032403799627063495,-1.025483747201991,12.213002362578074,3.5750777716660753,-2.6778203716660753
2015-01-20,0.3823545,-4.5027201467663645,-1.7388462594724519,1.9501549600251757,0.12323575188729022,-2.479454652905699,12.214329287521076,5.566698940289028,-5.184344440289028
2015-01-21,9.258616,-4.516828543701073,2.257577063920228,1.927958720750322,0.2312640621449772,-2.0580568760998625,12.215650415882623,10.057564842897214,-0.7989488428972145
2015-01-22,39.676704,-4.530151752010948,2.721321209282655,2.0149806608523075,0.24504015582411495,-0.6031746493415471,12.216879555813684,12.064895180420265,27.611808819579736
2015-01-23,15.168188,-4.543490965392116,0.9641224351489878,2.109897738768694,0.18008254697092052,1.2277781385525823,12.217545040241761,12.15593493429083,3.012253065709171
2015-01-24,0.2884817,-4.55618474199458,0.2968592928479822,2.160415735713555,0.14214995238465655,2.912513264396053,12.218009477230144,13.173762980577811,-12.88528128057781
2015-01-25,0.21805045,-4.5677699893332875,0.9438436260179355,2.1595001512338863,0.18389704226944845,3.7199083294789315,12.21848326137741,14.657862421044324,-14.439811971044325
2015-01-26,7.7996764,-4.578249422908601,0.41081681228496775,2.1392576183361016,0.24982729673357007,3.115578017266037,12.21895736672569,13.556187688437765,-5.756511288437765
2015-01-27,23.085232,-4.587833640797292,-1.8671039117051367,2.1669719315055938,0.26998778560300246,1.5459338408561984,12.219350125384127,9.747306130846493,13.337925869153509
2015-01-28,9.112867,-4.597018167072388,-2.905482665184924,2.2988882744939945,0.2604808161919978,0.3094442247975908,12.21939728303272,7.58570976625899,1.5271572337410095
2015-01-29,0.14164136,-4.605401733355118,-0.2682608104739207,2.5022564975588235,0.29150788607580125,0.27299121474099586,12.219306808572254,10.412399863118836,-10.270758503118836
2015-01-30,48.59195,-4.611992693100775,3.856843773624751,2.6249302313644356,0.37290736180568,0.8275415163659179,12.219580593026478,15.289810783086487,33.30213921691351
2015-01-31,15.101499,-4.617976424520656,4.694131680677735,2.4901046062374426,0.42437427011170015,0.491112633169006,12.219444390992406,15.701191156667633,-0.5996921566676328
2015-02-01,0.0022156164,-4.623061885261536,0.8239208787613619,2.067658377688377,0.379634432379525,-1.3342155515667729,12.219116495442181,9.533052747443136,-9.530837131043137
2015-02-02,0.0026784837,-4.626864325007844,-3.7719640400946908,1.5352290378262436,0.28214432094913316,-3.5215659428776336,12.218838762248696,2.115817813043904,-2.113139329343904
2015-02-03,0.063752055,-4.629337126763673,-4.344034650632492,1.1671269418778305,0.2418305123336164,-4.279632104776729,12.218628035756613,0.374581607795168,-0.310829552795168
2015-02-04,1.5061343,-4.630485108177089,-0.8979868869818635,1.1265468147858648,0.3021537128891666,-2.9856592280480836,12.218435174689537,5.133004479157533,-3.6268701791575326
2015-02-05,20.126997,-4.630145237752316,2.201195826372002,1.3394184953702055,0.3899744727654837,-0.7879285943462121,12.218407305368936,10.7309222677781,9.3960747322219
2015-02-06,7.809487,-4.629115805423803,1.7287061006782016,1.5554478568626124,0.41481593237731224,0.6008516580221295,12.218139293244262,11.888845035760715,-4.079358035760715
2015-02-07,0.81434834,-4.626988525365949,-0.8163518649801991,1.5270068760950444,0.38629546473763315,0.5058511391727595,12.217822317229917,9.193635406889207,-8.379287066889207
2015-02-08,31.126492,-4.623348000614413,-1.686453711901921,1.1415133003129796,0.39310280279642146,-0.39602973323187063,12.21755112353132,7.046335780892517,24.080156219107483
2015-02-09,12.646289,-4.6178663233267,0.22066372415794958,0.4417123520690188,0.4745300445639551,-1.058228589648003,12.217534576300428,7.678345784116649,4.96794321588335
2015-02-10,0.88765347,-4.61094332252792,2.2190490817722925,-0.4180552439500643,0.5614688190470575,-1.0078007427064182,12.21766933093455,8.961387922569497,-8.073734452569497
2015-02-11,0.011181226,-4.602811797237218,1.393935146923051,-1.2484848551997128,0.5670386001816292,-0.4020164262497105,12.217790515605396,7.9254511840234345,-7.914269958023435
2015-02-12,1.1963271,-4.593382305504544,-1.7599772573171257,-1.8909574518429246,0.5129542954362932,0.4919861018036274,12.21791417508795,4.978537557663275,-3.782210457663275
2015-02-13,1.6656861,-4.582641770040981,-3.856364663373335,-2.2759093128923684,0.5179622742684861,1.5083421356215203,12.218026565687087,3.5294152292704073,-1.8637291292704072
2015-02-14,0.5153902,-4.570318801732675,-2.4268012994079333,-2.4571335981827453,0.6506357058484463,2.2962535438429215,12.218158715740351,5.710794266108364,-5.195404066108364
2015-02-15,1.0345969,-4.554812159310044,1.3863493384904337,-2.574123695415632,0.8312170536862097,2.2118254726603097,12.219163177119656,9.519619187230933,-8.485022287230933
2015-02-16,0.3250496,-4.535689637064319,4.064004155116178,-2.7360484954973177,0.9142172961346832,0.8642719390291548,12.221404103501694,10.792159361220074,-10.467109761220074
2015-02-17,10.93934,-4.515019193177944,3.3138684501224533,-2.9165845802730375,0.8560773879592871,-1.2105993763492424,12.22378810716641,7.751530795447926,3.1878092045520736
2015-02-18,23.266693,-4.493385570582429,0.20470731029546568,-2.9604374413750567,0.7646599111150715,-2.6919262007830045,12.22601614329906,3.049634151969105,20.217058848030895
2015-02-19,6.325677,-4.471081856751893,-2.168450831331127,-2.6962588362697315,0.773761788745829,-2.543922375680273,12.227890557100219,1.1219384458130222,5.203738554186978
2015-02-20,0.89908767,-4.447610899602266,-1.8598923962893266,-2.06099067479034,0.8945825439191014,-1.0150356668409857,12.22966527406454,3.740718180460725,-2.8416305104607247
2015-02-21,0.57152146,-4.422112888031496,0.23612939208002898,-1.1295998352911127,1.0178770914452568,0.5216829370256733,12.231792082055753,8.455768779284103,-7.884247319284103
2015-02-22,3.6728897,-4.3948178257845445,1.757530095403257,-0.029453870735774046,1.0517426642317358,0.8432087337683705,12.234131132582789,11.462340929465833,-7.789451229465834
2015-02-23,9.298491,-4.366209276733615,1.5049457883792736,1.160359721433897,1.0183251941778655,0.004792275642089505,12.236443512764982,11.558657215664493,-2.2601662156644924
2015-02-24,11.855395,-4.336513273539637,0.3190496976148053,2.433251827429242,1.0037020722219605,-0.7656921272567964,12.238634979012865,10.89243317548244,0.96296182451756
2015-02-25,8.961541,-4.3058419870286375,-0.4512264009918462,3.80051948013426,1.046340316814326,-0.19103656262139668,12.240701822627733,12.139456668934438,-3.177915668934437
2015-02-26,43.10818,-4.274195881366756,-0.5450731216785506,5.223157365370563,1.1104542214910138,2.0662871458800365,12.24269631602913,15.823326045725437,27.28485395427456
2015-02-27,16.956596,-4.242598883126407,-0.38073380623313735,6.5826611457491,1.1584830038348914,5.303952626571612,12.244054794036161,20.66581888083222,-3.7092228808322183
2015-02-28,0.6560532,-4.210294284377208,0.28087413650171,7.706637783343244,1.2050916471984094,8.310560036136943,12.245230435209656,25.538099754012755,-24.882046554012756
2015-03-01,79.68062,-4.176884364743673,1.966905881751756,8.409138293537252,1.2728986240152387,9.804346822999493,12.246464020058175,29.52286927761824,50.15775072238176
2015-03-02,37.10694,-4.144276175482326,3.681040966332054,8.561609412358845,1.3274594262868613,8.786063386825719,12.24662122614,30.458518242461153,6.6484217575388485
2015-03-03,10.831946,-4.11121937624379,2.9171235880771205,8.197516028162307,1.3066845337194881,5.1920911087352,12.246424014165784,25.74861989661611,-14.916673896616109
2015-03-04,16.568222,-4.077270051279198,-1.2916108507705335,7.524245966298523,1.2135629064369469,0.4116846852783072,12.24613940652239,16.026752062486434,0.5414699375135648
2015-03-05,0.6048148,-4.042542578308662,-5.762512658495845,6.820092104316495,1.1442272372164106,-3.1052720207267255,12.245638333534789,7.299630417536463,-6.694815617536463
2015-03-06,2.2217004,-4.005915047644473,-5.492671072718146,6.25732155202064,1.1892376876129311,-3.465773696840346,12.245578485102948,6.727777907533555,-4.506077507533554
2015-03-07,12.120737,-3.9680275132549676,0.4601861698256498,5.778145649405388,1.3168487482126543,-1.0294432022186384,12.245647781064267,14.803357633034354,-2.682620633034354
2015-03-08,9.521597,-3.9294168715588405,6.694796582219929,5.156349304659477,1.394200275039391,1.6497626664265002,12.245584880068272,23.21127683685473,-13.68967983685473
2015-03-09,32.451572,-3.88912835298694,6.72605143185136,4.206629418003787,1.3368312325465053,1.9247444134830456,12.245938171735398,22.551066314633154,9.900505685366845
2015-03-10,23.578413,-3.848340546690843,0.34894468147118674,2.9526186720661474,1.2083413208566198,-0.7143635684177623,12.245952330984561,12.19315289026991,11.38526010973009
2015-03-11,1.797859,-3.806252849225813,-5.83956436234405,1.6097726048671206,1.14537370435542,-4.433444247520217,12.246068540664753,0.9219533907972135,0.8759056092027866
2015-03-12,0.019357307,-3.76257738832237,-5.882279569401899,0.4123894100204709,1.1985705589493136,-6.953973713554313,12.246403333692657,-2.7414673686161404,2.7608246756161403
2015-03-13,0.64118767,-3.717485680792892,-0.9795544557050863,-0.543983030211626,1.2832404640887862,-7.44343126600891,12.246812044442407,0.8455980758126778,-0.20441040581267778
2015-03-14,5.392748,-3.6705717661645996,2.755535578805401,-1.309545336027693,1.2955094979682424,-6.553078800868961,12.247549962841918,4.765399136554308,0.6273488634456923
2015-03-15,2.4788153,-3.62219309191037,2.014401145259761,-1.9746480495293939,1.241140623683202,-5.051561848915609,12.248428262178928,4.855567040766518,-2.376751740766518
2015-03-16,15.932902,-3.571804802288251,-0.4670581622332225,-2.58205398246076,1.2153493743747925,-2.9320695715090426,12.24972239125992,3.9120852471434375,12.020816752856563
2015-03-17,9.513524,-3.520073768099217,-0.6584505710289952,-3.123456127633295,1.270948426506369,0.08463963602376764,12.250972179316722,6.304579775085353,3.2089442249146476
2015-03-18,8.170778,-3.4672177621108236,1.1770981553294444,-3.5859167433251278,1.3487850177033942,3.6034767297087913,12.252070796760556,11.328296194066235,-3.1575181940662347
2015-03-19,21.328228,-3.413374569037759,1.6035090337230145,-3.9879396942134173,1.355604064559647,6.475573689512602,12.253039738535861,14.28641226307995,7.04181573692005
2015-03-20,6.9127474,-3.3588835740675997,-0.4154246164369507,-4.376044866386992,1.2832682922565424,7.632331865602727,12.253725707307288,13.018972808275013,-6.106225408275013
2015-03-21,10.163723,-3.3023942148583565,-1.8574126305363285,-4.803046920209357,1.2134621318613168,6.773143796407811,12.254910577275039,10.278662739940124,-0.11493973994012485
2015-03-22,3.8554137,-3.244543089028763,-0.2697680261575233,-5.309990687506698,1.2069764709414794,4.29078992525508,12.256167684172148,8.929632277675722,-5.0742185776757225
2015-03-23,9.742719,-3.185564731896595,2.281615009602448,-5.892976814796061,1.227976296934398,0.9759376006690168,12.257410900246782,7.664398260759989,2.0783207392400103
2015-03-24,3.903509,-3.1257752724529375,1.9440893852897076,-6.463813558644235,1.2002457447634551,-1.9807251217460229,12.258524541489795,3.8325457186997625,0.07096328130023766
2015-03-25,0.7938563,-3.0650385301463032,-1.2650713689572544,-6.855155175305682,1.1133339569678913,-3.1054139022078147,12.259619482304764,-0.9177255373444009,1.7115818373444007
2015-03-26,0.19761291,-3.0031698773448676,-3.1305479263998253,-6.910567887270633,1.033984591509834,-1.526442811983744,12.26077073707317,-1.275973174416066,1.473586084416066
2015-03-27,0.0050477684,-2.9401273656139733,-0.9896317455445318,-6.594409762329595,1.0138815332079676,1.9175921751736082,12.26197290108567,4.669277735979145,-4.664229967579145
2015-03-28,0.003028661,-2.875976383326102,2.4630844072869134,-6.017930616631267,1.022761612586026,4.7492212542333245,12.263241350493539,11.604401624642433,-11.601372963642433
2015-03-29,1.650423,-2.810895401460461,2.785058347001746,-5.350517903465933,0.9947358487337795,4.560047400108684,12.264556020351174,12.44298431126899,-10.79256131126899
2015-03-30,0.79971415,-2.744707836267631,-0.14162652706283363,-4.6957633115996895,0.9186133698794545,0.9557396473971458,12.2659728533815,6.5582281957279465,-5.758514045727947
2015-03-31,0.0020191073,-2.677081692225811,-2.072714721841641,-4.042082917638089,0.8452224773307166,-4.128880389760296,12.267634089719724,0.19209684558460438,-0.1900777382846044
2015-04-01,9.983369,-2.608365672122524,-0.4503107749043194,-3.316558747461287,0.8038255048250305,-7.983497802502289,12.269351528159104,-1.285555964006285,11.268924964006285
2015-04-02,4.9323387,-2.538945627951059,1.9896377719041678,-2.469459803343368,0.751295538852402,-8.966001870247597,12.270912354199156,1.0374383634137025,3.8949003365862973
2015-04-03,3.649096,-2.468414372656267,1.184128027776584,-1.503022528375286,0.6351145261841965,-7.119606665160553,12.272457427711895,3.00065641548057,0.64843958451943
2015-04-04,6.6204615,-2.395701729763334,-2.2615490272429875,-0.44790960642007926,0.48535512033358363,-3.6530591643904775,12.274583099452245,4.00171869196895,2.61874280803105
2015-04-05,11.60894,-2.3215657090456223,-3.5618026597474426,0.6622962312318961,0.39775635613094396,-0.26530345611453754,12.276978504823413,7.188359267278651,4.4205807327213495
2015-04-06,9.164601,-2.2464835921664217,-0.31233219101386656,1.7901437520614245,0.4108054182985186,1.3450453467533636,12.2794602257932,13.266638959726219,-4.1020379597262195
2015-04-07,17.681171,-2.1705968450691393,3.8172217827801322,2.9053726547904986,0.43806095407835655,0.2740944471794331,12.28199201734491,17.54614501110419,0.13502598889580852
2015-04-08,23.349998,-2.0944540695610168,3.5401463061828276,4.013719211452543,0.35722806777609417,-2.5554359862076796,12.28428147361548,15.545485003258248,7.804512996741751
2015-04-09,3.4711082,-2.0172863505050067,-1.1278547101034235,5.158393228889141,0.15746054628659067,-4.314980241379,12.286747980333493,10.142480453521795,-6.671372253521795
2015-04-10,18.55346,-1.9390204777621574,-4.632502064260957,6.350880329018343,-0.038732200853830626,-2.0865939246821625,12.289410633042255,9.94344229450149,8.61001770549851
2015-04-11,20.512962,-1.8605246942525402,-2.7273017676181874,7.464334803899161,-0.11784981523216351,4.454834629774327,12.291879392601974,19.50537254917257,1.0075894508274317
2015-04-12,2.5345938,-1.7821114693399958,2.3873738054404674,8.22841341039118,-0.110153414945791,12.070461227812096,12.294065050005779,33.08804860936374,-30.55345480936374
2015-04-13,63.24357,-1.7035244000209868,4.9155685298576115,8.3704604227712,-0.15395510940344131,16.013141807910248,12.296233334106217,39.73792458522085,23.505645414779146
2015-04-14,59.616203,-1.6265429297573522,2.359014815401787,7.809180496576668,-0.33259182659790176,13.585882921464412,12.29745824187406,34.092401718961675,25.523801281038324
2015-04-15,15.666152,-1.5508992350842243,-2.0731910235393576,6.751234006690989,-0.5776944197009086,6.201677741586544,12.297871962242011,21.048999032195056,-5.3828470321950554
2015-04-16,0.282404,-1.4751178730172732,-3.899799670810183,5.564553727191321,-0.7531895590555935,-1.8012702383965133,12.298160165754265,9.933336551666024,-9.650932551666024
2015-04-17,14.834898,-1.3988559103304046,-2.4188369505687035,4.535755930984697,-0.807158052498409,-6.279418341538639,12.29846488031062,5.929951556359161,8.904946443640839
2015-04-18,7.0850434,-1.3225801488731004,-0.3357458421237609,3.7187418887291286,-0.8079529430706294,-5.6591109971607185,12.298549480735879,7.891901438236799,-0.8068580382367987
2015-04-19,0.4577702,-1.2457880564279908,0.41653775415410577,2.9661683994617594,-0.8423595539556324,-1.2033262703293202,12.298742036793042,12.389974309695964,-11.932204109695963
2015-04-20,24.122803,-1.1684040125634692,0.6465523756382753,2.067698741088395,-0.9223419840317941,4.193688650236688,12.299055869404855,17.116249639772953,7.006553360227048
2015-04-21,18.338118,-1.0909930929913547,1.6479466760462709,0.8801794347412395,-1.0096470798596597,7.491023862287393,12.299091379993769,20.217601180217656,-1.8794831802176546
2015-04-22,3.007682,-1.0133439079885025,2.6474376047130788,-0.6014524668269358,-1.096639561567506,6.7408401740203585,12.298934564907976,18.97577640725847,-15.96809440725847
2015-04-23,1.5311309,-0.9346753755050359,1.7353843149175419,-2.2395275703935558,-1.2177443947883064,1.9668253808420206,12.299023129276213,11.609285484348877,-10.078154584348876
2015-04-24,0.30381536,-0.8550470483104708,-1.1370903647176862,-3.7952436134434038,-1.3781288183547562,-4.656494584507247,12.299305390085696,0.4773009607521317,-0.1734856007521317
2015-04-25,11.343644,-0.7747104125515378,-3.4283572658012242,-5.018217231966434,-1.5154577005730103,-9.820704804480675,12.299635848982307,-8.257811566390577,19.601455566390577
2015-04-26,3.805668,-0.694003662363146,-2.783521849990472,-5.7648010769268785,-1.5669981619916817,-11.036412238157023,12.299882656539523,-9.545854332889679,13.35152233288968
2015-04-27,0.042295314,-0.6130275215551537,0.1527128233605553,-6.0636444542676955,-1.557727179392328,-8.171165584437281,12.300108032404168,-3.9527438838877345,3.9950391978877344
2015-04-28,0.48641652,-0.5317055912369663,2.404627123687141,-6.0740014643188704,-1.5834127513037313,-3.3279980782292893,12.300345333556024,3.1878545721543077,-2.7014380521543075
2015-04-29,0.59419686,-0.4499424974990772,1.980582286947917,-5.960184294649083,-1.6954826863520107,0.8107337902608793,12.300613721530038,6.986320320238663,-6.392123460238663
2015-04-30,0.14545536,-0.3673548993683168,-0.14768796168870102,-5.788859545717203,-1.833577497763343,2.719148204888987,12.301118290020408,6.882786590371831,-6.737331230371831
2015-05-01,0.004146248,-0.28389237957893054,-1.5561394813210379,-5.530925508563673,-1.8990719145751946,2.511454351269709,12.301943942048151,5.543369009279024,-5.539222761279024
2015-05-02,0.0022470485,-0.20003448103153026,-1.2504462108021615,-5.148728113744594,-1.881429357287534,1.1778324309551662,12.302889586727195,5.000083854816542,-4.997836806316542
2015-05-03,0.08647353,-0.11588654105606432,-0.3834835206978868,-4.669532648615941,-1.8735488898152486,-0.3676491495996088,12.303856319034514,4.893755569249764,-4.807282039249764
2015-05-04,0.68109155,-0.031442962555909004,-0.2523309621567684,-4.179754721599925,-1.9523902067608614,-1.628010602444663,12.304826199228474,4.260896743710347,-3.579805193710347
2015-05-05,0.4685754,0.05329379452937701,-0.47490825020453536,-3.771572058131195,-2.0795946677180583,-2.405970783829504,12.30581434664826,3.627062381294344,-3.1584869812943444
2015-05-06,0.3619252,0.13837323520121028,0.1757736149889377,-3.4971496912505087,-2.1511036989113945,-2.718143189668985,12.306908567843251,4.254658838202513,-3.892733638202513
2015-05-07,1.3597671,0.22355960016896156,1.5026978003196927,-3.3443313128749765,-2.1301349208490876,-2.7758228839330688,12.308035457602017,5.784003740433539,-4.424236640433539
2015-05-08,0.7167556,0.3088123318518836,1.544621278423366,-3.2269895361934298,-2.090055012477421,-2.7601913979523744,12.309174503459555,6.085372167111579,-5.368616567111579
2015-05-09,5.6812034,0.39410317040436027,-0.8735967421334498,-3.001071607083781,-2.1112555757133658,-2.483560416982048,12.310315359060882,4.2349341875525965,1.4462692124474037
2015-05-10,6.2387724,0.47930930200297495,-3.8406216080006907,-2.536248209272097,-2.1691472316442715,-1.4725748637557385,12.311418513511668,2.772135902841846,3.466636497158154
2015-05-11,1.2628981,0.564596930296145,-3.814559384793169,-1.825936453252154,-2.1636592104856898,0.3437324060779584,12.31256002277351,5.416734310616601,-4.153836210616601
2015-05-12,33.25813,0.6501968700189569,0.15857271819422325,-1.0491261368296345,-2.0560013250844476,2.0697036291348914,12.313864062442262,12.087209817876252,21.17092018212375
2015-05-13,24.184504,0.7353191483208286,4.521805278734142,-0.5012414620993835,-1.935712920379455,2.3544013823184997,12.314891435485382,17.489462862380016,6.6950411376199845
2015-05-14,0.023457687,0.8197921753197921,4.626640443080766,-0.4044723721854681,-1.9235135695436778,0.8448070594186575,12.3156178087827,16.27887154487277,-16.25541385787277
2015-05-15,0.028906157,0.9041216670514763,0.01886823584555186,-0.7621722149653083,-2.028345591471207,-0.9935417612967135,12.316346852227294,9.455277187391093,-9.426371030391094
2015-05-16,14.2235775,0.9883605314068334,-4.701024508053517,-1.381932024362169,-2.133758895088108,-0.9309192194380185,12.317086459082935,4.157812343547956,10.065765156452043
2015-05-17,4.271918,1.0720503349803008,-4.837345214006032,-2.0327112709231825,-2.126458635360522,1.8172149834819418,12.317625302178897,6.210375500351404,-1.9384575003514035
2015-05-18,3.5056398,1.1552998926608893,-0.7430694279306223,-2.59220518086112,-2.009979974189954,5.414999822567739,12.318116061227842,13.543161193474774,-10.037521393474773
2015-05-19,6.8423076,1.2388816587049176,2.891274831864155,-3.079657134441978,-1.8784209907153104,6.637127904411057,12.319026666050785,18.128232935873626,-11.285925335873626
2015-05-20,17.0309,1.3222999376290794,2.629456615234526,-3.570722443281715,-1.7990895636469308,3.539906280594985,12.319965389075474,14.441816215605417,2.5890837843945818
2015-05-21,22.027374,1.4052993687849384,-0.11607556861355352,-4.104350299747027,-1.756854047393389,-2.9075296202261205,12.320710691615297,4.841200524420144,17.186173475579853
2015-05-22,0.14785235,1.488489277275045,-1.5955934123615276,-4.645465675537197,-1.7099994834792027,-9.601183686939311,12.321621200253263,-3.742131780788929,3.889984130788929
2015-05-23,0.0027641654,1.5718957229614416,-0.654880431223518,-5.093994523416042,-1.6593388937910807,-13.527907479056326,12.322700962253004,-7.041524642272522,7.0442888076725225
2015-05-24,0.0027641654,1.655335771722462,0.35057990429258085,-5.316474495163083,-1.6336213610753747,-13.439856301339587,12.323855007280175,-6.060181474282826,6.062945639682827
2015-05-25,0.347381,1.7385156951868834,-0.5558126381843312,-5.180450662965391,-1.622293711577798,-9.981738554458927,12.32502275608644,-3.2767571159131226,3.6241381159131225
2015-05-26,0.89239746,1.821237221683606,-1.9823101861943055,-4.61535388651863,-1.56832814941122,-4.949998145850121,12.326189388792391,1.0314362425017212,-0.1390387825017212
2015-05-27,0.43793,1.9036835459816062,-1.2930191290740995,-3.6745358773627177,-1.443152464040671,-0.5937605183623746,12.327470211320575,7.2266857684623185,-6.788755768462319
2015-05-28,0.30046305,1.9860088414328723,1.2404069004017702,-2.529473585027424,-1.2988264641569356,1.0758461354634874,12.32891406169757,12.802875889811341,-12.502412839811342
2015-05-29,19.209234,2.068250429121412,2.3312932212440938,-1.369226182115884,-1.21243536078482,-0.6252885619844355,12.330535635632323,13.52312918111269,5.6861048188873085
2015-05-30,8.753503,2.1496984067568823,0.09744818641948394,-0.2804010004381313,-1.1840354449687691,-4.0911611789033415,12.331951118723055,9.023500087589179,-0.2699970875891786
2015-05-31,1.1715723,2.2304243230316483,-2.984656126309118,0.7775299150042523,-1.1239867444214509,-5.907250110275742,12.333263891411944,5.325325148441534,-4.153752848441534
2015-06-01,0.68454444,2.3108184181016598,-2.934212094103266,1.8559528013005955,-0.9610027757035206,-3.2105650703362043,12.334677798938456,9.39566907819772,-8.71112463819772
2015-06-02,0.81067675,2.390754236782505,0.5850629327902632,2.876850929187151,-0.739373689136582,3.7497994543762503,12.336103234586728,21.199197098586318,-20.38852034858632
2015-06-03,61.006157,2.4699561359794107,3.624593786574006,3.6096193158131857,-0.5803188203116537,11.254531766662158,12.337514364396206,32.71589654911331,28.29026045088669
2015-06-04,17.452639,2.546744100880616,2.7838922795322256,3.7954673737028672,-0.5492060009464018,14.603519770310298,12.337991081181874,35.51840860466148,-18.06576960466148
2015-06-05,29.735376,2.622425974689434,-0.6867181404323541,3.328294243320119,-0.5856945519106176,11.531831927341532,12.338210025604058,28.548349478612167,1.187026521387832
2015-06-06,28.145447,2.697947527357587,-2.776966116159867,2.3117199759832494,-0.5825385766434756,3.675347409473566,12.338442164213403,17.663952384224462,10.481494615775539
2015-06-07,1.5498629,2.7755853716392327,-1.7770163971845983,1.0003984985409946,-0.5046380060912501,-4.764784391397786,12.340004649575505,9.069549725082098,-7.519686825082098
2015-06-08,5.1431246,2.854756518194978,0.10964503826674944,-0.3183104806287064,-0.40538179439331246,-9.83425380420923,12.342751834007785,4.749207311238265,0.3939172887617355
2015-06-09,24.380732,2.9335979700572676,0.2525872331496664,-1.4317861014672006,-0.3366565330764257,-9.999948400592162,12.345671179996627,3.763465348067772,20.617266651932226
2015-06-10,2.6227486,3.011616722894141,-0.9004654728918712,-2.2390245128300297,-0.27502485877280824,-6.488575660924304,12.348437961714852,5.45696417918998,-2.8342155791899803
2015-06-11,3.2137902,3.089263165206683,-0.9417902616184318,-2.7356293463470607,-0.16045957185207815,-2.079093120919343,12.351287075374666,9.523577939844435,-6.309787739844435
2015-06-12,15.241411,3.166978467602174,0.7058486517550533,-2.9872077511317885,0.00827124058316675,0.6507992662659207,12.354480721583194,13.89917059665772,1.342240403342279
2015-06-13,5.007645,3.244326190717488,1.8535663231821145,-3.073623496444114,0.15810641302884665,0.7550998902950798,12.357802453006665,15.29527777378608,-10.287632773786079
2015-06-14,7.5609756,3.3211826054872713,0.6946483509823987,-3.0349739908965265,0.22745316445443486,-0.7070113993553725,12.361229956394004,12.86252868706621,-5.3015530870662095
2015-06-15,2.3884015,3.3987495779757877,-1.5169167527336085,-2.870957190013631,0.23856307056494408,-1.6313813639403911,12.365407911308663,9.983465253161764,-7.595063753161764
2015-06-16,2.0786188,3.476139989803528,-2.0145755929339018,-2.5807437079615387,0.2664623926997094,-0.5003667397990293,12.369759196622013,11.01667553843078,-8.938056738430781
2015-06-17,19.284843,3.552901335121118,-0.12837468399735014,-2.2114006138695106,0.3456384952244038,2.5254321801131665,12.37416785949046,16.45836457208229,2.82647842791771
2015-06-18,28.590704,3.6285490490465895,1.9599725628380487,-1.852087837975338,0.43844583132043313,5.88243727739894,12.378454968643414,22.435771851272087,6.154932148727912
2015-06-19,35.91303,3.70256796490161,2.1341879102683836,-1.5765977104152455,0.4989134165288552,7.843785560777223,12.38243342350721,24.985290565568036,10.927739434431963
2015-06-20,12.103384,3.7744440658882903,0.7776255892401016,-1.3967376529765183,0.536853726078132,7.5580982652833635,12.385905131830885,23.636189125344252,-11.532805125344252
2015-06-21,37.75633,3.844925175385953,-0.3884889890977651,-1.267288292337487,0.5957487048091031,5.227092269901547,12.389307918873442,20.401296787534793,17.355033212465205
2015-06-22,16.520136,3.9136064368865275,-0.9327192783370807,-1.1370364425247868,0.6810002905868369,1.7161684126155556,12.392289446259314,16.633308865486367,-0.11317286548636574
2015-06-23,28.747414,3.981770554189891,-1.715863177947202,-0.9741362687666215,0.7473478841777608,-1.7584986154292266,12.395498995526143,12.676119371750744,16.071294628249255
2015-06-24,13.077877,4.0489700022326485,-2.5084498632048717,-0.764961371788401,0.7631903494692899,-3.9725895878686415,12.398606408933306,9.964765937773329,3.1131110622266718
2015-06-25,3.8515637,4.115974082870363,-1.3679882105379662,-0.4959877328783244,0.7581210252261591,-4.362221902657273,12.402093358165198,11.049990620188154,-7.1984269201881546
2015-06-26,14.597452,4.182605074804515,2.379258718913635,-0.14998102322206308,0.7786702052680129,-3.7093720337508893,12.405879177692185,15.887060119705396,-1.2896081197053952
2015-06-27,8.847307,4.248114459079055,5.59688108016501,0.30642880073919027,0.8124774166361886,-3.775108975839931,12.409585203444356,19.59837798422387,-10.751070984223869
2015-06-28,5.599787,4.3124600848781025,3.893180016404748,0.9592582656001203,0.7970501609817485,-5.580210112205214,12.413239737092338,16.794978152751842,-11.195191152751843
2015-06-29,2.598193,4.375944968907692,-2.693774021485468,1.9552311313974502,0.7154678578354571,-7.842439353281488,12.417034311070404,8.927464894444046,-6.329271894444046
2015-06-30,1.4809287,4.439084800980872,-8.135010427331663,3.4270447018175583,0.6514671004640125,-7.546919221765816,12.421186634167992,5.256853588332955,-3.7759248883329555
2015-07-01,39.6595,4.501581228679293,-6.295914566468296,5.357686310970938,0.7110008803931094,-2.678362091007661,12.42551350141262,14.021505263980004,25.637994736019998
2015-07-02,14.423259,4.56223854536222,1.7937433743675049,7.5073364337720365,0.8893042394844631,5.44269032955127,12.429428803893648,32.62474172643114,-18.201482726431138
2015-07-03,106.37566,4.621204504747325,8.2078582027186,9.513706597869337,1.0523225159049712,12.84693667375178,12.433212217594349,48.67524071258636,57.70041928741364
2015-07-04,71.33429,4.675963588999209,6.4854220798276865,11.080512788256778,1.0691775110781507,16.17182359709314,12.435492316339372,51.91839188159434,19.415898118405657
2015-07-05,30.792416,4.7274594603351225,-1.070906774364171,12.127877092775316,0.9544995573462238,15.402495570517104,12.43686836589588,44.578293272505476,-13.785877272505477
2015-07-06,46.438503,4.776773560069492,-5.8892481481260015,12.721418821808513,0.8432356970073924,13.197244801141208,12.437928991402366,38.08735372330297,8.35114927669703
2015-07-07,24.936258,4.823411392906898,-2.72127526736129,12.890323146222297,0.8296941507247398,11.713283715635427,12.43836745261597,39.973804590744045,-15.037546590744046
2015-07-08,48.574875,4.867857448899301,4.650832830690938,12.550018151459183,0.8633845802799482,10.437943723872,12.438499530941298,45.80853626614267,2.7663387338573315
2015-07-09,63.05032,4.909585062944968,7.891334917694474,11.608874283085742,0.819811041440704,7.2152605363235764,12.437973238412413,44.88283907990187,18.16748092009813
2015-07-10,12.285407,4.948543843135688,3.3656570686603033,10.172289203184878,0.6594117839234674,1.2161481300104988,12.436654428566381,32.798704457481215,-20.513297457481215
2015-07-11,0.81746185,4.9881934047867045,-4.342690596752179,8.605094925290796,0.48045512659435463,-5.50424926058324,12.436428090914628,16.663231690251063,-15.845769840251062
2015-07-12,0.6252881,5.0276169293584285,-7.933158852006706,7.347690948971893,0.4099739333353355,-9.510080336331887,12.436636243896084,7.778678867223148,-7.153390767223148
2015-07-13,0.13408996,5.066026702690639,-4.871197590631721,6.631377956465481,0.46891230603380674,-8.846500172581125,12.436888584225047,10.885507786202126,-10.751417826202125
2015-07-14,0.030896626,5.103340815478808,1.2093065110975436,6.324268847247036,0.5642937719748853,-4.453223156229939,12.437225945959096,21.18521273552743,-21.15431610952743
2015-07-15,11.908674,5.139779889669956,5.3006274845761485,6.027460184352963,0.597948011100046,0.8797288296506589,12.437848265989327,30.3833926653391,-18.474718665339104
2015-07-16,89.98665,5.1749949542140214,5.594876918892422,5.335673563116744,0.550989634252159,4.56687440874989,12.438612572459943,33.66202205168518,56.32462794831482
2015-07-17,29.764425,5.207722134810075,3.4287789510608038,4.072495679886686,0.459256693166658,5.398386436034015,12.438693113819296,31.005333008777534,-1.2409080087775344
2015-07-18,7.9947615,5.23899989557748,0.5546071048676557,2.3869848017113213,0.34758262990506544,3.4921726683507,12.438619720532651,24.458966820944873,-16.464205320944874
2015-07-19,10.886809,5.269318066624221,-2.2079328703497065,0.6377046358195284,0.21466651878414972,-0.21489730515097433,12.438753298093976,16.137612343821196,-5.250803343821197
2015-07-20,15.260549,5.29850989320551,-4.064560365839885,-0.808837630790943,0.0792439206512647,-4.131042536015698,12.439105278425968,8.812418559636217,6.448130440363782
2015-07-21,4.321303,5.326334735781111,-3.7778166234270136,-1.762327526157442,-0.0018839037550069104,-6.2417064682218255,12.43951385547622,5.982114069696042,-1.6608110696960416
2015-07-22,2.8741686,5.353003630009967,-1.0782663613380044,-2.300584468457077,0.00972710045175773,-5.0472614542647225,12.44007362365252,9.37669207005444,-6.502523470054441
2015-07-23,22.290787,5.378635691998197,2.15439980828452,-2.7216683273457516,0.07496917658963131,-0.7861054030547133,12.440860744395426,16.541091690867308,5.749695309132694
2015-07-24,43.32267,5.402411997709279,3.2758886140245718,-3.362902642397938,0.10785093211617305,4.30941060025443,12.441463850659845,22.174123352366358,21.148546647633644
2015-07-25,13.063148,5.4237033206795555,1.6064338571355241,-4.395265709813719,0.06969234473234237,7.295109566509465,12.441559469670972,22.44123284891414,-9.37808484891414
2015-07-26,3.7499504,5.4432188735784495,-0.8704619513077512,-5.734265986598646,0.008902385610158048,6.42356633710869,12.441527100608132,17.712486758999034,-13.962536358999035
2015-07-27,2.219974,5.461179203167886,-1.8043328889172578,-7.129791627079126,-0.007794183515525688,2.1265500315248604,12.441466254878806,11.087276790059644,-8.867302790059643
2015-07-28,10.177955,5.478004774726601,-0.9340225990532347,-8.332106891513646,0.01773249728441456,-3.538899108883529,12.441645113839478,5.132353786400084,5.045601213599917
2015-07-29,11.260603,5.4933472464931565,0.1011836607386643,-9.208966777799473,0.021632663456914614,-8.343824952594746,12.44185461950508,0.5052264597995961,10.755376540200404
2015-07-30,15.221333,5.506954076864766,0.005260600684377281,-9.750305546478348,-0.032214988937195044,-11.034859366021227,12.441921418734196,-2.863243805153431,18.084576805153432
2015-07-31,6.204973,5.518783277323344,-0.7739209889453936,-9.994975441642518,-0.09785251996528266,-11.510986455085893,12.441770479027836,-4.417181649287906,10.622154649287907
2015-08-01,4.99227,5.529149181765046,-0.9559881062598162,-9.960461124096224,-0.10059638849342167,-10.284472805004903,12.441578943578266,-3.3307902985110527,8.323060298511052
2015-08-02,8.051288,5.538325432385767,-0.20228199711821576,-9.632055777397944,-0.030339877542853444,-7.923135664896932,12.441485585981274,0.19199770141109518,7.859290298588904
2015-08-03,5.1308947,5.546662406915786,0.5103537278677837,-8.99435682772025,0.04810118758142223,-4.8635897057284705,12.441643632877849,4.688814421794121,0.4420802782058786
2015-08-04,4.150818,5.554121182549891,0.21430949490276746,-8.072787404649452,0.08105180091223946,-1.5293149298025934,12.442043153364486,8.689423297277338,-4.538605297277338
2015-08-05,1.0369289,5.56022836980503,-0.7627062112560288,-6.972200855385022,0.09334632413138122,1.5062700985688613,12.442522828259825,11.867460554124046,-10.830531654124046
2015-08-06,8.2780695,5.56470728445272,-1.0751972971042831,-5.890969640940464,0.14778351738087356,3.516195821690098,12.443023585999196,14.705543271478142,-6.427473771478141
2015-08-07,3.2879896,5.567356881256506,0.12671784623639903,-5.079182934641589,0.2502989821204464,3.816822988449662,12.443422151211157,17.125435914632583,-13.837446314632583
2015-08-08,1.3227686,5.568359630620776,2.1022466687114343,-4.726470165786774,0.32836578972365427,2.0976218613085145,12.443809717079944,17.813933501657548,-16.491164901657548
2015-08-09,3.0519526,5.567772438247955,3.0093260476475643,-4.844415702661517,0.31404397874224554,-1.3021451743555912,12.444212375508863,15.18879396312952,-12.13684136312952
2015-08-10,8.853947,5.565922071490158,1.6006450352436938,-5.234463612803897,0.22977990295387293,-5.3357694370153474,12.444805847345553,9.270919807214034,-0.41697280721403374
2015-08-11,3.731858,5.563191250745375,-1.4403563282698444,-5.576545075694158,0.17330404706617497,-8.48799598713526,12.445837334581958,2.677435241294246,1.054422758705754
2015-08-12,14.055158,5.559164969485677,-3.86762499531178,-5.587482946775377,0.22171992949864766,-9.285578936519853,12.447001451233199,-0.5128005283894872,14.567958528389488
2015-08-13,12.990453,5.553978474758328,-3.745261747898238,-5.154987127535739,0.36635997767923256,-6.9472811685018465,12.448358617437432,2.5211670259391674,10.469285974060833
2015-08-14,27.582714,5.5472252956369426,-1.08816329617884,-4.3640302233364965,0.5436678853580025,-1.879909735558333,12.449707390053076,11.208497315974352,16.374216684025647
2015-08-15,19.65307,5.538287742552916,2.2260957921328868,-3.443415708010908,0.7017720784174416,4.234516331968436,12.450732682793143,21.707988919853914,-2.0549189198539146
2015-08-16,13.616579,5.527210237894646,4.055567401188537,-2.6694359168435513,0.8226774455524308,9.003674013235438,12.45149583008463,29.19118901111213,-15.57461001111213
2015-08-17,58.53212,5.514248425458885,3.497113723113042,-2.2709238775675615,0.8963557141287268,10.4432747248063,12.45215938690478,30.53222809684417,27.999891903155827
2015-08-18,21.732454,5.498514420017817,1.1966173032031349,-2.3446281504091804,0.9110284858325465,8.14270074770895,12.452181635962253,25.85641444231552,-4.123960442315518
2015-08-19,6.9109855,5.481036268444198,-1.2778930371727435,-2.7966509354674614,0.8841397592988174,3.6897449146401593,12.452124006257678,18.432500976000647,-11.521515476000648
2015-08-20,9.245801,5.462256614273097,-2.386268515788375,-3.3886372709326693,0.8730583474302837,-0.2748039277543016,12.452119275184481,12.737724522412517,-3.4919235224125167
2015-08-21,12.216221,5.442164447486372,-1.513781505131052,-3.862944179129834,0.927416488816234,-1.8518264487132856,12.452135968662507,11.593164771990942,0.6230562280090588
2015-08-22,4.7139153,5.421275665641563,0.4397749866955257,-4.068783781365969,1.0316034151005706,-1.2022981534529302,12.452492240857095,14.074064373475856,-9.360149073475856
2015-08-23,7.509564,5.399365924111648,1.4990158486564602,-3.9973517589496406,1.119616186309278,-0.26902492377470616,12.453023345157693,16.20464462151073,-8.69508062151073
2015-08-24,4.2843757,5.38058695906258,0.4039892510434968,-3.7223124767762656,1.154501477973354,-1.096110875774026,12.455976017798713,14.576630353327852,-10.292254653327852
2015-08-25,8.701878,5.362839698449431,-1.7379744191081115,-3.2861287926784337,1.1825314217297405,-4.109519875982328,12.459911950394947,9.871659982805244,-1.1697819828052438
2015-08-26,31.067303,5.344111079904088,-2.234074910960498,-2.6579409982403046,1.2767566056583672,-7.819686586008757,12.463940356541361,6.373105546894257,24.694197453105744
2015-08-27,7.661195,5.323511393176737,0.10062588740983608,-1.764622714084606,1.435083348932281,-10.029322372337973,12.467740362355144,7.53301590545142,0.1281790945485799
2015-08-28,18.044884,5.301400533422724,3.0219438143212876,-0.5360792040334729,1.566046507385824,-9.368376763914782,12.471567402040986,12.456502289222566,5.588381710777433
2015-08-29,14.8241005,5.277957510656089,3.0671507879514306,1.0565265174858982,1.5873199583266009,-6.049291115304781,12.475456261864473,17.41511992097971,-2.591019420979709
2015-08-30,21.038664,5.253617746089445,-0.07830537614186228,2.994299034864646,1.524280266655564,-1.607267317090416,12.479626638917615,20.566250993294993,0.47241300670500763
2015-08-31,9.863554,5.228243860099726,-2.6729649264503363,5.208558352485317,1.483850239183373,1.7950155573269113,12.483981349461587,23.526684432106578,-13.663130432106577
2015-09-01,11.625258,5.20194272474445,-1.4199425062705602,7.59760796664432,1.5331592991993335,2.235637694892731,12.488502540157224,27.6369077193675,-16.011649719367497
2015-09-02,4.1067963,5.175058739958497,1.9181538849274054,10.075781225228901,1.6301702173852077,-0.7923878243862712,12.493442061515248,30.500218304628987,-26.393422004628988
2015-09-03,35.914043,5.146899985445222,2.2674981838400035,12.64134251267959,1.691134010332859,-5.2158723264781,12.498561148762635,29.029563514582208,6.884479485417792
2015-09-04,26.344124,5.116127443091575,-2.0642490940969487,15.3731911942985,1.7059747952275122,-6.557441826457712,12.503150340367046,26.076752852429973,0.267371147570028
2015-09-05,7.376509,5.08302768106138,-6.261402735871534,18.31132003400051,1.7556323893186785,-0.42553430042966295,12.507371924255661,30.97041499233503,-23.59390599233503
2015-09-06,52.94186,5.048127327668059,-4.253944625642038,21.264606164862958,1.903930440918404,13.759487716739855,12.511538636967837,50.23374566151507,2.7081143384849256
2015-09-07,70.44371,5.010196998473691,3.637652736983429,23.726124687873096,2.0988220141241327,30.909180141338283,12.515049421705445,77.89702600049807,-7.453316000498077
2015-09-08,160.81937,4.968696994237057,10.339247249573209,25.03349717040456,2.2083315623985107,42.54572906914509,12.517812590679783,97.6133146364382,63.20605536356179
2015-09-09,181.60295,4.920741100605329,9.706380574014387,24.693803879235045,2.149291262161319,41.97360027737406,12.518290636362638,95.96210772975279,85.6408422702472
2015-09-10,76.884674,4.865760898810404,3.028236350168004,22.693089542615148,1.9663315096057365,28.591473339310294,12.516135625633284,73.66102726614287,3.2236467338571373
2015-09-11,16.817684,4.806921355127226,-3.303778176735267,19.55496195469314,1.7772728179381847,8.159119830566675,12.512985539444633,43.50748332103459,-26.68979932103459
2015-09-12,2.5183806,4.746416125529722,-5.255786200537768,16.097826415042725,1.659915476437977,-10.734147349750387,12.509900645412555,19.024125112134826,-16.505744512134825
2015-09-13,2.774687,4.6846665416337805,-4.118832741241117,13.064384763498714,1.6102835439256782,-21.081601201522584,12.507028970610644,6.665929876905116,-3.8912428769051157
2015-09-14,3.452924,4.621570124191644,-2.5181012248143664,10.81696020282239,1.590537413924725,-20.305883685439447,12.504256351343713,6.709339182028659,-3.256415182028659
2015-09-15,1.0329932,4.557556569956317,-0.4233409423578501,9.246729922961906,1.5813599218753707,-10.893686639860578,12.501740584136778,16.570359416711945,-15.537366216711945
2015-09-16,9.141549,4.492524604342705,3.1129989618616185,7.926741437862053,1.5754117196645316,0.8729481640971202,12.499366922456367,30.4799918102844,-21.3384428102844
2015-09-17,80.669876,4.425932099018414,6.122364070260569,6.4196281364721575,1.5470730502178516,7.859604008187185,12.496935146683926,38.8715365108401,41.7983394891599
2015-09-18,25.795311,4.355807426454078,4.8232033785765465,4.571829695795934,1.465705664936259,5.96962626250968,12.493407041129425,33.67957946940192,-7.8842684694019205
2015-09-19,2.4601812,4.2834831041761525,-0.9248262267264837,2.62161238769908,1.3431707462632951,-3.111888585264594,12.48953214984474,16.70108357599219,-14.240902375992189
2015-09-20,0.64202535,4.209972188778785,-5.867093192169232,1.0019729527922525,1.233340911046651,-12.845294901451492,12.485727290168409,0.21862524916537396,0.4234001008346261
2015-09-21,1.1432985,4.13617978661673,-4.885413865456553,0.013417463186673528,1.17123199820728,-16.30457358605925,12.482387201958748,-3.3867710015463715,4.530069501546372
2015-09-22,0.37404755,4.062871169751666,0.7018635991827418,-0.39273299452910626,1.12467663050445,-10.997455302823699,12.479894059517356,6.9791171616034084,-6.605069611603408
2015-09-23,0.005580485,3.989065500100363,4.425475577313806,-0.5618255386729429,1.030370302283742,-0.2195699140800913,12.477722049703535,21.141237976648412,-21.135657491648413
2015-09-24,20.337105,3.914875535317902,2.3294647428673674,-0.8868852426127911,0.8763781014079435,9.908129683925523,12.476078113944117,28.618040934850065,-8.280935934850064
2015-09-25,47.787838,3.839733489508667,-2.507671433327334,-1.572240675564347,0.7286013030166197,14.892584896886397,12.474626963038727,27.85563454355873,19.932203456441272
2015-09-26,10.137841,3.7626622611515383,-4.066117514196215,-2.578308336345904,0.6591832664549542,14.162924424123775,12.472773648588811,24.41311774977696,-14.275276749776959
2015-09-27,11.84299,3.684305092264239,-0.6519868739052579,-3.7438201324652214,0.6566453305323978,10.058286352001312,12.470862293514651,22.474292061942123,-10.631302061942122
2015-09-28,5.8914604,3.604554977267714,3.572965993525233,-4.954539066752237,0.6263627047404391,5.302232166465856,12.46881738166604,20.620394156913047,-14.728933756913047
2015-09-29,2.8992028,3.523489692199017,4.009240466321143,-6.193184959188815,0.4914189312987639,1.4629664236639919,12.466705061666165,15.760635615960265,-12.861432815960265
2015-09-30,0.7834635,3.441408585964389,0.7115550161663537,-7.483887972183544,0.2753148077376998,-1.0209163346820171,12.464591084243414,8.388065187246298,-7.604601687246298
2015-10-01,10.883753,3.3585252146126248,-2.5675511156622335,-8.817301581895592,0.07197502621872541,-2.283929061989812,12.462511990468581,2.2242304717522927,8.659522528247708
2015-10-02,11.781379,3.27455763353208,-3.0306746497416928,-10.117046975246513,-0.05654166302429013,-2.8575286695196724,12.460318569929614,-0.326915754070475,12.108294754070474
2015-10-03,1.8539187,3.189464237298986,-1.2299622827904846,-11.239867485942543,-0.13477389305809853,-3.664136631931523,12.458000382272257,-0.6212756741514056,2.4751943741514055
2015-10-04,10.028132,3.1035280977112976,0.5353642815556167,-11.993982577172503,-0.2270470796287548,-5.555214216135798,12.45566534815311,-1.6816861455170322,11.709818145517032
2015-10-05,6.0546036,3.0172755198244587,0.7515543256474495,-12.18385335255755,-0.3548687806355359,-8.430797703111391,12.453411532551806,-4.747278458280766,10.801882058280766
2015-10-06,0.407211,2.9328726506064093,-0.46113800134117544,-11.685581386806149,-0.47390501900118254,-10.803073739248886,12.452360936059096,-8.03846455973189,8.44567555973189
2015-10-07,0.14187023,2.850552660019971,-1.819130930821028,-10.538136311529838,-0.5295199453338493,-10.632107367745968,12.452746609627841,-8.215595285782872,8.357465515782872
2015-10-08,0.0,2.767986491228318,-1.668694266431189,-8.986929767064924,-0.5214425639407825,-7.092408301621475,12.453310744977584,-3.048177662852469,3.048177662852469
2015-10-09,0.0,2.6848314956291945,0.6927500237738482,-7.4137045246023145,-0.5066417670466877,-1.765742045665712,12.453891154495771,6.145384336584099,-6.145384336584099
2015-10-10,2.6632524,2.6010897721789847,3.6278069587478483,-6.162465451896466,-0.5464302709956008,2.112646642572734,12.45452230839805,14.087169959005548,-11.423917559005549
2015-10-11,7.728004,2.5168796241028453,3.8647697997745944,-5.370814467942913,-0.6599282393724513,2.1160399884137036,12.455327658357895,14.922274363333674,-7.194270363333674
2015-10-12,3.5782366,2.431793315748263,-0.042107294180698585,-4.9177122503806645,-0.8176895983284487,-1.1962850608533138,12.456084642099313,7.914083754104451,-4.335847154104451
2015-10-13,0.86869556,2.34606700522173,-5.043527191554277,-4.534869547564189,-0.9668430375182766,-4.532950417811272,12.456802223210072,-0.2753209660162135,1.1440165260162134
2015-10-14,0.53450143,2.260943941270681,-5.918590746961852,-4.0098000146023605,-1.062751250920205,-4.653802047696084,12.458113045775807,-0.9258870731340139,1.460388503134014
2015-10-15,0.5620425,2.1760523241720753,-1.1003596338446873,-3.3346179229860358,-1.0934751862640135,-1.2547999341180163,12.459805904712239,7.852605551671561,-7.290563051671562
2015-10-16,54.767075,2.0907950034513605,4.811073892967036,-2.706370491783526,-1.0905148732605268,2.791477421053527,12.461660241183553,18.358121193611424,36.408953806388574
2015-10-17,39.05811,2.003358115665904,5.703186155920035,-2.3801407105812427,-1.107815001498053,4.135609232917794,12.46277169820246,20.816969490626896,18.241140509373103
2015-10-18,1.4162728,1.9139330443750573,0.8857934965485712,-2.476678170296069,-1.1718268562250524,1.9831174675645562,12.46329531508457,13.597634297051634,-12.181361497051634
2015-10-19,0.043625243,1.8247675892694812,-4.1096172499204915,-2.913573039046438,-1.2531526326350835,-1.5501593708150285,12.46440273804182,4.462668034894259,-4.419042791894259
2015-10-20,0.004050089,1.7354009586888346,-4.004232299846429,-3.475062764698372,-1.2952306017938664,-3.811300293629268,12.465728653920024,1.6153036526409235,-1.6112535636409235
2015-10-21,0.6760238,1.645404944764989,0.2824774550298618,-3.9415183307222583,-1.2817538531988288,-4.022111266489005,12.467081516821946,5.149580466206705,-4.473556666206704
2015-10-22,1.7822895,1.5548523937719145,3.2025590887203723,-4.183257670389367,-1.268339466153787,-3.3737381466248566,12.468479182804943,8.40055538212922,-6.6182658821292195
2015-10-23,3.0595877,1.4642551218261117,1.3627085988426926,-4.171400192579055,-1.327869146902294,-3.173500931384106,12.470179610501106,6.624373060304455,-3.5647853603044553
2015-10-24,0.50094396,1.3733438197818821,-2.7956008045272016,-3.942567742654439,-1.460087168484221,-3.429982232270779,12.472036976948147,2.2171428487933884,-1.7161988887933886
2015-10-25,0.01203455,1.2819144339381365,-4.349687635470721,-3.5709904752234007,-1.5726294125276192,-3.3554697787755887,12.473905178596866,0.9070423105376726,-0.8950077605376726
2015-10-26,0.006711576,1.1901598189065001,-1.6742976349209155,-3.151010384618331,-1.5690455100514076,-2.7825849661357753,12.475779506196385,4.489000829376456,-4.4822892533764565
2015-10-27,0.62823385,1.0983663499946004,2.117240606243066,-2.76131614595022,-1.454937171274141,-2.479221277420058,12.477763928670214,8.997896290263462,-8.369662440263461
2015-10-28,9.240556,1.0064370689171054,3.0194386177757013,-2.4086771181640767,-1.3404349814053578,-2.8988052972877982,12.479861837008773,9.857820126844347,-0.6172641268443471
2015-10-29,13.618404,0.9139694973973015,0.36855690070561775,-2.0062338575034318,-1.3274554692044944,-3.0492450197823993,12.48187583455939,7.381467886171983,6.236936113828017
2015-10-30,3.4724686,0.8211079876346816,-2.88544818571477,-1.4402259883427657,-1.402747515724593,-1.2263006558312997,12.483875258412468,6.350260900433721,-2.877792300433721
2015-10-31,7.25518,0.7281253944035038,-3.379718896827222,-0.6947107761974693,-1.4558491007774774,2.841056113067449,12.485938057199325,10.52484079086811,-3.2696607908681097
2015-11-01,2.9987316,0.6348206267547569,-0.47210699021504177,0.0737591647128263,-1.4035712336305526,6.796414188564096,12.487949064886578,18.117264821072663,-15.118533221072664
2015-11-02,56.55426,0.5414666927936322,3.318441403612622,0.6162453626322825,-1.280657268416352,7.167084359628781,12.490140988867658,22.852721539118626,33.70153846088137
2015-11-03,14.423749,0.44664364793105493,4.543197147034419,0.7848681586779692,-1.1996932583962876,2.5491037322669836,12.491652732448289,19.61577215996243,-5.192023159962428
2015-11-04,0.04075654,0.3514125639456641,1.896097655871737,0.6940769478193421,-1.228629769659249,-4.500200670901433,12.493018434776246,9.705775161852308,-9.665018621852308
2015-11-05,0.000692904,0.2562775937056273,-2.450871989002802,0.6692453047200987,-1.3255587471140597,-9.03937433635247,12.494431686739928,0.6041495126963223,-0.6034566086963223
2015-11-06,0.0030021183,0.16122379464305275,-4.629551199532724,1.0317581549567256,-1.3881035204730565,-7.606368085230519,12.495872070234835,0.06483121459831409,-0.06182909629831409
2015-11-07,1.5021348,0.06627334417235128,-2.748563931032041,1.8780721252662267,-1.3527163672387439,-1.0252884245622755,12.497390194029453,9.31516694063497,-7.81303214063497
2015-11-08,25.996557,-0.02878511410841393,1.165465781314434,3.0145726921762863,-1.2389782026972402,6.2997913199172855,12.4989075022127,21.710973978815055,4.285583021184944
2015-11-09,16.501457,-0.12467029549002241,3.37054793158332,4.081369014269338,-1.1114012352054312,9.859713452319225,12.500040762497234,28.575599629973667,-12.074142629973668
2015-11-10,49.020367,-0.22099876177544883,2.503230360941369,4.762392166462189,-1.019756991530953,8.145915953582712,12.501045204894554,26.671827932574423,22.348539067425577
2015-11-11,18.286356,-0.31858761955698633,0.63835728064823,4.92458418865284,-0.9815458932295513,2.9070046309225512,12.501368661392572,19.671181248829654,-1.384825248829653
2015-11-12,0.3612733,-0.41658395248590296,0.06681541117106626,4.648891566232874,-0.994505637973774,-2.871073706168694,12.50147204591467,12.93501572669024,-12.57374242669024
2015-11-13,3.9571643,-0.5138439110019678,0.14331702163160265,4.161933690307032,-1.0408736596811847,-6.89466557304058,12.501906213563,8.357773781777903,-4.400609481777902
2015-11-14,33.7332,-0.6109902165958883,-1.3169829179675498,3.7320592115607973,-1.0779657623947803,-7.893414377331296,12.502302544949837,5.33500848222112,28.398191517778876
2015-11-15,22.884443,-0.7090346607814401,-3.9921297760407,3.544343146170493,-1.0537442193532052,-5.227716423769514,12.502182529651432,5.063900595877066,17.820542404122936
2015-11-16,4.7439113,-0.8074146968194418,-4.42381718126198,3.598539004872008,-0.9533199746997254,0.7314594740924978,12.50190228062832,10.64734890681168,-5.903437606811679
2015-11-17,8.215223,-0.9055505290266406,-0.5419298475372288,3.6819315949916294,-0.8270908840441491,7.644824451811183,12.501700586168479,21.553885372363272,-13.338662372363272
2015-11-18,53.651474,-1.003828765389438,4.55820965680181,3.475427997318822,-0.750810760803357,11.599332249274449,12.501408855255773,30.379739232458057,23.271734767541943
2015-11-19,31.209587,-1.1035840682382285,5.442911198555272,2.756378096112969,-0.74825215868462,9.738134130822388,12.500315671205534,28.585902869773314,2.6236841302266853
2015-11-20,2.8100667,-1.204155719200478,0.9800752533483145,1.5601961542515799,-0.7643858313720899,3.0804586026245877,12.498743550803827,16.15093201045574,-13.34086531045574
2015-11-21,0.7534914,-1.3040544372847296,-3.821003753824362,0.15130161027841732,-0.7302126633819388,-3.6846499654886387,12.497418640401799,3.1087994307005467,-2.3553080307005465
2015-11-22,0.39186934,-1.4032814229988524,-3.6686189002889473,-1.1625321062351701,-0.645624627712186,-5.874538809958285,12.496192608651306,-0.25840325854213475,0.6502725985421347
2015-11-23,9.422936,-1.5016229363477658,0.5997840348341404,-2.2214895131612646,-0.5827205224422961,-2.722817645135152,12.495187195951948,6.0663206136996095,3.3566153863003905
2015-11-24,5.7188573,-1.5994790868221835,3.2481180451693623,-3.057813707832668,-0.600691047826208,2.2405571327449505,12.494209426674656,12.724900762107909,-7.006043462107909
2015-11-25,12.357935,-1.6968330098271214,0.9700487660735153,-3.785265504382219,-0.6720275519882979,4.618539155463504,12.49321591948215,11.927677774821532,0.4302572251784671
2015-11-26,24.852232,-1.7927471236199648,-3.0847615497758554,-4.463003256831786,-0.7099892816477702,2.89867725441117,12.492665137970025,5.340841180505819,19.51139081949418
2015-11-27,1.1532114,-1.887645355503979,-3.572223420403741,-5.03734904254632,-0.6641909550767421,-0.8945876226849634,12.492306327698163,0.4363099314824179,0.7169014685175821
2015-11-28,0.046644825,-1.9817873828254218,0.1821454023679116,-5.386979043532035,-0.5752841339788658,-3.6707841359962896,12.492049737512245,1.0593604435475434,-1.0127156185475434
2015-11-29,0.21948946,-2.075149270108655,3.462122201254882,-5.4124035437356675,-0.5274063418626618,-3.9593891141307673,12.491979536772876,3.9797534681900064,-3.7602640081900063
2015-11-30,1.1099164,-2.167765690351775,2.2427090452472194,-5.084177234833721,-0.5520222534552223,-2.331310178328417,12.492088430551519,4.5995221188296025,-3.4896057188296026
2015-12-01,0.32221526,-2.259801892003348,-1.8420606962651898,-4.451712753277255,-0.5941414635976712,-0.006547977421313189,12.492234585434028,3.3379698028692513,-3.015754542869251
2015-12-02,0.9902893,-2.3511152891662266,-3.674713705737648,-3.6309441113711745,-0.5753718102616576,2.24757512484392,12.492478169156932,4.507908377464146,-3.5176190774641456
2015-12-03,20.813871,-2.4417335655547827,-0.8901018347959878,-2.776733944439351,-0.4820084323260364,3.870654342766947,12.492779391789183,9.772855957439972,11.041015042560026
2015-12-04,6.9710994,-2.532228461052407,3.4657467781613764,-2.0278212740483097,-0.38524803205014846,3.901597353720061,12.492764465740242,14.914810830470815,-7.943711430470815
2015-12-05,0.011046883,-2.6220863542589568,4.558123031463441,-1.425461192555637,-0.3757146166255598,1.4331608437057521,12.492733272233863,14.060754983962903,-14.049708100962903
2015-12-06,0.2914495,-2.7110928855919565,0.9883953113295312,-0.8687458969842705,-0.48023504824551955,-3.0635006220154293,12.492824312884425,6.35764517137678,-6.06619567137678
2015-12-07,0.23956364,-2.7993632729365077,-3.9814070909764814,-0.15662773486710113,-0.6340748651628876,-7.153427371917592,12.492989645328821,-2.2319106905317465,2.4714743305317466
2015-12-08,0.01999503,-2.886976301589059,-5.754854758995228,0.8762909635309521,-0.729015893490764,-7.784812756614345,12.49315918211377,-3.7862095650446737,3.8062045950446737
2015-12-09,0.0034952536,-2.9737855818294734,-2.5333323250274344,2.2014710877590815,-0.6981680952315568,-3.7841329567243362,12.493339661071102,4.705391790017384,-4.701896536417384
2015-12-10,3.7081912,-3.0598471246085968,3.208471149013394,3.5339381547482827,-0.5726347009336676,2.743507972536093,12.49352177109136,18.346957221846864,-14.638766021846864
2015-12-11,61.014156,-3.1454004300006178,6.64120022207072,4.444571718109593,-0.4632364285094363,7.681237145951959,12.493633268629205,27.652005496251423,33.36215050374858
2015-12-12,4.7184887,-3.231688152610199,4.420403147940639,4.598710981554501,-0.4732798214454296,8.023322853632484,12.492927986682028,25.830396995754022,-21.11190829575402
2015-12-13,8.424167,-3.31719965785795,-2.1753120204063583,3.973179061206471,-0.6056513856297937,4.23919416091917,12.492215093717705,14.606425251949243,-6.182258251949243
2015-12-14,3.3761785,-3.4019313231098574,-7.68739805387396,2.8532143317421776,-0.7549618949125365,-0.33093272860675965,12.4913742500629,3.1693645813019646,0.20681391869803534
2015-12-15,0.26025575,-3.485228755196779,-6.9724779664059735,1.638573120648211,-0.798732334764987,-2.405798481608036,12.490787427875771,0.4671230105482067,-0.2068672605482067
2015-12-16,9.518094,-3.566934569575861,-0.33388719036886394,0.5840456426423484,-0.7139710602887661,-1.4043674869188467,12.490539967754493,7.055425303244505,2.462668696755495
2015-12-17,22.599092,-3.6475184843097592,6.104223017228149,-0.3261888533359829,-0.6037560669517906,0.5425466981260457,12.490414262617797,14.55972057337446,8.03937142662554
2015-12-18,3.8680468,-3.727739123440296,6.191989372976886,-1.2815483325567236,-0.5974739150657291,0.9923862396132312,12.490064882304834,14.067679123832203,-10.199632323832203
2015-12-19,0.010485761,-3.8072006511744956,0.1569063272483929,-2.4313950936641935,-0.7212411786626827,-0.5192949358160931,12.489661685107382,5.16743615303831,-5.15695039203831
2015-12-20,0.008808449,-3.8856056710619975,-5.566656999714017,-3.7421025604106752,-0.872111088407131,-2.4965756834475084,12.489267119212503,-4.073784883828825,4.082593332828825
2015-12-21,1.233771,-3.9624086728010024,-5.290666559468879,-5.012670382354562,-0.922520357061317,-3.414160282822991,12.489126872342434,-6.1132993821663195,7.3470703821663195
2015-12-22,0.48542303,-4.03787843895583,-0.1363444416746298,-6.009669014962422,-0.8459037287112683,-3.290625506290425,12.489104872661862,-1.8313162579327145,2.316739287932714
2015-12-23,9.919893,-4.112318740294068,3.7102459840558013,-6.596730040742012,-0.7331539042245917,-3.289063344748943,12.489082777547583,1.4680627315937702,8.45183026840623
2015-12-24,10.243795,-4.18561995719959,2.3431939914914044,-6.772834649020818,-0.6902036929128585,-4.097233493390705,12.489041048744308,-0.9136567522882579,11.157451752288258
2015-12-25,7.077803,-4.257526309259898,-1.6924053203438794,-6.6346988252481385,-0.734750800833406,-5.114990426380207,12.489004564489095,-5.945367117576433,13.023170117576434
2015-12-26,2.0121918,-4.328187712572604,-3.0677295793257167,-6.320539396890884,-0.7989219292333634,-5.26731574806761,12.488902007145187,-7.293792358944989,9.30598415894499
2015-12-27,0.9856741,-4.397625724255828,-0.24077276361663766,-5.956754701104632,-0.8175924448791658,-4.221855789819539,12.488787704402942,-3.1458137192728604,4.13148781927286
2015-12-28,0.40094972,-4.4657472677528345,3.0989120075313306,-5.608419656295112,-0.7943999264286219,-2.4991703746667944,12.48867204596237,2.2198468283503363,-1.8188971083503362
2015-12-29,0.13299426,-4.5317802710283255,2.9461457360352843,-5.247753633693323,-0.7802932985393114,-0.5655895696404714,12.488940278616345,4.3096692417502,-4.1766749817502
2015-12-30,0.27200812,-4.595836542681205,-0.2589965531274619,-4.769406967023662,-0.8053449332655855,1.6781497081432493,12.489561478734734,3.7381261907800702,-3.46611807078007
2015-12-31,2.3823845,-4.658506065906536,-2.6981436215860457,-4.077296714547708,-0.8506043309908425,4.215403243685055,12.490234209891895,4.4210867205458175,-2.0387022205458174
2016-01-01,1.2195172,-4.720020456069492,-2.0380615093420977,-3.1897714440123472,-0.879661356675523,6.028235605111525,12.490878027579832,7.691598866591897,-6.4720816665918965
2016-01-02,-1.4901161e-05,-4.780405107055072,0.27200530974119363,-2.2671849535150805,-0.8764970938755564,5.512242083090302,12.49153971405453,10.351699952440317,-10.351714853601317
2016-01-03,0.002345536,-4.839746741572316,1.5412048283325288,-1.527891456157835,-0.8485704386228281,2.1039264660151984,12.492211158697165,8.921133816691913,-8.918788280691913
2016-01-04,0.014832942,-4.8980003656508,1.1454965067057103,-1.1074892443684206,-0.8099050473412938,-2.656261509399652,12.492876817168781,4.166717157114325,-4.151884215114325
2016-01-05,0.12882146,-4.954941415307767,0.34531537978827964,-0.9581599637933764,-0.7754911714117927,-6.014605267614908,12.493543638402741,0.1356612000631756,-0.0068397400631756144
2016-01-06,0.4356096,-5.010449078564239,-0.23343646603713564,-0.8621361455961477,-0.7647523306820827,-6.159156188617417,12.494212571828177,-0.535717637668844,0.971327237668844
2016-01-07,1.39564,-5.064341709659069,-1.2368515467160783,-0.5524419824028849,-0.788128664157417,-3.571890658350259,12.49500957467201,1.2813550133862996,0.11428498661370035
2016-01-08,0.5534049,-5.116796355160382,-2.5245021226554893,0.13757447822954483,-0.8202888341315542,-0.4094326381620032,12.495834591863881,3.7623891199839967,-3.208984219983997
2016-01-09,0.072779596,-5.168010350407236,-2.1586597699235894,1.1800914407430017,-0.8047125958028376,1.2274856829587213,12.496647567390447,6.7728419749585065,-6.700062378958506
2016-01-10,0.04315912,-5.21725686698694,1.1036166908062017,2.3671837739993578,-0.7085766931316252,0.48955444729369535,12.49784380960434,10.53236516158503,-10.48920604158503
2016-01-11,2.6499693,-5.264579276170317,4.911135690425821,3.4352931628622487,-0.5729974368829466,-2.16105673864848,12.499325113722245,12.847120515308571,-10.19715121530857
2016-01-12,8.478306,-5.310483762365493,4.811612927317585,4.22714100690463,-0.4879680722560216,-5.372792215599104,12.500777271442386,10.368287155443982,-1.8899811554439818
2016-01-13,2.667789,-5.355116639040235,-0.48325732901259527,4.779243075162854,-0.5002734353145468,-7.228655873090229,12.50210809956915,3.714047898274398,-1.0462588982743979
2016-01-14,0.7471917,-5.398327382558242,-6.403323448723911,5.259792296475082,-0.5529156852841095,-5.797568101859497,12.503397706006595,-0.3889446159440819,1.136136315944082
2016-01-15,4.7034373,-5.439795323895828,-6.628760169609807,5.790184603997119,-0.5367798113566344,-0.3590888590127474,12.504705058422495,5.330465498544598,-0.6270281985445978
2016-01-16,4.733361,-5.478750137639453,-0.08810232577233576,6.29279375295249,-0.41062427527518786,7.3611776927488926,12.50643887554662,20.182933582561027,-15.449572582561027
2016-01-17,19.128193,-5.515943034717358,7.212795409381132,6.510286724511191,-0.2566758555656039,13.462254529674528,12.508295532925311,33.921013306209204,-14.792820306209205
2016-01-18,105.52787,-5.552390581836107,8.080561921513109,6.190913040636179,-0.20286219498631614,14.182376354305678,12.509871927155675,35.208470466788214,70.31939953321178
2016-01-19,18.453629,-5.590385724144418,1.5051257519204748,5.292797503736731,-0.2868874072722648,8.725983678224837,12.509843218551357,22.15647702101672,-3.7028480210167203
2016-01-20,0.14960952,-5.627482502049389,-6.345346936620166,4.05150381352236,-0.40558695447419607,0.1814851480971964,12.509535116279986,4.364107684755792,-4.214498164755792
2016-01-21,0.085039295,-5.662949854569826,-8.395403817473015,2.8102911997570317,-0.41433137363927025,-6.625424853655335,12.509227429458228,-5.778591270122185,5.863630565122184
2016-01-22,0.07064734,-5.696471579946171,-3.290513209833457,1.8093955558598587,-0.2652597375198866,-8.504031494412821,12.509033017695966,-3.4378474481565107,3.5084947881565105
2016-01-23,2.6860623,-5.72772020548469,3.910526085479543,1.0887823338418086,-0.0464101726093083,-5.775715960556888,12.509153976712497,5.958616057382962,-3.2725537573829615
2016-01-24,1.2151767,-5.757272323991691,6.782608764622452,0.5551126387442885,0.10970723590862783,-1.3039144606620525,12.509342120684943,12.895583975306568,-11.680407275306568
2016-01-25,0.035316452,-5.785382859998453,3.153396602914329,0.11933942909097034,0.1495607929342621,2.1534133278596945,12.509513317627345,12.299840610428149,-12.264524158428149
2016-01-26,0.0028021168,-5.811969262567144,-3.333586691439018,-0.23085958605173978,0.13593640907800214,3.7859086301161167,12.509685545332777,7.0551150444689945,-7.052312927668995
2016-01-27,0.0072184484,-5.836815655040796,-6.456393556527125,-0.4670219139667906,0.17620725862265574,4.354431901535037,12.509917479386896,4.280325514009876,-4.273107065609876
2016-01-28,0.0034112018,-5.859700676165201,-2.803312480067228,-0.5986027309370735,0.3185715800883825,4.449155985662129,12.510332354136606,8.016444032717615,-8.013032830917615
2016-01-29,48.055756,-5.881031578889631,4.834815553455787,-0.699411532885356,0.5090902690663459,3.4986572778701306,12.510826688344647,14.772946676961924,33.28280932303808
2016-01-30,32.934807,-5.902257041116766,9.334188010777433,-0.8469450595979117,0.6402839358025005,0.6955872744977316,12.51059681831932,16.431453938682306,16.503353061317693
2016-01-31,1.4010468,-5.922342070136963,5.7206199606292625,-1.0245622687126046,0.6469313883181023,-3.2154771753686195,12.510274548432804,8.71544438316198,-7.3143975831619805
2016-02-01,7.1277695,-5.940701432698496,-3.400310172140471,-1.1139059739079613,0.5640469250764717,-5.627288761428425,12.510095743883879,-3.0080636712150035,10.135833171215005
2016-02-02,3.8641636,-5.95753615675682,-9.501705348201723,-0.9931014421348523,0.5014761449259872,-4.090839270180473,12.509818087665591,-7.531887984682291,11.39605158468229
2016-02-03,0.6066291,-5.972702279843846,-6.411492552083277,-0.6519794403448017,0.555972717474006,1.0958912111230612,12.509480701203154,1.1251703575282992,-0.5185412575282992
2016-02-04,0.41662738,-5.986168880196697,2.968108232785351,-0.2343927917783982,0.7279389191000336,6.447921425808406,12.509134499746267,16.432541405464963,-16.015914025464962
2016-02-05,0.07284456,-5.997973382360764,9.272476988526773,0.0463949300354167,0.9175417665866006,7.874847352713297,12.508795391828295,24.622083047329618,-24.549238487329617
2016-02-06,9.688332,-6.007902635709913,6.457685987721302,0.06222224005977586,1.0111631394156373,4.060517733724753,12.508606385110191,18.092292850321748,-8.403960850321747
2016-02-07,7.1482058,-6.016186356782953,-1.9423364059388077,-0.1291103616579514,0.9834079744978529,-2.5465089413172275,12.508395629969254,2.8576615387701665,4.290544261229834
2016-02-08,0.6924213,-6.0227175356903135,-7.129130921950798,-0.3143078015610004,0.917569136260957,-7.9462809439089,12.5081590252642,-7.986709041585856,8.679130341585855
2016-02-09,1.0055492,-6.026998536788579,-4.762023270241975,-0.2571847737203704,0.9233931840028184,-9.676378464913572,12.50816641112737,-7.291025450534306,8.296574650534307
2016-02-10,0.29582927,-6.029343007091827,1.1624451087581655,0.16449982341412483,1.0329680549629523,-7.937982864103591,12.508258038294665,0.9008451542344886,-0.6050158842344886
2016-02-11,0.0017215498,-6.029729912714211,4.024824863389653,0.9027222958459006,1.1788685210965157,-4.375941396431753,12.508493036736846,8.20923740792295,-8.207515858122951
2016-02-12,1.1509337,-6.028305861381398,2.13442307434071,1.7871082095139292,1.2742060505742967,-0.5020301586303365,12.508811531839067,11.174212846256268,-10.023279146256268
2016-02-13,4.7257442,-6.025146821345029,-0.815237895326085,2.6231031876131663,1.3027158637038154,2.584695010215084,12.50912692079946,12.179256265660412,-7.453512065660411
2016-02-14,21.54174,-6.02038953856581,-1.5270376669856316,3.2767646361320666,1.3230325084227366,3.7827386068081754,12.509382239464612,13.344490785276149,8.197249214723852
2016-02-15,31.213781,-6.014646417196081,-0.7913249307311228,3.718338564490407,1.394308987635477,2.4852748075440294,12.509311002009229,13.301262013751938,17.912518986248063
2016-02-16,11.365763,-6.008283121098284,-0.9010680113251709,4.01131576091206,1.5146587932675013,-0.07970199821644003,12.508782133608332,11.045703557147998,0.32005944285200094
2016-02-17,1.5695833,-6.00073313113479,-1.6008895392357243,4.237904499955891,1.6362451348286071,-0.7146101626821548,12.508082434140912,10.065999235872741,-8.496415935872742
2016-02-18,0.5066695,-5.99142797874544,-0.670552676481046,4.3892183489787735,1.7253851027210962,3.382701557178553,12.507441454447767,15.342765808099703,-14.836096308099703
2016-02-19,0.03652321,-5.980125181912611,2.1311003160002793,4.307020583756247,1.79135634015479,11.498738645694392,12.506989931849347,26.255080635542445,-26.218557425542446
2016-02-20,47.661514,-5.967097331075967,3.9487540732528044,3.7459559100889934,1.8567589243813698,18.856775921378198,12.506670877565313,34.947818375590714,12.713695624409283
2016-02-21,27.884415,-5.953819314129155,2.4359449623540574,2.54080385987266,1.9186518164859763,19.873306560220506,12.505666354218496,33.32055423902254,-5.436139239022541
2016-02-22,3.8271348,-5.939674587763659,-0.929980982683572,0.7749380486134345,1.9561206888650728,12.651958626707764,12.50436820749385,21.01773000123289,-17.19059520123289
2016-02-23,2.736703,-5.923910794130681,-2.5599950695752973,-1.2152818454219512,1.9663245633807112,0.6106439792949644,12.503104000230044,5.38088483377779,-2.64418183377779
2016-02-24,5.026022,-5.906323541433229,-1.1653578810572212,-3.009301338216478,1.9762074224567465,-10.122931981790183,12.501891288059632,-5.7258160319807345,10.751838031980736
2016-02-25,7.317062,-5.8865026401250935,0.9757953617155426,-4.319999534752509,2.011404216281556,-15.082252086406172,12.500815125864026,-9.800739557422649,17.11780155742265
2016-02-26,3.1674936,-5.864544351896414,1.219827473598659,-5.10120461586619,2.065535977632325,-13.91787962382342,12.499750904422083,-9.098514235932956,12.266007835932957
2016-02-27,0.52508456,-5.840076039138657,-0.24042698582052124,-5.4769371844820345,2.1134139092192585,-9.456902771966183,12.49900067001647,-6.401928402171665,6.9270129621716645
2016-02-28,1.9117484,-5.8134301660274215,-1.0569556060006495,-5.5733468622492115,2.1488526244437107,-5.006830489295764,12.498400656604463,-2.8033098425248717,4.715058242524872
2016-02-29,8.476089,-5.784692411739851,0.14394949502756893,-5.405379102245406,2.1894654804372307,-2.509194434281794,12.49781111182815,1.1319601390258995,7.3441288609741004
2016-03-01,4.2328444,-5.753067193592461,2.221296745907298,-4.885052365775301,2.2393663232408176,-2.4677933662117035,12.497715581915665,3.8524657254843166,0.38037867451568363
2016-03-02,0.32222015,-5.7190866667060405,2.908921910842579,-3.903075050442279,2.2664529392044788,-4.563721470223295,12.497909669987642,3.4874013326630866,-3.1651811826630865
2016-03-03,0.11821231,-5.6829147858171805,1.0737086812430943,-2.411530449840167,2.2375726625872936,-7.712461089570892,12.49827880985547,0.002653828457617635,0.11555848154238237
2016-03-04,0.957309,-5.644504834644765,-2.2111690008733227,-0.4590695832993499,2.1779150845988626,-9.742617353710633,12.498796713966037,-3.380648973963172,4.337957973963173
2016-03-05,2.2887957,-5.604153961017456,-4.1553457673822045,1.8079356170942513,2.168733097565711,-7.972176921220154,12.499315638632403,-1.2556922963274477,3.544487996327448
2016-03-06,4.1494837,-5.5618504724487074,-2.193285794518154,4.1579669343949766,2.2615905878484126,-1.1781862093902997,12.499825655374051,9.986060701260278,-5.836577001260278
2016-03-07,74.181786,-5.517625102115445,3.2420020674451178,6.318076093532636,2.400502642044416,8.537394538469846,12.500429040867045,27.480779280243617,46.701006719756386
2016-03-08,19.967495,-5.473430706543399,7.662499353252952,8.069070829340633,2.45665451206436,16.303162577017208,12.500095493004077,41.51805205813583,-21.55055705813583
2016-03-09,59.257343,-5.427976441831197,5.944134341017851,9.362404206263538,2.3602011390065245,17.896467195281634,12.499745490779173,42.63497593051753,16.622367069482472
2016-03-10,31.274094,-5.382619134488522,-1.7563584317151886,10.310118029392449,2.181343553387021,13.200775250450162,12.49867452824435,31.051933795270273,0.22216020472972886
2016-03-11,9.337199,-5.336855866318425,-8.261750239420582,11.066184034252343,2.067360742494787,6.424122893286212,12.497138861827,18.456200426121335,-9.119001426121335
2016-03-12,6.439768,-5.289993989035448,-6.044746700125014,11.652322377864197,2.089038822608045,2.4144230918674454,12.495456935834625,17.316500539013852,-10.876732539013851
2016-03-13,5.7197466,-5.2418108251714886,3.7125625041431283,11.908641180166363,2.165071220342514,2.539892980526577,12.493701151118298,27.57805821112539,-21.85831161112539
2016-03-14,57.37789,-5.192217486790314,10.7983781495787,11.635137417214223,2.1495445875100967,4.182659494161558,12.491947316465644,36.06544947813991,21.31244052186009
2016-03-15,25.237783,-5.1425972171926,6.703489868656333,10.800167931081802,1.9877708248298167,4.150527435780294,12.489444376083881,30.988803219239525,-5.751020219239525
2016-03-16,0.0029045623,-5.0919362864355096,-5.129573466255748,9.622243053131786,1.7735149211008068,2.193734955183994,12.486751733648308,15.854734910373637,-15.851830348073637
2016-03-17,0.0037662685,-5.039641955715404,-12.280229277621705,8.40758138398772,1.647128088101684,0.7562132569966027,12.484150492787137,5.975201988536034,-5.971435720036034
2016-03-18,3.4552855,-4.985629777568125,-7.029122470061321,7.3078442054687205,1.6555706011872175,1.590671936449269,12.481617618622485,11.020952114098247,-7.565666614098246
2016-03-19,35.378204,-4.92998064696779,4.980978961142834,6.222383734920858,1.72072955272334,3.358321540499959,12.479189848238853,23.831622990558053,11.546581009441944
2016-03-20,12.63675,-4.873951280264215,11.237462338806699,4.927968194274464,1.7317394616864843,3.053381755498528,12.476271079282663,28.552871549284625,-15.916121549284625
2016-03-21,5.2640133,-4.816971315257048,6.173787516697202,3.3160926301705858,1.6515187194157825,-0.4042565350002596,12.473232543221133,18.393403559247396,-13.129390259247396
2016-03-22,1.8139105,-4.7580565136846635,-3.753511396648743,1.5005757270369657,1.529988933619734,-4.663101631043939,12.470480864041969,2.326375983321322,-0.5124654833213218
2016-03-23,4.473192,-4.697218388626066,-8.400938122401094,-0.2735128641906511,1.436727759623151,-6.255184699652227,12.46789821474253,-5.722228100504356,10.195420100504357
2016-03-24,8.227301,-4.634923870947523,-4.714888378611349,-1.8176341000184437,1.3963529341041954,-4.177295388825175,12.465296007765977,-1.4830927965323166,9.710393796532317
2016-03-25,2.1661093,-4.571440523867508,1.9686862131622263,-3.1079962098511564,1.3814705079906275,-0.8845288315931967,12.462614776684296,7.248805932525289,-5.082696632525289
2016-03-26,0.87073237,-4.506611415729916,5.245941754161574,-4.236086136697984,1.3475767230785676,0.2065906144595453,12.459931759999636,10.517343299271424,-9.646610929271423
2016-03-27,4.112672,-4.439776001507239,3.688421356387076,-5.273282710523956,1.2684037534786257,-2.0411620232721286,12.457565454201744,5.660169828764122,-1.5474978287641221
2016-03-28,15.424527,-4.370780111205819,0.09454142610608388,-6.179063118504835,1.1524925939860742,-5.695664310429881,12.455485153218085,-2.54298836683029,17.96751536683029
2016-03-29,5.481283,-4.300282623275664,-2.4580125157188064,-6.827418075804845,1.0382917815010861,-7.856480415266275,12.45328243019205,-7.950619418372455,13.431902418372456
2016-03-30,0.03555999,-4.228202571683672,-2.557861547943211,-7.10768710791709,0.9664500720280796,-7.272346059223156,12.451035698573468,-7.74861151616558,7.78417150616558
2016-03-31,0.075434804,-4.154510825433093,-0.343313564354965,-7.001901226688345,0.940562062097288,-4.997570658064544,12.448798228964048,-3.10793598347961,3.18337078747961
2016-04-01,4.9342012,-4.0788325042546525,2.4724816316055636,-6.568429998178277,0.9141041417908011,-2.791585694588777,12.44687434541334,2.394611921787998,2.539589278212002
2016-04-02,3.89238,-4.00152819333613,3.0680469268211765,-5.862971223697778,0.8317794717711833,-1.1422092772593846,12.445091798486859,5.338209502785926,-1.4458295027859256
2016-04-03,2.0735862,-3.9228550337591734,0.13220990789239273,-4.894959256589823,0.6932689464317462,1.046847077407089,12.443312742749692,5.497824384131924,-3.4242381841319243
2016-04-04,21.058788,-3.8427081310478837,-3.6712478046611494,-3.679738242833198,0.5646634088005351,4.844830303638308,12.441588708847073,6.657388242743685,14.401399757256314
2016-04-05,8.068075,-3.761589358238397,-3.751555089358087,-2.331829385670208,0.5103121833370206,9.50228606873059,12.439642188152149,12.607266606953068,-4.539191606953068
2016-04-06,0.5915633,-3.67934841555137,0.8239311793856259,-1.0770898749557511,0.5148310822790785,12.5216070138355,12.437640529146897,21.54157151413998,-20.95000821413998
2016-04-07,69.66358,-3.5958570844286113,5.24169394592186,-0.14707283483224176,0.4886486768642724,11.760839199292828,12.435788128747772,26.18404003156588,43.47953996843412
2016-04-08,30.903915,-3.5128347871972485,4.257026485968229,0.3734430066811821,0.3638510189229214,7.582263742001303,12.43315849944549,21.496907965821876,9.407007034178125
2016-04-09,2.9472272,-3.4295708202610307,-1.110948328928199,0.6204413190728357,0.17700294128516955,2.7768902275572214,12.43012676282172,11.463942101547717,-8.516714901547717
2016-04-10,0.10047248,-3.3445186193268324,-4.581165292915552,0.827816249292544,0.03125357642466364,0.035585673900590975,12.42748211024872,5.396453697624135,-5.295981217624135
2016-04-11,2.320782,-3.257807635424177,-2.4989453951711025,1.1426909516570802,-0.017503506695241505,-0.39641664690796485,12.42508572419858,7.397103491657174,-5.076321491657174
2016-04-12,0.61515766,-3.1687576727718243,1.6850291869434502,1.537456657085274,-0.019814573142911893,-0.43369674078341575,12.423227813230605,12.023444670561178,-11.408287010561178
2016-04-13,7.751347,-3.076860763168673,2.356570278056495,1.8842949326917262,-0.06779392094755035,-1.7057618628041238,12.422098140312974,11.812546804140847,-4.0611998041408475
2016-04-14,14.381849,-2.9828464437183824,-0.6718228821986345,2.0976608457697585,-0.18864951594872284,-3.8195698625102343,12.421359234379965,6.856131375773749,7.525717624226251
2016-04-15,3.064519,-2.88771884709072,-2.377606127691391,2.206573475973486,-0.32406250242710566,-5.186181647384803,12.42052749038742,3.851531841766887,-0.7870128417668867
2016-04-16,0.16381568,-2.7914632401879578,-0.09173692369683961,2.3109475750618906,-0.4102147395864766,-5.0924091240313665,12.419666763544921,6.3447903111041715,-6.180974631104172
2016-04-17,18.581135,-2.6939066021541396,2.5141974771471287,2.485110019831643,-0.45245391461811835,-4.298997789310434,12.418914215672885,9.972863406568965,8.608271593431034
2016-04-18,10.264633,-2.595327915914289,0.9542195169245719,2.722418422241633,-0.5052186494396691,-3.5412870143036015,12.418167213357208,9.452971572865852,0.8116614271341476
2016-04-19,6.755305,-2.495452700115381,-2.9112923464946254,2.9501017253045996,-0.595168289359765,-2.2016577763837684,12.417603206055006,7.164133819006066,-0.40882881900606627
2016-04-20,2.0278943,-2.39451192249523,-2.8814331685719057,3.062648783124931,-0.6966616354679009,0.7232406307336082,12.417144146283121,10.230426833606623,-8.202532533606623
2016-04-21,19.20758,-2.292639628674195,2.5169949295677414,2.9554962254532198,-0.7853717187676388,4.487572047285097,12.416804858193746,19.298856713057972,-0.09127671305797236
2016-04-22,19.707169,-2.190613512939919,6.69541073648474,2.576363339869278,-0.8820138761099576,6.369376193496237,12.416199773388083,24.98472265418846,-5.277553654188459
2016-04-23,4.4693356,-2.088304219853253,3.1030184885367937,1.983107469555243,-1.016312700877992,4.299041382943723,12.41545042817788,18.696000848482395,-14.226665248482394
2016-04-24,5.749611,-1.985356914455361,-5.459099786857698,1.3367028293828016,-1.1629704750911536,-0.5057809064062451,12.414710894763301,4.638205641335644,1.1114053586643555
2016-04-25,0.27492338,-1.8816807948858858,-9.192428728316457,0.7911431676835279,-1.2519455033704125,-4.225835645097298,12.413969647073692,-3.3467778569128352,3.6217012369128354
2016-04-26,0.042654574,-1.7771509966631567,-3.198673666025672,0.3571251696354936,-1.2567495836578422,-4.0487710491309095,12.41324694137022,2.489026815528133,-2.446372241528133
2016-04-27,4.8476787,-1.6718501263897991,6.07622807808283,-0.1312727368347371,-1.2479204111355138,-0.8404481068611469,12.412513349719081,14.597250046580715,-9.749571346580716
2016-04-28,26.197617,-1.5660382648379678,8.306264619730639,-0.8816922549211396,-1.3242283262095191,2.018941244588849,12.41172601743618,18.96497303578704,7.232643964212961
2016-04-29,6.8061957,-1.4603859724709563,1.4536193239025421,-1.9475095319171971,-1.4921231771964476,2.1742637136342102,12.410581706178288,11.13844606213044,-4.33225036213044
2016-04-30,0.5452919,-1.3544622451312733,-6.308271635679243,-3.1483977995455623,-1.6437825702654458,0.256557770542072,12.409347068739518,0.21099058866006537,0.3343013113399347
2016-05-01,0.92480636,-1.2480500995327048,-6.700794194990015,-4.195344795568048,-1.6755795438523928,-1.5965108450108392,12.408110542602483,-3.0081689363515185,3.9329752963515183
2016-05-02,0.38464296,-1.1409284556390422,-0.5307697991731569,-4.8919109404357775,-1.6100012822764245,-2.4386349955342936,12.406978560124264,1.7947330870655698,-1.41009012706557
2016-05-03,4.301533,-1.0332443526253283,4.620601765561237,-5.229751483071433,-1.5726013093422997,-3.1782516372144416,12.405894371260457,6.012647354568192,-1.711114354568192
2016-05-04,8.932504,-0.9252214635368881,3.8898782562092347,-5.316907033995255,-1.6488325201186647,-4.7574646243895815,12.404753977214643,3.646206591383489,5.286297408616511
2016-05-05,0.046006635,-0.8169326500440444,-0.301193597708638,-5.240878315627928,-1.7917235725214566,-6.392213090870035,12.403485169236868,-2.1394560575352344,2.1854626925352343
2016-05-06,3.7065022,-0.7080990945524477,-2.7937243869862525,-5.00554842621191,-1.8879638236148966,-6.100235719203264,12.402221525415959,-4.093349925152809,7.7998521251528095
2016-05-07,2.0826051,-0.5989788248675104,-2.015226479139657,-4.575486785132599,-1.8950978800473361,-2.87131341888138,12.400915951676003,0.4448125636075204,1.6377925363924795
2016-05-08,0.47609115,-0.48961115515071724,-0.32244377649328676,-3.94551354299294,-1.8803408199058742,2.021594924121783,12.399622653025238,7.783308282604203,-7.307217132604203
2016-05-09,15.425361,-0.3799891354561158,0.2462505011014966,-3.1718258980733856,-1.9242144856738945,5.887743983268147,12.398378252124733,13.05634321729098,2.3690177827090206
2016-05-10,24.461243,-0.2706247028974309,0.21336660824911946,-2.3518236610608176,-2.0173802705246944,6.655216381840828,12.39696194656299,14.625716302169995,9.835526697830005
2016-05-11,29.167303,-0.161717258201234,0.6810000964930798,-1.581537960327327,-2.0778029881684144,4.163455987064983,12.395230814417019,13.418628691278107,15.748674308721894
2016-05-12,4.19282,-0.05281279328825869,1.077075365420375,-0.9241165773580805,-2.0597574280855895,-0.13056070619537363,12.393398535512663,10.303226396005735,-6.110406396005735
2016-05-13,0.03510178,0.0566004499159867,0.08994351297150298,-0.38257197183793784,-2.0108479701655737,-4.285339558778828,12.391749899201066,5.859534361306217,-5.824432581306217
2016-05-14,0.34011436,0.16753003793973018,-2.010232262452054,0.10422840357523405,-2.009106970353743,-6.774966582996469,12.390811775461703,1.8682644011744003,-1.5281500411744002
2016-05-15,0.16653538,0.27920666961573976,-3.303896951612994,0.6300311927951414,-2.0620820005111318,-6.776183713868998,12.390123356149534,1.1571985525672908,-0.9906631725672908
2016-05-16,0.9930797,0.39132901629644656,-2.4471891104048655,1.2418485116911375,-2.0978654094551357,-4.218945777705451,12.389570339930657,5.258747570352789,-4.265667870352789
2016-05-17,60.782665,0.5036356269316193,-0.07575337968722384,1.8655579730750622,-2.055710913315415,0.0710672220840834,12.389065531040153,12.69786206012828,48.08480293987172
2016-05-18,16.408789,0.6145367304765673,2.1289448578527566,2.3078536788304,-1.9623383741438936,4.3421001788274225,12.3877119059136,19.818808977756852,-3.4100199777568534
2016-05-19,0.0,0.7253202793757866,2.994918562908487,2.3668364044140224,-1.9022477286960289,6.480003485037459,12.38628661488994,23.051117617929666,-23.051117617929666
2016-05-20,0.0007953495,0.8364174528911847,2.1433382931332496,1.9412942333729306,-1.9291308224309778,5.079151278970406,12.385043375590614,20.45611381152741,-20.45531846202741
2016-05-21,0.7377104,0.9476308116210175,-0.21442009885383295,1.087027470991429,-2.0170852277307647,0.5069703916157201,12.383968754087377,12.694092101730945,-11.956381701730946
2016-05-22,0.31432742,1.0585602534033862,-2.8919249940320855,-0.019294875484114238,-2.0950722553030148,-4.994126282954293,12.382878743400392,3.44102058903027,-3.1266931690302697
2016-05-23,0.001476612,1.1692650761110865,-3.7714962386346214,-1.1741027490383267,-2.1115634729172217,-8.581323360203973,12.381783493507061,-2.087437251175995,2.088913863175995
2016-05-24,0.0,1.2798582004829187,-1.6162697845704155,-2.229865851779404,-2.0614617299113553,-8.676490255417882,12.38068606726307,-0.9235433539330682,0.9235433539330682
2016-05-25,0.024423702,1.3903780563227355,1.8807237627271975,-3.1303386654568395,-1.9718637396310599,-5.9120974703699805,12.379598344004012,4.636400287596066,-4.611976585596066
2016-05-26,2.7935085,1.5008174598905764,3.0504882915509524,-3.8977839984549947,-1.8822947592759687,-2.314074085385038,12.378563160820715,8.835716069146242,-6.0422075691462425
2016-05-27,18.236137,1.6115166098923992,0.2559312740782901,-4.591660148111855,-1.8315216116497552,0.4706552251495471,12.377805877222588,8.292727226581214,9.943409773418786
2016-05-28,1.6142396,1.721860704952313,-3.590218856634426,-5.262739541957007,-1.8362065750066674,2.152673158597913,12.376927356320111,5.562296246272238,-3.9480566462722377
2016-05-29,0.59537125,1.8322504759682658,-3.7755196662584787,-5.921641961990086,-1.8677940161908282,3.171686566505107,12.376212259163063,5.815193657197042,-5.219822407197042
2016-05-30,13.066481,1.9423419516044598,0.6686037064852585,-6.540184986230322,-1.8654099125390022,3.463809039611306,12.375561960278912,10.044721759210612,3.021759240789388
2016-05-31,2.642422,2.051574478914411,5.249180191896301,-7.070883926570598,-1.7942783617055804,2.3230900074053897,12.374726939427562,13.133409329367485,-10.490987329367485
2016-06-01,1.3400446,2.160194865164053,4.737296468620441,-7.459558786218414,-1.6922503423386008,-0.3832644238111954,12.373874121323508,9.736291902739792,-8.396247302739791
2016-06-02,0.5575889,2.2686184762639137,-0.824471176296135,-7.648654378662223,-1.6404071707762289,-3.252474025353328,12.373151543813123,1.275763268989122,-0.718174368989122
2016-06-03,0.2460936,2.377474711979683,-5.888316638911054,-7.576191855553503,-1.673440852920385,-4.151744218629218,12.372939130783557,-4.539279723250921,4.785373323250921
2016-06-04,0.6524278,2.4862547946142444,-5.410244750756541,-7.197279301320135,-1.7316531306122387,-2.2893218909207516,12.372895169807178,-1.7693491091882443,2.421776909188244
2016-06-05,1.3066037,2.595120396135152,-0.2742418158248966,-6.5235933718217325,-1.720124747567699,0.6717275970070307,12.373087289564674,7.12197534749253,-5.81537164749253
2016-06-06,3.029047,2.7038801721243426,3.9332075190465954,-5.634516324837586,-1.6134708259054984,1.9390085162021866,12.37349188307608,13.70160093970612,-10.67255393970612
2016-06-07,6.282965,2.812019174517889,3.120638504754088,-4.639531793223928,-1.4855145354774808,0.22217735031259567,12.373872979138017,12.40366168002118,-6.12069668002118
2016-06-08,3.5683522,2.919397521768575,-1.2231909215763377,-3.6192061531442365,-1.4249932541988102,-2.9912814630328866,12.374206439834264,6.034932169650569,-2.4665799696505686
2016-06-09,2.1837392,3.0262414538376863,-4.179060324425938,-2.599576569817387,-1.4356271114241286,-4.832736729985454,12.374685443306824,2.353926161491602,-0.17018696149160162
2016-06-10,1.8745055,3.1323335141660342,-2.7923259413439183,-1.5873417854876217,-1.4401841661498445,-3.699667055080361,12.375173972707264,5.987988538811553,-4.1134830388115535
2016-06-11,0.5052434,3.237669657664193,1.2426911344959564,-0.6237698182265989,-1.3800315947961785,-0.5474830909826359,12.375668751125104,14.30474503927984,-13.79950163927984
2016-06-12,9.8172,3.3423670941551564,3.8513163291860297,0.21067046335033973,-1.2846856523005783,2.225176654678799,12.376315974342853,20.7211608634126,-10.9039608634126
2016-06-13,106.63726,3.445883214840359,2.723546066879869,0.849355063105625,-1.2285384228435132,2.89300081626264,12.376919679071287,21.060166417316267,85.57709358268373
2016-06-14,24.442543,3.5460602977481113,-0.9026836465614907,1.2945961208921772,-1.2340048661472662,1.4290046781391486,12.376243762528407,16.509216346599086,7.933326653400915
2016-06-15,9.325556,3.6448744824379755,-3.866224853229769,1.6371942245069302,-1.240955423155492,-1.0618067451280186,12.375345685026321,11.488427370457947,-2.162871370457946
2016-06-16,16.346363,3.7426273356154,-4.045823942868322,1.9679418136135172,-1.186471534290754,-3.483436616010894,12.374350351386843,9.369187407445791,6.977175592554209
2016-06-17,11.862774,3.8392959008678282,-1.749592829844809,2.3123596461082365,-1.0817479890324524,-4.977234620445856,12.373284077881094,10.716364185534042,1.146409814465958
2016-06-18,1.3683238,3.935047395715798,1.1190288900409004,2.627785786673839,-0.9913417387833395,-4.524592457848244,12.372260111143964,14.53818798694292,-13.169864186942918
2016-06-19,7.7094235,4.030395517951511,2.7936336302259006,2.8346265107254345,-0.9519688842724857,-1.2164293772305745,12.371541162519032,19.861798559918817,-12.152375059918818
2016-06-20,8.601102,4.124822376436617,2.723636583881733,2.8452450703300163,-0.939170012122915,4.497018716902795,12.370823963493498,25.62237669892174,-17.021274698921744
2016-06-21,46.34445,4.218432855168407,1.4394548073531315,2.5885141811788905,-0.9162871354671527,9.994641310957485,12.370252754667579,29.69500877385834,16.64944122614166
2016-06-22,22.913977,4.311381217538459,-0.2612007681796338,2.042409885139679,-0.8875579967182586,11.666728881521099,12.369909015446257,29.241670234747602,-6.327693234747603
2016-06-23,38.621323,4.403576192740867,-1.7605700581834232,1.2843438280077015,-0.8744982689483868,7.749632396569525,12.36972475443937,23.17220884462565,15.449114155374346
2016-06-24,15.272602,4.493768197044131,-2.4091153322459364,0.4811163231348987,-0.8592830400147821,0.25798311120729933,12.36905782954441,14.33352708867002,0.9390749113299783
2016-06-25,7.3904943,4.582393694164152,-1.4393449176031963,-0.1814755651691875,-0.7876973937939469,-6.0859077837164595,12.368191480566107,8.456159514447469,-1.0656652144474688
2016-06-26,2.5643878,4.670011580709565,1.0645886539519342,-0.6098371162937731,-0.6483786181545779,-7.411860244664998,12.367389835651789,9.431914091199937,-6.867526291199937
2016-06-27,6.155818,4.756771640737064,3.1990954188609106,-0.8489117146558747,-0.5200442353287711,-3.604171211476053,12.366704603334282,15.349444501471558,-9.193626501471558
2016-06-28,30.946987,4.842358631642906,2.4419652506373066,-1.0170245982868926,-0.4999681019068214,2.054479773269046,12.366032928639116,20.18784388399466,10.75914311600534
2016-06-29,9.895879,4.9260405217874705,-1.1735643628454475,-1.1939709242498446,-0.5819153977214208,5.878686274678702,12.365006883494365,20.220282995143826,-10.324403995143825
2016-06-30,4.5070443,5.008245190874739,-3.7634589775274874,-1.3711442317544642,-0.6407784098035094,6.306858692582962,12.363869318269996,17.903591582642235,-13.396547282642235
2016-07-01,2.493939,5.089787724255576,-1.314958092746159,-1.501349513192389,-0.5693186640601724,3.8010610867162473,12.363090472227414,17.868313013200517,-15.374374013200516
2016-07-02,0.8705058,5.170737188369695,4.692791728011722,-1.5444548832821057,-0.41326083902030075,-0.7504707867596889,12.362590315350541,19.517932722669862,-18.64742692266986
2016-07-03,1.3855491,5.252060678470226,7.10667953190859,-1.436608954134679,-0.33222191219877073,-6.549900356464525,12.362949065655656,16.402958053236496,-15.017408953236496
2016-07-04,10.42676,5.333019804641626,0.7562424361908133,-1.0265152723912363,-0.41139707081675325,-11.740148955960219,12.363850228699976,5.275051170364207,5.151708829635793
2016-07-05,6.700485,5.413385791320366,-9.899196948065894,-0.11829981675933621,-0.5435739480926735,-12.922255887227509,12.365117998758206,-5.704822810066839,12.405307810066837
2016-07-06,0.69128907,5.493613199702908,-13.476827562549195,1.358325146630029,-0.5297241391720426,-7.396392030901108,12.366935527875967,-2.184069858413441,2.8753589284134407
2016-07-07,6.0185976,5.573175169653085,-4.020414070390627,3.1871089340728007,-0.29882231471977055,3.3712279739540114,12.369001365347174,20.181277057916674,-14.162679457916674
2016-07-08,4.551767,5.651942234097062,10.607091002473663,4.907965889033166,0.001224669578661292,13.198790614899501,12.371374697466115,46.738389107548166,-42.18662210754817
2016-07-09,144.3306,5.729575232659917,15.58147152440869,6.095403974519348,0.1524093186563678,15.493804985734457,12.374157680356687,55.426822716335465,88.90377728366454
2016-07-10,45.524174,5.80144057811399,5.178144096970552,6.639548775345824,0.08996403610968831,8.9924771626107,12.374831691540017,39.076406340690774,6.447767659309228
2016-07-11,1.7616996,5.869984121688625,-10.08560070061846,6.804728295782221,-0.03991974336912399,-0.7159900330603028,12.374807438542367,14.208009378965325,-12.446309778965325
2016-07-12,5.3591084,5.936646163683564,-14.51519816430113,6.9352104508977535,-0.05149794154668014,-6.065030881218765,12.374763340316719,4.6148929678314605,0.7442154321685397
2016-07-13,25.439404,6.00165245678262,-4.256238444663676,7.133175836819699,0.09041856809754245,-4.062456643663341,12.374763307586107,17.28131508095895,8.158088919041049
2016-07-14,33.75584,6.064366032150087,9.08991976725727,7.187476733544523,0.262169689393318,1.7760177202868426,12.374443527044393,36.75439346967643,-2.9985534696764304
2016-07-15,87.41019,6.124652777067116,11.881714757972366,6.7808843850850185,0.3334185317682217,5.560812590782343,12.373772588763089,43.05525563143815,44.35493436856185
2016-07-16,26.470345,6.1820027907857185,2.9197394083493453,5.763480887834543,0.2955267936804594,4.621390818644064,12.372482722099937,32.15462342139407,-5.6842784213940725
2016-07-17,1.4691861,6.237337299716952,-6.9855133208482,4.269794680004684,0.2448501394315706,1.1184828418162875,12.37107964906501,17.256031289186303,-15.786845189186304
2016-07-18,7.980624,6.291213046977063,-8.098591118680732,2.5699987519465988,0.2655034433704744,-1.212514468274887,12.369794402739787,12.185404058078305,-4.204780058078305
2016-07-19,8.780075,6.34379325988797,-1.2896465624663647,0.8557693955757779,0.35894837150971176,-0.9861236858697263,12.368732189879683,17.65147296851705,-8.871397968517051
2016-07-20,15.598531,6.394860027898062,5.449850079677035,-0.8526444300759334,0.47101205374557353,0.1629425709715695,12.367855604743065,23.99387590695937,-8.395344906959371
2016-07-21,31.8783,6.443705222486319,6.638213079603934,-2.644692498076058,0.5485556805994087,-0.04663455520349835,12.366807419285683,23.305954348695785,8.572345651304214
2016-07-22,18.814247,6.48986357547863,3.2645801912474246,-4.584892523047659,0.5631691156872252,-2.242374648909819,12.365297533992674,15.855643244448476,2.9586037555515254
2016-07-23,2.5103679,6.534198143477399,-0.9090463835021025,-6.60952968097402,0.5135992719383288,-5.3022778708893235,12.363710178708073,6.590653658758355,-4.080285758758356
2016-07-24,0.59484786,6.577531401131255,-3.542302145639118,-8.521671252808375,0.4341316247256484,-7.778092175305227,12.362462456546625,-0.46794009134919,1.06278795134919
2016-07-25,1.5295665,6.619463073553309,-3.8316889605525817,-10.067939625244003,0.3927725646285353,-8.885564976392272,12.361329428110329,-3.411628495896684,4.941194995896684
2016-07-26,18.459007,6.659973022219136,-1.4891803294773824,-11.04820579740404,0.44661825091408114,-8.35523542279482,12.360302719082853,-1.4257275574601742,19.884734557460174
2016-07-27,12.1188965,6.700328291565992,2.2000380431014945,-11.405733422413293,0.5811998941554156,-6.007808166272333,12.360052332586921,4.428076972724197,7.690819527275803
2016-07-28,2.3087463,6.739512246398604,3.811275825971002,-11.241934948372922,0.7139248548886747,-1.8976261230593945,12.359958653191978,10.485110509017941,-8.17636420901794
2016-07-29,1.5058843,6.777085742123662,1.0156424387776963,-10.772959340434914,0.7751829961124378,3.1343590164490442,12.359940072097741,13.289250925125668,-11.783366625125668
2016-07-30,0.32068092,6.81312049984765,-3.571961118199842,-10.25078220060771,0.7838700506440182,7.36824788476376,12.360150433239381,13.502645549687259,-13.18196462968726
2016-07-31,9.295757,6.8473346948597165,-4.278960257581175,-9.885049311626503,0.8221490522055785,9.026353687981784,12.360483538616919,14.89231140445632,-5.59655440445632
2016-08-01,34.889816,6.879322985027273,0.6875299000848959,-9.787651511164073,0.9298831768791465,7.5354958482687575,12.36075158992231,18.60533198901831,16.284484010981693
2016-08-02,32.85298,6.909298197856094,6.032947930723661,-9.936866830966423,1.0474320164349116,4.201011532261248,12.361008332798802,20.614831179108293,12.238148820891709
2016-08-03,16.663319,6.937112703080906,5.158203839175119,-10.172821900483271,1.085382649759797,1.4856049905461357,12.361045224662202,16.85452750674089,-0.19120850674088885
2016-08-04,4.7392473,6.962852489986963,-1.6516606230865445,-10.265312519501363,1.0393199188101343,1.089601760872042,12.36088285749963,9.535683884580862,-4.796436584580863
2016-08-05,4.3215027,6.9867452426023515,-7.199376851301532,-10.037886120252365,1.0084404369444855,2.3071703969663826,12.360684106916848,5.42577721187617,-1.10427451187617
2016-08-06,3.4150832,7.008788942144287,-5.875617904305255,-9.471148672167596,1.0894427759144492,2.348644171011025,12.360530634992278,7.460639947589189,-4.045556747589188
2016-08-07,1.3027238,7.028752751283742,0.06211679669605091,-8.691681866407672,1.2698432547329672,-1.1993445540830254,12.360409305206435,10.830095687428498,-9.527371887428497
2016-08-08,1.362483,7.0469304517013995,4.040592990900727,-7.840519441072141,1.4438539500877812,-7.8391027057148035,12.360494765994764,9.212250011897726,-7.849767011897726
2016-08-09,1.5093051,7.063871797007328,3.145058812187343,-6.924756179207072,1.5265083106823019,-14.13328928285129,12.361000503347848,3.0383939611664577,-1.5290888611664577
2016-08-10,8.682591,7.0792095638472725,0.12069425727439165,-5.778564530323811,1.5316708127603087,-16.494501954716036,12.36168480568527,-1.1798070454726037,9.862398045472604
2016-08-11,7.787353,7.092571564510234,-1.7616197612058428,-4.172389972978479,1.5353763518310617,-14.204180926555454,12.362375436913258,0.8521326925147772,6.935220307485223
2016-08-12,2.6998432,7.104058763798955,-2.5143537017317787,-1.9770672235999946,1.5891416552928237,-9.770677503494628,12.363147848441598,6.794249838706975,-4.094406638706975
2016-08-13,2.3246264,7.113615340078583,-2.9855954406026415,0.7449426592980797,1.6888928414668516,-6.547028994961419,12.363995473243998,12.378821878523453,-10.054195478523454
2016-08-14,1.7974535,7.121497880292885,-1.6448521247817853,3.7730199804656532,1.8093668033970416,-6.21829075924337,12.365084953479911,17.205826733610337,-15.408373233610337
2016-08-15,4.3731947,7.127978844423609,2.854928357035437,6.8527248136850005,1.9335521844984065,-8.26918037564583,12.366550340605729,22.866554164602352,-18.493359464602353
2016-08-16,25.444702,7.133430372662156,6.936908322384891,9.832390782407591,2.042219369048645,-10.84888473580009,12.368532340154864,27.46459645085806,-2.019894450858061
2016-08-17,27.301722,7.137638961754275,4.244295881968852,12.733931268874226,2.1109518166688153,-11.278926122211413,12.37094740729157,27.318839214346326,-0.017117214346324516
2016-08-18,18.10956,7.139388203833564,-5.457785930454671,15.694770808001419,2.1504540936151457,-6.212693806950607,12.373202705650154,25.687336073695004,-7.577776073695006
2016-08-19,17.948803,7.138551699624671,-12.523357433081708,18.758681740388536,2.232067321623028,6.757433387733865,12.37531537955126,34.73869209583965,-16.78988909583965
2016-08-20,66.99547,7.1352415641674956,-6.6929040730783385,21.644190754078927,2.4275106489019542,25.85821704035153,12.377411848945325,62.74966778336689,4.245802216633109
2016-08-21,28.84346,7.128001641149581,9.738534340371233,23.70103691275381,2.698571121203421,43.44584996460102,12.378665960567275,99.09065994064633,-70.24719994064634
2016-08-22,329.95435,7.117083485212892,21.61741498365689,24.191130344026483,2.8768772342811033,49.41084978144866,12.379568070413518,117.59292389903953,212.36142610096044
2016-08-23,123.48854,7.094294015610089,16.219956211126064,22.742934582051923,2.8017071096680435,38.51686331459971,12.375506722363664,99.7512619554195,23.737278044580506
2016-08-24,19.74002,7.0651373479127635,-2.294247221410669,19.747455711887753,2.509523241473195,15.827403559447578,12.369603384962947,55.22487602427357,-35.48485602427357
2016-08-25,4.991101,7.033148289272436,-16.705435956326475,16.164000735202006,2.225837040858798,-6.00703496202564,12.363465938363678,15.073981085344801,-10.0828800853448
2016-08-26,0.64596117,6.999397191584022,-14.556401729802602,12.957946552467659,2.1574008891137497,-15.755454920602428,12.357516668201031,4.16040465096143,-3.51444348096143
2016-08-27,30.150394,6.963742138143372,-0.1399638602841583,10.567627931134172,2.2932429256443188,-11.403158346204632,12.351684284961774,20.633175073394845,9.517218926605153
2016-08-28,39.96743,6.925371262501639,11.576105154758805,8.776221720076022,2.4292523143127847,-0.3490269144344905,12.345578035519472,41.70350157273423,-1.7360715727342324
2016-08-29,48.005344,6.883835636093797,10.807734300162497,7.054750656708808,2.393616362549207,7.433724791801382,12.33897687821311,46.9126386255288,1.0927053744712012
2016-08-30,32.71844,6.839019275922707,1.1118913021412726,5.046644854336375,2.2218610633135585,6.77558056979971,12.331805825449047,34.32680289096267,-1.6083628909626668
2016-08-31,1.9391403,6.791611482124435,-6.817457996226702,2.817755049185865,2.0949844419721506,-0.5225407823032231,12.324400072749505,16.688752267502032,-14.749611967502032
2016-09-01,0.0031143427,6.742860269178652,-6.651607178965874,0.7365500852089606,2.12421058101162,-8.969282281529166,12.317365736689299,6.30009721159349,-6.29698286889349
2016-09-02,1.2007835,6.692715936343907,-0.9873454247939744,-0.8330196280490952,2.2339420164692267,-13.942886623293095,12.310556612627511,5.47396288930448,-4.27317938930448
2016-09-03,4.280046,6.641729770017931,3.4886574000641244,-1.7519636075564256,2.2651950783707684,-13.82417907650347,12.304255391617852,9.12369495601078,-4.843648956010781
2016-09-04,6.0306416,6.589221618964739,3.116701641353045,-2.126532144207887,2.160746929564062,-9.501211492741325,12.298122822192811,12.537049375125445,-6.506407775125445
2016-09-05,1.6421909,6.535141655720913,-0.372465916641755,-2.1892065024065643,2.0136022801500646,-3.1705129531972656,12.292144776413183,15.108703340038577,-13.466512440038578
2016-09-06,27.769169,6.480193047671568,-2.883487545039211,-2.152443986312762,1.9421552788523644,2.41025102853336,12.286634465806415,18.083302289511735,9.685866710488266
2016-09-07,18.473684,6.424117308713477,-2.228955027755116,-2.1105985515316505,1.956835532458285,4.711863297107628,12.28133646809305,21.034599027085676,-2.5609150270856773
2016-09-08,15.805155,6.368420011019115,0.307301516544478,-2.0075678988621806,1.971236153279853,2.8434850295820278,12.277086796068712,21.759961607632007,-5.954806607632008
2016-09-09,11.238635,6.313317767166211,1.8558894123501342,-1.6985753817269318,1.9191749010574486,-1.3860574874529679,12.274099683852821,19.277848895246713,-8.039213895246712
2016-09-10,5.5626063,6.257291971750957,1.1270403871519765,-1.0806081838222084,1.8234749266902837,-4.296984959364708,12.271571292752558,16.10178543515886,-10.53917913515886
2016-09-11,15.883098,6.199738768937891,-0.3712282253798833,-0.21266255989738558,1.7448644821564998,-3.131016530360556,12.269157820301617,16.498853755758184,-0.6157557557581832
2016-09-12,13.127943,6.14012802041322,-0.3597952829923086,0.6800061087586706,1.6957491913673182,1.3921691291204044,12.26657392840367,21.81483109507097,-8.686888095070971
2016-09-13,38.132874,6.078531179525147,1.2505078573491903,1.3494702295786811,1.6318599007000136,5.353082543777373,12.263946322050561,27.927398032980964,10.205475967019037
2016-09-14,18.024366,6.014082817341394,2.1138306523786476,1.7199742870540868,1.5204005450911398,4.943500647431968,12.260832425017384,28.57262137431462,-10.548255374314618
2016-09-15,9.232608,5.947379877104943,0.463579982366062,1.9785321184171907,1.3867125448399262,0.015282185728966002,12.257537690954182,22.04902439941127,-12.816416399411269
2016-09-16,11.36558,5.879013914829036,-2.3911589457345137,2.4551876376923527,1.2802723160611444,-5.498551451120376,12.254237829793142,13.979001301520785,-2.613421301520786
2016-09-17,3.6914363,5.810097995134697,-3.4124192657359473,3.3892182880028257,1.2177678122870972,-6.735979420586064,12.251540553014753,12.520225962117362,-8.828789662117362
2016-09-18,14.377322,5.740775635342034,-1.4583600786979356,4.754210698395937,1.1799348630187925,-1.7899973839814507,12.249567461123283,20.67613119520066,-6.298809195200661
2016-09-19,61.655373,5.669718943742611,1.4656178315126454,6.254716273076025,1.1535221798602322,7.038511561663917,12.247612285792709,33.829699075648136,27.82567392435186
2016-09-20,111.97797,5.595019084148629,2.9025450242754505,7.481779325104983,1.1474545596171433,15.336495218861822,12.244726844064774,44.7080200560728,67.2699499439272
2016-09-21,38.766247,5.5153123620569104,2.842000826826399,8.109480648680282,1.155731479426484,19.718318355471688,12.24013873244415,49.58098240490592,-10.814735404905917
2016-09-22,67.56561,5.432533348851288,2.8951033922995535,8.017841088964863,1.1287968576061913,19.323922553086575,12.23495884173882,49.03315608254729,18.532453917452713
2016-09-23,60.43088,5.346562019115575,3.1937952936938414,7.270053374023447,1.0089980130462133,15.097543644711717,12.228967951933498,44.145920296524295,16.284959703475707
2016-09-24,20.851864,5.257919682307543,1.9731465293495185,6.040906771839177,0.8059488583194812,8.564371113651518,12.222411360268573,34.86470431573581,-14.012840315735808
2016-09-25,4.073809,5.167685625625454,-1.3307282872427943,4.525965939044904,0.6070618813318143,1.3393628990684974,12.215909120157859,22.525257177985736,-18.451448177985736
2016-09-26,5.2273045,5.075918803982596,-4.097979222987374,2.8774706123636973,0.49220375705734454,-4.883494473661014,12.20945781701853,11.673577293773779,-6.446272793773779
2016-09-27,3.3462903,4.982863909599887,-3.17397521808126,1.2014711779562524,0.44781153913833216,-8.725701570730264,12.203093947133354,6.935563785016301,-3.589273485016301
2016-09-28,6.8550086,4.888666196666719,0.8858874748412915,-0.39928762544365115,0.3867610815094293,-9.908491345019753,12.196816567362886,8.050352349916922,-1.1953437499169226
2016-09-29,5.656367,4.793542857791687,3.833717180514865,-1.8005082838370698,0.25266601762406393,-9.486785553824392,12.190789553928223,9.783421772197377,-4.1270547721973765
2016-09-30,2.4225726,4.696990440217769,2.554120532456474,-2.8802358085697826,0.0874774286976297,-8.947006943942787,12.184734791936663,7.696080440795967,-5.273507840795967
2016-10-01,5.685835,4.59918595704432,-1.2702959793345767,-3.586170207218564,-0.01956704601707912,-8.946238074821851,12.178747261959543,2.9556619116117915,2.7301730883882085
2016-10-02,0.8720355,4.500084910347338,-3.2973673378067296,-3.98126303370103,-0.040313173031849975,-8.949863758358678,12.172776662081256,0.40405426953030776,0.4679812304696922
2016-10-03,22.084421,4.399713652691636,-1.6565501808111371,-4.198661178886879,-0.04280624560348495,-8.032167134529812,12.166835580432195,2.6363644932925183,19.44805650670748
2016-10-04,9.670007,4.297752526963533,1.259187354126793,-4.3355410531443415,-0.11661002918456848,-5.9341325365332525,12.160731688095005,7.331387950323169,2.338619049676831
2016-10-05,5.422266,4.194348887048802,2.04348083510308,-4.37593701601167,-0.2791933735518724,-3.3069139116081363,12.154572124112327,10.430357545092532,-5.008091545092532
2016-10-06,3.0149443,4.089458245659524,0.037329321267261795,-4.230090759749135,-0.4687827799980672,-1.0621719511510417,12.148335509272451,10.514077585300992,-7.499133285300992
2016-10-07,0.85329473,3.98411551282908,-2.6162928635305476,-3.8442236861765497,-0.6139939408056048,0.4408232097189051,12.142572313466072,9.493000545501356,-8.639705815501356
2016-10-08,3.1190987,3.8782344765160075,-3.6583175564384014,-3.2800479313911493,-0.690847369576067,1.560950874069043,12.137166072134427,9.94713856531386,-6.82803986531386
2016-10-09,27.82684,3.7711022228272553,-2.4810922081200677,-2.701061415942901,-0.7185082789932311,2.7787074019092937,12.131724708645386,12.780872430325735,15.045967569674266
2016-10-10,9.239813,3.662161153726754,0.15371654516465158,-2.2793885998607055,-0.7262008991326145,3.960378571066011,12.125889155678546,16.89655592664264,-7.656742926642641
2016-10-11,0.6970051,3.5520306256486815,2.754436218696225,-2.093423859530576,-0.7392468447357661,4.2704620075157775,12.11997695841114,19.86423510600548,-19.167230006005482
2016-10-12,1.3970109,3.4408586476318024,3.377245512312834,-2.0990124116678697,-0.783195342003928,2.9343640958215755,12.114102355897819,18.984362857992235,-17.587351957992233
2016-10-13,3.2207317,3.328762047084638,0.8631334886846387,-2.170819749874349,-0.8682959653051423,0.26772142680127525,12.108357119834752,13.528858367225812,-10.308126667225812
2016-10-14,0.51368374,3.21594241174736,-3.193422433220705,-2.188443289506268,-0.9629712118714733,-2.1493080035755274,12.102754512736851,6.824551986310237,-6.310868246310236
2016-10-15,0.00060070306,3.1025777605101723,-4.750168560478423,-2.1241939135119927,-1.0086053351830293,-2.6545512125198063,12.09721495984549,4.6622736986624105,-4.6616729956024106
2016-10-16,0.77665174,2.989891246939086,-1.280899197776462,-2.074481230500802,-0.9850276755272769,-1.103966816877575,12.092334132586215,9.637850458843186,-8.861198718843186
2016-10-17,78.9733,2.8777136537812202,4.531852179824673,-2.195254672720026,-0.9530452738108487,0.787536114711492,12.088083798852676,17.136885800639185,61.83641419936081
2016-10-18,27.739983,2.763025384607788,6.688075031797316,-2.5754941032768004,-1.0037978334668496,0.9714861135753664,12.082801175304537,18.92609576854136,8.81388723145864
2016-10-19,1.4735351,2.646930232368268,2.468029182471968,-3.1209940385410033,-1.1499762599779715,-0.8705091242801194,12.077156371060159,12.050636363101301,-10.577101263101301
2016-10-20,0.56209695,2.531124937064403,-3.964913420165394,-3.6058788343628967,-1.2952369757626379,-3.0151091238793883,12.072035748610265,2.722022331504352,-2.159925381504352
2016-10-21,0.44112396,2.4154150653829194,-5.8713896804633565,-3.8336922197511214,-1.3286691518132363,-3.433013166530012,12.067223949126843,0.01587479595203689,0.4252491640479631
2016-10-22,1.4660876,2.300256226314799,-1.583786840881215,-3.782888231375368,-1.2477432525981464,-1.730071571521483,12.062909210082891,6.018675540021477,-4.5525879400214775
2016-10-23,1.0709746,2.190030238675502,3.6749189029171636,-3.619993145676442,-1.1671099290340978,0.7344845673617788,12.0614428835807,13.873773517824604,-12.802798917824605
2016-10-24,0.4202209,2.082536633893311,4.1372973292595665,-3.5574901171072373,-1.190042672835251,2.500931117207299,12.061345766996908,16.034578057414596,-15.614357157414595
2016-10-25,4.570172,1.9749362494348066,0.2548085191637175,-3.7067756561388574,-1.296842215889747,3.3210300059934497,12.061254678771379,12.608411581334748,-8.038239581334746
2016-10-26,8.867284,1.866963804394128,-2.426531486041684,-4.037973136076289,-1.3801862070438604,3.645991457913388,12.06120678599141,9.729471219137093,-0.862187219137093
2016-10-27,6.200601,1.7584418857014241,-0.6441134648490742,-4.43803111994721,-1.3781359683261347,3.2660522216917465,12.0610562596906,10.625269813961351,-4.424668813961351
2016-10-28,24.959415,1.6494229751626284,2.494973292245844,-4.788744205370603,-1.3433011792599863,1.2055534233118317,12.060876867333352,11.278781173423068,13.680633826576932
2016-10-29,16.065458,1.539760037814618,1.9190539417563235,-4.997693700597815,-1.3666327601895571,-2.7144190264624775,12.060593665287254,6.440662157608346,9.624795842391654
2016-10-30,3.9679515,1.4314232534326596,-2.3916041132227006,-4.995982041187281,-1.4543956533876679,-6.6765476672534705,12.061289158613418,-2.025817063005041,5.993768563005041
2016-10-31,0.1196512,1.3237776160043278,-5.098596078884058,-4.7635754774849985,-1.5144905996406057,-8.025786432652756,12.06240954512361,-6.016261427534481,6.135912627534481
2016-11-01,11.173428,1.2161003627998388,-2.380501530876972,-4.372203159711301,-1.4713089866404159,-5.9267640467467695,12.063558946208406,-0.8711184149672135,12.044546414967213
2016-11-02,8.75165,1.1085398525497927,2.9215791630848007,-3.96610642669759,-1.3635616274321198,-2.527991238976381,12.064973511623572,8.237433234152075,0.5142167658479249
2016-11-03,5.391606,1.0005026283574527,4.5874382140807635,-3.65565882828568,-1.3012217589947501,-1.0422519294379178,12.06640731644405,11.655215642163919,-6.263609642163918
2016-11-04,0.24590012,0.8919623860641878,0.628042345704932,-3.422899480355783,-1.337149147088944,-2.6362474427400437,12.067795511908898,6.1915041734932466,-5.945604053493247
2016-11-05,0.040492043,0.7832659980776002,-4.323197841727541,-3.135749456231371,-1.408933533190137,-5.4050808579161735,12.069238163486254,-1.4204575275013678,1.4609495705013678
2016-11-06,0.0039529987,0.6744287822733703,-4.723465972251821,-2.6697441336429684,-1.4172263107207348,-6.411872465640815,12.070701827994316,-2.4771782719886524,2.4811312706886524
2016-11-07,0.0073651318,0.5655528479405121,-0.7137288425985344,-2.0197253768165666,-1.338826265400106,-4.4462923554204234,12.07217576181418,4.119155769519061,-4.111790637719061
2016-11-08,6.330654,0.45710133520380947,2.4741222307997437,-1.2990454919707537,-1.23997060507229,-0.667434768476282,12.073843151011753,11.79861585149598,-5.467961851495979
2016-11-09,5.6470327,0.3487435447140572,1.2411208286349389,-0.6339297596024378,-1.1851972776759447,3.0569559437474956,12.075551379926809,14.903244659744917,-9.256211959744917
2016-11-10,6.802333,0.2406740095155509,-2.0824252397924523,-0.06753723038408348,-1.164748640273394,5.792167469573998,12.077548228620632,14.795678597260252,-7.9933455972602525
2016-11-11,44.092236,0.13232496321933776,-2.5798281077811978,0.4331863299841703,-1.1268504243196111,7.370101117495453,12.079576962021816,16.308510840619967,27.783725159380033
2016-11-12,4.0329943,0.022414722795684856,0.8028095478507655,0.9002579866445422,-1.059361414819063,7.283978190064385,12.080967819882936,20.03106685241925,-15.99807255241925
2016-11-13,0.042467378,-0.08791602733027498,3.952324443773565,1.3319704724193884,-1.004223835735743,4.734262685287613,12.082337181081744,21.00875491949629,-20.96628754149629
2016-11-14,24.226091,-0.1978316658882111,2.839316032193312,1.7137747115148358,-0.9929506035044708,0.019722498075854022,12.084042418331604,15.466073390722926,8.760017609277075
2016-11-15,19.12124,-0.3079126244853204,-1.4039631090671632,2.0639055951468923,-0.9958980051978172,-4.598507770508336,12.085658966628623,6.843283052516878,12.277956947483123
2016-11-16,1.8187219,-0.4183869176347814,-3.903412516847026,2.43709424745661,-0.9597897982730973,-6.219397128475783,12.08704353870375,3.0231514249296723,-1.2044295249296724
2016-11-17,0.68505216,-0.5286597148479387,-2.0212519738226926,2.8827270372382388,-0.8842861193645453,-3.862525588917282,12.088479517918909,7.674483158204689,-6.989430998204689
2016-11-18,0.028213719,-0.6380833452642152,1.6253937930417137,3.4122887691214974,-0.8306526011535027,0.4744839103892146,12.090319150067073,16.13374967620178,-16.10553595720178
2016-11-19,26.860826,-0.7468378724311071,2.6701869392934814,4.006668458154131,-0.8435387086845465,3.6120312868324733,12.092554268230513,20.791064371394945,6.069761628605054
2016-11-20,8.077975,-0.856165793284329,0.375309580780545,4.6275864436345415,-0.8850263734976629,4.081713029834005,12.094459278519915,19.437876165987014,-11.359901165987013
2016-11-21,29.39732,-0.9657156350423104,-1.8242836964668334,5.199882838811453,-0.8700793539055747,3.160077327487415,12.096247026703978,16.79612850758813,12.601191492411871
2016-11-22,21.95701,-1.0759797280434393,-0.9668295599194086,5.57319259395275,-0.7682604959812369,3.1050187157232148,12.097587282635235,17.964728808367113,3.9922811916328875
2016-11-23,8.000042,-1.186459466923172,1.7761285735865868,5.554690919758397,-0.6443155996585777,4.713593566928166,12.09869927760369,22.31233727129509,-14.312295271295088
2016-11-24,38.69799,-1.2959333207302262,2.8600519472752155,5.007106207867535,-0.5891694149544497,6.6809112921768365,12.100269853686454,24.763236565321364,13.934753434678633
2016-11-25,6.902614,-1.405711099859118,0.9366844105613233,3.9488970751402794,-0.6218044023276053,7.103952746105725,12.101477340262388,22.063496069882994,-15.160882069882994
2016-11-26,0.08517853,-1.5150839366993583,-1.6750920546429948,2.563234568955116,-0.6781145855915167,5.244168763895288,12.10276721863206,16.041879974548593,-15.956701444548592
2016-11-27,21.221933,-1.6242204133982803,-2.2134503862818686,1.0786503586862533,-0.695920130262966,1.7570714465042347,12.104064908413598,10.406195783660971,10.815737216339029
2016-11-28,13.307789,-1.7337129516988905,-0.8346356959007618,-0.3517319967569482,-0.6832038770861587,-2.2418325702671376,12.105040321669634,6.259923229959737,7.0478657700402625
2016-11-29,0.23906979,-1.843219003896773,0.12239817852569271,-1.6730499722493084,-0.6907851124868803,-5.839384137723793,12.105857583221146,2.181817535390083,-1.942747745390083
2016-11-30,1.9204409,-1.9523423610787962,-0.49047089652361175,-2.875529084854034,-0.7376178581585586,-8.173917704454652,12.106689604488746,-2.1231883005809067,4.043629200580907
2016-12-01,7.4122405,-2.0607833281677475,-1.2630157224530196,-3.9374606973106614,-0.7863260480908295,-8.240673873241333,12.107665152376873,-4.180594516886716,11.592835016886717
2016-12-02,0.05308702,-2.1686369410235287,-0.462478264612447,-4.821392738659939,-0.7939526810336676,-5.513930387117415,12.108635646393875,-1.6517553660531235,1.7048423860531234
2016-12-03,0.0027865171,-2.27550805984711,1.3608776937328695,-5.512365696707623,-0.7667446781737304,-0.9913323882761736,12.109778949482918,3.92470582021115,-3.92191930311115
2016-12-04,8.285168,-2.381653680456601,1.9154406429585855,-6.032962418518134,-0.748444102880075,2.7180016328460987,12.110979475581713,7.581361549531588,0.703806450468413
2016-12-05,7.7966976,-2.487394554156542,0.09179938415719385,-6.405510284243213,-0.7631372810275175,2.957897714310634,12.112060860481774,5.505715839522331,2.2909817604776688
2016-12-06,0.4115689,-2.592589122795887,-2.5218330188347973,-6.602455987138551,-0.7890585210278943,-0.8011517846792288,12.113036707006778,-1.1940517274695797,1.6056206274695797
2016-12-07,2.2113152,-2.696983479680681,-3.350496841688474,-6.546412782939579,-0.7932488592175664,-6.1169238137493265,12.114018878955468,-7.3900468983201595,9.601362098320159
2016-12-08,0.62404716,-2.800625999444107,-1.5606713897387579,-6.165883398839659,-0.7753158531560185,-9.035473035892824,12.114971600022479,-8.222998077048885,8.847045237048885
2016-12-09,0.014073215,-2.90318649519209,1.2759803485444363,-5.458160166906343,-0.7627985734016804,-6.917252536990807,12.116010670793818,-2.6494067531526664,2.663479968152666
2016-12-10,0.016260194,-3.0046396418312895,2.8686567175518563,-4.507078140074201,-0.7704561215298842,-0.49244654337220206,12.117134383811608,6.211170654555888,-6.194910460555888
2016-12-11,0.14712498,-3.1045734620699186,2.1224652907444783,-3.439112941074425,-0.7826606867081329,6.5054730703671435,12.118743150313705,13.42033442157285,-13.27320944157285
2016-12-12,0.08746586,-3.203782618011735,-0.33834846895941584,-2.3517416752316787,-0.780067728272693,9.916501614498458,12.120404235843669,15.362965359866605,-15.275499499866605
2016-12-13,38.02689,-3.302245776318797,-2.810818660778204,-1.2735701269232051,-0.7682652312023863,7.994050861463425,12.122136186719816,11.961287252960648,26.065602747039353
2016-12-14,43.4263,-3.401032813499081,-3.497837880033928,-0.18151679922213865,-0.7645430329814337,2.38959562583217,12.123321224609116,6.667986324704705,36.75831367529529
2016-12-15,0.50989217,-3.5002109559106342,-1.6100027779705226,0.9362139775427202,-0.7659910311131594,-3.333472202605083,12.12384992020687,3.850386930150192,-3.3404947601501918
2016-12-16,0.320768,-3.598407694731584,1.6724499231970573,2.0179915377803193,-0.7506264114774233,-6.32318789861318,12.12444871715672,5.142668173311909,-4.821900173311909
2016-12-17,0.0605206,-3.695399694897432,3.5459093757519042,2.9347729543903758,-0.7130626833581147,-6.039792150015328,12.125212744276542,8.157640546147947,-8.097119946147947
2016-12-18,0.001385808,-3.791544572939749,1.9099196472002098,3.5833174082233783,-0.6806597554115404,-3.7802097419356286,12.125997506772562,9.366820491909232,-9.365434683909232
2016-12-19,0.0066352077,-3.886985889968556,-2.150129751707191,3.9764613378960396,-0.6802318802282956,-1.1063924176591844,12.12676830940781,8.279489707740623,-8.272854500040623
2016-12-20,0.0012104865,-3.9817740015440464,-4.750608379842161,4.240806356858496,-0.6951227386219919,1.1143324748871677,12.127527141205936,8.055160852943402,-8.053950366443402
2016-12-21,0.013199169,-4.075858198421971,-2.9572868167476303,4.5041545821557385,-0.6772106189269368,2.4408922254813885,12.128289781856527,11.362980955397116,-11.349781786397116
2016-12-22,16.590467,-4.169128144629616,1.764408646663612,4.771090664160489,-0.608018098894567,2.3554314215155165,12.129053457675099,16.242837946490532,0.3476290535094684
2016-12-23,20.448277,-4.261914220788803,4.603848795687004,4.905561440617549,-0.5316462468076741,0.6510997970372342,12.129639377148136,17.496588942893446,2.951688057106555
2016-12-24,2.5868495,-4.354343006402908,2.4971096674127167,4.744324233064014,-0.5081145568514454,-1.637791109398136,12.129990401725836,12.871175629550077,-10.284326129550077
2016-12-25,0.020630425,-4.445663857534363,-2.2393593889067054,4.2271737616993255,-0.5388772808979945,-2.335434647375285,12.13042535759667,6.798263944581647,-6.777633519581647
2016-12-26,0.25821874,-4.5356206993886605,-4.212349527655238,3.418168957764752,-0.5610013820016757,0.07752980371313653,12.130962912136173,6.317690064568487,-6.059471324568487
2016-12-27,47.557125,-4.624477731049202,-1.0142019613755329,2.4213727525635735,-0.5252094151396268,4.530884725293705,12.131498384926294,12.91986675521921,34.63725824478079
2016-12-28,18.567352,-4.7135418982341815,3.794779778632196,1.29351130762242,-0.4647431444741032,7.588631223510788,12.131312485396633,19.629949752453754,-1.0625977524537547
2016-12-29,0.040141866,-4.802008898827995,4.543774773354601,0.060406318849663576,-0.46088641771375516,6.213953248829362,12.130828687806119,17.686067712297994,-17.645925846297995
2016-12-30,0.06918423,-4.889369286037352,0.0008134564952175793,-1.2156831466414446,-0.5423984844011259,0.5667053668808264,12.130330440522366,6.050398346818488,-5.981214116818488
2016-12-31,0.018707942,-4.975554579583497,-4.897545397896942,-2.3961306423464563,-0.6387781806076143,-5.944823494920221,12.129851076326018,-6.722981219028712,6.741689161028712
2017-01-01,0.004787231,-5.0603332325711285,-4.511161917791813,-3.3157715761759112,-0.6525214740683387,-9.561278146812409,12.129399821359003,-10.9716665260606,10.9764537570606
2017-01-02,0.0052417163,-5.143536009636,0.8531374164341834,-3.8739221905112515,-0.5710659021301063,-9.18549073967793,12.128962449756237,-5.791914975764868,5.797156692064868
2017-01-03,0.632687,-5.225182174956728,4.96278722890302,-4.067507269318812,-0.48359940235367027,-6.579466551826415,12.128532113413755,0.7355639438611483,-0.10287694386114832
2017-01-04,0.21623914,-5.305497808612223,2.746533545263311,-3.9434595945440574,-0.4774026449861742,-3.8941292346587053,12.128096801027311,1.2541410634894632,-1.0379019234894633
2017-01-05,0.0042058527,-5.384623367584873,-3.5784556095974596,-3.542843487041134,-0.5344960453836144,-1.4829284291786688,12.127658829520918,-2.3956881092648317,2.399893961964832
2017-01-06,0.0051106326,-5.462450670430739,-6.694887932643474,-2.91708798158941,-0.5545264615882673,1.6204750260017893,12.127222293704298,-1.8812557265458025,1.8863663591458026
2017-01-07,0.0025224872,-5.538907750843881,-2.4877493506601533,-2.1899249858367633,-0.4783040647060257,5.446543124588664,12.126805190552716,6.878462163094556,-6.875939675894556
2017-01-08,50.612732,-5.613982967010153,5.080789668744382,-1.5562205297716158,-0.3638106659928789,8.061774923562723,12.126393011137214,17.73494344066967,32.87778855933033
2017-01-09,36.2855,-5.688754738156764,8.238346250306757,-1.1735796114213517,-0.3238912140899983,7.237879263617694,12.125358437984747,20.415358388241085,15.870141611758914
2017-01-10,0.2753916,-5.762838497552194,3.9283680562157657,-1.0252621623019706,-0.3981206406969367,3.025944148940278,12.12387119911968,11.891962103724623,-11.616570503724622
2017-01-11,0.40060887,-5.83534341914297,-3.1926092341420684,-0.9253120955226608,-0.5121060683141395,-1.8487931556454846,12.12238518574514,-0.19177878702218187,0.5923876570221819
2017-01-12,0.41664344,-5.9060772801754755,-6.2623355820443365,-0.6737934526042841,-0.5633799664676857,-4.3359857086905755,12.120934962096632,-5.620637027885726,6.037280467885726
2017-01-13,3.753624,-5.975053923061129,-3.424930911930519,-0.21995808287334523,-0.5262456557457834,-3.653292400498927,12.119502726057803,-1.679978248051901,5.433602248051901
2017-01-14,6.269416,-6.042554951448629,1.2342113257451675,0.30290626873240645,-0.4602637183836359,-1.4987054236166673,12.118031847223738,5.653625348252381,0.615790651747619
2017-01-15,2.0126662,-6.108735380957518,3.0565381610982327,0.7006976917118333,-0.42814344662183684,0.061148970903054906,12.116501301289205,9.398007297422971,-7.385341097422971
2017-01-16,0.28651115,-6.173308697200069,1.4738916823363652,0.8725183266404064,-0.4306160393795661,0.5194452264663233,12.114971213514306,8.376901712377766,-8.090390562377765
2017-01-17,0.13381755,-6.235853141851868,-0.89474149235398,0.8515032601844288,-0.42636688766151465,0.7480455621300636,12.113582067740891,6.156169368188022,-6.022351818188022
2017-01-18,0.062448673,-6.294923847735264,-2.0877959949098788,0.7234508575097297,-0.39100778318994744,1.4275051960941676,12.11320304590574,5.490431473674547,-5.427982800674547
2017-01-19,0.020043226,-6.351903146731907,-2.2291077379902036,0.522556433178879,-0.33431602606695143,2.1623992528076528,12.113063087804605,5.882691863002076,-5.862648637002076
2017-01-20,5.770615,-6.407287883995451,-1.7288451301977628,0.19546952028029216,-0.2704106578843414,2.1359089234993993,12.112948169339392,6.0377829410415265,-0.2671679410415262
2017-01-21,2.4064186,-6.461336893120354,-0.07693396143498131,-0.33947748974319614,-0.1968931627613198,1.205334721590031,12.112768736298696,6.243461950828876,-3.837043350828876
2017-01-22,0.27584493,-6.513876615773503,2.6269574148247616,-1.1048162480604709,-0.11805972745451318,0.005198960190144486,12.112567968052366,7.0079717517787845,-6.732126821778785
2017-01-23,0.73779887,-6.564046885748921,4.15654020541507,-2.0169343084642186,-0.06682834392475559,-0.9163595852603296,12.112732563801487,6.705103645818332,-5.967304775818333
2017-01-24,0.21023071,-6.61206825771303,1.9903127767150308,-2.9065396069480647,-0.0730383731449015,-1.7002676361484428,12.113060061875458,2.811458964636051,-2.6012282546360512
2017-01-25,0.0072417315,-6.658267436423319,-3.077571581453588,-3.6022542052535482,-0.10973055978859853,-2.8018624310397784,12.113387198316218,-4.136299015642614,4.143540747142613
2017-01-26,0.0,-6.70259726557234,-6.529658933756425,-4.026920051769257,-0.09731009314864272,-4.223449691499637,12.113717297924397,-9.466218737821903,9.466218737821903
2017-01-27,0.0005173497,-6.744986686387408,-4.509706523677249,-4.2411898606706,0.015857183080480175,-5.3417345887945284,12.114051490716125,-8.70770898573318,8.708226335433181
2017-01-28,0.023338012,-6.785256877541173,1.6657219317857417,-4.393276870731029,0.18306749618341275,-5.450296844653173,12.11438846448086,-2.665652700475359,2.688990712475359
2017-01-29,4.3963246,-6.822759190657402,6.374743703814776,-4.60202108843641,0.29379090252216716,-4.306478193472998,12.115100150751115,3.052376284521248,1.3439483154787517
2017-01-30,6.670411,-6.857950533100492,5.379258418710779,-4.862481689663583,0.28954717105755823,-2.168513464538619,12.11601079602869,3.895870698494331,2.7745403015056684
2017-01-31,1.4126284,-6.891482840755376,0.10746305605878258,-5.057260843816434,0.23205344974014605,0.44176790269023825,12.1168496373629,0.9493903612802566,0.46323803871974345
2017-02-01,0.090313725,-6.923234049529491,-4.119221993286159,-5.066533836755147,0.23973854046544027,2.808125092700389,12.117732489613699,-0.9433937567912682,1.0337074817912681
2017-02-02,0.02071995,-6.952924500176232,-3.687434984817438,-4.8755346262912616,0.3575798752153794,4.035643550384927,12.118769653860172,0.996098968175545,-0.975379018175545
2017-02-03,0.0023051398,-6.980478543190031,0.05746039818460599,-4.573661667910089,0.5072498772948113,3.4877202922532664,12.11993914963501,4.618229506267573,-4.615924366467573
2017-02-04,0.004431233,-7.00605284395556,2.923857066175274,-4.25295098897644,0.5743822919281567,1.5607877567720472,12.121128776301722,5.9211520582452,-5.9167208252452
2017-02-05,8.890092,-7.029715737590774,2.4179145962870194,-3.920476075774624,0.5324445850459315,-0.06614291980068565,12.122357957404104,4.05638240557097,4.833709594429029
2017-02-06,9.259473,-7.051698832080209,-0.17631303800530784,-3.5169948997778615,0.46587301134508335,0.6087429888494651,12.123542591886675,2.453151822217846,6.806321177782154
2017-02-07,1.7199982,-7.072071079219551,-1.746290501087941,-3.019314110442308,0.4732011163564922,4.231573189212514,12.124642005824962,4.991740620644168,-3.271742420644168
2017-02-08,0.20425755,-7.090747453121004,-0.7008465280100391,-2.516181564260015,0.5633079338021019,9.139608361136986,12.125719874063927,11.520860623611956,-11.316603073611956
2017-02-09,18.440353,-7.107712457635111,1.692619307258007,-2.1712130801042817,0.6555334376217321,12.182163144799018,12.126808250671452,17.378198602610816,1.062154397389186
2017-02-10,10.957551,-7.123412149351125,2.85110780397475,-2.096773995479172,0.6714069783800288,10.858795859231039,12.12762172719209,17.288746223947612,-6.331195223947612
2017-02-11,1.256978,-7.137398991800337,1.4416856672922251,-2.243573930856314,0.6111607501649168,5.15545574857163,12.128320224028844,9.955649467400963,-8.698671467400963
2017-02-12,0.4371287,-7.149308865159267,-1.450640486070637,-2.4085277856538108,0.5399027455802191,-2.3428024751325025,12.129078845686557,-0.6822980207494425,1.1194267207494424
2017-02-13,0.43122178,-7.1590899681256435,-3.3535513799185304,-2.3531102153077468,0.5169917966050478,-8.076233769681753,12.129876097587665,-8.295117438840961,8.72633921884096
2017-02-14,2.1695879,-7.166401309412864,-2.544920889805186,-1.946539896169444,0.5502677679879764,-9.683505688824916,12.130828493172737,-8.660271523051696,10.829859423051696
2017-02-15,0.6911375,-7.1711900120492915,0.5154729572011225,-1.2411003697418121,0.6069774996893569,-7.321801982555857,12.13198218845479,-2.47965971900169,3.17079721900169
2017-02-16,0.0014770776,-7.173835267835129,3.521472708334301,-0.43450066339372806,0.6477902494166259,-3.4034472207384256,12.133222053007756,5.290701858791401,-5.289224781191401
2017-02-17,2.9832993,-7.174536989783828,4.038468205078213,0.25278246122044257,0.645958215564319,-0.9978465452067948,12.134496820879745,8.899322167752096,-5.916022867752096
2017-02-18,11.547067,-7.173394798362132,1.3372381548422485,0.7195841289733789,0.5961942994072015,-1.8342649025443483,12.13576341484883,5.781120297165179,5.765946702834821
2017-02-19,6.311893,-7.170534416012034,-2.866730939615934,1.0553313370643045,0.5263111969194992,-5.099660334993285,12.136862266008782,-1.418420890628667,7.7303138906286675
2017-02-20,18.40888,-7.165271406408543,-5.352161854918433,1.4734021349579443,0.49234272782778793,-7.905687476278735,12.138236355996849,-6.319139518823128,24.728019518823128
2017-02-21,8.645866,-7.1582184082754186,-3.708767273709043,2.131935594268704,0.5347102017235205,-7.3306854613979,12.1395586813284,-3.3914666660617367,12.037332666061737
2017-02-22,1.5153702,-7.149423419883793,1.3733891821072657,2.9773007731304477,0.6260199846697687,-2.713625733734409,12.140821027720294,7.254481814009575,-5.739111614009575
2017-02-23,15.115454,-7.138562121312562,5.896874208876645,3.73719004214349,0.6753140556013416,3.5511267631070123,12.142198405889317,18.864141354305247,-3.748687354305247
2017-02-24,5.718638,-7.126264284567369,5.543100038887763,4.097221770013178,0.6105529597679782,7.582039738711537,12.143434394370484,22.850084617183573,-17.13144661718357
2017-02-25,2.7903936,-7.11247349774808,-0.0748146888420935,3.9396111249048342,0.46469910804197573,6.913398276958408,12.144641932592217,16.27506225590726,-13.484668655907262
2017-02-26,2.3372035,-7.097015243683928,-6.220471858350677,3.4366876972309908,0.35983777617533486,2.3825519857912476,12.145857383948579,5.007447741111546,-2.670244241111546
2017-02-27,2.2253375,-7.0798756270814565,-7.090321857761121,2.9187024477025476,0.3880694603428009,-2.54902895987338,12.147075531497103,-1.265379005173509,3.490716505173509
2017-02-28,0.61185145,-7.061122117628134,-1.6962801716181042,2.6239400251237903,0.5119086841389956,-4.422333479001269,12.148280115715316,2.1043930567305935,-1.4925416067305934
2017-03-01,8.611556,-7.040507765598284,4.769785389178525,2.540571732729794,0.5998481054097103,-2.1585349146402515,12.149580641801228,10.860743188880722,-2.2491871888807218
2017-03-02,11.554369,-7.017804642235008,6.1595166420395335,2.457473889356197,0.5648116729801739,2.5476478001363736,12.151076935605007,16.86272229788228,-5.308353297882279
2017-03-03,2.4676237,-6.993699659257105,1.7744183044033526,2.1583367150879043,0.4537308441735339,6.7335767567646725,12.152394238987561,16.27875720015992,-13.811133500159919
2017-03-04,1.0748135,-6.968184862233281,-3.2111811193611346,1.5841910224066196,0.3892665407575562,8.117504012340635,12.153666393172756,12.06526198708315,-10.990448487083151
2017-03-05,1.110133,-6.941206909154312,-3.727792244673804,0.8498272045467699,0.43429145927245194,6.190494623209116,12.154923068705305,8.960537201905526,-7.850404201905525
2017-03-06,7.7989464,-6.912481601576697,-0.13420076698794206,0.1367463966044024,0.5330481447332743,2.1731944514827006,12.156296619806318,7.952603244062055,-0.1536568440620547
2017-03-07,14.309813,-6.882069529194503,3.0757125881254144,-0.4316171962429163,0.585559931732324,-1.7908807921461056,12.15764624107801,6.714351243352224,7.595461756647776
2017-03-08,5.512503,-6.849231453337676,2.8923359263595723,-0.8440647393018964,0.5567780165927578,-3.7869174797674336,12.159346398875073,4.128246669420395,1.3842563305796043
2017-03-09,1.1483152,-6.813333124074565,0.5716519899310383,-1.1695121253780647,0.49650467381630836,-3.18475962235125,12.16164619186966,2.062197983813128,-0.913882783813128
2017-03-10,1.6570152,-6.773567002006178,-1.0988676527924766,-1.4846050744470674,0.46559370051420423,-0.9803417991306398,12.164915382247822,2.2931275543856646,-0.6361123543856646
2017-03-11,0.6284744,-6.7312883854588375,-1.3728406286930364,-1.8067938048438539,0.47304706023746135,0.9654745596494857,12.16847295029455,3.6960717511857695,-3.0675973511857695
2017-03-12,2.9958448,-6.6871626840451075,-1.1482853903307646,-2.078801172605285,0.48943252884693544,1.253312014393526,12.172113788706843,4.000609084966147,-1.004764284966147
2017-03-13,7.669652,-6.641380167892679,-0.37627230750458734,-2.204776443074129,0.4985532532898931,-0.2913584577750296,12.17576945171833,3.1605353287617977,4.5091166712382025
2017-03-14,15.165075,-6.59394697181997,1.8099863997868064,-2.1097651947747718,0.5081733824962134,-2.9403823079118054,12.17936017178051,2.853425479556984,12.311649520443016
2017-03-15,11.38804,-6.544343506665841,4.288032085055233,-1.7654200881678717,0.5171509483525829,-5.753630728657421,12.18316298685011,2.9249516967667937,8.463088303233206
2017-03-16,3.3275504,-6.492996053689079,3.705804940296564,-1.1601608899716105,0.5042983483951621,-7.7290044809018505,12.186994318719252,1.0149361828484391,2.3126142171515607
2017-03-17,1.8888488,-6.439930191230128,-1.1943493798144866,-0.2694386026383978,0.4633162645521831,-7.657518379646835,12.190862539546005,-2.90705774923166,4.79590654923166
2017-03-18,1.0846194,-6.385182905257063,-6.303133454185873,0.9210085469248651,0.429808287145755,-4.6720631326356825,12.194745496102053,-3.8148171619059443,4.899436561905945
2017-03-19,0.66893595,-6.328701373550498,-5.792554473559224,2.3437337367416986,0.4434756595047259,0.48809307190341134,12.198649077558628,3.3526956985987404,-2.6837597485987406
2017-03-20,0.39302093,-6.269970207829319,0.5929570947466681,3.8169765589583426,0.48558524193419395,5.090955236721436,12.202868403967663,15.919372328498985,-15.526351398498985
2017-03-21,44.57827,-6.209221954398593,6.166544925576754,5.12043724007961,0.4853294801939455,6.22798312845056,12.20732304673888,23.998395866641154,20.57987413335885
2017-03-22,15.844582,-6.147119373829548,4.851650147591423,6.125018870530595,0.40686144170273825,3.622203939088374,12.211696281525384,21.070311306608968,-5.225729306608967
2017-03-23,2.0659368,-6.0833556715808825,-1.2619700269991028,6.867386132134758,0.31616346673678875,0.4168695687125443,12.216186699827336,12.471280168831441,-10.405343368831442
2017-03-24,4.058376,-6.018103011602669,-4.42994007371076,7.461329584536228,0.3215458256631325,0.4088894272015957,12.220693704656647,9.964415456744174,-5.906039456744174
2017-03-25,2.72526,-5.951367112233369,-1.1152171977933663,7.95692016813428,0.4444769520778642,4.254561077265573,12.225218255903869,17.81459214335485,-15.08933214335485
2017-03-26,42.109406,-5.883302336955023,3.4789524157634646,8.297493657155067,0.5785435873366394,8.685757482181208,12.229713044098048,27.387157849579403,14.722248150420597
2017-03-27,44.897316,-5.8150508273339,2.394560358927552,8.408268118193085,0.6013896667354922,9.752979290116974,12.233564522233266,27.57571112887247,17.321604871127526
2017-03-28,12.262343,-5.746700128373238,-3.499483643732375,8.316606840120652,0.5192269838238952,6.749106445931027,12.236758768085645,18.575515265855607,-6.3131722658556075
2017-03-29,3.985066,-5.6772676264639355,-6.161817026941082,8.142450871157992,0.4649778137232971,2.6146273154411017,12.239884019548226,11.6228553664656,-7.637789366465601
2017-03-30,0.95485014,-5.606694416409138,-0.8598494756113046,7.9602598452525966,0.5403368969967689,0.5873298862136953,12.243006246130008,14.864388982572626,-13.909538842572626
2017-03-31,30.543802,-5.535070459175856,7.098864512589307,7.709562918673677,0.6883223304459973,0.9842166616927757,12.246121700641975,23.192017664867876,7.351784335132123
2017-04-01,22.422249,-5.463208718573596,8.407052491805729,7.2718611627228515,0.7524686059613281,1.472935142432267,12.248770286254631,24.68987897060321,-2.2676299706032097
2017-04-02,4.139809,-5.390803584210589,1.1648906408769544,6.641593861944722,0.6566227699809772,0.024892246289816983,12.251117194932773,15.348313129814654,-11.208504129814655
2017-04-03,4.2737856,-5.3172307382936435,-6.718070698538972,5.994813926015698,0.4935909102524296,-3.0841920185592344,12.25346558368638,3.6223769645626582,0.6514086354373418
2017-04-04,1.3136823,-5.24247567834494,-6.96886664829291,5.583463317221825,0.4230323643330551,-6.13049608041895,12.255779308524888,-0.07956341697703273,1.3932457169770327
2017-04-05,0.11695409,-5.166219018992043,-0.34965703667549947,5.566325014000769,0.5018291007638975,-7.968111584832561,12.258245771646928,4.842412245911491,-4.7254581559114905
2017-04-06,3.7694745,-5.088611004372127,5.134141567906924,5.934601391541806,0.6392415229139438,-8.56242680245396,12.260787818911794,10.31773449444838,-6.548259994448381
2017-04-07,14.377152,-5.0096368917543295,4.074451265728691,6.578443915864205,0.714167321746543,-7.770071755812861,12.263331866900247,10.850685722672495,3.526466277327506
2017-04-08,5.340945,-4.928538413467582,-0.816905408440921,7.384028569556067,0.7048427073812364,-4.566510267097693,12.266311655831455,10.043228843762563,-4.702283843762563
2017-04-09,37.580975,-4.845938484500297,-3.2108476137511883,8.242424982224552,0.6851722792302194,1.757611047739796,12.269493277506315,14.897915488449398,22.683059511550603
2017-04-10,12.372276,-4.76325945876976,-0.8383683542224005,8.978107794002087,0.7138805837279093,9.69116447428893,12.27212370719351,26.053648746220276,-13.681372746220276
2017-04-11,72.59006,-4.680088571572487,2.99211675762041,9.345868556734189,0.7685135161947945,15.494477394615695,12.27455520885382,36.19544286244642,36.394617137553574
2017-04-12,33.221584,-4.59807955623743,4.278646366499266,9.136252452475754,0.7898201812002228,15.684135425210451,12.275893362502254,37.56666823165052,-4.345084231650517
2017-04-13,7.204499,-4.516219998236082,2.543918133977197,8.34944080223396,0.7653893171236732,9.989298153950928,12.276744864843927,29.408571273893603,-22.2040722738936
2017-04-14,1.1105149,-4.433561436524782,-0.11813529312310447,7.231024653320933,0.7353724904593932,1.8783740933895958,12.27754602803839,17.570620535560426,-16.460105635560424
2017-04-15,2.9877837,-4.349787520171521,-2.097758229307216,6.134451412891666,0.7302804369337261,-3.8300276478578237,12.278481530955116,8.865639983443948,-5.877856283443949
2017-04-16,1.227468,-4.2649845711722225,-2.974865380548672,5.307683539943806,0.7374884096935694,-4.273762281125687,12.279549958649946,6.811109675440741,-5.583641675440741
2017-04-17,31.54712,-4.179380610001843,-2.3250954825516827,4.757973814930611,0.7388994658300321,-0.25440917559755105,12.280659700580053,11.018647713189619,20.52847228681038
2017-04-18,43.798893,-4.093420993757281,0.1458614445713588,4.275163244009978,0.7522044740560682,4.6546148374101195,12.281544974786025,18.015967981076265,25.782925018923734
2017-04-19,0.9699238,-4.00731658477369,3.089174003565666,3.5956692011711215,0.8076176066335221,6.732383608918163,12.282046183135641,22.49957401865042,-21.52965021865042
2017-04-20,0.062703624,-3.9203043039006373,3.7559305001912433,2.577919522389821,0.8881608025363659,4.555295205467417,12.282597820343055,20.139599547027267,-20.076895923027266
2017-04-21,0.17022806,-3.832395779465124,0.9214669154734806,1.2690398147208115,0.9257028336415736,-0.3259109014843906,12.283152820445542,11.241055703331893,-11.070827643331894
2017-04-22,19.03205,-3.7432465774895594,-3.021976561536919,-0.14447421707289035,0.8800904022332496,-4.744525203462271,12.283843156766931,1.509710999438541,17.52233900056146
2017-04-23,10.137535,-3.653324344900491,-4.2053221229846915,-1.4703328753772373,0.8021203113724944,-6.3083296893302165,12.284393456664276,-2.550795264555866,12.688330264555866
2017-04-24,0.29501972,-3.5625937460912427,-1.6012828465736355,-2.6291373492327685,0.7880777907029562,-5.01666090583725,12.284860815539284,0.2632637585073443,0.03175596149265569
2017-04-25,0.07433677,-3.4707108798638644,1.7534833093635696,-3.6809528787715893,0.8684479195917796,-2.9226991179953616,12.285451260137375,4.833019612461909,-4.7586828424619085
2017-04-26,0.042495783,-3.3770917038540444,2.3217080093020033,-4.733741001318523,0.9700450835408494,-2.218427484180201,12.28644952415676,5.248942427646845,-5.206446644646845
2017-04-27,3.6337843,-3.2822706745521106,0.08262881703591385,-5.808916290548136,1.0060782691174377,-3.4487936425465455,12.287547696322788,0.836274174829347,2.797510125170653
2017-04-28,5.6844563,-3.1864805957563425,-1.8451048702109873,-6.794000914961677,0.9816445057728073,-5.350255777925856,12.288642677847331,-3.9055549752347254,9.590011275234726
2017-04-29,1.6978542,-3.0894546458183108,-1.2048006867166807,-7.519986829459965,0.9811589988646725,-6.1883860426219615,12.289859219263183,-4.73160998648906,6.42946418648906
2017-04-30,0.24076597,-2.9912997896808244,0.8737188381257202,-7.88315374139796,1.0538356218269205,-5.170741669523678,12.291101405587257,-1.8265393350625647,2.0673053050625647
2017-05-01,15.131945,-2.8921081804102577,1.6617922903441404,-7.903451454619031,1.1433672156801564,-2.7810463775078325,12.292339268226389,1.5208927617135632,13.611052238286437
2017-05-02,6.1121387,-2.7924375103703674,0.3166593984518795,-7.680164943297083,1.154722487546671,-0.16262620860575572,12.293355385687583,3.1295086094129285,2.9826300905870715
2017-05-03,0.0035315752,-2.691878221259258,-1.2550283001625506,-7.307807857878233,1.0745961332313123,1.5455947207039933,12.294391415402655,3.659867890037919,-3.6563363148379193
2017-05-04,0.0020968728,-2.589930170640086,-0.9133507204817018,-6.838068874994713,0.9911134873846165,1.4627645221218448,12.295643608887755,4.4081718522777145,-4.406074979477714
2017-05-05,0.0034202822,-2.4866578064558538,1.095795167847067,-6.2808995545531205,0.9889707323654322,-0.7496350593024728,12.297102119161766,4.864675599062818,-4.8612553168628185
2017-05-06,0.04137447,-2.382578650028725,2.4054388260787185,-5.597076150544172,1.052506166559331,-4.262523817579357,12.298590335992783,3.5143567104785784,-3.4729822404785784
2017-05-07,4.3804235,-2.277714828990792,1.1496444686775913,-4.680626393550463,1.0960999728837566,-6.763442006552256,12.300116936489145,0.824078148956982,3.556345351043018
2017-05-08,1.766579,-2.1715290701547216,-1.9630418703988615,-3.3936923057997843,1.0775378539653206,-5.442706224515473,12.301935508554635,0.4085038916511152,1.3580751083488847
2017-05-09,2.3672447,-2.063905658988382,-4.139293249843493,-1.688735408236993,1.0472600902771552,0.8500671212754773,12.30409839265732,6.309491287141084,-3.9422465871410837
2017-05-10,6.3669004,-1.9548000998736668,-3.0024065613714157,0.25738710622612193,1.0729850747699734,9.963238754046065,12.306696446833591,18.64310072063067,-12.276200320630672
2017-05-11,11.017867,-1.8447011217619576,1.1531783537244724,2.0477033371840156,1.142774364187798,17.15546598642556,12.30949639597143,31.96391731573132,-20.94605031573132
2017-05-12,8.275591,-1.7340613947638728,5.349972805067638,3.2575327057255934,1.1720757352256583,18.163208924456942,12.312371905409172,38.521100681121126,-30.245509681121128
2017-05-13,93.10365,-1.6234255859084055,6.319465882192851,3.6820086718905514,1.1015283957729507,12.36801550410869,12.315148018579384,34.16274088663602,58.94090911336398
2017-05-14,32.27277,-1.5142854079747348,3.3220186363197763,3.428608407553341,0.9571591258228003,3.375987133472358,12.316950398372738,21.88643829356628,10.386331706433722
2017-05-15,4.146951,-1.4052857060151687,-1.177061485924635,2.8161588817692627,0.8097909482093703,-3.5384866666756287,12.3184902573928,9.823606228755999,-5.676655228755999
2017-05-16,5.3094463,-1.2959814462395953,-3.8583037212514997,2.1322979053807782,0.6902581041867033,-5.242054202935197,12.319966783045171,4.746183422186361,0.5632628778136395
2017-05-17,7.435831,-1.1862999394293863,-3.459669014021248,1.4853737935440394,0.5777662069579992,-2.66001706749675,12.321375436634746,7.078529416189401,0.3573015838105995
2017-05-18,17.380136,-1.0756267358205016,-1.273005071937244,0.8420605026595588,0.4649198902096259,0.523074284584579,12.32313018872835,11.804553058424368,5.575582941575632
2017-05-19,7.100301,-0.9649405654361862,0.8402725750405843,0.15915614343506523,0.3918600153648605,0.9682731644478799,12.32475738663817,13.719378719490374,-6.619077719490374
2017-05-20,0.5093075,-0.8540916975243924,2.1237250969657344,-0.5398629273580073,0.38912244419466113,-2.026174570645628,12.326374234053134,11.419092579685502,-10.909785079685502
2017-05-21,0.030121068,-0.7429886036022544,2.4542572422876536,-1.1921367351504357,0.4104217468609543,-6.515699271795957,12.328001246455383,6.741855625055344,-6.711734557055344
2017-05-22,0.55156505,-0.6317022888477437,1.3217839659443498,-1.7616601173350375,0.36302403642462033,-9.58570878944619,12.329635709112091,2.0353725158520906,-1.4838074658520906
2017-05-23,0.30496553,-0.5202647262125413,-1.434591411563366,-2.2671604796510234,0.21437077524444365,-9.172357819066152,12.33126482042331,-0.8487388408253285,1.1537043708253285
2017-05-24,2.0319352,-0.4084506601461849,-4.059278433269432,-2.7600123561152325,0.039973040392593584,-5.051420326274364,12.332993866942008,0.09380513152938796,1.938130068470612
2017-05-25,6.821924,-0.296190835172064,-3.676763885856336,-3.296006007118025,-0.06117718508759712,1.071549250161854,12.334850987615033,6.076262324542864,0.7456616754571357
2017-05-26,41.64631,-0.18396421187839923,0.25102639582709096,-3.923905622224639,-0.08623794560263448,6.229837284842898,12.336645314850513,14.623401215814829,27.02290878418517
2017-05-27,19.244917,-0.07285584745810988,4.125329866614527,-4.668315926049998,-0.12915910205336534,7.616724800131003,12.33784210491294,19.209565896096997,0.03535110390300389
2017-05-28,4.7204766,0.03792800287674215,3.532041878910891,-5.493457784907644,-0.2546442261891491,4.339491655997106,12.338918230390073,14.50027775707802,-9.77980115707802
2017-05-29,0.46164286,0.14868496229391992,-1.4480047498126984,-6.300151382404536,-0.40739519662802076,-1.707056523328597,12.3399465435976,2.6260236537176684,-2.1643807937176684
2017-05-30,0.4732276,0.25965834185399106,-5.6378045058226345,-6.971126979632763,-0.47634390177439334,-6.785234468702605,12.34097606171986,-7.269875452358544,7.743103052358545
2017-05-31,1.1187997,0.3713432068587227,-4.470679806175206,-7.4431577776150135,-0.4372506894533234,-7.683536951264461,12.342288802673663,-7.320993214975617,8.439792914975618
2017-06-01,17.14235,0.4834867627386028,0.6061812951564055,-7.745140356389166,-0.3917568702453454,-3.785786204697175,12.343752678803568,1.5107373053668898,15.63161269463311
2017-06-02,3.9638383,0.595382012037307,3.9245413583086535,-7.9724611307104265,-0.4491385132611731,2.664503149798473,12.344997223337048,11.107824099509882,-7.143985799509882
2017-06-03,2.599232,0.7071562633907988,2.5403734560605553,-8.221445163516766,-0.5960441201673023,8.060005078415664,12.346177210495636,14.836222724678585,-12.236990724678584
2017-06-04,1.4736093,0.8187130114575096,-0.5431106187508199,-8.546917760739253,-0.7203459131803518,9.372836040803403,12.34730606998658,12.728480829577066,-11.254871529577066
2017-06-05,2.2927284,0.9300761416578783,-0.9366706085113816,-8.947883868572806,-0.7565650250876941,5.489164554325922,12.34840483385088,8.126526027662798,-5.833797627662799
2017-06-06,1.9952981,1.0412008869554694,1.0978666507962909,-9.350414900723854,-0.7651666561897611,-2.274223832002873,12.34947399122098,2.0987361400562534,-0.10343804005625334
2017-06-07,1.797061,1.1524585940968848,1.3969213926696988,-9.581423249678853,-0.8441641491545958,-10.451139639961928,12.350730120024515,-5.976616932004276,7.773677932004277
2017-06-08,1.9193059,1.2638190671939262,-1.7509877947080303,-9.39043533200355,-0.9905220507635619,-14.81635220610679,12.352088253710184,-13.332390062677826,15.251695962677825
2017-06-09,2.410213,1.375381921598174,-4.702303918358471,-8.562845488582774,-1.0940147540961325,-12.756712815751605,12.353610621234576,-13.386884433956233,15.797097433956234
2017-06-10,0.85971177,1.4871420604460532,-3.291661255354229,-7.066218223305322,-1.0717802009355337,-5.174482093728623,12.355318303974453,-2.7616814089032005,3.6213931789032006
2017-06-11,5.925832,1.5996777121197823,1.2693907047724953,-5.114275603293905,-0.9715751976272162,3.9018173170121164,12.357519920632635,13.042554853615908,-7.116722853615908
2017-06-12,10.079137,1.7132730446333513,3.8354830361545584,-3.083588047702692,-0.9146337462042425,10.057222410625283,12.360324842796743,23.968081540303,-13.888944540303001
2017-06-13,38.222527,1.8270461794302908,2.2556323055759444,-1.3348562694362198,-0.9567088031985672,11.284467686590968,12.363248805307386,25.438829904269802,12.783697095730197
2017-06-14,18.275705,1.9409423479957852,-0.02215491147218629,-0.062072740029446904,-1.04576627092137,8.417952077136462,12.366446296665597,21.59534679937484,-3.3196417993748426
2017-06-15,3.2779653,2.05409532736129,0.527325585883229,0.7691607662831902,-1.1141481930156758,3.418191662643132,12.369574218380864,18.024199367536028,-14.746234067536028
2017-06-16,4.505455,2.1670858807372073,1.8944142351070958,1.3780134577372356,-1.1686828527216724,-2.1113944626115466,12.37289990483219,14.53233616308051,-10.02688116308051
2017-06-17,1.73371,2.280018142810766,-0.4433575307151932,2.065517562079518,-1.2517885072348833,-6.643120849979796,12.376380905865753,8.383649722826165,-6.649939722826165
2017-06-18,8.957233,2.392714966123518,-5.623299300324937,3.0562987412235123,-1.343593222084964,-8.050412565583612,12.379933379510478,2.811641998863996,6.145591001136005
2017-06-19,5.3018236,2.504863899080309,-6.5773049990936645,4.332015844216758,-1.3631123605905098,-4.6958548262934725,12.383428418542177,6.584035975861598,-1.2822123758615982
2017-06-20,0.110193156,2.6166112176698535,0.7355675349318525,5.584909351386405,-1.284548528454745,2.242118629340816,12.386930967438165,22.281589172312344,-22.171396016312343
2017-06-21,106.97428,2.7293757879981007,9.948967666121494,6.3855960699877645,-1.2088454571661387,8.315841877678677,12.391345054385607,38.56228099900551,68.41199900099448
2017-06-22,38.45586,2.8399747334869136,10.233384213470739,6.50349079035495,-1.2648350108987785,8.999071709131123,12.39494017749108,39.70602661303603,-1.2501666130360292
2017-06-23,0.97318554,2.9489568478331876,-0.20042265049589664,6.12635966586455,-1.4448198117542188,3.9181977670707653,12.398155475930798,23.746427294449184,-22.773241754449185
2017-06-24,0.36508918,3.0581644420298293,-10.480265281837612,5.683278554679094,-1.599243812596296,-2.6827314053198044,12.401953550834268,6.381156047789479,-6.016066867789479
2017-06-25,8.163394,3.1671118873513695,-9.221712493026208,5.448268557281601,-1.607506305738062,-6.009573318743526,12.40603023649467,4.182618563619844,3.9807754363801564
2017-06-26,11.476466,3.2750277856555448,1.8389906829261091,5.281709873577176,-1.5253733405016214,-5.1321816343081865,12.410041166642104,16.148214533991126,-4.671748533991126
2017-06-27,8.933886,3.381648098093832,9.738004969938004,4.76716565487864,-1.5219938492114355,-3.08147665599345,12.413895788858518,25.697244006564112,-16.76335800656411
2017-06-28,13.100279,3.4871282227668363,5.622735430775832,3.6304968199631746,-1.6736805172943081,-2.810293192145144,12.417661343534554,20.674048107600946,-7.5737691076009455
2017-06-29,3.8621156,3.5915849692939865,-5.259529459490149,2.0411729657056012,-1.8643177516119698,-3.796619442869662,12.421470986131878,7.133762267159685,-3.2716466671596853
2017-06-30,16.241583,3.6949004872124895,-10.629890900224444,0.506443806754883,-1.9154829990415245,-3.059357154153846,12.425305779825518,1.0219190203730761,15.219663979626922
2017-07-01,26.402937,3.7967273319704145,-5.671231797606134,-0.5451143300368086,-1.7891260462515817,0.8475232259339237,12.428928838579793,9.067707222589608,17.335229777410394
2017-07-02,7.4390445,3.896738613053317,2.855364180672151,-1.0999006317618547,-1.6199692952655198,5.609380685713322,12.432162908907912,22.073776461319326,-14.634731961319327
2017-07-03,1.5743058,3.995371537152712,6.227167804989661,-1.53590902937909,-1.5523112398433794,7.167092086744104,12.43528396759214,26.736695127256148,-25.162389327256147
2017-07-04,36.983185,4.092768202254244,3.5016280074194803,-2.3026978566947593,-1.5900201427383083,3.664165621589091,12.438386285155026,19.804230116984776,17.178954883015223
2017-07-05,38.152096,4.1881311333808675,-0.05967488316952152,-3.585660724100999,-1.6307755252508582,-2.7542988712727845,12.441028538453955,8.598749668040659,29.55334633195934
2017-07-06,8.339395,4.282423814541522,-1.2315416348022552,-5.187814273029355,-1.6141079186314564,-7.771169987228894,12.443680301520008,0.9214703023695687,7.417924697630431
2017-07-07,3.6950257,4.376240485117755,-1.6978326973121833,-6.6741225681040195,-1.5852220805948498,-8.337865103497984,12.446610502893426,-1.4721914614978555,5.167217161497856
2017-07-08,1.2267088,4.469092917299809,-3.145532802429393,-7.638685735053862,-1.6081145874690081,-4.732809879811999,12.449612736293899,-0.20643735117055506,1.433146151170555
2017-07-09,0.27049938,4.561024394736832,-3.5322252985699536,-7.908660475398155,-1.661029665183758,-0.014082455516222059,12.45264510394175,3.897671604010494,-3.627172224010494
2017-07-10,0.053930096,4.653877783879823,-0.5384534980949799,-7.58971851494386,-1.658461502904484,2.243675675860967,12.456806241042967,9.567726184840431,-9.513796088840431
2017-07-11,0.23537315,4.7462184876939695,3.5626258269421576,-6.94830515916004,-1.563440083369296,0.3492036088113555,12.461378223455986,12.607680904374133,-12.372307754374134
2017-07-12,16.237211,4.837546886626047,3.883490094026915,-6.224978697928679,-1.438134192328016,-4.338210129346227,12.466126643764756,9.185840604814794,7.051370395185204
2017-07-13,8.358362,4.927735063792067,-0.38205188324291567,-5.487596999952842,-1.3639859182345486,-8.245068966846885,12.47091402363382,1.9199453191486953,6.438416680851304
2017-07-14,8.691913,5.017059427219776,-4.2681739708852335,-4.62346921452177,-1.3433964447833024,-8.110787500172385,12.475829518559467,-0.8529381845834489,9.544851184583449
2017-07-15,3.477055,5.105602644186839,-3.36107104392408,-3.4797719362623525,-1.3140322963248732,-3.5033688136081076,12.480879953170875,5.9282385072383015,-2.4511835072383015
2017-07-16,7.999173,5.193978420260702,0.4868062854511712,-2.025747300701906,-1.2444999382705482,2.7842078527606633,12.48654026736381,17.681285586863893,-9.682112586863894
2017-07-17,9.370775,5.281051759646179,2.071199411458146,-0.41085981648079467,-1.1747112547859437,6.84141237678246,12.492331896202794,25.100424372822843,-15.729649372822843
2017-07-18,33.775402,5.366293015319859,0.16910618329184657,1.110570992255989,-1.1516377650807976,6.368330670170993,12.498068070736604,24.360731166694492,9.414670833305507
2017-07-19,26.74562,5.449174900113389,-1.26177551573672,2.3214958448084313,-1.1581192164803373,1.7694147463379513,12.50340904156705,19.623599800609764,7.122020199390235
2017-07-20,5.2183847,5.529971509307557,0.3886960960734724,3.161655302317741,-1.1379858524525859,-4.6787340809993765,12.508443945845361,15.77204692009217,-10.55366222009217
2017-07-21,0.73156834,5.609410245876575,1.9349013796972363,3.7605414533228574,-1.0791076885556348,-10.112245487716715,12.513552820863556,12.627052723487875,-11.895484383487874
2017-07-22,5.111416,5.687885467204026,-0.8865685889469754,4.374305288299886,-1.027203521974774,-11.787902619268385,12.518959052743893,8.879475078057672,-3.7680590780576715
2017-07-23,5.463231,5.764915726752184,-5.965173231055158,5.236591977893459,-1.0038624610373608,-7.865684940434702,12.52446142730996,8.691248499428383,-3.2280174994283826
2017-07-24,1.8038718,5.840079953607894,-6.002935200255718,6.377046041877734,-0.9513787164955719,1.043408666474445,12.52990342535089,18.83612417055967,-17.03225237055967
2017-07-25,12.557127,5.913434089313764,1.8149949447758185,7.528574023125995,-0.8047516069926722,10.83616310517415,12.535331734026697,37.82374628942375,-25.26661928942375
2017-07-26,136.2524,5.984708915675129,10.37796504018008,8.235841210555368,-0.6122584987850879,15.613745244457721,12.540688988079228,52.14069090016244,84.11170909983755
2017-07-27,33.75187,6.050607854500805,9.886820117898399,8.151184950640376,-0.5288210569098986,12.051901495713075,12.544155104767588,48.155848466610344,-14.403978466610347
2017-07-28,2.378577,6.1137703475741025,-0.21410365011189503,7.331669243469019,-0.6490244429995499,2.8605885877467987,12.547251553533531,27.99015163921201,-25.61157463921201
2017-07-29,17.792362,6.177081445123909,-9.745150790987687,6.199390995806862,-0.879070703786337,-4.809632618394896,12.55139321171311,9.494011539474961,8.29835046052504
2017-07-30,11.10332,6.239483759983395,-9.009064399251931,5.2362710629532385,-1.0063780527789357,-5.175847611819264,12.555806912544657,8.840271671631161,2.263048328368839
2017-07-31,5.6776924,6.300137343655614,0.5066714890256112,4.642265202916353,-0.9170718646615121,1.262618840600093,12.560111296646973,24.35473230818313,-18.677039908183133
2017-08-01,60.837986,6.358965549887304,8.296384466420482,4.246540239040495,-0.719281281370904,8.346904837004638,12.564436313735456,39.09395012471747,21.744035875282528
2017-08-02,31.806522,6.414549378953508,6.6683900294577105,3.751651018357433,-0.62065017850685,9.866713617587946,12.568142622430425,38.64879648828017,-6.842274488280168
2017-08-03,3.0232394,6.4674347809546315,-1.6519763117560973,3.069373625471842,-0.6974435058106486,4.853369286875069,12.571681305281816,24.61243918101661,-21.58919978101661
2017-08-04,3.312658,6.5183486051658805,-7.810420655289873,2.3870263785431085,-0.8270763425536486,-2.27351845802425,12.575350923072193,10.569710450913412,-7.257052450913412
2017-08-05,5.377894,6.567386015270186,-6.504350962733916,1.944474633004001,-0.8465132122177865,-6.183026752854217,12.579044749389901,7.557014469858168,-2.1791204698581677
2017-08-06,6.41205,6.614640855422503,-0.16934146341520465,1.7807880400080678,-0.7380420503557765,-5.102310915814324,12.582724412700317,14.968458878545583,-8.556408878545582
2017-08-07,27.742985,6.660573941975546,5.011919960318945,1.7030346754637065,-0.6307586488413806,-1.470869681049496,12.586586517598404,23.860486765465723,3.8824982345342782
2017-08-08,54.869743,6.704501696370013,5.234542213953346,1.4895739075112673,-0.6373246114022975,0.9539656713815691,12.590289222332016,26.335548100145914,28.534194899854086
2017-08-09,17.473377,6.745773553225357,1.3575198638710626,1.1109492427169316,-0.7337481175586587,0.3259930946885431,12.593564983090573,21.40005262003381,-3.926675620033812
2017-08-10,13.784412,6.785042493860351,-3.0175234164797073,0.7522357862315263,-0.8131027391240248,-2.402072928003613,12.596785791769666,13.901364988254198,-0.11695298825419798
2017-08-11,11.266928,6.822367289384737,-4.68514210258895,0.6202212105074865,-0.8220893308797361,-4.9424613140836176,12.599965494558424,9.592861246898345,1.6740667531016555
2017-08-12,1.6522952,6.8579621763336664,-2.840919893455005,0.7656254776929277,-0.7967955117052165,-5.477530942327741,12.603259568219897,11.11160087475853,-9.45930567475853
2017-08-13,8.751931,6.892015171267309,0.6638681909168145,1.0649144072659533,-0.776643050252559,-3.393459004224658,12.606713097908846,17.057408812881704,-8.305477812881703
2017-08-14,33.590015,6.92442637040919,2.864997897632555,1.3198103338433964,-0.7411651574250105,0.8816527144586341,12.610250875512145,23.859973034430908,9.730041965569093
2017-08-15,62.95309,6.954406247615324,2.2480642862802482,1.36127687374826,-0.6600090124117134,6.138711562300612,12.613468459283373,28.655918416816107,34.297171583183896
2017-08-16,49.144886,6.9808125255380045,0.09374407230129739,1.0904939589697349,-0.5725059358355694,10.524164577280285,12.615816890908887,30.73252608916264,18.41235991083736
2017-08-17,12.06901,7.004264911516145,-1.0390783718868561,0.47838482194091836,-0.5651899961649249,12.028301378669736,12.617711191469283,30.524393935544303,-18.455383935544305
2017-08-18,11.066502,7.025852365780439,-0.17169266582785314,-0.43824787866425563,-0.6624976134823969,9.55347707433282,12.61971160218322,27.926602884321973,-16.860100884321973
2017-08-19,25.282843,7.045428581726911,1.2661077073181621,-1.5653012733868474,-0.7826447740441562,3.911457584473868,12.621670503706413,22.496718329794348,2.786124670205652
2017-08-20,11.915957,7.062716788766497,1.4997925417228215,-2.7694517785641644,-0.8315087651922313,-2.2794289118671474,12.623378294873794,15.305498169739568,-3.3895411697395676
2017-08-21,10.329824,7.078981438599238,0.44664791321429903,-3.908245482205323,-0.819330206523973,-6.1276240315844195,12.62550761002591,9.295937241525731,1.033886758474269
2017-08-22,3.0334048,7.094301626056396,-0.7783706570552346,-4.858089391038522,-0.8415310578206925,-6.4186043566789674,12.627746711361766,6.8254528748247445,-3.7920480748247445
2017-08-23,4.3640738,7.112593229520175,-1.4960369139510372,-5.517950744435215,-0.9368290705923632,-4.343497305965833,12.632458046738527,7.450737241314254,-3.086663441314254
2017-08-24,1.7481982,7.131068790569459,-1.6216437787735174,-5.805027245695848,-1.0088257330039614,-2.377389861297225,12.6382702680648,8.956452439863707,-7.208254239863707
2017-08-25,4.102465,7.148159088111985,-0.7776908345265782,-5.688135238592417,-0.935797316373773,-2.290382317003899,12.644371115792811,10.100524497408129,-5.998059497408129
2017-08-26,8.946986,7.1633544136745755,1.222989922859727,-5.218271810758125,-0.7369612658729325,-3.8828399335503354,12.650455450343363,11.198726776696272,-2.2517407766962716
2017-08-27,6.6468015,7.176583301648632,2.9272714223675065,-4.525102387051731,-0.581153057263074,-5.291792151732397,12.656430409958567,12.362237537927502,-5.715436037927502
2017-08-28,1.3949075,7.188439045853157,2.005137374731328,-3.7656318930958634,-0.604284564222459,-4.425338114658532,12.66264289247786,13.060964741085492,-11.666057241085491
2017-08-29,0.87265486,7.199138387993878,-1.413486530039622,-3.0724451946273015,-0.7498714552910932,-0.5179687688378325,12.669224877484917,14.114591316682946,-13.241936456682945
2017-08-30,24.656445,7.208745146821753,-3.468039450717483,-2.5424394354482365,-0.8331843643155009,5.070484237195961,12.676236663414647,18.111802796951142,6.544642203048859
2017-08-31,40.97696,7.216232912000916,-0.7122163627536826,-2.2319720931056404,-0.755356425830335,9.387596557260592,12.683147508488885,25.587432096060734,15.389527903939264
2017-09-01,24.11515,7.2206797616932015,4.626522883713029,-2.1286962927023816,-0.6115406104458649,9.733520276280275,12.689467897694906,31.52995391623317,-7.4148039162331685
2017-09-02,31.717829,7.223309114544698,5.950832432039273,-2.1340899341691384,-0.5671902091018484,5.776199898664574,12.695963571216272,28.94502487319383,2.772804126806168
2017-09-03,3.7298276,7.223890462150829,0.2369404247222902,-2.1074566899086333,-0.6551019356105949,0.18474470444936208,12.702463144175354,17.585480109978608,-13.855652509978608
2017-09-04,23.67812,7.2225514005370615,-7.078379030642273,-1.9754791757253012,-0.739185756255925,-3.2293302704339,12.7090163206517,6.909193488131363,16.768926511868635
2017-09-05,10.813431,7.219098315512731,-7.716721852991799,-1.8337511953786592,-0.6820656220015895,-2.693511905602853,12.715477665369338,7.008525404907169,3.8049055950928308
2017-09-06,11.174394,7.213575453608168,-0.6562444093459628,-1.890251777436029,-0.4995280674945418,-0.01023089930472909,12.721882853976254,16.879203154003157,-5.704809154003158
2017-09-07,11.471826,7.206069092443664,6.124747722178598,-2.286477566642983,-0.32564691721092365,1.1461248482636475,12.728324959903404,24.593142138935406,-13.121316138935406
2017-09-08,14.227603,7.196384098173734,5.147779116589455,-2.9465445217611803,-0.2514328633562858,-1.3970610777575256,12.734732724758294,20.48385747664649,-6.256254476646491
2017-09-09,5.4993052,7.184434349167945,-1.6556921395617044,-3.605136987378142,-0.24269418800305012,-6.606335464723055,12.741084195642287,7.8156597651442805,-2.3163545651442803
2017-09-10,9.81744,7.170436377160128,-5.9839450317789025,-3.985465234570028,-0.21553843373462284,-11.642352485286086,12.747456954941313,-1.909407853268199,11.726847853268199
2017-09-11,6.59358,7.155245454175578,-3.853145968579241,-3.964218648879837,-0.14483936363368832,-14.424069417326107,12.754235199061144,-2.476792745182152,9.070372745182151
2017-09-12,17.550901,7.139098867096739,0.31302686044397243,-3.5739578629599236,-0.05848393626331144,-14.471598221287062,12.761450137526332,2.1095358445567456,15.441365155443254
2017-09-13,9.210903,7.1209912134020055,0.964811954272682,-2.904467911445194,0.045111807145256616,-11.814504222376312,12.768522812471417,6.180465653469855,3.030437346530145
2017-09-14,11.629939,7.101354288097494,-0.8021323394197493,-2.0577680400914296,0.21046841499040744,-6.274660942807533,12.775780564292445,10.953041945061635,0.6768970549383653
2017-09-15,7.881309,7.079922327205706,0.05351236978904872,-1.2000571328819922,0.44076784360679944,1.4888118213539392,12.783127389184536,20.646084618258037,-12.764775618258037
2017-09-16,20.387018,7.0566811123516615,3.8914069494230774,-0.5843920309135899,0.6501852223412763,8.851485764081636,12.790583915911132,32.65595093319519,-12.268932933195192
2017-09-17,76.0052,7.031035184163196,5.064063906453598,-0.4583096937968884,0.7476661274545954,12.348394514443584,12.797837396051646,37.53068743476973,38.47451256523027
2017-09-18,28.290554,7.001848423972017,0.45577069425798467,-0.920451922669864,0.7576390252872816,10.578837454792419,12.80425587606576,30.6778995517056,-2.3873455517056
2017-09-19,1.509931,6.9706065913649935,-4.562266536989778,-1.863949445216551,0.8099037802196636,5.697776541798645,12.810615535252165,19.86268646642914,-18.352755466429137
2017-09-20,0.3803326,6.938534831610916,-2.605460670750765,-3.116116675270028,0.9784209108939128,1.325209230853897,12.817471193708784,16.338058821046715,-15.957726221046716
2017-09-21,0.3903005,6.906801399498006,4.9315742592687375,-4.603553357681749,1.1699967599735501,-0.9485300296677293,12.825532556113163,20.281821587503977,-19.89152108750398
2017-09-22,29.228998,6.874545542099554,8.291659967031176,-6.339548064243965,1.225043449016248,-2.4929494877487457,12.834266852600264,20.39301825875453,8.83597974124547
2017-09-23,26.407404,6.840913176275411,1.8294135318433833,-8.255349919958578,1.122426274589883,-5.086555753385669,12.84316286835974,9.294010177724168,17.11339382227583
2017-09-24,1.675738,6.805668393378351,-7.728336331094276,-10.07223630290634,1.0348688663050554,-8.08262632943596,12.852138914165863,-5.190522789587305,6.866260789587305
2017-09-25,5.055151,6.768971026267328,-8.987310635182421,-11.399965121802428,1.1477082693023626,-8.775767017729088,12.861281455784011,-8.385082023360232,13.440233023360232
2017-09-26,9.716593,6.731322630290227,-0.17300119646592302,-11.992837897382552,1.4496288501312553,-5.508306906543214,12.870858767666794,3.377664247696588,6.338928752303412
2017-09-27,11.143054,6.692457213242131,8.559135677344768,-11.916133467893118,1.7470285926666649,0.13550258574623886,12.880703470171396,18.09869407127808,-6.955640071278079
2017-09-28,42.216187,6.652027460424534,7.7459394364385465,-11.483293148296504,1.8794750929310076,4.4312596966324636,12.890693104196997,22.116101642327045,20.100085357672953
2017-09-29,6.1038566,6.608759858007213,-0.2791685104484507,-11.029554554878029,1.8780094720564784,4.626849891785009,12.900138267757423,14.705034424279644,-8.601177824279644
2017-09-30,1.5765969,6.563899090577671,-5.579827008713243,-10.703435942387387,1.892496486171531,1.0350336053022144,12.909745385718104,6.11791161666889,-4.541314716668889
2017-10-01,0.68922716,6.51858138522948,-3.482773232527423,-10.423336036275435,1.9989642339148714,-3.424988847414759,12.920031779515456,4.106479282442191,-3.417252122442191
2017-10-02,3.32065,6.472535806970561,1.0373478974579597,-9.95859221145029,2.1339990976469148,-5.239777348741435,12.930771378300145,7.376284620183856,-4.055634620183856
2017-10-03,12.439568,6.424780673178757,1.716641646698239,-9.076864443935168,2.211560644717421,-2.399681866161062,12.94147640745627,11.817913061954457,0.621654938045543
2017-10-04,5.83913,6.375191642996745,-0.734427064041244,-7.6882111023903645,2.2471904189004066,4.256020287923444,12.952162356556952,17.40792653994594,-11.56879653994594
2017-10-05,0.2874853,6.323800388327367,-1.386692299858318,-5.915625741411857,2.330936105338214,11.045950139185118,12.96286783702539,25.361236428605913,-25.073751128605913
2017-10-06,67.971,6.27062710107501,0.7435373826498494,-4.05753728461834,2.500158987374639,13.312787505201573,12.9736964224315,31.74327011411423,36.22772988588577
2017-10-07,47.963676,6.21360343951423,1.7028292363854585,-2.4335951819892414,2.6914422267376628,8.589880224359774,12.98354873812955,29.747708683137432,18.215967316862567
2017-10-08,1.5902156,6.153170622072535,-0.4246205287395929,-1.1761507533551634,2.829128364223563,-1.1779467709118885,12.992695571305964,19.196276504595417,-17.606060904595417
2017-10-09,1.0204865,6.090926579579158,-2.1271393174037563,-0.14855504483452653,2.911168807688198,-10.72806703620395,13.0019042395278,9.000238228352924,-7.979751728352923
2017-10-10,0.2644155,6.027297809184257,-0.23611510147520187,0.9662674782034634,2.979702772569976,-15.249550249195034,13.011354343042827,7.498957052330288,-7.234541552330288
2017-10-11,2.5420458,5.961974339768847,2.2644530365569624,2.499794957534984,3.040477750473121,-13.49576516321235,13.020885125580394,13.291820046701957,-10.749774246701957
2017-10-12,18.828003,5.894750949984024,0.2710041810468594,4.646391201598864,3.0607235877361614,-7.8251564468751695,13.030397513904353,19.078110987395092,-0.25010798739509355
2017-10-13,24.862122,5.825244868171872,-4.674170547263207,7.386761480447881,3.0493904425043885,-2.0169779450506633,13.039702508163717,22.60995080697399,2.252171193026008
2017-10-14,9.188095,5.753207963809276,-4.656150347674964,10.508852079484218,3.085889955613716,0.6347282692005836,13.048703057635876,28.375230978068704,-19.187135978068703
2017-10-15,32.703194,5.6791336566960675,3.439717369612609,13.729123393191369,3.2254289360110415,-1.8556141485698647,13.057729475690426,37.27551868263165,-4.5723246826316455
2017-10-16,46.11007,5.602223242094981,10.8943924275951,16.889426234577453,3.400005405952481,-9.084010502871239,13.06630697440691,40.76834378175569,5.341726218244311
2017-10-17,21.046677,5.5222028209928125,6.266839267808429,20.121929554637926,3.4771581118770674,-16.583110915525626,13.07419654883224,31.87921538862285,-10.83253838862285
2017-10-18,7.9241443,5.440896133954999,-8.850844697283591,23.77555336725707,3.434969366371484,-16.262971089228195,13.0824145210616,20.620017602133366,-12.695873302133366
2017-10-19,71.60641,5.357877147052176,-18.247617126122996,28.03288571444716,3.426701397818993,-1.4566127034257401,13.090741868373199,30.20397629814279,41.402433701857206
2017-10-20,39.854507,5.271083951525094,-8.490453860112188,32.475348504204256,3.613896039807993,25.964549298821225,13.098051616758504,71.93247555100488,-32.077968551004886
2017-10-21,64.00487,5.181047364612628,14.226678545386163,36.04601345725365,3.9427768065188116,53.36636854335776,13.104813097305273,125.86769781443428,-61.86282781443428
2017-10-22,373.74646,5.086301319930784,28.529870261744172,37.552956050255965,4.137170910037976,64.26936762412687,13.110596620157043,152.68626278625283,221.0601972137472
2017-10-23,179.19241,4.978436100374703,19.979439228290115,36.451504525578756,3.96454846574659,50.474537980178354,13.110678826537614,128.95914512670615,50.23326487329385
2017-10-24,0.3509028,4.862896088595709,-3.669214697223942,33.34567491883581,3.505261116792031,19.42295275709568,13.108033903146918,70.5756040872422,-70.2247012872422
2017-10-25,14.882569,4.7452117870311605,-21.027151667720013,29.595803845360155,3.0893522856480846,-10.611788830048946,13.105399939834948,18.89682736010539,-4.014258360105391
2017-10-26,3.8846302,4.6254782290027645,-18.589900066290244,26.406867391945333,2.973975024551726,-23.51592363108843,13.102580046953216,5.003076995074364,-1.1184467950743642
2017-10-27,0.0925092,4.504179029647064,-1.8374275536017661,24.12442830423206,3.111866701322323,-15.796867905828549,13.099802293863181,27.205980869634317,-27.11347166963432
2017-10-28,24.022453,4.381710051405724,13.084664661734855,22.19356860792937,3.236485022842672,3.0171554821128805,13.097220780324951,59.01080460635046,-34.98835160635046
2017-10-29,156.4297,4.257426436400006,15.276912427769044,19.74328292069152,3.1474989936581226,18.775772025765683,13.094615772166366,74.29550857645074,82.13419142354925
2017-10-30,54.898266,4.12735361012331,6.3789484255080025,16.28799542404314,2.8827443640668995,22.233392839620663,13.089775626957397,65.00021029031942,-10.101944290319416
2017-10-31,0.008906238,3.994024176444071,-4.39095196835539,12.044517976812585,2.6252493330580147,13.11947458456283,13.084124137402306,40.47643823992442,-40.46753200192442
2017-11-01,0.008795643,3.859278656049688,-9.323072457467058,7.669911216150481,2.4850668428571447,-2.27683912048704,13.078474017897305,15.492819155000522,-15.484023512000523
2017-11-02,6.1316657,3.7235281343621303,-6.825676669655895,3.79700024162495,2.4173453823926914,-16.042881960808547,13.072909163600007,0.1422242915153369,5.989441408484663
2017-11-03,6.061133,3.586626551439073,-0.4269652756845662,0.7257483352003387,2.3238396870730114,-22.45359324076238,13.067323549832645,-3.1770203929018788,9.238153392901879
2017-11-04,8.987002,3.4485344317187794,4.633988769946165,-1.6090739071683204,2.1702591312902317,-19.678676072091786,13.061695670317405,2.026728024012474,6.960273975987526
2017-11-05,3.4262824,3.309285380226102,4.874498656513582,-3.475403572970616,1.9861333061230342,-9.96372372576328,13.056001354880573,9.786791399009395,-6.3605089990093955
2017-11-06,0.004976988,3.169090179440226,0.8095287492605496,-5.136136512984906,1.7952659163718736,1.4050019556184385,13.050324950604304,15.093075238310487,-15.088098250310487
2017-11-07,0.0019350555,3.028029701469527,-3.6032168619926774,-6.712194033964729,1.5957875986188852,8.484361919799918,13.044736931920914,15.837505255851838,-15.835570200351837
2017-11-08,1.9708325,2.8859880567221063,-4.50422293904398,-8.156112615464936,1.4041407630604608,7.856982207303239,13.039188875098697,12.525964347675586,-10.555131847675586
2017-11-09,0.6219941,2.7431342634879865,-1.6386621747292651,-9.328469865620743,1.2689634205515368,0.8065107083313308,13.03366755903166,6.885143911052505,-6.263149811052505
2017-11-10,0.09413855,2.5998394507540628,1.8188016348654321,-10.132030675208004,1.208446734460537,-7.379402781408036,13.0282657152845,1.1439200787484918,-1.0497815287484917
2017-11-11,2.649809,2.4562187771698913,2.8332765674590914,-10.61367078537055,1.1562032530702797,-10.961737947030759,13.022989033902173,-2.1067211007998736,4.756530100799873
2017-11-12,0.7722545,2.312687227456796,1.318713355357979,-10.950015938057755,1.0130013159733269,-7.75074540441121,13.018033466770433,-1.0383259769104285,1.8105804769104283
2017-11-13,10.572292,2.168992746850219,-0.6479171035583562,-11.321579234709272,0.7602752663209034,-0.510470607894477,13.013188548440963,3.4624896154499787,7.1098023845500204
2017-11-14,14.591599,2.02475865367659,-1.44899254842591,-11.769186030250113,0.49182014439245025,5.3603949454755435,13.008250094201784,7.667045259070346,6.924553740929654
2017-11-15,3.781359,1.8799738124302348,-1.042641701883222,-12.138342177987619,0.3111105302710154,5.987134716263076,13.003306083393966,8.000541262487452,-4.219182262487452
2017-11-16,2.0492356,1.734789128570298,-0.12723062973011315,-12.16349782674763,0.21186711586391704,1.6409154197192701,12.998459993349384,4.295303201025126,-2.246067601025126
2017-11-17,0.5003384,1.5892086786879989,0.6545724283462391,-11.626593581475074,0.09410330086973906,-4.032865300843124,12.99360346354863,-0.3279710108655909,0.8283094108655908
2017-11-18,20.83597,1.4433396537720022,0.6910884832146275,-10.473427616626827,-0.09796833837916494,-7.070254082967846,12.988745237859439,-2.5184766631277693,23.354446663127767
2017-11-19,8.026677,1.2967363757212105,-0.31383985554984817,-8.837769169264682,-0.29392111568662965,-5.838545459676337,12.983582557361364,-1.0037566670949207,9.03043366709492
2017-11-20,1.2669947,1.1501797802248064,-1.4858921117700161,-6.978995405209088,-0.3827579451224061,-1.470149794281345,12.97855701896607,3.8109415428080204,-2.5439468428080207
2017-11-21,0.3066645,1.0036981306437827,-1.0885963656938908,-5.1813022462840275,-0.3635968367969866,3.5382597514333147,12.973612861921406,10.882075295223599,-10.575410795223599
2017-11-22,5.0915356,0.8576799758530198,1.3728154113115958,-3.6547372779403076,-0.36756328158438467,6.990362046151716,12.968957013370362,18.167513887162002,-13.075978287162002
2017-11-23,71.38279,0.7117509813737637,3.761880760581103,-2.486582726924201,-0.5151220339987593,7.768891101034282,12.964479825425354,22.20529790749154,49.17749209250846
2017-11-24,18.290354,0.5638637719904225,3.240808264397712,-1.66241889802931,-0.7789691156626828,5.782839271384053,12.958997668574307,20.105120962654503,-1.8147669626545024
2017-11-25,0.6583126,0.415809721297806,-0.18636067623278663,-1.1083859859141734,-1.0142377870587895,1.753565607801879,12.953541745988778,12.813932625882714,-12.155620025882714
2017-11-26,0.07316983,0.2676590052522706,-3.2361776283215113,-0.7495102366777604,-1.1228291876047614,-3.01226413731324,12.948126479098915,5.095004294433913,-5.021834464433913
2017-11-27,0.40814093,0.11941869317019158,-2.982964297296328,-0.5110859518745261,-1.1485510701684734,-6.904207601340458,12.942706501524118,1.5153162740145234,-1.1071753440145233
2017-11-28,6.4259543,-0.028451303051772653,-0.1530227829650072,-0.2976229224548884,-1.1996829480435278,-8.5792802675688,12.937445655580861,2.679385431496865,3.746568868503135
2017-11-29,2.055079,-0.17608451251160698,2.0811059877452656,-0.024414994688024882,-1.3141912301885563,-7.71228302653933,12.932213319078443,5.78634554289619,-3.73126654289619
2017-11-30,23.091433,-0.32351294185714724,2.0051642949586856,0.30638246687043263,-1.4352872187731687,-5.350857877928658,12.927011663267395,8.12890038653754,14.962532613462459
2017-12-01,12.880243,-0.47125327175820675,0.7143399948712807,0.57356149545846,-1.5078305593686603,-3.347057464971744,12.921494572653074,8.883254766884203,3.996988233115797
2017-12-02,1.6866094,-0.6189494237556349,-0.31390856614276563,0.6222383397113614,-1.5542082004431101,-2.9684145257478005,12.915836779125675,8.082594402747725,-6.395985002747725
2017-12-03,0.025863875,-0.7663834231350446,-1.2323512391448912,0.40545703368920416,-1.6340827495186994,-3.7337062285691145,12.910160349317097,5.949093742638552,-5.923229867638552
2017-12-04,1.0558708,-0.9133818261980029,-2.4222707658311564,0.043742343272006545,-1.7563550918526205,-3.711931904280699,12.90451431216683,4.144317067276356,-3.088446267276356
2017-12-05,1.4541277,-1.0597672777479303,-2.601046098466792,-0.28599739416582404,-1.8723315626428023,-1.4534239177426524,12.898938927821296,5.626372677055295,-4.172244977055295
2017-12-06,1.0384877,-1.205520054263565,-0.43565472535893035,-0.5319702063451186,-1.9530818956089715,2.103907616695513,12.89345112576872,10.871131860887647,-9.832644160887648
2017-12-07,0.39057633,-1.350561749056697,2.3005902649598817,-0.8199678994541598,-2.029161152402967,3.9472055845124614,12.88807840055809,14.936183449116609,-14.545607119116609
2017-12-08,12.467726,-1.495003432859005,1.704450970011517,-1.314423771638927,-2.1296477878131137,1.7369118214084318,12.88275103597442,11.385038835083323,1.0826871649166776
2017-12-09,6.2140107,-1.6391995329854676,-2.8758242726116765,-2.0335633022244344,-2.211494211217484,-3.545152853773876,12.877264433661177,0.572030260848237,5.641980439151763
2017-12-10,0.9068466,-1.7828716879948772,-6.364294339846883,-2.805752284085786,-2.1950272588031234,-7.967103880987755,12.871692651872708,-8.243356799845715,9.150203399845715
2017-12-11,1.0570937,-1.9256904677285398,-3.4594485852065775,-3.4180528556466507,-2.0780884433139164,-8.09260900139284,12.86610599493902,-6.107783358349504,7.1648770583495045
2017-12-12,0.0122776255,-2.0674153001902407,3.865874239590567,-3.7989046299148237,-1.9733665281012795,-4.140682907692565,12.860633079687242,4.7461379533789,-4.7338603278789
2017-12-13,0.5687147,-2.207943099187263,7.390895039748423,-4.048217761206919,-1.992530207067225,0.42467882066555845,12.85531568585788,12.422198478810454,-11.853483778810455
2017-12-14,0.21138392,-2.3468880470118894,2.499541045433419,-4.3121787208385,-2.1068563328754117,2.3580838451354986,12.85030358460433,8.942005374447445,-8.730621454447446
2017-12-15,0.008437317,-2.4841337214461223,-5.329083521557828,-4.663895969012339,-2.1693822971898364,1.3801858898052672,12.845622213055663,-0.42068740634519486,0.42912472334519486
2017-12-16,0.005653128,-2.620169449145005,-6.60697106769069,-5.097104872874782,-2.089117393196244,-0.4572548535076749,12.840943084807897,-4.029674551606497,4.035327679606497
2017-12-17,0.024597045,-2.7549341737212876,0.392198301413969,-5.582141245960145,-1.9471953018467867,-1.4707138016010344,12.836268800403808,1.4734825786885235,-1.4488855336885236
2017-12-18,0.01274026,-2.8882285919309014,7.232684498538116,-6.080203010397018,-1.9047490024145346,-1.7470342951228082,12.831681082345902,7.444150681018755,-7.431410421018755
2017-12-19,0.0023184111,-3.0200101862290447,5.766118431628861,-6.503932089051025,-2.0078946636407435,-1.9914771545004006,12.82713553267418,5.069939870881828,-5.067621459781828
2017-12-20,0.032571845,-3.150259567839176,-1.8340816315439445,-6.715137122916553,-2.12721690468558,-1.8962364193841559,12.82259675955353,-2.9003348868158785,2.9329067318158786
2017-12-21,0.034470577,-3.2788682041353407,-6.280108817203271,-6.617331990350766,-2.107714511685644,-0.41640691029191945,12.81805835013673,-5.882372083530209,5.916842660530209
2017-12-22,0.012698118,-3.40578994001294,-3.0778669532177068,-6.26601341409403,-1.9468232706363024,2.4989820178821374,12.813520746615165,0.6160091865363206,-0.6033110685363207
2017-12-23,0.0041748863,-3.5307345891223934,2.552370327646454,-5.869258278529644,-1.7886895978170523,5.221212885315442,12.809171601730618,9.394072349223425,-9.389897462923425
2017-12-24,9.306777,-3.6537766182616602,3.5389330659245184,-5.653140857218437,-1.7526349179417842,5.899066279624676,12.805011005463724,11.183457957591036,-1.8766809575910361
2017-12-25,11.70754,-3.7754917114777733,0.23650022959426226,-5.7065834533525255,-1.8105725609546273,4.314577131773281,12.800739399052075,6.059169034634693,5.648370965365307
2017-12-26,0.32209757,-3.8959354808178106,-1.342062446887518,-5.9365021213766305,-1.8501427323559119,1.9080677359684388,12.796293083924978,1.679718038455544,-1.357620468455544
2017-12-27,1.1838834,-4.014672854655959,1.0619344031900857,-6.158217367511953,-1.8235580820559725,0.10183728556143609,12.79185065080371,1.9591740353313458,-0.7752906353313458
2017-12-28,0.16682921,-4.131118687981203,2.741773195546431,-6.225005427302904,-1.7881407076234475,-0.930349046625664,12.787769195411318,2.454928521424529,-2.288099311424529
2017-12-29,0.06455404,-4.245734875768095,-0.5165454455860559,-6.083966237256386,-1.7997208109379343,-1.7721083192805274,12.783838344621168,-1.6342373442078308,1.6987913842078308
2017-12-30,0.03522972,-4.358724070976263,-5.442810068090504,-5.762746886123029,-1.819270276972781,-2.6576746915141922,12.779922568261917,-7.261303425414852,7.296533145414852
2017-12-31,1.6241643,-4.469957226191921,-5.288155226768032,-5.3344854242780375,-1.761928434442621,-3.327161481780102,12.776010832233977,-7.405676961226737,9.029841261226737
2018-01-01,1.8158536,-4.57948411455185,0.5551994934576305,-4.87716971981584,-1.616054687881533,-3.684681963102071,12.77207572667124,-1.4301152652224243,3.2459688652224243
2018-01-02,0.7264898,-4.6873054656373885,5.07721963986009,-4.427979352380437,-1.4672556297157433,-3.937601878086353,12.768119440185481,3.325196754225649,-2.598706954225649
2018-01-03,0.39143327,-4.793302160263064,2.8294827966687657,-3.963994028735245,-1.3967310412369687,-3.965842272831387,12.764159686954324,1.473772980556424,-1.0823397105564239
2018-01-04,0.0766262,-4.897354241325846,-2.771152406946076,-3.434936366547037,-1.3897335803217625,-3.1167815150056297,12.76019891965711,-2.849759190489241,2.926385390489241
2018-01-05,0.4425668,-4.999385784098017,-4.172707495849165,-2.8269306566692034,-1.3708013116632787,-1.1130585362989707,12.756242742383495,-1.7266410421951388,2.1692078421951386
2018-01-06,0.40918404,-5.09937257102751,0.04053135427386488,-2.195968437905668,-1.3110323402366961,1.084485908859085,12.752288709714088,5.270932623677163,-4.861748583677163
2018-01-07,0.10667974,-5.197275365058397,3.524023812799565,-1.6246220181865376,-1.2581050038699733,1.9815187537861867,12.748330818626245,10.173870998097089,-10.067191258097088
2018-01-08,20.515936,-5.293072138597227,1.2988274153188417,-1.1435964012114943,-1.252912362798277,1.2985713106944679,12.744377552846359,7.652195376252671,12.86374062374733
2018-01-09,14.981969,-5.386694208891393,-3.2555551224697306,-0.7162517007874053,-1.2595134530418122,0.48898543270358696,12.740506801324319,2.6114777488375633,12.370491251162436
2018-01-10,0.16543432,-5.47819645279173,-3.321943507395079,-0.3029617620375231,-1.2139432678009892,1.0449931077792098,12.736697520562641,3.464645638316531,-3.299211318316531
2018-01-11,0.011715107,-5.567602349757072,1.4842763457057218,0.07123073279685992,-1.1267943536808522,2.502145043722514,12.732899623569798,10.096155042356969,-10.084439935356968
2018-01-12,0.98305124,-5.655008082619751,4.296805461716134,0.34879771423926054,-1.085363252115222,2.8059856682894044,12.729126942261475,13.4403444517713,-12.457293211771301
2018-01-13,1.5661486,-5.740448942358672,0.5959323583049614,0.5430695717603875,-1.1349107739651378,0.861317883129334,12.725390834146037,7.8503509310169095,-6.2842023310169095
2018-01-14,0.71924514,-5.82376998248666,-5.106519510920835,0.7706121006398048,-1.1947292593470638,-1.8487145359107735,12.721684468026188,-0.4814367199993388,1.2006818599993387
2018-01-15,0.0020377338,-5.904765840897129,-4.981044440779873,1.1464930125026835,-1.1379194390024343,-2.7250328471137117,12.718023576384173,-0.8842459789062929,0.8862837127062929
2018-01-16,0.0065243803,-5.983449441789544,1.5652420038311914,1.6554232121987724,-0.9523403505432422,-0.9563579817239697,12.714384895871127,8.042902337844335,-8.036377957544335
2018-01-17,28.0273,-6.059901484647257,6.761764088863885,2.167136551227033,-0.7784529648854933,1.6304125078591867,12.710756827355977,16.43171552577333,11.59558447422667
2018-01-18,13.229478,-6.134885741423394,4.337659076842999,2.5954261389306734,-0.762160120918603,2.774178750881559,12.706710494977989,15.516928599291223,-2.2874505992912226
2018-01-19,2.6742227,-6.207996902458177,-2.6223145531991205,3.025270007524453,-0.8896122968720702,2.367753374840216,12.702467426141135,8.375567055976436,-5.7013443559764365
2018-01-20,1.9715599,-6.278797459749692,-5.842528074355464,3.638849788623072,-1.000596720137375,2.3440405060080285,12.698185689410614,5.559153729799183,-3.587593829799183
2018-01-21,1.3561691,-6.347109555956523,-2.1024601513677927,4.502557663085663,-0.9638134100632267,4.130245356610668,12.693922714983476,11.913342617292265,-10.557173517292265
2018-01-22,45.230812,-6.413047113068408,3.5813220231162908,5.425072111843297,-0.8119209244218989,6.735399117457859,12.689660369067548,21.206485583994688,24.024326416005312
2018-01-23,21.547117,-6.477850748410642,4.90213654967839,6.042073035096718,-0.6882165150859535,7.634795885110437,12.684714661843183,24.09765286823213,-2.5505358682321315
2018-01-24,0.57687217,-6.5409760608086485,1.5755716555757664,6.071904378958092,-0.6815379519404725,5.350919667805272,12.679446187996692,18.4553278775867,-17.8784557075867
2018-01-25,0.27955836,-6.601847362180504,-1.8106125676133331,5.491555120010334,-0.7504406586814616,0.7976226465056645,12.674172293638863,9.800449471679563,-9.520891111679564
2018-01-26,0.0368359,-6.660384561991675,-2.27007379217138,4.516880392777722,-0.8021000520363065,-3.759852537050665,12.668901883775241,3.693371333302938,-3.6565354333029383
2018-01-27,0.012097182,-6.716562969085257,-1.2193181632947911,3.448292057376384,-0.8048345794933317,-6.6688769115586375,12.663626065954261,0.7023254998986275,-0.6902283178986275
2018-01-28,0.8603453,-6.770396094548092,-1.1796359866742714,2.521233518936622,-0.7986856420106929,-7.719846411163594,12.658341533824903,-1.2889890816351262,2.1493343816351262
2018-01-29,2.8177538,-6.821880044613335,-2.1403321732128573,1.8406442899044733,-0.8162715687705879,-7.402613732048177,12.653043124957197,-2.6874101037832876,5.505163903783288
2018-01-30,2.958914,-6.870913055767743,-2.268552077965465,1.3816610248119632,-0.8330652443222322,-5.849333101066686,12.647735806696506,-1.792466647613658,4.751380647613658
2018-01-31,0.7516048,-6.917372855511546,-0.7828279272605116,1.0136510953372573,-0.8075550055257659,-2.77170078822862,12.642435357620332,2.3766298764311458,-1.6250250764311458
2018-02-01,15.959314,-6.960980627542104,1.3435793282688178,0.5381391040932059,-0.7458564752340239,1.584488843700639,12.63729289097194,8.396663064258476,7.562650935741523
2018-02-02,16.32548,-7.0023229464801275,2.89941565566701,-0.22912417055778547,-0.6982079633483355,5.637372005827094,12.632006324247278,13.239138905355134,3.0863410946448653
2018-02-03,2.3439121,-7.04160108129129,3.2001892124303577,-1.3373068325567228,-0.6950264559755505,6.958755551901997,12.62646847985336,13.71147887436215,-11.36756677436215
2018-02-04,5.343298,-7.078389913767024,1.553279049077367,-2.6277403419956156,-0.7129294761795706,3.9863672983439042,12.620902572086688,7.741489187565747,-2.3981911875657476
2018-02-05,1.9966378,-7.112709442767965,-2.248304618943245,-3.785022130988484,-0.7116519540933286,-2.350380492850267,12.615273835542254,-3.592794804101036,5.589432604101036
2018-02-06,0.5171513,-7.144371924875383,-6.182217485300047,-4.501578790718229,-0.6844853423749979,-8.667912072498273,12.609694459975897,-14.570871155791034,15.088022455791034
2018-02-07,0.33328438,-7.172897796582493,-6.356226733189418,-4.660650849592654,-0.6550172054323358,-11.255107304815638,12.604402073380157,-17.495497816232383,17.828782196232382
2018-02-08,1.1011311,-7.198451678700186,-0.9799871941304383,-4.3966206897019156,-0.6317420571692248,-8.78582417636994,12.599192324505411,-9.393433471566295,10.494564571566295
2018-02-09,0.35203293,-7.221087282009281,6.257944392769527,-3.981336124078562,-0.5941977008437613,-3.3036037284464856,12.593983585150195,3.7517031425416327,-3.3996702125416327
2018-02-10,6.617161,-7.2404244218251215,8.637940138199063,-3.6180479310531117,-0.5343840851285022,1.507363774922735,12.58901976322624,11.341467238341302,-4.724306238341302
2018-02-11,9.066377,-7.256981233012458,3.269564926688451,-3.2943458211386702,-0.4864195156466532,3.2956315792442172,12.584081981739159,8.111531917874046,0.9548450821259529
2018-02-12,1.4548253,-7.271112219883009,-5.232692211389972,-2.812407154706091,-0.4865097759652467,2.5756866726380636,12.579043074176488,-0.6479916151297687,2.1028169151297686
2018-02-13,0.022911351,-7.282675570368213,-8.971909405275044,-1.990637684537249,-0.509157132700685,1.5247910500723723,12.574002737692094,-4.655586005116724,4.678497356116725
2018-02-14,0.010070158,-7.291591234881725,-4.570402895785088,-0.8778304181184966,-0.4750954800667842,1.484070624553359,12.569010723846029,0.838161319547293,-0.828091161547293
2018-02-15,1.185605,-7.297799909623282,3.7721723862341388,0.21689015938333595,-0.342394097379042,1.802025784217682,12.564062295873443,10.714956618706276,-9.529351618706276
2018-02-16,2.8574123,-7.301277868086362,8.662344079289108,0.9225988592758892,-0.17728532646792605,1.0394719809228843,12.559112119790159,15.704963844723753,-12.847551544723753
2018-02-17,4.3478446,-7.302122130564869,6.243946722150657,1.085400818768848,-0.10362880520431139,-0.9870502741218072,12.554133390221816,11.490679721250334,-7.142835121250334
2018-02-18,1.0770198,-7.300378953164122,-1.0473391908068168,0.9038757068976979,-0.16767833812525135,-2.6435067931602414,12.549124149645316,2.2940965812865812,-1.2170767812865813
2018-02-19,0.078934714,-7.295838312236185,-7.113592465645452,0.7942219575512643,-0.2720276867836561,-2.0896200804583827,12.544190072106252,-3.4326665154661598,3.5116012294661596
2018-02-20,1.3842998,-7.2882626680593425,-7.139644867310458,1.076606162430388,-0.2690804964431778,0.5745456549299739,12.539390376021212,-0.5064458384314054,1.8907456384314054
2018-02-21,4.746755,-7.277411380843829,-1.1795935621288887,1.7456339915755061,-0.1167240132935089,2.9554505804444617,12.53486058781722,8.662216203570962,-3.9154612035709615
2018-02-22,15.505395,-7.263762150446052,5.779282369884446,2.5150956354333114,0.07903478863021263,2.4171700557817375,12.53039727284982,16.057217972133476,-0.5518229721334755
2018-02-23,6.5860324,-7.247848867321995,7.616443755393316,3.077357605885063,0.18129984991413695,-1.2981927475393102,12.525709950240055,14.854769546571266,-8.268737146571265
2018-02-24,0.76489466,-7.229224003975538,2.4713100431826076,3.3456617297425684,0.16717218303479187,-5.437041715328962,12.521034880800174,5.8389131174556415,-5.074018457455642
2018-02-25,4.1490583,-7.207761630688886,-5.007473878116768,3.4721610072662163,0.13845319119188704,-6.427659830017431,12.516391684884491,-2.5158894554804903,6.66494775548049
2018-02-26,4.614894,-7.183523602695848,-7.694651608346991,3.655203019625472,0.19712801520851364,-3.0384870486927316,12.511745076627895,-1.55258614827369,6.16748014827369
2018-02-27,0.88086885,-7.15651894631786,-3.1234491644212827,3.9403568524870667,0.33886078382717927,2.41914332037713,12.507108898939371,8.925501744891605,-8.044632894891604
2018-02-28,5.7416077,-7.1267307530814055,3.872390382960849,4.188970798655335,0.47837018881931603,5.991714311237837,12.502519584825075,19.90723451341701,-14.16562681341701
2018-03-01,38.525795,-7.094052274967533,6.399172377247365,4.209670696589872,0.5551328198392288,5.293298935569477,12.49813996087744,21.86136251515585,16.664432484844152
2018-03-02,0.007666182,-7.059415799855467,2.838077345210752,3.9247689788011146,0.5880559267433852,1.1015299304007857,12.493401942958569,13.88641832425914,-13.87875214225914
2018-03-03,0.001989305,-7.021975597465671,-2.2576374985813104,3.4445268475148483,0.6301867134043688,-3.793396177939331,12.4887675978606,3.4904718847935037,-3.4884825797935037
2018-03-04,0.00072736293,-6.981496834268664,-4.268227850994442,2.998971985986482,0.6993420618332006,-6.911985027389512,12.484325487958497,-1.9790701768744388,1.9797975398044387
2018-03-05,15.071337,-6.937667395855906,-3.335549271426919,2.820545754021219,0.780638637292596,-7.135133494413671,12.480277702814012,-1.3268880675686674,16.398225067568667
2018-03-06,7.4583445,-6.891374877792746,-2.1419372359297224,3.030867790253188,0.8774894026420486,-4.187288870210179,12.476124694975159,3.1638809039377485,4.2944635960622515
2018-03-07,0.23109792,-6.842389782097613,-0.977350448757085,3.5577785614706006,1.0169091515440576,1.7351143411723986,12.471996389837976,10.962058213170334,-10.730960293170334
2018-03-08,68.916016,-6.790301747630554,2.0741637138137823,4.117624916722486,1.1900905079166881,9.14903967992499,12.468208718571931,22.20882578931932,46.70719021068068
2018-03-09,68.947014,-6.737519002961577,6.294075056906982,4.33746703804163,1.3233230240172504,14.718232647522678,12.463472762409067,32.39905152593603,36.547962474063965
2018-03-10,8.800583,-6.684294183500903,7.073960954380735,4.001067260874683,1.3458594825172754,14.86769339065621,12.457690324294312,33.061977229222315,-24.261394229222315
2018-03-11,2.036714,-6.628596478333654,1.6670897368739543,3.219253563073437,1.2800590068188533,8.780062318742603,12.451967946396389,20.769836093571584,-18.733122093571584
2018-03-12,0.67128336,-6.5695739660914985,-5.517331797205169,2.373788388619973,1.2345600511567951,-0.3127955538824102,12.446640389410021,3.655287512007712,-2.9840041520077123
2018-03-13,0.005900394,-6.507729022532506,-6.682421638909746,1.869551107441335,1.2927217422476582,-7.4219744804397445,12.441387640376698,-5.008464651816306,5.014365045816306
2018-03-14,0.001989305,-6.443266194944185,-0.2436057816076672,1.8733242597586464,1.4189137411818344,-9.782393695282515,12.436202495318373,-0.7408251755755142,0.7428144805755142
2018-03-15,0.06714137,-6.376211014732161,6.234486554054797,2.264791195110928,1.5020460356373202,-8.453163527433048,12.43113753043575,7.603086773073587,-7.535945403073587
2018-03-16,10.772163,-6.306723183394491,4.81871564039968,2.817479477665785,1.4904961856047634,-6.0078464802151785,12.426159844569263,9.238281484629823,1.5338815153701777
2018-03-17,4.6076403,-6.235177829131563,-2.7679024017875125,3.40378949267309,1.4554214836207753,-3.208303989023208,12.421088334425756,5.068915090777337,-0.46127479077733735
2018-03-18,0.004508067,-6.16138455744019,-6.990197963402384,4.023645933490384,1.505411378719852,1.4054851301069065,12.416015567875505,6.198975489350073,-6.1944674223500735
2018-03-19,6.656603,-6.08523253874872,-2.4017737316396044,4.6533064494584755,1.6552343451963865,8.647522444823,12.410965351500778,18.880022320590314,-12.223419320590313
2018-03-20,18.870712,-6.007013704846095,5.51829424223105,5.109597651687793,1.8072513618733757,16.16220441551124,12.40581528374943,34.9961492502068,-16.125437250206797
2018-03-21,74.01894,-5.927316287131117,7.3717830308776495,5.101262065474261,1.8646669248075036,19.497308832062036,12.400374807659245,40.30807937374958,33.71086062625042
2018-03-22,46.255104,-5.847208232316243,1.5341370700450536,4.4352056801969555,1.8358445528308807,15.884817550242603,12.394162905581934,30.236959526581188,16.018144473418815
2018-03-23,3.0839403,-5.76621039598983,-4.410885387637761,3.195290577017091,1.808529431874529,6.876538045363663,12.387417070387285,14.090679341014976,-11.006739041014976
2018-03-24,4.005524,-5.68296560846124,-3.748386879054268,1.707928839818389,1.8330245244143026,-2.759141568101907,12.380750319794997,3.7312096284102747,0.2743143715897256
2018-03-25,0.73718935,-5.597459335426949,1.3699095326101922,0.34664342622187705,1.867915566301956,-8.535846423893505,12.374086048905271,1.825248814718842,-1.088059464718842
2018-03-26,0.001989305,-5.509635845465443,3.838021995688374,-0.6656630773747413,1.8475072130097616,-8.9662458289406,12.36743370546377,2.9114181623811195,-2.9094288573811196
2018-03-27,0.53102386,-5.418990350797369,1.042166853055937,-1.3353822482168225,1.7738152014617952,-5.7955211412788445,12.361115984236761,2.627204298461457,-2.0961804384614573
2018-03-28,0.7208097,-5.325665030592967,-2.8091362316643806,-1.8200754248205762,1.7180790846676834,-2.324202811119625,12.355144543718206,1.7941441301883412,-1.0733344301883412
2018-03-29,1.6189553,-5.230082954875773,-3.270507760188085,-2.277532534482174,1.7356320558311984,-1.3269417108643629,12.349313847644268,1.9798809430650728,-0.3609256430650727
2018-03-30,0.8777022,-5.1323397599418925,-1.113303791886611,-2.7574157713120777,1.8046490271696969,-3.5958635940255,12.343517203020717,1.5492433130243324,-0.6715411130243324
2018-03-31,0.0066519715,-5.03240334671996,0.26752205360862363,-3.1952639728617758,1.8604647651441755,-7.589514553286673,12.337777761809962,-1.3514172923056478,1.3580692638056477
2018-04-01,0.06990367,-4.929853972247677,0.24634788433547394,-3.5005643772526325,1.8701056730767056,-10.432021228812184,12.332375024394526,-4.413610996505785,4.483514666505785
2018-04-02,4.0384946,-4.824754364095899,0.7886387474522475,-3.6651614208953536,1.8520980229933381,-9.83205046703519,12.327273180148138,-3.353956301432719,7.392450901432719
2018-04-03,1.6160288,-4.717586357588607,1.8995286197431993,-3.7913128903774296,1.8348761701958984,-5.557575255715932,12.322198543067957,1.9901288293250854,-0.37410002932508535
2018-04-04,0.8066967,-4.60848553262357,0.8728654746662559,-4.012994041588152,1.8240701306965126,0.7016587434420251,12.317140697522357,7.094255472115427,-6.287558772115427
2018-04-05,1.3773307,-4.497589084821122,-2.804320560800468,-4.392371575323014,1.816704181864973,6.700038486596981,12.312084798048053,9.134546245565403,-7.757215545565403
2018-04-06,6.975002,-4.384945930561255,-4.775648479408296,-4.890046134173218,1.8233403511990363,10.736154815038324,12.307005246562227,10.815859868656817,-3.8408578686568173
2018-04-07,15.965984,-4.27070810069534,-0.9603392072279326,-5.432321176209078,1.8495898150579442,11.724970535785983,12.301848284707301,15.213040151418877,0.7529438485811237
2018-04-08,6.3397355,-4.155048968150875,5.807708984377457,-5.993857387599589,1.862132891565503,9.08774170290205,12.296559437536887,18.905236660631434,-12.565501160631435
2018-04-09,0.49207684,-4.037466682975619,7.799461416057193,-6.598770690148655,1.8058145566298056,3.4358352639664442,12.291394042475508,14.696267906004676,-14.204191066004677
2018-04-10,0.11031748,-3.9174985790589383,1.921903820037435,-7.248198648490022,1.6715686615833543,-2.68063865344972,12.286568930700195,2.0337055313223047,-1.9233880513223047
2018-04-11,0.32981065,-3.7946387136765054,-5.58096388980389,-7.870898343282842,1.52852124652469,-5.680349102939578,12.28226272628963,-9.116066076888494,9.445876726888494
2018-04-12,2.940773,-3.6685194679678643,-6.277871801409039,-8.356176036930776,1.4619112515817263,-3.626712345532194,12.278662151060058,-8.188706249198091,11.129479249198091
2018-04-13,1.623059,-3.540191763188341,0.12386342114685212,-8.6205176338235,1.4771064532505567,1.7571400025128452,12.275292291270546,3.4726927711689584,-1.8496337711689583
2018-04-14,5.344169,-3.4102484334040684,5.6336447273677805,-8.63488711262327,1.4843239787079423,6.156549274946558,12.271970566174044,13.501353001168987,-8.157184001168986
2018-04-15,19.408495,-3.27889557470459,4.195323447067451,-8.390336485448492,1.3962383345553393,6.203516340028415,12.268633398957514,12.394479460455637,7.014015539544362
2018-04-16,6.6719275,-3.1464327777849306,-1.0603382048683772,-7.861345357108698,1.2307979155849211,2.1310329157616774,12.265110195550424,3.558824687135015,3.1131028128649847
2018-04-17,15.06203,-3.012739222482861,-2.6759484643781724,-7.037827279658434,1.0919887594660476,-2.9719303838112063,12.261504616756872,-2.3449519741077527,17.40698197410775
2018-04-18,27.720915,-2.877732837382305,1.1147987459427728,-5.995456837540424,1.0453009266339566,-6.216235471848468,12.257912794207694,-0.6714126799867728,28.392327679986774
2018-04-19,3.6909997,-2.7416430727836145,4.530641645487316,-4.874320009898216,1.0409300720068022,-6.923116107927061,12.254237543536767,3.286730070421994,0.40426962957800594
2018-04-20,0.09011431,-2.6043648550320473,2.350648750793229,-3.758633335250525,0.9760864054274876,-5.966399941314578,12.250542883124963,3.247879907748528,-3.157765597748528
2018-04-21,0.031128526,-2.4659188036773765,-3.2665605581217787,-2.594777725901412,0.8181197203783706,-4.009669421455424,12.246866148466207,0.7280593596885865,-0.6969308336885864
2018-04-22,0.0020116568,-2.326458849827144,-5.837563334212318,-1.2492912025222491,0.6432604383531012,-0.9737673886182167,12.243204207714832,2.499383870888005,-2.497372214088005
2018-04-23,4.2960176,-2.1857113362754745,-2.697926025545463,0.3127069030941624,0.545659535639434,2.8818985837895097,12.239742296278113,11.096369956980281,-6.800352356980281
2018-04-24,9.628888,-2.0440595012064353,2.3802445210955523,1.9008280360674212,0.5276604094642411,6.03178959078827,12.236306944766023,21.03277000097507,-11.40388200097507
2018-04-25,52.878677,-1.901881357836953,4.382507790262129,3.176372515943841,0.4999427833331329,6.410151938555745,12.23278246446498,24.799876134722872,28.07880086527713
2018-04-26,12.41367,-1.760321892307919,2.442487521599139,3.8989094456474827,0.38721099509630585,3.2006652849932196,12.228575606208,20.397526961236228,-7.983856961236228
2018-04-27,0.87659854,-1.618286904893365,-0.7283664640998324,4.135758721450967,0.21294916851817144,-2.174657229604944,12.224306839900207,12.051704131271203,-11.175105591271203
2018-04-28,0.5819327,-1.4753896735018566,-2.8061499970244976,4.216798882528881,0.06550126035182519,-6.972135203601535,12.220172791352333,5.248798060105149,-4.666865360105149
2018-04-29,0.06488245,-1.331951894122711,-3.3013446168500136,4.497842170732589,7.741419749865419e-06,-9.018635236944341,12.216097086233837,3.062015250469111,-2.997132800469111
2018-04-30,0.0020116568,-1.1881578411117888,-2.163698382581957,5.124570313185559,-0.010974316914054427,-8.00748746314242,12.212068319578764,5.966320629014103,-5.964308972214103
2018-05-01,9.639189e-05,-1.0436194995204344,0.5032866057910098,5.977126700465961,-0.03601848762612757,-5.326211355361919,12.20830528139668,12.282869245145168,-12.282772853255167
2018-05-02,14.044715,-0.897984549608668,2.975119868419988,6.814897228655058,-0.1136974585083904,-2.7202126062221748,12.20496027412817,18.263082756863984,-4.218367756863984
2018-05-03,23.47069,-0.7519645846659068,2.4015199230355226,7.468348488097377,-0.22982981458830817,-0.8984832632916847,12.201655105612609,20.191245854199607,3.279444145800394
2018-05-04,17.767603,-0.6064839406572315,-1.6046456512393097,7.919374032370894,-0.3456029421574582,0.8410134726783116,12.198021174887,18.401676145882206,-0.6340731458822049
2018-05-05,3.1576,-0.4615142723238942,-5.086113321244399,8.229971412324629,-0.4269776332350791,3.6324388511826147,12.19414694933058,18.08195198603445,-14.92435198603445
2018-05-06,0.033907592,-0.31659230063491045,-3.5801785226657623,8.401499056243951,-0.4540435035491982,7.513287096044477,12.190232041762972,23.75420386720153,-23.72029627520153
2018-05-07,44.41158,-0.17167200491573142,2.1919497921807984,8.302837354850803,-0.4286400821563636,10.859664935578989,12.186314201574817,32.94045419711331,11.47112580288669
2018-05-08,47.890972,-0.027956874904512527,6.3752176991138905,7.749284377865108,-0.3859603610986261,11.597760604638632,12.181813771307233,37.490159216921725,10.400812783078273
2018-05-09,45.257347,0.11423702882391462,4.516447070465349,6.668275178526863,-0.3845018893367822,9.188616657201868,12.176617682963299,32.27969172864451,12.977655271355495
2018-05-10,14.585638,0.2550831751347852,-1.3065776581395903,5.181793638851321,-0.46198097632343826,5.314735054320673,12.170748768900289,21.15380200274404,-6.568164002744041
2018-05-11,3.5262067,0.3954839371073888,-4.994390084295439,3.5442004935451963,-0.5874868641753731,2.4669198396525527,12.164710660318647,12.989437982152973,-9.463231282152973
2018-05-12,0.028995099,0.5359123011096344,-3.224445794646043,1.9777285697911,-0.6754455825712946,1.7228584673357639,12.158726048290013,12.495334009309174,-12.466338910309174
2018-05-13,58.36344,0.6765523154661276,1.6708841765250007,0.5452148035567469,-0.6693802653047353,1.8928955535495653,12.152830539374348,16.268997123167054,42.09444287683294
2018-05-14,30.330458,0.8168140152383193,5.17437937760007,-0.834646772188152,-0.6129237589484055,0.8242465235045858,12.146775823131494,17.51464520833791,12.81581279166209
2018-05-15,0.14862348,0.9565923282746971,5.132410957303319,-2.2293236352402745,-0.615789161334177,-2.4061137853774985,12.140604457646852,12.978381161272917,-12.829757681272918
2018-05-16,0.014739111,1.0962566183622067,2.3294106330901485,-3.575580880983829,-0.742636511155084,-6.568154942817061,12.13451736818113,4.6738122846775125,-4.659073173677513
2018-05-17,0.015800353,1.2357351093216682,-1.487080894301935,-4.689727070280399,-0.9361322537508192,-9.282360077595408,12.128486567464218,-3.0310786191426757,3.0468789721426757
2018-05-18,2.318188,1.3749971713716547,-4.444107618806099,-5.388229278108354,-1.0642487209762732,-8.909483864303661,12.122528286164146,-6.308544024658589,8.62673202465859
2018-05-19,11.991216,1.5140820696343744,-4.511780847354052,-5.623243350888194,-1.0526492792353819,-5.773492842868615,12.116686767339155,-3.330397483372712,15.321613483372712
2018-05-20,1.5886748,1.652507760345554,-1.0103251090349676,-5.514026465441742,-0.9605805750770186,-1.8448891527066305,12.110722493521003,4.433408951606198,-2.8447341516061986
2018-05-21,0.0031802338,1.7904644642537468,3.4673634450397213,-5.252085320993239,-0.915789185198305,0.7641976911622095,12.104774876675227,11.95892597093936,-11.95574573713936
2018-05-22,0.0046268106,1.9293684667276905,4.5809415181795385,-4.9839807059470544,-0.9817960576093504,1.2434516333443573,12.09967434382607,13.887659198521252,-13.883032387921252
2018-05-23,14.003397,2.0681420402676913,1.0399258767541517,-4.753483355716543,-1.0981140211397853,0.3790158447926498,12.094798920109143,9.730285305067309,4.273111694932691
2018-05-24,20.760107,2.2058412389879964,-3.2955422775110517,-4.529094112395222,-1.154102558195602,-0.4624110710641893,12.089719913811633,4.8544111336335645,15.905695866366436
2018-05-25,4.771693,2.3422553832894755,-3.773350643809243,-4.258472965964458,-1.1071260959427527,-0.6365336136452868,12.084343480245325,4.65111554417306,0.12057745582693968
2018-05-26,1.1310661,2.4779020615536105,-0.7497858575407244,-3.8940578093893126,-1.015578155125048,-0.5138992854903062,12.078943296523699,8.383524250531918,-7.252458150531918
2018-05-27,4.8908434,2.61328716385192,1.0775488381659275,-3.393611898592031,-0.9634694709820112,-0.5925738601640652,12.073837143451374,10.815017915731115,-5.924174515731115
2018-05-28,3.0107143,2.747859354300508,-0.7226468340442318,-2.737243252457932,-0.9744281851143703,-0.6649510427344474,12.068800772467723,9.71739081241725,-6.70667651241725
2018-05-29,1.2329717,2.881448942226821,-2.885346640469308,-1.971071666299785,-1.0084927109628514,-0.20185120526363698,12.06382517872337,8.87851189795461,-7.64554019795461
2018-05-30,24.823284,3.0140191076113245,-1.2894060276663792,-1.2169583141127154,-1.0231981008016617,0.5452996491738085,12.058920548235621,12.088676862439998,12.734607137560003
2018-05-31,19.742891,3.1448219524731336,2.651670665751604,-0.6022800716644925,-1.0138984684880672,0.3646325335893218,12.053650142869142,16.59859675453064,3.1442942454693608
2018-06-01,4.437711,3.273961099323129,3.4872221613915872,-0.15275202400634091,-0.995024313046367,-1.5915777429033195,12.048089375711529,16.069918556470217,-11.632207556470217
2018-06-02,1.2918525,3.4019961035388633,-0.521171502514614,0.23737775237150377,-0.9681925762874751,-4.5319539165800045,12.042608765907886,9.660664626436159,-8.368812126436158
2018-06-03,0.3631916,3.5288733976009485,-4.400106167838992,0.7213004047547698,-0.9265373060399628,-6.5823606362590805,12.037155818466855,4.3783255106845385,-4.015133910684538
2018-06-04,0.005096197,3.6546008342303002,-3.0441292235133997,1.3767912835126155,-0.8815778737324957,-6.742153354643277,12.03174116641628,6.395272832270024,-6.3901766352700236
2018-06-05,0.15768036,3.7790296118391034,1.5282503353516357,2.1709411646075103,-0.8593056393873106,-5.7976131280705525,12.026356560905166,12.847658905245552,-12.689978545245552
2018-06-06,25.756771,3.9020642498432205,2.753878271876397,3.047785279370399,-0.858954544279532,-4.844379624998739,12.02099452094371,16.021388152755456,9.735382847244544
2018-06-07,10.719133,4.022943994393037,-1.2017900484635597,4.0197285871650745,-0.8361357991785163,-3.246096614733277,12.01525589030445,14.77390600948721,-4.05477300948721
2018-06-08,21.499874,4.14261736482886,-4.464457941566467,5.13756106874769,-0.7503382159768108,1.0673176637978012,12.009770996306386,17.14247093613746,4.357403063862538
2018-06-09,26.553455,4.260469313890779,-1.4211428195600926,6.3505116731779,-0.6260262511625627,8.738131599126833,12.004171619408083,29.30611513488094,-2.7526601348809407
2018-06-10,64.75737,4.376102653705641,5.195544093878562,7.42484793830578,-0.5419790005010983,16.800553301858194,11.99829743846914,45.25336642571622,19.50400357428377
2018-06-11,90.31511,4.489477660931508,7.502521778118783,8.037079897791553,-0.5485926745660323,20.11039152983908,11.992214608214935,51.58309280032984,38.73201719967017
2018-06-12,24.538929,4.599370995872565,2.837578944333469,8.008286312669785,-0.6055387023444804,15.506887300873405,11.98517171849866,42.331756569903405,-17.792827569903405
2018-06-13,5.3890424,4.70721026423838,-2.912154928418315,7.465729008917435,-0.6251867492054105,4.6884847820576105,11.977928047224017,25.30201042481372,-19.91296802481372
2018-06-14,3.2041824,4.813813856761172,-3.4882536428602195,6.777044011899109,-0.576606032351185,-6.905505648395554,11.970916627531249,12.591409172584571,-9.38722677258457
2018-06-15,24.307117,4.918908933237557,-0.3296481282634356,6.343410152517155,-0.5173442276227778,-13.797271504923193,11.964031184319344,8.58208640926465,15.725030590735352
2018-06-16,13.776089,5.022639336166128,0.5151616193404185,6.39270552728406,-0.5148670312974861,-13.49667323159356,11.957365269804813,9.876331489704372,3.899757510295629
2018-06-17,1.3843877,5.124642119485539,-2.285127351298732,6.89593322616072,-0.555159160048255,-7.070593354930239,11.95070822796757,14.060403707336604,-12.676016007336605
2018-06-18,8.55185,5.224812214875667,-3.3919705731492775,7.605891403460852,-0.5573722000612171,2.030899300797618,11.944049907661448,22.85631005358509,-14.30446005358509
2018-06-19,3.0658567,5.3229427341761895,1.0263377970436642,8.177456133301156,-0.4764976315753481,9.624346519356246,11.937341633935242,35.611927186237146,-32.54607048623715
2018-06-20,111.17166,5.4188748050091675,6.876445081358553,8.306662554400761,-0.36769659997225435,12.463910487442257,11.930663486437213,44.62885981467569,66.54280018532431
2018-06-21,59.50857,5.509881444883564,6.950183283480871,7.83597011136772,-0.33251187523442205,9.72664603469841,11.92241311791682,41.612582117112964,17.895987882887034
2018-06-22,4.7767916,5.598709438795529,0.5417924174860866,6.823910210299692,-0.40510479939962984,3.5653020861121307,11.914160134513047,28.038769487806853,-23.261977887806854
2018-06-23,40.860493,5.686038243566426,-5.568153175840154,5.473438841185847,-0.5219660975472182,-2.3001567570973176,11.906264817407957,14.67546587167554,26.185027128324457
2018-06-24,22.661621,5.770418443234616,-5.820794317442386,3.9912680109641503,-0.5978974242989304,-5.082204091349921,11.897915389008679,10.158706010116207,12.502914989883793
2018-06-25,0.92314416,5.852791247648285,-2.100798851586669,2.5011619119675084,-0.604489004713047,-4.488973595736973,11.889632222096786,13.04932392967589,-12.12617976967589
2018-06-26,0.29346627,5.933436236093607,0.32509266504458845,1.0212686182880373,-0.5748371965576173,-2.403356534006182,11.881513488973358,16.18311727783579,-15.889651007835791
2018-06-27,0.26653147,6.012127536486192,0.2746779547246305,-0.4895312382352128,-0.5523051976468718,-1.3487305265917153,11.873490335923009,15.769728864660031,-15.503197394660031
2018-06-28,0.7260321,6.088898116477528,0.6610270948291895,-2.044378789370709,-0.5541808691332387,-3.0239424534954225,11.865600707483212,12.99302380679056,-12.266991706790561
2018-06-29,0.5970546,6.164263251942711,2.122323600952016,-3.5576682822846504,-0.5788376746981146,-7.416361324525722,11.858097761231665,8.591817332617905,-7.994762732617906
2018-06-30,0.27951923,6.23801184955982,1.1074381644001157,-4.831997828749844,-0.6180046200615765,-12.3999123739796,11.850788137684566,1.3463233288534813,-1.0668040988534813
2018-07-01,0.050866045,6.310285961247308,-3.9082062690281703,-5.6339019854366175,-0.6470075557316701,-14.301902000725866,11.84374069566928,-6.3369911540057355,6.387857199005736
2018-07-02,0.15316996,6.381046878631304,-7.757255017530422,-5.840354477685688,-0.6227811511660715,-10.118110314808993,11.836973971013496,-6.1204801115463745,6.273650071546374
2018-07-03,0.09617768,6.45008840650319,-4.140115932329895,-5.565341331453723,-0.5239325278833692,-0.4358673104936792,11.830384088659434,7.615215393001957,-7.519037713001957
2018-07-04,3.729484,6.517484217132974,4.973795174652452,-5.143330933262213,-0.3976114785278828,9.75602802659668,11.823992751580372,27.53035775817238,-23.80087375817238
2018-07-05,71.435165,6.585305875996145,9.805133253505776,-4.93925575146425,-0.3399005790013125,14.227306450181379,11.819066666649755,37.157655915867494,34.277509084132504
2018-07-06,51.83033,6.650177861260175,4.358676010894772,-5.106358889284604,-0.40148849319414776,10.609695894872363,11.81375145781861,27.92445384236717,23.905876157632825
2018-07-07,9.489394,6.711696509361741,-5.404020567410651,-5.495335050327492,-0.5200955638800614,2.713581031634515,11.807943039184847,9.813769398562899,-0.3243753985628981
2018-07-08,0.31467342,6.771145305829377,-8.271807925601856,-5.82480073942062,-0.5736070933015713,-2.632503439743121,11.802255952619333,1.2706820603815423,-0.9560086403815423
2018-07-09,3.6321907,6.828474966577462,-1.4091233891860862,-5.950846206448218,-0.5077554043558214,-1.4039442976467575,11.79663347279642,9.353439141736999,-5.721248441736998
2018-07-10,8.361879,6.8833787931091575,6.49796461410023,-5.980711414441686,-0.39629444348520637,4.636736663463202,11.790983874627674,23.43205808737337,-15.07017908737337
2018-07-11,21.625526,6.935593469353556,6.381118806108325,-6.139559975325858,-0.3607287844108652,10.204986848072517,11.785217732899836,28.806628096697516,-7.181102096697515
2018-07-12,31.747082,6.984935989979072,-0.36767721223155114,-6.5459392820217985,-0.4389373135181339,11.165462314139907,11.779239744630765,22.57708424097826,9.16999775902174
2018-07-13,8.295999,7.031320518417739,-4.783254768746821,-7.112176136653519,-0.5496940366347498,7.094836150976291,11.773024186609106,13.454055913968045,-5.1580569139680446
2018-07-14,2.0540488,7.075254258702222,-2.098099843464875,-7.637559647773828,-0.5889775602460228,0.27628569884170484,11.766860165297446,8.793763071356647,-6.739714271356647
2018-07-15,0.75890404,7.11731075689022,3.1082679846489683,-7.977637050029854,-0.545960978535139,-6.653780146950092,11.761030617960827,6.80923118398493,-6.05032714398493
2018-07-16,7.910154,7.157046208475947,3.9112906308978275,-8.100517256034014,-0.504759205355465,-11.795092533412975,11.755276601424175,2.423244445995497,5.486909554004503
2018-07-17,10.996094,7.19455942209399,-0.17928483190787625,-8.009261097212086,-0.53965413796143,-13.788035539144436,11.74963305071036,-3.572043133421479,14.568137133421478
2018-07-18,8.342699,7.229838503684765,-3.74625590013661,-7.6536453252490215,-0.6305729906755642,-11.938531374179535,11.743982479854736,-4.99518460670123,13.33788360670123
2018-07-19,4.852278,7.263211933909407,-2.9770509615541876,-6.949512143697596,-0.6932265853592169,-7.151904226597445,11.738534493465652,1.2300525101666135,3.6222254898333865
2018-07-20,4.418891,7.294477204101757,0.37814724566984453,-5.874379283220397,-0.6775700988088389,-2.281203954745518,11.733266707980095,10.572737820976943,-6.153846820976943
2018-07-21,8.421086,7.323197466171587,2.4539022305067126,-4.519367819054334,-0.6174224105146888,-0.6275149931522459,11.728018438160918,15.740812912117947,-7.319726912117947
2018-07-22,3.9490938,7.349086319247385,1.889876831024242,-3.0252862020613174,-0.5815475417757769,-3.3419395046664944,11.722702642848235,14.012892544616273,-10.063798744616273
2018-07-23,0.7119253,7.372412667854764,-0.1627340884195584,-1.4650903806514595,-0.5929651151480657,-7.978900085062751,11.717458653749219,8.890181652322148,-8.178256352322148
2018-07-24,1.6442984,7.393599913074071,-2.514252298304131,0.1893996212294564,-0.6111583086750355,-9.771181141665563,11.712448185468316,6.398855971127113,-4.754557571127113
2018-07-25,15.330491,7.412460268624793,-4.225601709683898,1.962891370260007,-0.587614245954676,-4.983656799013275,11.707541750777544,11.286020635010496,4.044470364989504
2018-07-26,6.0050945,7.4287482186388,-3.5100125559516355,3.72992678315076,-0.5213301819560364,6.019696825032433,11.702545285632283,24.849574374546606,-18.844479874546607
2018-07-27,7.5095687,7.44422388980586,0.8000759077634949,5.180650567408397,-0.4538608413440932,18.300278585488037,11.698534672382998,42.96990278150469,-35.46033408150469
2018-07-28,140.47824,7.457391906426308,6.157929187517273,5.948368003962288,-0.42538917860478503,25.045182497743593,11.694863834304842,55.87834625134951,84.59989374865049
2018-07-29,69.64575,7.464280997782718,7.232978496216398,5.826186018377584,-0.4462342587674786,21.883201269977192,11.689355089875546,53.64976761346196,15.995982386538046
2018-07-30,6.555789,7.466682176036878,1.8697148963842847,4.954146326438344,-0.4965170982593886,9.940275897482783,11.683057220512723,35.41735941859562,-28.861570418595623
2018-07-31,4.062513,7.466395015777923,-5.322657852988194,3.7553347197924327,-0.5517025735956889,-4.887101736421492,11.676815508556118,12.137083081121098,-8.074570081121099
2018-08-01,5.1448016,7.4639400663633175,-7.406804812173951,2.7116166044103363,-0.5921269675235221,-15.75490617880282,11.670716021912693,-1.9075652658139468,7.052366865813947
2018-08-02,7.11742,7.4601315609082635,-2.9548704236745738,2.1415268586808978,-0.5962059120440841,-18.825065721848567,11.665146644885027,-1.1093369930930361,8.226756993093037
2018-08-03,4.9716926,7.454337248378372,2.494694577672505,2.0924884312717613,-0.5493329437729015,-14.648644455577145,11.659767005107373,8.503309863079965,-3.5316172630799647
2018-08-04,4.2265368,7.445922137142421,3.314490043771092,2.385416326826327,-0.4666455789141967,-6.6498981539548,11.6543388639246,17.683623638795442,-13.457086838795442
2018-08-05,4.0070963,7.434723569723761,0.1511597272878763,2.7608158409814134,-0.3897293816158017,1.3841951784529025,11.648868549824433,22.99003348465458,-18.98293718465458
2018-08-06,33.83326,7.420674338123801,-2.0547209981848815,3.0180235510409927,-0.34727222895593146,6.8598145806411495,11.643374104548654,26.539893347213784,7.293366652786219
2018-08-07,34.01141,7.402961534837691,-0.8910695445766792,3.0727414235197044,-0.3216754016219838,8.69597691235203,11.637410216088542,29.596345140599304,4.415064859400694
2018-08-08,52.102474,7.381980730510613,1.255883477293819,2.9381496174097794,-0.26564953153085935,7.25078529448354,11.63118824966274,30.192337837829633,21.910136162170367
2018-08-09,24.65601,7.357707025903649,1.5913823790608341,2.656524150989887,-0.15998890573457808,4.1379577362164,11.624669479285368,27.208251865721557,-2.552241865721559
2018-08-10,12.854025,7.330367862194431,0.8127117203727713,2.245025257073978,-0.04518430509291882,1.536070980859786,11.61798419820853,23.496975713616578,-10.642950713616578
2018-08-11,30.155926,7.300224842661482,1.0494446554663361,1.6701346391022982,0.014507925277363165,0.869638412213402,11.611262658596901,22.515213133317783,7.640712866682218
2018-08-12,21.657341,7.266764210142142,1.8648485516936706,0.8736578222393591,0.0022959303131891984,1.8506644899874636,11.60419761136443,23.462428615740254,-1.8050876157402556
2018-08-13,26.49584,7.23007537870291,0.9692496770982117,-0.1719354908819392,-0.028140058677017882,2.861561854459861,11.596843173100535,22.45765453380256,4.03818546619744
2018-08-14,23.641205,7.1902978517464735,-1.5366427738908923,-1.4190406704230238,-0.00890739934261861,2.374554311368895,11.58921910829201,18.189480427750844,5.451724572249155
2018-08-15,6.1099815,7.148152821882178,-2.46298944382431,-2.727852296114132,0.0723168262015664,0.11377765989305696,11.581658878857526,13.725064446895885,-7.615082946895885
2018-08-16,12.454888,7.1046168929387274,-0.15727101356722978,-3.9043399690402225,0.16688455572736005,-2.9727986135233646,11.57466850798125,11.811760360516521,0.6431276394834793
2018-08-17,11.619005,7.059099222468132,2.4314686964687438,-4.787296104683666,0.22568805089700328,-5.578797436195141,11.56793898843314,10.918101417388211,0.7009035826117884
2018-08-18,0.024451409,7.010953485543171,1.5249790284539855,-5.334206162375097,0.25148606147716895,-6.805919220479272,11.561133327053795,8.208426519673752,-8.183975110673753
2018-08-19,2.9802322e-05,6.960558192969185,-1.866645186785202,-5.649478712792727,0.2823826205140089,-6.461981986289509,11.554447690930228,4.8192826185459845,-4.819252816223985
2018-08-20,11.6383915,6.908595935357621,-2.929862259458571,-5.907748875372951,0.3360287287841576,-5.024233971776231,11.548209704747176,4.9309892622812015,6.707402237718798
2018-08-21,3.9173412,6.854613398701515,0.1519351875447416,-6.205990887133243,0.38901107393025286,-3.3365811825745264,11.542132918103906,9.395120508572646,-5.477779308572646
2018-08-22,0.18669851,6.798504047358354,3.2381262041218513,-6.46447821622272,0.4133737864428672,-2.041897388622318,11.536242572941559,13.479871006019593,-13.293172496019594
2018-08-23,29.530565,6.740025550364635,1.8284607687470023,-6.4769876744751915,0.41829724464903084,-1.1512575902246742,11.530475456784382,12.889013755845184,16.641551244154815
2018-08-24,21.266151,6.678492365591056,-2.400580798277697,-6.08136378060608,0.4417318416010005,-0.32925078073647973,11.524458459833516,9.833487307405317,11.432663692594684
2018-08-25,1.4841328,6.614116884364654,-3.66479407664315,-5.303362121807362,0.5048728561291858,0.27948270245876583,11.518232637210303,9.948548881712396,-8.464416081712397
2018-08-26,3.4645078,6.547481961757905,-0.27366456917417137,-4.359764314878262,0.5867943649391169,-0.22753683182023515,11.51209098661854,13.785401597442894,-10.320893797442894
2018-08-27,14.657026,6.478564443958758,2.725888711012407,-3.500455417495717,0.6543374437406824,-2.4067599240836186,11.506035791544452,15.457611048676965,-0.8005850486769646
2018-08-28,10.995004,6.4071698285334575,0.6372161192677201,-2.822265334394397,0.7084052528964409,-4.989765905639718,11.499937033987816,11.44069699465132,-0.4456929946513206
2018-08-29,10.682324,6.333462534050758,-3.938465739449292,-2.2346876229031722,0.7822683160793915,-5.142148255892164,11.493900213112694,7.2943294449982155,3.387994555001784
2018-08-30,4.832507,6.2572077141087075,-4.389182239323388,-1.6048113319084556,0.8935768197747639,-0.9367769330917174,11.487758792273812,11.707772821833723,-6.8752658218337235
2018-08-31,3.7010062,6.1789686667232555,0.708652354931359,-0.9275525127268729,1.0154184407477287,6.254697677605456,11.481778528351837,24.711963155632766,-21.010956955632764
2018-09-01,71.90045,6.0990448096523995,5.382938328355041,-0.36511925892253116,1.103804337001109,12.150889505820647,11.476162353512121,35.847720075418785,36.05272992458122
2018-09-02,62.105167,6.015305383380086,4.281953124638391,-0.12307901426022178,1.146611707075898,12.727816855303809,11.469696613815785,35.51830466995375,26.58686233004625
2018-09-03,9.432748,5.927984895722248,-0.2809762127806219,-0.2626445175923684,1.1742297093166745,7.298475943185142,11.462537641968362,25.319607459819437,-15.886859459819437
2018-09-04,29.587208,5.838669640433468,-2.1194697368297746,-0.6340440477980699,1.2168838522914194,-1.264693740654321,11.455525182909689,14.49287115035241,15.09433684964759
2018-09-05,13.384055,5.747099986007711,-0.05636313154980046,-0.9580127538318705,1.2701825723563767,-8.794698685019453,11.448383199080663,8.656591187043627,4.727463812956373
2018-09-06,0.27590665,5.653445412347617,1.0468640873692838,-0.9592056894668073,1.316002113352151,-12.123756711725886,11.441146272331162,6.374495484207521,-6.098588834207521
2018-09-07,0.915024,5.55807259721664,-1.6773634543951665,-0.49538879357057647,1.3587096374728929,-10.045145707323856,11.434000168287696,6.13288444768763,-5.21786044768763
2018-09-08,5.953253,5.460963966232789,-4.133773383935812,0.3867970608753072,1.421675778441654,-3.3772875753902234,11.426937892105697,11.185313738329413,-5.232060738329412
2018-09-09,2.8388467,5.363336526962295,-1.1390221676714232,1.4781773793815054,1.50423212646625,5.1303876384095854,11.420605167075413,23.757716670623623,-20.91886997062362
2018-09-10,66.14328,5.265251632285105,5.151601556229279,2.5019198243507534,1.5633315699338417,11.485429156520471,11.415065159934418,37.382598899253864,28.76068110074614
2018-09-11,53.407875,5.163629821817626,6.993725142642688,3.2438818389029693,1.5582585763962102,12.388161043935582,11.408663514958166,40.75631993865324,12.651555061346755
2018-09-12,1.8218746,5.058756595048715,1.4339118803981525,3.6716928917109617,1.5112784011625142,7.503704702570901,11.40164352232689,30.580987993218134,-28.759113393218133
2018-09-13,3.1894655,4.952257015398448,-5.169721200811679,3.9323715976395293,1.4968953925958566,-0.15653054236324276,11.39477250583712,16.45004476829603,-13.26057926829603
2018-09-14,16.45642,4.84413589137984,-5.223339623092084,4.23108086259755,1.5603736232829735,-6.396774920701291,11.387953295779441,10.40342912924643,6.052990870753572
2018-09-15,21.115604,4.734007101891827,0.34036688588844183,4.704104090653927,1.663604502922079,-8.607051845607728,11.380993846641154,14.2160245823897,6.899579417610301
2018-09-16,3.040883,4.621683855871671,3.9102141575182943,5.367505895229133,1.7256734056248075,-6.835987598887621,11.373809028472925,20.16289874382921,-17.12201574382921
2018-09-17,39.385555,4.508305484749233,1.7355231166795355,6.149588073703185,1.710768198249027,-2.8709048269477604,11.367021493035963,22.600301539469186,16.78525346053081
2018-09-18,34.80211,4.39334822598271,-1.6703490598311623,6.95722315342573,1.6613732151059755,1.1569109357441696,11.360289586045836,23.85879605647326,10.94331394352674
2018-09-19,5.2794123,4.276476140098342,-0.8830662244830259,7.728235022371885,1.6417996793186302,3.5539147018701343,11.353427148609194,27.670786467785163,-22.391374167785163
2018-09-20,45.787975,4.157862111372406,2.43147081802937,8.42537356022442,1.6607577309175947,3.470055257662005,11.346571584597726,31.49209106280352,14.295883937196482
2018-09-21,49.086544,4.036289203491794,2.4827057739060328,9.015964150088886,1.6692337787290406,1.4464040902740465,11.33903825881083,29.989635255300627,19.096908744699377
2018-09-22,11.073523,3.9117217491938625,-1.4334674412725246,9.477876613633798,1.6300860249470417,-0.5202362529364627,11.330766429744273,24.396747123309986,-13.323224123309986
2018-09-23,2.210791,3.7857676855088584,-3.5127042410327394,9.794050666155107,1.561448659764955,-0.33615973768434815,11.322643543574932,22.615046576286765,-20.404255576286765
2018-09-24,4.1410832,3.658701366283707,-0.20128892403991921,9.94451278881172,1.5045694194380064,2.3047192649938517,11.314763044161465,28.52597695964883,-24.38489375964883
2018-09-25,62.887432,3.5299851648044998,3.8639051246431175,9.920415867631418,1.4694971366781087,5.656322935960462,11.306876796010528,35.747003025728134,27.140428974271863
2018-09-26,48.892853,3.398001326821701,2.0956887118596024,9.740587098685877,1.4326804169604435,7.826331146119161,11.298100821530404,35.79138952197719,13.101463478022815
2018-09-27,37.548534,3.263100708788243,-4.024213945703063,9.450774516299145,1.384725802731499,8.75173877654,11.288655254840489,30.11478111349631,7.433752886503687
2018-09-28,5.564506,3.1258115791508834,-5.939592672647519,9.057188135601091,1.3489402162415813,9.750476939966642,11.278718245872176,28.621542444184854,-23.057036444184853
2018-09-29,27.83614,2.9874427468539086,0.404983011997157,8.470420631943758,1.34152114518907,11.24764135222335,11.269009827998584,35.72101871620583,-7.884878716205833
2018-09-30,89.362785,2.8468249519194035,8.188941915648009,7.535411829490761,1.3292983654573831,11.642379406354408,11.2589135865681,42.80177005543806,46.56101494456194
2018-10-01,54.124985,2.7023450465710908,7.918216120740811,6.168371174943182,1.2550876069605887,8.994019871464303,11.247539656901436,38.285579477581415,15.839405522418588
2018-10-02,0.28615957,2.5550310917425643,-0.36788251481434137,4.487131960001186,1.1090092709798045,3.5595450834441555,11.235414297277835,22.578249188631204,-22.292089618631206
2018-10-03,0.3669467,2.406551955121677,-7.174914055675967,2.7681404778768215,0.948673232742776,-2.0554510738711738,11.223316993949224,8.116317530143357,-7.7493708301433575
2018-10-04,4.5815787,2.2572824566259198,-5.568988197040506,1.2666807696783673,0.8386750061591818,-5.355778218433081,11.211342273401982,4.6492140903918635,-0.06763539039186384
2018-10-05,11.134205,2.10705879324829,0.8909004264802042,0.07204729019391695,0.7830593072324583,-6.10012462043646,11.199369631963267,8.952310828681677,2.181894171318323
2018-10-06,4.4425178,1.9558193980141694,3.956762305898046,-0.8922280002691022,0.7310893177237755,-5.821990841842021,11.187251542498572,11.116703722023438,-6.674185922023438
2018-10-07,2.5173411,1.8048905447320567,1.3611550378348136,-1.7395461144632332,0.6484125490611036,-5.664612433495875,11.17565970577069,7.585959289439556,-5.068618189439556
2018-10-08,7.7797995,1.6541507037969692,-1.7908616618992819,-2.5018172768730205,0.561702956492496,-5.307639419475902,11.164484701159413,3.780020003200674,3.9997794967993263
2018-10-09,5.170233,1.5027713343420992,-1.1897930037385978,-3.1324457701307127,0.5182178657469075,-4.041330835445309,11.153275451780218,4.810695042554604,0.3595379574453954
2018-10-10,1.7632573,1.3507021029207504,1.2409963745224166,-3.5921345757712158,0.5163154561696599,-2.246564060666855,11.142005935433033,8.41132123260779,-6.64806393260779
2018-10-11,2.1236715,1.1981848516972446,1.4217271685860964,-3.9086081739170955,0.49853120902384696,-1.2658449625363206,11.130760667083567,9.07475075993734,-6.951079259937339
2018-10-12,9.220952,1.045788101101011,-0.5306183823963895,-4.153163084313776,0.4170705581114192,-1.8761319444947222,11.119815404766083,6.022760652773625,3.198191347226375
2018-10-13,6.400614,0.8989655701301149,-1.0906075825953856,-4.379144080196874,0.28823012605196696,-3.286238685085231,11.112049607414706,3.5432549557192967,2.8573590442807033
2018-10-14,20.688889,0.7548501730115511,0.7362035237138914,-4.577887518744666,0.17425160929018407,-3.787314027804631,11.105479790060427,4.405583549526757,16.283305450473243
2018-10-15,5.628729,0.610663281523538,1.7950246603869346,-4.718957855668461,0.10603912449841585,-2.315328907436108,11.098742219469385,6.5761825227737045,-0.9474535227737046
2018-10-16,0.9587896,0.46682737584565503,-0.16133515192851947,-4.798141870594098,0.04763795570191137,0.6735665861167077,11.092253401935341,7.320808297076997,-6.362018697076997
2018-10-17,7.0077434,0.32350747130783647,-2.7331396812445483,-4.846336329607794,-0.05381341233425224,3.6009790423271775,11.08613085687017,7.377327947318589,-0.36958454731858925
2018-10-18,3.3478374,0.18018672049868611,-2.2401275216009613,-4.901737048626494,-0.19735519899886808,4.8835786158887995,11.080083919022265,8.804629486183426,-5.456792086183427
2018-10-19,8.850122,0.03731328254171522,0.8621367009254288,-4.982549543561467,-0.3240310937943514,3.909855425832974,11.074282511370473,10.577007283314773,-1.7268852833147719
2018-10-20,8.902355,-0.10405240194748722,2.5900475011442143,-5.081681495349406,-0.3820036004492975,1.351084814406634,11.069235096051635,9.442629913856294,-0.5402749138562939
2018-10-21,2.317979,-0.24462794770135382,1.060791669786456,-5.1741254993042425,-0.38349823021330354,-1.3133896788954378,11.064406430063707,5.009556743735826,-2.691577743735826
2018-10-22,-2.9802322e-05,-0.38314358420790073,-1.2000049990814055,-5.225858914745632,-0.39165321117370727,-2.783193186179547,11.060213180965896,1.076359285577702,-1.076389087899702
2018-10-23,2.9293137,-0.5152155769149206,-1.3527863662932282,-5.181331637149576,-0.4525869378742506,-2.704622268609385,11.05922751379417,0.8526847269528091,2.0766289730471907
2018-10-24,3.4964728,-0.6445133905692728,-0.24486277269134926,-4.953126634357652,-0.5514073375494956,-1.5962740823159005,11.059609106596627,3.069424889112957,0.42704791088704264
2018-10-25,0.5488303,-0.7734329880979997,-0.38605550044890957,-4.4713429805256935,-0.6418709835885629,-0.1435114150402622,11.060077101356681,4.643863233655254,-4.095032933655254
2018-10-26,3.8268235,-0.8986394097665433,-1.4512366086371382,-3.744389301611876,-0.6982427245987491,1.3001016949405377,11.062442953958902,5.570036604285133,-1.7432131042851329
2018-10-27,19.66777,-1.0222547423803843,-0.6499881497934356,-2.875224145380299,-0.7290589519211557,2.4817406143592597,11.065323776329272,8.270538401213258,11.397231598786743
2018-10-28,20.617676,-1.1458351277375347,2.389563063943598,-2.0330003244821673,-0.7579834587956364,2.8069976355044166,11.067952566407152,12.327694354839828,8.289981645160172
2018-10-29,3.890303,-1.2689936867555622,3.9756918929232703,-1.3690763757015851,-0.7996403917546713,1.624959930991251,11.070487442600934,13.233428812303636,-9.343125812303636
2018-10-30,0.82745546,-1.3892436660546066,1.2130556067265235,-0.936744397353525,-0.8552913936105413,-0.901827429843902,11.074374063809028,8.204322783672977,-7.376867323672976
2018-10-31,0.80142266,-1.5081679041804077,-3.343731167344724,-0.6756115209498909,-0.9206969755237391,-3.5285358790396266,11.078743236709057,1.1019997896706677,-0.30057712967066774
2018-11-01,0.20245743,-1.6267165993577892,-4.399650196967323,-0.47382936250676416,-0.9889400532140366,-4.9011338267805815,11.083107624609692,-1.3071624142168012,1.5096198442168012
2018-11-02,0.045431077,-1.7449473062815217,-0.8195383681026583,-0.24726263457008854,-1.0449449588703068,-4.820484583212214,11.087470365557799,2.410292514521009,-2.364861437521009
2018-11-03,0.036853597,-1.8627820749523731,2.799228500567247,0.018976799957967277,-1.0729688525629157,-4.308765870153698,11.09187661562626,6.665565118482488,-6.628711521482487
2018-11-04,7.652282,-1.9800281407249614,2.2088295462286265,0.28664588000331637,-1.077948177059285,-4.333464206941109,11.096357056797089,6.200391958303677,1.4518900416963225
2018-11-05,8.270115,-2.0968680222891294,-1.0776843561866054,0.512466317603179,-1.0913762799537283,-4.673259707587739,11.10082062455034,2.6740985761363163,5.596016423863684
2018-11-06,10.878683,-2.2135671143747446,-2.3013238006938144,0.6870650657130005,-1.142764517167797,-4.225534638216058,11.10517989213833,1.9090548873989146,8.969628112601086
2018-11-07,3.8711486,-2.3302670134059804,-0.05621453309966795,0.8298953905808439,-1.2242152993369506,-2.3471063012911793,11.109367279745797,5.9814595231928624,-2.1103109231928623
2018-11-08,0.6084838,-2.4467572289172645,2.2337487196543817,0.9539475646755368,-1.2920685315515095,0.3440809089781143,11.113484521509836,10.906435954349094,-10.297952154349094
2018-11-09,10.908407,-2.5629464868377223,1.4849638707862582,1.0357931701113923,-1.3115560801618567,2.4982872545021677,11.11760589896767,12.26214762736791,-1.353740627367909
2018-11-10,8.431473,-2.6791140141267817,-0.968766950043586,1.0231516281587194,-1.2958556828165564,3.1553548669253106,11.121564818977378,10.356334667074483,-1.9248616670744827
2018-11-11,2.4306445,-2.795073536327305,-1.8729549985476162,0.8768290985855228,-1.2915545147486984,2.301961714363854,11.125385554177273,8.34459331750303,-5.91394881750303
2018-11-12,11.681568,-2.9104354533275076,-0.8162372184668893,0.6042698335898606,-1.3254137100618748,0.6043555761957032,11.129267687698684,7.2858067156279755,4.395761284372025
2018-11-13,8.045403,-3.025596545334598,-0.15277756274584375,0.25341766733285326,-1.3745977021805347,-1.0931747974178434,11.132980898541092,5.740251958195126,2.3051510418048746
2018-11-14,3.1803663,-3.1402074855856785,-0.7944741706476819,-0.11914687344344396,-1.3949067763835405,-2.0724457027594996,11.136663545603694,3.6154825367838503,-0.43511623678385014
2018-11-15,0.107255764,-3.253901663911995,-0.8595814945556495,-0.4786130208086467,-1.3743637231617178,-1.980921469969591,11.140433147734141,3.1930517753265413,-3.0857960113265412
2018-11-16,0.04873937,-3.366669238077044,0.6970212602029678,-0.8129794625116382,-1.3478104164928486,-1.0256132438402128,11.14423112552548,5.288180024806704,-5.239440654806704
2018-11-17,0.063943446,-3.478641241597837,1.5626962456330542,-1.1058740244929788,-1.3531228239928548,0.19543462585536414,11.14803900671241,6.96853178811716,-6.90458834211716
2018-11-18,1.3430898,-3.5899365145112245,-0.6482356486800892,-1.3207405840301192,-1.3825325365352992,1.2375559352783165,11.15185212524157,5.447962776763155,-4.104872976763154
2018-11-19,6.748166,-3.7001386844749016,-3.883767794124881,-1.4347797303574392,-1.3921518410416893,2.1045100926445226,11.155852509162209,2.8495245518078196,3.8986414481921807
2018-11-20,4.8030376,-3.809477184991459,-3.3720679320153857,-1.4888321593570188,-1.357559042440752,2.8538021839101,11.159884758913377,3.985750624018861,0.8172869759811388
2018-11-21,9.189352,-3.9181242842017943,1.7249842528296857,-1.5841345244006755,-1.305528824332887,3.0418677905792872,11.163859953093821,9.122924363567437,0.06642763643256266
2018-11-22,11.801992,-4.026217518935069,5.9800268199231885,-1.8100601914063241,-1.2836124470790502,1.9099079670064831,11.16769759474233,11.937742224251558,-0.13575022425155758
2018-11-23,2.00296,-4.132402207695863,3.939427075872553,-2.1573051337544302,-1.3054688977230349,-0.6777403106081494,11.172029725066489,6.838540251157564,-4.835580251157564
2018-11-24,1.1300966,-4.235178517032486,-2.715222855933361,-2.493411018565856,-1.3357002792989445,-3.663916967044178,11.17753985675813,-3.2658897811166945,4.395986381116694
2018-11-25,0.034475233,-4.336043982702575,-6.740791362145911,-2.6349503602935673,-1.3307731867459343,-5.481308201695913,11.183353759286078,-9.340513334297825,9.374988567297825
2018-11-26,0.04806323,-4.435442424727395,-3.9596850375244443,-2.4622726476063104,-1.2856331296801695,-5.358901958146937,11.189224529059578,-6.312710668625678,6.360773898625679
2018-11-27,0.58182216,-4.533360885091343,2.062177978726228,-1.976646365818425,-1.2295798111934366,-3.80368224992088,11.19514867026273,1.7140573369648724,-1.1322351769648724
2018-11-28,3.225887,-4.629824563036108,4.914385972463401,-1.2734483955049893,-1.1879080834611435,-1.8217228255249946,11.201113123595736,7.2025952285319015,-3.9767082285319013
2018-11-29,8.103321,-4.72471242672656,2.87668974470431,-0.47921498335081214,-1.1640048763822808,0.03859554776285695,11.207196820968434,7.754549826975948,0.34877117302405125
2018-11-30,2.986821,-4.8184071144152085,-0.44420441704883484,0.30012723727045243,-1.154871867938392,1.7278818543278367,11.213214282225415,6.82373997442127,-3.8369189744212697
2018-12-01,0.2896285,-4.910738645504242,-1.8055562070346962,1.0011042032542776,-1.1643049739848612,3.09867563107671,11.219366247233538,7.438546255040725,-7.148917755040725
2018-12-02,0.95482796,-5.001798013922709,-1.7247840750731154,1.5983337493842156,-1.189050209617879,3.7488851343877228,11.225615340535578,8.657201925693812,-7.702373965693812
2018-12-03,3.8685236,-5.091185757498551,-1.712112046038963,2.085605287859342,-1.2022279710833372,3.5665421327392792,11.232087849083749,8.878709495061518,-5.010185895061518
2018-12-04,2.8163047,-5.179127619438848,-1.0081609581016588,2.4471942357292216,-1.1716351611702023,3.0493355125062553,11.238592287904423,9.376198297429191,-6.559893597429191
2018-12-05,6.3937707,-5.2658555541353085,1.5606744423614058,2.6315423092864867,-1.1035856204099987,2.738957156067836,11.245067280248989,11.80680001341941,-5.41302931341941
2018-12-06,17.348854,-5.351584025090418,3.9226428974650673,2.5670435601933996,-1.0513205985092897,2.476227672577031,11.251455150539389,13.81446465717518,3.53438934282482
2018-12-07,5.26658,-5.436610958204756,2.2518314219245843,2.231693894146159,-1.0600665902759387,1.6049946152425196,11.25759051561256,10.849432898445126,-5.582852898445126
2018-12-08,3.816609,-5.520430680182711,-3.2285549293635643,1.7180090782616253,-1.1070533455394922,-0.01620125378895991,11.263676367520372,3.109445236907268,0.7071637630927321
2018-12-09,1.2866718,-5.602801209324911,-6.7050838751319946,1.2113203622107322,-1.1158714897299646,-1.5621899989737449,11.269806796850654,-2.504819414099231,3.7914912140992305
2018-12-10,0.1365845,-5.683817556630269,-3.293604472468055,0.8824113085383087,-1.039340067153409,-2.0446747414298407,11.275975599325971,0.09695007018270552,0.03963442981729448
2018-12-11,16.922161,-5.763551296934478,4.12205548701143,0.7680203479164299,-0.9193353261906949,-1.4227759832353737,11.282165507109182,8.066578735676496,8.855582264323504
2018-12-12,19.62979,-5.842486612459602,7.381478375294664,0.7455738284135703,-0.8481011487477732,-0.5867768982329764,11.288110663073104,12.137798207340987,7.491991792659013
2018-12-13,2.8074005,-5.920641139222768,2.757487398193466,0.6328540574003032,-0.869517864886951,-0.2477158883384562,11.29375348721839,7.6462200503639846,-4.838819550363985
2018-12-14,0.7447018,-5.997476305760834,-4.310777270035726,0.3240168005146793,-0.9346143085106322,-0.24608997355464973,11.299361562820572,0.13442050547340934,0.6102812945265906
2018-12-15,0.026709167,-6.072761812477621,-5.806826099604783,-0.1429987783538193,-0.9615036205433769,-0.15447021328300314,11.304959790507086,-1.8336007337555174,1.8603099007555173
2018-12-16,0.46055648,-6.14634852301271,-0.8155818385084694,-0.6157214231514542,-0.9252813829994688,-0.19929968584209362,11.310563191074783,2.608330337560586,-2.147773857560586
2018-12-17,10.695268,-6.2183232636082035,3.907599032969877,-0.9175251508617503,-0.8745861477382922,-1.0764682244045511,11.316173275597228,6.136869521954307,4.558398478045693
2018-12-18,4.559483,-6.288762694219989,2.7930051455418066,-0.939866699698484,-0.8647258958786006,-2.7904209607582735,11.3217617001815,3.2309905951679596,1.3284924048320406
2018-12-19,0.52718097,-6.357669296401944,-1.9275681244273701,-0.6905845624161813,-0.893112719211895,-4.114587630216014,11.327339771374854,-2.656182561298552,3.1833635312985518
2018-12-20,0.3650738,-6.424967279633805,-3.934213076068874,-0.28970485830003995,-0.911818553465644,-3.6063852546258692,11.332965903410862,-3.834123118683369,4.199196918683369
2018-12-21,0.20940882,-6.490789777758987,-1.1607120357036196,0.09249114625702304,-0.89037706185217,-1.0758523284811243,11.338621009171614,1.8133809516327357,-1.6039721316327358
2018-12-22,8.483977,-6.555186558785872,2.2711511935413156,0.33054845789888976,-0.8461113123789765,2.221892993624466,11.344306598320788,8.766601372220611,-0.2826243722206119
2018-12-23,4.4655895,-6.617941348017837,2.1441392242064095,0.4065459215735454,-0.8132120907316321,4.811293741073629,11.350131811086,11.280957259190114,-6.815367759190114
2018-12-24,1.1629646,-6.6789784253544475,-0.62252128508986,0.39000777900351946,-0.7995331594176429,6.118188938309578,11.356092010273464,9.763255857724612,-8.600291257724612
2018-12-25,0.25671256,-6.73841554204828,-2.189503085539586,0.3467861008338298,-0.7859013041122207,6.312787222456673,11.362099921010957,8.307853312601374,-8.051140752601373
2018-12-26,0.09118859,-6.7963175538643945,-1.301444433597014,0.26288398613253405,-0.7582549545223192,5.486024548941233,11.368192331249267,8.261083924339307,-8.169895334339307
2018-12-27,1.6522247,-6.852789635149269,-0.13511139740353373,0.05439314696454492,-0.7239355856437165,3.4988010830268967,11.374309736815006,7.215667348609928,-5.563442648609929
2018-12-28,0.7858039,-6.907614187655614,-0.15225785918431675,-0.3491721132874067,-0.6946837443234674,0.6525394248318571,11.38046609235387,3.9292776127349223,-3.1434737127349224
2018-12-29,0.2172792,-6.960752085309396,0.13762940342467384,-0.9296254611096024,-0.6690146062726543,-1.9949690566969662,11.386612752083604,0.9698809461196571,-0.7526017461196571
2018-12-30,0.06685988,-7.01218114939589,2.096684657817334,-1.5806137505116062,-0.6429618379860765,-3.4085018183106377,11.392755193359081,0.8451812949722033,-0.7783214149722033
2018-12-31,0.008105766,-7.061862541934058,3.6737419740441855,-2.171687654397642,-0.6279262183718509,-3.6153630170409725,11.398914561992186,1.5958171042918465,-1.5877113382918466
2019-01-01,0.008118688,-7.1096605347243695,1.6607331699273171,-2.6116671251074335,-0.638946901967206,-3.666595857326464,11.405073344429166,-0.961063904768988,0.969182592768988
2019-01-02,0.7542225,-7.161626825407412,-3.155966742710939,-2.8696433154677696,-0.6611619773159687,-4.467726539829374,11.405616198098029,-6.910509202633433,7.664731702633433
2019-01-03,0.45901513,-7.210532789064126,-5.727387296794979,-2.9638544659206327,-0.6564079614366187,-5.861047637436831,11.406038591970159,-11.013191558683026,11.472206688683025
2019-01-04,0.06095739,-7.257125023022816,-2.6420062224654877,-2.9625586283454046,-0.5976813174889862,-6.893494939269751,11.406457087909553,-8.946409042682893,9.007366432682893
2019-01-05,0.007438939,-7.301525559319053,3.0354229223054183,-2.952898395419353,-0.5100723233760197,-6.7793343909804795,11.406885841902964,-3.101521904886523,3.108960843886523
2019-01-06,0.21160103,-7.343742889636362,4.930407296249093,-2.9915861973089215,-0.4564317777923185,-5.389513496552888,11.40732462257904,0.15645755753764234,0.05514347246235765
2019-01-07,0.15711574,-7.383816694453573,0.990691732493407,-3.063564720506282,-0.46872213249382877,-2.9293896696945976,11.407768841992144,-1.4470326426627302,1.6041483826627303
2019-01-08,0.12313202,-7.421688225606207,-4.035171711760494,-3.0992184415565993,-0.5032543467207781,0.3939924801014059,11.408217835616771,-3.257122409925902,3.380254429925902
2019-01-09,0.99526834,-7.457006400943891,-4.362924590246855,-3.056805387083124,-0.4809343216017321,4.068893237619908,11.408832556549541,0.12005509429384631,0.8752132457061537
2019-01-10,0.0093341805,-7.489908583835222,0.1652694445053683,-2.9934006038598597,-0.37414426125690614,6.8381304997534285,11.40956385992917,7.555510355235978,-7.546176174735979
2019-01-11,0.0045043416,-7.520683395290504,4.49209675859326,-3.0345598866893715,-0.24206876991095133,7.078325433686725,11.410305854273544,12.183415994662703,-12.178911653062702
2019-01-12,5.2118883,-7.549344664974532,4.4338780550646035,-3.251242826571208,-0.1720645584539867,4.018862904101991,11.411058432935576,8.891147342102444,-3.6792590421024443
2019-01-13,3.6717787,-7.575886945578972,0.6029360297473565,-3.556351385541374,-0.18965236188943577,-1.2904772100857786,11.411791414238019,-0.5976404591101865,4.269419159110186
2019-01-14,1.3076471,-7.600160751865899,-3.5166196677776576,-3.7313979806528192,-0.23305517894373978,-6.261789335227594,11.41252509838152,-9.93049781608619,11.23814491608619
2019-01-15,0.46395093,-7.622106620173643,-5.370419054601935,-3.582696993232765,-0.216624958676012,-8.197952651823016,11.413272052486661,-13.57652822602071,14.040479156020709
2019-01-16,0.8972115,-7.641662748984622,-4.346596154411156,-3.0969872462596513,-0.11283529313187812,-5.858137584733946,11.414028557526851,-9.6421904699944,10.539401969994401
2019-01-17,0.78277,-7.658528048847236,-0.8019222698846682,-2.462577981327409,0.028879563685781373,-0.19798166140534906,11.414827471578278,0.32269707379939483,0.46007292620060514
2019-01-18,0.12398907,-7.672379703434208,3.787545325264211,-1.940993764821279,0.13506973633259078,6.076456506382355,11.415908096562298,11.801606196285967,-11.677617126285966
2019-01-19,0.003432855,-7.683871617165909,6.234317260238873,-1.6943967448322876,0.17325699306048847,9.930292543956446,11.417114216336868,18.376712651594477,-18.373279796594478
2019-01-20,0.7741841,-7.693315758306282,3.7363376778133053,-1.7001430316291415,0.17222767425981855,9.665938927262603,11.418354757221167,15.599400246621471,-14.825216146621472
2019-01-21,0.847807,-7.700618140296282,-2.299722918779886,-1.8100465632990905,0.19044487356949963,5.762642262447709,11.419614025629498,5.5623135392714484,-4.714506539271449
2019-01-22,1.3889619,-7.705679678655934,-6.174084711853752,-1.8942685907007921,0.2662810655544815,0.25091375867319876,11.420898761940446,-3.835939395042349,5.224901295042349
2019-01-23,0.40592602,-7.707879335829427,-3.606998347275286,-1.9362328097691983,0.38914081241202403,-4.789141455881752,11.42256729640685,-6.228543839936787,6.634469859936787
2019-01-24,0.044177752,-7.707432310323031,2.8320543403653673,-2.002150110374938,0.5075856380008794,-8.229965381051619,11.424424656155908,-3.1754831672274317,3.2196609192274317
2019-01-25,1.4922416,-7.70459912464516,5.946421728719228,-2.1316156919001474,0.567267326736767,-9.65656545958403,11.426300743261198,-1.5527904774121453,3.045032077412145
2019-01-26,0.87739235,-7.699521807136244,2.1238645376293013,-2.256899318753755,0.5564008619020714,-8.622886165430863,11.428191941965286,-4.470849949824203,5.348242299824203
2019-01-27,0.07412326,-7.692272922074814,-4.263812876294079,-2.238319490517571,0.5221381934830629,-4.766518811049114,11.430116914510084,-7.008668991942432,7.082792251942433
2019-01-28,0.030477416,-7.68280274608348,-5.936119051445524,-1.9957021105854726,0.5350047357316732,1.0716514202961176,11.432075510626166,-2.5758922414605205,2.6063696574605206
2019-01-29,0.027935253,-7.671158363915218,-1.1524672245643321,-1.6108784428890388,0.6252626003363159,6.250142286443036,11.434063184655644,7.874964040066405,-7.847028787066405
2019-01-30,0.0017154962,-7.657374852514927,4.692894904519079,-1.2910531807928067,0.7503418400514584,7.643876503240804,11.436097920005839,15.574783134509447,-15.573067638309448
2019-01-31,21.517538,-7.641492056543706,5.7235584760885505,-1.2123816182601939,0.8314879650908984,4.144519043480815,11.438183438779815,13.283875248636178,8.23366275136382
2019-02-01,13.35463,-7.623779087652068,1.877367436827928,-1.3760759376574634,0.8292640003918889,-2.026284233919366,11.440105400156309,3.1205975781472297,10.23403242185277
2019-02-02,0.0033226097,-7.603735379710372,-2.2456797180697117,-1.594342598811729,0.7841330373036661,-6.673244297428703,11.442063642176358,-5.89080531454049,5.89412792424049
2019-02-03,1.6387662,-7.5810830795809885,-3.1850197066136547,-1.6307658268815215,0.7756571257242002,-6.653618816308241,11.444176789349477,-6.830653514310729,8.469419714310728
2019-02-04,2.2106245,-7.556070508857273,-1.4433092138728583,-1.3776645597603427,0.8392806653524468,-2.0196318993620155,11.446313496309688,-0.11108202019035218,2.3217065201903524
2019-02-05,0.7954075,-7.52860572662677,0.7718423574396864,-0.9256026894649836,0.9295670834348778,4.299315024162622,11.448479007374496,8.99499505631993,-8.19958755631993
2019-02-06,28.415394,-7.4988357331668025,2.2572111584236465,-0.48844125335154054,0.9691929762893233,8.637156424422066,11.450658109587046,15.326941682203739,13.08845231779626
2019-02-07,8.642268,-7.467441996561041,2.5823282412417776,-0.25906883441038153,0.930769811214101,8.788976577385714,11.452595908148153,16.02815970701832,-7.385891707018322
2019-02-08,1.1128116,-7.4341722676985516,1.1169935256077774,-0.2903092416282476,0.8675143331963447,5.0253719672797965,11.454468133840804,10.739866450597923,-9.627054850597922
2019-02-09,13.829834,-7.398907060372117,-1.8970257948437625,-0.4852634879441747,0.8593930307235212,-0.3229432102423069,11.456350458092247,2.211603935413404,11.618230064586596
2019-02-10,5.34337,-7.361927257579989,-4.060109757861872,-0.6762042599209096,0.9336150389265863,-4.223362250941675,11.458128647718324,-3.929859839659537,9.273229839659537
2019-02-11,2.8040376,-7.322994135710212,-2.734521559722756,-0.7245446984646655,1.0438116482774833,-4.569826329734369,11.45993036726918,-2.8481447080853393,5.652182308085339
2019-02-12,1.5822252,-7.281976406466752,1.2996945341925115,-0.591837509634425,1.123009368557386,-1.3405866905919275,11.461803659733265,4.670106955790057,-3.0878817557900575
2019-02-13,5.332022,-7.238883863273665,3.821520670927428,-0.35076666237444876,1.1494081210550915,3.3976654789526957,11.463689453638901,12.242633198926002,-6.910611198926002
2019-02-14,2.6403987,-7.193713988396663,1.9646360220391448,-0.13694618857437552,1.1570460185182303,6.711071436439403,11.465529232541664,13.967622532567404,-11.327223832567404
2019-02-15,1.114521,-7.146373362942009,-2.0366459993377664,-0.06288150901742084,1.188576010799469,6.510980460020962,11.467339323339598,9.920994922862832,-8.806473922862832
2019-02-16,1.136738,-7.096901428597643,-3.4297622077201835,-0.14451790780442947,1.2461860190676068,2.715040851064454,11.469149647086352,4.759194973096159,-3.622456973096159
2019-02-17,0.9236317,-7.045277967706984,-0.77934792356122,-0.28115012194087485,1.2929195872292791,-2.7217786040512437,11.47097235975715,1.936337329726106,-1.012705629726106
2019-02-18,0.18476264,-6.991445751145307,2.5475995800533853,-0.30679208849120965,1.295882677827191,-6.86231730626208,11.472847397135103,1.1557745091170837,-0.9710118691170837
2019-02-19,11.225132,-6.935600027922611,2.9425232940576524,-0.09520325087932277,1.258579658376449,-7.465951664588458,11.47476015163046,1.1791081606741702,10.04602383932583
2019-02-20,20.024824,-6.8780984738313595,0.7657055569792751,0.35184229960547087,1.212764478671504,-4.45496540218746,11.476600142187538,2.473848601424967,17.550975398575034
2019-02-21,10.320677,-6.818980511172729,-1.12436935401284,0.9141808248073867,1.1904031368012866,-0.11653731460548905,11.478295475263483,5.522992257081098,4.797684742918902
2019-02-22,0.5160761,-6.757963916464336,-1.5726694924355717,1.4553950281528127,1.206361576379822,2.4136742087388243,11.47994584997459,8.224743254346143,-7.708667154346142
2019-02-23,0.13301696,-6.694806395968548,-1.7399868208269884,1.9320937914743879,1.258961981023674,1.4851477867815823,11.481736456882604,7.723146799366712,-7.590129839366712
2019-02-24,0.040966317,-6.629650712858799,-1.9661545419728954,2.4223765551773933,1.334930137033342,-1.8112732391387576,11.48359283877921,4.833821037019492,-4.792854720019492
2019-02-25,4.303947,-6.56260897993111,-0.6918822198011683,3.0445244790521757,1.408721116938602,-4.679167125461455,11.485469113627772,4.005056384424817,0.2988906155751829
2019-02-26,8.242545,-6.4936973884549465,2.368155468609734,3.845627602251938,1.450438931665834,-4.985939692205288,11.487360438028727,7.671945359895998,0.5705996401040014
2019-02-27,6.7767215,-6.422932132162572,4.124754961072401,4.767215843103197,1.450883841697729,-2.693096100186877,11.48922361983177,12.716050033355648,-5.939328533355648
2019-02-28,39.28068,-6.350563536085056,1.647475790264103,5.702049913324146,1.4371402774927347,0.7735181034439318,11.49105551712248,14.70067606556234,24.580003934437656
2019-03-01,21.935595,-6.277093400182462,-2.892175085887328,6.571565673139114,1.450243455634019,4.071606479785261,11.492583570288922,14.416730692777527,7.518864307222472
2019-03-02,2.4976737,-6.201872725619981,-3.69536547925472,7.358832386768607,1.4986932838321974,6.5769695609075765,11.494285459923294,17.031542486556972,-14.533868786556972
2019-03-03,22.478949,-6.12522032766956,1.2328788023114918,8.065073810839163,1.535874142140686,7.810040484521393,11.495997218156598,24.01464413029977,-1.5356951302997714
2019-03-04,50.16189,-6.047428856743526,6.4691168236171706,8.666600064296286,1.500751116154917,7.140466181471307,11.497498225792278,29.227003554588432,20.934886445411568
2019-03-05,15.044759,-5.968898209359356,5.28030296091916,9.13432626440198,1.389461407123916,4.666572028924839,11.498509570690356,26.000274022700893,-10.955515022700892
2019-03-06,10.6025305,-5.888600426286619,-1.6969175034504536,9.468612688416862,1.2733912656967392,2.050678747901046,11.499525923983299,16.70669069626087,-6.104160196260871
2019-03-07,31.088072,-5.8065899925436275,-6.701838314432782,9.666465196658969,1.2315196377815698,1.5787642630411904,11.500487524497993,11.468808315003313,19.61926368499669
2019-03-08,8.237867,-5.723375790647562,-4.175310105158305,9.663018094033134,1.267215135557714,3.9545417013241364,11.501129336084606,16.487218371193723,-8.249351371193724
2019-03-09,0.007485738,-5.637384692496013,2.616357654645045,9.329313981057982,1.3030548000157334,7.230215901092696,11.502331408805368,26.34388905312081,-26.336403315120812
2019-03-10,24.650812,-5.548655281961588,5.928726078712696,8.545620146340932,1.259040473995915,8.321693720255084,11.504180801047523,30.01060593839056,-5.359793938390563
2019-03-11,55.948647,-5.4588746296276724,2.952361788975041,7.3110794095709215,1.1303612733690966,5.829652355775114,11.505877276041057,23.27045747410356,32.67818952589644
2019-03-12,8.438608,-5.368775090284256,-1.7070560252636835,5.79172555414791,0.9870368686023396,1.326851111247834,11.507037260368936,12.53681967881908,-4.09821167881908
2019-03-13,1.2943166,-5.277371051495502,-2.726882448030353,4.244097316783841,0.9011314442392679,-2.160593913370855,11.508143243600184,6.488524591726582,-5.194207991726582
2019-03-14,0.27021044,-5.1845391622719,-0.39935337046658603,2.8517141972691764,0.8793689459603565,-2.8673016546668575,11.509254046111032,6.789143001935221,-6.518932561935221
2019-03-15,0.71895796,-5.090329424979219,1.2278969248902871,1.6482805122147353,0.8714102911240045,-1.4666497472655675,11.510381043921479,8.70098959990572,-7.98203163990572
2019-03-16,6.519966,-4.994766869248403,0.40774216001634195,0.5666164742446484,0.8298067646933004,-0.005733508322105951,11.511524231553002,8.315189252936785,-1.7952232529367844
2019-03-17,7.009827,-4.897746934710773,-0.8127070841662499,-0.45615127686080137,0.7509713001568186,-0.05719629393443759,11.512727664056168,6.0398973745407245,0.9699296254592751
2019-03-18,1.7040504,-4.799393677473462,-0.630392993596308,-1.4078780441102774,0.6647099031125863,-1.7259764135145048,11.513917172683382,3.614985947101416,-1.9109355471014158
2019-03-19,0.002503395,-4.699653074007175,-0.14074230790873643,-2.212019115678209,0.5986291215126105,-3.9038992214446995,11.51511619987853,1.1574316023523217,-1.1549282073523217
2019-03-20,0.002503395,-4.598362122351914,-0.8589316819010318,-2.7969666109413818,0.5565568385258088,-5.188208350161416,11.516404839442657,-1.3695070873872766,1.3720104823872765
2019-03-21,2.2386096,-4.495186444879172,-1.6833879616051037,-3.1481249001957208,0.5220536764578975,-4.781355890793698,11.517902004411244,-2.068099516604553,4.306709116604553
2019-03-22,6.555552,-4.389279129268652,-0.4997466256691821,-3.298892600467623,0.473754512582391,-2.9713295289142097,11.520132329184474,0.8346389574471971,5.7209130425528025
2019-03-23,14.070022,-4.281349797450555,2.0278515699384903,-3.2848571002212195,0.3989593706440999,-0.9368570622615096,11.522770794743371,5.446517775392677,8.623504224607323
2019-03-24,3.4947584,-4.172234202571671,2.741927793593919,-3.1106992517079504,0.30341390250792977,0.10671809408095156,11.525302527386676,7.394428863289856,-3.8996704632898562
2019-03-25,0.026022084,-4.0615273063704675,0.4866584298119825,-2.758693764059028,0.21356591365062075,-0.18849068302961658,11.527872607611819,5.21938519761531,-5.19336311361531
2019-03-26,1.2582645,-3.949450682405769,-1.8329751584410947,-2.244013742438431,0.15746533890778674,-1.2012272258397376,11.53048836676921,2.4602868965519633,-1.2020223965519634
2019-03-27,1.4041874,-3.8363260996030677,-1.0993202003024765,-1.651895877502158,0.13341215494144243,-2.0648486504571637,11.533119109744202,3.01414043682078,-1.6099530368207797
2019-03-28,7.733755,-3.7221204918483446,1.5169589291405376,-1.1007474426255153,0.102217878743734,-2.357716387036782,11.535756433362028,5.974348919735658,1.759406080264342
2019-03-29,4.4167027,-3.6070316516744185,2.0343405920817523,-0.66253449572656,0.021475911985673724,-2.0920883356294224,11.538339320369408,7.232501341406433,-2.815798641406433
2019-03-30,8.438529,-3.4910111405821107,-0.6500988353679331,-0.31383196125585533,-0.10731500063736349,-1.2988597425057051,11.540932852022694,5.6798161716737265,2.7587128283262743
2019-03-31,13.1114025,-3.374145543172224,-2.930871943943555,0.023736459892571282,-0.2330934091094119,-0.04664889561131891,11.543468393695486,4.982445061751547,8.128957438248452
2019-04-01,17.025831,-3.256675004579658,-1.3875439929726339,0.38377772409933486,-0.3070292672485221,1.0638168800183974,11.545880258405443,8.042226597722362,8.983604402277638
2019-04-02,7.2883635,-3.1388397361899614,2.3048321864094756,0.7043500738254979,-0.3368962089202556,0.90799190400814,11.548119770217994,11.98955798935089,-4.701194489350891
2019-04-03,0.57790756,-3.0204631748126953,3.3930544399035467,0.9065112915563436,-0.37656625777555786,-1.0871137913990503,11.550335686431087,11.365758193903673,-10.787850633903673
2019-04-04,0.0282689,-2.901405121532532,0.32472705734584006,1.0238005540804274,-0.46134957198603815,-3.816486929503749,11.55257808458364,5.7218640729875885,-5.693595172987589
2019-04-05,0.0031739473,-2.781576915769757,-3.2504044729151724,1.236076076698832,-0.563599992192272,-4.8598265447598115,11.554862592701861,1.3355307437636785,-1.3323567964636784
2019-04-06,0.26937807,-2.6609454308030105,-3.322483312547995,1.7450686875974193,-0.6200867390760365,-2.4091366360665702,11.557197580526466,4.289614149630273,-4.020236079630273
2019-04-07,0.19911002,-2.5394497168917844,-0.4715749912913767,2.582001346576382,-0.6015102002008273,3.005967235644363,11.55961131641838,13.535044990255138,-13.335934970255138
2019-04-08,23.519482,-2.4170041713515795,1.5738179055328188,3.5230027040058376,-0.5459421863521051,8.746774747400133,11.562187277192939,22.442836276428043,1.076645723571957
2019-04-09,7.4887896,-2.2943522334793633,1.2126418959350884,4.200112985997497,-0.5215931119974013,12.01540656952248,11.564575616349487,26.176791722327785,-18.688002122327784
2019-04-10,54.18844,-2.1713767042168026,0.5586728210591828,4.3244899431420425,-0.5638814616915592,11.644968802786599,11.566893834227171,25.359767235306634,28.828672764693366
2019-04-11,18.90338,-2.04923825549365,1.5365547599405376,3.8338583342232946,-0.6536029986011695,8.27352500015087,11.568602840773831,22.509699680993712,-3.606319680993714
2019-04-12,1.9715892,-1.9273721196924725,2.62713485396774,2.9032167878610555,-0.7456468566966292,3.378406480491227,11.570113736698538,17.80585288262946,-15.834263682629459
2019-04-13,0.69512403,-1.805320842959795,1.0448905345638204,1.8049787686628598,-0.8104542473538943,-1.6820339738021681,11.571662380863836,10.123722619974659,-9.428598589974658
2019-04-14,7.2821546,-1.6829277397490403,-2.7659052864951295,0.7637565454147879,-0.8444240078218588,-5.910269117524932,11.573241852500708,1.1334722463245352,6.148682353675465
2019-04-15,11.358857,-1.5602685838014456,-4.877645622220652,-0.1075279411641625,-0.8537353257719915,-8.601731164465193,11.574833432087358,-4.426075205336085,15.784932205336085
2019-04-16,0.63351333,-1.4369622987376633,-2.5654066405637646,-0.7876966845002326,-0.8440555932071081,-9.475807680306726,11.576519978811985,-3.5334089185035094,4.166922248503509
2019-04-17,0.078590356,-1.3128858017367677,2.140174257253799,-1.2982810282238297,-0.8279355268487413,-8.861167933293236,11.578285653755568,1.4181896209067926,-1.3395992649067925
2019-04-18,0.46617118,-1.1878688066691834,4.622684139429041,-1.6649329332518488,-0.8282339517963561,-7.46056127869084,11.58024007087583,5.0613272398966425,-4.5951560598966426
2019-04-19,3.5641115,-1.061845081986665,2.7636941726512245,-1.8885966150119866,-0.8591129185981039,-5.764876061840397,11.582506365814673,4.771769861028745,-1.207658361028745
2019-04-20,1.7644246,-0.9355806995620435,-1.1953499206022764,-1.9509357497253352,-0.9078035968625155,-3.8011836555717187,11.584800784092328,2.793947161768438,-1.029522561768438
2019-04-21,0.49040654,-0.809239618022815,-3.549633136674095,-1.849119099757314,-0.9449753510930495,-1.513042818394854,11.58712363410334,2.9211136101612123,-2.4307070701612123
2019-04-22,6.8917346,-0.6827201739073416,-2.726356184061814,-1.6281337690586843,-0.9551678019782223,0.6905276877295411,11.589516308067255,6.2876660667907345,0.6040685332092659
2019-04-23,2.5090756,-0.5560548049510651,0.11046766733837171,-1.3817162294150491,-0.9538395571267188,1.9068616765926851,11.591876742227141,10.717595494665364,-8.208519894665365
2019-04-24,8.885113,-0.4290253375441744,2.7463256983309634,-1.2017973978743586,-0.9685137999269974,1.4115511279137678,11.594266017710453,13.152806308609653,-4.267693308609653
2019-04-25,17.228836,-0.3017295876916924,3.341526752974926,-1.1026318231972343,-1.0026362427063515,-0.5106927022976523,11.596674130251552,12.020510527333547,5.208325472666454
2019-04-26,17.493452,-0.17367520808459533,1.104637015708666,-0.9776246647027041,-1.0239789674211024,-2.3261154068487633,11.599483901126725,8.202726669778226,9.290725330221775
2019-04-27,15.990743,-0.045676284419345056,-2.9279891500796142,-0.6535816231043372,-0.9943718966869063,-2.0011036524282053,11.60225058253497,4.979527975816561,11.01121502418344
2019-04-28,2.5726733,0.08207509998520528,-5.668304776998228,-0.0336683272197551,-0.9093355404082155,1.6057634749133372,11.604873563039728,6.681403493312072,-4.108730193312072
2019-04-29,4.3879437,0.20993364697016917,-3.9759439794448275,0.7773547317393015,-0.8040234644681212,7.644014745112918,11.60748916325013,15.458824843159569,-11.070881143159568
2019-04-30,34.759926,0.3376317369535893,1.9409639592766599,1.4608925767253136,-0.7261613567596883,13.340011784110708,11.610074856588643,27.963413556895226,6.796512443104774
2019-05-01,40.003605,0.46426609254146944,7.603359521505142,1.6410180901563156,-0.7047636369120983,15.522662205731466,11.61226193392477,36.138804206947064,3.864800793052936
2019-05-02,27.521654,0.5896711713552498,7.9614793333152685,1.131201825780513,-0.7392814480331823,12.73769397246569,11.61398267912767,33.29474753401121,-5.773093534011206
2019-05-03,4.192934,0.7145231282011448,2.399815558482599,0.07247736037564712,-0.8113172878591715,6.31586307205729,11.615545543218674,20.306907374476182,-16.11397337447618
2019-05-04,4.8680553,0.8397780913710203,-4.411441267004476,-1.1447768399282499,-0.8959723064532663,-0.5337585240357255,11.617325188591144,5.471154342540446,-0.6030990425404461
2019-05-05,2.0417469,0.9652675303153211,-6.948517942101322,-2.127591467686803,-0.9640968167886921,-4.970582813715006,11.61925175406941,-2.426269755907093,4.468016655907093
2019-05-06,1.7662473,1.0906192080616697,-3.850054463184159,-2.710780144369893,-0.9888074105742963,-6.313759942676515,11.621221880191355,-1.1515608725518387,2.9178081725518386
2019-05-07,9.439249,1.2159433688609265,1.4659032974802526,-3.0021644968023686,-0.9634375485268685,-6.017363419822542,11.623216927209517,4.322098128398918,5.1171508716010825
2019-05-08,2.6736176,1.3422033985224306,4.478733990922866,-3.209676327755353,-0.9125752706188137,-6.002832661028612,11.625656515044692,7.32150964508721,-4.64789204508721
2019-05-09,0.009829644,1.469578318480275,3.311326158913926,-3.4126943879994727,-0.8768554129896606,-6.865982029108609,11.628658823747381,5.25403147104384,-5.24420182704384
2019-05-10,0.40905505,1.5977689770556125,-0.5573972317158394,-3.4907430146724505,-0.8776030754856216,-7.455379400815837,11.632221083812404,0.8488673381782679,-0.4398122881782679
2019-05-11,2.6371818,1.7259753636546686,-3.9868508113474936,-3.2622913703537337,-0.8924531428772786,-6.064155505958649,11.635985570634512,-0.8437898962479746,3.4809716962479746
2019-05-12,3.2858253,1.8537868995954638,-4.268196970735659,-2.7129256994923887,-0.8767344767171488,-2.2483796087786154,11.639801662856105,3.3873518067277573,-0.10152650672775732
2019-05-13,3.1360164,1.9809805953841835,-0.7853592358120577,-2.092119170499933,-0.815289672966943,2.2326104521458987,11.64363857026134,12.164461538512487,-9.028445138512488
2019-05-14,13.03203,2.108606389056097,4.056702720630487,-1.764320043851881,-0.7480125232750123,4.295772027859992,11.648198796510886,19.59694736693057,-6.564917366930571
2019-05-15,6.1046653,2.235724245797178,5.856421314533807,-1.9205463895196233,-0.7335825242052572,1.8464872127417087,11.653008271216974,18.937512130564787,-12.832846830564787
2019-05-16,1.690621,2.361864572086431,1.8509619386867402,-2.400374739124206,-0.784483070681173,-4.134105740291967,11.657773261249972,8.551636221925797,-6.861015221925797
2019-05-17,0.66620904,2.487108293088019,-5.514287063635786,-2.7969272317216074,-0.8399862276285683,-9.619251872430981,11.662574345687869,-4.620769756641057,5.286978796641057
2019-05-18,0.9825993,2.61153905121398,-9.55316030059729,-2.773953322408778,-0.8132402001991063,-10.134895544055071,11.66742567071965,-8.996284645326613,9.978883945326613
2019-05-19,0.8789264,2.7353841367185616,-5.511703683056064,-2.3450206728149348,-0.6738433827061642,-4.201169630806568,11.672326818487987,1.6759735858228186,-0.7970471858228186
2019-05-20,5.7688723,2.858832019566743,3.874948956311952,-1.8844337964763382,-0.48443885598110814,5.212013435742738,11.677393327391403,21.254315086555387,-15.485442786555387
2019-05-21,110.94131,2.9812335072813023,10.142608387040553,-1.8589746801204143,-0.35179268626542015,12.659872301985816,11.682435311186893,35.25538214110873,75.68592785889126
2019-05-22,27.844471,3.0997240384717872,7.374428446666533,-2.5026289315876324,-0.33802394873384584,14.114088354712102,11.686016969406056,33.433604928935,-5.589133928934999
2019-05-23,0.41350955,3.2163149304728593,-1.5757701586968265,-3.6449617658266313,-0.40951423045872226,9.6229473311219,11.689255091966091,18.89827119857867,-18.48476164857867
2019-05-24,0.41272306,3.3322414978646666,-8.068371491673982,-4.8874255709467125,-0.47777578730561654,2.501858630392277,11.692695268444902,4.093222546775534,-3.6804994867755343
2019-05-25,0.10393514,3.4476686822975484,-6.54217253257922,-5.878972814325349,-0.48007803620927525,-3.539325575971697,11.69644499913953,-1.2964352776484613,1.4003704176484613
2019-05-26,0.00026170164,3.5622832110735714,0.38502267865030804,-6.4825460568275854,-0.42438304147557965,-6.62884438201017,11.700316739839634,2.111849149250178,-2.111587447610178
2019-05-27,0.036432873,3.6759659208442685,5.5354105020615645,-6.749217353738309,-0.36531641719403,-6.903128239578278,11.704259532434307,6.897973944829523,-6.8615410718295236
2019-05-28,8.461102,3.7886936807086604,4.681624393901635,-6.782520532611268,-0.34531975382339397,-5.406623442473298,11.708314154069473,7.644168499771809,0.816933500228191
2019-05-29,10.825535,3.900222289621032,-0.23589740417952046,-6.629051387227059,-0.3564762853483253,-3.2772986896993332,11.712326322746646,5.11382484591344,5.7117101540865605
2019-05-30,1.6333451,4.010498253864782,-4.3449480937879805,-6.26177941908606,-0.3516796098788547,-1.6724956303938883,11.716242742351827,3.095838243069826,-1.462493143069826
2019-05-31,0.95599186,4.120253499323977,-4.657104805082184,-5.6364022843739745,-0.29086013573363484,-1.6941536552379823,11.720497637403621,3.562230256299822,-2.6062383962998217
2019-06-01,2.4618688,4.229375459315009,-1.5966988183125097,-4.748127296897988,-0.18029209851604916,-3.7566290698707534,11.725124064382001,5.67275224009971,-3.21088344009971
2019-06-02,1.7781453,4.337505960834669,2.4798301227198403,-3.649231242055018,-0.07340469127428034,-6.971120485033712,11.729879995897749,7.853459661089247,-6.075314361089247
2019-06-03,2.0948086,4.4444601860030675,4.870557183005017,-2.4332935353687217,-0.0315706951094456,-9.479047433071358,11.73468685156111,9.105792557019669,-7.010983957019668
2019-06-04,1.2742755,4.550118165173684,3.545358385776999,-1.1964759019049762,-0.07473889958211741,-9.619556988509956,11.739538774806046,8.944243535759679,-7.669968035759679
2019-06-05,1.3357784,4.654555809230404,-1.327798394400585,0.014938411614734873,-0.15939511305603174,-6.878833395478481,11.744436601926733,8.047903919836774,-6.712125519836774
2019-06-06,0.6283503,4.75814727099107,-6.286164765394508,1.229937806531337,-0.2066635952637253,-1.9154363808853856,11.74940656168947,9.329226897668258,-8.700876597668259
2019-06-07,52.8164,4.861537845297558,-6.578343152683586,2.503978041074882,-0.16476083780085282,4.015772445101553,11.754773186674523,16.392957527664077,36.42344247233592
2019-06-08,25.869371,4.962840626557721,-0.880743937027459,3.815342273212809,-0.052142435130996756,9.53364091034157,11.759537847815954,29.1384752857696,-3.2691042857696004
2019-06-09,15.266514,5.062673297344659,6.297292031097054,5.013962572629367,0.06208720414391783,13.34641878291467,11.76424961023792,41.546683498367585,-26.280169498367584
2019-06-10,101.66622,5.161160466994961,8.322867679549159,5.842059603769183,0.11803221555939936,14.417964646190075,11.769158408142843,45.631243020205616,56.03497697979438
2019-06-11,48.280678,5.256971344099248,3.252644632965219,6.072643827246914,0.11264042752636244,12.442783574109974,11.773488717488334,38.91117252343605,9.369505476563951
2019-06-12,12.637812,5.352058961308428,-3.829619046262182,5.70328511780775,0.094106322994019,8.323340492611528,11.778379889703324,27.42155173816287,-14.783739738162868
2019-06-13,2.7668312,5.445813278131167,-6.145826401852956,4.9561076382947915,0.10002609078671926,3.7774507003950903,11.783468473045414,19.917039778800227,-17.15020857880023
2019-06-14,4.473749,5.538233352393382,-2.213164637241308,4.128054703223063,0.11376062784461582,0.33623369400261705,11.788634075115844,19.691751815338215,-15.218002815338215
2019-06-15,74.04552,5.629168799000869,3.2517101497826935,3.41337766039626,0.0882974401934819,-1.5379880127711258,11.793833756300378,22.638399792902554,51.40712020709744
2019-06-16,22.933155,5.717093445800558,4.807579362718157,2.8286967519670427,0.003997593183813486,-2.569105736883578,11.798298791076043,22.586560207862036,0.34659479213796374
2019-06-17,0.35894102,5.8033489552271975,1.4385353904663565,2.3247361847146024,-0.09891150035402013,-3.862466313232931,11.802705655438007,17.407948372259213,-17.049007352259213
2019-06-18,1.7212946,5.888286557192243,-3.6975723308112007,1.910163996434529,-0.15046441742497052,-5.8883894138621935,11.807224024343386,9.869248415871795,-8.147953815871794
2019-06-19,6.148263,5.9718071640621595,-6.756247104423171,1.7062374859435372,-0.10573981716740133,-7.81639943732733,11.81190641657988,4.811564707667675,1.3366982923323247
2019-06-20,16.190395,6.053719190299336,-5.561356656858717,1.8560694197670484,0.02433404261869243,-7.892636008910216,11.816630602057373,6.296760588973517,9.893634411026483
2019-06-21,11.763278,6.136305020622633,-0.17490347022143343,2.3575436598550636,0.18286497217924763,-4.933991953490473,11.822800099337272,15.39061832828231,-3.62734032828231
2019-06-22,17.956865,6.218174263355788,6.631082672755124,2.9925137764428222,0.3013998934789997,0.16124012088758066,11.829753338870823,28.134164065791136,-10.177299065791136
2019-06-23,20.952932,6.297767378944779,9.779730998599621,3.4300367679945367,0.3311200467313979,4.496972529912483,11.836604414737046,36.17223213691987,-15.219300136919866
2019-06-24,53.752586,6.376235188985142,5.515676174394825,3.4736418959332305,0.27178721229249614,5.343778299751492,11.843874113569171,32.82499288492636,20.92759311507364
2019-06-25,14.6906395,6.452100250070624,-3.7331096147108207,3.2351796184594934,0.17950600226489233,2.518698342338386,11.85072336542654,20.503097963849115,-5.812458463849115
2019-06-26,1.2721769,6.525784893880317,-9.690461336106132,3.07086309429844,0.1280135689741182,-1.4716247998534286,11.857444591172762,10.420020012366075,-9.147843112366076
2019-06-27,8.937471,6.5976738996539,-6.127779556618824,3.292872637329758,0.1426305792009055,-3.926860321340779,11.864255848769035,11.842793086993996,-2.905322086993996
2019-06-28,39.24448,6.667325035073303,3.5057766880131385,3.9434870720696327,0.17463373077984434,-4.382315976141816,11.871031921750564,21.779938471544668,17.464541528455335
2019-06-29,23.01356,6.733690724273659,8.652986258210008,4.826865939140728,0.15455438498151275,-4.23987985388392,11.87726146293592,28.005478915657907,-4.991918915657909
2019-06-30,19.30362,6.797091172721988,3.1670531444635737,5.752304116301475,0.08200699426477087,-4.050727694441107,11.883221082507344,23.630948815818044,-4.327328815818046
2019-07-01,10.094253,6.857649480980866,-7.214781425967425,6.69463138638813,0.048251036429001415,-1.94282977457227,11.889017100503693,16.331937803761996,-6.237684803761995
2019-07-02,15.272944,6.915640288130313,-10.785243500696401,7.7155159356028955,0.14961347385019896,4.476933782776996,11.894757451190861,20.367217430854865,-5.094273430854864
2019-07-03,24.367004,6.970872110501523,-2.907595840475388,8.73343659590815,0.3711318931470132,14.431380124300194,11.900341514748629,39.49956639813012,-15.13256239813012
2019-07-04,162.99644,7.022840745805315,8.791917188554393,9.421843050674717,0.5701661360133152,22.778110290374606,11.905577538317315,60.490454949739664,102.50598505026034
2019-07-05,52.64668,7.067663872669883,12.810536280442975,9.391185949115181,0.5962180121910847,23.36773132363181,11.908165690632911,65.14150112868384,-12.494821128683839
2019-07-06,30.656723,7.11080278926344,5.846968809996479,8.570763367183059,0.4395639684451971,14.368525267487117,11.91105805725251,48.2476822596278,-17.5909592596278
2019-07-07,31.645462,7.152318886692202,-4.912783516378419,7.2811211255223895,0.2378439853907045,0.1554796591065786,11.914273327023775,21.82825346735723,9.81720853264277
2019-07-08,7.404285,7.190988499980797,-10.048533998477692,6.0169101009545445,0.1426964235446131,-11.744544451206744,11.917135786468066,3.4746523612635833,3.9296326387364164
2019-07-09,3.3757858,7.227618308446245,-6.65246448834782,5.093965460939126,0.18361433412481687,-15.98157830619654,11.919905868033602,1.7910611769994293,1.5847246230005707
2019-07-10,1.6491413,7.262693441261623,0.7110302646510129,4.460795044020658,0.26353284113668923,-12.551296937435994,11.92270101002932,12.069455663663309,-10.420314363663309
2019-07-11,15.458355,7.296351197377411,5.537410861910997,3.83949973203495,0.27884765262049394,-5.623211932345132,11.925644401963183,23.2545419135619,-7.796186913561902
2019-07-12,15.840851,7.3282695376626,4.744250746696335,3.0186988196979145,0.2286756073783625,0.178087171144342,11.928708752134533,27.426690634714088,-11.585839634714088
2019-07-13,14.891697,7.3586531007612,0.023078963110255146,2.018658968724381,0.20491160269699832,2.6309695358556926,11.93202404182705,24.168296212975577,-9.276599212975576
2019-07-14,38.893917,7.386917568289698,-4.175444458462527,0.9907896504140684,0.28361991597635045,2.0602849325951818,11.935225409542356,18.481393018355128,20.412523981644874
2019-07-15,6.785957,7.411945257143559,-4.06490066637646,0.005505223976916107,0.43587173205708407,-0.24753295128622443,11.937782135854885,15.478670731369759,-8.692713731369759
2019-07-16,21.544954,7.434725746733779,0.39328571807271095,-1.0094597198742712,0.5491465905416487,-3.220452000647807,11.940236876627344,16.087483211453403,5.457470788546598
2019-07-17,11.1579895,7.455185542190462,5.005970264592496,-2.156278579790531,0.5275083742117436,-5.983473819905141,11.942441239618832,16.79135302091786,-5.633363520917861
2019-07-18,8.886971,7.473682423587639,5.04764382506749,-3.377044489876087,0.37579096555628494,-7.327804977648675,11.944654096011318,14.136921842697967,-5.249950842697967
2019-07-19,6.164299,7.490065205142134,0.2616680863373317,-4.424453338188268,0.19301408968544387,-6.027788231036864,11.946887716589812,9.439393528529589,-3.275094528529589
2019-07-20,6.457418,7.504225561311241,-4.506003183772793,-5.026666709504272,0.08962687956853826,-2.0447723691692343,11.949131084756125,7.965541263189605,-1.5081232631896055
2019-07-21,7.7521973,7.516261709233699,-4.587926878757993,-5.109666250631581,0.10015206895505763,2.733148006467547,11.95139528250792,12.60336393777465,-4.851166637774651
2019-07-22,12.517349,7.526168607883291,-0.7718101227793395,-4.8692963356954735,0.16637159999225248,5.513215321886116,11.953715868226853,19.5183649395137,-7.0010159395136995
2019-07-23,26.36948,7.533332793473789,2.03261281092274,-4.622343238483568,0.201764195955915,4.899144088975824,11.95592093885232,22.00043158969702,4.36904841030298
2019-07-24,14.634616,7.536878884817975,1.080011124655234,-4.577711659718705,0.17470454380640094,2.2729617848603594,11.957733558644652,18.444578237065915,-3.809962237065916
2019-07-25,4.9574356,7.537461066088352,-1.1783423742289512,-4.741056292384875,0.1297642077530773,0.5862965085473971,11.959365257671209,14.293488373446209,-9.336052773446209
2019-07-26,5.3255563,7.536367967688895,-1.1046137429561238,-5.020054699765346,0.13142352743561025,1.4977477690611527,11.961194967594873,15.00206578905906,-9.676509489059061
2019-07-27,27.988213,7.533663488589561,0.9560643739718271,-5.373518518286069,0.18892805790503897,3.7910060585435237,11.963051821262136,19.059195281986018,8.92901771801398
2019-07-28,38.709545,7.529415926817698,1.554442716640356,-5.840746796052411,0.2372954501881376,4.711830643731999,11.964748921604345,20.156986862930125,18.552558137069873
2019-07-29,18.59478,7.5267207745569635,-0.4790798957234098,-6.42701384868902,0.20002473177086633,2.7520384058760805,11.968301885809941,15.540992053601421,3.053787946398579
2019-07-30,10.195085,7.523884262165693,-2.101291289196104,-6.998448978767856,0.06843282837669751,-1.0580845134177577,11.97278497367147,9.407277282832142,0.7878077171678584
2019-07-31,21.724537,7.519216945179049,-0.48277213907017735,-7.360639510531991,-0.08746359466629434,-4.492936448005107,11.97725416484478,7.072659417750259,14.651877582249742
2019-08-01,19.540573,7.512184915114877,2.5797016310240943,-7.430838333548295,-0.17776103824770897,-6.270225604076794,11.981440478212463,8.194502048478636,11.346070951521362
2019-08-02,9.337864,7.502816264590033,2.7741862121848153,-7.321840870661046,-0.16614903654321483,-6.65098003698793,11.985404589157566,8.123437121740224,1.2144268782597756
2019-08-03,2.475223,7.491411214862832,-0.8599096735925464,-7.2503571517528425,-0.09503820967564688,-6.3122198423115865,11.989374345219014,4.963260682749223,-2.488037682749223
2019-08-04,0.36160368,7.478311855146592,-4.427661779164488,-7.346144685948154,-0.04217924328304474,-5.260538843992711,11.993449778511042,2.3952370812692365,-2.0336334012692365
2019-08-05,0.33720767,7.463638371699287,-4.072699642294614,-7.546968525811402,-0.05183205369397563,-3.149148391129044,11.997664933178118,4.640654691948369,-4.30344702194837
2019-08-06,0.24113292,7.447037062631617,-0.587287806679186,-7.679401453674611,-0.10316637108532983,-0.35844628455459177,12.002102318176735,10.720837464814634,-10.479704544814634
2019-08-07,6.4700313,7.429761929296159,2.119700240960026,-7.645265500767109,-0.14100241615840092,1.7415351539549866,12.007286764618614,15.512016171904275,-9.041984871904276
2019-08-08,10.861805,7.411902046446812,1.9599005557436202,-7.520746095343678,-0.1315587381199966,1.8161343440237048,12.013069122160857,15.54870123491132,-4.68689623491132
2019-08-09,11.920317,7.393966276598506,0.3689944459294732,-7.469437797820897,-0.09377639993291091,-0.15334214364321402,12.019701006661078,12.066105387792035,-0.1457883877920345
2019-08-10,9.119998,7.374838079295589,-0.5127964856807634,-7.559942443788168,-0.08017229782209961,-2.687581942269227,12.02668470461999,8.561029614355322,0.558968385644679
2019-08-11,4.587709,7.354254371875657,-0.37940940611396445,-7.677369969862691,-0.12626744423837238,-3.95050566407264,12.033870275185894,7.254572162773882,-2.6668631627738817
2019-08-12,4.5600977,7.33328755157439,0.06125276961279484,-7.6151798121550565,-0.21171428702634942,-3.1999739207439224,12.041681017571326,8.409353318833183,-3.8492556188331832
2019-08-13,9.429591,7.311649330608697,0.7243947608294437,-7.264092933833015,-0.2718801459939591,-1.3237479091690476,12.04996307622107,11.22628617866319,-1.7966951786631888
2019-08-14,22.218908,7.289562772184308,1.5710468702536036,-6.709178897320888,-0.25391189005603554,0.010109711484139139,12.058735121671477,13.966363688216603,8.252544311783396
2019-08-15,25.137049,7.266110739712215,1.3999763406605883,-6.131705278289065,-0.16584648268443827,-0.09793307430796577,12.067679916937449,14.338282162028785,10.798766837971217
2019-08-16,10.514578,7.240335675053325,-0.8437102567701718,-5.627043813453166,-0.07642039885756768,-0.8539486835762807,12.076375939846944,11.915588462243083,-1.4010104622430823
2019-08-17,0.6428305,7.213472364104196,-3.5977174248156314,-5.133944026015115,-0.06111519393874382,-0.4011042301625254,12.08528511944596,10.10487660861814,-9.46204610861814
2019-08-18,3.3151135,7.185865845407282,-3.453659045562324,-4.544326313111968,-0.13796993242192607,2.3943989585470367,12.094630454836881,13.538939967694981,-10.22382646769498
2019-08-19,32.641186,7.156835166881237,0.60765119660187,-3.8687108664385605,-0.2520782554420319,6.602355261526848,12.10404696112277,22.350099464252132,10.291086535747866
2019-08-20,32.228336,7.125032151003625,4.989906644563599,-3.278022047239532,-0.3236338202776712,9.665466258408701,12.112855770390448,30.29160495684917,1.9367310431508287
2019-08-21,21.338358,7.090576037293614,5.078461453129124,-2.9433989751703065,-0.3150716528474291,9.449327339685107,12.12130110711646,30.48119530920657,-9.14283730920657
2019-08-22,13.567559,7.0537550650473175,0.6235422045734134,-2.853087167477941,-0.2611957242547832,6.041307254915783,12.129430828227974,22.733752461031763,-9.166193461031764
2019-08-23,22.057964,7.015076546261033,-3.9220451038575233,-2.7969398196251523,-0.2327510468317175,1.6541549023924964,12.137345132595975,13.854840610935112,8.203123389064887
2019-08-24,13.382598,6.975511219530777,-4.495816428601648,-2.554607766884233,-0.26514225758515075,-1.2209722353844112,12.145477390348406,10.58444992142374,2.7981480785762596
2019-08-25,9.491433,6.935081393710034,-1.4404354816398448,-2.104380401566311,-0.3189737861599567,-1.660093692490988,12.153942254476098,13.565140286329031,-4.0737072863290305
2019-08-26,8.828376,6.8931582366072535,1.9750068788978976,-1.6504275649445375,-0.31649329647826374,-0.6287305029063572,12.162396003444686,18.434909754620676,-9.606533754620676
2019-08-27,16.576479,6.850492699146072,3.465188054517021,-1.4089247686045336,-0.22112543303918103,0.21338895756171422,12.171083453803421,21.070102963384514,-4.493623963384515
2019-08-28,28.277782,6.806771482410744,2.8334175145240588,-1.3739050760640537,-0.0849807359305611,-0.12235827146357642,12.179984928428595,20.238929841905207,8.038852158094791
2019-08-29,6.3056855,6.761203015203366,0.43669798329974147,-1.3018523235236854,-0.01390992959302928,-1.4922405331663602,12.188611109063348,16.57850932128338,-10.272823821283382
2019-08-30,5.778227,6.714723075339197,-3.0446395870955074,-0.9278451043183567,-0.06901719662392969,-3.102674858535266,12.197475965957361,11.7680222947235,-5.989795294723499
2019-08-31,13.927268,6.666820558596437,-5.212602857564734,-0.2146501457029611,-0.20058950977007028,-4.380351463182071,12.206483586349263,8.865110168725863,5.062157831274137
2019-09-01,8.2431555,6.617253971275082,-2.926645941251042,0.6237101101592025,-0.28618258739162483,-5.507707635380561,12.215439993829708,10.735867911240764,-2.4927124112407633
2019-09-02,2.1803677,6.569250992298046,3.4078963128116593,1.3575311498375893,-0.2414442300413137,-7.159368560590734,12.226044606809548,16.159910271124794,-13.979542571124794
2019-09-03,35.439053,6.522664716631434,7.95872615563968,2.0047969600248976,-0.09954306779028477,-9.455592563220955,12.238222132457315,19.169274333742084,16.269778666257917
2019-09-04,18.619734,6.473623385706513,4.782027571026239,2.841773408849521,0.018354102538712613,-10.910185820372513,12.249950112123042,15.455542759871513,3.1641912401284884
2019-09-05,2.7749891,6.423504995008191,-4.455455603535897,4.16075444081754,0.02541470978175342,-8.608368937849962,12.262121986307998,9.807971590529622,-7.032982490529622
2019-09-06,0.2536117,6.372802335423094,-10.542186958315671,5.934917843097123,-0.04268458956399668,-0.4356353500785725,12.274790665546753,13.56200394610873,-13.30839224610873
2019-09-07,0.9003631,6.321362018019105,-6.283769829342611,7.689573767020432,-0.06959343370145255,12.110667566415632,12.287773628992529,32.05601371740363,-31.15565061740363
2019-09-08,93.60504,6.268759282268042,5.016051581231448,8.731271156875202,0.014159349303299429,23.445896876300452,12.301041266690985,55.777179512669434,37.82786048733057
2019-09-09,103.827965,6.210025798560121,12.495103342281826,8.577819177469038,0.15034690197496725,27.116497576712778,12.312212501867993,66.86200529886672,36.965959701133286
2019-09-10,9.428131,6.144697621646321,9.109455238776931,7.309696515687578,0.2111623765551689,20.616259593217286,12.320867373932142,55.71213871981543,-46.28400771981543
2019-09-11,19.649343,6.080162216891221,-1.6080332016221646,5.474639142240153,0.1292231047940583,7.3253404210262225,12.331112898783815,29.732444582113303,-10.083101582113304
2019-09-12,7.0576725,6.015393271706545,-10.073024854614175,3.633542020112218,-0.032759946033410814,-6.156466796667644,12.342408991613906,5.729092686117439,1.3285798138825609
2019-09-13,5.586243,5.949127966265588,-9.935886668914202,2.0315136005248258,-0.13237292749296387,-14.484668667129249,12.35385329013479,-4.2184334066112115,9.804676406611211
2019-09-14,2.875661,5.882139283964328,-2.566172238309254,0.5641628730874791,-0.07389886020548275,-16.2786849979045,12.365456888577885,-0.10699705078954302,2.982658050789543
2019-09-15,3.7533212,5.815772739700545,5.7181520159149155,-0.95416176969727,0.11246181110553938,-13.394898109608848,12.377566819675835,9.674893507090717,-5.921572307090717
2019-09-16,37.459984,5.750031265946003,8.94947390843329,-2.532377555753522,0.2991323114407594,-8.4662058112631,12.390319015420909,16.39037313422434,21.06961086577566
2019-09-17,9.550162,5.682074330378185,5.0946090778661315,-3.988574414605324,0.3655272960007501,-3.277230294485828,12.402383882712643,16.278789877866558,-6.728627877866558
2019-09-18,24.112682,5.614821351853076,-2.796376572198394,-5.11829128681251,0.2951541264624244,1.2019407267976843,12.415498849664248,11.612747195766527,12.499934804233472
2019-09-19,10.769487,5.5474066130221225,-8.232418108000324,-5.91133278955413,0.18024547359155552,4.043722324773211,12.429106244102798,8.05672975793523,2.71275724206477
2019-09-20,3.5417266,5.479475740308255,-5.958836265608668,-6.570907829541447,0.13777867154405826,4.465859853987176,12.442829167398521,9.996199338087894,-6.454472738087894
2019-09-21,1.7224787,5.413520711389728,2.819602061142696,-7.370849356322778,0.20939427667183208,2.654945923645357,12.457990046124557,16.18460366265139,-14.46212496265139
2019-09-22,13.428283,5.349618279602945,10.304325391313416,-8.455970272585116,0.33014557995672694,0.11657696310575139,12.474808173125288,20.11950411451901,-6.69122111451901
2019-09-23,11.744749,5.285219151890708,8.978654559707413,-9.758642943602716,0.3845824479362575,-1.3162357179199127,12.491913837214515,16.065491335226266,-4.3207423352262655
2019-09-24,7.3350716,5.219911286237393,-0.7254996309289502,-11.032771334273953,0.310642554964583,-1.014270278527021,12.509128667661066,5.267141265133119,2.0679303348668814
2019-09-25,5.046655,5.1547797135655316,-10.418819096467367,-11.95907292479572,0.1662068365456177,-0.08566304110340234,12.526639006134946,-4.615929506120391,9.662584506120393
2019-09-26,1.3897018,5.0933819944773076,-11.779100422905593,-12.282438625892807,0.09596919872994641,-0.2960375584064574,12.546338908158686,-6.621886505838917,8.011588305838917
2019-09-27,0.45683283,5.035069697364302,-4.009085219279435,-11.937080508960124,0.21389081783766822,-2.35227146450001,12.567962799665894,-0.48151387787170385,0.9383467078717038
2019-09-28,0.29104295,4.978852914002184,6.461379113078348,-11.094743221927377,0.49171886928367947,-5.244760749624245,12.591198662477304,8.183645587289892,-7.892602637289892
2019-09-29,0.13602012,4.92347817789736,12.034157681885839,-10.055564680891797,0.7602028701446689,-7.259901618921173,12.615143316319465,13.017515746434363,-12.881495626434363
2019-09-30,10.962797,4.870731570336366,9.07054547646857,-9.007448921273541,0.8353794552194251,-7.516773804666571,12.640484875632488,10.892918651716737,0.06987834828326278
2019-10-01,10.024061,4.823249374158722,-0.6669814288872851,-7.803512195952477,0.6775292471337011,-6.388699340555773,12.668751287392757,3.310336943289647,6.713724056710353
2019-10-02,1.8129781,4.778868442196362,-10.71966693075,-5.989485613508166,0.44194367925578243,-4.713936607372632,12.698972968414507,-3.5033040617641458,5.316282161764146
2019-10-03,5.0561047,4.7347479869031535,-12.739031911277339,-3.1653663762933673,0.35732676800695395,-3.2768896620225894,12.729846559401588,-1.3593666352815976,6.415471335281597
2019-10-04,3.7662811,4.690665989330167,-2.795959637237215,0.602924886085692,0.5278557073258039,-3.3312324653020338,12.761298227315253,12.455552707517667,-8.689271607517666
2019-10-05,2.656254,4.647339975265968,12.376814844446944,4.7291886659760864,0.8332735051802731,-6.867347856577885,12.793523414818829,28.512792549110216,-25.856538549110216
2019-10-06,10.273634,4.605245066147663,17.930271763740418,8.547396719604544,1.0288280528921134,-14.759034813264348,12.826801202347264,30.179507991467652,-19.90587399146765
2019-10-07,12.341627,4.563859151824233,4.674674791573777,11.938748359456802,0.9766442772433243,-23.51366054313359,12.860654805465156,11.500920842429704,0.8407061575702972
2019-10-08,9.574549,4.522765739255247,-18.338429005644485,15.523431817330922,0.7944872362887602,-24.732380001734995,12.894945420587216,-9.335178793917336,18.909727793917334
2019-10-09,1.270378,4.4821280198267575,-28.787603459273303,20.093813284121524,0.7618123495275582,-10.369089419435248,12.930016112307978,-0.8889231129247346,2.1593011129247346
2019-10-10,6.0037584,4.442553177167995,-12.792387782990254,25.6948752381272,1.0535413844232275,19.012823746181414,12.966085805061219,50.3774915679708,-44.3737331679708
2019-10-11,40.511234,4.402932764020754,18.44101844117788,31.170327844219905,1.5453577179165123,50.68269840874203,13.002895250103585,119.24523042618065,-78.73399642618065
2019-10-12,416.3605,4.358383258828436,37.00364601379873,34.695609696808354,1.8880790631740794,66.3456717617537,13.039233367474214,157.3306231618375,259.0298768381625
2019-10-13,142.10393,4.282448787501231,25.292526876974712,34.978824707731015,1.8075159750063263,55.32900137139783,13.061019992466274,134.75133771107738,7.352592288922608
2019-10-14,9.218633,4.193768588252289,-5.871860373690554,32.52658326400938,1.3924164461481894,24.185172436573463,13.07806563444354,69.50414599573631,-60.28551299573631
2019-10-15,11.027487,4.104413248093175,-28.63427629501585,29.09592475487649,0.9984112286223423,-8.42375764735533,13.095907022238462,10.236622311459286,0.7908646885407151
2019-10-16,3.7392538,4.01414525597049,-24.954056358986687,26.398847600508542,0.9279697868828067,-25.78669221992096,13.113982902023913,-6.285803033521894,10.025056833521894
2019-10-17,2.8161669,3.92340399055643,-1.4625732597857075,25.02690853432786,1.178239372960185,-24.350247855425398,13.132501095796068,17.44823187842944,-14.63206497842944
2019-10-18,31.182285,3.8325829899338464,19.460740039348202,24.312381968238654,1.4683729064939577,-13.659555137034387,13.151769904276595,48.56629267125686,-17.38400767125686
2019-10-19,45.07807,3.7397231027868383,20.5840127655259,23.18695275597873,1.5091753124847533,-6.304481325962744,13.170529014555877,55.88591162536935,-10.807841625369356
2019-10-20,6.0413475,3.6444574642736294,3.1595763131463874,21.273317634136085,1.2682699686885113,-7.180857104937257,13.188394327152203,35.35315860245956,-29.311811102459558
2019-10-21,21.72634,3.5490651800854853,-16.284577187325915,19.22803119520786,0.992684511605592,-11.008709742450348,13.206856099420632,9.683350056543304,12.042989943456696
2019-10-22,46.138966,3.4515799591120393,-20.46123620819962,18.03726438382518,0.9685101597912398,-9.069189367102853,13.225041504075362,6.151970431501347,39.986995568498656
2019-10-23,5.4353576,3.350050934165605,-5.252829068222716,18.04859148437916,1.2535771690912876,2.05966138111188,13.241772039927866,32.70082394045308,-27.265466340453077
2019-10-24,17.866682,3.247970737210876,16.72679684500827,18.585056797138403,1.6200149594389384,17.30245183096404,13.258876470897183,70.74116764065771,-52.87448564065771
2019-10-25,235.3598,3.1433449701629494,26.097256394955988,18.367805687754064,1.7454164920840742,27.240187527098854,13.27577034206192,89.86978141411785,145.49001858588215
2019-10-26,70.33862,3.017347514899643,13.790901415903454,16.444844111269305,1.4931783191594978,25.657545055211575,13.282467650806883,73.68628406725036,-3.3476640672503493
2019-10-27,6.3358665,2.8831862170302003,-9.440848369499424,13.04444313809107,1.0498906712554597,14.40326286765579,13.28629242170834,35.22622694624144,-28.890360446241438
2019-10-28,4.323872,2.748603259013125,-22.86169621983482,9.141057312837937,0.732517534617038,0.5342811903015251,13.290861219029296,3.5856242959641005,0.7382477040358992
2019-10-29,28.685411,2.61414884851329,-15.58447576306328,5.670040148573069,0.7094999364384306,-9.432172837803892,13.296368817936582,-2.726590849405799,31.412001849405797
2019-10-30,9.615566,2.476026876637894,3.558925549105875,2.972039242264444,0.8807234363435215,-12.998299132000009,13.300960287756176,10.190376260107902,-0.5748102601079026
2019-10-31,0.31707716,2.335998517714383,16.08922517480183,0.8094320379493497,1.0058991413342913,-11.08920551249437,13.305303433249655,22.456652792555136,-22.139575632555136
2019-11-01,0.06613438,2.1954216004921077,12.376654147027011,-1.2745581470798464,0.9354023027440712,-5.931085671642457,13.309832151746523,21.61166638328741,-21.54553200328741
2019-11-02,0.042564936,2.0545845005154764,-0.9698810669621407,-3.600705897737293,0.728777278377444,-0.014988394249926096,13.314557456430071,11.512343876373631,-11.469778940373631
2019-11-03,4.7455864,1.9141354535308621,-10.629602191909115,-6.231249441291335,0.5711403754694988,3.8632738146871137,13.319407358086368,2.807105368573394,1.9384810314266057
2019-11-04,5.097698,1.7735395417093538,-10.147114887859649,-9.006670174332386,0.5921077777898844,3.342347485645713,13.3241445636117,-0.1216456934353829,5.219343693435383
2019-11-05,0.2026169,1.6337012616983366,-3.083872392917427,-11.586261691039091,0.7648459371774607,-1.543871804345267,13.329128987634927,-0.4863297017910604,0.6889466017910604
2019-11-06,0.0014081597,1.495945238625724,3.9268124259122748,-13.538968529710255,0.9536692771544941,-7.470629631528088,13.334610362244991,-1.2985608573008598,1.2999690170008598
2019-11-07,0.0043092296,1.3601298666791009,7.449892279362996,-14.575472741983395,1.033753800164214,-9.927771006795876,13.340867715639362,-1.3186000869335963,1.3229093165335963
2019-11-08,0.70607126,1.2262895581208055,7.089493531160865,-14.801082432009819,0.9779029843276583,-6.940481891876354,13.347731387751022,0.8998531374741763,-0.1937818774741763
2019-11-09,0.4397025,1.0942591454148802,3.1116643120441703,-14.740337966037359,0.8561823520884833,-0.8889677350117721,13.35499663325814,2.7877967417565426,-2.3480942417565425
2019-11-10,0.039576087,0.9644045669114214,-3.0487236255621903,-14.994093153476689,0.7658292667244289,3.6462049985411973,13.363158209335683,0.696780262473851,-0.657204175473851
2019-11-11,10.715469,0.8359202015291788,-7.464519413597384,-15.727555000413497,0.7624446089685949,4.035252491071496,13.372177309913369,-4.186279802528244,14.901748802528244
2019-11-12,0.28483918,0.7068085755845851,-6.158752471621477,-16.451237885050276,0.8322205149993127,1.602889251520272,13.381164661606263,-6.086907352961319,6.3717465329613185
2019-11-13,2.0568297,0.5799023449359971,0.3036931211993752,-16.346281547328495,0.9166043548413099,-0.38892080782207683,13.39121882029924,-1.5437837138746495,3.6006134138746497
2019-11-14,3.8695312,0.4555739392629049,6.341191342514786,-14.949363543276995,0.9645672435527568,-0.613328260638142,13.40200190570178,5.600642627117092,-1.7311114271170922
2019-11-15,0.99169976,0.332517727766098,6.773764956796943,-12.579791009680982,0.9664757705043175,-1.0908400803026885,13.413145436419402,7.81527280150309,-6.8235730415030895
2019-11-16,0.04414795,0.20988697515938198,1.9002944696840047,-10.102523992348404,0.9504025050836726,-4.591078096153066,13.424811726807969,1.791793588233558,-1.7476456382335581
2019-11-17,0.0109949615,0.08779884054086351,-3.542750396263825,-8.180954339102513,0.9583696985309478,-10.78085012815765,13.437166260880028,-8.02122006357215,8.03221502507215
2019-11-18,6.914712,-0.0334099550719556,-5.461854398134914,-6.70787640994352,1.015417220188997,-15.372105834900042,13.450235986329169,-13.109593391532265,20.024305391532266
2019-11-19,10.176486,-0.15499231060083735,-3.2732371497491095,-4.971875502728463,1.1043691204036814,-13.44740246960491,13.46369613047304,-7.279442181806601,17.455928181806602
2019-11-20,1.3476799,-0.2765540385738705,1.2387997419074346,-2.3935921070673096,1.1753250257111225,-3.904320045903461,13.477623294206667,9.317281870280583,-7.969601970280583
2019-11-21,0.017062062,-0.39686843407384,5.54230146283326,0.8173189309591966,1.1854311399855146,8.957094293237008,13.492536333385894,29.597813726327033,-29.580751664327032
2019-11-22,83.09756,-0.5153398633649329,6.785298195889976,3.6569865240655974,1.121653558111221,18.223509463405783,13.508843114844117,42.780950992951766,40.316609007048235
2019-11-23,87.355515,-0.6440008837571717,3.3445937252607143,5.048123369004805,1.0065333155585736,19.350274054179184,13.52029847550782,41.62582205575393,45.72969294424607
2019-11-24,23.103369,-0.7863397138396908,-2.2820648090363225,4.793124390560241,0.8943964289801014,13.478178702614704,13.525473603872863,29.622768603151897,-6.519399603151896
2019-11-25,6.5348983,-0.9337307900640466,-4.577819323683874,3.658018799552415,0.8180051929468609,5.733895816706796,13.529136720083796,18.227506415541946,-11.692608115541946
2019-11-26,6.6847486,-1.082797022346045,-1.1613500357448356,2.5609563576767704,0.7474925258408519,0.5169663074035292,13.532397981640928,15.113666114471199,-8.428917514471198
2019-11-27,5.74687,-1.2328341762972541,3.5460635014145203,1.842806944174861,0.6404454623321156,-1.2573888367239738,13.53514415645805,17.07423705135832,-11.32736705135832
2019-11-28,16.152258,-1.3853150914031012,3.002669036952467,1.1540889246871555,0.5034115345651484,-1.263367010138329,13.537648549600958,15.549135944264298,0.6031220557357013
2019-11-29,5.4427724,-1.5430962152155594,-3.1143295089393526,-0.027987837079557987,0.38343635905858275,-1.030975809067527,13.539364475358873,8.206411464115458,-2.7636390641154582
2019-11-30,0.007827533,-1.702246125095728,-7.6727057915689025,-1.7194495475319138,0.3163896230746843,-0.42435316379296384,13.541508888505001,2.3391438835901788,-2.331316350590179
2019-12-01,0.06090058,-1.861020891108148,-4.6986920991394445,-3.338001367714218,0.2890108534417435,1.120687244614245,13.544099729839484,5.056083469933663,-4.9951828899336626
2019-12-02,29.480583,-2.0199253474757857,2.9751796706170324,-4.242602515519806,0.26239014852702963,2.793274996576652,13.546844295291036,13.315161248016159,16.165421751983843
2019-12-03,12.298175,-2.1847440702687053,7.225271266248156,-4.330763273483198,0.22877992769679362,2.6418646583857095,13.546637667874567,17.127046176453323,-4.8288711764533225
2019-12-04,1.2444456,-2.351716607628879,4.825830742884938,-4.058905054092983,0.22589093538291716,-0.22349781628848675,13.545361287161542,11.96296348741905,-10.718517887419049
2019-12-05,0.42883635,-2.5174616367746916,0.460384728097729,-4.08629257531139,0.26679724283642997,-4.571230254079886,13.544102641651156,3.096300146419347,-2.667463796419347
2019-12-06,0.21996395,-2.679599829564606,-0.5633301865068867,-4.723366015254939,0.3015576094030893,-7.918945249856666,13.54334126875047,-2.0403424030295376,2.2603063530295375
2019-12-07,3.1366491,-2.835889716647215,0.7693623102030669,-5.67692723272286,0.26524468856014294,-8.383032937504636,13.54428472120015,-2.31695816691135,5.45360726691135
2019-12-08,0.8829998,-2.989234197512936,-0.1585119535819257,-6.36920065975504,0.1519016751635646,-6.150890243051945,13.545311646113374,-1.970623732624908,2.853623532624908
2019-12-09,0.7595178,-3.1400625673841427,-3.9358008776250752,-6.495775009138533,0.02332317411207751,-3.5630237868308097,13.546755749384612,-3.5645833174818726,4.324101117481873
2019-12-10,1.7352337,-3.288586232359968,-5.8592387085111355,-6.294884495716708,-0.054244176031565096,-3.6468440530387305,13.548417421969136,-5.59538024368897,7.33061394368897
2019-12-11,0.5295053,-3.434801457560086,-2.7157770191429655,-6.258080544150927,-0.07011049191697159,-7.60193396487761,13.549977464034137,-6.530726013614421,7.0602313136144215
2019-12-12,0.18658116,-3.572918818856187,2.4449379980011203,-6.565092050720601,-0.06037679816364702,-12.80955232879884,13.553733991722092,-7.009268006816063,7.195849166816063
2019-12-13,0.8516051,-3.7023351335382344,4.3735173481876055,-6.883848323039609,-0.05476678678345978,-13.742049830462163,13.560602653559883,-6.448880072075976,7.300485172075977
2019-12-14,0.27908945,-3.8279517998180426,2.5412086918261583,-6.802428986296465,-0.05800129306552451,-6.16801768117115,13.568579227176114,-0.7466118413489102,1.0257012913489103
2019-12-15,0.003659632,-3.9504842884899682,0.9976712355341624,-6.416600592086175,-0.07092661856153644,8.37103904099811,13.577496066651676,12.508194844046269,-12.50453521204627
2019-12-16,0.010672258,-4.070812684853473,1.9060323241837551,-6.328803149367502,-0.08427819705084479,22.275159660890985,13.5873279803877,27.284625934190622,-27.273953676190622
2019-12-17,18.29448,-4.188568026587752,2.500097030411517,-7.0181706716568995,-0.060039674949301645,27.078196705348134,13.598425621351613,31.909940983917313,-13.615460983917313
2019-12-18,8.375006,-4.306641241503706,-0.2314827681966482,-8.2870384789113,0.04456935503465154,20.10840595270237,13.609202647518924,20.93701546664429,-12.56200946664429
2019-12-19,8.121031,-4.423004112099151,-3.937034653390292,-9.244429746521277,0.2329568877894279,7.100952622541388,13.620669705313391,3.3501107036334883,4.770920296366512
2019-12-20,3.7521758,-4.5396882166834995,-3.4042416207937882,-9.121897956987912,0.4359166730538149,-2.509010647229565,13.632537470748078,-5.506384297892874,9.258560097892873
2019-12-21,4.1621776,-4.65076247734747,1.9703636191825769,-7.9838169496158224,0.586367777506874,-3.311264770606539,13.645454489682368,0.2563416888019887,3.905835911198011
2019-12-22,35.91619,-4.753965931829168,6.174905706327618,-6.665779165249571,0.7384052203123411,1.695879648022456,13.659277812620108,10.848723290203782,25.067466709796218
2019-12-23,27.176077,-4.867176744827253,3.762778280634041,-6.114694613021829,1.013905771264011,4.070236200308052,13.666719416100728,11.53176831045775,15.64430868954225
2019-12-24,0.075343765,-4.991657414051804,-2.3974033529407928,-6.432108714798655,1.4460495209753994,-1.4317922565204775,13.667334666107884,-0.13957755122844517,0.21492131622844518
2019-12-25,0.18208148,-5.1112051091559705,-4.125651936680068,-6.768106965930631,1.893043144062649,-11.649123499817417,13.668577026043852,-12.092467341477587,12.274548821477588
2019-12-26,3.093848,-5.222131499081255,1.639449739742819,-6.14441038674892,2.1334581976350635,-18.07565732488953,13.670485096779979,-11.99880617656184,15.09265417656184
2019-12-27,7.699309,-5.323856052328138,8.724753870653945,-4.211468798984976,2.098481260199529,-14.553889300947318,13.671711749080979,0.40573272767401924,7.293576272325981
2019-12-28,0.43166077,-5.418389565077435,8.844204972708344,-1.466989048028137,1.9986968646788212,-3.1709232536998804,13.669242754625984,14.455842725207695,-14.024181955207695
2019-12-29,0.0965849,-5.488756085704951,1.0882852796071045,1.1608635848289661,2.1320377187904214,7.246324456207683,13.665357345062448,19.804112298791672,-19.707527398791672
2019-12-30,3.0366075,-5.504477507994379,-7.712108609102788,2.7804786451094667,2.4755379577163037,8.834028338294756,13.657663539306496,14.531122363329855,-11.494514863329854
2019-12-31,1.1621923,-5.38500842224531,-10.566916468305626,2.9633722790914834,2.5479400046384644,2.283841333300659,13.629469726281242,5.472698452760913,-4.3105061527609125
