date,original,high_frequency,seasonal_subannual,subseasonal,trend,reconstructed_without_noise,residual
2005-01-01,0.0,-3.87784006282913e-17,-2.506645188593113e-18,-2.13688637725108e-17,-4.994257938421818e-18,-6.764816752781703e-17,6.764816752781703e-17
2005-01-02,0.0,1.6833704686891754e-17,4.2196755524969945e-19,-6.925106876626287e-18,-5.538398992322666e-18,4.7921663731925e-18,-4.7921663731925e-18
2005-01-03,0.0,-5.87483100608642e-18,1.2671318508800682e-21,2.2757294977389267e-19,-5.814143480117113e-18,-1.1460134404578761e-17,1.1460134404578761e-17
2005-01-04,0.0,7.152189160513666e-18,5.228043419563628e-19,-4.931265827809093e-20,-5.21914166431146e-18,2.4065391798804775e-18,-2.4065391798804775e-18
2005-01-05,0.0,-5.414921449811053e-18,-6.127924294131902e-19,-1.0231115831126631e-18,-4.772263376310528e-18,-1.1823088838647433e-17,1.1823088838647433e-17
2005-01-06,0.0,-3.534556526231949e-18,1.9082957931777387e-21,-4.1279383405181394e-19,-4.922092577761472e-18,-8.867534642252057e-18,8.867534642252057e-18
2005-01-07,0.0,5.028868253313651e-18,-7.501818009716036e-19,2.1071839474505e-18,-5.4179112524099544e-18,9.67959147382593e-19,-9.67959147382593e-19
2005-01-08,0.0,-7.757069427629265e-19,2.480375043764115e-20,1.6368554771266465e-18,-5.5766139594123655e-18,-4.6906616746110044e-18,4.6906616746110044e-18
2005-01-09,0.0,1.8714560398453327e-18,-4.3259974992348486e-19,5.163627244092466e-19,-1.1082669406844845e-18,8.4695207364661e-19,-8.4695207364661e-19
2005-01-10,0.0,-6.080517510529604e-18,6.868612815284041e-19,-9.765935926462644e-19,2.1181916722372595e-18,-4.252058149410204e-18,4.252058149410204e-18
2005-01-11,0.0,3.9991518954462865e-19,-2.7363205494479107e-19,-5.851981925917173e-18,5.1670654250507675e-18,-5.5863336626656785e-19,5.5863336626656785e-19
2005-01-12,0.0,4.992382329829743e-18,-6.162941952578548e-19,-6.799597705136177e-18,7.521834323750292e-18,5.0983247531860034e-18,-5.0983247531860034e-18
2005-01-13,0.0,2.440156097394866e-18,-4.730585116669266e-19,-6.731390580476443e-18,9.500165607585026e-18,4.735872612836523e-18,-4.735872612836523e-18
2005-01-14,0.0,-1.7208155241071831e-18,-9.169040232708078e-20,-3.389035250138914e-18,1.1282913794839714e-17,6.081372618266536e-18,-6.081372618266536e-18
2005-01-15,0.0,-5.934173888459045e-18,2.950837814128849e-20,-2.7801669239969438e-18,1.271088725296068e-17,4.026054818645979e-18,-4.026054818645979e-18
2005-01-16,0.0,-5.865079343807486e-18,1.276231514103371e-19,-2.2764801766556024e-18,1.3994727365056433e-17,5.9807909960036826e-18,-5.9807909960036826e-18
2005-01-17,0.0,1.7637405787506718e-17,2.1111762780073806e-18,-5.126678032263606e-18,1.0235974961177952e-17,2.4857878994428445e-17,-2.4857878994428445e-17
2005-01-18,0.0,-8.437818313319074e-18,4.564762402028939e-18,4.950921473940027e-19,7.117181334160705e-18,3.7392175702645735e-18,-3.7392175702645735e-18
2005-01-19,0.0,6.927290067469342e-18,6.0469773242622634e-18,3.135565180774205e-18,4.2221615709285255e-18,2.0331994143434334e-17,-2.0331994143434334e-17
2005-01-20,0.0,-1.1020451200098427e-17,6.9080528508250424e-18,3.1458025997452185e-18,1.679248327522568e-18,7.126525779944022e-19,-7.126525779944022e-19
2005-01-21,0.0,8.66027573793497e-18,8.282567867276374e-18,3.484659451358043e-18,-6.826832810818401e-19,1.9744819775487548e-17,-1.9744819775487548e-17
2005-01-22,0.0,-0.0016876142058738109,0.00025893523303948535,0.0008195319306762936,0.0001504088508248446,-0.00045873819133318734,0.00045873819133318734
2005-01-23,0.0,0.0017608759709527707,0.0005341791742805602,0.0006496547442010335,0.0002878507572790655,0.00323256064671343,-0.00323256064671343
2005-01-24,0.0,-0.0004694002220241183,0.0007228294677520445,0.0003830737869605608,0.00040994659778495913,0.001046449630473446,-0.001046449630473446
2005-01-25,0.0,-9.051251762935429e-06,0.0006497685640377274,-0.0011303194585176092,0.0005216521588146862,3.205001257186905e-05,-3.205001257186905e-05
2005-01-26,0.0,-0.0007805736067884625,0.0007681249392691675,0.0011574157417146237,0.0006247961115483128,0.0017697631857436415,-0.0017697631857436415
2005-01-27,0.0,0.0027829752181689473,0.0006811866969849164,0.004196539559285514,0.0007197192962702685,0.008380420770709645,-0.008380420770709645
2005-01-28,0.0,-0.004503270294800784,0.00067107062961796,0.00468968408534224,0.0008049393456615105,0.0016624237658209263,-0.0016624237658209263
2005-01-29,0.0,0.004281335140057846,0.00033443197019730384,0.0008013358006233963,0.0008845141906512086,0.006301617101529755,-0.006301617101529755
2005-01-30,0.0,-0.003314723786298807,0.0001391722685630788,-0.001047085290973331,0.0009611930565674302,-0.0032614437521416295,0.0032614437521416295
2005-01-31,0.0,-0.005972913529226998,-0.00014883253577216437,-0.0018652845024514227,0.0010328159635505324,-0.0069542146039000535,0.0069542146039000535
2005-02-01,0.0,0.011054735816639169,-0.0005061385453518708,-0.0034173054139341103,0.0011001518701849611,0.00823144372753815,-0.00823144372753815
2005-02-02,0.0,-0.003917094124854639,-0.0009030926823499642,-0.002867377933522182,0.0011604010779303544,-0.0065271636627964305,0.0065271636627964305
2005-02-03,0.0,0.0035626087082566986,-0.0012928658571218627,-0.001292460740964786,0.0012175350036781405,0.0021948171138481904,-0.0021948171138481904
2005-02-04,0.0,-0.0031086517328478337,-0.0015777706212057368,0.00016290927482247975,0.0012697955786596167,-0.0032537175005714737,0.0032537175005714737
2005-02-05,0.0,-0.007219772059473839,-0.0019584751525586397,0.0009591371185411695,0.0013188238778303405,-0.006900286215660969,0.006900286215660969
2005-02-06,0.0,0.003226128037896809,-0.0021258770108064616,0.0020849750422470255,0.0013649684320926607,0.004550194501430033,-0.004550194501430033
2005-02-07,0.0,0.002408453693062591,-0.0023204422654365337,0.0014650118030256544,0.0014090705954232618,0.0029620938260749735,-0.0029620938260749735
2005-02-08,0.0,0.006943773467190395,-0.0023198799829198457,0.001200080881292085,0.0014487134562433347,0.0072726878218059695,-0.0072726878218059695
2005-02-09,0.0,-0.0017620500828604935,-0.0023027777397683705,-0.0019317312649903236,0.0014841624479412278,-0.00451239663967796,0.00451239663967796
2005-02-10,0.0,-0.00901148244682766,-0.0023427628305578907,-0.007354344748354269,0.0015183757711845045,-0.017190214254555317,0.017190214254555317
2005-02-11,0.0,-0.0020535025716876916,-0.002097181881260914,-0.005334570130617413,0.0015514462028217203,-0.007933808380744298,0.007933808380744298
2005-02-12,0.0,0.0038091449326330662,-0.0019047434215500821,-0.0017802835790066427,0.0015830596857281895,0.0017071776178045309,-0.0017071776178045309
2005-02-13,0.0,0.0029373438398835683,-0.0014030801869027063,-0.00020668900662371644,0.0016133823261528504,0.002940956972509996,-0.002940956972509996
2005-02-14,0.0,-0.002088961022011292,-0.001020258733009491,-0.000538387720271249,0.0016419959446739266,-0.002005611530618105,0.002005611530618105
2005-02-15,0.0,0.002891460324973248,-0.0004214804435876203,0.0006942078000728471,0.001669426608059241,0.004833614289517716,-0.004833614289517716
2005-02-16,0.0,0.004717041594447925,0.00022193600535068406,0.0014666624910579967,0.0016958308188631775,0.008101470909719783,-0.008101470909719783
2005-02-17,0.0,-0.008869415777373324,0.0006731714946689434,0.0031751476931260827,0.0017196166392778704,-0.003301479950300428,0.003301479950300428
2005-02-18,0.0,-0.010305891915766975,0.001305722877282719,0.000911202551508751,0.001742120876128608,-0.006346845610846897,0.006346845610846897
2005-02-19,0.0,-0.007946953056640558,0.0016501645309542601,-0.0003235149241345249,0.0017640473543934496,-0.004856256095427372,0.004856256095427372
2005-02-20,0.0,0.047869271103942124,0.002281900553990404,0.0040650370056724144,0.001785267225237525,0.05600147588884247,-0.05600147588884247
2005-02-21,0.0,-0.013326255811492375,0.002617605471601667,-0.0005665393349838963,0.0018019499429240426,-0.009473239731950562,0.009473239731950562
2005-02-22,0.0,-0.021389576899013298,0.0029777574655856045,-0.0013806413553112652,0.00182127222312181,-0.017971188565617146,0.017971188565617146
2005-02-23,0.0,-0.011472447865745217,0.003299664951931169,0.0008728401791595746,0.0018417659978948039,-0.00545817673675967,0.00545817673675967
2005-02-24,0.0,0.01847079825264405,0.0033725456389734607,0.006961513045646182,0.0018627521576254449,0.03066760909488914,-0.03066760909488914
2005-02-25,0.0,0.012913204969514326,0.003518596597668314,0.0044479453485771975,0.001881455199666105,0.02276120211542594,-0.02276120211542594
2005-02-26,0.0,-0.0012484761377169144,0.0032111295052096754,-0.0001649339728128342,0.0018980435515461216,0.0036957629462260485,-0.0036957629462260485
2005-02-27,0.0,-0.010569210518617193,0.0030387054619889758,-0.006711628435438546,0.0019153556986104656,-0.012326777793456298,0.012326777793456298
2005-02-28,0.0,-0.004626884752240524,0.002684746935513296,-0.0040933848151677435,0.0019320270361645648,-0.004103495595730406,0.004103495595730406
2005-03-01,0.0,0.005310215268270396,0.0021811270225368276,0.002437310620897547,0.0019482216761652687,0.01187687458787004,-0.01187687458787004
2005-03-02,0.0,0.0031144073046883635,0.0017094797255170133,0.0035606259435276098,0.001962498710935044,0.01034701168466803,-0.01034701168466803
2005-03-03,0.0,0.002306842452513328,0.0009218254616137958,0.0024575195219599,0.001976891320338492,0.007663078756425516,-0.007663078756425516
2005-03-04,0.0,-0.019411308515237116,0.00038567190957821047,0.0013710635070220078,0.0019909749216262193,-0.015663598177010678,0.015663598177010678
2005-03-05,0.0,0.0246096779848115,-0.00040515048384478353,-0.0009154377497206385,0.002005689799310558,0.025294779550556635,-0.025294779550556635
2005-03-06,0.0,-0.008119555156592425,-0.0011011325996955353,-0.007308419693394619,0.0020185068636066894,-0.014510600586075891,0.014510600586075891
2005-03-07,0.0,0.002808733597563093,-0.0017623132743226763,-0.007023341283931198,0.002032416943671371,-0.00394450401701941,0.00394450401701941
2005-03-08,0.0,-0.01077356610125865,-0.002498891610634745,-0.00680082922384429,0.002045982202918263,-0.01802730473281942,0.01802730473281942
2005-03-09,0.0,-0.0037076068076704652,-0.00284183173034119,0.0033090626883716693,0.002059092080821845,-0.001181283768818141,0.001181283768818141
2005-03-10,0.0,0.007680559591537171,-0.00345982308735681,0.011672122472888458,0.002071772467991421,0.01796463144506024,-0.01796463144506024
2005-03-11,0.0,0.013944772606495999,-0.003600246060322493,0.014223631699798012,0.0020828089526920496,0.026650967198663566,-0.026650967198663566
2005-03-12,0.0,-0.009881643469629114,-0.0038765214446762723,0.010770669285177066,0.0020919485773222882,-0.0008955470518060321,0.0008955470518060321
2005-03-13,0.0,0.0015811248004902105,-0.00391020342259845,0.004154519193978119,0.0021021655803107036,0.0039276061521805825,-0.0039276061521805825
2005-03-14,0.0,-0.009447827161801441,-0.0037739631867105697,-0.008476794404225815,0.0021121401521223943,-0.019586444600615434,0.019586444600615434
2005-03-15,0.0,0.0010747893436473738,-0.003741771768621004,-0.013736962478634726,0.002121927558774709,-0.014282017344833645,0.014282017344833645
2005-03-16,0.0,-0.002520937385466855,-0.0031942230797197694,-0.014215141640976734,0.0021316620204661716,-0.01779864008569719,0.01779864008569719
2005-03-17,0.0,0.014686433424305298,-0.0028594564669124963,-0.007469679365775791,0.002141221105931868,0.006498518697548879,-0.006498518697548879
2005-03-18,0.0,-0.009371328263024323,-0.0021217573889337014,-0.0013003845587149384,0.0021501746679721194,-0.010643295542700843,0.010643295542700843
2005-03-19,0.0,0.004424009268939755,-0.0014630369933007056,0.001276793151263111,0.0021590156406230566,0.006396781067525217,-0.006396781067525217
2005-03-20,0.0,-0.013137884817835852,-0.000757303442876871,0.0007668527707897498,0.002169817283598075,-0.010958518206324899,0.010958518206324899
2005-03-21,0.0,0.00566701571757392,0.00020299737696317002,-0.004581767447136793,0.002180311698140905,0.0034685573455412013,-0.0034685573455412013
2005-03-22,0.0,-0.003984245753291383,0.0007683013993203269,-0.009122567799233696,0.002190480861059113,-0.010148031292145641,0.010148031292145641
2005-03-23,0.0,0.006478182655852461,0.0017141689176775866,-0.011345340820881072,0.0022006454754321596,-0.0009523437719188657,0.0009523437719188657
2005-03-24,0.0,-0.002599258772487667,0.0022567739550132795,-0.002527093870190877,0.0022103560563827753,-0.0006592226312824891,0.0006592226312824891
2005-03-25,0.0,0.0018877834314280021,0.003013492981533518,0.012573974469000467,0.0022209466054799376,0.019696197487441926,-0.019696197487441926
2005-03-26,0.0,-0.01034022258961198,0.003568711712547008,0.022083858494793055,0.0022303689011413364,0.01754271651886942,-0.01754271651886942
2005-03-27,0.0,0.020233607225455107,0.003842048329445599,0.018342092814780147,0.0022396736022187577,0.04465742197189961,-0.04465742197189961
2005-03-28,0.0,0.0018249437296174345,0.004294355540858262,0.010031679568555833,0.002248049273046814,0.01839902811207834,-0.01839902811207834
2005-03-29,0.0,-0.018391896862763747,0.0041926637676569685,0.0018651104449426427,0.0022552972794750836,-0.010078825370689052,0.010078825370689052
2005-03-30,0.0,0.01636529073788342,0.00432159658036604,-0.002460416410653723,0.0022623055369637387,0.020488776444559476,-0.020488776444559476
2005-03-31,0.0,0.00020976827334851503,0.003937987378441398,-1.8522197637449222e-05,0.0022686836039232045,0.006397917058075668,-0.006397917058075668
2005-04-01,0.0,-0.006348661891287569,0.0035760569949132696,0.0028646993677891226,0.002276169369016737,0.00236826384043156,-0.00236826384043156
2005-04-02,0.0,0.008998987661531323,0.003161623594256918,0.008214672734134683,0.0022834557558458536,0.022658739745768777,-0.022658739745768777
2005-04-03,0.0,-0.01787470710307941,0.0023569188424365935,0.005719387812858055,0.002289613781511632,-0.007508786666273127,0.007508786666273127
2005-04-04,0.0,0.015552177797293742,0.0018245632869292824,-0.004820785089900398,0.002295652185002859,0.014851608179325487,-0.014851608179325487
2005-04-05,0.0,-0.0006291760797437506,0.0008386216753117619,-0.01493990719996713,0.002300741558624942,-0.012429720045774178,0.012429720045774178
2005-04-06,0.0,-0.011222168499690415,0.00018796452348509335,-0.015632240967723865,0.002305552384804136,-0.024360892559125054,0.024360892559125054
2005-04-07,0.0,0.0029299754046529006,-0.0006842730885243559,-0.011449965022612417,0.002310440625552035,-0.006893822080931838,0.006893822080931838
2005-04-08,0.0,0.0033569541142813336,-0.0015941749330177402,-0.010021806865772651,0.002315771924127474,-0.005943255760381584,0.005943255760381584
2005-04-09,0.0,-0.011056972898636365,-0.002198880079515118,-0.004213499743836212,0.002321071325153661,-0.01514828139683403,0.01514828139683403
2005-04-10,0.0,0.0027204443976497944,-0.0030799631033015615,-0.0010200148228906097,0.0023264703631482343,0.0009469368346058575,-0.0009469368346058575
2005-04-11,0.0,0.017291705815808685,-0.0033802081157302266,0.0021045860976588024,0.002331675962728171,0.018347759760465432,-0.018347759760465432
2005-04-12,0.0,-0.012829941511691466,-0.004004147712882615,-0.0024797995604795443,0.0023356713720223145,-0.016978217413031314,0.016978217413031314
2005-04-13,0.0,-0.00753729565856809,-0.004185508695244023,-0.00180038701765029,0.002339686068614287,-0.011183505302848116,0.011183505302848116
2005-04-14,0.0,0.017052882399040226,-0.004252404383368226,0.0030905109466307784,0.0023446163061311056,0.018235605268433888,-0.018235605268433888
2005-04-15,0.0,-0.020089340572604135,-0.004371878457578252,0.008360675410593902,0.0023486908299078114,-0.013751852789680675,0.013751852789680675
2005-04-16,0.0,0.005706320754751166,-0.003995103014199877,0.008446559178777995,0.0023527445967191927,0.012510521516048475,-0.012510521516048475
2005-04-17,0.0,-0.011625700688013225,-0.003947803197862457,0.0062591337075945394,0.0023567797339371136,-0.006957590444344028,0.006957590444344028
2005-04-18,0.0,0.037195717564624274,-0.0032164543339757703,0.0063500036406823656,0.0023607931889570778,0.04269006006028795,-0.04269006006028795
2005-04-19,0.0,-0.003379165064042206,-0.0027651140720833674,-0.0008049696984255631,0.0023630610883548834,-0.004586187746196253,0.004586187746196253
2005-04-20,0.0,-0.022380835206739183,-0.0020526852449128177,-0.006658862104028905,0.0023654505834280184,-0.028726931972252887,0.028726931972252887
2005-04-21,0.0,-0.007915230257410776,-0.0011858947363222383,-0.007436918197950714,0.0023678980416207613,-0.014170145150062966,0.014170145150062966
2005-04-22,0.0,0.01929675953992644,-0.0005457217322713303,0.001444473108107702,0.0023703294761101557,0.02256584039187297,-0.02256584039187297
2005-04-23,0.0,-0.01092295424801815,0.0005541122317252215,0.004790873647458595,0.0023720900420005505,-0.0032058783268337832,0.0032058783268337832
2005-04-24,0.0,0.00023010385583582192,0.0011089570419408014,0.0066199162111975724,0.002373649613436073,0.010332626722410268,-0.010332626722410268
2005-04-25,0.0,0.01323133389419829,0.0020465391057956457,0.0014483014446204485,0.0023745027671042067,0.01910067721171859,-0.01910067721171859
2005-04-26,0.0,0.00018963584933680543,0.0027015927023381248,-0.0016529403561620299,0.0023761118171039645,0.003614400012616865,-0.003614400012616865
2005-04-27,0.0,-0.013051048620977288,0.00327130298538873,-0.004885747984421969,0.0023778395255342295,-0.012287654094476297,0.012287654094476297
2005-04-28,0.0,0.001730436964983776,0.003949413821826145,-0.0040469031988971255,0.002379530603270837,0.004012478191183633,-0.004012478191183633
2005-04-29,0.0,-0.021430457058366145,0.004063055993954268,0.0018606985124182086,0.002381924462188827,-0.01312477808980484,0.01312477808980484
2005-04-30,0.0,0.04608934342995211,0.004597012345297351,0.013916448731017847,0.0023843669763517106,0.06698717148261901,-0.06698717148261901
2005-05-01,0.0,-0.0033187459822088343,0.004438535279179595,0.01416075574997696,0.002384482981440311,0.01766502802838803,-0.01766502802838803
2005-05-02,0.0,-0.014060669790244574,0.004435012813078879,0.004970796669423578,0.0023859848483043966,-0.002268875459437721,0.002268875459437721
2005-05-03,0.0,0.001651538963621548,0.004144933233184905,-0.007574798989047047,0.0023875724694315966,0.0006092456771910029,-0.0006092456771910029
2005-05-04,0.0,-0.007692943861115345,0.003593591306074,-0.01435928565748465,0.002389109154699977,-0.01606952905782602,0.01606952905782602
2005-05-05,0.0,-0.011110288659821886,0.0032627886147737874,-0.011712860466646992,0.002390660225765188,-0.0171697002859299,0.0171697002859299
2005-05-06,0.0,0.024716681589904095,0.002350527043991282,-0.00595969360703162,0.002392249853284488,0.023499764880148242,-0.023499764880148242
2005-05-07,0.0,-0.0062167102376121,0.0018267367913872862,0.000906273227506107,0.0023930166556108893,-0.001090683563107818,0.001090683563107818
2005-05-08,0.0,-0.009965872458242308,0.0008921275687929532,0.007311841169794315,0.002394328337829617,0.0006324246181745779,-0.0006324246181745779
2005-05-09,0.0,0.0064436979728134045,8.886581935655297e-05,0.01004268535488667,0.0023957712683949878,0.018971020415451616,-0.018971020415451616
2005-05-10,0.0,-0.005130756912479475,-0.000691373382097518,0.0027053715359480895,0.002396506665966539,-0.0007202520926623645,0.0007202520926623645
2005-05-11,0.0,0.009518485462514627,-0.0017669847007011855,-0.005692087769240928,0.00239644952179827,0.0044558625143707835,-0.0044558625143707835
2005-05-12,0.0,-0.009726792983321715,-0.0022946983781380464,-0.010406534513039682,0.002396467176331342,-0.0200315586981681,0.0200315586981681
2005-05-13,0.0,0.006964023363035361,-0.0032240125291993207,-0.007839208821901696,0.002396416752241524,-0.001702781235824132,0.001702781235824132
2005-05-14,0.0,0.0031647530220023255,-0.003623016060092891,-0.003092909213110297,0.002396182694490226,-0.0011549895567106363,0.0011549895567106363
2005-05-15,0.0,-0.0012902517123409198,-0.004145405768613898,-0.0005744306494201265,0.0023960245777372873,-0.0036140635526376564,0.0036140635526376564
2005-05-16,0.0,-0.009186650596030743,-0.004507107226025414,0.0022039417809466646,0.0023959890295655348,-0.009093827011543957,0.009093827011543957
2005-05-17,0.0,-0.014709578273768833,-0.004445649030014437,0.0036734234913146954,0.0023959738437260947,-0.013085829968742479,0.013085829968742479
2005-05-18,0.0,0.012652527717695927,-0.004698664055636402,0.0039277060546080485,0.0023968636364039503,0.014278433353071524,-0.014278433353071524
2005-05-19,0.0,0.01034723307632693,-0.004260265049562879,-0.0028101219354291856,0.002397642898921183,0.005674488990256048,-0.005674488990256048
2005-05-20,0.0,0.008881617528000582,-0.004158145334841497,-0.0030556133377553575,0.002398232473561675,0.004066091328965403,-0.004066091328965403
2005-05-21,0.0,-0.01514035475953682,-0.003543135475279252,-0.0030165208662293708,0.0023995250924875007,-0.019300486008557945,0.019300486008557945
2005-05-22,0.0,-0.010697847439897944,-0.002909802212048643,-0.0011345887286079164,0.0024007551132005146,-0.012341483267353988,0.012341483267353988
2005-05-23,0.0,0.01759809480684584,-0.0023500289461868577,0.0018113331672186689,0.002401961319845139,0.019461360347722785,-0.019461360347722785
2005-05-24,0.0,-0.007649010244302453,-0.0012936744409755038,0.00010876800786978607,0.002403226119714867,-0.006430690557693303,0.006430690557693303
2005-05-25,0.0,-0.006357203712969888,-0.0006863517281345008,0.003379247581773411,0.002404421573074441,-0.0012598862862565363,0.0012598862862565363
2005-05-26,0.0,0.02253702929854135,0.00046340764736607274,0.005211137130326054,0.002406052270244277,0.030617626346477755,-0.030617626346477755
2005-05-27,0.0,-0.01413561264111967,0.0011501024945535902,0.003931220287215429,0.0024076033546032633,-0.006646686504747387,0.006646686504747387
2005-05-28,0.0,-0.00256851261294875,0.0020032630227777392,0.0035865926745042476,0.002409912325808903,0.00543125541014214,-0.00543125541014214
2005-05-29,0.0,-0.008602694599171012,0.002874550479479427,0.0095588042677256,0.0024121689927935827,0.006242829140827596,-0.006242829140827596
2005-05-30,0.0,-0.013929865561370082,0.0033190848395239555,0.011270090522947494,0.002414400553640768,0.0030737103547421357,-0.0030737103547421357
2005-05-31,0.0,0.06610715955751127,0.0041401750726070795,0.011603657267887148,0.0024166631954511595,0.08426765509345666,-0.08426765509345666
2005-06-01,0.0,-0.022422861942272006,0.004256920917317232,0.004693544942281721,0.0024174652108802544,-0.011054930871792795,0.011054930871792795
2005-06-02,0.0,-0.03196125696101074,0.004716641925971876,0.0018876229383410909,0.0024183435385603503,-0.02293864855813742,0.02293864855813742
2005-06-03,0.0,0.023941715038138342,0.004701645280758077,0.0014139059963676,0.002419280679862887,0.032476546995126906,-0.032476546995126906
2005-06-04,0.0,-0.008938569885714542,0.004495794034613877,-0.006617207602566387,0.00241964854798532,-0.008640334905681732,0.008640334905681732
2005-06-05,0.0,0.009185935354291665,0.004368995652929886,-0.01411009651048295,0.0024200551520681193,0.00186488964880672,-0.00186488964880672
2005-06-06,0.0,-0.012528018317515367,0.0036705366915220925,-0.018980580022092713,0.002421038818978811,-0.025417022829107176,0.025417022829107176
2005-06-07,0.0,0.002292469559920521,0.0034057209198831177,-0.018907910724450253,0.002422055704894661,-0.010787664539751954,0.010787664539751954
2005-06-08,0.0,8.56733028179339e-05,0.002480432380287218,-0.017897294901074813,0.00242286382212986,-0.012908325395839802,0.012908325395839802
2005-06-09,0.0,-0.006901122255429854,0.0018448535887655828,-0.008800362955612342,0.00242434461353787,-0.011432287008738743,0.011432287008738743
2005-06-10,0.0,-0.012456067154385665,0.0010455844519369456,0.004281195409683821,0.002425878647901955,-0.0047034086448629435,0.0047034086448629435
2005-06-11,0.0,0.03324198363608736,5.2400691951465364e-05,0.01412341456241599,0.0024280967420611823,0.04984589563251599,-0.04984589563251599
2005-06-12,0.0,-0.019350623332526025,-0.000605915783896026,0.009766725030661276,0.002429705925400924,-0.007760108160359851,0.007760108160359851
2005-06-13,0.0,0.005591499716858506,-0.0017485334823378303,0.002931889866994828,0.0024312739424747942,0.009206130043990297,-0.009206130043990297
2005-06-14,0.0,0.003988811886313091,-0.0022999479765116876,-0.0026636752333976926,0.0024322008163334173,0.001457389492737128,-0.001457389492737128
2005-06-15,0.0,0.003711067066726291,-0.0031613140263804956,-0.0036032239661609815,0.002433178242471247,-0.0006202926833439393,0.0006202926833439393
2005-06-16,0.0,-0.010886468786679131,-0.0037578194327220144,-0.0044686800542483775,0.002434103042752153,-0.016678865230897368,0.016678865230897368
2005-06-17,0.0,-0.0019369292340770555,-0.004115282966745204,0.0011527408217565488,0.0024350056110141304,-0.0024644657680515797,0.0024644657680515797
2005-06-18,0.0,-0.020482946183048495,-0.004644993261542513,0.01040613976784168,0.0024365626983419457,-0.012285236978407384,0.012285236978407384
2005-06-19,0.0,0.044480418751500925,-0.004463770683808108,0.0173406170206862,0.0024381932692893794,0.0597954583576684,-0.0597954583576684
2005-06-20,0.0,-0.01360357393681965,-0.004749108558797009,0.012169425404439169,0.0024392097112159797,-0.0037440473799615123,0.0037440473799615123
2005-06-21,0.0,-0.00516388603031086,-0.004392233722442896,0.0030387758491204307,0.0024398342054786555,-0.004077509698154671,0.004077509698154671
2005-06-22,0.0,-0.0020316781875276625,-0.004139131715943803,-0.002900145366672893,0.002440517642671377,-0.006630437627472981,0.006630437627472981
2005-06-23,0.0,-0.0014719394703834932,-0.0037349318468916934,-0.005714351584185997,0.0024411776436091674,-0.008480045257852018,0.008480045257852018
2005-06-24,0.0,0.007715251404778326,-0.002930622043646788,-0.006867605629982045,0.002441835437951388,0.00035885916910088087,-0.00035885916910088087
2005-06-25,0.0,-0.006039901181741537,-0.002501495143890585,-0.0068322082239940535,0.0024425129025446727,-0.012931091647081502,0.012931091647081502
2005-06-26,0.0,0.013954532485693534,-0.0013520097771552528,-0.001718448514324812,0.0024431673941233615,0.01332724158833683,-0.01332724158833683
2005-06-27,0.0,-0.010454907608794242,-0.0007062709974048191,0.0004165863914917546,0.002444189694122649,-0.008300402520584657,0.008300402520584657
2005-06-28,0.0,-0.022942547778449025,0.0003226810054252179,-0.0001901283365755179,0.0024454067529223215,-0.020364588356677003,0.020364588356677003
2005-06-29,0.0,0.02796494323190635,0.0011990530395233302,-0.0018630967610317863,0.00244661027581892,0.029747509786216812,-0.029747509786216812
2005-06-30,0.0,-0.018587483530814054,0.001868826036851159,-0.003332503237276631,0.0024483032322522003,-0.017602857498987327,0.017602857498987327
2005-07-01,0.0,0.014839088702598499,0.0029256891934392134,0.0015666254410242819,0.0024501578477050512,0.021781561184767043,-0.021781561184767043
2005-07-02,0.0,0.006287950072451972,0.0032893790327913697,0.005595044925430933,0.0024514038611722386,0.017623777891846513,-0.017623777891846513
2005-07-03,0.0,-0.017603491965620038,0.004113708223175586,0.009395431551687036,0.0024521173423934,-0.001642234848364016,0.001642234848364016
2005-07-04,0.0,0.005072526132697257,0.004353267352899111,0.01469798350034481,0.0024528327600883944,0.02657660974602957,-0.02657660974602957
2005-07-05,0.0,0.028144277078512744,0.004660062886518107,0.012562040538378155,0.002453135816746514,0.04781951632015552,-0.04781951632015552
2005-07-06,0.0,-0.01851403341705721,0.004826715094470794,-0.0006377025739647939,0.0024528196165892993,-0.011872201279961912,0.011872201279961912
2005-07-07,0.0,-0.005566223755814839,0.0044520227082415365,-0.012015584805146383,0.0024525860586438186,-0.010677199794075866,0.010677199794075866
2005-07-08,0.0,-0.007410339520158789,0.004488306300931839,-0.01766845919213642,0.002452431127827504,-0.018138061283535865,0.018138061283535865
2005-07-09,0.0,-0.006233696693950959,0.003763418622240839,-0.015568870001438443,0.0024522146607456998,-0.015586933412402863,0.015586933412402863
2005-07-10,0.0,0.027684830332330865,0.003434269292140286,-0.007318879437949556,0.0024520707146339638,0.02625229090115556,-0.02625229090115556
2005-07-11,0.0,-0.016439315524266033,0.002642554464855239,-0.006187607519893055,0.002451485109588679,-0.017532883469715172,0.017532883469715172
2005-07-12,0.0,-0.004938967280427493,0.0018318266702662543,0.002037177506836646,0.002451398218341384,0.0013814351150167915,-0.0013814351150167915
2005-07-13,0.0,-0.009787431399997932,0.0012198293059537753,0.006503691028323894,0.0024513727188293253,0.0003874616531090629,-0.0003874616531090629
2005-07-14,0.0,0.02938173067544642,7.87426360212496e-05,0.007974035020494305,0.00245132304302525,0.039885831374987225,-0.039885831374987225
2005-07-15,0.0,-0.007063855611184611,-0.0005124933412126214,0.0019051361792583538,0.0024503050235070768,-0.003220907749631802,0.003220907749631802
2005-07-16,0.0,-0.009955339777733921,-0.0016490384453556315,-0.002305895328693723,0.0024496650558640132,-0.011460608495919263,0.011460608495919263
2005-07-17,0.0,0.010017793383136594,-0.002303044028735138,-0.00516010752362557,0.0024492172349094236,0.00500385906568531,-0.00500385906568531
2005-07-18,0.0,-0.014093354355525521,-0.0030286411002068037,-0.00638396482364891,0.0024486118590886868,-0.021057348420292547,0.021057348420292547
2005-07-19,0.0,0.010928651037780051,-0.0037798461172757914,-0.00611062357177272,0.0024650969274706926,0.003503278276202232,-0.003503278276202232
2005-07-20,0.0,-0.005429092072591227,-0.003930438743286056,-0.003889941212667737,0.002481542651095478,-0.010767929377449543,0.010767929377449543
2005-07-21,0.0,-0.00718999884179617,-0.004497368733062061,0.0025292393221206123,0.002497374612071421,-0.006660753640666197,0.006660753640666197
2005-07-22,0.0,0.007888197735227075,-0.0043488314853126825,0.007283216479141408,0.0025129235875651483,0.013335506316620949,-0.013335506316620949
2005-07-23,0.0,0.009533307231937682,-0.004518448227499441,0.00969868198134768,0.00252838570325577,0.017241926689041693,-0.017241926689041693
2005-07-24,0.0,-0.015760249261093796,-0.004331980184567581,0.005465424769046016,0.002543577377112514,-0.012083227299502848,0.012083227299502848
2005-07-25,0.0,0.007583160199001262,-0.003888769452804667,0.008127260507223554,0.0025582186497963063,0.014379869903216455,-0.014379869903216455
2005-07-26,0.0,-0.0034213250369417116,-0.003725376509129372,0.0077769626249758975,0.0025727658768984986,0.003203026955803312,-0.003203026955803312
2005-07-27,0.0,0.019084847399594512,-0.0028265498066825474,0.00593907066647056,0.002587490608422304,0.024784858867804828,-0.024784858867804828
2005-07-28,0.0,-0.015225562350357836,-0.002498595826311412,0.004133762993754368,0.002601515207539993,-0.010988879975374889,0.010988879975374889
2005-07-29,0.0,-0.003633273693978265,-0.001485391653655075,0.0030615774204079955,0.002615588444801597,0.0005585005175762522,-0.0005585005175762522
2005-07-30,0.0,0.010710402497818773,-0.000809259181007679,0.001299283890571999,0.0026289532332051543,0.013829380440588247,-0.013829380440588247
2005-07-31,0.0,-0.0034947057439521528,-9.345124032614562e-05,-0.0009705574063148786,0.002641899438945575,-0.001916814951647602,0.001916814951647602
2005-08-01,0.0,-0.007220801649770727,0.0008956778210625557,-0.005431663039991591,0.0026553350708134246,-0.009101451797886339,0.009101451797886339
2005-08-02,0.0,-0.00962253531658729,0.001337244614327496,-0.0009617430284920804,0.0026686865161980335,-0.00657834721455384,0.00657834721455384
2005-08-03,0.0,0.017386742452863264,0.0023953022266060406,0.0030812154493273514,0.002681761881265059,0.025545022010061716,-0.025545022010061716
2005-08-04,0.0,0.007860856881652827,0.002688950407759201,0.0020408796746395133,0.002694355117814109,0.015285042081865648,-0.015285042081865648
2005-08-05,0.0,-0.003372939605636981,0.0033837763357696454,-0.002498396937446355,0.002706856994996424,0.0002192967876827336,-0.0002192967876827336
2005-08-06,0.0,-0.0078098831762990735,0.0037810176771106915,-0.006302726765668783,0.002718777667892157,-0.007612814596965008,0.007612814596965008
2005-08-07,0.0,-0.0010354814430217185,0.003871861113532469,-0.008558174123046233,0.0027307165899464847,-0.002991077862588998,0.002991077862588998
2005-08-08,0.0,-0.0002111304472222214,0.004278733798745979,-0.013101831298415335,0.0027426546044623614,-0.006291573342429217,0.006291573342429217
2005-08-09,0.0,-0.004956197209315331,0.0038783812886931013,-0.015392243646781047,0.0027543926804424385,-0.013715666886960838,0.013715666886960838
2005-08-10,0.0,0.003268231203033699,0.004070531756719358,-0.012734276592999829,0.0027665752187808253,-0.0026289384144659467,0.0026289384144659467
2005-08-11,0.0,-0.0013377675977620843,0.0035487197587886735,-0.00961508467441048,0.0027789412098434083,-0.0046251913035404825,0.0046251913035404825
2005-08-12,0.0,-0.003851099171762028,0.0032121277276243067,-0.006348877900891684,0.002791179265631815,-0.0041966700793975905,0.0041966700793975905
2005-08-13,0.0,0.0012182776817319329,0.0028032674618102605,0.0008442736872144943,0.0028037175343105392,0.007669536365067227,-0.007669536365067227
2005-08-14,0.0,-0.013184231638179219,0.001971581766806893,0.006757644878166713,0.0028163172347424343,-0.0016386877584631792,0.0016386877584631792
2005-08-15,0.0,0.0362043415204993,0.0016947775221100034,0.014862008744260507,0.002828566405912261,0.05558969419278207,-0.05558969419278207
2005-08-16,0.0,-0.023078685993273555,0.0005975795297611233,0.014616650604247317,0.002840294685966042,-0.005024161173299071,0.005024161173299071
2005-08-17,0.0,0.004040781976228657,0.00015349153975675013,0.012718926362063945,0.0028519813900163213,0.019765181268065674,-0.019765181268065674
2005-08-18,0.0,0.009576795218298677,-0.0007414221265010611,0.012347817573280838,0.002862615269356701,0.024045805934435158,-0.024045805934435158
2005-08-19,0.0,-0.003170147036260724,-0.001494330746282311,0.00813564283003396,0.002873593416162075,0.006344758463653,-0.006344758463653
2005-08-20,0.0,-0.005137634551643989,-0.0019542277659097642,0.000732412486779399,0.00288493074037204,-0.0034745190904023142,0.0034745190904023142
2005-08-21,0.0,0.002298889786223753,-0.0028627162208238193,-0.006519977591875444,0.002896469591280861,-0.004187334435194649,0.004187334435194649
2005-08-22,0.0,-0.006305233389203337,-0.0029450943397413692,-0.010480786939732466,0.0029074911487920047,-0.016823623519885166,0.016823623519885166
2005-08-23,0.0,0.014914981878138152,-0.003623885523235746,-0.0068616888857898125,0.0029181355168758343,0.007347542985988428,-0.007347542985988428
2005-08-24,0.0,-0.015941731305931087,-0.003671896253020654,-0.0048432873899918755,0.0029289704922104377,-0.021527944456733176,0.021527944456733176
2005-08-25,0.0,0.005166593789774378,-0.0038194273234711342,0.0030374171581325216,0.0029399429338568357,0.007324526558292602,-0.007324526558292602
2005-08-26,0.0,-0.009786468926497956,-0.003975973837157831,0.00854583213651483,0.0029512196172785995,-0.0022653910098623577,0.0022653910098623577
2005-08-27,0.0,0.024718988427684958,-0.0035068196923226163,0.00977711736265293,0.0029620570752976953,0.03395134317331296,-0.03395134317331296
2005-08-28,0.0,-0.004222346137432971,-0.003648116857415773,0.0028448698598021287,0.0029724409184051716,-0.002053152216641443,0.002053152216641443
2005-08-29,0.0,-0.0217207720877777,-0.0029095597963160035,-0.007054025249178282,0.002982764454287883,-0.028701592678984103,0.028701592678984103
2005-08-30,0.0,0.018029090999614104,-0.002664719441960331,-0.009845631730536935,0.002993332782144235,0.008512072609261073,-0.008512072609261073
2005-08-31,0.0,-0.0033542807988687653,-0.0019915518719141774,-0.003629391994336871,0.0030033537481666895,-0.005971870916953124,0.005971870916953124
2005-09-01,0.0,-0.0045652233168256996,-0.0012412478791400615,0.0028419062012287623,0.003014113391109186,4.954839637218676e-05,-4.954839637218676e-05
2005-09-02,0.0,-0.012376568600150604,-0.0008486310036525924,0.006036199252383034,0.0030248488955811645,-0.004164151455838998,0.004164151455838998
2005-09-03,0.0,0.020671467045857872,0.000269100227207591,0.012545784562646366,0.003035842475744345,0.036522194311456174,-0.036522194311456174
2005-09-04,0.0,-0.008691602735362526,0.0005527118849720851,0.008570112634331602,0.003046160946896838,0.003477382730837999,-0.003477382730837999
2005-09-05,0.0,0.018447128752416043,0.001553817879507466,0.0038615940397830825,0.0030560095453082093,0.0269185502170148,-0.0269185502170148
2005-09-06,0.0,-0.02367875055869359,0.0019498771987177016,-0.004571952988943397,0.0030648682575206347,-0.02323595809139865,0.02323595809139865
2005-09-07,0.0,0.009749709630695576,0.002470494502121783,-0.005858560325797162,0.0030741431806004583,0.009435786987620655,-0.009435786987620655
2005-09-08,0.0,0.007662817835790382,0.0031515360243166497,-0.006412040909009837,0.0030833998647230763,0.007485712815820271,-0.007485712815820271
2005-09-09,0.0,-0.00833549111216598,0.0031417125674228085,-0.00552076553489643,0.0030921954291283638,-0.007622348650511238,0.007622348650511238
2005-09-10,0.0,-0.00889565561813581,0.0037805435767175374,-0.0102358842979717,0.0031009386992039032,-0.012250057640186069,0.012250057640186069
2005-09-11,0.0,-0.004496232646831685,0.0035196999485155745,-0.010853433461386404,0.0031100399120398037,-0.008719926247662711,0.008719926247662711
2005-09-12,0.0,0.011392484245201572,0.0037596810425406177,-0.009676531509449325,0.0031189352295570008,0.008594569007849866,-0.008594569007849866
2005-09-13,0.0,0.001766213134767616,0.0035442078320056395,-0.012132073047501352,0.003127686061201914,-0.0036939660195261822,0.0036939660195261822
2005-09-14,0.0,-0.00475362041374837,0.0031437210774795956,-0.012494916587983447,0.003150776686017311,-0.01095403923823491,0.01095403923823491
2005-09-15,0.0,-0.005642931630842386,0.003149621580604913,-0.009597345809663569,0.003173712769026353,-0.008916943090874688,0.008916943090874688
2005-09-16,0.0,-0.008520276750249184,0.0023232403617983433,-0.001138259099003227,0.0031960556913322134,-0.004139239796121854,0.004139239796121854
2005-09-17,0.0,0.018414273995361344,0.002210940805733799,0.009547549968379511,0.0032182457511592236,0.03339101052063388,-0.03339101052063388
2005-09-18,0.0,-0.004382352357760111,0.0013046120260339607,0.016627461347906138,0.0032397719936504096,0.016789493009830396,-0.016789493009830396
2005-09-19,0.0,0.018797265471827734,0.0007811513215947225,0.019466664469334274,0.003261462481251527,0.04230654374400825,-0.04230654374400825
2005-09-20,0.0,-0.02432390667472829,0.00017944874878767544,0.018172691364726906,0.0032821183235078877,-0.0026896482377058197,0.0026896482377058197
2005-09-21,0.0,0.015993904616058027,-0.0008076854702073143,0.010347628657904036,0.0033027316583365213,0.02883657946209127,-0.02883657946209127
2005-09-22,0.0,-0.004731483193115675,-0.0011146471617705014,0.0008781208329945484,0.003323168532013279,-0.0016448409898783488,0.0016448409898783488
2005-09-23,0.0,-0.0234170233622196,-0.0021803627301703937,-0.0032140318270687585,0.003343136171066752,-0.025468281748392003,0.025468281748392003
2005-09-24,0.0,0.03513343422501355,-0.002382200911653516,0.0010805901112234736,0.003363007616268526,0.03719483104085203,-0.03719483104085203
2005-09-25,0.0,0.0007021337555659109,-0.003095696706288096,0.005890768933879901,0.0033817644081238756,0.006878970391281591,-0.006878970391281591
2005-09-26,0.0,-0.016518816376074344,-0.0035215236619394945,0.00790369212994472,0.0034009312831407303,-0.008735716624928388,0.008735716624928388
2005-09-27,0.0,0.008245505179764684,-0.003595407244093121,0.007866895460132401,0.0034198616384874384,0.015936855034291403,-0.015936855034291403
2005-09-28,0.0,-0.009620558315089954,-0.004129396364806378,0.007264785981062774,0.003437794449328831,-0.003047374249504727,0.003047374249504727
2005-09-29,0.0,0.010198842519247723,-0.0037437771698835953,0.0006354469802031895,0.00345552878981678,0.010546041119384095,-0.010546041119384095
2005-09-30,0.0,-0.0044778830117096925,-0.004065386564579757,-0.008484583361831697,0.0034728864761527623,-0.013554966461968384,0.013554966461968384
2005-10-01,0.0,-0.0026529479757991543,-0.0035748370974974823,-0.012984568574781077,0.0034897219179906855,-0.01572263173008703,0.01572263173008703
2005-10-02,0.0,0.011001413611737973,-0.0032640855798879943,-0.01047364432795414,0.0035062952657883444,0.0007699789696841825,-0.0007699789696841825
2005-10-03,0.0,-0.01453738176842654,-0.002953701859398343,-0.00864347795483666,0.0035230563918326636,-0.02261150519082888,0.02261150519082888
2005-10-04,0.0,-0.003919689261760465,-0.0020290460058776816,-0.006196948099846759,0.0035398137157258707,-0.008605869651759036,0.008605869651759036
2005-10-05,0.0,-0.0001878099251994851,-0.001819096942850337,-0.0033621086983681506,0.003556901647288466,-0.0018121139191295066,0.0018121139191295066
2005-10-06,0.0,0.0005370842700002047,-0.0006121346638963876,-0.0006459878887228286,0.0035742380356995826,0.002853199753080571,-0.002853199753080571
2005-10-07,0.0,0.019311262427249412,-0.00020906363335856568,-0.002175536162479252,0.003590873498642934,0.02051753613005453,-0.02051753613005453
2005-10-08,0.0,-0.013300948696485747,0.0006877970185447016,-0.009223096888941965,0.0036071502070798146,-0.018229098359803197,0.018229098359803197
2005-10-09,0.0,0.010499132861764031,0.0015184875185341577,-0.014025107587256079,0.0036241391665260423,0.0016166519595681517,-0.0016166519595681517
2005-10-10,0.0,-0.014587496605633894,0.0019477549299512413,-0.008995930777214634,0.0036404659996425396,-0.017995206453254746,0.017995206453254746
2005-10-11,0.0,-0.01845238372124412,0.0030385926851621008,-0.0032336878715305125,0.0036565710785551324,-0.0149909078290574,0.0149909078290574
2005-10-12,0.0,-0.01921086400412299,0.003094710113528046,0.007062869786146076,0.003672661723732347,-0.005380622380716524,0.005380622380716524
2005-10-13,0.0,0.08254645594736429,0.00398064811431602,0.015155585572342893,0.0036886969461765286,0.10537138658019973,-0.10537138658019973
2005-10-14,0.0,-0.02495291668207704,0.0040342724521579615,0.009361343926554562,0.003702676327594113,-0.007854623975770402,0.007854623975770402
2005-10-15,0.0,-0.0319311485887854,0.004235044391289665,0.0037726580611036403,0.003718183807268189,-0.020205262329123907,0.020205262329123907
2005-10-16,0.0,0.005247993987388275,0.00446514607184244,-0.0027524986532721247,0.0037339708461979933,0.010694612252156583,-0.010694612252156583
2005-10-17,0.0,0.001931225032439854,0.0039531298590768935,-0.0034710988383534975,0.0037495522011510734,0.006162808254314324,-0.006162808254314324
2005-10-18,0.0,0.004421254787328259,0.004185666035375577,0.0018014150464967017,0.0037644777972358355,0.014172813666436372,-0.014172813666436372
2005-10-19,0.0,0.025198084074345234,0.003333805490152886,0.00959362178966407,0.003778865767096037,0.041904377121258225,-0.041904377121258225
2005-10-20,0.0,-0.019551349755514896,0.0031017940176383354,0.009442796983550855,0.0037928204075984057,-0.0032139383467272987,0.0032139383467272987
2005-10-21,0.0,0.012199207432137798,0.0023638855617500393,0.011916430265581935,0.003807267067375919,0.03028679032684569,-0.03028679032684569
2005-10-22,0.0,-0.010664966858660488,0.0015128903087954708,0.005383066187614377,0.00382182106587709,5.2810703626449997e-05,-5.2810703626449997e-05
2005-10-23,0.0,-0.008588932777837472,0.0010829259369025054,0.0008921353710512018,0.0038362101457160127,-0.0027776613241677524,0.0027776613241677524
2005-10-24,0.0,-0.006868609508212497,-0.00023323607284685125,-0.005695194329369196,0.0038509123572057708,-0.008946127553222775,0.008946127553222775
2005-10-25,0.0,0.0221568681878067,-0.0005717964787520322,-0.007290341327749004,0.003865600364727936,0.0181603307460336,-0.0181603307460336
2005-10-26,0.0,0.005201740553290316,-0.0017623133894492118,-0.003511132302414581,0.0038794123111468106,0.003807707172573334,-0.003807707172573334
2005-10-27,0.0,-0.0023492626581564004,-0.0023294026215890775,-0.0003576287972855759,0.003893947602571386,-0.0011423464744596675,0.0011423464744596675
2005-10-28,0.0,-0.006270208017805662,-0.0029556662085738522,0.0008426218632292572,0.003908796711553338,-0.004474455651596919,0.004474455651596919
2005-10-29,0.0,-0.012814821720895936,-0.003812836772005144,-0.0027397857113418377,0.0039234990101982975,-0.015443945194044618,0.015443945194044618
2005-10-30,0.0,-0.0053037047480809065,-0.003801988770603945,-0.0012685183309422909,0.003938069603545725,-0.006436142246081417,0.006436142246081417
2005-10-31,0.0,0.024729239873162386,-0.004591011578473053,0.0008058222151911267,0.003952851876554081,0.024896902386434543,-0.024896902386434543
2005-11-01,0.0,-0.002983725208964136,-0.004332573855641393,0.0003784297281694041,0.003966553362626892,-0.0029713159738092325,0.0029713159738092325
2005-11-02,0.0,-0.0059182606861765685,-0.00463086680028188,0.0019909216786034617,0.00397994473745173,-0.004578261070403257,0.004578261070403257
2005-11-03,0.0,-0.00321651690288208,-0.004466493342899908,0.007952471868775731,0.0039940057802533195,0.004263467403247062,-0.004263467403247062
2005-11-04,0.0,-0.006757108071749049,-0.003931925295928294,0.009377420060306492,0.004007729712021967,0.002696116404651115,-0.002696116404651115
2005-11-05,0.0,-0.005364814987964232,-0.003919218845598061,0.007129717223219107,0.004020935220319404,0.0018666186099762184,-0.0018666186099762184
2005-11-06,0.0,0.017436745159489207,-0.0028281624994627007,-0.0019994705531232414,0.0040341343738914135,0.01664324648079468,-0.01664324648079468
2005-11-07,0.0,0.013124078856396845,-0.002611763878550267,-0.009301592418946953,0.004047061668444431,0.0052577842273440565,-0.0052577842273440565
2005-11-08,0.0,-0.012857670723391763,-0.001495879255553932,-0.012314140267874482,0.004059599922951131,-0.022608090323869047,0.022608090323869047
2005-11-09,0.0,-0.0001620112068359418,-0.0007931437096059285,-0.014754570252817978,0.004072172163356619,-0.011637553005903231,0.011637553005903231
2005-11-10,0.0,-0.015374906382491622,-0.00010686811785241303,-0.014007063563353243,0.004085571832838115,-0.025403266230859166,0.025403266230859166
2005-11-11,0.0,-0.007021055263096744,0.0011451660001249684,-0.012201627600312057,0.0040988884916305195,-0.013978628371653312,0.013978628371653312
2005-11-12,0.0,-0.0069155458086505965,0.0014764375907189238,-0.008536540625428163,0.004112789288521263,-0.009862859554838573,0.009862859554838573
2005-11-13,0.0,0.03731941472571608,0.00281902781829656,-0.008690965656959914,0.004126653935255037,0.03557413082230776,-0.03557413082230776
2005-11-14,0.0,-0.005745407577338392,0.003079379996811746,-0.009700982560433207,0.0041398672413202105,-0.008227142899639642,0.008227142899639642
2005-11-15,0.0,-0.010375979161576988,0.003915267920386101,-0.002147877986633553,0.0041537774778598515,-0.004454811749964588,0.004454811749964588
2005-11-16,0.0,-0.03440955519299013,0.004452457929503047,0.010147095352010452,0.004167407813058511,-0.01564259409841812,0.01564259409841812
2005-11-17,0.0,0.034429090564485766,0.004465950108636712,0.018355704196275864,0.0041812019985720175,0.06143194686797036,-0.06143194686797036
2005-11-18,0.0,0.01746927299600312,0.005086451637157579,0.017017696466503106,0.004194922232406606,0.04376834333207041,-0.04376834333207041
2005-11-19,0.0,-0.03374868011315695,0.004523265094049504,0.010574870042989562,0.004208253503997286,-0.014442291472120599,0.014442291472120599
2005-11-20,0.0,0.03789695806169839,0.004842700433390307,0.007913518730840704,0.004221899861260239,0.05487507708718964,-0.05487507708718964
2005-11-21,0.0,-0.003655449444098618,0.004164179911799978,0.007497963392415767,0.004234957131608802,0.01224165099172593,-0.01224165099172593
2005-11-22,0.0,-0.00816450239983485,0.003703978721624147,0.004175124184594813,0.004248718343866826,0.003963318850250936,-0.003963318850250936
2005-11-23,0.0,-0.012464778295734577,0.0032952643151892055,0.009541512429202557,0.004262320622372314,0.0046343190710295004,-0.0046343190710295004
2005-11-24,0.0,-0.031000353225673627,0.002128714452567717,0.015797366838661203,0.004275557174736508,-0.008798714759708198,0.008798714759708198
2005-11-25,0.0,0.07145705755450843,0.001842353804604771,0.017264339969810194,0.004288795970844379,0.09485254729976778,-0.09485254729976778
2005-11-26,0.0,-0.01445775672322933,0.00038321016331466814,0.004770955160821861,0.004300479518519929,-0.005003111880572872,0.005003111880572872
2005-11-27,0.0,-0.020013744868438706,-0.00018667449963783185,-0.0027498615795085793,0.004312009857595531,-0.018638271089989587,0.018638271089989587
2005-11-28,0.0,0.00631406379899987,-0.0012514043434252234,-0.007268939944548257,0.004323687985494514,0.0021174074965209034,-0.0021174074965209034
2005-11-29,0.0,0.003217537119629738,-0.0022893491144375506,-0.013321122048980057,0.004335186826916859,-0.008057747216871011,0.008057747216871011
2005-11-30,0.0,-0.012597015133632481,-0.0027474878591218005,-0.017983554074358338,0.004346572179149194,-0.02898148488796342,0.02898148488796342
2005-12-01,0.0,-0.009548744272118258,-0.003988282115166433,-0.017211883612807007,0.004358246464884743,-0.026390663535206957,0.026390663535206957
2005-12-02,0.0,0.03164975234544129,-0.003971853625624352,-0.010037484698014921,0.004369882399612769,0.022010296421414787,-0.022010296421414787
2005-12-03,0.0,-0.008165983029471625,-0.004875419401305203,-0.009873241782517122,0.0043806762743501355,-0.018533967938943813,0.018533967938943813
2005-12-04,0.0,-0.02680529830659246,-0.0049289537028585784,-0.008341661167880071,0.004392113991308251,-0.03568379918602286,0.03568379918602286
2005-12-05,0.0,0.007934540842195142,-0.004977752748678438,-0.00652035911499032,0.004404156201978192,0.0008405851805045762,-0.0008405851805045762
2005-12-06,0.0,0.004251321043640983,-0.005181140914272141,0.002283295458235043,0.0044162392545944356,0.00576971484219832,-0.00576971484219832
2005-12-07,0.0,-0.016848507985914307,-0.00441246442782821,0.002932909425669963,0.004428011574978242,-0.013900051413094312,0.013900051413094312
2005-12-08,0.0,0.01916398878500664,-0.004552187047578195,0.005523692667690674,0.004439726402869166,0.024575220807988286,-0.024575220807988286
2005-12-09,0.0,0.010566800593303692,-0.0034552675832528693,0.006113311866770173,0.00445072426659271,0.017675569143413707,-0.017675569143413707
2005-12-10,0.0,0.01377523062715803,-0.0030391914965388752,0.007994638658990342,0.004461420860461394,0.02319209865007089,-0.02319209865007089
2005-12-11,0.0,-0.035408906985660335,-0.0021696934748685975,-0.0009223685545896212,0.004471899400212541,-0.03402906961490602,0.03402906961490602
2005-12-12,0.0,-0.0005154004934768216,-0.001045042824537084,-0.007276062250010167,0.0044823394812028685,-0.0043541660868212035,0.0043541660868212035
2005-12-13,0.0,0.0028236053500297507,-0.0005764964682286956,-0.007604677480524056,0.004492951547235093,-0.0008646170514879075,0.0008646170514879075
2005-12-14,0.0,0.008481880163524618,0.001018654041595253,-0.005766202754965602,0.004503663004639886,0.008237994454794156,-0.008237994454794156
2005-12-15,0.0,-0.011115882303234424,0.001385680496265263,0.002949415009191832,0.004513891157655881,-0.0022668956401214477,0.0022668956401214477
2005-12-16,0.0,0.021418766822970767,0.002677639082954612,0.007104641920704944,0.004523642057586868,0.03572468988421719,-0.03572468988421719
2005-12-17,0.0,-0.002427742918619553,0.0033245450710403107,0.006897663730127118,0.004533450713795084,0.012327916596342959,-0.012327916596342959
2005-12-18,0.0,-0.018320354541768044,0.00390639936124134,0.007774056387265673,0.00454348997319751,-0.0020964088200635207,0.0020964088200635207
2005-12-19,0.0,-0.0026751070245917804,0.004885476002226618,0.006754879856818888,0.004553707892955787,0.013518956727409513,-0.013518956727409513
2005-12-20,0.0,-0.006540982241402524,0.0046983860729480215,0.005317314386536624,0.0045639534545561565,0.008038671672638279,-0.008038671672638279
2005-12-21,0.0,0.05364585589166379,0.005532487140322854,0.010102184917403816,0.004573854571824902,0.07385438252121537,-0.07385438252121537
2005-12-22,0.0,-0.010951993226420901,0.005039131355405088,0.008124091608772161,0.004582570466938111,0.0067938002046944584,-0.0067938002046944584
2005-12-23,0.0,-0.02132215624734733,0.005149485779584099,0.003015317992003595,0.004592435451263696,-0.008564917024495938,0.008564917024495938
2005-12-24,0.0,0.009036689182471067,0.004810141515067324,-0.006780798578444578,0.004602294778036963,0.011668326897130776,-0.011668326897130776
2005-12-25,0.0,-0.0255836399688239,0.003980905258693664,-0.017090511935404135,0.004612261759478185,-0.034080984886056195,0.034080984886056195
2005-12-26,0.0,0.0029128547893197145,0.003871805608551695,-0.013624016424439587,0.0046224085224282185,-0.0022169475041399593,0.0022169475041399593
2005-12-27,0.0,0.026753459744412764,0.002512044318974005,-0.003134388247058875,0.004632439944962209,0.030763555761290102,-0.030763555761290102
2005-12-28,0.0,-0.005596163240462268,0.0021608577716915227,0.008858977272288925,0.0046418071043964095,0.01006547890791459,-0.01006547890791459
2005-12-29,0.0,-0.007238263982645256,0.0008255018878748032,0.019349168625078638,0.004651288980773495,0.01758769551108168,-0.01758769551108168
2005-12-30,0.0,0.010119215339890776,-9.85013644053151e-05,0.01938471488274181,0.004660660035861691,0.034066088894088964,-0.034066088894088964
2005-12-31,0.0,-0.012412709224342865,-0.0008960037359029144,0.0099887501621512,0.004669366153919813,0.0013494033558252337,-0.0013494033558252337
2006-01-01,0.0,0.0010712078111873627,-0.002374122294627787,-0.007000236662313855,0.004690573303437557,-0.003612577842316721,0.003612577842316721
2006-01-02,0.0,0.006040404637354847,-0.0026871677342151673,-0.019326482110714204,0.004711788494500789,-0.011261456713073735,0.011261456713073735
2006-01-03,0.0,0.00873144318007474,-0.004101020210112672,-0.018675514357118294,0.004732825408796737,-0.009312265978359489,0.009312265978359489
2006-01-04,0.0,-0.006243643393196662,-0.004325809582716457,-0.009684260606895336,0.004754078439311634,-0.01549963514349682,0.01549963514349682
2006-01-05,0.0,-0.010894371052656905,-0.00504607201082478,-0.0008806597651635009,0.0047754220662509115,-0.012045680762394272,0.012045680762394272
2006-01-06,0.0,-0.007608533663850502,-0.005543666110901706,0.006993417669145261,0.004797005074313384,-0.0013617770312935639,0.0013617770312935639
2006-01-07,0.0,-0.01017521090402704,-0.005297166939579448,0.005255764703561927,0.004818667195139349,-0.005397945944905212,0.005397945944905212
2006-01-08,0.0,0.01461568767886981,-0.005840491602204873,0.0022436033273042794,0.00484075268001619,0.015859552083985408,-0.015859552083985408
2006-01-09,0.0,0.015138641535250526,-0.004983037582664895,-0.010783121691950644,0.004862396033914144,0.004234878294549131,-0.004234878294549131
2006-01-10,0.0,0.012220249412301919,-0.005124993630425751,-0.015429075801473211,0.004884058077365192,-0.0034497619422318515,0.0034497619422318515
2006-01-11,0.0,-0.020722072457120592,-0.004224737786788696,-0.016080527037464674,0.0049064100343095725,-0.036120927247064394,0.036120927247064394
2006-01-12,0.0,-0.0325458926156611,-0.003422204331232982,-0.0058962912567025886,0.004928646614030819,-0.03693574158956585,0.03693574158956585
2006-01-13,0.0,0.03943621608735568,-0.0028653109443977204,0.003724305381045362,0.0049511750496134006,0.04524638557361672,-0.04524638557361672
2006-01-14,0.0,-0.02036099009634768,-0.0013059928268876397,-0.0012498100453644401,0.004973620929034895,-0.017943172039564866,0.017943172039564866
2006-01-15,0.0,3.059689986109745e-05,-0.0008914910172546624,-0.00465640464435519,0.004996034287371456,-0.0005212644743772983,0.0005212644743772983
2006-01-16,0.0,0.02217725595837444,0.0008189896189522011,-0.00801507011187144,0.005018815248149879,0.01999999071360508,-0.01999999071360508
2006-01-17,0.0,-0.0057278523030391175,0.0015025608788179852,-0.009629035525243471,0.0050416807498051466,-0.008812646199659458,0.008812646199659458
2006-01-18,0.0,-0.007901477761689047,0.0026117898316156494,-0.003837027606015344,0.005064828275195125,-0.004061887260893617,0.004061887260893617
2006-01-19,0.0,-0.02632070730146773,0.0038235957117223485,0.01746767178877332,0.005088007910871299,5.856810989923571e-05,-5.856810989923571e-05
2006-01-20,0.0,-0.06147576019827231,0.0041628633557464975,0.03975765986570803,0.00511148579998782,-0.012443751176829968,0.012443751176829968
2006-01-21,1.0,0.19740074264627072,0.00557005180305974,0.06032573015015351,0.005135009307857371,0.26843153390734137,0.7315684660926587
2006-01-22,0.0,-0.071019333872601,0.005292857873387537,0.03525928455859412,0.005139108779506649,-0.025328082661112687,0.025328082661112687
2006-01-23,0.0,-0.043891207057288904,0.006063263833152547,0.012190753967151904,0.005143370526916199,-0.020493818730068253,0.020493818730068253
2006-01-24,0.0,0.018844589211364286,0.005880465984617056,-0.006443623028543609,0.005147888976030698,0.023429321143468428,-0.023429321143468428
2006-01-25,0.0,-0.011576178815180324,0.005594789568378692,-0.019803855745722267,0.0051520049639929,-0.020633240028530998,0.020633240028530998
2006-01-26,0.0,0.008785040274499918,0.005638069505498935,-0.023443557948936086,0.005156640762647894,-0.0038638074062893385,0.0038638074062893385
2006-01-27,0.0,-0.0038140632107242604,0.0044736791345569935,-0.01619612102619574,0.005161656939581814,-0.010374848162781194,0.010374848162781194
2006-01-28,0.0,-0.0033357895222842033,0.0045031709028961805,-0.005690837441779001,0.005166842044558738,0.0006433859833917142,-0.0006433859833917142
2006-01-29,0.0,0.030890080810052917,0.0030555076323556824,-0.0003287810686712976,0.005171669600371114,0.03878847697410842,-0.03878847697410842
2006-01-30,0.0,-0.026472585128804498,0.002429365124795627,-0.007445586498690988,0.00517687208047924,-0.02631193442222062,0.02631193442222062
2006-01-31,0.0,-0.030273394127644508,0.0013651166780514288,-0.01378031331565887,0.005182068788945883,-0.037506521976306065,0.037506521976306065
2006-02-01,0.0,0.029331693729117914,-3.052597939701235e-05,-0.011052833588089091,0.005187588588296104,0.023435922749927913,-0.023435922749927913
2006-02-02,0.0,0.00645890758621763,-0.0005357380245034208,-0.013657572383122254,0.005193171898972028,-0.0025412309224360176,0.0025412309224360176
2006-02-03,0.0,-0.006802375796612974,-0.002319046214593624,-0.011294106202521696,0.00519856902862897,-0.015216959185099323,0.015216959185099323
2006-02-04,0.0,0.003984876971222824,-0.0026716622989001798,-0.008504225922931478,0.005204117296153784,-0.0019868939544550497,0.0019868939544550497
2006-02-05,0.0,-0.00044600388042908835,-0.00397675636790387,-0.0023517411100116526,0.005210011365749501,-0.0015644899925951108,0.0015644899925951108
2006-02-06,0.0,-0.00947837410737959,-0.004597830400854999,-0.003441709069742633,0.005215907766620365,-0.01230200581135686,0.01230200581135686
2006-02-07,0.0,-0.02264055321867012,-0.004987520910123897,-0.0038567408594877184,0.00522196707445382,-0.026262847913827922,0.026262847913827922
2006-02-08,0.0,-0.007042077459056219,-0.005903744827889899,0.0008701249512299317,0.005228937679471902,-0.0068467596562442855,0.0068467596562442855
2006-02-09,0.0,0.05801173685623038,-0.005381679089495051,0.010782924180997806,0.005236090841229126,0.06864907278896226,-0.06864907278896226
2006-02-10,0.0,-0.01917886184998176,-0.006110733063597704,0.016107536678158185,0.0052425421114318275,-0.003939516123989452,0.003939516123989452
2006-02-11,0.0,-0.007686844849948691,-0.005414931815088545,0.0181957057164806,0.005248772888963938,0.010342701940407302,-0.010342701940407302
2006-02-12,0.0,0.00044238269750125105,-0.005306307519752624,0.01586773480887301,0.005254937437309557,0.016258747423931196,-0.016258747423931196
2006-02-13,0.0,-0.005876847515532702,-0.004856929570464897,0.011854564119252215,0.005260842119063602,0.0063816291523182194,-0.0063816291523182194
2006-02-14,0.0,0.00761781806413296,-0.003701668435484109,0.0007782164634965735,0.0052668526987671785,0.009961218790912604,-0.009961218790912604
2006-02-15,0.0,0.010547197349190657,-0.0035179200172995636,-0.01235340445999069,0.005272845887588756,-5.128124051084065e-05,5.128124051084065e-05
2006-02-16,0.0,2.2158414688416784e-05,-0.001841022483560102,-0.01844224289092331,0.005278733912238498,-0.014982373047556497,0.014982373047556497
2006-02-17,0.0,-0.008633032504397748,-0.001411182367253756,-0.014467678222903194,0.005285064879489713,-0.019226828215064985,0.019226828215064985
2006-02-18,0.0,-0.025363410349058278,3.101861660557904e-05,-0.00533765080951867,0.005291601319356414,-0.025378441222614956,0.025378441222614956
2006-02-19,0.0,0.0129897717719208,0.001073315513427511,0.0030961217953676835,0.005298214316911438,0.02245742339762743,-0.02245742339762743
2006-02-20,0.0,-0.020954780301570646,0.0017635406831666388,0.006545367437204792,0.005305333515895606,-0.007340538665303608,0.007340538665303608
2006-02-21,0.0,0.05332103811638981,0.003402094376492342,0.012671577759936964,0.0053131552191430995,0.0747078654719622,-0.0747078654719622
2006-02-22,0.0,0.003539854363546745,0.0035321733985445606,0.012103207108558924,0.005319818373192661,0.02449505324384289,-0.02449505324384289
2006-02-23,0.0,-0.026710984919873334,0.004939238704924449,0.010975891703259856,0.005325910898102072,-0.005469943613586958,0.005469943613586958
2006-02-24,0.0,-0.0025732511692427434,0.005009891105544184,0.012869779788764996,0.005331870637888784,0.020638290362955218,-0.020638290362955218
2006-02-25,0.0,0.012122907372987744,0.005545201546081199,0.01381970072495603,0.005337802614139152,0.03682561225816412,-0.03682561225816412
2006-02-26,0.0,0.0057581869361262895,0.0059543282147642585,0.00776744059335487,0.0053439365371140265,0.024823892281359446,-0.024823892281359446
2006-02-27,0.0,-0.013524230313818338,0.005385672233251141,-0.005837539513873382,0.005349973831011399,-0.00862612376342918,0.00862612376342918
2006-02-28,0.0,0.0015371532221098109,0.005913564506767017,-0.016367134855122093,0.005356285385715192,-0.0035601317405300733,0.0035601317405300733
2006-03-01,0.0,-0.004331547853089158,0.004757198870085482,-0.017002426369418774,0.005362105284055474,-0.011214670068366977,0.011214670068366977
2006-03-02,0.0,0.027156774084312916,0.0048074699451900104,-0.00910017793521675,0.005368249540462994,0.028232315634749164,-0.028232315634749164
2006-03-03,0.0,-0.04462164803661975,0.0037614517141924663,-0.0052893896113553555,0.00537375207926142,-0.040775833854521215,0.040775833854521215
2006-03-04,0.0,0.01605845734674655,0.002831217826700815,0.00565874621810286,0.005379581530480659,0.029928002922030884,-0.029928002922030884
2006-03-05,0.0,-0.0009221421554044482,0.0023147765567848267,0.005812799379345052,0.0053852960732393585,0.01259072985396479,-0.01259072985396479
2006-03-06,0.0,0.028576404094633467,0.0006473533010838131,0.005256944616635365,0.005390960750315234,0.03987166276266788,-0.03987166276266788
2006-03-07,0.0,-0.018197550376079983,0.0003101106394566243,-0.007225550005407532,0.0053957303505370036,-0.019717259391493887,0.019717259391493887
2006-03-08,0.0,-0.016574754528331025,-0.0014371717266567204,-0.013788716352245723,0.005400982155672258,-0.02639966045156121,0.02639966045156121
2006-03-09,0.0,0.023375165031507918,-0.0020478245358557484,-0.018110067268374816,0.005406335454619197,0.008623608681896551,-0.008623608681896551
2006-03-10,0.0,-0.027060738331926924,-0.0030447151195309983,-0.015621350972308264,0.005411533965716708,-0.040315270458049474,0.040315270458049474
2006-03-11,0.0,0.0016966942054868444,-0.004187893437810581,-0.013037348185142204,0.005417943878770192,-0.010110603538695749,0.010110603538695749
2006-03-12,0.0,0.014915503810373272,-0.004245133029153291,-0.00964121721927433,0.00542476249110649,0.006453916053052141,-0.006453916053052141
2006-03-13,0.0,-0.013199592391118597,-0.005501451827368161,-0.004787371994910625,0.005431244230399709,-0.018057171982997673,0.018057171982997673
2006-03-14,0.0,0.003595858386069989,-0.005102886576468173,0.0042725871964985,0.00543773230020259,0.008203291306302906,-0.008203291306302906
2006-03-15,0.0,0.008726755357622637,-0.005784894854137641,0.01106775977421441,0.005443967844349997,0.019453588122049403,-0.019453588122049403
2006-03-16,0.0,-0.00134187551721402,-0.0056067312584427206,0.009362926573110494,0.0054501222502569896,0.007864442047710743,-0.007864442047710743
2006-03-17,0.0,-0.01194822865282658,-0.00519532056295916,0.012645391378335957,0.005456076365780124,0.0009579185283303433,-0.0009579185283303433
2006-03-18,0.0,0.0006102901386718365,-0.005299881635126782,0.013693137880522472,0.005462200061530556,0.01446574644559808,-0.01446574644559808
2006-03-19,0.0,0.04060604017793058,-0.0039885044083497545,0.013805663329947147,0.005468197983262042,0.05589139708279002,-0.05589139708279002
2006-03-20,0.0,-0.03791383957827113,-0.004056842866009136,0.007999072870505096,0.00547336640584261,-0.028498243167932563,0.028498243167932563
2006-03-21,0.0,0.007757637320868624,-0.0025803700834967497,0.006326565101205607,0.005478710763074261,0.016982543101651742,-0.016982543101651742
2006-03-22,0.0,0.0026957702949257064,-0.0019441704168800004,0.0071599343629392045,0.005483665044896817,0.013395199285881728,-0.013395199285881728
2006-03-23,0.0,-0.010898448051027323,-0.0010266665635282172,0.009885343613246552,0.005488414393654172,0.0034486433923451836,-0.0034486433923451836
2006-03-24,0.0,0.02084836071864487,0.00042835430423118293,0.006087931819869973,0.005493841433517139,0.03285848827626316,-0.03285848827626316
2006-03-25,0.0,-0.029711684182236728,0.0007684983716297318,0.01074943961373555,0.005498658636853829,-0.012695087560017616,0.012695087560017616
2006-03-26,0.0,0.031176410630868085,0.0025561812409611753,0.01568615915660658,0.005503571991172445,0.05492232301960828,-0.05492232301960828
2006-03-27,0.0,0.01958173305089041,0.002758507607696046,0.00955679304364439,0.005508198200353322,0.03740523190258417,-0.03740523190258417
2006-03-28,0.0,-0.0261264827381838,0.003978953700126765,-0.0031829615361833015,0.005513208253212961,-0.01981728232102737,0.01981728232102737
2006-03-29,0.0,-0.00042227544250975416,0.00458261420843285,-0.011794846596450297,0.005518469741684056,-0.0021160380888431453,0.0021160380888431453
2006-03-30,0.0,-0.018311932416614777,0.004808554832353417,-0.01403294384103408,0.005523845806312048,-0.022012475618983392,0.022012475618983392
2006-03-31,0.0,0.0273855068541175,0.005803766868585204,-0.01415843386470319,0.005529394179591554,0.024560234037591066,-0.024560234037591066
2006-04-01,0.0,-0.014673422030122188,0.005139602915814527,-0.01803257116557426,0.0055347796017526365,-0.022031610678129282,0.022031610678129282
2006-04-02,0.0,-0.004874893558021789,0.005893934169575576,-0.019676287409637675,0.005540799221957252,-0.013116447576126638,0.013116447576126638
2006-04-03,0.0,0.011137119476902161,0.005129616458288848,-0.019754671144899885,0.005547205031600489,0.002059269821891613,-0.002059269821891613
2006-04-04,0.0,-0.011812284780282586,0.004953873569185693,-0.023376680404493106,0.005553374794108829,-0.024681716821481174,0.024681716821481174
2006-04-05,0.0,-0.007488326413408336,0.004570351914782623,-0.02064055010442778,0.005569445856309038,-0.017989078746744457,0.017989078746744457
2006-04-06,0.0,-0.0056639687417293205,0.0033900131826855766,-0.009503694636171294,0.005585874938751571,-0.006191775256463469,0.006191775256463469
2006-04-07,0.0,0.028082598158583865,0.0033596694436227514,0.009040634478486268,0.005601764500770902,0.04608466658146378,-0.04608466658146378
2006-04-08,0.0,-0.03200767530946384,0.0016142758950625712,0.02368537471019766,0.005617173624760326,-0.0010908510794432856,0.0010908510794432856
2006-04-09,0.0,0.040791857275286794,0.001267271902571708,0.025567515952122324,0.005632606838523485,0.0732592519685043,-0.0732592519685043
2006-04-10,0.0,-0.01386841910573717,-0.00018157504174515297,0.018173833358384996,0.005647328617557564,0.009771167828460237,-0.009771167828460237
2006-04-11,0.0,-0.01413462660859032,-0.001239887949594219,0.007902963916446213,0.005662415372343465,-0.0018091352693948614,0.0018091352693948614
2006-04-12,0.0,0.004027026363004165,-0.0018613643099285242,-0.0023737324570107356,0.005677846687956305,0.00546977628402121,-0.00546977628402121
2006-04-13,0.0,0.0018538586823109385,-0.0035051928024836688,-0.009025256237296045,0.005693136698091305,-0.00498345365937747,0.00498345365937747
2006-04-14,0.0,-0.001512613997796818,-0.003559016946888888,-0.0059477384791787324,0.005708077823923779,-0.005311291599940659,0.005311291599940659
2006-04-15,0.0,0.02503667146627463,-0.004976669818762663,0.004801124988219109,0.005723257117253097,0.030584383752984175,-0.030584383752984175
2006-04-16,0.0,-0.0334013191059812,-0.005091932597744625,0.010383464202574947,0.005737847808380985,-0.022371939692769897,0.022371939692769897
2006-04-17,0.0,0.019163142612845227,-0.005623788992340327,0.01264503187968653,0.005752827959863045,0.03193721346005447,-0.03193721346005447
2006-04-18,0.0,-0.011815154749989017,-0.006130804485331454,0.0032933634244881353,0.005768038893409698,-0.008884556917422634,0.008884556917422634
2006-04-19,0.0,0.01319559186199389,-0.005504138231588635,-0.003425759715620689,0.005783867126778661,0.010049561041563227,-0.010049561041563227
2006-04-20,0.0,-0.0008289706842090272,-0.006112916670882019,-0.009651993056903365,0.005799265164386298,-0.010794615247608112,0.010794615247608112
2006-04-21,0.0,-0.012498161537589038,-0.004958288292104849,-0.014069015717992538,0.005814723611206085,-0.02571074193648034,0.02571074193648034
2006-04-22,0.0,0.004117511352343883,-0.004972000175699218,-0.0081330008064513,0.005829908475111191,-0.0031575811546954444,0.0031575811546954444
2006-04-23,0.0,0.013748351443254899,-0.003971522722437814,0.00880503700151579,0.00584544560992415,0.024427311332257024,-0.024427311332257024
2006-04-24,0.0,-0.028991081305500183,-0.002927523259202075,0.015051415845713671,0.0058614585331835485,-0.01100573018580504,0.01100573018580504
2006-04-25,0.0,0.00770348540159454,-0.002449893335986511,0.014178993082196235,0.005877749414422305,0.025310334562226568,-0.025310334562226568
2006-04-26,0.0,0.02008962106817104,-0.0006320401249506463,0.009241596996706652,0.005894000622601695,0.03459317856252874,-0.03459317856252874
2006-04-27,0.0,-0.003537503129199956,-0.0003220700026737969,-0.00016005730878677752,0.00591005844643863,0.0018904280057780998,-0.0018904280057780998
2006-04-28,0.0,0.014857193251561492,0.0014627908607964786,-0.0029442294707316876,0.00592574827329723,0.01930150291492351,-0.01930150291492351
2006-04-29,0.0,-0.028755604882122716,0.0021178816807773983,-0.002932704288074484,0.005940789394581751,-0.02362963809483805,0.02362963809483805
2006-04-30,0.0,-0.015034120903872007,0.0031001778267725293,0.005358499161917984,0.005956236524228861,-0.0006192073909526315,0.0006192073909526315
2006-05-01,0.0,0.05099354321995023,0.004445636844231097,0.015776778291051455,0.00597230252317832,0.0771882608784111,-0.0771882608784111
2006-05-02,0.0,-0.02603575158518956,0.004525505973190215,0.013683832617421858,0.005987443233172298,-0.0018389697614051882,0.0018389697614051882
2006-05-03,0.0,-0.0025228452496564788,0.00593630094685033,-0.004323583826528993,0.006002602411797409,0.005092474282462268,-0.005092474282462268
2006-05-04,0.0,0.001723771092082358,0.005587679040491374,-0.01874074201265387,0.006017927810835222,-0.005411364069244915,0.005411364069244915
2006-05-05,0.0,0.0005073624788115484,0.006302430565567122,-0.027588232609430812,0.006032528156812546,-0.014745911408239594,0.014745911408239594
2006-05-06,0.0,-0.01189698710001142,0.006160313363032428,-0.02837528958034867,0.006047570158475251,-0.02806439315885241,0.02806439315885241
2006-05-07,0.0,0.009597795395710693,0.005685705422622119,-0.022830656980031578,0.006064099113204939,-0.0014830570484938273,0.0014830570484938273
2006-05-08,0.0,-0.009067080023003559,0.005905366740969241,-0.01672756844353857,0.006080615341384347,-0.013808666384188541,0.013808666384188541
2006-05-09,0.0,-0.0143734490802993,0.004537285410818289,-0.007048615807298401,0.006097034481895789,-0.010787744994883622,0.010787744994883622
2006-05-10,0.0,0.03874376710846338,0.004630259611599344,0.002526192516855649,0.006113544514716257,0.052013763751634634,-0.052013763751634634
2006-05-11,0.0,-0.022869398520341873,0.003070128281631883,0.0015913327144561362,0.006129854964400867,-0.012078082559852986,0.012078082559852986
2006-05-12,0.0,0.016153767689613355,0.002322787635788543,0.0018653209314678366,0.006146343154503658,0.026488219411373394,-0.026488219411373394
2006-05-13,0.0,-0.0372794388788474,0.0013246451655834304,0.006422990873477764,0.00616274967309302,-0.023369053166693188,0.023369053166693188
2006-05-14,0.0,0.0221617244965722,-0.0003046580868486446,0.012195570760755394,0.006179252214124325,0.04023188938460327,-0.04023188938460327
2006-05-15,0.0,0.018056054206289994,-0.0007579553274794452,0.012832480861613904,0.006195944242974769,0.03632652398339922,-0.03632652398339922
2006-05-16,0.0,-0.04025656813805176,-0.002729296729260593,0.009011030243127126,0.006212633790930118,-0.027762200833255108,0.027762200833255108
2006-05-17,0.0,0.04981990002838178,-0.003068643734693193,0.010802743955885362,0.0062297143190889375,0.06378371456866289,-0.06378371456866289
2006-05-18,0.0,-0.00916477123834081,-0.0044512772977764285,0.013616258048174554,0.006245550165312903,0.006245759677370219,-0.006245759677370219
2006-05-19,0.0,-0.01426517404715199,-0.005243114690542778,0.010110718769028915,0.006261874727381755,-0.003135695241284095,0.003135695241284095
2006-05-20,0.0,0.01296884947815304,-0.005534061258649628,0.006750317069828695,0.006278310657961411,0.02046341594729352,-0.02046341594729352
2006-05-21,0.0,-0.032270132180366416,-0.006641518483242221,0.00993211663911701,0.006294049782488451,-0.022685484242003177,0.022685484242003177
2006-05-22,0.0,0.03417777265464028,-0.006064639079474712,0.014045357833445767,0.0063098383637800156,0.04846832977239136,-0.04846832977239136
2006-05-23,0.0,0.0021289079721125395,-0.0068683981964839805,0.009464072597058837,0.0063248517848006735,0.01104943415748807,-0.01104943415748807
2006-05-24,0.0,-0.018277560132857976,-0.006188282692548079,0.00474931794872002,0.006339431326342115,-0.01337709355034392,0.01337709355034392
2006-05-25,0.0,0.01573071502344655,-0.005919675376425581,0.002786717093708653,0.0063545248255150715,0.01895228156624469,-0.01895228156624469
2006-05-26,0.0,-0.009428337965305175,-0.005501891893875498,0.001015214529213028,0.006369460325182251,-0.007545555004785393,0.007545555004785393
2006-05-27,0.0,-0.0003133539718670916,-0.004100445705239954,-0.005586734334130133,0.006384368060726742,-0.003616165950510438,0.003616165950510438
2006-05-28,0.0,-0.01110645533432249,-0.003938599806354406,-0.011154387713306702,0.006399309308176242,-0.019800133545807355,0.019800133545807355
2006-05-29,0.0,0.016345798849136135,-0.002005854690498551,-0.010064710067115122,0.006414591575961172,0.010689825667483633,-0.010689825667483633
2006-05-30,0.0,0.01228672369445883,-0.0014643663912539025,-0.010823535355292057,0.00642936673033534,0.006428188678248211,-0.006428188678248211
2006-05-31,0.0,-0.026908908376041617,5.7611323455095994e-05,-0.018547885372509378,0.006444293908624608,-0.03895488851647129,0.03895488851647129
2006-06-01,0.0,0.01774266846194115,0.0013938420108503598,-0.027050187697320822,0.006460948204011851,-0.0014527290205174617,0.0014527290205174617
2006-06-02,0.0,-0.014324304195009213,0.0021766639318910076,-0.023345994251841428,0.006477526434903064,-0.02901610808005657,0.02901610808005657
2006-06-03,0.0,-0.029919650319062966,0.004105020034873036,-0.015364416406398282,0.00649403309373022,-0.03468501359685799,0.03468501359685799
2006-06-04,0.0,0.0038311297969410036,0.004338055041370061,0.0021723187323534434,0.006510894250611919,0.016852397821276427,-0.016852397821276427
2006-06-05,0.0,0.05067467782034584,0.005931573415473386,0.011209827714924235,0.006527340673071941,0.0743434196238154,-0.0743434196238154
2006-06-06,0.0,0.0023916126886220357,0.006181105514894142,0.015157228536035128,0.00654350676082917,0.030273453500380472,-0.030273453500380472
2006-06-07,0.0,-0.053726310186315934,0.006730320356028314,0.00829231713042383,0.00656007032596467,-0.03214360237389911,0.03214360237389911
2006-06-08,0.0,0.025696666231140284,0.0073234982866241995,-0.0009954700058421636,0.00657672064002661,0.038601415151948926,-0.038601415151948926
2006-06-09,0.0,-0.007821693706876099,0.006621850587433585,-0.010757060468058383,0.006592519995160846,-0.005364383592340051,0.005364383592340051
2006-06-10,0.0,0.0058653908665826,0.007225995315856373,-0.007498020818639527,0.006608373195311559,0.012201738559111006,-0.012201738559111006
2006-06-11,0.0,0.013614763636204131,0.005965555918318564,0.005384436469071983,0.006623681445770124,0.0315884374693648,-0.0315884374693648
2006-06-12,0.0,-0.00288874805710057,0.0058147443095583895,0.016279886299789204,0.006638846637773849,0.02584472919002087,-0.02584472919002087
2006-06-13,0.0,0.006711925614623607,0.004673549551924339,0.018917863425836186,0.006654422073197843,0.03695776066558197,-0.03695776066558197
2006-06-14,0.0,-0.008185075608790223,0.0034159389982490475,0.013006824573001608,0.006670611893499163,0.014908299855959595,-0.014908299855959595
2006-06-15,0.0,-0.03043646368317814,0.0027817267114269555,0.009133568760331695,0.006686912709770949,-0.01183425550164854,0.01183425550164854
2006-06-16,0.0,0.005398574866663255,0.0006818299202826516,0.0023982507552262264,0.006703076170519806,0.015181731712691937,-0.015181731712691937
2006-06-17,0.0,0.05204556434483776,0.00011677783824978524,-0.002762092318411087,0.006718731030790542,0.056118980895467,-0.056118980895467
2006-06-18,0.0,-0.013642792243049531,-0.001957768247451086,-0.0033236847138677335,0.006733409781721061,-0.01219083542264729,0.01219083542264729
2006-06-19,0.0,0.004192269949043005,-0.002900719465731936,0.0003181279789502135,0.006749211780404549,0.008358890242665831,-0.008358890242665831
2006-06-20,0.0,-0.0194460151922971,-0.004070785996446554,-0.0034177442872568966,0.006765449861675735,-0.020169095614324815,0.020169095614324815
2006-06-21,0.0,-0.012545331010555457,-0.005580029434432218,-0.011953971805437126,0.0067817406437032665,-0.023297591606721534,0.023297591606721534
2006-06-22,0.0,-0.005906682690714217,-0.005773343569725013,-0.015546642490943804,0.006798160508711956,-0.02042850824267108,0.02042850824267108
2006-06-23,0.0,0.028856548923657948,-0.007228177575477918,-0.007954646266672118,0.006815060106917161,0.020488785188425073,-0.020488785188425073
2006-06-24,0.0,-0.002671143856526725,-0.006981059074744585,0.0006509879108677389,0.006831253553438304,-0.0021699614669652674,0.0021699614669652674
2006-06-25,0.0,-0.006846665033223515,-0.007698666012576452,0.01108044400281879,0.006847372169768901,0.0033824851267877255,-0.0033824851267877255
2006-06-26,0.0,0.0009695919649791919,-0.00757294524455316,0.020442845378328797,0.006864197444947731,0.02070368954370256,-0.02070368954370256
2006-06-27,0.0,-0.013017507500838672,-0.006919693942838964,0.02781366336709232,0.006880580306553463,0.014757042229968147,-0.014757042229968147
2006-06-28,0.0,-0.01932434868587348,-0.006971160111737124,0.023723002080776285,0.0068967819004951015,0.004324275183660782,-0.004324275183660782
2006-06-29,0.0,0.0527316733378127,-0.005375754113780353,0.0095275398536615,0.006912956355880397,0.06379641543357424,-0.06379641543357424
2006-06-30,0.0,0.019034524948404408,-0.0051599624038596815,-0.005582812212474633,0.006928571967622174,0.015220322299692265,-0.015220322299692265
2006-07-01,0.0,-0.03293371150647651,-0.003420081874990688,-0.013743958594234289,0.006943709434578535,-0.043154042541122956,0.043154042541122956
2006-07-02,0.0,-0.011849469545507864,-0.002331383410559542,-0.016116852849585195,0.006959545315127115,-0.023338160490525485,0.023338160490525485
2006-07-03,0.0,-0.01150099268613406,-0.001148315879223146,-0.01601173604585785,0.006975843082066446,-0.02168520152914861,0.02168520152914861
2006-07-04,0.0,0.006322689753291437,0.0008130281096048303,-0.017761603772297994,0.006992172882595402,-0.003633713026806324,0.003633713026806324
2006-07-05,0.0,-0.022583025599763308,0.0015223556437307894,-0.017979321264049403,0.0070088773348848075,-0.03203111388519711,0.03203111388519711
2006-07-06,0.0,0.042188117272326346,0.0037668159058965537,-0.01988063251693226,0.007025988325360321,0.03310028898665096,-0.03310028898665096
2006-07-07,0.0,0.01092532239593829,0.004355594658050122,-0.023570138488599256,0.007042333327376917,-0.0012468881072339264,0.0012468881072339264
2006-07-08,0.0,-0.028372836783286035,0.0058595408284023865,-0.01979968600954297,0.007059397476639266,-0.03525358448778736,0.03525358448778736
2006-07-09,0.0,-0.05122830439718776,0.006873759182530903,-0.0009593407486393091,0.007076581680009859,-0.038237304283286304,0.038237304283286304
2006-07-10,0.0,0.050028956972112834,0.007194822838806649,0.017270878476047136,0.007093923590727996,0.08158858187769462,-0.08158858187769462
2006-07-11,0.0,0.006678891833887898,0.008327602060566229,0.01567944355563828,0.007111730593786216,0.03779766804387862,-0.03779766804387862
2006-07-12,0.0,-0.006178233421139835,0.007670798135297793,0.004109323676719966,0.007129272105839504,0.01273116049671743,-0.01273116049671743
2006-07-13,0.0,0.024393596657006335,0.008301781218304705,-0.007178468607304521,0.007146395743016473,0.032663305011023,-0.032663305011023
2006-07-14,0.0,-0.010093681658503335,0.00744163348182078,-0.010234759608272153,0.0071638035307011174,-0.0057230042542535916,0.0057230042542535916
2006-07-15,0.0,0.004631864535006957,0.0068979080771821525,-0.00803226596884752,0.007181823037240406,0.010679329680581995,-0.010679329680581995
2006-07-16,0.0,-0.0430307703340924,0.006288834096802619,0.00909679535296957,0.007199619041531949,-0.020445521842788264,0.020445521842788264
2006-07-17,0.0,-0.08306535943556387,0.004585895570871155,0.0374006360338962,0.007217646874722348,-0.03386118095607417,0.03386118095607417
2006-07-18,1.0,0.21164021365023558,0.004146651771167083,0.06547065003818173,0.007235868939378269,0.28849338439896266,0.7115066156010373
2006-07-19,0.0,-0.06148413099782274,0.0017899076348823742,0.04168881240623522,0.007234461452603933,-0.010770949504101212,0.010770949504101212
2006-07-20,0.0,-0.028104212068116523,0.0007671689694063896,0.016956270348665183,0.007233203855636056,-0.003147568894408894,0.003147568894408894
2006-07-21,0.0,-0.00971952062099681,-0.0011092084213738462,-0.005907417422134468,0.007232417083989588,-0.009503729380515535,0.009503729380515535
2006-07-22,0.0,0.0039676911203722545,-0.002776660472987964,-0.016901146411857918,0.00723141832051767,-0.008478697443955957,0.008478697443955957
2006-07-23,0.0,0.004124507095537806,-0.003785579288552041,-0.021425166137511803,0.007230025381911256,-0.01385621294861478,0.01385621294861478
2006-07-24,0.0,-0.005082052498748542,-0.0058441804532938044,-0.0171158071638377,0.007228787640855935,-0.02081325247502411,0.02081325247502411
2006-07-25,0.0,0.008552206869864394,-0.006165582554957775,-0.005786756692979738,0.007227744982377831,0.0038276126043047115,-0.0038276126043047115
2006-07-26,0.0,0.029711955938538988,-0.007737672677929835,0.001252679316011088,0.007226304060887125,0.030453266637507366,-0.030453266637507366
2006-07-27,0.0,-0.04853153496806512,-0.008015336919754977,-0.009026209276529718,0.007225106388685393,-0.058347974775664425,0.058347974775664425
2006-07-28,0.0,-0.010291546627272458,-0.008408112316702736,-0.022918942969090226,0.007224557607736788,-0.03439404430532863,0.03439404430532863
2006-07-29,0.0,-0.0017222440438931564,-0.008790591315732923,-0.019424962748947117,0.007223929330789084,-0.02271386877778411,0.02271386877778411
2006-07-30,0.0,0.007225556076165429,-0.007828637515261493,-0.012302461292592378,0.007224077603362631,-0.00568146512832581,0.00568146512832581
2006-07-31,0.0,0.03262457742432814,-0.008008805956200685,0.001711864321523091,0.007224279400044725,0.03355191518969527,-0.03355191518969527
2006-08-01,0.0,-0.004126553855510584,-0.006479015505682887,0.007775017046091313,0.007223663781569702,0.004393111466467543,-0.004393111466467543
2006-08-02,0.0,0.0022697284035792997,-0.005833862910485381,0.014420724655054028,0.007223651811676768,0.018080241959824713,-0.018080241959824713
2006-08-03,0.0,-0.036321908327274895,-0.004357729988832205,0.002069925953682095,0.007223516391830571,-0.031386195970594444,0.031386195970594444
2006-08-04,0.0,0.0022991422275847146,-0.0026522560221606843,-0.01300538279625708,0.007223568365070749,-0.006134928225762301,0.006134928225762301
2006-08-05,0.0,0.009423222112843226,-0.001666540846762663,-0.028267197447992193,0.007223618073830355,-0.013286898108081275,0.013286898108081275
2006-08-06,0.0,-0.0022158718706032673,0.0007487148024212603,-0.029277875862300868,0.007224235496992522,-0.023520797433490354,0.023520797433490354
2006-08-07,0.0,0.002342498391460506,0.0016489228184596533,-0.007821625251983728,0.007224808485827553,0.0033946044437639846,-0.0033946044437639846
2006-08-08,0.0,0.002524870851816534,0.003805994862726805,0.015532836854244584,0.007225331209117408,0.029089033777905334,-0.029089033777905334
2006-08-09,0.0,0.0053407185808072525,0.004982918063980221,0.025769566359967373,0.007226014962263801,0.043319217967018646,-0.043319217967018646
2006-08-10,0.0,-0.019998176132939638,0.006180715466194837,0.032368471000559555,0.007226557229574959,0.02577756756338971,-0.02577756756338971
2006-08-11,0.0,-0.015957375519072066,0.0077246540334888775,0.024236177543263644,0.007227217021810891,0.023230673079491348,-0.023230673079491348
2006-08-12,0.0,0.04883182867141066,0.0078242087107895,0.01160255973158313,0.007227703348479941,0.07548630046226322,-0.07548630046226322
2006-08-13,0.0,0.02759655937366059,0.008999316727669909,-0.0013880885979420604,0.007226967010912634,0.04243475451430107,-0.04243475451430107
2006-08-14,0.0,-0.040430251494403636,0.008459644142118042,-0.00811387195733058,0.007225659939154702,-0.03285881937046147,0.03285881937046147
2006-08-15,0.0,0.01350445900581293,0.00870080057012024,-0.002120602165115441,0.0072252077735094206,0.02730986518432715,-0.02730986518432715
2006-08-16,0.0,-0.02543501574006264,0.00819319798103893,-0.004701654924292705,0.007224698895056072,-0.014718773788260343,0.014718773788260343
2006-08-17,0.0,-0.018987952329975914,0.0070786670379406336,-0.013080025112313933,0.007224139179809703,-0.01776517122453951,0.01776517122453951
2006-08-18,0.0,0.030913310731113395,0.006690936227325616,-0.013121406713003122,0.007224666416401364,0.03170750666183725,-0.03170750666183725
2006-08-19,0.0,0.016410764633158645,0.004730285316412237,-0.0074822731744193715,0.007225084233722622,0.02088386100887413,-0.02088386100887413
2006-08-20,0.0,0.002377729705212478,0.003962311161802787,0.0037792628625231096,0.007225044077464699,0.01734434780700307,-0.01734434780700307
2006-08-21,0.0,-0.0227842387849616,0.0018290331404813252,0.014434925707405451,0.007225112866866623,0.000704832929791799,-0.000704832929791799
2006-08-22,0.0,-0.01441709733202928,0.000295287065733913,0.018427626788898123,0.00722553750571529,0.011531354028318046,-0.011531354028318046
2006-08-23,0.0,0.030023698958849324,-0.0011765697332443087,0.021976737139918167,0.007226449549192368,0.05805031591471555,-0.05805031591471555
2006-08-24,0.0,-0.018820019301393633,-0.0033250487486477303,0.00634564008088421,0.007226937570697654,-0.0085724903984595,0.0085724903984595
2006-08-25,0.0,0.027375979770521686,-0.004167365739078459,-0.012077649233094153,0.0072271702123072375,0.01835813501065631,-0.01835813501065631
2006-08-26,0.0,0.008005128697327326,-0.006305597548270609,-0.016591707271568404,0.007226650632554138,-0.007665525489957549,0.007665525489957549
2006-08-27,0.0,-0.018286329358997582,-0.006860576466781038,-0.010993298934863976,0.007226753449091733,-0.028913451311550868,0.028913451311550868
2006-08-28,0.0,-0.03347434026597693,-0.00805441556053207,0.0016770303513884705,0.007227346663511992,-0.03262437881160854,0.03262437881160854
2006-08-29,0.0,0.011526286562398007,-0.008765660477990503,0.013400668389276605,0.007227859035567121,0.02338915350925123,-0.02338915350925123
2006-08-30,0.0,-0.010011837981576385,-0.00872285609692216,0.009104334895531137,0.007228522348592387,-0.0024018368343750197,0.0024018368343750197
2006-08-31,0.0,0.03621628773117324,-0.00929313055753133,0.007915713504350701,0.007229598375401148,0.04206846905339376,-0.04206846905339376
2006-09-01,0.0,-0.00888135730514138,-0.008256859232102532,-0.004698221566671257,0.007238951451979878,-0.014597486651935294,0.014597486651935294
2006-09-02,0.0,0.021603584062639774,-0.008244768511098826,-0.011817820212729924,0.007248015057852015,0.008789010396663039,-0.008789010396663039
2006-09-03,0.0,-0.018791029784608955,-0.006932532816542103,-0.020401939432430367,0.007256928052416854,-0.03886857398116458,0.03886857398116458
2006-09-04,0.0,-0.0440980056861308,-0.005758153345376041,-0.011992390365382959,0.007266104400113445,-0.05458244499677636,0.05458244499677636
2006-09-05,0.0,0.026140891588331338,-0.004590683390579282,-0.0052207557904189635,0.007275625640127435,0.023605078047460527,-0.023605078047460527
2006-09-06,0.0,0.007401139637016562,-0.00247426536145684,-0.011916008631636232,0.0072855711733904845,0.00029643681731397493,-0.00029643681731397493
2006-09-07,0.0,0.0034166122694052406,-0.0015031528235387392,-0.023364725828425463,0.007294862721542805,-0.014156403661016156,0.014156403661016156
2006-09-08,0.0,-0.0045118242391711805,0.0008612086919027471,-0.02927412880515512,0.007304623215183615,-0.025620121137239937,0.025620121137239937
2006-09-09,0.0,-0.014908274054111445,0.0021285350609756477,-0.026192240450097926,0.007315027291115675,-0.03165695215211805,0.03165695215211805
2006-09-10,0.0,0.020445706691694338,0.0039051844545164457,-0.012696599979545996,0.007325351150522837,0.018979642317187625,-0.018979642317187625
2006-09-11,0.0,-0.05088022900667325,0.005560022257061359,0.009004076569325692,0.007335739578544538,-0.028980390601741665,0.028980390601741665
2006-09-12,0.0,-0.059333253670664596,0.006443554884580796,0.039503146555938784,0.007346384563990587,-0.00604016766615443,0.00604016766615443
2006-09-13,1.0,0.22279257748445785,0.008198970894800798,0.07154266083473769,0.007356782645855087,0.3098909918598514,0.6901090081401486
2006-09-14,0.0,-0.08594633716770848,0.00817303861058108,0.048269956805489476,0.007347127991361102,-0.022156213760276825,0.022156213760276825
2006-09-15,0.0,-0.03901058374292074,0.009064965242281495,0.02336031346178851,0.007337555072762836,0.0007522500339121009,-0.0007522500339121009
2006-09-16,0.0,0.0111572455804966,0.008858790312406703,0.0015771237173551277,0.007328033469424865,0.028921193079683293,-0.028921193079683293
2006-09-17,0.0,-0.017959791353543034,0.008587569492478877,-0.01004383697627078,0.0073182227132502315,-0.012097836124084705,0.012097836124084705
2006-09-18,0.0,0.0362992393455352,0.008386982176994358,-0.012663690967796959,0.007308597577782896,0.0393311281325155,-0.0393311281325155
2006-09-19,0.0,-0.02295697632248421,0.006981321001906023,-0.007825605205235113,0.0072985099610344255,-0.016502750564778873,0.016502750564778873
2006-09-20,0.0,-0.0035235441315039293,0.006562002201036692,0.004581659419083254,0.007289031333277054,0.014909148821893072,-0.014909148821893072
2006-09-21,0.0,0.06621379980738562,0.0047202714178287124,0.013789885985747609,0.007279584088656026,0.09200354129961796,-0.09200354129961796
2006-09-22,0.0,-0.056658282306018874,0.0035991765593207025,-0.0016856328944076949,0.007269920216978564,-0.0474748184241273,0.0474748184241273
2006-09-23,0.0,-0.032067885568674,0.0019210948022413054,-0.015834705828664447,0.007260728194624061,-0.03872076840047308,0.03872076840047308
2006-09-24,0.0,0.004312603969086179,5.217558519755462e-05,-0.017499288962763287,0.0072515588793362305,-0.005882950529143324,0.005882950529143324
2006-09-25,0.0,0.06200915783419754,-0.0010332780825649578,-0.011387635446071975,0.007243124358006278,0.05683136866356689,-0.05683136866356689
2006-09-26,0.0,-0.014153872926949994,-0.0032449710861782322,-0.007655682377395201,0.0072336324698989846,-0.017820893920624442,0.017820893920624442
2006-09-27,0.0,-0.013292892119651569,-0.004134574639173126,-0.009932730273465237,0.007224244810644908,-0.02013595222164502,0.02013595222164502
2006-09-28,0.0,-0.00790630942089756,-0.005834975366636,-0.009797713929395714,0.007215603872638003,-0.016323394844291274,0.016323394844291274
2006-09-29,0.0,-0.011626356911488292,-0.006695576467021961,-0.013863635983114787,0.007206968191743474,-0.024978601169881567,0.024978601169881567
2006-09-30,0.0,-0.01812772542465579,-0.0073918072864419294,-0.017800326017554977,0.007198891475567048,-0.03612096725308565,0.03612096725308565
2006-10-01,0.0,0.012564029187030451,-0.008340429992226912,-0.016348609768595868,0.007190715994359514,-0.004934294579432814,0.004934294579432814
2006-10-02,0.0,0.02166832356913072,-0.008031136486118999,-0.0040173323162213765,0.007183082289167325,0.016802937055957673,-0.016802937055957673
2006-10-03,0.0,-0.0015471909159691887,-0.00856734937403747,0.014309614263535506,0.007175402962452454,0.011370476935981302,-0.011370476935981302
2006-10-04,0.0,0.003254710603909314,-0.007757635347400859,0.02534744874889623,0.007167910643106956,0.028012434648511643,-0.028012434648511643
2006-10-05,0.0,-0.016621484431008623,-0.007433356885648227,0.018691682732112545,0.007159750089757041,0.0017965915052127355,-0.0017965915052127355
2006-10-06,0.0,-0.0048838551775938314,-0.006571353219774343,0.013004694196326869,0.007151089795754048,0.008700575594712743,-0.008700575594712743
2006-10-07,0.0,-0.0036405585045854918,-0.005152634853962616,0.00460322901689646,0.0071431119724652175,0.0029531476308135704,-0.0029531476308135704
2006-10-08,0.0,0.044320099468750984,-0.004334005361298284,-0.0025744189808414985,0.007135197129294656,0.04454687225590585,-0.04454687225590585
2006-10-09,0.0,-0.011771438106053578,-0.0024437181603884483,-0.008950746792586504,0.007126343353494164,-0.016039559705534365,0.016039559705534365
2006-10-10,0.0,-0.024496642734685683,-0.0014526749713561766,-0.008641193945413248,0.007117826246153539,-0.02747268540530157,0.02747268540530157
2006-10-11,0.0,-0.004225260582265283,0.0003814603421033112,0.0002132605211102749,0.007109456760385079,0.0034789170413333822,-0.0034789170413333822
2006-10-12,0.0,-0.011100872537199226,0.0018102216414923275,0.002181877913983661,0.007100769154700673,-8.003827022564497e-06,8.003827022564497e-06
2006-10-13,0.0,-0.004137740508796958,0.0030182297957938296,-0.0030353474555309947,0.007092862152835426,0.0029380039843013026,-0.0029380039843013026
2006-10-14,0.0,0.04532104845922702,0.004772894073813323,-0.002065262345357057,0.007086288758085466,0.055114968945768755,-0.055114968945768755
2006-10-15,0.0,0.007996979002419802,0.005399722223635764,0.0031268838668432036,0.007078565589206975,0.023602150682105742,-0.023602150682105742
2006-10-16,0.0,-0.011907894158615808,0.006819817056891374,0.011069085048381794,0.007070344344022277,0.013051352290679637,-0.013051352290679637
2006-10-17,0.0,-0.02571316466895227,0.007093516475344565,0.014740340819859353,0.007062429190604032,0.0031831218168556835,-0.0031831218168556835
2006-10-18,0.0,0.0061226960866075115,0.00762692550535529,0.017446952513734057,0.007054873792397066,0.03825144789809393,-0.03825144789809393
2006-10-19,0.0,0.007853305605170587,0.007895452734779105,0.011990018482804836,0.007047483070605967,0.0347862598933605,-0.0347862598933605
2006-10-20,0.0,0.014212991212709733,0.007435303636883189,-0.0024361396600364464,0.007040106960217163,0.02625226214977364,-0.02625226214977364
2006-10-21,0.0,-0.010842491029395726,0.0074772518708580375,-0.022593955083485457,0.007032444878294763,-0.018926749363728384,0.018926749363728384
2006-10-22,0.0,0.004742317982857495,0.006292855713189101,-0.025713601792085514,0.007024915250779227,-0.007653512845259692,0.007653512845259692
2006-10-23,0.0,0.00832072336816297,0.005846705157618252,-0.016067827987552463,0.007017728102807933,0.00511732864103669,-0.00511732864103669
2006-10-24,0.0,-0.047077774414224796,0.004564429021382462,-0.0005479207371993249,0.007010206061616942,-0.03605106006842472,0.03605106006842472
2006-10-25,0.0,-0.0022163565129158314,0.003302465457105213,0.015631592156955285,0.007002957366820259,0.023720658467964926,-0.023720658467964926
2006-10-26,0.0,0.04613857000208158,0.0022292878470830226,0.0198697085457382,0.0069965695020783565,0.07523413589698116,-0.07523413589698116
2006-10-27,0.0,0.029785552186808492,0.0004340487941517482,0.016976044406658997,0.006989348401119295,0.054184993788738534,-0.054184993788738534
2006-10-28,0.0,-0.03790146177315833,-0.0005192118952313557,0.0026278022836551027,0.006981976995723793,-0.02881089438901079,0.02881089438901079
2006-10-29,0.0,-0.01806995482877816,-0.0023482595807205993,-0.007531570593954037,0.00697465058109391,-0.020975134422358883,0.020975134422358883
2006-10-30,0.0,0.022558069031036056,-0.0033977394383341844,-0.014012522522028848,0.006967218234137849,0.01211502530481087,-0.01211502530481087
2006-10-31,0.0,-0.027719695848046132,-0.004602318258520975,-0.007746350096894403,0.006959432576276668,-0.03310893162718484,0.03310893162718484
2006-11-01,0.0,0.008920807984617118,-0.005714681384043052,-0.002467282680323521,0.006952539614960361,0.007691383535210906,-0.007691383535210906
2006-11-02,0.0,0.022533065526339692,-0.006136069112363316,-0.004423749604430457,0.006946042638985769,0.01891928944853169,-0.01891928944853169
2006-11-03,0.0,-0.013143732322922652,-0.007153453236185527,-0.011963297534635896,0.006938581700095385,-0.02532190139364869,0.02532190139364869
2006-11-04,0.0,-0.0006274010077617362,-0.00701296045745736,-0.01344212021471606,0.0069314887547371334,-0.014150992925198023,0.014150992925198023
2006-11-05,0.0,-0.01234349088078388,-0.00737354554693631,-0.012036127189691876,0.006924555862426527,-0.024828607754985542,0.024828607754985542
2006-11-06,0.0,0.003013397814578618,-0.0070501574899990375,-0.008761256514240395,0.006917507361000163,-0.005880508828660653,0.005880508828660653
2006-11-07,0.0,-0.007797659221832318,-0.006528869623649371,-0.004477254664805326,0.006910854286003593,-0.011892929224283422,0.011892929224283422
2006-11-08,0.0,0.00854723905434047,-0.006054588264105753,0.005551210188706145,0.006904348357080078,0.01494820933602094,-0.01494820933602094
2006-11-09,0.0,0.0355777781369582,-0.004760194416140506,0.014432211237203209,0.006897688757490201,0.0521474837155111,-0.0521474837155111
2006-11-10,0.0,-0.032732697381673885,-0.004115153473280413,0.010582741227916493,0.006890262925237939,-0.019374846701799866,0.019374846701799866
2006-11-11,0.0,-0.00044198847345525215,-0.0026216519639777336,0.0034692355899251346,0.006882641093133751,0.0072882362456259,-0.0072882362456259
2006-11-12,0.0,-0.013955792933611768,-0.001530421954799739,0.005149521098702892,0.006874359968220513,-0.0034623338214881004,0.0034623338214881004
2006-11-13,0.0,-0.0004673748969787749,-0.00021055579573159514,0.00896339648775416,0.006866181022784365,0.015151646817828155,-0.015151646817828155
2006-11-14,0.0,0.036084422182068296,0.0012998900124997761,0.007818716940234078,0.006858424945927989,0.05206145408073014,-0.05206145408073014
2006-11-15,0.0,-0.024062477640373312,0.0022172253719361552,0.010178229839335801,0.006850211638221867,-0.004816810790879489,0.004816810790879489
2006-11-16,0.0,0.008398873859118108,0.0037533683119574095,0.0142046532145042,0.006841970088449359,0.03319886547402908,-0.03319886547402908
2006-11-17,0.0,0.03670538609092857,0.004482069608336334,0.017285370623918717,0.006833489016501675,0.0653063153396853,-0.0653063153396853
2006-11-18,0.0,-0.05426440563117669,0.0055227373534515335,0.011435686352872088,0.0068246893653667595,-0.03048129255948631,0.03048129255948631
2006-11-19,0.0,0.02078375559582264,0.006135468536648574,0.0058073966145723,0.006816198238981186,0.0395428189860247,-0.0395428189860247
2006-11-20,0.0,-0.007325539757791058,0.006445795139701459,0.0016951807533996093,0.006807087918056864,0.007622524053366875,-0.007622524053366875
2006-11-21,0.0,0.03203368763896555,0.00696258215530932,0.0014147183756967763,0.006798150330766271,0.04720913850073792,-0.04720913850073792
2006-11-22,0.0,-0.016690833604173012,0.00655041931917261,-0.01097746609541412,0.006788734039760692,-0.014329146340653829,0.014329146340653829
2006-11-23,0.0,-0.017845892445288215,0.0065921449428616285,-0.0213218990244606,0.0067794622470160396,-0.025796184279871147,0.025796184279871147
2006-11-24,0.0,0.0013878071302620392,0.005863259651498699,-0.02591728582607874,0.006770400156245835,-0.011895818888072163,0.011895818888072163
2006-11-25,0.0,-0.002483068003135935,0.005292682291580099,-0.028169058018261466,0.006761289928946694,-0.018598153800870605,0.018598153800870605
2006-11-26,0.0,0.008387624799772843,0.00453576288991411,-0.023010827655325784,0.006754143675599084,-0.003333296290039747,0.003333296290039747
2006-11-27,0.0,-0.003892891432774011,0.0033165386337976888,-0.01712743702942475,0.006746509956756642,-0.010957279871644429,0.010957279871644429
2006-11-28,0.0,0.0008031316878112406,0.0025165962278456723,-0.0029240168145060054,0.006738688077078696,0.007134399178229604,-0.007134399178229604
2006-11-29,0.0,-0.004675593465289256,0.0010286117226823875,0.014217779271100458,0.00673104397117709,0.017301841499670678,-0.017301841499670678
2006-11-30,0.0,0.006718751416733918,4.788992151640778e-05,0.017060644340002713,0.006723110026725324,0.030550395704978365,-0.030550395704978365
2006-12-01,0.0,0.010854121311844302,-0.0013363506789982843,0.010559592819588251,0.006714637159607974,0.026792000612042243,-0.026792000612042243
2006-12-02,0.0,-0.030399214864665392,-0.002517806778417589,0.0035501964410334596,0.0067059902090124595,-0.022660834993037064,0.022660834993037064
2006-12-03,0.0,0.020158863385228588,-0.0033809813440346796,0.0034520969359111615,0.006697823385163663,0.026927802362268733,-0.026927802362268733
2006-12-04,0.0,0.0011929558222534182,-0.004592786693952073,0.004128630393556974,0.006689165742099152,0.007417965263957471,-0.007417965263957471
2006-12-05,0.0,-0.0022827176977086618,-0.005101322193597723,0.00659759551753554,0.006679998738954295,0.00589355436518345,-0.00589355436518345
2006-12-06,0.0,0.006980752271117233,-0.0059616804375846755,0.008293080349466166,0.0066707176159258,0.015982869798924524,-0.015982869798924524
2006-12-07,0.0,-0.015455973683738789,-0.006182997212093645,0.011612971948425357,0.0066615552275032285,-0.0033644437199038474,0.0033644437199038474
2006-12-08,0.0,0.006211131261569884,-0.006381857442707636,0.006736170536966318,0.006652474228958446,0.013217918584787013,-0.013217918584787013
2006-12-09,0.0,0.01602883123462393,-0.006444579540460894,-0.005510337981241661,0.006643311054127748,0.010717224767049125,-0.010717224767049125
2006-12-10,0.0,-0.014630360524367463,-0.005956770607782935,-0.009918165637565191,0.006634412029935414,-0.023870884739780173,0.023870884739780173
2006-12-11,0.0,0.002054282379122617,-0.0057172824751069076,-0.004836554131395737,0.006625672944762887,-0.0018738812826171406,0.0018738812826171406
2006-12-12,0.0,0.0020909783857177133,-0.004777069552381136,0.0003504590975168273,0.006616945819320933,0.004281313750174338,-0.004281313750174338
2006-12-13,0.0,-0.015277144855753646,-0.004144699357753075,0.0013132029629328748,0.006607973803572704,-0.01150066744700114,0.01150066744700114
2006-12-14,0.0,0.030104118267679753,-0.003082132249105078,0.0060638121180488684,0.0065990681321212805,0.039684866268744824,-0.039684866268744824
2006-12-15,0.0,-0.04153625628893344,-0.0019185822019338295,0.0023550834716520703,0.006590281071443703,-0.0345094739477715,0.0345094739477715
2006-12-16,0.0,0.02665012168813444,-0.0009032329516482876,0.0008332080246491646,0.006582086950349474,0.033162183711484786,-0.033162183711484786
2006-12-17,0.0,0.001823296134771124,0.0004517141566625978,-0.005970827830766097,0.006574144796311247,0.0028783272569788713,-0.0028783272569788713
2006-12-18,0.0,-0.012258333414831051,0.0013630083303120591,-0.008499832461645512,0.006565998539885154,-0.012829159006279352,0.012829159006279352
2006-12-19,0.0,0.02706732642492858,0.0026159470629207784,-0.00253379310753026,0.006557207203644666,0.033706687583963765,-0.033706687583963765
2006-12-20,0.0,-0.029345491205985244,0.0035160079065111958,-0.000110516818873771,0.0065481413974008435,-0.01939185872094698,0.01939185872094698
2006-12-21,0.0,-0.0054952329959103725,0.004339260086218706,0.0007009975421228428,0.0065396742218988575,0.006084698854330033,-0.006084698854330033
2006-12-22,0.0,0.04631803625537906,0.005197480993260029,0.006475172817065178,0.00653217258948115,0.06452286265518542,-0.06452286265518542
2006-12-23,0.0,-0.04002816787759557,0.005536926775633133,0.007550857466173561,0.006523541464478601,-0.020416842171310276,0.020416842171310276
2006-12-24,0.0,-0.006041522859169372,0.006071528311953283,0.008697059841678251,0.006515017014528478,0.01524208230899064,-0.01524208230899064
2006-12-25,0.0,0.028936489539654407,0.005983393737464223,0.00519380968944854,0.006506265445006737,0.04661995841157391,-0.04661995841157391
2006-12-26,0.0,-0.008532813007035513,0.005932795140213881,-0.002217901782212775,0.006497150076812422,0.0016792304277780147,-0.0016792304277780147
2006-12-27,0.0,-0.022244505391438858,0.005640474639125004,-0.0064623703444655605,0.006488861320804669,-0.01657753977597475,0.01657753977597475
2006-12-28,0.0,0.029505994644137154,0.005065481300770059,-0.008002850501616695,0.006481091085759257,0.033049716529049776,-0.033049716529049776
2006-12-29,0.0,-0.015759389895896838,0.004543740842920144,-0.014211838945345712,0.006473092937874154,-0.018954395060448253,0.018954395060448253
2006-12-30,0.0,-0.0035745842628824324,0.0035246421991084976,-0.012562059919215177,0.006465160100453629,-0.006146841882535482,0.006146841882535482
2006-12-31,0.0,0.02730954577657998,0.002775364488281291,-0.0045004934118225304,0.006457781766819509,0.03204219861985825,-0.03204219861985825
2007-01-01,0.0,-0.0327046319679056,0.0016327065859287138,7.930699036695789e-05,0.006450394339972396,-0.024542224051637536,0.024542224051637536
2007-01-02,0.0,0.011027039694205015,0.0005720560280192665,0.003726962782295244,0.00644330019474695,0.021769358699266477,-0.021769358699266477
2007-01-03,0.0,0.0019185923227341836,-0.0004724522953577316,0.0003512122655139546,0.006436600659016349,0.008233952951906756,-0.008233952951906756
2007-01-04,0.0,-0.012522454949202793,-0.0016471984858406016,0.0016176913270972242,0.006429869716295132,-0.006122092391651039,0.006122092391651039
2007-01-05,0.0,0.013474100299965484,-0.00249209298417692,-0.0008852978389785253,0.006423449916089944,0.016520159392899983,-0.016520159392899983
2007-01-06,0.0,-0.004742459881797308,-0.003560576863604706,-0.003583832160370404,0.006416811233815149,-0.005470057671957268,0.005470057671957268
2007-01-07,0.0,-0.004762901213776113,-0.004262548203505863,-0.0022151029566755327,0.006409989079048828,-0.00483056329490868,0.00483056329490868
2007-01-08,0.0,0.018610233995808797,-0.004908815260641918,0.008813875973168834,0.006403323066226603,0.028918617774562318,-0.028918617774562318
2007-01-09,0.0,-0.008563483845203291,-0.005372972249164283,0.011812203444479948,0.006396544722925072,0.0042722920730374455,-0.0042722920730374455
2007-01-10,0.0,-0.0007589519634067963,-0.005546344184638015,0.00810240453710421,0.0063896423945688785,0.008186750783628278,-0.008186750783628278
2007-01-11,0.0,-0.010647996108607775,-0.005778292767970025,0.002671753054252363,0.006382084847321773,-0.0073724509750036655,0.0073724509750036655
2007-01-12,0.0,0.014094320326202416,-0.005526975388429186,-0.0005711428095581607,0.006374680390926506,0.014370882519141575,-0.014370882519141575
2007-01-13,0.0,0.005441877917257588,-0.005326977088738981,-0.001248105201795349,0.006366680795539542,0.0052334764222628,-0.0052334764222628
2007-01-14,0.0,-0.015426586988792033,-0.004810280126282663,0.0010241976662112237,0.006358998111432626,-0.01285367133743085,0.01285367133743085
2007-01-15,0.0,-0.0003014252243327754,-0.004158789967245459,0.007973931292130053,0.006351722622033303,0.009865438722585121,-0.009865438722585121
2007-01-16,0.0,0.0008935798693590655,-0.0033967385662460837,0.01865106218925598,0.006343975133062299,0.02249187862543126,-0.02249187862543126
2007-01-17,0.0,0.004848403516137444,-0.0023897813419059997,0.020483986687906384,0.006336382863455263,0.029278991725593093,-0.029278991725593093
2007-01-18,0.0,0.0042406280336489376,-0.0015130244167730024,0.009465934864555587,0.006328548567147113,0.018522087048578637,-0.018522087048578637
2007-01-19,0.0,0.012009371380188106,-0.0004482165124221173,-0.0052079061480940336,0.006320805706880779,0.012674054426552735,-0.012674054426552735
2007-01-20,0.0,-0.01323057348831363,0.0005191187967396298,-0.01711612462146516,0.006312410260229468,-0.023515169052809693,0.023515169052809693
2007-01-21,0.0,-0.0054851834882534275,0.0015273087768767554,-0.023658087246401883,0.006304138212030406,-0.02131182374574815,0.02131182374574815
2007-01-22,0.0,0.010213450924517352,0.002536539223843394,-0.02352638092348237,0.006305815516154162,-0.004470575258967461,0.004470575258967461
2007-01-23,0.0,-0.011652488431382294,0.0033293840912010228,-0.01978548860867407,0.006307357425437241,-0.0218012355234181,0.0218012355234181
2007-01-24,0.0,-0.02430883273754788,0.0041665129335515805,-0.0120467075717033,0.006309214015654272,-0.02587981336004533,0.02587981336004533
2007-01-25,0.0,0.03584858435987407,0.00476119660964148,-0.0001649633458707517,0.006311571370881326,0.046756388994526124,-0.046756388994526124
2007-01-26,0.0,-0.015348078143389341,0.005184243360234361,-0.0011442202523262383,0.006313310197738789,-0.004994744837742429,0.004994744837742429
2007-01-27,0.0,0.020817303520501186,0.005450079345863751,0.000715773145004396,0.006314945336501547,0.03329810134787088,-0.03329810134787088
2007-01-28,0.0,-0.0528493598131523,0.005453872040372679,0.0014270450051874174,0.006316426756983435,-0.03965201601060877,0.03965201601060877
2007-01-29,0.0,0.04053010503243292,0.005416584275955694,0.008609657529594177,0.00631825800931058,0.06087460484729338,-0.06087460484729338
2007-01-30,0.0,0.006452400245677412,0.004999301355051366,0.006692905391669249,0.006319725759333863,0.02446433275173189,-0.02446433275173189
2007-01-31,0.0,-0.012821686836164277,0.004519003225964137,0.0035319813205838832,0.00632118348982504,0.001550481200208783,-0.001550481200208783
2007-02-01,0.0,0.015136947425265935,0.0038366791281624624,0.0013586152178904063,0.006322414474770604,0.026654656246089408,-0.026654656246089408
2007-02-02,0.0,-0.01357096690249224,0.0030291926342802915,0.00464619815667598,0.0063236316125794105,0.00042805550104344295,-0.00042805550104344295
2007-02-03,0.0,0.015653997134525876,0.002193658711732088,0.006013880286115366,0.0063249853387537126,0.03018652147112704,-0.03018652147112704
2007-02-04,0.0,-0.004812667017061127,0.0011481638019527208,0.003861061094134895,0.006326438209164108,0.006522996088190597,-0.006522996088190597
2007-02-05,0.0,-0.04869545335326026,0.00019272091503247304,0.007856024726882174,0.006327728224058318,-0.03431897948728729,0.03431897948728729
2007-02-06,0.0,0.046830913614426234,-0.0008368665685065027,0.015342213045003765,0.006329100661102987,0.06766536075202648,-0.06766536075202648
2007-02-07,0.0,0.010277331609757885,-0.001840923037092172,0.011182912787067099,0.006329928531335585,0.025949249891068397,-0.025949249891068397
2007-02-08,0.0,-0.010872772482891608,-0.0027613603206251133,0.005126840537189029,0.00633014864160425,-0.0021771436247234426,0.0021771436247234426
2007-02-09,0.0,0.015909290478640817,-0.003613598795643777,0.0003548778002827902,0.006330290636271315,0.018980860119551145,-0.018980860119551145
2007-02-10,0.0,-0.02292344181428362,-0.004194801113725836,-0.004074368034482477,0.006330657110347493,-0.024861953852144437,0.024861953852144437
2007-02-11,0.0,-0.005183947922032327,-0.004757655879289918,-0.0060219502932096275,0.006331105844166768,-0.009632448250365105,0.009632448250365105
2007-02-12,0.0,0.010965065205835772,-0.005104328705349548,-0.00918696820506194,0.006331445926445498,0.003005214221869782,-0.003005214221869782
2007-02-13,0.0,0.009644506491842885,-0.005264153468813036,-0.010469767630425482,0.0063317315011235395,0.00024231689372790615,-0.00024231689372790615
2007-02-14,0.0,-0.0047276832969194585,-0.005305269472809928,-0.009771637363355162,0.006331698699555066,-0.01347289143352948,0.01347289143352948
2007-02-15,0.0,-0.023109583125512922,-0.005026452955366707,-0.00988249867512415,0.006332051425436264,-0.03168648333056752,0.03168648333056752
2007-02-16,0.0,0.011730087375269576,-0.004715643958752312,-0.010442300550203763,0.006332692731409805,0.0029048355977233063,-0.0029048355977233063
2007-02-17,0.0,0.002885613721732207,-0.004087056756201501,-0.001532775064109975,0.006333175991429915,0.0035989578928506457,-0.0035989578928506457
2007-02-18,0.0,-0.03710469067805,-0.003379157199105312,0.0075466680699176475,0.006333407606341207,-0.026603772200896457,0.026603772200896457
2007-02-19,0.0,0.06085713127721498,-0.0025540765187696693,0.020297679067698006,0.006333740917301321,0.08493447474344465,-0.08493447474344465
2007-02-20,0.0,-0.024562089984019955,-0.0016256986990502115,0.01711163376458848,0.0063331811621316495,-0.0027429737563500365,0.0027429737563500365
2007-02-21,0.0,0.027253194762970216,-0.0007534653433050637,0.014536050147394002,0.006332791402442225,0.04736857096950138,-0.04736857096950138
2007-02-22,0.0,-0.03324479486719767,0.0003170058756875204,-0.001825802294133384,0.0063323179316011865,-0.02842127335404235,0.02842127335404235
2007-02-23,0.0,-0.0014351168008024354,0.0012302862573594824,-0.013857570053980282,0.006332267155523576,-0.007730133441899659,0.007730133441899659
2007-02-24,0.0,0.015118227786698801,0.002125972233263415,-0.024214697219611378,0.006332184145129185,-0.0006383130545199759,0.0006383130545199759
2007-02-25,0.0,-0.017869499833888313,0.003014479732659855,-0.026330479145665255,0.0063325687602887905,-0.03485293048660493,0.03485293048660493
2007-02-26,0.0,-0.0067697509416231655,0.003666443718766048,-0.01126801515349246,0.0063332132234296176,-0.00803810915291996,0.00803810915291996
2007-02-27,0.0,0.030847417607786358,0.004404003686935519,0.004700990350823623,0.0063338359529931275,0.046286247598538624,-0.046286247598538624
2007-02-28,0.0,-0.015345941638918786,0.004735605539672146,0.008243304240679584,0.006334046922910994,0.003967015064343937,-0.003967015064343937
2007-03-01,0.0,-0.014167284496352173,0.005104281150697503,0.010444205773089512,0.006334799456663501,0.0077160018840983415,-0.0077160018840983415
2007-03-02,0.0,0.00297660863823364,0.005186425236290573,0.009730866134302461,0.006335809393124043,0.024229709401950718,-0.024229709401950718
2007-03-03,0.0,0.0054047696862784995,0.005055593168971253,0.0040228703490739065,0.006337175222551322,0.020820408426874982,-0.020820408426874982
2007-03-04,0.0,0.02456333783498296,0.004834987431658933,0.0014878868144022723,0.006337898073149253,0.03722411015419342,-0.03722411015419342
2007-03-05,0.0,-0.006753322733106309,0.0041898559897030774,-0.0018428925844664705,0.006338056530037707,0.001931697202168005,-0.001931697202168005
2007-03-06,0.0,8.688578923153568e-05,0.0037491268050851368,0.0015981421252985117,0.006339111689202341,0.011773266408817526,-0.011773266408817526
2007-03-07,0.0,0.002952072850056335,0.0029092694604648836,0.0009529478985850458,0.006340396635586306,0.01315468684469257,-0.01315468684469257
2007-03-08,0.0,-0.03284881520471935,0.002124539014490068,-0.005365432615631751,0.0063412425752240875,-0.029748466230636948,0.029748466230636948
2007-03-09,0.0,-0.011724379537326657,0.0012110510703916418,-0.004716966289094231,0.006342125489768131,-0.008888169266261115,0.008888169266261115
2007-03-10,0.0,0.05091032048284008,0.00018065729565945474,0.003979701413161517,0.006343137863896815,0.061413817055557866,-0.061413817055557866
2007-03-11,0.0,-0.006433773007841444,-0.0006676020909220439,0.009527544434580712,0.006343689584640897,0.008769858920458121,-0.008769858920458121
2007-03-12,0.0,-0.010090863493782512,-0.0017939249706841502,0.01670008217871472,0.006344271197623248,0.011159564911871308,-0.011159564911871308
2007-03-13,0.0,-0.006712401637106429,-0.0025490616641002774,0.015197886950196986,0.006344891604188759,0.012281315253179038,-0.012281315253179038
2007-03-14,0.0,0.002991951116917019,-0.003406679650868099,0.017328583970360367,0.006345192361137674,0.02325904779754696,-0.02325904779754696
2007-03-15,0.0,0.01117731770157733,-0.00405124552275282,0.005830489650283638,0.006346005885632484,0.019302567714740634,-0.019302567714740634
2007-03-16,0.0,0.0024500200206283127,-0.004479918785297682,-0.007249825589461343,0.006346736342816114,-0.002932988011314598,0.002932988011314598
2007-03-17,0.0,0.0037113951794250253,-0.005007481689113188,-0.014163650177414066,0.006347519599705298,-0.009112217087396929,0.009112217087396929
2007-03-18,0.0,-0.008798974383161948,-0.00497999628380145,-0.01469009322847739,0.00634854458840829,-0.022120519307032495,0.022120519307032495
2007-03-19,0.0,-0.0170649247697854,-0.005113485544012619,-0.010445277490967865,0.006349892594714,-0.026273795210051885,0.026273795210051885
2007-03-20,0.0,-0.0003547187787336613,-0.004806042018053611,-0.006589752632769643,0.006351784697904137,-0.005398728731652778,0.005398728731652778
2007-03-21,0.0,-0.0019782807547064963,-0.0044679004728962225,-0.007804396282259153,0.006353834073345477,-0.007896743436516394,0.007896743436516394
2007-03-22,0.0,-0.008445654782391296,-0.003979286121986676,-0.007532404154957114,0.00635633488241226,-0.013601010176922827,0.013601010176922827
2007-03-23,0.0,0.03561575970617508,-0.0031203830682291073,-0.004659316308482558,0.006359315004844393,0.034195375334307804,-0.034195375334307804
2007-03-24,0.0,-0.0035334569595528937,-0.002528119284096519,-0.004410327916434892,0.006361932757107584,-0.00410997140297672,0.00410997140297672
2007-03-25,0.0,-0.002442521788416813,-0.0014387244693695748,-0.0010970499613889885,0.006365086650254172,0.0013867904310787956,-0.0013867904310787956
2007-03-26,0.0,-0.04315261443002922,-0.000634883570194041,0.003733089296317644,0.0063679679665870625,-0.03368644073731855,0.03368644073731855
2007-03-27,0.0,0.03794717627150537,0.0003866174254211303,0.008858812823060046,0.006371170221858761,0.05356377674184531,-0.05356377674184531
2007-03-28,0.0,-0.0070167542965076084,0.0013466283406004182,-0.002208945214084667,0.006373923016207727,-0.00150514815378413,0.00150514815378413
2007-03-29,0.0,0.00024912146495117255,0.002033757061591181,-0.014936397326558298,0.006376428041770748,-0.006277090758245197,0.006277090758245197
2007-03-30,0.0,0.007755655408053501,0.0030254060939280225,-0.022122971664299194,0.006379099682395315,-0.004962810479922355,0.004962810479922355
2007-03-31,0.0,-0.01804711192540764,0.003510462011775184,-0.02112470066279607,0.006381915005384032,-0.029279435571044492,0.029279435571044492
2007-04-01,0.0,0.012793425744779787,0.004261123951901393,-0.005501313518013596,0.00638444807696319,0.017937684255630776,-0.017937684255630776
2007-04-02,0.0,-0.018560300542196196,0.004581041664596629,0.014960221431506493,0.006386510737667124,0.00736747329157405,-0.00736747329157405
2007-04-03,0.0,-0.07313588694911245,0.004790518675360653,0.03376590267948058,0.00638868416675497,-0.02819078142751625,0.02819078142751625
2007-04-04,1.0,0.174691686773001,0.005026077878591171,0.05543657369161693,0.0063912527898595224,0.24154559113306862,0.7584544088669314
2007-04-05,0.0,-0.05713058656345979,0.004563310901099361,0.03272089707003177,0.0063750105035772515,-0.013471368088751405,0.013471368088751405
2007-04-06,0.0,-0.02359966961159684,0.004462015241492825,0.00861460881248326,0.0063585386498954,-0.004164506907725353,0.004164506907725353
2007-04-07,0.0,0.013376804609160442,0.003715680685533302,-0.010068743666365662,0.006342121032497211,0.013365862660825291,-0.013365862660825291
2007-04-08,0.0,-0.032360909657268976,0.00327242345986637,-0.019876489118949528,0.006325979642946412,-0.04263899567340572,0.04263899567340572
2007-04-09,0.0,0.010214357639289025,0.002528067828153051,-0.01569733858346412,0.006309896828068009,0.003354983712045966,-0.003354983712045966
2007-04-10,0.0,0.027636796931944062,0.0016435765358093263,-0.004746240220807283,0.006294403052315926,0.03082853629926203,-0.03082853629926203
2007-04-11,0.0,-0.027701627837647444,0.0010098486510859502,0.0013723208125086678,0.006278830146308737,-0.01904062822774409,0.01904062822774409
2007-04-12,0.0,0.024380174722938013,-9.708340126980594e-05,0.007111408356475083,0.006263290460943454,0.037657790139086746,-0.037657790139086746
2007-04-13,0.0,-0.010962660141916866,-0.0006600152503024153,0.0015744968231452283,0.006248071644111922,-0.0038001069249621313,0.0038001069249621313
2007-04-14,0.0,-0.028543990605438902,-0.0016818681568363638,-0.01042297670289591,0.0062324646261055,-0.03441637083906567,0.03441637083906567
2007-04-15,0.0,0.025781740730267105,-0.0023188216417692684,-0.011228274535449062,0.0062168703507993325,0.018451514903848106,-0.018451514903848106
2007-04-16,0.0,-0.005541197380418451,-0.0028797457441810522,-0.008181180221728299,0.0062015538863113215,-0.010400569460016482,0.010400569460016482
2007-04-17,0.0,0.017836173906304348,-0.003550100469194497,0.0012259263073904623,0.006185803991466419,0.021697803735966734,-0.021697803735966734
2007-04-18,0.0,0.0041443828993630956,-0.003673010251154179,0.0029676201951108786,0.006169868313608724,0.009608861156928519,-0.009608861156928519
2007-04-19,0.0,-0.010845431404701431,-0.004160036359938389,0.002337399876486148,0.006153591019246261,-0.006514476868907411,0.006514476868907411
2007-04-20,0.0,-0.01914349479449244,-0.003964010763717368,-0.005638793253725302,0.006137638922811891,-0.02260865988912322,0.02260865988912322
2007-04-21,0.0,-0.027400858159963792,-0.004011602367851504,-0.012595486732098487,0.006121926639123742,-0.037886020620790044,0.037886020620790044
2007-04-22,0.0,0.03218392121176608,-0.0038024732820039282,-0.013525903043746295,0.00610652299678511,0.02096206788280097,-0.02096206788280097
2007-04-23,0.0,0.01279280097318788,-0.0033258801938471777,-0.012043857392971966,0.00609081758864078,0.0035138809750095163,-0.0035138809750095163
2007-04-24,0.0,-0.006864170725495947,-0.0031020229846692475,-0.0009670852661294125,0.006075332138769154,-0.0048579468375254545,0.0048579468375254545
2007-04-25,0.0,0.002533059189464229,-0.002208877851827242,0.012204915303638979,0.0060598140049239095,0.018588910646199875,-0.018588910646199875
2007-04-26,0.0,-0.012294157262195399,-0.0018242792060453967,0.013341372547991899,0.006043999483912652,0.005266935563663756,-0.005266935563663756
2007-04-27,0.0,0.0002354247753770548,-0.0009254298111250408,0.014290812557380801,0.006028225418468934,0.019629032940101748,-0.019629032940101748
2007-04-28,0.0,-0.0005480518458175509,-0.0002397299681061893,0.007627144154711945,0.006012552142345713,0.012851914483133917,-0.012851914483133917
2007-04-29,0.0,0.03340505237396947,0.0003796282445180307,-0.0006811699046216394,0.005997193807836107,0.03910070452170197,-0.03910070452170197
2007-04-30,0.0,-0.020137895179197618,0.0012242972794523869,-0.011059282268534872,0.00598118740622665,-0.02399169276205345,0.02399169276205345
2007-05-01,0.0,-0.0059445471629017395,0.001522774519534464,-0.01435330291017137,0.005965431596784129,-0.012809643956754518,0.012809643956754518
2007-05-02,0.0,-0.011976335926283674,0.002366651127525549,-0.010347709568985664,0.005950068556666792,-0.014007325811076998,0.014007325811076998
2007-05-03,0.0,-0.006147784258759743,0.0026106760400670306,-0.003698846979751836,0.005934669115759516,-0.001301286082685032,0.001301286082685032
2007-05-04,0.0,-9.151710992765525e-05,0.003062470505745195,0.0013959790669741904,0.005919231373070667,0.010286163835862398,-0.010286163835862398
2007-05-05,0.0,0.021572919027912724,0.0033538484923146864,0.008738661304370036,0.005904156078496928,0.03956958490309437,-0.03956958490309437
2007-05-06,0.0,0.02398592608621326,0.0032545477379345667,0.016634856087557787,0.005888598908019777,0.0497639288197254,-0.0497639288197254
2007-05-07,0.0,-0.012995393391374881,0.003512465421614571,0.020955794124077488,0.005872024947159838,0.017344891101477015,-0.017344891101477015
2007-05-08,0.0,-0.015902687729530962,0.002996194240062126,0.021602011681039687,0.005854953424766373,0.014550471616337225,-0.014550471616337225
2007-05-09,0.0,-0.0007882454258965697,0.0029598508971248405,0.01220520782964939,0.005837835089941301,0.020214648390818962,-0.020214648390818962
2007-05-10,0.0,0.009725714791286953,0.0024093891169550494,0.0038930203347994903,0.005820924694164683,0.021849048937206173,-0.021849048937206173
2007-05-11,0.0,0.008896073420387958,0.001957490209596258,-0.009228293710978526,0.005804457187705359,0.0074297271067110485,-0.0074297271067110485
2007-05-12,0.0,-0.008504935317357111,0.0015918175786857167,-0.01790172024188981,0.00578793135143733,-0.019026906629123874,0.019026906629123874
2007-05-13,0.0,-0.007217379640395733,0.0007409888755851596,-0.013076048457600594,0.00577152752466637,-0.013780911697744798,0.013780911697744798
2007-05-14,0.0,0.014732650349016147,0.0005465865127111532,-0.003081111383930292,0.00575519405836144,0.017953319536158446,-0.017953319536158446
2007-05-15,0.0,-0.029649870787924023,-0.0003311044323963686,0.005809400218642007,0.005738901804310084,-0.0184326731973683,0.0184326731973683
2007-05-16,0.0,0.0021613591144387942,-0.0006394630889131564,0.010091006813522518,0.005722916162719939,0.017335819001768095,-0.017335819001768095
2007-05-17,0.0,0.0185934791257495,-0.00125293017291664,0.0024138471484778873,0.00570643289172806,0.02546082899303881,-0.02546082899303881
2007-05-18,0.0,0.0157706089153027,-0.001795950875097278,-0.008275515536067186,0.00569050762403022,0.011389650128168456,-0.011389650128168456
2007-05-19,0.0,-0.002211451940808261,-0.0019412489317715345,-0.016519234274335246,0.005674460784056626,-0.014997474362858415,0.014997474362858415
2007-05-20,0.0,-0.013658551293540365,-0.002536696055835795,-0.015969732647174852,0.00565843351156933,-0.026506546484981682,0.026506546484981682
2007-05-21,0.0,-0.012892874703489116,-0.0023667944008654864,-0.0129290998404886,0.005642695353076821,-0.022546073591766382,0.022546073591766382
2007-05-22,0.0,-0.029705697772167923,-0.002690145469643362,0.0004258205962877695,0.00562698371453361,-0.02634303893098991,0.02634303893098991
2007-05-23,0.0,0.04217916823143482,-0.0024887013437851595,0.007392130716056956,0.005612106961640069,0.05269470456534668,-0.05269470456534668
2007-05-24,0.0,0.012240645381252477,-0.002340383338707632,0.001632572286091543,0.005597111493470444,0.017129945822106835,-0.017129945822106835
2007-05-25,0.0,-0.023500310186203674,-0.0023538420815259623,-0.008853841913574514,0.0055824128716254594,-0.02912558130967869,0.02912558130967869
2007-05-26,0.0,-0.0005603825760010066,-0.0017699222534564574,-0.014157539211637881,0.005567735610062719,-0.010920108431032624,0.010920108431032624
2007-05-27,0.0,-0.005057065217727596,-0.001770716592702789,-0.011634301237378639,0.005552876728443172,-0.012909206319365853,0.012909206319365853
2007-05-28,0.0,0.002377684849636473,-0.0010543653609787172,-0.0005260084061452958,0.0055376663952885884,0.006334977477801048,-0.006334977477801048
2007-05-29,0.0,0.01306409432478471,-0.0008178220370642934,0.011118866247821727,0.00552214332706155,0.02888728186260369,-0.02888728186260369
2007-05-30,0.0,-0.021242563725220726,-0.00033713589918688816,0.017480815819246282,0.005506796585285971,0.0014079127801246401,-0.0014079127801246401
2007-05-31,0.0,0.053451985029659844,0.00026244312030164664,0.02298667244705812,0.005500573027174132,0.08220167362419374,-0.08220167362419374
2007-06-01,0.0,-0.027272594279570374,0.0003856023912629093,0.010269503681939008,0.005493415438622333,-0.011124072767746124,0.011124072767746124
2007-06-02,0.0,-0.02259069028732816,0.0011072288035907222,-0.002089155909520679,0.005486241002070655,-0.018086376391187462,0.018086376391187462
2007-06-03,0.0,-0.002597937317538088,0.0010559542999521079,-0.00799773619214973,0.005479015552114425,-0.004060703657621285,0.004060703657621285
2007-06-04,0.0,0.0024726166459682307,0.0015698892350824258,-0.005224038694104943,0.005471761913110098,0.004290229100055811,-0.004290229100055811
2007-06-05,0.0,0.025101802780975298,0.0016663442893800353,0.002974271556141667,0.005464776528315267,0.035207195154812264,-0.035207195154812264
2007-06-06,0.0,-0.007234057548560356,0.001693126775561517,0.012083687275734101,0.0054579274935576605,0.012000683996292921,-0.012000683996292921
2007-06-07,0.0,0.005503845241818231,0.001966310529560826,0.018184048217528784,0.005450751159962782,0.031104955148870624,-0.031104955148870624
2007-06-08,0.0,0.013412402175750723,0.0016000984683493115,0.014172008665966417,0.005443760617985028,0.03462826992805148,-0.03462826992805148
2007-06-09,0.0,-0.027322421069610036,0.0018548701406647199,0.005212511465191338,0.005437216541349432,-0.014817822922404543,0.014817822922404543
2007-06-10,0.0,0.007239644914746288,0.0013641134603092683,-0.004570266170889323,0.00543089610127977,0.009464388305446002,-0.009464388305446002
2007-06-11,0.0,-0.008690549519935496,0.001245075147364161,-0.010301509321709462,0.005424127127999155,-0.012322856566281643,0.012322856566281643
2007-06-12,0.0,0.02768004405339027,0.0009718912530301607,-0.004997799522779669,0.005417713554694304,0.029071849338335065,-0.029071849338335065
2007-06-13,0.0,-0.01687984457604104,0.0004274770530741188,-0.0023498896552438427,0.00541108261346872,-0.013391174564742045,0.013391174564742045
2007-06-14,0.0,0.004227228032290984,0.0004431516405149732,-0.0006731071351828745,0.00540419480997172,0.009401467347594804,-0.009401467347594804
2007-06-15,0.0,-0.018913323470285154,-0.0002617682428116245,-0.004094450796067383,0.005397004977954661,-0.017872537531209497,0.017872537531209497
2007-06-16,0.0,0.008637757587798849,-0.00017786797851374736,-0.009781474752581506,0.005390050303813012,0.004068465160516607,-0.004068465160516607
2007-06-17,0.0,-0.006754412456282043,-0.0006568721472888551,-0.01282278285851176,0.005383282390982753,-0.014850785071099906,0.014850785071099906
2007-06-18,0.0,0.012912643568166808,-0.0008414036013681234,-0.010394709932318506,0.005376723241272898,0.007053253275753078,-0.007053253275753078
2007-06-19,0.0,0.01272885293378038,-0.000944467853378082,-0.006762291737285429,0.005369117512692149,0.010391210855809017,-0.010391210855809017
2007-06-20,0.0,-0.015098610609899362,-0.0014000484614526318,-0.00021184058723659163,0.005361716518248898,-0.011348783140339685,0.011348783140339685
2007-06-21,0.0,-0.01026191899116178,-0.0010979525898009192,0.0003530097733076504,0.005354385968098684,-0.005652475839556364,0.005652475839556364
2007-06-22,0.0,-0.009360937683501215,-0.0014848207873497357,-0.0034866116472001304,0.005347198929891953,-0.008985171188159127,0.008985171188159127
2007-06-23,0.0,0.02545118125977274,-0.001115520211179842,-0.007406181160752891,0.005339605001416016,0.022269084889256024,-0.022269084889256024
2007-06-24,0.0,-0.014304180168886379,-0.001098808867838017,-0.01010394819526412,0.00533226476394226,-0.020174672468046256,0.020174672468046256
2007-06-25,0.0,0.012704420988766212,-0.0009599795393516529,-0.00233737144401972,0.0053250569706199125,0.014732126976014752,-0.014732126976014752
2007-06-26,0.0,-0.023476870914764997,-0.0005193334422022749,0.006464761080487803,0.005317058682606934,-0.012214384593872534,0.012214384593872534
2007-06-27,0.0,0.007986087592973794,-0.0006362703212041563,0.013336966086629676,0.005309453495763126,0.02599623685416244,-0.02599623685416244
2007-06-28,0.0,0.010559200060655697,-6.647174486388885e-06,0.013535091983851163,0.005302077840818637,0.029389722710839106,-0.029389722710839106
2007-06-29,0.0,-0.011416684314702647,-5.16333896234112e-05,0.0042254380331098965,0.005294733269393631,-0.0019481464018225305,0.0019481464018225305
2007-06-30,0.0,0.01757282258640356,0.0003900691683135267,-0.005934007955683157,0.0052872840402530385,0.017316167839286967,-0.017316167839286967
2007-07-01,0.0,0.005654999250017185,0.0006379555531855883,-0.00960288102341181,0.005280268110351422,0.0019703418901423856,-0.0019703418901423856
2007-07-02,0.0,-0.0010267870793819148,0.000675886029536785,-0.004998770617787245,0.00527325737477539,-7.64142928569838e-05,7.64142928569838e-05
2007-07-03,0.0,-0.020451912418672853,0.0012131215864163002,0.006613113759006542,0.00526622469748631,-0.007359452375763702,0.007359452375763702
2007-07-04,0.0,-0.01893657583964865,0.0009494343589530089,0.01639193078354032,0.005258924777905225,0.0036637140807499026,-0.0036637140807499026
2007-07-05,0.0,0.042123503781739124,0.0013620676122188125,0.023356146370914217,0.005251343735722927,0.0720930615005951,-0.0720930615005951
2007-07-06,0.0,-0.023735744694745705,0.0010899418379471566,0.013107347770675933,0.005243387403075476,-0.004295067683047139,0.004295067683047139
2007-07-07,0.0,0.02269287400264929,0.0010667435113278156,0.004898390283793729,0.005235944070999434,0.03389395186877027,-0.03389395186877027
2007-07-08,0.0,-0.004280157208887498,0.001042289926766977,-0.004202959792211024,0.005227985136736437,-0.0022128419375951076,0.0022128419375951076
2007-07-09,0.0,-0.0006570733878438278,0.0005510374228332321,-0.008002384968541448,0.0052197161863570055,-0.0028887047471950374,0.0028887047471950374
2007-07-10,0.0,0.0013048699321834127,0.0007112667020446603,-0.004526789480568784,0.005211222120955274,0.0027005692746145627,-0.0027005692746145627
2007-07-11,0.0,-0.025568573055033513,8.148591954918813e-05,0.0035697589252854166,0.005202530021015291,-0.016714798189183616,0.016714798189183616
2007-07-12,0.0,0.011600506977492304,0.00010265276586825883,0.00908803204671213,0.005194097386392479,0.025985289176465174,-0.025985289176465174
2007-07-13,0.0,0.04090166383207337,-0.0003391963062310977,0.007008229849114262,0.0051854090636097045,0.05275610643856624,-0.05275610643856624
2007-07-14,0.0,-0.028211252917061842,-0.0007333234052994194,-0.0035307771753326517,0.005177030874191092,-0.02729832262350282,0.02729832262350282
2007-07-15,0.0,-0.00951901458968172,-0.0007641967641937156,-0.017163914169117587,0.005168937551057618,-0.0222781879719354,0.0222781879719354
2007-07-16,0.0,-0.008717194833494759,-0.0013638317258159874,-0.01669110441809052,0.005160872997385305,-0.02161125798001596,0.02161125798001596
2007-07-17,0.0,-0.007604292270527775,-0.00113761869493632,-0.013557886114887044,0.005152490178150513,-0.017147306902200628,0.017147306902200628
2007-07-18,0.0,0.01399452790172099,-0.0015617566807420765,-0.001655874491899271,0.005143862568472851,0.015920759297552493,-0.015920759297552493
2007-07-19,0.0,0.011878747787666899,-0.0013728760165007572,0.005981306235431623,0.0051444594655508874,0.02163163747214865,-0.02163163747214865
2007-07-20,0.0,0.010945540316458604,-0.0013309826679457014,0.007626747462590367,0.0051453714310271716,0.022386676542130442,-0.022386676542130442
2007-07-21,0.0,-0.02548753771981169,-0.0014412814873674433,-0.003508292896910948,0.005145949201483809,-0.025291162902606273,0.025291162902606273
2007-07-22,0.0,0.003506488825979746,-0.0009551785250518865,-0.013682511580700982,0.005146845784854557,-0.005984355494918565,0.005984355494918565
2007-07-23,0.0,-0.007042240780172948,-0.0011833559358204585,-0.020126350732064566,0.005148009811367423,-0.023203937636690552,0.023203937636690552
2007-07-24,0.0,0.0018246301297287506,-0.0005130776237437307,-0.020429640429135382,0.005149524329912916,-0.013968563593237449,0.013968563593237449
2007-07-25,0.0,-0.008008326897023547,-0.0004832987046172623,-0.008892022621260449,0.00515093108956371,-0.012232717133337548,0.012232717133337548
2007-07-26,0.0,0.018986708542178037,-2.7920582932985618e-05,0.0053149975960353505,0.005152707239855841,0.02942649279513624,-0.02942649279513624
2007-07-27,0.0,0.00044444994405034915,0.0004380457493903048,0.012409192654926807,0.00515446366225751,0.01844615201062497,-0.01844615201062497
2007-07-28,0.0,-0.014107787387339435,0.0005409006520615291,0.015241636721058391,0.0051561920217063585,0.006830942007486843,-0.006830942007486843
2007-07-29,0.0,-0.005578202268111955,0.0012597270576617545,0.011594149754835246,0.005158095063912215,0.01243376960829726,-0.01243376960829726
2007-07-30,0.0,-0.0054044805190216665,0.001138311546727016,0.009257165892894695,0.005159516714497459,0.010150513635097504,-0.010150513635097504
2007-07-31,0.0,0.029037404451216844,0.0016799240558737468,0.008796404541283909,0.005160696732444973,0.04467442978081947,-0.04467442978081947
2007-08-01,0.0,0.02100709574013485,0.001658396452469806,0.007449443896424116,0.005161927459852206,0.03527686354888098,-0.03527686354888098
2007-08-02,0.0,-0.02278631326342162,0.0017064539639575548,0.004126933997652529,0.005162972708313028,-0.011789952593498507,0.011789952593498507
2007-08-03,0.0,-0.003922606385102447,0.0019473371632049042,-0.0001077357506949127,0.005164282305021814,0.0030812773324293587,-0.0030812773324293587
2007-08-04,0.0,-0.005916099623838139,0.001561166303989646,-0.004193670484706535,0.0051653714411930935,-0.003383232363361935,0.003383232363361935
2007-08-05,0.0,-0.019055757019586794,0.001858664629225567,-0.0017652523995857635,0.00516641844806015,-0.013795926341886838,0.013795926341886838
2007-08-06,0.0,0.0308704008600662,0.0013284481875182569,0.005659651832245552,0.005167469737465097,0.04302597061729511,-0.04302597061729511
2007-08-07,0.0,0.00137221367080176,0.0012525935910813323,0.015045412640731119,0.005168163997708927,0.022838383900323136,-0.022838383900323136
2007-08-08,0.0,0.003609752560977752,0.0008400123525508488,0.01934501623336555,0.005169148957606807,0.02896393010450096,-0.02896393010450096
2007-08-09,0.0,-0.00740929867175817,0.0002629036412135321,0.013325343045668658,0.005170116915609279,0.011349064930733298,-0.011349064930733298
2007-08-10,0.0,-0.008212898195778773,0.00013425033567884663,0.006037578884139219,0.005170557130939659,0.003129488154978952,-0.003129488154978952
2007-08-11,0.0,0.0024280871687327767,-0.0007131570979408233,-0.008894021928387705,0.005170712073519845,-0.002008379784075907,0.002008379784075907
2007-08-12,0.0,0.010418896087788607,-0.0007322784456133664,-0.019285014710035367,0.005170799829182389,-0.004427597238677738,0.004427597238677738
2007-08-13,0.0,0.014524784399741511,-0.0013886963971500468,-0.01839288703827706,0.005171606906020362,-8.519212966523297e-05,8.519212966523297e-05
2007-08-14,0.0,-0.020612276517617444,-0.0016111146941449354,-0.013191247949613556,0.005173105056342244,-0.030241534105033694,0.030241534105033694
2007-08-15,0.0,-0.0076049577794670455,-0.0018280373244928213,-0.004322542345642513,0.005174497125462503,-0.008581040324139876,0.008581040324139876
2007-08-16,0.0,-0.011929361133304279,-0.0023263565044320364,0.0030479475814219614,0.005176145427055118,-0.006031624629259235,0.006031624629259235
2007-08-17,0.0,0.007286008430635678,-0.0021101592466910924,-0.0021557030977447707,0.005177902937323886,0.008198049023523701,-0.008198049023523701
2007-08-18,0.0,0.005893121535363577,-0.002549398259262558,-0.007562504604215602,0.005179404786526298,0.0009606234584117147,-0.0009606234584117147
2007-08-19,0.0,-0.0024608345190838534,-0.0021732654875948054,-0.016555558820635648,0.005180543440742435,-0.016009115386571873,0.016009115386571873
2007-08-20,0.0,0.02166185114275379,-0.0022007581773908695,-0.01369099076123057,0.005181687285096003,0.010951789489228354,-0.010951789489228354
2007-08-21,0.0,-0.02242830439619433,-0.0019594039121978947,-0.007667401218218194,0.0051831232431525,-0.02687198628345792,0.02687198628345792
2007-08-22,0.0,-0.011407858420051495,-0.00141019473825775,0.008060108916407719,0.005184268819868454,0.0004263245779669274,-0.0004263245779669274
2007-08-23,0.0,0.021542537282632366,-0.001370328694024442,0.01355154230217715,0.005185059926541523,0.0389088108173266,-0.0389088108173266
2007-08-24,0.0,-0.022222651826702966,-0.0005290793932427383,0.0050688816247696986,0.005185946738915591,-0.012496902856260414,0.012496902856260414
2007-08-25,0.0,0.016529898389760496,-0.0004162150492299069,-0.006820972599143079,0.005186916741091202,0.014479627482478713,-0.014479627482478713
2007-08-26,0.0,0.016145919259706747,0.00032746704888282163,-0.02070704369631545,0.005187938683180508,0.0009542812954546273,-0.0009542812954546273
2007-08-27,0.0,-0.02290406819330381,0.0007715915524862725,-0.023298978445938208,0.005188791386883217,-0.040242663699872526,0.040242663699872526
2007-08-28,0.0,-0.003050737570124519,0.0011514393158687825,-0.008647637230121507,0.005189461446798138,-0.005357474037579106,0.005357474037579106
2007-08-29,0.0,-0.006559711167250664,0.001953826819219574,0.01568322369426602,0.0051902157477194625,0.016267555093954392,-0.016267555093954392
2007-08-30,0.0,-0.06440462684310615,0.0020073347377845383,0.03744980741207578,0.005190703006306511,-0.019756781686939315,0.019756781686939315
2007-08-31,1.0,0.1634104916827527,0.0027913953939209942,0.0566359023382357,0.005191148291088031,0.22802893770599741,0.7719710622940026
2007-09-01,0.0,-0.05828409513113048,0.002644305122150949,0.028911313882005064,0.005172953612030903,-0.021555522514943568,0.021555522514943568
2007-09-02,0.0,-0.016606975488055,0.002875949968509312,0.004121488631895126,0.005155238800054612,-0.0044542980875959485,0.0044542980875959485
2007-09-03,0.0,-0.008516726537841277,0.0028909684809210723,-0.017176662243142585,0.005137562498387214,-0.017664857801675576,0.017664857801675576
2007-09-04,0.0,-0.006447461251733274,0.002572075206402624,-0.023155919990305394,0.005119989712247404,-0.02191131632338864,0.02191131632338864
2007-09-05,0.0,0.0005596630782449398,0.002717726414636865,-0.01322090234283638,0.005102603397871329,-0.004840909452083247,0.004840909452083247
2007-09-06,0.0,0.022411095400426007,0.0021023646070790947,0.0029109625231588257,0.00508552170863538,0.03250994423929931,-0.03250994423929931
2007-09-07,0.0,-0.007203715031821914,0.0020841596769211697,0.013756693381625346,0.005067924791998877,0.013705062818723478,-0.013705062818723478
2007-09-08,0.0,0.01754285811640989,0.0014567038058876352,0.01556808901527759,0.005050350667986477,0.03961800160556159,-0.03961800160556159
2007-09-09,0.0,-0.03347194162713475,0.0009495830689658417,0.004570378390496989,0.005032527579394981,-0.022919452588276937,0.022919452588276937
2007-09-10,0.0,0.0009476549843936073,0.0005403913239380796,-0.00784847185637326,0.005014713744415371,-0.0013457118036262023,0.0013457118036262023
2007-09-11,0.0,0.003495825177324101,-0.0003567720796797477,-0.013216192511008041,0.0049965584327095105,-0.005080580980654177,0.005080580980654177
2007-09-12,0.0,0.023565590010406885,-0.000558947976931985,-0.012412335367505597,0.004978376103524732,0.015572682769494035,-0.015572682769494035
2007-09-13,0.0,-0.010755988749498152,-0.0014460776034302407,-0.007169946736372765,0.004960118355577054,-0.014411894733724104,0.014411894733724104
2007-09-14,0.0,-0.0035066538844640677,-0.0016701107484623431,-0.0028236759623356334,0.00495147096358752,-0.0030489696316745255,0.0030489696316745255
2007-09-15,0.0,0.0023370729191473628,-0.0021565940443524427,0.0009240477579059306,0.004942953035082623,0.006047479667783474,-0.006047479667783474
2007-09-16,0.0,-0.007046641332544955,-0.0025764637539321174,-0.0055597462607166,0.004934453911268879,-0.010248397435924792,0.010248397435924792
2007-09-17,0.0,-0.018367368032133912,-0.0026067224698428414,-0.014044969184240148,0.004925925486604796,-0.030093134199612105,0.030093134199612105
2007-09-18,0.0,0.006312130673408142,-0.003128870067208531,-0.015786951289719957,0.004917655491716317,-0.007686035191804028,0.007686035191804028
2007-09-19,0.0,0.01146131812029566,-0.00284555241406322,-0.012823300232889795,0.00490961674462635,0.0007020822179689959,-0.0007020822179689959
2007-09-20,0.0,-0.0010633940633100576,-0.0031035322705568655,-0.0015175289450945393,0.004901410448100068,-0.0007830448308613954,0.0007830448308613954
2007-09-21,0.0,0.0028239003990725734,-0.0028230088525978804,0.010194677573640535,0.0048931365811484455,0.015088705701263673,-0.015088705701263673
2007-09-22,0.0,-3.638296567896372e-05,-0.0025572850379512787,0.011805598886713129,0.004885128706907731,0.014097059589990617,-0.014097059589990617
2007-09-23,0.0,-0.0167254752676963,-0.0023897755286220934,0.009949651143976454,0.004876820503060815,-0.004288779149281124,0.004288779149281124
2007-09-24,0.0,0.0063549986660110394,-0.0016687716829245506,0.0020341672618186717,0.004868882663513573,0.011589276908418733,-0.011589276908418733
2007-09-25,0.0,0.01635414056974588,-0.0015323447591516336,-0.005361390241169131,0.004860929550423129,0.014321335119848242,-0.014321335119848242
2007-09-26,0.0,0.009230918218739581,-0.0007385368945943318,-0.010368979943294845,0.004853354121929897,0.002976755502780301,-0.002976755502780301
2007-09-27,0.0,-0.022240537627163614,-0.0004110568837887439,-0.009383023802579974,0.00484605836448049,-0.02718855994905184,0.02718855994905184
2007-09-28,0.0,-0.017856906562269074,0.000179697792868775,-0.0010953411305104717,0.004838813360904119,-0.01393373653900665,0.01393373653900665
2007-09-29,0.0,0.01313897401789808,0.0008531049123101457,0.005561162197232789,0.004831573203911177,0.024384814331352193,-0.024384814331352193
2007-09-30,0.0,-0.009781365061044836,0.0011382017733029123,0.007415966870069386,0.0048240631949312465,0.0035968667772587094,-0.0035968667772587094
2007-10-01,0.0,0.03235625592012792,0.002006300543695468,0.011653048203965259,0.004817122124249621,0.05083272679203826,-0.05083272679203826
2007-10-02,0.0,0.003512751048350221,0.00214026764309119,0.012688510542083515,0.004809843325558852,0.02315137255908378,-0.02315137255908378
2007-10-03,0.0,-0.007154846045309579,0.002736250507718342,0.018055248902204942,0.004802237674182307,0.018438891038796014,-0.018438891038796014
2007-10-04,0.0,-0.009436394759924716,0.0028482580519926404,0.01736976489232473,0.004794754916753701,0.015576383101146356,-0.015576383101146356
2007-10-05,0.0,-0.008891974938375277,0.0029372383108494634,0.013809645498893831,0.0047875255090238334,0.012642434380391851,-0.012642434380391851
2007-10-06,0.0,0.00997787917614293,0.0031584775332806478,0.0073728599880711005,0.0047805068687533665,0.02528972356624804,-0.02528972356624804
2007-10-07,0.0,0.02911116491252466,0.002829533126989744,-0.0035460233517976367,0.004773352413044871,0.03316802710076164,-0.03316802710076164
2007-10-08,0.0,-0.02626996052821223,0.003000192715146964,-0.016583294090648817,0.004765655252333896,-0.03508740665138019,0.03508740665138019
2007-10-09,0.0,-0.0017161022801365725,0.0024978737471886506,-0.014499004588292673,0.004758218530022608,-0.008959014591217986,0.008959014591217986
2007-10-10,0.0,0.007538324051545977,0.0023578351681008683,-0.005814246391501736,0.004751027605287695,0.008832940433432803,-0.008832940433432803
2007-10-11,0.0,-0.029331876115106903,0.0019211132982542378,0.0013925116764550484,0.004743605014525338,-0.02127464612587228,0.02127464612587228
2007-10-12,0.0,0.03192716326473411,0.0013085255433098134,0.00764327218510914,0.004736394866384549,0.04561535585953762,-0.04561535585953762
2007-10-13,0.0,-0.013469971019636783,0.0009715968467454214,0.0003625670866996469,0.004728737058552009,-0.007407070027639705,0.007407070027639705
2007-10-14,0.0,0.017232925177725556,0.00012047374165990242,-0.005084189008748572,0.004721333504650309,0.016990543415287197,-0.016990543415287197
2007-10-15,0.0,-0.017366537384958063,-0.00022094786819535722,-0.015125698279137439,0.0047135327198210165,-0.027999650812469842,0.027999650812469842
2007-10-16,0.0,0.006447264653483934,-0.0009860481531552372,-0.014234267580740225,0.004706295292791848,-0.0040667557876196804,0.0040667557876196804
2007-10-17,0.0,-0.0007345008105389508,-0.0014524892813861283,-0.015040822407409934,0.004698875731985363,-0.01252893676734965,0.01252893676734965
2007-10-18,0.0,-0.008753486669015927,-0.0018445937731131634,-0.006239257992410688,0.004691816112882656,-0.012145522321657123,0.012145522321657123
2007-10-19,0.0,-0.015500016359403797,-0.00244045485922504,-0.0024537720538032647,0.004684773483990304,-0.015709469788441795,0.015709469788441795
2007-10-20,0.0,0.016385002780217126,-0.0025079711569861063,-0.0006469276796648624,0.0046780893356960385,0.017908193279262196,-0.017908193279262196
2007-10-21,0.0,0.01202469754183657,-0.0030604717206893966,-0.0021561516106986703,0.004670846113566462,0.011478920324014964,-0.011478920324014964
2007-10-22,0.0,-0.00819538132962243,-0.0030163254986974664,-0.0034717911270671135,0.0046633481966837625,-0.010020149758703249,0.010020149758703249
2007-10-23,0.0,-0.008025057860620863,-0.00321535813489695,-0.003960656314016218,0.004655646134249573,-0.01054542617528446,0.01054542617528446
2007-10-24,0.0,-0.002875813142254555,-0.003185085756381998,-0.0008296693107623821,0.004647863822059287,-0.002242704387339647,0.002242704387339647
2007-10-25,0.0,-0.003885076223316589,-0.002887694510419553,0.006425885182327751,0.004640119169384383,0.004293233617975992,-0.004293233617975992
2007-10-26,0.0,0.007929653952912726,-0.0027968361322474405,0.012671258529892765,0.004632243347411649,0.0224363196979697,-0.0224363196979697
2007-10-27,0.0,0.04047332813109709,-0.0021556410949592954,0.01678516089928936,0.004624112703478751,0.059726960638905896,-0.059726960638905896
2007-10-28,0.0,-0.03126354167886272,-0.0019631291455398606,0.009445907265327813,0.004615528440280282,-0.019165235118794487,0.019165235118794487
2007-10-29,0.0,-0.015985045898896606,-0.0013244163984754435,0.0014040823730653526,0.004607022059692233,-0.011298357864614462,0.011298357864614462
2007-10-30,0.0,0.0013974660235573958,-0.0008317559522585654,-0.0019969190049352998,0.004598600772734727,0.003167391839098258,-0.003167391839098258
2007-10-31,0.0,0.0031730992661941643,-0.0003376642805124425,-0.0014895449714191467,0.004590315952828625,0.0059362059670912005,-0.0059362059670912005
2007-11-01,0.0,0.021421489442688527,0.0004483104802397383,-0.0010470370530324604,0.004582110146006122,0.025404873015901924,-0.025404873015901924
2007-11-02,0.0,-0.016840294334588557,0.0008284858698302592,0.004008492719697744,0.0045736003612311055,-0.0074297153838294465,0.0074297153838294465
2007-11-03,0.0,0.011932436697556656,0.0016677577814087872,0.01140741582429456,0.004565466927607935,0.02957307723086794,-0.02957307723086794
2007-11-04,0.0,0.004932098199660239,0.0020315168974129345,0.012450347659788738,0.004557404753776367,0.023971367510638282,-0.023971367510638282
2007-11-05,0.0,-0.01617963223733516,0.0025708765466994463,0.008977173882799,0.004549525007596087,-8.205680024062773e-05,8.205680024062773e-05
2007-11-06,0.0,0.007845521997231516,0.002944755218058652,0.002818258401577484,0.004541912885898855,0.01815044850276651,-0.01815044850276651
2007-11-07,0.0,-0.009905839305368428,0.0030727192317893002,-0.0011057927251356336,0.0045341739946946034,-0.0034047388040201586,0.0034047388040201586
2007-11-08,0.0,0.02927690094409977,0.0034406455715816865,-0.0005933083219463758,0.004526333848726744,0.036650572042461825,-0.036650572042461825
2007-11-09,0.0,-0.02374169918796857,0.003238641021369286,-0.004159321767074923,0.004518164610255296,-0.02014421532341891,0.02014421532341891
2007-11-10,0.0,0.002478556235206845,0.0033811445175382544,-0.005093804239606578,0.004510022387091633,0.005275918900230154,-0.005275918900230154
2007-11-11,0.0,0.00918505828879966,0.003086348620517842,-0.007839732283195447,0.004501906516974994,0.00893358114309705,-0.00893358114309705
2007-11-12,0.0,-0.007580045328700907,0.002852955930674821,-0.011722308658638627,0.004493505600097414,-0.011955892456567297,0.011955892456567297
2007-11-13,0.0,-0.021684053599146838,0.0025215373688818416,-0.010943523510599292,0.004485127370768761,-0.025620912370095526,0.025620912370095526
2007-11-14,0.0,0.016503703168615456,0.0018921440948273444,-0.006394056069542484,0.004476824937426258,0.016478616131326576,-0.016478616131326576
2007-11-15,0.0,0.010105667927242098,0.001504452539855821,-0.001229727484898419,0.004468111191642562,0.014848504173842064,-0.014848504173842064
2007-11-16,0.0,0.003286134778920949,0.0006806835407706753,0.0031762117742955964,0.004459594797356002,0.011602624891343224,-0.011602624891343224
2007-11-17,0.0,-0.010595139808701068,0.00015370977225892703,-0.0024064040073444744,0.004450874362690025,-0.008396959681096591,0.008396959681096591
2007-11-18,0.0,-0.006913860843748207,-0.0005739617748966027,-0.004787664560757054,0.004442613744234767,-0.007832873435167096,0.007832873435167096
2007-11-19,0.0,-0.010135397195673572,-0.0012139271265636654,-0.007697660710417274,0.004434329083454027,-0.014612655949200486,0.014612655949200486
2007-11-20,0.0,0.016618617331423318,-0.0016561513380082995,-0.004497446790209358,0.004426371591130754,0.014891390794336413,-0.014891390794336413
2007-11-21,0.0,0.003023107937587515,-0.002347141791461953,-0.0012650564109270269,0.004418072597841916,0.0038289823330404514,-0.0038289823330404514
2007-11-22,0.0,0.004719384859893995,-0.002634841759035519,0.0017431235271477077,0.0044187576317262015,0.008246424259732384,-0.008246424259732384
2007-11-23,0.0,-0.013864030876683895,-0.003155415537516735,0.0018927089690558248,0.004419557533235029,-0.010707179911909774,0.010707179911909774
2007-11-24,0.0,-0.023287579344185266,-0.0033464913223015397,0.003016639954608197,0.004420011146614915,-0.019197419565263694,0.019197419565263694
2007-11-25,0.0,0.03765262064141585,-0.003530339395094664,0.0006714007982846497,0.0044207096449406305,0.03921439168954646,-0.03921439168954646
2007-11-26,0.0,-0.00783466603740171,-0.00362338404197079,-0.0048791940912964035,0.0044209095356764075,-0.011916334634992497,0.011916334634992497
2007-11-27,0.0,-0.0009666777541591354,-0.0033573986067144505,-0.005176963255234527,0.004421561659401087,-0.005079477956707025,0.005079477956707025
2007-11-28,0.0,0.0040069099192464605,-0.003270443989466132,0.0002838787747477451,0.004421896458718508,0.005442241163246582,-0.005442241163246582
2007-11-29,0.0,-0.008014195232287913,-0.0027746139997388095,0.008421849041355973,0.004422289752872411,0.002055329562201662,-0.002055329562201662
2007-11-30,0.0,-0.005624198126475175,-0.0024710211606318766,0.01027374623047093,0.0044231700105144605,0.006601696953878339,-0.006601696953878339
2007-12-01,0.0,0.012106364762656563,-0.0019200377030342444,0.016196583214713435,0.004424194835715422,0.030807105110051174,-0.030807105110051174
2007-12-02,0.0,-0.022512913964039948,-0.0013318035185508538,0.012280440121489794,0.004425531443188791,-0.007138745917912217,0.007138745917912217
2007-12-03,0.0,0.03797020623001852,-0.0008053096085553192,0.009553985697032405,0.004426795136401575,0.051145677454897176,-0.051145677454897176
2007-12-04,0.0,-0.0071156393352267595,-4.484752795419592e-05,0.0012342003766107462,0.004427556637735852,-0.0014987298488343568,0.0014987298488343568
2007-12-05,0.0,-0.016376459086498315,0.0004698591655623758,-0.00333869987597014,0.004428182096428265,-0.014817117700477816,0.014817117700477816
2007-12-06,0.0,0.0174998539688138,0.0012336508001231745,-0.00011395101040842385,0.004428689398849615,0.023048243157378166,-0.023048243157378166
2007-12-07,0.0,-0.01343837129854283,0.0017561054818074455,0.003881909499904268,0.004428966110574189,-0.0033713902062569275,0.0033713902062569275
2007-12-08,0.0,-0.01559411142178352,0.002280896013608903,0.006134124058582461,0.004429721752429539,-0.002749369597162617,0.002749369597162617
2007-12-09,0.0,0.03727698700211288,0.002812634841157803,0.010276987456226839,0.004431020630028657,0.05479762992952617,-0.05479762992952617
2007-12-10,0.0,-0.004205156737361059,0.003042380366490438,0.0059373983704030546,0.004431854165577802,0.009206476165110236,-0.009206476165110236
2007-12-11,0.0,-0.011719422433834803,0.0033856653710991657,-0.005074707574345595,0.0044325043385259845,-0.008975960298555248,0.008975960298555248
2007-12-12,0.0,-0.0061864495470226365,0.003367503135913122,-0.013160502704583885,0.004433520840477037,-0.011545928275216362,0.011545928275216362
2007-12-13,0.0,0.0011602480899900282,0.0034676928042086256,-0.018524161004553258,0.004434479805077853,-0.009461740305276752,0.009461740305276752
2007-12-14,0.0,-0.011249932894175784,0.003351018093163749,-0.014777130937137931,0.004435408042075646,-0.018240637696074317,0.018240637696074317
2007-12-15,0.0,0.021924732928859655,0.003144694050188626,-0.010301986324003516,0.004436614409568568,0.01920405506461333,-0.01920405506461333
2007-12-16,0.0,-0.009640994367279374,0.0029098919685904166,-0.009110140531754763,0.00443756992825139,-0.01140367300219233,0.01140367300219233
2007-12-17,0.0,0.0031813516725395135,0.0023876153109816728,-0.006053665976587428,0.004438491708145753,0.0039537927150795115,-0.0039537927150795115
2007-12-18,0.0,-0.004960408385783925,0.001993166391785604,-0.005772547615094362,0.004439483002081166,-0.004300306607011518,0.004300306607011518
2007-12-19,0.0,-0.017156143519008606,0.0012929901676180372,-0.006565126826554947,0.004440745421058757,-0.017987534756886758,0.017987534756886758
2007-12-20,0.0,0.015290490091061785,0.0007118928368625745,-0.006406589124776836,0.004442493713595671,0.014038287516743193,-0.014038287516743193
2007-12-21,0.0,-0.0038951900923572167,8.3331816491718e-05,-0.005440684462479094,0.004444323848956102,-0.004808218889388491,0.004808218889388491
2007-12-22,0.0,0.015951430994774102,-0.0005448983621636275,0.001551630330624107,0.00444562865950926,0.02140379162274384,-0.02140379162274384
2007-12-23,0.0,-0.012609006361284958,-0.0010678658909157488,0.007925340046557794,0.004447102344379713,-0.0013044298612631998,0.0013044298612631998
2007-12-24,0.0,-0.012426902470045768,-0.0017252839911406303,0.013044418660198289,0.004448852547100597,0.003341084746112487,-0.003341084746112487
2007-12-25,0.0,0.013745578593917012,-0.0021657456151475017,0.017338089886597477,0.00445072819710787,0.03336865106247486,-0.03336865106247486
2007-12-26,0.0,0.007310252687728701,-0.002693376081147485,0.01583812459860529,0.004452276964687039,0.024907278169873547,-0.024907278169873547
2007-12-27,0.0,-0.007932191104153677,-0.003066543087247196,0.005506369199065908,0.004452942911701376,-0.0010394220806335891,0.0010394220806335891
2007-12-28,0.0,0.01830490214892475,-0.003327946431335484,-0.005895886656581034,0.0044539021060614045,0.013534971167069636,-0.013534971167069636
2007-12-29,0.0,-0.023078914935408423,-0.003532515220968058,-0.012262930595258188,0.004454737050129105,-0.034419623701505565,0.034419623701505565
2007-12-30,0.0,0.007133214024022511,-0.0034618101449716884,-0.006184218188391287,0.004455669090172857,0.0019428547808323926,-0.0019428547808323926
2007-12-31,0.0,0.002521889708184533,-0.003442536492295816,0.002085278683017479,0.0044563971553627955,0.005621029054268992,-0.005621029054268992
2008-01-01,0.0,-0.010206717717540469,-0.003164289084167886,0.012710665565716511,0.004457582626822194,0.0037972413908303514,-0.0037972413908303514
2008-01-02,0.0,-0.00113377910301473,-0.0028961676359369522,0.017660714525508818,0.004458865198299161,0.018089632984856295,-0.018089632984856295
2008-01-03,0.0,0.023414671985337022,-0.0024554476235461226,0.018471641734218017,0.004460100018827551,0.04389096611483647,-0.04389096611483647
2008-01-04,0.0,0.004641034502787046,-0.001966768808141196,0.007317250086305977,0.004460569451112848,0.014452085232064675,-0.014452085232064675
2008-01-05,0.0,-0.02235909933963285,-0.0014944393455520958,-0.006979417336898491,0.004460999046144493,-0.026371956975938943,0.026371956975938943
2008-01-06,0.0,-0.0006900686448806084,-0.0008319977784311981,-0.013676624658007277,0.004461504776683134,-0.01073718630463595,0.01073718630463595
2008-01-07,0.0,0.009126139868263444,-0.00024911889823249104,-0.0076325560356965885,0.004461975311664047,0.005706440245998411,-0.005706440245998411
2008-01-08,0.0,-0.005222477887733633,0.0004759987640195019,-0.00157077033089774,0.004462236418274256,-0.0018550130363376143,0.0018550130363376143
2008-01-09,0.0,0.00793766976160289,0.0011126218714674926,0.003994871076381406,0.004462903451686914,0.017508066161138702,-0.017508066161138702
2008-01-10,0.0,0.0007345443210768948,0.0017437957023201183,0.006341804683749261,0.004463444403492371,0.013283589110638646,-0.013283589110638646
2008-01-11,0.0,-0.007810888492584859,0.0023219374854982506,0.0011190048935699882,0.004463858385139022,9.39122716224006e-05,-9.39122716224006e-05
2008-01-12,0.0,-0.00012974564163094712,0.002737972679366914,-0.0033340340899206938,0.004464323960304708,0.003738516908119981,-0.003738516908119981
2008-01-13,0.0,-0.010439652509421275,0.0031286934854632712,-0.011406095530781772,0.004464745483202519,-0.014252309071537256,0.014252309071537256
2008-01-14,0.0,0.016998807746750312,0.0033352021732803647,-0.01200302288778397,0.00446502375481095,0.012796010787057657,-0.012796010787057657
2008-01-15,0.0,-0.0032688771593532926,0.0035670473917001895,-0.00976286905269997,0.0044650707464081035,-0.004999628073944969,0.004999628073944969
2008-01-16,0.0,-0.0010891970322442436,0.003629869285997363,-0.0025477881483710286,0.0044648050957892555,0.004457689201171346,-0.004457689201171346
2008-01-17,0.0,-0.011134961174663262,0.003564235220797401,-0.0029990381953703574,0.004464277154763916,-0.006105486994472302,0.006105486994472302
2008-01-18,0.0,0.006370961198088971,0.0034097650147683267,-0.0010353286742259386,0.004464505828020022,0.013209903366651381,-0.013209903366651381
2008-01-19,0.0,0.001896653320444782,0.003057231537602791,-0.0063016385691220585,0.004464466221143874,0.0031167125100693884,-0.0031167125100693884
2008-01-20,0.0,-0.004314270413188177,0.002676119881001601,-0.011525079736587398,0.004464624544281049,-0.008698605724492924,0.008698605724492924
2008-01-21,0.0,0.004271606872832431,0.00208702473451682,-0.01391827768437017,0.0044654282115885935,-0.0030942178654323254,0.0030942178654323254
2008-01-22,0.0,-0.0028487763652584844,0.0015661634883696778,-0.011305250601854088,0.004466269620886274,-0.008121593857856622,0.008121593857856622
2008-01-23,0.0,-0.013419383919350715,0.0009332615699716251,0.0012616213017838803,0.004467295928168442,-0.0067572051194267685,0.0067572051194267685
2008-01-24,0.0,0.004503265986422432,0.0003126000050521772,0.016737416701564603,0.004467893123505171,0.026021175816544385,-0.026021175816544385
2008-01-25,0.0,0.01799744707161318,-0.0003406928691009111,0.022506052726431115,0.004468188801467793,0.044630995730411176,-0.044630995730411176
2008-01-26,0.0,0.010023720202832756,-0.0010569374572551174,0.017732038741429278,0.004468311457850756,0.03116713294485767,-0.03116713294485767
2008-01-27,0.0,-0.019538854483204915,-0.0016455643123697461,0.011124974551666836,0.00446790866352059,-0.005591535580387236,0.005591535580387236
2008-01-28,0.0,0.0022580506307312443,-0.002295685075078803,0.0028250765274822464,0.00446775397717328,0.007255196060307968,-0.007255196060307968
2008-01-29,0.0,0.011019128246957345,-0.002802679609167256,-0.0017424224942963135,0.0044673709608301845,0.010941397104323961,-0.010941397104323961
2008-01-30,0.0,-0.022138334834552693,-0.0032924627179054915,-0.004178114614988364,0.004467109514666985,-0.025141802652779564,0.025141802652779564
2008-01-31,0.0,0.02212765097443857,-0.003597187435857109,0.0014432168329031564,0.004466949236726525,0.024440629608211143,-0.024440629608211143
2008-02-01,0.0,-0.005895749210749382,-0.003778960496739809,0.005808101771237195,0.004465973434774676,0.0005993654985226807,-0.0005993654985226807
2008-02-02,0.0,-0.004363021282576876,-0.0038895735898712997,0.006790095741056381,0.004465314515460189,0.003002815384068395,-0.003002815384068395
2008-02-03,0.0,0.011014561405861103,-0.0037565711122014974,0.005681777998946629,0.0044644969324269985,0.017404265225033234,-0.017404265225033234
2008-02-04,0.0,-0.0077393764958109314,-0.0036019116245331884,0.0061380978601524635,0.004463133230423933,-0.0007400570297677236,0.0007400570297677236
2008-02-05,0.0,-0.012124559794806748,-0.0032427957400442842,0.007801529167607855,0.004461703617029723,-0.003104122750213454,0.003104122750213454
2008-02-06,0.0,0.02231018323354885,-0.002879328048162682,0.0040926283029530395,0.004460417526134585,0.027983901014473792,-0.027983901014473792
2008-02-07,0.0,-0.011754859508908408,-0.0023969146271250637,-0.0034145897080113067,0.00445930564050762,-0.01310705820353716,0.01310705820353716
2008-02-08,0.0,0.011650104207544778,-0.0017647910971267948,-0.006139739736818789,0.0044582580728617744,0.008203831446460969,-0.008203831446460969
2008-02-09,0.0,-0.009342710950416878,-0.0011095954328224388,-0.00934134066799857,0.004457449217161835,-0.01533619783407605,0.01533619783407605
2008-02-10,0.0,-0.0036665891824789656,-0.00028578905517765113,-0.012232266896167264,0.00445659394281562,-0.011728051191008261,0.011728051191008261
2008-02-11,0.0,-0.003719938270134461,0.0003917210885474706,-0.01199526981819447,0.004456068020646262,-0.010867418979135197,0.010867418979135197
2008-02-12,0.0,-0.003007208123966929,0.0012262808392214412,-0.008461081183975516,0.004456354933932569,-0.005785653534788434,0.005785653534788434
2008-02-13,0.0,0.011064744446487031,0.0018929307026805437,-0.003692453769092007,0.004456658741799536,0.013721880121875103,-0.013721880121875103
2008-02-14,0.0,-0.003754870901567746,0.002499340203876573,-0.005807962816729681,0.004456956163484452,-0.0026065373509364014,0.0026065373509364014
2008-02-15,0.0,-0.00378221684477236,0.003055514443417556,-0.01141656997838303,0.004457309222305923,-0.007685963157431912,0.007685963157431912
2008-02-16,0.0,0.003203113294403117,0.003457761123126334,-0.008915794660623106,0.004457451537252509,0.002202531294158854,-0.002202531294158854
2008-02-17,0.0,-0.013216691363366232,0.0038976102561570723,-0.0055249020476927525,0.004456991301849569,-0.010386991853052342,0.010386991853052342
2008-02-18,0.0,-0.006826112822094054,0.004036817734393135,0.00205114580111052,0.00445683519714172,0.0037186859105513203,-0.0037186859105513203
2008-02-19,0.0,0.038203133343304115,0.004172419229469785,0.0052068302706825,0.004456476485837909,0.05203885932929431,-0.05203885932929431
2008-02-20,0.0,-0.01039223088994438,0.004060463084249878,0.0047793270396100165,0.004455829105937443,0.002903388339852959,-0.002903388339852959
2008-02-21,0.0,-0.024437928562919865,0.0038321227524306146,0.006460563186388446,0.004455545288303076,-0.009689697335797729,0.009689697335797729
2008-02-22,0.0,0.015269008521805818,0.003524663769359413,0.003448497179882821,0.004455903404033649,0.026698072875081705,-0.026698072875081705
2008-02-23,0.0,-0.005540362990160894,0.002920364190712,-0.0011376575028027762,0.004455591291743873,0.0006979349894922025,-0.0006979349894922025
2008-02-24,0.0,-0.002352416554393663,0.0024247462475978114,0.001671331391937285,0.0044555535011726955,0.006199214586314129,-0.006199214586314129
2008-02-25,0.0,0.026498364201812268,0.0016796183813297056,0.006875795589146644,0.004455351616707484,0.0395091297889961,-0.0395091297889961
2008-02-26,0.0,-0.021584466619285467,0.000982611003976754,0.010162309034879781,0.0044545884859846984,-0.005984958094444233,0.005984958094444233
2008-02-27,0.0,0.007957234154413389,0.00019139477440671145,0.015593445698949824,0.004454274480846214,0.02819634910861614,-0.02819634910861614
2008-02-28,0.0,0.002767298108837106,-0.0006166370336927846,0.01353304849059165,0.004454310024735879,0.02013801959047185,-0.02013801959047185
2008-02-29,0.0,-0.000978299398778154,-0.0012847806159328626,0.012518305323051872,0.004453536889223408,0.014708762197564264,-0.014708762197564264
2008-03-01,0.0,-0.0010031790237377684,-0.0021636479193305196,0.00026043683811235053,0.004452965470995815,0.0015465753660398778,-0.0015465753660398778
2008-03-02,0.0,-0.00021009451782033256,-0.002752061973572659,-0.012142559615443032,0.004452666428277802,-0.01065204967855822,0.01065204967855822
2008-03-03,0.0,-0.006566489579850739,-0.0034483516251848463,-0.014552119720540137,0.004452542824083184,-0.02011441810149254,0.02011441810149254
2008-03-04,0.0,0.013188488948082108,-0.00385139458677789,-0.007494859289467682,0.004453377344185202,0.006295612416021738,-0.006295612416021738
2008-03-05,0.0,-0.0064752646919940034,-0.004129300233445796,-0.0010647566010262863,0.00445379859547212,-0.007215522930993966,0.007215522930993966
2008-03-06,0.0,-0.004124137003660832,-0.004355295927075945,0.0014981809039445759,0.004454214819195938,-0.002527037207596264,0.002527037207596264
2008-03-07,0.0,-0.00994160208616907,-0.00423277432838896,0.004078881152046992,0.004454750526275513,-0.0056407447362355236,0.0056407447362355236
2008-03-08,0.0,0.009703700610786799,-0.004196329167945989,0.005283181195258991,0.0044556425079016375,0.015246195146001437,-0.015246195146001437
2008-03-09,0.0,0.011229584074045057,-0.0038228087679665745,0.002584215988179522,0.00445599045914103,0.014446981753399035,-0.014446981753399035
2008-03-10,0.0,-0.0015879527423891457,-0.0035527241110739427,-0.0016427014822370319,0.004455484180128622,-0.002327894155571498,0.002327894155571498
2008-03-11,0.0,-0.01106976148843596,-0.0030472210063472146,-0.00039124532116675023,0.0044553197394487576,-0.010052908076501166,0.010052908076501166
2008-03-12,0.0,-0.007646136290238406,-0.0023259789454830758,0.002323740984602608,0.004455147367664783,-0.00319322688345409,0.00319322688345409
2008-03-13,0.0,0.00723684534825303,-0.0016994325284564445,0.005284585179378508,0.004455085436846803,0.015277083436021896,-0.015277083436021896
2008-03-14,0.0,0.014110522859762994,-0.0007531423959732146,-0.004156710315893861,0.004454824239042242,0.013655494386938161,-0.013655494386938161
2008-03-15,0.0,-0.0018663456900715279,-6.283290360095274e-05,-0.012053032309274694,0.0044545491394116,-0.009527661763535575,0.009527661763535575
2008-03-16,0.0,-0.01782173429800758,0.0008756059615645826,-0.013798082434756219,0.004454185385956747,-0.02629002538524247,0.02629002538524247
2008-03-17,0.0,-0.005057951871677266,0.0016205368768090474,-0.011402133464491414,0.0044540067997795,-0.010385541659580132,0.010385541659580132
2008-03-18,0.0,0.011649382052552988,0.002288148962532496,-0.00749440751319791,0.004453860106680362,0.010896983608567936,-0.010896983608567936
2008-03-19,0.0,0.003485343979597141,0.0030308230819471368,-0.004532493972854652,0.004453372024489718,0.006437045113179344,-0.006437045113179344
2008-03-20,0.0,-0.024907596569801318,0.003437960943309014,-0.0032644123108011664,0.004453180158623003,-0.02028086777867047,0.02028086777867047
2008-03-21,0.0,0.02633837620694955,0.004082339229554679,-0.0016856801649880947,0.004452970762560044,0.03318800603407618,-0.03318800603407618
2008-03-22,0.0,0.0061184931773547,0.0042210689944698915,-0.00547357477899647,0.00445196744206383,0.009317954834891954,-0.009317954834891954
2008-03-23,0.0,-0.014919894761130847,0.004469016761334394,-0.005514881526174015,0.004450889777147254,-0.011514869748823214,0.011514869748823214
2008-03-24,0.0,-0.012839204058131075,0.004510500531263412,0.004459900829708744,0.0044496717537548,0.000580869056595882,-0.000580869056595882
2008-03-25,0.0,0.016107859737226105,0.004298083705173253,0.01301676962211666,0.004449097739558174,0.03787181080407419,-0.03787181080407419
2008-03-26,0.0,0.007440865395447458,0.004134963139820423,0.014478328074563156,0.004457708152790298,0.030511864762621337,-0.030511864762621337
2008-03-27,0.0,-0.017414578772375396,0.003506395917413859,0.008587577938824326,0.0044669181237726495,-0.0008536867923645613,0.0008536867923645613
2008-03-28,0.0,0.014385610632960566,0.003124767540856902,0.006483355166490104,0.004476255673761978,0.02846998901406955,-0.02846998901406955
2008-03-29,0.0,0.00030466523526382966,0.0023317640312006463,0.006441460641421181,0.004485011336578966,0.013562901244464624,-0.013562901244464624
2008-03-30,0.0,0.021922692456833762,0.0016358813875827776,0.0036418548507033046,0.0044938378045810655,0.031694266499700904,-0.031694266499700904
2008-03-31,0.0,-0.020049228735329463,0.0008906744645791283,0.003491114681364119,0.0045019811989966295,-0.011165458390389585,0.011165458390389585
2008-04-01,0.0,-0.03364422026410868,-5.912253364852358e-05,0.010731092184011118,0.0045098780888352934,-0.018462372524910793,0.018462372524910793
2008-04-02,0.0,0.03702227481784397,-0.00072106868842468,0.018413564683177803,0.004517644981008921,0.05923241579360602,-0.05923241579360602
2008-04-03,0.0,0.01307873470141305,-0.0018029574178584445,0.011427706060906666,0.0045246774065817825,0.027228160751043055,-0.027228160751043055
2008-04-04,0.0,-0.00786553799868497,-0.002491875113043695,-0.0005443194902140437,0.004540440183933349,-0.006361292418009361,0.006361292418009361
2008-04-05,0.0,-0.010447983533970107,-0.0032998214711302504,-0.012098705086291992,0.004556633816117019,-0.02128987627527533,0.02128987627527533
2008-04-06,0.0,0.0014872396901225082,-0.003896510097199204,-0.01714102007231701,0.004572874753276074,-0.014977415726117632,0.014977415726117632
2008-04-07,0.0,-0.01039720758529425,-0.004262690295855853,-0.018838203461389,0.004588985120594315,-0.028909116221944788,0.028909116221944788
2008-04-08,0.0,-0.005640557000962942,-0.004777778828722476,-0.01239970171595217,0.004605242610838498,-0.018212794934799093,0.018212794934799093
2008-04-09,0.0,0.01966386755553917,-0.004712797818345833,0.0016628032204940284,0.0046215601675094874,0.02123543312519685,-0.02123543312519685
2008-04-10,0.0,0.002447978579066117,-0.004925794054986986,0.010214905149051677,0.004637566155706199,0.012374655828837008,-0.012374655828837008
2008-04-11,0.0,-0.01330712007601689,-0.0046808430052714,0.0074237157495798435,0.004653671634271798,-0.00591057569743665,0.00591057569743665
2008-04-12,0.0,0.005764719711751206,-0.004445049140736913,-0.005490909002393919,0.004669582487650216,0.0004983440562705901,-0.0004983440562705901
2008-04-13,0.0,-0.006429805580894034,-0.004075220647714022,-0.011820211940909712,0.0046852928985934225,-0.017639945270924346,0.017639945270924346
2008-04-14,0.0,-0.008043482772860225,-0.0033119118728097184,-0.0143356781948793,0.0047011377988011895,-0.020989935041748054,0.020989935041748054
2008-04-15,0.0,0.014627262957824749,-0.0028087866189946773,-0.008819796607008523,0.0047173227992208105,0.007716002531042359,-0.007716002531042359
2008-04-16,0.0,-0.00871065372545084,-0.0017953028543364403,-0.0027733446813469832,0.004733082816589807,-0.008546218444544458,0.008546218444544458
2008-04-17,0.0,0.007100280366946782,-0.0010533763839464796,0.008176440611074651,0.004749435756742333,0.018972780350817287,-0.018972780350817287
2008-04-18,0.0,-0.005079318193033374,-8.486604088588301e-06,0.008379554840755898,0.004765859504065428,0.008057609547699364,-0.008057609547699364
2008-04-19,0.0,0.006902702045973904,0.000969821222280979,0.0012190869857999324,0.004782026149351935,0.01387363640340675,-0.01387363640340675
2008-04-20,0.0,-0.008976405107904959,0.0017060093901499125,-0.01007899397786446,0.004797699404863248,-0.012551690290756258,0.012551690290756258
2008-04-21,0.0,-0.02071553523233997,0.002778116068097608,-0.014059757266698756,0.004813538515097838,-0.02718363791584328,0.02718363791584328
2008-04-22,0.0,0.02093592137333411,0.0033110895056465265,-0.0027501160471264407,0.004829293350421049,0.026326188182275244,-0.026326188182275244
2008-04-23,0.0,0.015689027112929035,0.004177528704016197,0.006218924402890973,0.004844490605488687,0.030929970825324893,-0.030929970825324893
2008-04-24,0.0,-0.0011675245848717446,0.00458636207587235,0.009708647328167883,0.004859580155718048,0.017987064974886537,-0.017987064974886537
2008-04-25,0.0,-0.008955691948349422,0.0050287149275713375,0.012327637867165007,0.004874370920826381,0.013275031767213303,-0.013275031767213303
2008-04-26,0.0,-0.020844813803211168,0.005419911247706644,0.012769138692392795,0.004899103985233028,0.0022433401221212982,-0.0022433401221212982
2008-04-27,0.0,-0.0002673493909536545,0.005303763278813921,0.010006146013290368,0.004924371541361771,0.019966931442512405,-0.019966931442512405
2008-04-28,0.0,0.0442743258134466,0.00539957163791698,0.007581308645919782,0.004949245950233535,0.0622044520475169,-0.0622044520475169
2008-04-29,0.0,-0.01473766182918184,0.004788597939784913,0.0020215869850238486,0.004973745537945529,-0.00295373136642755,0.00295373136642755
2008-04-30,0.0,0.009139429134451343,0.004490306532230004,0.0029284995828371533,0.004998695545735533,0.021556930795254035,-0.021556930795254035
2008-05-01,0.0,-0.007967034792712293,0.003780207490690475,-0.0015716560485146353,0.00502355466119846,-0.0007349286893379931,0.0007349286893379931
2008-05-02,0.0,-0.029148431513308305,0.0029583901674583813,-0.007009665379912772,0.005047835828179665,-0.02815187089758303,0.02815187089758303
2008-05-03,0.0,0.006469356401059931,0.0022391952628011145,-0.0034653307643392373,0.005072264741328715,0.010315485640850523,-0.010315485640850523
2008-05-04,0.0,0.03330586380919514,0.0010733520956779474,0.001992417070913806,0.005096943205347807,0.0414685761811347,-0.0414685761811347
2008-05-05,0.0,0.0006699784041249578,0.0002740604952908777,0.005151805786725798,0.005121261568179539,0.011217106254321173,-0.011217106254321173
2008-05-06,0.0,-0.01704410593293481,-0.0010516776846676258,0.004356323003411418,0.005145590925167451,-0.008593869689023564,0.008593869689023564
2008-05-07,0.0,-0.009827017963941148,-0.0020123240152872656,0.0006333591054956539,0.005170311976503395,-0.0060356708972293645,0.0060356708972293645
2008-05-08,0.0,-0.005936287565445498,-0.003013342041801084,-0.00038679039004142594,0.005194736304379711,-0.004141683692908297,0.004141683692908297
2008-05-09,0.0,0.01638074637479498,-0.004035981578076291,-0.004988184788855595,0.005219327508126775,0.01257590751598987,-0.01257590751598987
2008-05-10,0.0,0.004595518738197874,-0.0046179725492777384,-0.013679251140378473,0.005243634757107458,-0.00845807019435088,0.00845807019435088
2008-05-11,0.0,0.0029459072352160786,-0.00549147368260069,-0.009573122258332314,0.0052679799384107995,-0.006850708767306125,0.006850708767306125
2008-05-12,0.0,-0.021975807070679525,-0.005674286273942153,-0.0009460269957345141,0.005292610467172395,-0.0233035098731838,0.0233035098731838
2008-05-13,0.0,0.015516349201014237,-0.0060454061140968645,0.010666357449951785,0.005317070976968581,0.02545437151383774,-0.02545437151383774
2008-05-14,0.0,-0.005205114992000245,-0.006083132140943784,0.01155081501033637,0.005340114008497152,0.005602681885889493,-0.005602681885889493
2008-05-15,0.0,-0.009020387590184024,-0.005888534434518018,0.0017332344555070244,0.005363468969399552,-0.007812218599795466,0.007812218599795466
2008-05-16,0.0,-0.00471972028795808,-0.005715908783499453,-0.008294541306425336,0.00538713603394613,-0.013343034343936739,0.013343034343936739
2008-05-17,0.0,0.016506593067563417,-0.004908250493996251,-0.019268649236658487,0.005411051649669498,-0.0022592550134218235,0.0022592550134218235
2008-05-18,0.0,0.016307975288865923,-0.00443490749433024,-0.023367280369929612,0.0054349343255254276,-0.006059278249868501,0.006059278249868501
2008-05-19,0.0,-0.02322136031249242,-0.003305133680549295,-0.02079905857660412,0.005459187052512079,-0.041866365517133755,0.041866365517133755
2008-05-20,0.0,-0.025704490194504402,-0.002279359207736287,-0.0033392040137456506,0.0054833821055462525,-0.025839671310440085,0.025839671310440085
2008-05-21,0.0,0.02769242734102007,-0.0011227120341594132,0.012663606482945995,0.0055075825694485174,0.04474090435925517,-0.04474090435925517
2008-05-22,0.0,-0.013968930928063096,0.00021840928164963778,0.011506452608196096,0.005531953867983035,0.0032878848297656724,-0.0032878848297656724
2008-05-23,0.0,0.012458024392484867,0.0011653613274267922,-0.0009208336443814958,0.00555669663220754,0.018259248707737704,-0.018259248707737704
2008-05-24,0.0,0.004440242044188892,0.0025717767624319943,-0.01146261273550068,0.005580922790298991,0.0011303288614191971,-0.0011303288614191971
2008-05-25,0.0,0.0010042239528327262,0.003460883525625004,-0.01549279116763224,0.005605335862016146,-0.005422347827158363,0.005422347827158363
2008-05-26,0.0,0.006672617580413453,0.004595454750839891,-0.006801475054913028,0.0056293829697859656,0.010095980246126283,-0.010095980246126283
2008-05-27,0.0,-0.03825626701290783,0.005462815037669078,0.014031816231323525,0.005653891135172299,-0.013107744608742929,0.013107744608742929
2008-05-28,0.0,-0.056466757165363354,0.006091979314425625,0.038568604895299514,0.005678887291022113,-0.006127285664616105,0.006127285664616105
2008-05-29,1.0,0.17307226026852002,0.006853083946800108,0.06050341375445228,0.005704315756237016,0.24613307372600943,0.7538669262739905
2008-05-30,0.0,-0.056797781363042164,0.0067393004475244525,0.03489269870298883,0.005710397404312823,-0.009455384808216064,0.009455384808216064
2008-05-31,0.0,-0.03005786349331702,0.00691520604166627,0.007020266508461296,0.005716520648078661,-0.01040587029511079,0.01040587029511079
2008-06-01,0.0,-0.0028282540917114836,0.0064360999712271705,-0.012637062125251758,0.005722981138935089,-0.0033062351068009806,0.0033062351068009806
2008-06-02,0.0,-0.002945305917849844,0.006032261165300844,-0.017619890279803,0.005729302608593755,-0.008803632423758246,0.008803632423758246
2008-06-03,0.0,0.0114568253802289,0.0053540059403187085,-0.012297899725446286,0.005735715464154989,0.010248647059256311,-0.010248647059256311
2008-06-04,0.0,0.017551684151580323,0.004308132933262508,-0.004442460244479679,0.005742259155989476,0.023159615996352627,-0.023159615996352627
2008-06-05,0.0,-0.026284663800907812,0.0035129060221689773,0.0010472558425351185,0.005748332551127961,-0.015976169385075754,0.015976169385075754
2008-06-06,0.0,0.029154510178652393,0.002104651131144267,0.003551648534729659,0.005754452638026625,0.04056526248255295,-0.04056526248255295
2008-06-07,0.0,-0.022218941475480487,0.0010709100740600832,-0.010901328579068678,0.005760398446347686,-0.026288961534141397,0.026288961534141397
2008-06-08,0.0,-0.023295895404454477,-0.00039232142778643936,-0.02575842346143087,0.005765991503492947,-0.04368064879017884,0.04368064879017884
2008-06-09,0.0,0.014980036424000788,-0.0016767746235052305,-0.025553719185218274,0.005771987496386847,-0.00647846988833587,0.00647846988833587
2008-06-10,0.0,0.009769956368387565,-0.0027972191226651047,-0.021176185700453418,0.00577896277592405,-0.008424485678806909,0.008424485678806909
2008-06-11,0.0,-0.007497832838027415,-0.004142872884882668,-0.0074292719853049465,0.0057858456971087375,-0.013284132011106294,0.013284132011106294
2008-06-12,0.0,0.003634194383377319,-0.004919109940333311,0.002399399911205113,0.0057928152653064675,0.006907299619555589,-0.006907299619555589
2008-06-13,0.0,-0.004110843729180623,-0.005922893751589393,0.011029007401685052,0.0057998919025869615,0.006795161823501997,-0.006795161823501997
2008-06-14,0.0,0.017523814080259274,-0.0063252277222740705,0.010418618954418247,0.005806338969475225,0.027423544281878674,-0.027423544281878674
2008-06-15,0.0,-0.036256698475398676,-0.006779886043353749,0.00172441556607809,0.005812728194522597,-0.03549944075815174,0.03549944075815174
2008-06-16,0.0,0.0053031520062136045,-0.007024822981995033,-0.005229132611230057,0.005819867195428478,-0.0011309363915830073,0.0011309363915830073
2008-06-17,0.0,0.015603420991452338,-0.006819500798186339,-0.002820991861384646,0.005827028464484017,0.01178995679636537,-0.01178995679636537
2008-06-18,0.0,0.00676593792026814,-0.0067578360561007175,0.004871398346272444,0.005833884177697403,0.010713384388137268,-0.010713384388137268
2008-06-19,0.0,-0.007572778204002397,-0.006005099936995353,0.011425114957838387,0.005840510675193306,0.003687747492033943,-0.003687747492033943
2008-06-20,0.0,0.0034534830424824145,-0.005442399425134328,0.007844857379985807,0.005847056402723097,0.01170299740005699,-0.01170299740005699
2008-06-21,0.0,-0.013944723501564522,-0.0043730855385195125,0.0025743899214446674,0.005852793262953611,-0.009890625855685755,0.009890625855685755
2008-06-22,0.0,0.005748032551415985,-0.003212433799571154,-0.002502910807900111,0.005859182146549712,0.005891870090494432,-0.005891870090494432
2008-06-23,0.0,0.008972738138442155,-0.0020955058460944637,-0.009778749959261448,0.005865845613496434,0.002964327946582677,-0.002964327946582677
2008-06-24,0.0,0.003984095424248143,-0.0006575680683496537,-0.008704942188044943,0.005872478639521882,0.0004940638073754281,-0.0004940638073754281
2008-06-25,0.0,-0.022077732765272053,0.00039703623052382596,-0.003781597174748807,0.005879413452770376,-0.019582880256726658,0.019582880256726658
2008-06-26,0.0,0.014429448286369079,0.0019126456308388776,0.008442209061906824,0.005886156233373001,0.030670459212487785,-0.030670459212487785
2008-06-27,0.0,-0.005876769952424056,0.0030100264080185086,0.01132702288026965,0.005892352723467061,0.014352632059331162,-0.014352632059331162
2008-06-28,0.0,-0.017387695234086818,0.0041834017795958555,0.005643223149135466,0.005898606946805969,-0.0016624633585495254,0.0016624633585495254
2008-06-29,0.0,0.037887685110892154,0.005296535763934199,0.0018971260242514143,0.0059053556168682676,0.05098670251594603,-0.05098670251594603
2008-06-30,0.0,0.005218062410010089,0.005994017206171413,0.005264064220296416,0.005911611185372844,0.02238775502185076,-0.02238775502185076
2008-07-01,0.0,-0.022710683463055357,0.006848054074583946,0.013335420932624254,0.005917811901025599,0.0033906034451784426,-0.0033906034451784426
2008-07-02,0.0,0.0012725707512820635,0.006997815825996116,0.020058567957199132,0.005923938832096275,0.03425289336657359,-0.03425289336657359
2008-07-03,0.0,0.009298797095428609,0.00728958418556619,0.021227832206788463,0.005929647111300574,0.043745860599083836,-0.043745860599083836
2008-07-04,0.0,0.0061323607573427735,0.007081943493147379,0.011165908580970623,0.005935971660905369,0.030316184492366144,-0.030316184492366144
2008-07-05,0.0,0.006380120846794456,0.00669579137456308,-0.00580919245556378,0.005942612686937012,0.013209332452730767,-0.013209332452730767
2008-07-06,0.0,-0.027589586637564535,0.006188905392889672,-0.025247643766118485,0.005948701268866811,-0.04069962374192653,0.04069962374192653
2008-07-07,0.0,0.01229536066169922,0.00516446434941464,-0.025496997638042848,0.005954730268657746,-0.0020824423582712437,0.0020824423582712437
2008-07-08,0.0,0.01855558718611401,0.004457249992898761,-0.01661107987709836,0.005960919285202785,0.012362676587117196,-0.012362676587117196
2008-07-09,0.0,-0.034719892275589956,0.0031450698777389196,-0.003338561278691462,0.00596644795851061,-0.02894693571803189,0.02894693571803189
2008-07-10,0.0,0.0042516645271223515,0.0020356743454984713,0.005580503875059992,0.005972200159409709,0.017840042907090525,-0.017840042907090525
2008-07-11,0.0,-0.007809504197017917,0.0006384539896866434,0.00202625309700859,0.005978261504448046,0.0008334643941253625,-0.0008334643941253625
2008-07-12,0.0,0.026636162493620715,-0.000781272449228906,-0.0019140389929280992,0.0059845908499770025,0.02992544190144071,-0.02992544190144071
2008-07-13,0.0,-0.0028494715980958755,-0.002025123798049073,-0.012972269682695874,0.005989965999002445,-0.011856899079838378,0.011856899079838378
2008-07-14,0.0,-0.004840063333159558,-0.003524681190127303,-0.018124469460140496,0.00599570790794274,-0.020493506075484617,0.020493506075484617
2008-07-15,0.0,-0.00036238146117330684,-0.004477022567323415,-0.01944332358385947,0.006001143838495314,-0.018281583773860875,0.018281583773860875
2008-07-16,0.0,-0.0252584112639489,-0.0055912899199771545,-0.005080790813514218,0.006006515469048075,-0.029923976528392196,0.029923976528392196
2008-07-17,0.0,0.010606484776921396,-0.006258621724560532,0.008167352356144207,0.006012520819461014,0.018527736227966086,-0.018527736227966086
2008-07-18,0.0,0.01598393941524948,-0.006838270968509693,0.01381023073465847,0.006018640667783091,0.028974539849181347,-0.028974539849181347
2008-07-19,0.0,0.0015176434505507414,-0.007340969233268214,0.007484078068874169,0.006024231323220116,0.007684983609376813,-0.007684983609376813
2008-07-20,0.0,-0.025459787771340794,-0.00731547395732997,0.002046301711029213,0.006030213093002839,-0.024698746924638713,0.024698746924638713
2008-07-21,0.0,0.027757425502154116,-0.007374223236553359,-0.0021496507368360005,0.00603625973990874,0.024269811268673495,-0.024269811268673495
2008-07-22,0.0,-0.0054641742681763895,-0.006846522967206815,-0.0068446943780523795,0.006041713791335344,-0.01311367782210024,0.01311367782210024
2008-07-23,0.0,-0.027266022262157942,-0.00633636867736463,-0.005640733432158113,0.006047256536752336,-0.03319586783492835,0.03319586783492835
2008-07-24,0.0,0.008922335439156034,-0.00540634603658389,0.004167813645593769,0.006052987948247118,0.01373679099641303,-0.01373679099641303
2008-07-25,0.0,0.04649436828305426,-0.0042710824590947915,0.017718866683590816,0.006058329809471602,0.06600048231702188,-0.06600048231702188
2008-07-26,0.0,-0.03292017029939565,-0.003217053364755533,0.015546808598735544,0.006063243090993041,-0.014527171974422605,0.014527171974422605
2008-07-27,0.0,-0.005464587185984302,-0.0017414882288670983,0.010767719068324695,0.006067994943422719,0.009629638596896015,-0.009629638596896015
2008-07-28,0.0,0.0049419892013290185,-0.0005506038117521486,0.008072400495125408,0.006072112633821781,0.01853589851852406,-0.01853589851852406
2008-07-29,0.0,-0.0030842090853985264,0.0009835249771032195,0.007458743363504015,0.006076560645155495,0.011434619900364203,-0.011434619900364203
2008-07-30,0.0,0.010075089934810367,0.002276036723936999,0.0027374897047805825,0.006081713024209327,0.021170329387737274,-0.021170329387737274
2008-07-31,0.0,-0.01895124946841729,0.0035485543984660386,0.0049636349044525005,0.006087002642453696,-0.0043520575230450555,0.0043520575230450555
2008-08-01,0.0,0.01189699871431168,0.004863710397467965,0.013136175806671745,0.006092283649596639,0.03598916856804803,-0.03598916856804803
2008-08-02,0.0,0.04885261863663656,0.005800156198700434,0.017590632148524802,0.006097649464606413,0.07834105644846821,-0.07834105644846821
2008-08-03,0.0,-0.0349410579235414,0.006835040984107629,0.008314973432220577,0.0061018692234191575,-0.013689174283794039,0.013689174283794039
2008-08-04,0.0,-0.022480939850047708,0.0072678335770793015,-0.0030355983359951037,0.006107022682358184,-0.012141681926605325,0.012141681926605325
2008-08-05,0.0,-0.0015271668686881964,0.007728531465196387,-0.009624938327782892,0.006112395242589122,0.0026888215113144206,-0.0026888215113144206
2008-08-06,0.0,0.039005978727180715,0.007774206728031899,-0.01259326133471385,0.006117603192697631,0.04030452731319639,-0.04030452731319639
2008-08-07,0.0,-0.0178887855853182,0.0074635077635790414,-0.023597816804024667,0.006122255224790735,-0.02790083940097309,0.02790083940097309
2008-08-08,0.0,0.004457450787354475,0.0071345497584245215,-0.033241319407191335,0.006127500727774894,-0.015521818133637445,0.015521818133637445
2008-08-09,0.0,-0.012731920992083201,0.006299190290503124,-0.03131799169146303,0.006132755839215453,-0.031617966553827655,0.031617966553827655
2008-08-10,0.0,-0.019708046362581354,0.005645154261524214,-0.023862619520459285,0.006138075251709633,-0.03178743636980679,0.03178743636980679
2008-08-11,0.0,-0.02162000283509465,0.004434447661795433,-0.005912018910056105,0.006144082649820949,-0.016953491433534373,0.016953491433534373
2008-08-12,0.0,0.045992883586893775,0.0032638480271377454,0.008894984304189585,0.006149986668988049,0.06430170258720916,-0.06430170258720916
2008-08-13,0.0,0.020553011968614178,0.0018566898503578006,0.01704621881274193,0.006155061999035575,0.04561098263074948,-0.04561098263074948
2008-08-14,0.0,-0.03535215540569719,0.00028677422259367684,0.016857296955825902,0.006160276619090434,-0.012047807608187175,0.012047807608187175
2008-08-15,0.0,0.0106125555280017,-0.0010625582978970945,0.007153396194667417,0.006165490947624823,0.02286888437239685,-0.02286888437239685
2008-08-16,0.0,-0.009797798275979064,-0.002737812486181119,-0.004254137592390087,0.006169960790362501,-0.010619787564187771,0.010619787564187771
2008-08-17,0.0,0.006923183380453952,-0.003906841558257544,-0.005691178136242289,0.006174474473606136,0.003499638159560255,-0.003499638159560255
2008-08-18,0.0,0.00851899973815217,-0.005226636006107884,0.0014235110698939254,0.006179113016450972,0.010894987818389185,-0.010894987818389185
2008-08-19,0.0,-0.013015263083617305,-0.006226014493537947,0.010322027122461894,0.006183461201216166,-0.002735789253477192,0.002735789253477192
2008-08-20,0.0,0.0053991968064089155,-0.007072444914180704,0.019271914414964467,0.00618812554729363,0.02378679185448631,-0.02378679185448631
2008-08-21,0.0,0.0130640198051534,-0.007791250435106723,0.016296097212967084,0.006193161803025061,0.027762028386038824,-0.027762028386038824
2008-08-22,0.0,-0.01690676384447256,-0.007993074083732694,0.010547131674141128,0.006197990047067269,-0.008154716206996857,0.008154716206996857
2008-08-23,0.0,-0.0034067201382754204,-0.008258912358557571,-0.005685724503141589,0.006203064940915314,-0.011148292059059267,0.011148292059059267
2008-08-24,0.0,0.0024147203042958545,-0.007932242914569272,-0.019679711595388543,0.006208220120117614,-0.018989014085544344,0.018989014085544344
2008-08-25,0.0,0.013471020325591635,-0.00753523297509609,-0.020106159660198093,0.006213537595104434,-0.007956834714598113,0.007956834714598113
2008-08-26,0.0,0.005901650343711323,-0.006742877943194475,-0.009639361590474465,0.006219240951296729,-0.004261348238660889,0.004261348238660889
2008-08-27,0.0,-0.01974911119099673,-0.005631147660121243,0.004027382106277616,0.006224986756231767,-0.01512788998860859,0.01512788998860859
2008-08-28,0.0,0.004571865841074118,-0.00453787893634742,0.010667925452271026,0.006230816096741933,0.016932728453739658,-0.016932728453739658
2008-08-29,0.0,-0.00028657504520750784,-0.0029982566572611625,0.014962967087994383,0.006236697823143094,0.017914833208668806,-0.017914833208668806
2008-08-30,0.0,-0.019864553851726818,-0.001648313900884105,0.0100733066853668,0.00624335329410944,-0.005196207773134683,0.005196207773134683
2008-08-31,0.0,0.027556197439583565,1.8465514654353395e-05,0.005889432652256551,0.006259003640674044,0.039723099247168506,-0.039723099247168506
2008-09-01,0.0,-0.00956118977372174,0.00147531072909269,-0.0007406097150305158,0.0062745727522744744,-0.002551916007385092,0.002551916007385092
2008-09-02,0.0,0.022282933728176652,0.0029548982236508913,0.0036514309039550868,0.006290509858268403,0.03517977271405103,-0.03517977271405103
2008-09-03,0.0,8.957081930562673e-05,0.004512966648437327,0.013357691952034461,0.006305577535110952,0.024265806954888367,-0.024265806954888367
2008-09-04,0.0,-0.04579158909641145,0.005653597334448794,0.021575401104420182,0.0063200480911359234,-0.012242542566406552,0.012242542566406552
2008-09-05,0.0,0.014804511326012397,0.006899349366262972,0.020714351309039456,0.006334547048678499,0.04875275904999332,-0.04875275904999332
2008-09-06,0.0,0.06311884317477218,0.007580654970979452,0.009506212925389074,0.006349210321511944,0.08655492139265265,-0.08655492139265265
2008-09-07,0.0,-0.026238342035176658,0.008186858317177208,-0.011749291579232943,0.0063629586561720864,-0.023437816641060306,0.023437816641060306
2008-09-08,0.0,-0.023493987573858628,0.008386871325908013,-0.032157410349545126,0.006377051942189925,-0.04088747465530582,0.04088747465530582
2008-09-09,0.0,-0.014169687734884277,0.008228987434017891,-0.04016835755919215,0.006391483585457388,-0.03971757427460115,0.03971757427460115
2008-09-10,0.0,-0.0023424849750670568,0.008008252732962084,-0.03871071814059511,0.0064057417981324225,-0.026639208584567663,0.026639208584567663
2008-09-11,0.0,-0.006902045665154414,0.007253769786924847,-0.02121860342125393,0.006420585883330863,-0.014446293416152636,0.014446293416152636
2008-09-12,0.0,0.031530995780713326,0.006621241795651503,-0.0062050480073776275,0.006435594222074046,0.03838278379106125,-0.03838278379106125
2008-09-13,0.0,-0.0004071392506714113,0.005393022969152734,-0.00041070925561936914,0.006450579532846949,0.011025753995708903,-0.011025753995708903
2008-09-14,0.0,-0.01883474867277619,0.004157515337241433,0.002141156730243343,0.006465399701300104,-0.00607067690399131,0.00607067690399131
2008-09-15,0.0,-0.005127308138162279,0.0027587898689396275,0.00682590329780812,0.006480549137014708,0.010937934165600176,-0.010937934165600176
2008-09-16,0.0,0.005745014966893026,0.0010858316798283613,0.007911523264763118,0.0064953722500770165,0.02123774216156152,-0.02123774216156152
2008-09-17,0.0,0.022011757820739327,-0.0003787918432747388,0.005059031934483946,0.006510585409840967,0.033202583321789506,-0.033202583321789506
2008-09-18,0.0,-0.022234099031176246,-0.0021891835292752334,-0.0030418856556786904,0.006525889768624551,-0.020939278447505615,0.020939278447505615
2008-09-19,0.0,0.008623298782738681,-0.0035031632172663474,-1.9967002291008387e-05,0.0065413816731675406,0.011641550236348865,-0.011641550236348865
2008-09-20,0.0,0.0022605160941063245,-0.0050080931753059554,0.008021781431617572,0.006557150768606412,0.011831355119024353,-0.011831355119024353
2008-09-21,0.0,0.011071923566158636,-0.006146046950772851,0.011295881574084983,0.006573086737035477,0.022794844926506245,-0.022794844926506245
2008-09-22,0.0,-0.016115700909245894,-0.007084787043125075,0.013384540305026614,0.006588672371402494,-0.0032272752759418613,0.0032272752759418613
2008-09-23,0.0,-0.02654769399461618,-0.007950993578545944,0.01889832674383407,0.006603685393681761,-0.008996675435646289,0.008996675435646289
2008-09-24,0.0,0.03829438958894098,-0.008226325971881103,0.02055534003127833,0.006618904286857217,0.05724230793519541,-0.05724230793519541
2008-09-25,0.0,0.007411623679858474,-0.008660441398136726,0.007972450091061293,0.006633621679981307,0.013357254052764347,-0.013357254052764347
2008-09-26,0.0,-0.005600105387354945,-0.008434335616503677,-0.0008725484937251258,0.006647951727079683,-0.008259037770504067,0.008259037770504067
2008-09-27,0.0,-0.013927478344151258,-0.008129932420542588,-0.004780549707122874,0.006662465545685303,-0.020175494926131417,0.020175494926131417
2008-09-28,0.0,0.030205810385708992,-0.007363613953543107,-0.0009162747269856748,0.00667695134234765,0.02860287304752786,-0.02860287304752786
2008-09-29,0.0,-0.040536716126586235,-0.006300765884450937,0.0010375776297857876,0.00669118644599906,-0.03910871793525232,0.03910871793525232
2008-09-30,0.0,-0.005578796040538636,-0.0052306635004776714,0.0053834774307415225,0.006705671757275871,0.0012796896470010852,-0.0012796896470010852
2008-10-01,0.0,0.041207486442807834,-0.0036250617351114263,0.010835973122034416,0.0067199408156320885,0.05513833864536291,-0.05513833864536291
2008-10-02,0.0,-0.003908270116315798,-0.002324767635583979,0.00670484465312982,0.006733953740015678,0.007205760641245721,-0.007205760641245721
2008-10-03,0.0,-0.021317659665136643,-0.0006286022361351273,-0.004571448347093279,0.00674858831480484,-0.01976912193356021,0.01976912193356021
2008-10-04,0.0,0.0008859800603150315,0.000901811095605572,-0.012498772451069116,0.006763295744985952,-0.003947685550162561,0.003947685550162561
2008-10-05,0.0,-0.004376139997234304,0.0024701558083675534,-0.009219922206438911,0.006777662325690076,-0.004348244069615585,0.004348244069615585
2008-10-06,0.0,-0.001490796163906393,0.004146228677563372,-0.004351516153377311,0.006791817668800565,0.005095734029080233,-0.005095734029080233
2008-10-07,0.0,0.04038302580894217,0.0053861559695532945,0.000325325955901375,0.006806626057049005,0.05290113379144585,-0.05290113379144585
2008-10-08,0.0,-0.02302270593251741,0.006772610595652847,-0.004806794636771751,0.006820660986113013,-0.0142362289875233,0.0142362289875233
2008-10-09,0.0,0.004179975083213806,0.007555367321592576,-0.005257951977375107,0.006834986504345723,0.013312376931776997,-0.013312376931776997
2008-10-10,0.0,-0.03144376625019134,0.008359185251663044,-0.014279068958040863,0.006849462699096607,-0.03051418725747255,0.03051418725747255
2008-10-11,0.0,0.0032745467713338684,0.008717884004772802,-0.02509456248096905,0.006863805401642803,-0.006238326303219577,0.006238326303219577
2008-10-12,0.0,0.02873387700426342,0.008675555358113594,-0.028873501967215758,0.006878121768843565,0.015414052164004825,-0.015414052164004825
2008-10-13,0.0,-0.03268702129469338,0.008646895868596733,-0.029334254977267913,0.0068927637138300295,-0.04648161668953453,0.04648161668953453
2008-10-14,0.0,0.00019292096822065436,0.00794271307140905,-0.007959403290221783,0.006907647193673812,0.007083877943081732,-0.007083877943081732
2008-10-15,0.0,0.006411010224166727,0.007368450911655829,0.012305716252481199,0.006922475551710662,0.03300765294001442,-0.03300765294001442
2008-10-16,0.0,0.02189089328351742,0.006185379803991415,0.02439876827621253,0.006937413027039642,0.059412454390761,-0.059412454390761
2008-10-17,0.0,0.0009938452295339857,0.004991739153144419,0.027231111408308244,0.006951572448578232,0.04016826823956488,-0.04016826823956488
2008-10-18,0.0,-0.029106188860213017,0.0035992563877988663,0.022233738340371283,0.006966098792383757,0.0036929046603408873,-0.0036929046603408873
2008-10-19,0.0,0.004049176634644771,0.0018366700894084293,0.01134272822649707,0.006980603775543313,0.02420917872609358,-0.02420917872609358
2008-10-20,0.0,0.038144319716476784,0.0003381439928421717,0.004097154546716468,0.0069949314193903335,0.04957454967542575,-0.04957454967542575
2008-10-21,0.0,-0.008284822128030061,-0.0016646420728310262,8.364047133070846e-05,0.007008780097059627,-0.002857043632470753,0.002857043632470753
2008-10-22,0.0,-0.012740947955464188,-0.0030877625253680915,0.0009874875126273377,0.007023337336229941,-0.007817885631975,0.007817885631975
2008-10-23,0.0,0.0049172556089513075,-0.004724255131571399,-0.001208933576882186,0.007037908181286246,0.006021975081783969,-0.006021975081783969
2008-10-24,0.0,-0.022222173647605703,-0.006074295155989883,-0.008380624706266613,0.007052000388263018,-0.029625093121599177,0.029625093121599177
2008-10-25,0.0,0.01856285496334996,-0.007086193157315699,-0.006627243701264152,0.007066306959871682,0.011915725064641789,-0.011915725064641789
2008-10-26,0.0,-0.011538240990433645,-0.008173555109768551,-0.005218803353610117,0.007081025163332252,-0.017849574290480064,0.017849574290480064
2008-10-27,0.0,0.02401268221321427,-0.008561138854083623,0.006203507112672333,0.0070959902737701515,0.028751040745573133,-0.028751040745573133
2008-10-28,0.0,-0.021832890682936784,-0.009216668350365649,0.01134624231938895,0.007111150255150025,-0.012592166458763456,0.012592166458763456
2008-10-29,0.0,0.01896991393494245,-0.009044105401087375,0.013447190121796517,0.007126438405750185,0.03049943706140178,-0.03049943706140178
2008-10-30,0.0,-0.014047410321541848,-0.008826343121050035,0.013666890573597846,0.0071409918390271995,-0.0020658710299668384,0.0020658710299668384
2008-10-31,0.0,-0.012429232127955388,-0.008209064421906399,0.003747678056164616,0.007155601007302546,-0.009735017486394628,0.009735017486394628
2008-11-01,0.0,0.03551245589640529,-0.0071033769978968994,-0.003909558986829581,0.007170131637630854,0.03166965154930966,-0.03166965154930966
2008-11-02,0.0,0.00213656112001201,-0.0061714611613274675,-0.0018609723195554934,0.007184084043970154,0.0012882116830992031,-0.0012882116830992031
2008-11-03,0.0,-0.04279739301534244,-0.004467111665341141,0.004489649473535968,0.007208071594984127,-0.035566783612163484,0.035566783612163484
2008-11-04,0.0,0.010981425649594487,-0.0031242470408875747,0.01638980689510399,0.007232466412223489,0.03147945191603439,-0.03147945191603439
2008-11-05,0.0,0.015935346374794917,-0.0013159186264228738,0.018329491827223154,0.0072564144183525,0.0402053339939477,-0.0402053339939477
2008-11-06,0.0,-0.0022415163398831666,0.00032801978724799176,0.005322603907763029,0.007279610902191896,0.01068871825731975,-0.01068871825731975
2008-11-07,0.0,-0.0015361364894953035,0.001978838885476956,-0.00912046201726209,0.007303442923539795,-0.0013743166977406417,0.0013743166977406417
2008-11-08,0.0,-0.004065229771946574,0.003853727170854006,-0.02500035075168015,0.007327232271016113,-0.017884621081756605,0.017884621081756605
2008-11-09,0.0,0.022231961408177167,0.005106057351304673,-0.02951410086340977,0.007350759489805621,0.005174677385877693,-0.005174677385877693
2008-11-10,0.0,-0.01614900422657184,0.006734844427561738,-0.03115951717123309,0.007374882593957007,-0.033198794376286186,0.033198794376286186
2008-11-11,0.0,-0.030286063678152945,0.007693134423951557,-0.019480056305859948,0.0073991614162488934,-0.03467382414381245,0.03467382414381245
2008-11-12,0.0,0.022320951369734356,0.008637524187926206,-0.009949284305506803,0.007423650878430334,0.028432842130584092,-0.028432842130584092
2008-11-13,0.0,-0.02449152931480498,0.009207345762873003,-0.014767438018534309,0.007448495539251578,-0.02260312603121471,0.02260312603121471
2008-11-14,0.0,0.010611232249688038,0.00919423176014549,-0.019715994687184112,0.007473033911861984,0.0075625032345114,-0.0075625032345114
2008-11-15,0.0,0.013944667481725084,0.009307127759366242,-0.021743106221891264,0.007497947318336717,0.009006636337536778,-0.009006636337536778
2008-11-16,0.0,-0.0032011095020613245,0.008588662352342229,-0.020177782398540407,0.007523941803497083,-0.007266287744762419,0.007266287744762419
2008-11-17,0.0,0.015113714572317225,0.008093833480691277,-0.005314351046545031,0.007549551539002745,0.025442748545466215,-0.025442748545466215
2008-11-18,0.0,-0.049481357158797055,0.006932612700944038,0.016730764601432826,0.007574788769377716,-0.018243191087042476,0.018243191087042476
2008-11-19,0.0,-0.04807274499001113,0.005685517841210577,0.04732753935927566,0.007600428916959026,0.01254074112743413,-0.01254074112743413
2008-11-20,1.0,0.17163790089672407,0.0043702759739185915,0.07343686851535847,0.007626005685235061,0.2570710510712362,0.7429289489287638
2008-11-21,0.0,-0.042771253799665114,0.002314278320439721,0.048747147072217833,0.0076324375506210225,0.015922609143613462,-0.015922609143613462
2008-11-22,0.0,-0.05299870747797226,0.0007316074020281553,0.01896589325269918,0.007638722701845622,-0.0256624841213993,0.0256624841213993
2008-11-23,0.0,0.01825431252682644,-0.001432211956806938,-0.007305949974594085,0.0076454841448527315,0.017161634740278146,-0.017161634740278146
2008-11-24,0.0,-0.016871605258881234,-0.0030164662293198207,-0.02148250947671112,0.007651912349674374,-0.0337186686152378,0.0337186686152378
2008-11-25,0.0,0.011427754339915564,-0.004740399676813181,-0.01705096264951185,0.007658382034004112,-0.0027052259524053546,0.0027052259524053546
2008-11-26,0.0,0.00930195076792734,-0.0063005539429459665,-0.005055633111995856,0.007664905695541261,0.005610669408526779,-0.005610669408526779
2008-11-27,0.0,-0.0035737911108351303,-0.007307081120070714,0.013539021839262992,0.007671485376940922,0.01032963498529807,-0.01032963498529807
2008-11-28,0.0,0.01326934351003991,-0.008609993362298127,0.021132076503350368,0.00767834012928394,0.033469766780376095,-0.033469766780376095
2008-11-29,0.0,-0.006020228319379191,-0.008974062388944312,0.009357909252928261,0.007684955252862655,0.0020485737974674113,-0.0020485737974674113
2008-11-30,0.0,-0.02983650664962295,-0.009658148893186029,-0.008881658632059138,0.0076908058997127654,-0.04068550827515536,0.04068550827515536
2008-12-01,0.0,0.011464922365013732,-0.009532710842526798,-0.01984504484664944,0.007696660003571273,-0.010216173320591233,0.010216173320591233
2008-12-02,0.0,0.0181984077480051,-0.009130907098027542,-0.022625908650396643,0.0077029316621487,-0.005855476338270386,0.005855476338270386
2008-12-03,0.0,-0.002898379177722988,-0.00859740813108852,-0.013260222385412055,0.007708791586304632,-0.01704721810791893,0.01704721810791893
2008-12-04,0.0,-0.0037875489073392775,-0.007270652249164532,-0.002491580896285203,0.0077155242593345075,-0.005834257793454505,0.005834257793454505
2008-12-05,0.0,-0.0242761533558441,-0.006273175436334605,0.008528262563955608,0.007722792649977848,-0.01429827357824525,0.01429827357824525
2008-12-06,0.0,0.03159411005173609,-0.00434395589440982,0.01278857136926942,0.0077307412117531915,0.04776946673834888,-0.04776946673834888
2008-12-07,0.0,-0.033784287311702334,-0.0028938480264472776,0.0009417274323126343,0.007737758767570772,-0.027998649138266208,0.027998649138266208
2008-12-08,0.0,0.01176349354368449,-0.00103242817629926,-0.007818539841200645,0.007745105361975145,0.01065763088815973,-0.01065763088815973
2008-12-09,0.0,0.007493902197386185,0.0008601610507093522,-0.016859114128378424,0.007752535755929485,-0.0007525151243534013,0.0007525151243534013
2008-12-10,0.0,0.01214983515312336,0.0024252337624140934,-0.014772213705598678,0.007759948174033071,0.007562803383971848,-0.007562803383971848
2008-12-11,0.0,0.006332349937385023,0.004473221949476271,-0.012971078531409929,0.007767451597236114,0.0056019449526874794,-0.0056019449526874794
2008-12-12,0.0,-0.0201821383801448,0.005712412600674162,-0.009997190265940762,0.007774445898373933,-0.016692470147037466,0.016692470147037466
2008-12-13,0.0,-0.02902901413718981,0.007377394304024857,-0.0058075419101440325,0.00778136281791509,-0.019677798925393897,0.019677798925393897
2008-12-14,0.0,-0.024039160832641696,0.008365554129147048,0.001371260679255972,0.007788735012365052,-0.0065136110118736235,0.0065136110118736235
2008-12-15,0.0,0.09035438078965118,0.009153771999556722,0.005335506327174342,0.007796290161394269,0.11263994927777651,-0.11263994927777651
2008-12-16,0.0,-0.016015805594313183,0.009676326257277008,-0.005159116804741969,0.00780263090514479,-0.0036959652366333542,0.0036959652366333542
2008-12-17,0.0,-0.03754617037285627,0.009428279712498972,-0.010592167078618018,0.00781967848796664,-0.030890379251008678,0.030890379251008678
2008-12-18,0.0,-0.001280254862889779,0.009509992201138124,-0.007449073749885892,0.007836894432718634,0.008617558021081087,-0.008617558021081087
2008-12-19,0.0,-0.0105271195009781,0.008603537422058886,-0.0002546783256074114,0.007853205008938208,0.005674944604411582,-0.005674944604411582
2008-12-20,0.0,0.0043383454197406445,0.00787608064056197,0.01220056221893342,0.007869173711329149,0.032284161990565184,-0.032284161990565184
2008-12-21,0.0,0.0644606728956465,0.006664977331239006,0.02598999600267645,0.007885220237525567,0.10500086646708752,-0.10500086646708752
2008-12-22,0.0,-0.014743557191645024,0.005071978077485087,0.029116632600421185,0.00790039995820563,0.02734545344446688,-0.02734545344446688
2008-12-23,0.0,-0.01623703839601138,0.0036471293954417035,0.030893389184061072,0.007915365685201252,0.02621884586869265,-0.02621884586869265
2008-12-24,0.0,-0.006413475694634414,0.0014148785589703952,0.017937475467081104,0.007930435926962041,0.020869314258379127,-0.020869314258379127
2008-12-25,0.0,-0.016041783707997775,-0.0001816639718170561,0.0021367032635806332,0.007946268856384784,-0.0061404755598494145,0.0061404755598494145
2008-12-26,0.0,0.010358997048959068,-0.0023397220816565607,-0.009739425431700338,0.007962367205236034,0.006242216740838203,-0.006242216740838203
2008-12-27,0.0,0.026026416053264646,-0.004013484329715539,-0.018601827686476387,0.00797840028418977,0.011389504321262492,-0.011389504321262492
2008-12-28,0.0,-0.010678338803765113,-0.005618787911982225,-0.019786481780774908,0.007993692402335014,-0.028089916094187227,0.028089916094187227
2008-12-29,0.0,-0.001617488088295392,-0.007300083417229821,-0.006329466835798073,0.008009488160508378,-0.007237550180814909,0.007237550180814909
2008-12-30,0.0,-0.008810703381641565,-0.008096730042795569,0.008967273699684971,0.008026065348649424,8.590562389726095e-05,-8.590562389726095e-05
2008-12-31,0.0,-0.00838425764308476,-0.009330713449617369,0.01804804486544547,0.008041925711715614,0.008374999484458958,-0.008374999484458958
2009-01-01,0.0,0.005623809980041601,-0.009584933469274172,0.01626429540148793,0.00805740383693453,0.02036057574918989,-0.02036057574918989
2009-01-02,0.0,0.005111413990173482,-0.010004711533374067,0.0011162447256261837,0.008073074642636308,0.004296021825061907,-0.004296021825061907
2009-01-03,0.0,0.011235676105814425,-0.009827069800599024,-0.008958573208796908,0.008088703130799783,0.0005387362272182769,-0.0005387362272182769
2009-01-04,0.0,0.001331432989926343,-0.009154256130250955,-0.010657883287956303,0.008104014323087508,-0.01037669210519341,0.01037669210519341
2009-01-05,0.0,-0.022808175280982064,-0.008622782399340449,-0.004133172149586021,0.008119503844421021,-0.027444625985487518,0.027444625985487518
2009-01-06,0.0,0.013323888903031435,-0.007013430991956468,0.001898897266464922,0.008135162307850623,0.016344517485390512,-0.016344517485390512
2009-01-07,0.0,-0.03694107054773336,-0.005905742540496358,0.011976343481483789,0.0081505675518615,-0.022719902054884424,0.022719902054884424
2009-01-08,0.0,0.02079888308032602,-0.0038772238515619624,0.010001694061662904,0.008166351743613878,0.03508970503404084,-0.03508970503404084
2009-01-09,0.0,0.04584038456068648,-0.0021768369053007707,-0.004838652512406554,0.008181901682805463,0.04700679682578462,-0.04700679682578462
2009-01-10,0.0,-0.025382406401686992,-0.00040611923142092467,-0.026924482784087128,0.008196996947803847,-0.0445160114693912,0.0445160114693912
2009-01-11,0.0,-0.01135402022446717,0.001737619220004471,-0.040794228692266565,0.008212870415102361,-0.042197759281626904,0.042197759281626904
2009-01-12,0.0,-0.003400740428638076,0.0032205477751206637,-0.03518379214259661,0.008229116694840553,-0.02713486810127346,0.02713486810127346
2009-01-13,0.0,-0.032874897544945186,0.0053761787570795316,-0.026746202520034495,0.008244853160400786,-0.046000068147499365,0.046000068147499365
2009-01-14,0.0,-0.015348005737944759,0.006599279539854409,-0.009616701130581592,0.008260915136908817,-0.010104512191763124,0.010104512191763124
2009-01-15,0.0,0.07316072318055714,0.00823930051405541,0.005616205635681068,0.008277191018452026,0.09529342034874563,-0.09529342034874563
2009-01-16,0.0,0.013772866816530826,0.009273593313686369,0.009383795616300643,0.00829196934601298,0.04072222509253082,-0.04072222509253082
2009-01-17,0.0,-0.05230178910830017,0.009800934813847691,0.00723348559578894,0.008307418426075498,-0.02695995027258804,0.02695995027258804
2009-01-18,0.0,-0.03539497251660789,0.01042711331898329,0.006116231628832808,0.008323427134543912,-0.010528200434247882,0.010528200434247882
2009-01-19,0.0,0.03391156048236781,0.009972073201162751,0.013128612793107553,0.008339596238427689,0.0653518427150658,-0.0653518427150658
2009-01-20,0.0,0.022307593694315207,0.009933349876422502,0.02198150799243561,0.00835508478012195,0.06257753634329527,-0.06257753634329527
2009-01-21,0.0,0.019088834374656125,0.00888299628698955,0.023197768931360364,0.008370330203086362,0.059539929796092406,-0.059539929796092406
2009-01-22,0.0,-0.026761062281155747,0.007862657680308839,0.020991108286008937,0.008385094217204778,0.010477797902366807,-0.010477797902366807
2009-01-23,0.0,0.02232635845253521,0.006575198432764285,0.028875387297306286,0.008399985935212113,0.06617693011781789,-0.06617693011781789
2009-01-24,0.0,0.023386504442043796,0.004695256355165416,0.02155398286823145,0.008415646311103636,0.0580513899765443,-0.0580513899765443
2009-01-25,0.0,-0.04935020065774238,0.0032574219250975974,0.012549549155442501,0.008431114818468534,-0.025112114758733747,0.025112114758733747
2009-01-26,0.0,-0.021195478115306404,0.0008603739846959123,0.0017566142858423273,0.008447064380010782,-0.01013142546475738,0.01013142546475738
2009-01-27,0.0,0.03165797708504087,-0.0008136327375397323,-0.0026853589271380795,0.008463158580990891,0.03662214400135395,-0.03662214400135395
2009-01-28,0.0,0.0356512245660081,-0.002957748849478483,-0.0038148352644271776,0.008479046074765021,0.037357686526867454,-0.037357686526867454
2009-01-29,0.0,-0.01577611657841011,-0.004903053284526412,-0.00938562907681477,0.008494196663222129,-0.021570602276529165,0.021570602276529165
2009-01-30,0.0,-0.015982688535172408,-0.006375402051927285,-0.015001491881421462,0.00850982869901861,-0.028849753769502544,0.028849753769502544
2009-01-31,0.0,-0.0075862542860429365,-0.00817706412612543,-0.020409954885904736,0.00852597735181958,-0.027647295946253522,0.027647295946253522
2009-02-01,0.0,-0.0029542944251113546,-0.00883679480501371,-0.017109224164712483,0.008541946402444581,-0.02035836699239297,0.02035836699239297
2009-02-02,0.0,-0.01113471726544463,-0.010028713638021339,-0.010879292312752652,0.008558202083841735,-0.02348452113237689,0.02348452113237689
2009-02-03,0.0,0.025263512758795716,-0.010239364357966716,-0.0022615399989872973,0.008574281051341127,0.02133688945318283,-0.02133688945318283
2009-02-04,0.0,0.017078238346888867,-0.010462358436218788,0.0037084990779080837,0.008589335924702093,0.018913714913280255,-0.018913714913280255
2009-02-05,0.0,-0.03170853213414461,-0.010361117855342945,0.00903298368129807,0.008614506601866752,-0.024422159706322735,0.024422159706322735
2009-02-06,0.0,0.0006103796210413823,-0.009353758655054029,0.0023876920042375143,0.00864010178800851,0.0022844147582333782,-0.0022844147582333782
2009-02-07,0.0,-0.02125638436034828,-0.008797964823708936,-0.0011945857342884271,0.008665198873621856,-0.022583736044723787,0.022583736044723787
2009-02-08,0.0,0.006454738544164073,-0.0069697726905712,-0.006513074441441345,0.008690555776329212,0.0016624471884807398,-0.0016624471884807398
2009-02-09,0.0,0.03776214090346297,-0.005618678413460028,-0.00015123210037431374,0.00871616016112466,0.04070839055075329,-0.04070839055075329
2009-02-10,0.0,-0.0030364698370708492,-0.0036320715249782785,0.004755587352060595,0.008740073598032057,0.006827119588043524,-0.006827119588043524
2009-02-11,0.0,0.004195072650641924,-0.0016451596218164286,0.003900806799404087,0.008764002407741292,0.015214722235970875,-0.015214722235970875
2009-02-12,0.0,-0.038824721243057005,1.6661822593341854e-05,-0.008005479273351856,0.008788842101589076,-0.038024696592226445,0.038024696592226445
2009-02-13,0.0,0.0016831033408820388,0.002449247948499363,-0.019579362143872674,0.008814024602870887,-0.006632986251620385,0.006632986251620385
2009-02-14,0.0,-0.008426103807868372,0.0038460683656906637,-0.030201450566599463,0.008839030020138722,-0.025942455988638452,0.025942455988638452
2009-02-15,0.0,0.027156996426178658,0.006093252207155245,-0.03618043812626347,0.008864515614467222,0.005934326121537657,-0.005934326121537657
2009-02-16,0.0,-0.008412708911372729,0.007387255559169109,-0.02548910288454564,0.00888943438343038,-0.01762512185331888,0.01762512185331888
2009-02-17,0.0,0.008726916429968663,0.00878689574813201,0.002659463215116482,0.00891491085501832,0.029088186248235476,-0.029088186248235476
2009-02-18,0.0,-0.0346034166233029,0.010003069248495151,0.02756656563567592,0.008940018909285962,0.011906237170154132,-0.011906237170154132
2009-02-19,0.0,0.017905592985489972,0.01023496657020712,0.03837029432374843,0.008965769757835215,0.07547662363728073,-0.07547662363728073
2009-02-20,0.0,0.018853450445098716,0.010937250281344603,0.03566427070278265,0.008990846995112748,0.07444581842433871,-0.07444581842433871
2009-02-21,0.0,-0.044675749017551655,0.01028138726029074,0.01913150563407122,0.009015709278185204,-0.0062471468450044955,0.0062471468450044955
2009-02-22,0.0,0.07425927383075355,0.010083736410843728,0.012362316302992588,0.009040658557862399,0.10574598510245227,-0.10574598510245227
2009-02-23,0.0,0.003909255817868665,0.008934355759959205,0.005517313588988491,0.009064081033971782,0.02742500620078814,-0.02742500620078814
2009-02-24,0.0,-0.01564522467340633,0.0075404288256905525,-0.0011766175476441158,0.009088556336673787,-0.00019285705868610573,0.00019285705868610573
2009-02-25,0.0,-0.008467129036165519,0.006342110250250358,0.0036947713816851413,0.00911332263905583,0.01068307523482581,-0.01068307523482581
2009-02-26,0.0,-0.059263691455829846,0.004123182415516499,0.0071219544075397465,0.00913728307948831,-0.038881271553285295,0.038881271553285295
2009-02-27,0.0,0.03068555269561572,0.0027023016875738406,0.01013909308138095,0.009161724655675208,0.05268867212024572,-0.05268867212024572
2009-02-28,0.0,0.05930330189429623,0.00024075425471597897,0.004541255519413557,0.009186125638008373,0.07327143730643414,-0.07327143730643414
2009-03-01,0.0,-0.012742412236200415,-0.0016316371849758081,0.0010825270230179094,0.00920979916014284,-0.0040817232380154726,0.0040817232380154726
2009-03-02,0.0,-0.03151453904465798,-0.0036369779220898867,-0.004287160403015393,0.0092339372052949,-0.03020474016446836,0.03020474016446836
2009-03-03,0.0,0.0015161709122995934,-0.005818077571682536,-0.007904949950263,0.009258154567621368,-0.0029487020420245758,0.0029487020420245758
2009-03-04,0.0,-0.011804881004681368,-0.00705051761656267,-0.010312098232448538,0.009281657367812753,-0.019885839485879825,0.019885839485879825
2009-03-05,0.0,-0.013779667308381486,-0.008953161737748332,-0.010629821066655724,0.009305297084638616,-0.024057353028146922,0.024057353028146922
2009-03-06,0.0,0.058578940879325164,-0.009439033067162738,-0.004063326053698091,0.009329243591344762,0.05440582534980909,-0.05440582534980909
2009-03-07,0.0,0.009108732956390107,-0.010483998392835831,-0.007201083957991888,0.009351887833034561,0.0007755384385969497,-0.0007755384385969497
2009-03-08,0.0,-0.055952858963008875,-0.010768697430402333,-0.009782629398755998,0.009375279109185106,-0.0671289066829821,0.0671289066829821
2009-03-09,0.0,0.004928830647247667,-0.010492303765915468,-0.007364036176599801,0.00940979327567731,-0.003517716019590292,0.003517716019590292
2009-03-10,0.0,-0.019082287843695284,-0.010444786517395544,0.0035088465897903194,0.009444523450748362,-0.016573704320552145,0.016573704320552145
2009-03-11,0.0,-0.0018768933535458837,-0.00904610192137427,-0.0007781385005016851,0.009478542388477824,-0.0022225913869440145,0.0022225913869440145
2009-03-12,0.0,0.03395091103396441,-0.008408563901273631,-0.00185286399168273,0.009512438350997875,0.03320192149200592,-0.03320192149200592
2009-03-13,0.0,0.009510407928688088,-0.006427814602253534,-0.008117362136293394,0.009545880166848538,0.004511111356989698,-0.004511111356989698
2009-03-14,0.0,0.015588799630307237,-0.004831289193429814,-0.004938264867239859,0.009578947494100543,0.015398193063738108,-0.015398193063738108
2009-03-15,0.0,-0.04299456602523258,-0.002968307044611585,-0.009855857640945362,0.00961215371857005,-0.04620657699221947,0.04620657699221947
2009-03-16,0.0,-0.01926694126522669,-0.0006009419086223678,-0.011708808464195733,0.00964494443681552,-0.021931747201229274,0.021931747201229274
2009-03-17,0.0,0.035747325022905674,0.0008835288628920056,-0.007345154699405257,0.009677558903002793,0.038963258089395214,-0.038963258089395214
2009-03-18,0.0,-0.03985560474302729,0.003523633919453803,-0.014723410248509773,0.00971025598599093,-0.04134512508609233,0.04134512508609233
2009-03-19,0.0,0.03153451313883497,0.004871279817315176,-0.015138932798189782,0.009743091248570276,0.031009951406530636,-0.031009951406530636
2009-03-20,0.0,0.016276975812736204,0.006841330815481181,-0.02012332515520419,0.009774736149786146,0.012769717622799341,-0.012769717622799341
2009-03-21,0.0,-0.012521766573316651,0.008274655267746671,-0.015462935204780993,0.009807170952893554,-0.009902875557457417,0.009902875557457417
2009-03-22,0.0,-0.012087564973070942,0.009219640798620778,0.005325440095396038,0.009840086410758913,0.012297602331704786,-0.012297602331704786
2009-03-23,0.0,-0.039576582502867996,0.010584578062732794,0.03418488825050933,0.009873380456566305,0.015066264266940436,-0.015066264266940436
2009-03-24,0.0,-0.05047718212861283,0.010401428192973398,0.05917051009525949,0.009906760493501107,0.029001516653121166,-0.029001516653121166
2009-03-25,1.0,0.21203100689270005,0.011068552198352358,0.08361490140881564,0.009939277119649167,0.3166537376195172,0.6833462623804828
2009-03-26,0.0,-0.049176886598318446,0.010132219575844134,0.05408916476752151,0.009951019882349236,0.02499551762739643,-0.02499551762739643
2009-03-27,0.0,-0.039927575918631476,0.009437358577452886,0.015435329520257968,0.009963635324556942,-0.005091252496363682,0.005091252496363682
2009-03-28,0.0,-0.01654559406965014,0.008333560865898072,-0.02474376203942084,0.009976418699974095,-0.022979376543198815,0.022979376543198815
2009-03-29,0.0,-0.021220763601391822,0.006461041350189456,-0.046137768918764296,0.009989455293947964,-0.0509080358760187,0.0509080358760187
2009-03-30,0.0,-0.005895522567886977,0.005394238987407453,-0.037565008330290674,0.010002955520798537,-0.02806333638997166,0.02806333638997166
2009-03-31,0.0,0.06511918067167376,0.0030281461526884676,-0.014272632656173782,0.010017503559384211,0.06389219772757265,-0.06389219772757265
2009-04-01,0.0,-0.028556812126106553,0.001554315691279123,0.00446927928069806,0.010031433369235038,-0.012501783784894333,0.012501783784894333
2009-04-02,0.0,0.010855781069542403,-0.0007146784864049333,0.016096893516367106,0.010045332218118763,0.03628332831762334,-0.03628332831762334
2009-04-03,0.0,-0.03609962417656225,-0.0027289799700201144,0.008635158967105273,0.01006048011924595,-0.020132965060231135,0.020132965060231135
2009-04-04,0.0,-0.013644012880612203,-0.004296415109464477,-0.009380714621761639,0.010075107872232088,-0.017246034739606234,0.017246034739606234
2009-04-05,0.0,0.02540432860009836,-0.006559482584955943,-0.026771871225551185,0.010089003594203873,0.0021619783837951052,-0.0021619783837951052
2009-04-06,0.0,0.008309915753736843,-0.007366085008556502,-0.03480026772773767,0.010103341852574459,-0.023753095129982874,0.023753095129982874
2009-04-07,0.0,0.02694582984136059,-0.008998335184641902,-0.01671206758833234,0.01011750362531784,0.01135293069370419,-0.01135293069370419
2009-04-08,0.0,-0.03376717547121712,-0.009421038887827877,0.0019945283008387907,0.010131572544813254,-0.03106211351339294,0.03106211351339294
2009-04-09,0.0,-0.007885445350497495,-0.009890600285223018,0.02225246905362411,0.010146411865278943,0.014622835283182537,-0.014622835283182537
2009-04-10,0.0,0.0064388069808400325,-0.010231824963383592,0.020062807359458423,0.010161448035521553,0.026431237412436415,-0.026431237412436415
2009-04-11,0.0,-0.03497260939984745,-0.009444980118640044,0.004243937220520611,0.010176665346484396,-0.029996986951482486,0.029996986951482486
2009-04-12,0.0,0.01182570639107945,-0.009417559689565088,-0.008316226038615112,0.010192028634685955,0.004283949297585205,-0.004283949297585205
2009-04-13,0.0,0.044935870402949156,-0.007839209101906726,-0.023656455431568024,0.010207447105123037,0.023647652974597443,-0.023647652974597443
2009-04-14,0.0,-0.0028698151044298324,-0.0070467118785439015,-0.01545195583741847,0.010222332737488508,-0.015146150082903695,0.015146150082903695
2009-04-15,0.0,-0.03163027738121041,-0.005317491091637165,0.003724424585492214,0.010238100642013944,-0.022985243245341416,0.022985243245341416
2009-04-16,0.0,0.006073651007880412,-0.0033981479396254176,0.021484180486789916,0.01025387016571514,0.03441355372076005,-0.03441355372076005
2009-04-17,0.0,0.0029476371100071843,-0.002002320345039968,0.0234852842589471,0.010268193080136434,0.034698794104050745,-0.034698794104050745
2009-04-18,0.0,-0.005748734418953071,0.00048800215035541965,0.0007061903916353285,0.010282801335619565,0.005728259458657242,-0.005728259458657242
2009-04-19,0.0,0.0032953161299462703,0.0017064918073835394,-0.024149540860336497,0.010297458005267126,-0.00885027491773956,0.00885027491773956
2009-04-20,0.0,0.02585740631927922,0.0039860242977316175,-0.03871819498879141,0.010312810463224395,0.0014380460914438266,-0.0014380460914438266
2009-04-21,0.0,-0.017395435725626726,0.005275768414535172,-0.04148354577091556,0.010327997990753403,-0.04327521509125371,0.04327521509125371
2009-04-22,0.0,-0.014561643162605775,0.0066156061909694655,-0.023268765674716668,0.010343859262447854,-0.020870943383905126,0.020870943383905126
2009-04-23,0.0,-0.045201218766542636,0.008150474504408147,0.013618159757579212,0.010359927173608672,-0.013072657330946607,0.013072657330946607
2009-04-24,0.0,-0.06574520182807098,0.00852689506689962,0.048262601041716056,0.010376584437482727,0.0014208787180274244,-0.0014208787180274244
2009-04-25,1.0,0.2491593615353134,0.009838183719813307,0.07889818414442792,0.010393646298890944,0.34828937569844554,0.6517106243015545
2009-04-26,0.0,-0.06980788207460265,0.009330245344342947,0.051177548959301086,0.010389558704202006,0.001089470933243391,-0.001089470933243391
2009-04-27,0.0,-0.07353316519479336,0.009481063639348867,0.030580253938282755,0.01038527912525026,-0.02308656849191148,0.02308656849191148
2009-04-28,0.0,0.03212250454414132,0.008785129099601056,0.012274265767808535,0.010382090394746708,0.06356398980629761,-0.06356398980629761
2009-04-29,0.0,-0.026307329798785008,0.007616298125420398,-0.009263707331606004,0.01037880890838176,-0.01757593009658885,0.01757593009658885
2009-04-30,0.0,0.03852396446712807,0.006876587639026717,-0.018776311534572925,0.010375464367021733,0.0369997049386036,-0.0369997049386036
2009-05-01,0.0,-0.014349851926712029,0.0048879329751924175,-0.027616987471306774,0.010372725119274645,-0.026706181303551742,0.026706181303551742
2009-05-02,0.0,-0.014109281467210048,0.004054257868642837,-0.026044101637902224,0.010370529209831978,-0.02572859602663746,0.02572859602663746
2009-05-03,0.0,0.036378744791402164,0.001929713491587574,-0.01779317444543265,0.010367495309411574,0.030882779146968662,-0.030882779146968662
2009-05-04,0.0,-0.024416240039180283,0.00044211426159917306,-0.016416467404888585,0.010365023589183278,-0.030025569593286415,0.030025569593286415
2009-05-05,0.0,-0.06200147069143147,-0.0011718253067373023,-0.013734113303655135,0.01036330102560411,-0.0665441082762198,0.0665441082762198
2009-05-06,0.0,0.053778365561248424,-0.0031697023343593192,0.0020021865772477214,0.010361815790552722,0.06297266559468954,-0.06297266559468954
2009-05-07,0.0,-0.0070982083017460005,-0.00412266061223052,-0.001261192086826663,0.010359971081234555,-0.00212208991956863,0.00212208991956863
2009-05-08,0.0,0.02519129988087217,-0.006086556344889527,0.0006011371463247089,0.010358275820968323,0.030064156503275673,-0.030064156503275673
2009-05-09,0.0,-0.007649446438199081,-0.0066984853711534375,-0.002222189387971151,0.010355471437521602,-0.006214649759802069,0.006214649759802069
2009-05-10,0.0,0.0022555876970223993,-0.00774658394452063,0.002730994817695014,0.010353687350769017,0.007593685920965801,-0.007593685920965801
2009-05-11,0.0,-0.002979323139478414,-0.008272133097513065,-0.004226027125043333,0.010351517136941022,-0.00512596622509379,0.00512596622509379
2009-05-12,0.0,-0.043154286282599076,-0.008198322038265378,-0.008009937258221387,0.010348790549686673,-0.04901375502939916,0.04901375502939916
2009-05-13,0.0,-0.016640568484039314,-0.008610452835182941,-0.003893166068131419,0.010356444859327567,-0.018787742528026105,0.018787742528026105
2009-05-14,0.0,0.06920335601127545,-0.007501895658277837,0.005537087936495678,0.010365135602115709,0.07760368389160899,-0.07760368389160899
2009-05-15,0.0,-0.0005554757609370848,-0.0074158562165741486,0.007379239989859111,0.010371776350753089,0.009779684363100966,-0.009779684363100966
2009-05-16,0.0,-0.024114114493600725,-0.006185159749324035,0.006540899169961322,0.010378169900924427,-0.013380205172039012,0.013380205172039012
2009-05-17,0.0,0.0053040688374988865,-0.0051371436648136115,0.0011955517774006506,0.010385121228293747,0.011747598178379674,-0.011747598178379674
2009-05-18,0.0,-0.018035417342518928,-0.004023893348361599,0.00033710697485849774,0.010391563211492476,-0.011330640504529553,0.011330640504529553
2009-05-19,0.0,0.0031898924575717363,-0.0020703937669633633,-0.0011659652675386591,0.010397366610691154,0.010350900033760867,-0.010350900033760867
2009-05-20,0.0,0.01194985539520176,-0.001170672475679048,-0.008740168547115814,0.010403346541811676,0.012442360914218575,-0.012442360914218575
2009-05-21,0.0,0.03877626820131864,0.0009493401841089754,-0.00640527071903492,0.01040881735301009,0.04372915501940279,-0.04372915501940279
2009-05-22,0.0,-0.037287414047037074,0.0019547335412415825,-0.006906694535853523,0.010414793476243533,-0.03182458156540548,0.03182458156540548
2009-05-23,0.0,-0.026935876248858456,0.003482884473671916,-0.004613286570225109,0.01042143931697967,-0.017644839028431978,0.017644839028431978
2009-05-24,0.0,-0.0029450380109476374,0.004716765387340277,-0.006048158565864854,0.010427355001036535,0.006150923811564321,-0.006150923811564321
2009-05-25,0.0,-0.00433209454304777,0.0052944584216335164,2.158307696690739e-05,0.010433459850419465,0.011417406805972119,-0.011417406805972119
2009-05-26,0.0,0.040508422528513104,0.0067471864472447894,0.008688677628372936,0.010440633670346817,0.06638492027447765,-0.06638492027447765
2009-05-27,0.0,0.01985768493218264,0.0067118997741340315,0.022398837348456466,0.01044674063503402,0.05941516268980716,-0.05941516268980716
2009-05-28,0.0,-0.018624808706472967,0.00750918417147088,0.03481143067900104,0.01045142849212763,0.03414723463612659,-0.03414723463612659
2009-05-29,0.0,-0.0018949333216971942,0.007194960696904822,0.03821553779866165,0.010456149040660903,0.05397171421453018,-0.05397171421453018
2009-05-30,0.0,0.015120887870387881,0.006942548736060132,0.03308078676851863,0.010470329846465499,0.06561455322143214,-0.06561455322143214
2009-05-31,0.0,-0.009932013889122978,0.0066540379054846836,0.013370347722269818,0.010483456328339314,0.020575828066970836,-0.020575828066970836
2009-06-01,0.0,-0.013766665598126846,0.005299616804786356,-0.01331729296772557,0.010496928493077115,-0.011287413267988945,0.011287413267988945
2009-06-02,0.0,0.004263035655196922,0.004921777493251003,-0.036450280566234644,0.010510654536792015,-0.016754812880994705,0.016754812880994705
2009-06-03,0.0,0.01644035016883718,0.0032115014567714404,-0.038180827398293614,0.01052408487675274,-0.008004890895932256,0.008004890895932256
2009-06-04,0.0,0.01556600787971489,0.0024344955699217652,-0.03382784321483198,0.010537489130779143,-0.005289850634416183,0.005289850634416183
2009-06-05,0.0,-0.060980028919604364,0.001019158686793798,-0.02684088450700937,0.010550815453280026,-0.0762509392865399,0.0762509392865399
2009-06-06,0.0,0.015172918619708556,-0.0004218403102140133,-0.0072413985624320545,0.010564560462928963,0.01807424020999145,-0.01807424020999145
2009-06-07,0.0,-0.03148535523855439,-0.0012356956203629815,0.004930552000934849,0.010578764177949193,-0.017211734680033328,0.017211734680033328
2009-06-08,0.0,0.06306998559605187,-0.0029553301118161726,0.018221470567982026,0.01059288053406157,0.0889290065862793,-0.0889290065862793
2009-06-09,0.0,0.013401375616844593,-0.0035243974089233946,0.015111930294106768,0.010605447411420022,0.035594355913447985,-0.035594355913447985
2009-06-10,0.0,-0.04104184295948224,-0.004986894008207357,0.004909882092189277,0.010617657241291873,-0.03050119763420845,0.03050119763420845
2009-06-11,0.0,0.02795251009671597,-0.0054957166605976455,-0.0050443991186615795,0.01063060267579028,0.028042996993247027,-0.028042996993247027
2009-06-12,0.0,-0.035630522014223745,-0.005935971800199144,-0.002597850235502765,0.010642568189912717,-0.03352177586001293,0.03352177586001293
2009-06-13,0.0,-0.01849415688926211,-0.0065020053612273,-0.0023743864312150567,0.010655628321202013,-0.016714920360502452,0.016714920360502452
2009-06-14,0.0,0.043377952074653,-0.005952796413001083,0.003369910803740605,0.010670061618172931,0.05146512808356546,-0.05146512808356546
2009-06-15,0.0,0.014513045418172686,-0.006251749040976494,0.009867640188322155,0.010684223263003813,0.02881315982852216,-0.02881315982852216
2009-06-16,0.0,-0.03292223717004622,-0.005320320485551128,0.007151293383517901,0.010696746958540912,-0.020394517313538536,0.020394517313538536
2009-06-17,0.0,0.02703525875778783,-0.0050086178549066775,0.0038403666165718474,0.010709919481272775,0.036576927000725776,-0.036576927000725776
2009-06-18,0.0,-0.04249202838957054,-0.004272201822216285,-0.011826443428171778,0.01072283274643426,-0.04786784089352433,0.04786784089352433
2009-06-19,0.0,0.017669363301166124,-0.0030624853605006083,-0.015295676800244287,0.010735754533958693,0.010046955674379921,-0.010046955674379921
2009-06-20,0.0,-0.00666752747891345,-0.0024315912831133733,-0.01402889135353638,0.010749159910682317,-0.012378850204880885,0.012378850204880885
2009-06-21,0.0,0.05360067524680408,-0.0006517567296518791,-0.007339068087985488,0.010762473967262733,0.056372324396429446,-0.056372324396429446
2009-06-22,0.0,-0.0345990197774297,-6.0934129421951166e-05,-0.004831349926381635,0.01077458278594383,-0.028716721047289458,0.028716721047289458
2009-06-23,0.0,-0.04345881712759947,0.0014952502914878005,0.004720236185586662,0.010787672322983478,-0.02645565832754153,0.02645565832754153
2009-06-24,0.0,0.02831991907695857,0.0024505753867378388,0.01495470609932778,0.010800765266533358,0.056525965829557545,-0.056525965829557545
2009-06-25,0.0,0.012828700704804246,0.00317995844375441,0.017406475973060328,0.010813233659611302,0.044228368781230286,-0.044228368781230286
2009-06-26,0.0,-0.007475570089950496,0.004340089424033956,0.003111157086422733,0.010826768900371677,0.01080244532087787,-0.01080244532087787
2009-06-27,0.0,-0.02085922967054704,0.004415637211901768,0.0009808635209162875,0.010840644148780982,-0.004622084788948004,0.004622084788948004
2009-06-28,0.0,0.033040664197084936,0.005474983375219376,0.009561753206350885,0.010854037328343578,0.05893143810699878,-0.05893143810699878
2009-06-29,0.0,0.03361485364099604,0.0052597084919647485,0.015572167299233646,0.010867020550188278,0.06531374998238271,-0.06531374998238271
2009-06-30,0.0,-0.020843428123682915,0.005508302126097416,0.01670433187381058,0.010879879196778498,0.012249085073003579,-0.012249085073003579
2009-07-01,0.0,-0.02549532186693276,0.005354147714564598,0.016603363223398844,0.0108921001107934,0.0073542891818240835,-0.0073542891818240835
2009-07-02,0.0,-0.038855300809641426,0.004655180782764955,0.017544689145554244,0.01090478035099042,-0.005750650530331809,0.005750650530331809
2009-07-03,0.0,0.09868804459251639,0.004592753054495935,0.011069665972665526,0.010918551669087177,0.12526901528876502,-0.12526901528876502
2009-07-04,0.0,-0.032677564812974076,0.0031630364241293576,-0.015915834655076632,0.01093135308252662,-0.03449900996139473,0.03449900996139473
2009-07-05,0.0,-0.02640911419095162,0.0027788936917604755,-0.03680728015518216,0.010944338437539898,-0.0494931622168334,0.0494931622168334
2009-07-06,0.0,0.006094691306168707,0.0015208843445613835,-0.03923273968672233,0.010958478008216479,-0.020658686027775763,0.020658686027775763
2009-07-07,0.0,-0.012100939848769024,0.0006027268539606078,-0.03561699711431327,0.010972037706473526,-0.036143172402648166,0.036143172402648166
2009-07-08,0.0,-0.013967357683417513,-0.00017535447909704322,-0.01857434006500226,0.01098619169282135,-0.021730860534695466,0.021730860534695466
2009-07-09,0.0,0.008806690060195084,-0.001515130369120233,-0.002818983870182464,0.011001896206429105,0.015474472027321492,-0.015474472027321492
2009-07-10,0.0,0.05172477982838073,-0.0017738814635121646,0.01699901508142405,0.011016780212528103,0.07796669365882072,-0.07796669365882072
2009-07-11,0.0,-0.029938014262877424,-0.003150904837867316,0.020525065485543868,0.011031205298101173,-0.0015326483170997,0.0015326483170997
2009-07-12,0.0,-0.034140510909400554,-0.003479620463237732,0.011396139419428011,0.011046085975970997,-0.015177905977239272,0.015177905977239272
2009-07-13,0.0,0.03148180053041991,-0.0042548160514629275,0.006159677792716552,0.011061363024301307,0.044448025295974844,-0.044448025295974844
2009-07-14,0.0,-0.0010578947244854432,-0.004711589850082981,0.002860903696532145,0.011076473826294965,0.008167892948258686,-0.008167892948258686
2009-07-15,0.0,-0.01948155625631167,-0.004495899672730023,0.003284030611403344,0.011091880575724338,-0.00960154474191401,0.00960154474191401
2009-07-16,0.0,0.040347737208817805,-0.004956725762301722,0.0031362228540542996,0.011107078665002743,0.04963431296557312,-0.04963431296557312
2009-07-17,0.0,-0.027469591483531383,-0.004200327048850096,0.005037544267927097,0.011121169231033736,-0.015511205033420647,0.015511205033420647
2009-07-18,0.0,-0.009064779702577722,-0.004208479317659998,0.013033453528168898,0.011135958926724296,0.010896153434655474,-0.010896153434655474
2009-07-19,0.0,0.03383146956838833,-0.003453880466133555,0.013016576558884975,0.011150356824824218,0.05454452248596397,-0.05454452248596397
2009-07-20,0.0,-0.0273301708386844,-0.002874895033397534,-0.002567281267656608,0.01116380211993663,-0.02160854501980191,0.02160854501980191
2009-07-21,0.0,0.0036261465827046886,-0.0024699577441064016,-0.02035021742968297,0.011178308294848557,-0.008015720296236126,0.008015720296236126
2009-07-22,0.0,0.02720923975620751,-0.001131573639063127,-0.02874868295825356,0.011193646924454603,0.008522630083345426,-0.008522630083345426
2009-07-23,0.0,-0.04157296815928483,-0.0007992346687733697,-0.027927153376762288,0.011207939902981584,-0.0590914163018389,0.0590914163018389
2009-07-24,0.0,-0.011201376390927454,0.0005840329513201595,-0.015440491406438436,0.011222233053278663,-0.014835601792767066,0.014835601792767066
2009-07-25,0.0,0.047879831957512636,0.0011504690358662875,-0.00039489827855469133,0.011236694564161655,0.05987209727898589,-0.05987209727898589
2009-07-26,0.0,-0.028033042001659743,0.0020562118798124543,0.025283420502179327,0.01125092330668955,0.010557513687021588,-0.010557513687021588
2009-07-27,0.0,-0.019425897137985704,0.0030169521328762437,0.03537442898413167,0.011266691494501616,0.030232175473523828,-0.030232175473523828
2009-07-28,0.0,0.024258183026263477,0.003145264522837512,0.03002033034901744,0.01128274909607527,0.0687065269941937,-0.0687065269941937
2009-07-29,0.0,0.01928316283846155,0.004091413349927852,0.013271816247320996,0.0112980383058881,0.0479444307415985,-0.0479444307415985
2009-07-30,0.0,-0.016372080829568387,0.0037807268963054117,-0.004058568158200553,0.011312575668601657,-0.005337346422861872,0.005337346422861872
2009-07-31,0.0,0.047503557687503306,0.004324274861551767,-0.007050471327152116,0.011327154044934949,0.05610451526683791,-0.05610451526683791
2009-08-01,0.0,-0.067928895231184,0.004016811592201017,-0.010834480777129452,0.011340377769363636,-0.0634061866467488,0.0634061866467488
2009-08-02,0.0,0.0069481113600239385,0.003702170711294143,-0.0005648619610355103,0.01135421691277693,0.021439637023059503,-0.021439637023059503
2009-08-03,0.0,0.04921885166387145,0.003757123685859514,0.010223849893042695,0.011370236865802507,0.07457006210857617,-0.07457006210857617
2009-08-04,0.0,-0.01744156170752701,0.002794028171085763,0.013542453230449758,0.01138512532828517,0.010280045022293679,-0.010280045022293679
2009-08-05,0.0,-0.02874421553499404,0.0026963786780051704,-0.004251304637551447,0.011399434826029451,-0.01889970666851086,0.01889970666851086
2009-08-06,0.0,-0.012857731680216377,0.0014354038043595631,-0.018665318829783697,0.0114142606866736,-0.01867338601896691,0.01867338601896691
2009-08-07,0.0,0.030304455015495297,0.0009229263454105875,-0.02730920943571804,0.01142913041702672,0.015347302342214564,-0.015347302342214564
2009-08-08,0.0,0.0015063451638852319,8.968933338613645e-05,-0.023696631301223313,0.01144331294350947,-0.010657283860442473,0.010657283860442473
2009-08-09,0.0,-0.010151043059916091,-0.0009272711406127739,-0.016450181651311013,0.011458586251029761,-0.016069909600810117,0.016069909600810117
2009-08-10,0.0,0.00016287968260501244,-0.0011781725993190752,-0.0077543292352796715,0.011473724464181498,0.0027041023121877634,-0.0027041023121877634
2009-08-11,0.0,-0.013931258319320267,-0.00236157930971779,0.008851554146735987,0.01148808665737126,0.004046803175069192,-0.004046803175069192
2009-08-12,0.0,0.024517840978547343,-0.002338832750154474,0.023283813523358052,0.011503080906065577,0.056965902657816495,-0.056965902657816495
2009-08-13,0.0,-0.012184304333521268,-0.003223973748825158,0.019496073712467442,0.011517810278627737,0.015605605908748753,-0.015605605908748753
2009-08-14,0.0,0.026062588238069048,-0.00353349893170288,0.006013067629486565,0.0115315650030045,0.040073721938857235,-0.040073721938857235
2009-08-15,0.0,-0.03315014987232471,-0.0036489085851766205,-0.003638695366951549,0.01154654733764975,-0.02889120648680313,0.02889120648680313
2009-08-16,0.0,0.0027805737873985437,-0.004012707564075841,-0.00024311838836150757,0.011562401823677872,0.010087149658639067,-0.010087149658639067
2009-08-17,0.0,-0.005810049653581594,-0.0033903530685712446,0.00838090088299312,0.011577682210486885,0.010758180371327168,-0.010758180371327168
2009-08-18,0.0,-0.00561485401440799,-0.003655530042611931,0.01450232397690263,0.01159275523073155,0.016824695150614258,-0.016824695150614258
2009-08-19,0.0,0.06117053712905175,-0.002770584136520943,0.020195403931703486,0.011608209073304373,0.09020356599753868,-0.09020356599753868
2009-08-20,0.0,-0.02214623222606081,-0.002452600754940873,0.01490202018225313,0.01162131544881458,0.0019245026500660251,-0.0019245026500660251
2009-08-21,0.0,-0.014482529130818777,-0.0019029903705331122,-0.002789652314937714,0.01163473723553129,-0.007540434580758313,0.007540434580758313
2009-08-22,0.0,0.004673332431584541,-0.001013370716159152,-0.027965198390048403,0.01164870762763071,-0.012656529046992304,0.012656529046992304
2009-08-23,0.0,-0.02262814842859552,-0.0007837036872152699,-0.03923215898150315,0.011662134261331024,-0.050981876835982924,0.050981876835982924
2009-08-24,0.0,-0.022665130017237363,0.00046332545671607186,-0.03449279794637514,0.011676128344752705,-0.04501847416214372,0.04501847416214372
2009-08-25,0.0,0.062190079053864374,0.0007673107126321438,-0.018467583285368645,0.011690520466070843,0.056180326947198725,-0.056180326947198725
2009-08-26,0.0,-0.04089091633481176,0.0016886408372132366,-0.009629510747253052,0.01170341611947645,-0.03712837012537513,0.03712837012537513
2009-08-27,0.0,0.013695573098737757,0.0023314082551172824,0.014302230064923701,0.011717302780645832,0.04204651419942457,-0.04204651419942457
2009-08-28,0.0,-0.044733738831124574,0.0027413833598078008,0.034597027272995365,0.011731512917083114,0.004336184718761706,-0.004336184718761706
2009-08-29,0.0,0.06901451962213515,0.0036265875742629524,0.040229330741668574,0.011745409369171239,0.1246158473072379,-0.1246158473072379
2009-08-30,0.0,-0.017633256950496275,0.003291223565166347,0.0285203825133199,0.0117580353433967,0.025936384471386673,-0.025936384471386673
2009-08-31,0.0,-0.02570561932516675,0.0038666617321622306,0.01152555573017159,0.011771471851729241,0.0014580699888963114,-0.0014580699888963114
2009-09-01,0.0,0.05258293775173305,0.0034384772727562947,0.0021722444500356366,0.011784717767760366,0.06997837724228534,-0.06997837724228534
2009-09-02,0.0,-0.010331015507694623,0.003332021059007756,-0.0095788853651348,0.011796680839781009,-0.0047811989740406576,0.0047811989740406576
2009-09-03,0.0,0.006231320052423277,0.003112539000172829,-0.025231124174321662,0.011810276020304666,-0.004076989101420892,0.004076989101420892
2009-09-04,0.0,-0.027973070878323805,0.0023586832708344615,-0.028291330719748674,0.011824144082614051,-0.04208157424462397,0.04208157424462397
2009-09-05,0.0,-0.05093850895038022,0.0024044452997342156,-0.01656973744447644,0.011837910105459962,-0.05326589098966248,0.05326589098966248
2009-09-06,0.0,0.029147209532464274,0.0013011273801515554,0.0026999670379438748,0.011852747403555228,0.04500105135411493,-0.04500105135411493
2009-09-07,0.0,0.05121646315622893,0.0010084571046957264,0.003993148874893388,0.011867374584465134,0.06808544372028318,-0.06808544372028318
2009-09-08,0.0,-0.009299305264876132,-4.3552095207071914e-05,0.0023470083361534252,0.01188110629045333,0.004885257266523552,-0.004885257266523552
2009-09-09,0.0,-0.052215853038254274,-0.0007829239195295352,0.0019426846986773626,0.011896060546181586,-0.039160031712924856,0.039160031712924856
2009-09-10,0.0,0.03269322575183349,-0.0012124819153349854,0.0033660069749818205,0.01191109438850775,0.04675784519998808,-0.04675784519998808
2009-09-11,0.0,-0.009264939765234782,-0.002330659282642777,-0.0025370612857993522,0.011924823239469569,-0.0022078370942073423,0.0022078370942073423
2009-09-12,0.0,0.003173949224234823,-0.0023776802965745835,-0.0009707604614224113,0.011938498768358057,0.011764007234595884,-0.011764007234595884
2009-09-13,0.0,0.03842376154695379,-0.0032345495426625995,0.005073388024716846,0.011951908289152208,0.05221450831816024,-0.05221450831816024
2009-09-14,0.0,-0.01931177692500073,-0.0032575806357874578,0.009977915033108433,0.011964869547434656,-0.0006265729802450992,0.0006265729802450992
2009-09-15,0.0,-0.02348466307965915,-0.0036022403803570376,0.012569273705595765,0.011978511789815287,-0.002539117964605136,0.002539117964605136
2009-09-16,0.0,0.01036000722416615,-0.0038584306343983042,-0.0007749517989573006,0.011993991827718516,0.017720616618529063,-0.017720616618529063
2009-09-17,0.0,-0.023337346918193468,-0.0033815410227954128,0.008282321622040211,0.01200952496902778,-0.006427041349920887,0.006427041349920887
2009-09-18,0.0,-0.021838667469477456,-0.003623933927457602,0.006967719184208017,0.012024618129448768,-0.006470264083278273,0.006470264083278273
2009-09-19,0.0,0.09297133095891823,-0.0027662481376438397,0.0057137789805569005,0.012039349195054708,0.107958210996886,-0.107958210996886
2009-09-20,0.0,-0.036228455831880176,-0.002688309417295304,-0.00024341446727536224,0.012052617923522977,-0.027107561792927864,0.027107561792927864
2009-09-21,0.0,0.012859655798530953,-0.0018402630406937656,0.006002804855304724,0.012066610276240107,0.02908880788938202,-0.02908880788938202
2009-09-22,0.0,-0.026770056174308592,-0.0010323402742504248,0.0009606389531963035,0.012080848131323967,-0.014760909364038746,0.014760909364038746
2009-09-23,0.0,-0.0005233797744049063,-0.000574231679276302,-0.011314192218442069,0.012094664421137795,-0.0003171392509854834,0.0003171392509854834
2009-09-24,0.0,0.00047795694586268513,0.0005390143497830996,-0.03246468918150648,0.01210821915230679,-0.01933949873355391,0.01933949873355391
2009-09-25,0.0,-0.015920953082193295,0.0008619290373645912,-0.04047880884419553,0.012132788032068022,-0.04340504485695622,0.04340504485695622
2009-09-26,0.0,0.0015368704990452089,0.0019902465508678632,-0.03151557793817839,0.01215718214708146,-0.015831278741183858,0.015831278741183858
2009-09-27,0.0,0.023502207958397275,0.0023811307258500922,-0.019571923404222074,0.012180994068324832,0.018492409348350124,-0.018492409348350124
2009-09-28,0.0,-0.009543214149725868,0.0029479898029487923,-0.00016782223933307894,0.012206143665726197,0.005443097079616042,-0.005443097079616042
2009-09-29,0.0,-0.033264931719462015,0.0037519336487158122,0.023266385255315915,0.012232057511985929,0.005985444696555641,-0.005985444696555641
2009-09-30,0.0,0.00031819962217862017,0.003796786815030157,0.04763837666540069,0.012258095311274819,0.06401145841388428,-0.06401145841388428
2009-10-01,0.0,0.029932300607488804,0.004445427967787221,0.04839311435295126,0.012283301954833674,0.09505414488306096,-0.09505414488306096
2009-10-02,0.0,0.04342982842038004,0.003937221192936494,0.03449918731167755,0.012307933032854807,0.0941741699578489,-0.0941741699578489
2009-10-03,0.0,0.004051157927198828,0.003929123361196257,0.01724533207249746,0.012330853165493115,0.03755646652638566,-0.03755646652638566
2009-10-04,0.0,-0.024034077106053032,0.003443538101505567,-0.002478140855955468,0.012354105450422712,-0.010714574410080223,0.010714574410080223
2009-10-05,0.0,-0.02274849288059334,0.0026963657162746547,-0.025436542506539057,0.012377936226037577,-0.03311073344482016,0.03311073344482016
2009-10-06,0.0,-0.004642897703857745,0.002347977596284974,-0.040610941731164335,0.012401604881377109,-0.030504256957359997,0.030504256957359997
2009-10-07,0.0,-0.046048104864197935,0.001176147371828628,-0.0409115238136353,0.01242597680154169,-0.07335750450446292,0.07335750450446292
2009-10-08,0.0,0.09333550882942823,0.0009658947915971723,-0.018979494478139597,0.01245118735975294,0.08777309650263874,-0.08777309650263874
2009-10-09,0.0,-0.02305599074601459,-0.0002932235332411549,-0.0049117074512702716,0.01247494603362097,-0.015785975696905048,0.015785975696905048
2009-10-10,0.0,-0.03242050403212413,-0.0010269265427732739,0.01167007957860129,0.01249906560691478,-0.009278285389381335,0.009278285389381335
2009-10-11,0.0,-0.02184715763393987,-0.001839590482953254,0.026641237284215476,0.012523839211443922,0.015478328378766277,-0.015478328378766277
2009-10-12,0.0,0.03919094659519736,-0.002865355602969066,0.036422124117082136,0.012547909170466035,0.08529562427977648,-0.08529562427977648
2009-10-13,0.0,0.02241419223912274,-0.0031819248419590056,0.018941115542780735,0.012571307973702837,0.050744690913647306,-0.050744690913647306
2009-10-14,0.0,-0.03131899284627663,-0.004281940900229811,-0.00939284872511363,0.01259443946114848,-0.03239934301047159,0.03239934301047159
2009-10-15,0.0,0.047749379138394214,-0.004269195180395353,-0.018183027460433,0.01261736776485108,0.03791452426241694,-0.03791452426241694
2009-10-16,0.0,-0.026837841605835494,-0.004710121006522537,-0.0067926777280598715,0.012640434702578716,-0.025700205637839188,0.025700205637839188
2009-10-17,0.0,-0.008656223995112901,-0.004649487158573313,0.005320320294862667,0.012664676007212796,0.004679285148389249,-0.004679285148389249
2009-10-18,0.0,-0.020041575603848057,-0.004362410940235366,0.011136185427365348,0.012688604232230258,-0.0005791968844878169,0.0005791968844878169
2009-10-19,0.0,-0.02901355531212168,-0.00439145368988765,0.01525792344838578,0.012713467176287973,-0.005433618377335577,0.005433618377335577
2009-10-20,0.0,0.03915171082781227,-0.0033809379054594016,0.014569421952801089,0.012738950158570588,0.06307914503372454,-0.06307914503372454
2009-10-21,0.0,0.043420017033404264,-0.0031883643883591486,-0.0006591028718390434,0.012763771337328741,0.052336321110534816,-0.052336321110534816
2009-10-22,0.0,-0.01334414894399501,-0.0021641295930639715,-0.018331212071437425,0.012787024378666289,-0.02105246622983012,0.02105246622983012
2009-10-23,0.0,-0.02609353101170515,-0.0013832377932362105,-0.02545624173413848,0.012811214340668247,-0.040121796198411594,0.040121796198411594
2009-10-24,0.0,0.012209077381642541,-0.0003672448917071471,-0.009787729071803726,0.012835273892592718,0.014889377310724386,-0.014889377310724386
2009-10-25,0.0,-0.015428542671489744,0.0009754268405038869,-0.0036468395871762363,0.012857991240834752,-0.00524196417732734,0.00524196417732734
2009-10-26,0.0,-0.050444592065878834,0.0015424556183698422,-0.006138943334751383,0.01288092242015084,-0.042160157362109534,0.042160157362109534
2009-10-27,0.0,0.08248542152507744,0.0029284939076185765,-0.008772722781493615,0.01290428558704521,0.08954547823824761,-0.08954547823824761
2009-10-28,0.0,-0.005495027766745115,0.0033936853925802335,-0.019317923970947927,0.01292691609430768,-0.00849235025080513,0.00849235025080513
2009-10-29,0.0,-0.03179805552121839,0.004321001854672401,-0.029814403268041377,0.012950490807612734,-0.04434096612697463,0.04434096612697463
2009-10-30,0.0,0.009434699308009754,0.004861457783766256,-0.034673645261469044,0.012975128520868188,-0.007402359648824845,0.007402359648824845
2009-10-31,0.0,-0.05394940994577195,0.005113319832777261,-0.010977623010260344,0.012999950305708552,-0.046813762817546484,0.046813762817546484
2009-11-01,0.0,-0.07056568099294319,0.005817907061828419,0.029569235676918784,0.013025208251431946,-0.022153330002764045,0.022153330002764045
2009-11-02,1.0,0.24522144541132038,0.005530748396309273,0.07950492688154573,0.01305072339276996,0.3433078440819453,0.6566921559180547
2009-11-03,0.0,-0.09388630860122084,0.0055565203473113625,0.06601058080206886,0.013055012779851192,-0.009264194671989422,0.009264194671989422
2009-11-04,0.0,0.015724346559458976,0.0047667806249075545,0.04703674166350394,0.013059885810428868,0.08058775465829934,-0.08058775465829934
2009-11-05,0.0,-0.052397555583302224,0.00410775751375895,0.004402532923317441,0.013064725264075028,-0.030822539882150803,0.030822539882150803
2009-11-06,0.0,0.0036020683354184473,0.0034155768235490797,-0.028494085663297128,0.013070472644665857,-0.008405967859663745,0.008405967859663745
2009-11-07,0.0,0.014198411862384287,0.001987832869127161,-0.054764721594507106,0.013075873642235697,-0.025502603220759965,0.025502603220759965
2009-11-08,0.0,-0.01437240778332547,0.0013643414047456192,-0.05687421148557275,0.013082183260099495,-0.05680009460405311,0.05680009460405311
2009-11-09,0.0,-0.00999541519738108,-0.0001576361089252975,-0.02430504309986475,0.013088551337662395,-0.02136954306850873,0.02136954306850873
2009-11-10,0.0,0.04791800629449407,-0.0008936198782975446,0.013500717060682933,0.01309478451913293,0.07361988799601238,-0.07361988799601238
2009-11-11,0.0,-0.02218104342148666,-0.00215946171748967,0.027357299301781365,0.013101096875844818,0.016117891038649856,-0.016117891038649856
2009-11-12,0.0,-0.02834345529620665,-0.0032867909355830498,0.02086110847075044,0.01310711764055842,0.0023379798795191593,-0.0023379798795191593
2009-11-13,0.0,-0.01435648844819384,-0.0039022824097236708,0.016514594163664444,0.013112411252635318,0.01136823455838225,-0.01136823455838225
2009-11-14,0.0,0.024479079600165342,-0.00511081035860242,0.009371064063519122,0.013118389354587728,0.04185772265966978,-0.04185772265966978
2009-11-15,0.0,0.061901326967715734,-0.005314414541244809,0.004684180585447649,0.013123186922377857,0.07439427993429643,-0.07439427993429643
2009-11-16,0.0,-0.026197206613187297,-0.006256638997071962,-0.002665812520872343,0.01312625655407266,-0.021993401577058938,0.021993401577058938
2009-11-17,0.0,0.002601441478533352,-0.0061330866843853395,0.006308051360975783,0.01313068606971071,0.015907092224834506,-0.015907092224834506
2009-11-18,0.0,-0.022698527707639908,-0.006009639559453862,0.005890081300764445,0.013135392125962594,-0.00968269384036673,0.00968269384036673
2009-11-19,0.0,-0.058371949539493435,-0.005899263723342262,-0.0059619619331509575,0.013139314087422594,-0.057093861108564056,0.057093861108564056
2009-11-20,0.0,0.03903675655866091,-0.004984761978063574,-0.016668692160207707,0.013144896628622352,0.03052819904901198,-0.03052819904901198
2009-11-21,0.0,0.015817987729018032,-0.004641675605350013,-0.0172714336237709,0.013160834425901987,0.0070657129257991075,-0.0070657129257991075
2009-11-22,0.0,0.026328387626947513,-0.003260454811917139,-0.007710156869030057,0.013176479051363089,0.02853425499736341,-0.02853425499736341
2009-11-23,0.0,-0.006749348577070516,-0.002589311732020977,-0.003795341418778988,0.013191580665965586,5.757893809510417e-05,-5.757893809510417e-05
2009-11-24,0.0,-0.02378724275994137,-0.001350288560063053,-0.012159154732428039,0.01320768610442915,-0.024088999948003315,0.024088999948003315
2009-11-25,0.0,-0.026864414778473497,5.6114567872075676e-05,-0.005981751290832432,0.013223590947139303,-0.01956646055429455,0.01956646055429455
2009-11-26,0.0,-0.02064995412019371,0.0010940750765007405,-0.0038622065050935026,0.013240045816409692,-0.01017803973237678,0.01017803973237678
2009-11-27,0.0,0.06704119537724931,0.0028257285475100386,-0.00560087814636018,0.013256341718967805,0.07752238749736698,-0.07752238749736698
2009-11-28,0.0,0.0444996178259089,0.0034245399889926403,-0.0136837727881203,0.013271695926551894,0.04751208095333313,-0.04751208095333313
2009-11-29,0.0,-0.05993570546135508,0.004802791037881392,-0.014341227730675652,0.013287315696799322,-0.056186826457350014,0.056186826457350014
2009-11-30,0.0,-0.059593187918803706,0.005465288958476852,0.0022042412356315815,0.013304829242007616,-0.03861882848268766,0.03861882848268766
2009-12-01,0.0,0.02287178712765767,0.006021170838032563,0.01110586489383608,0.013322355028552817,0.053321177888079135,-0.053321177888079135
2009-12-02,0.0,0.01004902263408506,0.00658583263080644,0.00976261288451872,0.01333995396747519,0.03973742211688541,-0.03973742211688541
2009-12-03,0.0,0.002881180253256659,0.006372782987485899,0.012360181144342598,0.01335889613643505,0.034973040521520206,-0.034973040521520206
2009-12-04,0.0,0.07347193334968873,0.006806890428146217,0.02007130326744112,0.013377084811442591,0.11372721185671866,-0.11372721185671866
2009-12-05,0.0,-0.008168285509573566,0.005985835204457363,0.026266719345185006,0.01339370671844955,0.03747797575851835,-0.03747797575851835
2009-12-06,0.0,-0.034714199084134506,0.005570620320526727,0.021039557595789488,0.013410570924263189,0.005306549756444899,-0.005306549756444899
2009-12-07,0.0,-0.030343050735887653,0.004677042809081027,0.01831506019189757,0.013427458421562672,0.006076510686653614,-0.006076510686653614
2009-12-08,0.0,0.014321123352636416,0.0034635084767835342,0.016886279654752846,0.013444296620731438,0.04811520810490424,-0.04811520810490424
2009-12-09,0.0,0.013531413589869649,0.002610625480751707,-0.00828993285878321,0.013461246626865275,0.02131335283870342,-0.02131335283870342
2009-12-10,0.0,0.0027026038346885514,0.0007336271208332663,-0.04507078322423521,0.013477920361102343,-0.028156631907611047,0.028156631907611047
2009-12-11,0.0,0.005366217207845022,-0.00021261507655957664,-0.05188858837780079,0.013494334070618024,-0.03324065217589732,0.03324065217589732
2009-12-12,0.0,0.0006030188517701008,-0.0018058434832141654,-0.03889584384925513,0.01351208416610362,-0.026586584314595575,0.026586584314595575
2009-12-13,0.0,-0.013135805897389378,-0.002927122754723064,-0.010444672310631772,0.013529737287691499,-0.012977863675052714,0.012977863675052714
2009-12-14,0.0,-0.05117604938226164,-0.003979798564795706,0.01772286058601535,0.013546907865025031,-0.023886079496016958,0.023886079496016958
2009-12-15,0.0,-0.08019657488226004,-0.005345083701113935,0.04215017353456043,0.013564517135662197,-0.029826967913151342,0.029826967913151342
2009-12-16,1.0,0.27475167777242676,-0.005588700502529579,0.06902582050831066,0.013583477173025686,0.35177227495123353,0.6482277250487665
2009-12-17,0.0,-0.09088187374977448,-0.006906161045608041,0.03244782930427916,0.013581048940054082,-0.05175915655104928,0.05175915655104928
2009-12-18,0.0,-0.06395017387969934,-0.007026170060933735,-0.0034047644205202282,0.013578981029075407,-0.0608021273320779,0.0608021273320779
2009-12-19,0.0,0.01191773719838985,-0.007471481220826694,-0.028024597983110633,0.013578138545351278,-0.010000203460196196,0.010000203460196196
2009-12-20,0.0,-0.02750268582416924,-0.007240922319995945,-0.015989167217370516,0.013577347001740738,-0.03715542835979496,0.03715542835979496
2009-12-21,0.0,-0.0035342363227872046,-0.006489503399394957,-0.0025946683496397465,0.013576919162753975,0.0009585110909320679,-0.0009585110909320679
2009-12-22,0.0,0.052030855040038744,-0.0061715716737937845,0.004701971284759239,0.013577194999918895,0.0641384496509231,-0.0641384496509231
2009-12-23,0.0,-0.009839039004450018,-0.004692456047773564,0.002196755635623523,0.013577112286345859,0.0012423728697458,-0.0012423728697458
2009-12-24,0.0,0.027529247804404085,-0.003972227517187804,0.002616257404991571,0.013576720482410138,0.03974999817461799,-0.03974999817461799
2009-12-25,0.0,-0.037311249693109685,-0.0023307756375161555,-0.019484026747605833,0.013575667840717212,-0.045550384237514466,0.045550384237514466
2009-12-26,0.0,-0.05634764779395181,-0.0010880534977687783,-0.04080336367198699,0.013574432548962028,-0.08466463241474555,0.08466463241474555
2009-12-27,0.0,0.02978546627478081,0.00023422603649924127,-0.041370112747760174,0.013572955936821923,0.0022225355003418004,-0.0022225355003418004
2009-12-28,0.0,0.014452000942492549,0.0022393870635200467,-0.028827588968411595,0.013573070130367881,0.0014368691679688805,-0.0014368691679688805
2009-12-29,0.0,0.04109832407911258,0.0033035088108165195,0.0003505131965757845,0.013572157614089907,0.0583245037005948,-0.0583245037005948
2009-12-30,0.0,-0.01500142946625406,0.005153425591643659,0.005095994769522572,0.013570398047997761,0.008818388942909932,-0.008818388942909932
2009-12-31,0.0,-0.0389593849131193,0.005978607606154438,0.010433400846748611,0.013569640416154452,-0.008977736044061803,0.008977736044061803
2010-01-01,0.0,-0.013347065327630546,0.007245802306055237,0.01888662930381367,0.013569246786688175,0.026354613068926537,-0.026354613068926537
2010-01-02,0.0,-0.00950707536928968,0.008035635876768674,0.016893030576434886,0.01356815344675694,0.028989744530670818,-0.028989744530670818
2010-01-03,0.0,0.04547367991617411,0.008137135315249688,0.007347948044261326,0.013568792468495702,0.07452755574418082,-0.07452755574418082
2010-01-04,0.0,-0.005677570882579627,0.008652755406853879,0.0032468817825033894,0.013569061062268415,0.019791127369046056,-0.019791127369046056
2010-01-05,0.0,0.031084714835474404,0.007961836197840437,0.01636766908557354,0.0135686962349462,0.06898291635383458,-0.06898291635383458
2010-01-06,0.0,0.018030270268937446,0.007910077740848948,0.03217879321902865,0.013568565530892978,0.07168770675970802,-0.07168770675970802
2010-01-07,0.0,-0.031053196653366838,0.0068140727550789724,0.023139821016654304,0.01356813229571833,0.012468829414084769,-0.012468829414084769
2010-01-08,0.0,-0.025211311053743392,0.005731877680250032,0.008526200252321831,0.013567234733134226,0.0026140016119626987,-0.0026140016119626987
2010-01-09,0.0,-0.04401704541081375,0.004633887095545903,0.0012889515177247376,0.013566819675893247,-0.02452738712164987,0.02452738712164987
2010-01-10,0.0,0.106728706136144,0.0027564706652689315,0.0010802610787139864,0.013567117906241268,0.1241325557863682,-0.1241325557863682
2010-01-11,0.0,-0.013915748723501856,0.0014126790281630158,-0.013033232447289773,0.013565777875093997,-0.011970524267534617,0.011970524267534617
2010-01-12,0.0,-0.03906330233853731,-0.000913806609648957,-0.0192250673373437,0.013564111859721506,-0.045638064425808464,0.045638064425808464
2010-01-13,0.0,-0.004061107697938229,-0.0023515097253544387,-0.013556605112930208,0.013563125161698601,-0.006406097374524276,0.006406097374524276
2010-01-14,0.0,-0.00370802143472529,-0.004093883643382866,-0.004524150161810226,0.013561395862302941,0.0012353406223845585,-0.0012353406223845585
2010-01-15,0.0,-0.03740073775225366,-0.005785265224515258,-0.005355792276147192,0.01355984689400684,-0.03498194835890927,0.03498194835890927
2010-01-16,0.0,0.06791316150104267,-0.006780221829326184,-0.0037017864014205265,0.01355980864194475,0.0709909619122407,-0.0709909619122407
2010-01-17,0.0,0.03847654261241979,-0.008375102816686287,0.009198301973304887,0.01355785009737809,0.052857591866416476,-0.052857591866416476
2010-01-18,0.0,-0.042164404539142865,-0.008740296727294015,0.02061747673579529,0.013555356869388352,-0.016731867661253244,0.016731867661253244
2010-01-19,0.0,-0.0342761700010093,-0.00975254570813697,0.021290507994146193,0.01355366170981755,-0.009184546005182523,0.009184546005182523
2010-01-20,0.0,0.0015150146802860973,-0.009840081363011228,0.004906362108409878,0.013552111126352153,0.0101334065520369,-0.0101334065520369
2010-01-21,0.0,0.030504962388449984,-0.009598904179831624,-0.006650763988611851,0.01355096961722233,0.02780626383722884,-0.02780626383722884
2010-01-22,0.0,-0.039202894152839785,-0.00921108564854041,-0.017943022158823346,0.013550432311519587,-0.05280656964868395,0.05280656964868395
2010-01-23,0.0,0.029379683085768455,-0.007787767860701084,-0.02770114470547353,0.013549970651000751,0.007440741170594591,-0.007440741170594591
2010-01-24,0.0,0.02824200616844059,-0.007104623232660276,-0.02103491448199145,0.013548857876522425,0.013651326330311294,-0.013651326330311294
2010-01-25,0.0,-0.020116493411863275,-0.00505019919388477,-0.008282996349797964,0.01354903515534111,-0.0199006538002049,0.0199006538002049
2010-01-26,0.0,-0.06387802007291947,-0.00355100065370587,0.007494282422268567,0.013548782157800266,-0.0463859561465565,0.0463859561465565
2010-01-27,0.0,0.04625419888525483,-0.001584703857044977,0.0054429300020586106,0.013548457562435591,0.06366088259270405,-0.06366088259270405
2010-01-28,0.0,-0.0038472027795765666,0.0004930919239473849,-0.022658222355489786,0.013548556128816917,-0.012463777082302051,0.012463777082302051
2010-01-29,0.0,0.01663915044941084,0.002168088649073217,-0.03923509393044594,0.013549492201687673,-0.00687836263027421,0.00687836263027421
2010-01-30,0.0,-0.020306571103339083,0.004643829350434158,-0.030566343433683467,0.013550034502274417,-0.032679050684313975,0.032679050684313975
2010-01-31,0.0,-0.021464816371066925,0.006031290674520604,-0.008760122352808125,0.013550711161423921,-0.010642936887930525,0.010642936887930525
2010-02-01,0.0,0.08076485811301479,0.008024374270898482,0.01058783711760647,0.013551319505091473,0.11292838900661122,-0.11292838900661122
2010-02-02,0.0,-0.07723900423076442,0.009260381502182164,0.038500386135241614,0.013551102275156485,-0.015927134318184155,0.015927134318184155
2010-02-03,0.0,-0.11674100362355842,0.010322571982058106,0.056854308989360426,0.01355290143740792,-0.03601122121473197,0.03601122121473197
2010-02-04,1.0,0.23191931215363254,0.01130759703826583,0.06775503119477738,0.01355545087949481,0.3245373912661706,0.6754626087338294
2010-02-05,0.0,-0.031178029179095613,0.01090496922797443,0.023646743851772813,0.0135374763118639,0.016911160212515527,-0.016911160212515527
2010-02-06,0.0,-0.046380009712520036,0.011066495437145225,-0.008454544941691264,0.013518719063079956,-0.030249340153986115,0.030249340153986115
2010-02-07,0.0,0.02519982231157146,0.010028344750104966,-0.019839135054175477,0.013501099274029111,0.02889013128153006,-0.02889013128153006
2010-02-08,0.0,-0.04728890220931292,0.009273002826417848,-0.023018575951632234,0.013482951902629093,-0.047551523431898224,0.047551523431898224
2010-02-09,0.0,-0.016917175612046496,0.007839200504909837,-0.01842185136901325,0.013465011777564128,-0.01403481469858578,0.01403481469858578
2010-02-10,0.0,0.045016005435457286,0.006039127584307838,-0.00429541499457741,0.013448873376828596,0.06020859140201631,-0.06020859140201631
2010-02-11,0.0,0.01020001215779519,0.004565402050926255,0.015089673580616723,0.013432508441890619,0.043287596231228784,-0.043287596231228784
2010-02-12,0.0,0.011326141483553223,0.001982807237702658,0.015647581963354182,0.013415827772114267,0.04237235845672433,-0.04237235845672433
2010-02-13,0.0,-0.04082854542264339,9.115122612398857e-05,-0.003703923305147123,0.013398784067355349,-0.03104253343431118,0.03104253343431118
2010-02-14,0.0,-0.026009349896243334,-0.002529984624641651,-0.018057935972573734,0.013381540510305694,-0.03321572998315302,0.03321572998315302
2010-02-15,0.0,0.012317517108480171,-0.004560905522876433,-0.007767258634273375,0.013364124257554831,0.013353477208885195,-0.013353477208885195
2010-02-16,0.0,0.05256867747404142,-0.006391155143784598,-0.003661646087234649,0.013347791498290934,0.05586366774131311,-0.05586366774131311
2010-02-17,0.0,-0.035725850495307965,-0.008510179964691736,-0.0011619072993111431,0.013330570747940942,-0.032067367011369904,0.032067367011369904
2010-02-18,0.0,0.02826114159711749,-0.009580279510502988,0.009158671611439647,0.013313597395983683,0.04115313109403783,-0.04115313109403783
2010-02-19,0.0,0.004089669817763794,-0.011103196475433421,0.019252374602764865,0.013297330834145304,0.025536178779240543,-0.025536178779240543
2010-02-20,0.0,-0.024411249942611388,-0.011468896575702808,0.01697044315045431,0.013281167744314374,-0.005628535623545514,0.005628535623545514
2010-02-21,0.0,-0.028006633657631706,-0.012093869060851943,-0.002461661855054712,0.013264942656217128,-0.029297221917321235,0.029297221917321235
2010-02-22,0.0,-0.007833888357333075,-0.01208320498567413,-0.016667133024824178,0.013249354220674732,-0.023334872147156648,0.023334872147156648
2010-02-23,0.0,0.036305777321795435,-0.011193990847832094,-0.011165382341663492,0.01323513931277094,0.027181543445070788,-0.027181543445070788
2010-02-24,0.0,-0.001955678795974544,-0.010587601355256843,-0.00878093877161027,0.013219841794734889,-0.008104377128106768,0.008104377128106768
2010-02-25,0.0,0.03183259351943361,-0.008724645891089598,-0.009911742457414462,0.013204467456612452,0.026400672627541998,-0.026400672627541998
2010-02-26,0.0,-0.031001839929315864,-0.007401722848626098,-0.018263730818678676,0.013189492714787593,-0.04347780088183304,0.04347780088183304
2010-02-27,0.0,-0.04036100471861219,-0.004978657812271805,-0.009714706382076348,0.013173923957691345,-0.04188044495526899,0.04188044495526899
2010-02-28,0.0,0.015262765018138485,-0.0027668802256267397,-0.007076939070556104,0.013159306942923547,0.01857825266487919,-0.01857825266487919
2010-03-01,0.0,0.01144937364560544,-0.0005923882412338172,-0.019533251797333343,0.013144988615190527,0.004468722222228806,-0.004468722222228806
2010-03-02,0.0,0.024350614798482204,0.0020354995545409306,-0.029997394747130805,0.013130082723739386,0.009518802329631714,-0.009518802329631714
2010-03-03,0.0,-0.03487022609116113,0.003938825351947823,-0.02675912356978998,0.013125034820125312,-0.04456548948887798,0.04456548948887798
2010-03-04,0.0,0.025973099447036477,0.006698376147022837,-0.01340226523565252,0.013120376181109299,0.03238958653951609,-0.03238958653951609
2010-03-05,0.0,-0.028173846309542245,0.008335651075365116,-0.0006392048838113934,0.013114584404920113,-0.007362815713068408,0.007362815713068408
2010-03-06,0.0,-0.033253440099174504,0.010268872138538962,0.023080365356286867,0.013108827395493398,0.013204624791144724,-0.013204624791144724
2010-03-07,0.0,-0.04637146202108979,0.0117901617708756,0.06110063491668838,0.013104484156040605,0.03962381882251479,-0.03962381882251479
2010-03-08,1.0,0.21960128840591586,0.012554486761858942,0.09003140293017076,0.013099000550471014,0.3352861786484166,0.6647138213515834
2010-03-09,0.0,-0.05755486959294989,0.013231146693682697,0.058886120312507555,0.013073223322661564,0.027635620735901922,-0.027635620735901922
2010-03-10,0.0,-0.07969257020015079,0.012559228767664243,0.01945192270140133,0.013047627955470745,-0.03463379077561447,0.03463379077561447
2010-03-11,0.0,0.010863570801921628,0.012354661659992303,-0.008962421078513949,0.013022885830212348,0.027278697213612327,-0.027278697213612327
2010-03-12,0.0,0.015412696908452784,0.011113109027060232,-0.025649009779541664,0.012998027058607227,0.013874823214578577,-0.013874823214578577
2010-03-13,0.0,0.0301791586397308,0.00973492892803312,-0.036061194294500595,0.012973871416111766,0.016826764689375093,-0.016826764689375093
2010-03-14,0.0,-0.023949978165438642,0.008108747292231308,-0.040193727188695905,0.012949395354073885,-0.04308556270782936,0.04308556270782936
2010-03-15,0.0,-0.03261152914051946,0.005718875089273752,-0.012110071787572478,0.012925184904459274,-0.02607754093435891,0.02607754093435891
2010-03-16,0.0,0.04304708430475814,0.003921850692335729,0.017640298202165408,0.012901521754699639,0.07751075495395891,-0.07751075495395891
2010-03-17,0.0,-0.027964882591027095,0.0009752752959989959,0.015073737978178375,0.012877074847234707,0.0009612055303849839,-0.0009612055303849839
2010-03-18,0.0,0.0025162951684996005,-0.0013336743735968297,0.005009927714879121,0.012851874389799265,0.019044422899581158,-0.019044422899581158
2010-03-19,0.0,-0.032840483095197916,-0.00398760115334331,-0.010979752696711928,0.012827014339870728,-0.034980822605382426,0.034980822605382426
2010-03-20,0.0,0.07574032119613679,-0.006353209684543995,-0.012450246608015202,0.012802648058028986,0.06973951296160658,-0.06973951296160658
2010-03-21,0.0,-0.03538021888376204,-0.008248119554514799,-0.017082415698553347,0.012777005012544022,-0.04793374912428617,0.04793374912428617
2010-03-22,0.0,0.006695652842607509,-0.010547507960597165,-0.01304064312113742,0.012751542779507834,-0.004140955459619244,0.004140955459619244
2010-03-23,0.0,0.02679508741099995,-0.011521463494681479,-0.0027410666748982748,0.012725671704348521,0.02525822894576872,-0.02525822894576872
2010-03-24,0.0,-0.051042480155953016,-0.012853923125117376,0.007968842365889755,0.01269945050336024,-0.0432281104118204,0.0432281104118204
2010-03-25,0.0,-0.060211197662950036,-0.013211922527943992,0.001885351110481946,0.012674103874320221,-0.05886366520609186,0.05886366520609186
2010-03-26,0.0,0.10724054959261697,-0.013283993288028383,-0.009276178303833081,0.012660262241093552,0.09734064024184906,-0.09734064024184906
2010-03-27,0.0,-0.027016525896259223,-0.013119227308004758,-0.018681929174330134,0.012645265097370665,-0.04617241728122345,0.04617241728122345
2010-03-28,0.0,-0.03463868413435124,-0.011758097814799518,-0.011225589685637742,0.012630274500142053,-0.04499209713464644,0.04499209713464644
2010-03-29,0.0,0.030269376179484643,-0.010879698054556755,0.005914178906037539,0.01261511070386349,0.03791896773482892,-0.03791896773482892
2010-03-30,0.0,-0.008780699038915301,-0.008713222663344466,0.007333543547235715,0.0125989996244157,0.0024386214693916473,-0.0024386214693916473
2010-03-31,0.0,-0.009080929913337333,-0.00689037387466843,0.01799220426024483,0.012582611474907445,0.014603511947146512,-0.014603511947146512
2010-04-01,0.0,-0.006425296320169017,-0.004313501786940388,0.012749475194214677,0.012566972368874278,0.014577649455979549,-0.014577649455979549
2010-04-02,0.0,0.06071155147592459,-0.001614429844401377,-0.001550065207684105,0.01255058216759528,0.07009763859143439,-0.07009763859143439
2010-04-03,0.0,-0.02443257612966715,0.0004899435316454118,-0.024917886348927262,0.01253361525405145,-0.036326903692897546,0.036326903692897546
2010-04-04,0.0,-0.03940861490907931,0.003511501047724276,-0.0345878834047188,0.012518356858780059,-0.05796664040729378,0.05796664040729378
2010-04-05,0.0,-0.030087814829846935,0.00548727774015675,-0.009685788133904366,0.012503644424431632,-0.021782680799162922,0.021782680799162922
2010-04-06,0.0,0.03679107760461681,0.008172941445173817,0.014190094978161734,0.012488565307153929,0.07164267933510629,-0.07164267933510629
2010-04-07,0.0,0.027819133235837137,0.009908963989661082,0.020354492745394505,0.012473018315256816,0.07055560828614954,-0.07055560828614954
2010-04-08,0.0,-0.0171973831083773,0.011549916190744811,0.027710998809032814,0.01245810980727245,0.03452164169867278,-0.03452164169867278
2010-04-09,0.0,-0.00024825152969675624,0.013097543620222758,0.038232945448491165,0.012442727123913519,0.06352496466293069,-0.06352496466293069
2010-04-10,0.0,0.03790150735928649,0.013391588673295747,0.03923934527303781,0.012426932739485965,0.10295937404510601,-0.10295937404510601
2010-04-11,0.0,-0.008659893894323223,0.014010522372924671,0.022892872990312157,0.012410242366365884,0.04065374383527949,-0.04065374383527949
2010-04-12,0.0,-0.023074669971260404,0.013127058324321502,0.004703364489507408,0.012392986293435765,0.0071487391360042715,-0.0071487391360042715
2010-04-13,0.0,0.002097437979720396,0.012644991310786849,-0.007537370292780601,0.012377224008297001,0.019582283006023646,-0.019582283006023646
2010-04-14,0.0,0.04210991156804059,0.011339323339638167,-0.022443402835867512,0.012362195897648417,0.043368027969459655,-0.043368027969459655
2010-04-15,0.0,-0.047638764967792506,0.009404195538724295,-0.04798471368317592,0.012345816287448332,-0.07387346682479579,0.07387346682479579
2010-04-16,0.0,-0.0029228709896325636,0.007745685367984827,-0.04540503022450537,0.012330304188150783,-0.028251911658002327,0.028251911658002327
2010-04-17,0.0,0.008560522701482316,0.005043771767380377,-0.02365351597804953,0.012316194941835952,0.0022669734326491147,-0.0022669734326491147
2010-04-18,0.0,-0.008381634508541165,0.0031204032560024557,0.007580876384682084,0.012301900101987952,0.014621545234131329,-0.014621545234131329
2010-04-19,0.0,-0.007435011262738708,7.085627156487958e-05,0.028435017631968845,0.012287584648295005,0.03335844728909002,-0.03335844728909002
2010-04-20,0.0,-0.010589048732816436,-0.0024488293002800973,0.03192769808679478,0.01227261064641323,0.031162430700111474,-0.031162430700111474
2010-04-21,0.0,0.05867086456323073,-0.004932324069375226,0.03672320534914931,0.012257277734603405,0.10271902357760822,-0.10271902357760822
2010-04-22,0.0,-0.010245984720930175,-0.007694656249696562,0.017010049483389193,0.01224142909481386,0.011310837607576316,-0.011310837607576316
2010-04-23,0.0,-0.007222715613208764,-0.009416204610478788,-0.012113124959252599,0.012225245077519606,-0.01652680010542055,0.01652680010542055
2010-04-24,0.0,0.006631830249561974,-0.011817663933458874,-0.03436484147715792,0.012208534430835484,-0.02734214073021933,0.02734214073021933
2010-04-25,0.0,-0.04971726419011056,-0.012645540293151075,-0.030615709002913816,0.012192202942056087,-0.08078631054411937,0.08078631054411937
2010-04-26,0.0,0.020571842104396176,-0.013673359374816774,-0.01218980754939798,0.012187043299735759,0.006895718479917179,-0.006895718479917179
2010-04-27,0.0,0.012544617560535971,-0.014079361699174888,-0.0022963550030524367,0.012181687648048166,0.008350588506356811,-0.008350588506356811
2010-04-28,0.0,-0.01229052953690105,-0.013784349781431955,-0.0033334645670235422,0.01217585715126189,-0.01723248673409466,0.01723248673409466
2010-04-29,0.0,-0.029253492518507333,-0.013617482887206715,-0.0011428946296360683,0.012171484250984311,-0.03184238578436581,0.03184238578436581
2010-04-30,0.0,0.03637218940567363,-0.011925506842895353,-0.006435426985390961,0.012166871885609684,0.030178127462997,-0.030178127462997
2010-05-01,0.0,0.020203550003559983,-0.010948692150290817,-0.01900825572653539,0.012161370922559846,0.002407973049293622,-0.002407973049293622
2010-05-02,0.0,-0.053886453613454614,-0.00864828576879604,-0.0285975680048626,0.012156294543737014,-0.07897601284337624,0.07897601284337624
2010-05-03,0.0,0.004308141390314101,-0.006344656984002411,-0.00819878069606418,0.012151844450563061,0.0019165481608105703,-0.0019165481608105703
2010-05-04,0.0,0.0572146395919524,-0.003922293008286064,0.022256777458975616,0.012147129656865657,0.0876962536995076,-0.0876962536995076
2010-05-05,0.0,-0.03515990372701615,-0.0008391213622825524,0.027960433007233127,0.012141815830537004,0.004103223748471434,-0.004103223748471434
2010-05-06,0.0,-0.019721465601454456,0.0012003942793138785,0.01345703715433005,0.012136166125530184,0.007072131957719656,-0.007072131957719656
2010-05-07,0.0,0.032208746693368394,0.004449193760204984,0.00812056150372566,0.012131225367729875,0.05690972732502892,-0.05690972732502892
2010-05-08,0.0,-0.04145503704201146,0.006513250931549541,-0.0038152973471023708,0.01212589305694782,-0.02663119040061647,0.02663119040061647
2010-05-09,0.0,0.07003662867505624,0.009016685887494633,-0.006747805349207678,0.012121401872097742,0.08442691108544094,-0.08442691108544094
2010-05-10,0.0,-0.07595838517667328,0.010964231045064901,0.004817520827684231,0.01211581680669597,-0.048060816497228175,0.048060816497228175
2010-05-11,0.0,-0.044825005175067295,0.012236765754178628,0.03746621329162571,0.012111156759597907,0.016989130630334946,-0.016989130630334946
2010-05-12,1.0,0.22657028956961214,0.014009420440115685,0.07254311280144142,0.01210671574946672,0.32522953856063597,0.674770461439364
2010-05-13,0.0,-0.11539576857889101,0.013895979332492963,0.0492171481596234,0.012082247773219602,-0.040200393313555044,0.040200393313555044
2010-05-14,0.0,-0.047952796666768924,0.01441975234761223,0.011710245868534645,0.012057976332436776,-0.009764822118185272,0.009764822118185272
2010-05-15,0.0,0.01773592790818104,0.013595491370516567,-0.020533050887855418,0.012035157262331798,0.022833525653173987,-0.022833525653173987
2010-05-16,0.0,0.04236299428486874,0.012738867895919421,-0.03557466639278684,0.012012387745502952,0.03153958353350427,-0.03153958353350427
2010-05-17,0.0,-0.023939493017236906,0.01147793063086806,-0.05350080256261637,0.011988952726299575,-0.053973412222685646,0.053973412222685646
2010-05-18,0.0,-0.0042940793950649965,0.009131667974454201,-0.05413963395001579,0.011966468284945865,-0.037335577085680714,0.037335577085680714
2010-05-19,0.0,-0.03133340250877824,0.007624603847875554,-0.0368678931916329,0.011944365354420608,-0.048632326498114976,0.048632326498114976
2010-05-20,0.0,0.004595903214022926,0.004753061320396958,-0.007045808670904853,0.011922320585757238,0.01422547644927227,-0.01422547644927227
2010-05-21,0.0,0.02650357940447248,0.0026890290287779734,0.012272489311203914,0.011900731142829418,0.053365828887283785,-0.053365828887283785
2010-05-22,0.0,-0.02710393142657265,-0.00019538472361090064,0.009869539893693722,0.011877834973379072,-0.005551941283110758,0.005551941283110758
2010-05-23,0.0,0.0202183790416646,-0.003016446209331347,0.014074305860283163,0.011854496819593637,0.043130735512210056,-0.043130735512210056
2010-05-24,0.0,0.024214235666903772,-0.005149659569509376,0.01757969343058433,0.011831727597789977,0.0484759971257687,-0.0484759971257687
2010-05-25,0.0,-0.01764799186458474,-0.008147844511200271,0.012176180710434569,0.0118083791612258,-0.0018112765041246402,0.0018112765041246402
2010-05-26,0.0,-0.008057775557732665,-0.009697052479948984,-0.0024318935229494082,0.011784629896890827,-0.00840209166374023,0.00840209166374023
2010-05-27,0.0,-0.005369452923375612,-0.011887920697781378,-0.009360426143926416,0.011761454060098245,-0.014856345704985159,0.014856345704985159
2010-05-28,0.0,0.011725190449964265,-0.012737335469612842,-0.005082720623076748,0.011739268582092241,0.0056444029393669165,-0.0056444029393669165
2010-05-29,0.0,-0.011668517076636156,-0.01350583676875592,-0.005861701313583718,0.01171609021032101,-0.01931996494865478,0.01931996494865478
2010-05-30,0.0,-0.006695565544958604,-0.014170734561514145,-0.008249950937950713,0.011693326675485278,-0.017422924368938185,0.017422924368938185
2010-05-31,0.0,0.010431414452899902,-0.013455263871575958,-0.007927315956391845,0.011671649231483847,0.000720483856415946,-0.000720483856415946
2010-06-01,0.0,-0.008501634002548721,-0.013374593855242948,0.007663806161365026,0.011649041545259507,-0.0025633801511671366,0.0025633801511671366
2010-06-02,0.0,-0.0013540699211648333,-0.01162846626265929,0.009997209711323599,0.011626223582927411,0.008640897110426886,-0.008640897110426886
2010-06-03,0.0,0.00818454931965341,-0.010473601962151032,0.0001300442719197536,0.011603424109795741,0.009444415739217874,-0.009444415739217874
2010-06-04,0.0,-0.00575662027310254,-0.008407500284758368,-0.006988771161311215,0.011580439194088276,-0.009572452525083848,0.009572452525083848
2010-06-05,0.0,0.014200104008964582,-0.005846532172574149,-0.0014482146561546855,0.011558138379919907,0.018463495560155654,-0.018463495560155654
2010-06-06,0.0,0.013912902019637689,-0.0037719009413967,0.0035206395974110277,0.011535467844320621,0.025197108519972637,-0.025197108519972637
2010-06-07,0.0,-0.03338302339566924,-0.0005971603619905634,0.0002789142675032881,0.01151235285298032,-0.02218891663717619,0.02218891663717619
2010-06-08,0.0,-0.0015430849197230231,0.0013755866003588575,0.009898148514387979,0.011490288321311156,0.02122093851633497,-0.02122093851633497
2010-06-09,0.0,-0.014166050778597089,0.004499474786557557,0.019882716836872386,0.011469407934007464,0.021685548778840318,-0.021685548778840318
2010-06-10,0.0,0.04322506023541099,0.006668314908974864,0.020648465080041627,0.0114476450644741,0.08198948528890158,-0.08198948528890158
2010-06-11,0.0,-0.02427356907762322,0.008632465137708233,-0.00020881324931992605,0.011425489309035381,-0.0044244278801995295,0.0044244278801995295
2010-06-12,0.0,0.034607073596977886,0.010818669688071353,-0.01365723085269698,0.011404366198227087,0.043172878630579344,-0.043172878630579344
2010-06-13,0.0,-0.006486975914211317,0.011698284177700892,-0.0071825931819455464,0.011382081603778172,0.0094107966853222,-0.0094107966853222
2010-06-14,0.0,-0.020953280219699798,0.013423079416480995,0.008928905447883212,0.011359171798128589,0.012757876442792998,-0.012757876442792998
2010-06-15,0.0,-0.03608248397991363,0.01333522470891337,0.019297923200810977,0.011336482459445445,0.007887146389256167,-0.007887146389256167
2010-06-16,0.0,0.08654836371046307,0.013713126829120044,0.023188238520412158,0.011314740593423944,0.1347644696534192,-0.1347644696534192
2010-06-17,0.0,-0.013131089825543079,0.013172250550000712,0.011052405331394411,0.01129242098519306,0.022385987041045104,-0.022385987041045104
2010-06-18,0.0,-0.04095396805970715,0.011977426503101993,-0.009143567576768733,0.011271367767586304,-0.026848741365787583,0.026848741365787583
2010-06-19,0.0,-0.008511356564114054,0.011022393102263092,-0.036999549138494583,0.011249930319880157,-0.023238582280465388,0.023238582280465388
2010-06-20,0.0,0.021520609795959145,0.008536252731586369,-0.044949889348336595,0.011227553188341382,-0.003665473632449699,0.003665473632449699
2010-06-21,0.0,-0.02997049708885825,0.007165909521325402,-0.027843776517907922,0.011205840895206778,-0.03944252319023399,0.03944252319023399
2010-06-22,0.0,0.045128652112418316,0.0044965496761230645,0.0027398877823069925,0.011184664313285806,0.06354975388413418,-0.06354975388413418
2010-06-23,0.0,-0.03555069646642333,0.002183075383069437,0.018557065310383158,0.011162296682850452,-0.0036482590901202837,0.0036482590901202837
2010-06-24,0.0,0.007312195071603113,-0.0002862540210453772,0.02438812289435987,0.011140039544021022,0.04255410348893863,-0.04255410348893863
2010-06-25,0.0,0.047096328626931284,-0.0032443565315677953,0.019775143505961296,0.011118318285900293,0.07474543388722507,-0.07474543388722507
2010-06-26,0.0,-0.0476907585663399,-0.005085489316319509,0.006980106060358115,0.011095845451382225,-0.03470029637091907,0.03470029637091907
2010-06-27,0.0,0.0015677324050776035,-0.008052148034245522,-0.011491990266539338,0.011073769935594745,-0.006902635960112511,0.006902635960112511
2010-06-28,0.0,0.01640023336763193,-0.009518388920520614,-0.034590976587694194,0.011052037566886592,-0.01665709457369629,0.01665709457369629
2010-06-29,0.0,-0.020850717090890654,-0.011375600666334418,-0.02169190573485072,0.011030473576951198,-0.04288774991512459,0.04288774991512459
2010-06-30,0.0,0.0002441917664204993,-0.012487769622291757,-0.005508730010803937,0.011010054704059517,-0.006742253162615678,0.006742253162615678
2010-07-01,0.0,0.020387124884089503,-0.012846578902664923,0.004280986846562959,0.010989975074686477,0.022811507902674014,-0.022811507902674014
2010-07-02,0.0,-0.012247362321627066,-0.013706653389292885,-2.521645983851839e-05,0.010969311885173662,-0.015009920285584809,0.015009920285584809
2010-07-03,0.0,-0.024790233297468676,-0.012767800682361784,0.001349847511372754,0.010948347490436838,-0.02525983897802087,0.02525983897802087
2010-07-04,0.0,0.0162866690708714,-0.012600261628881837,0.003696108261183163,0.010928036580022112,0.018310552283194836,-0.018310552283194836
2010-07-05,0.0,0.028134168133313618,-0.011069176467134362,-0.0012255796202498088,0.010907420697275,0.026746832743204448,-0.026746832743204448
2010-07-06,0.0,-0.030652889473440477,-0.009709994949811939,-0.0070512083379787975,0.01088613265767934,-0.03652796010355187,0.03652796010355187
2010-07-07,0.0,-0.007726480317245624,-0.008002219792675961,0.004878046782343377,0.010865968116481097,1.5314788902891577e-05,-1.5314788902891577e-05
2010-07-08,0.0,0.04463416697324497,-0.005229410147372589,0.030251055194043884,0.010845400149369955,0.08050121216928621,-0.08050121216928621
2010-07-09,0.0,-0.05989132064418937,-0.0034860028309539517,0.03626979923303529,0.010823839840410781,-0.016283684401697255,0.016283684401697255
2010-07-10,0.0,0.06742354552225306,-0.00033251067747162665,0.03089523236071396,0.010802829919115194,0.10878909712461057,-0.10878909712461057
2010-07-11,0.0,-0.026787628993629947,0.0016893745974794236,0.019489536036652218,0.01078093391095454,0.005172215551456236,-0.005172215551456236
2010-07-12,0.0,-0.026788707468110785,0.0043677916693279535,0.01444220071870339,0.01075890516931434,0.002780190089234899,-0.002780190089234899
2010-07-13,0.0,0.0582024727242795,0.006687876705062353,4.6088844598811255e-05,0.010736862379866879,0.07567330065380753,-0.07567330065380753
2010-07-14,0.0,-0.05243031564153281,0.00816943733818013,-0.01739305921974183,0.010714350755494284,-0.05093958676760023,0.05093958676760023
2010-07-15,0.0,0.026996876248195776,0.01047577917934339,-0.01837368904276525,0.010691887043561183,0.0297908534283351,-0.0297908534283351
2010-07-16,0.0,-0.001622212039305273,0.01120219686094726,-0.01842995773539101,0.010670267235587255,0.0018202943218382332,-0.0018202943218382332
2010-07-17,0.0,0.015101527179384289,0.012802062214236652,-0.01803848785714564,0.010649407881134231,0.02051450941760953,-0.02051450941760953
2010-07-18,0.0,-0.02191932760610911,0.012874857642195283,-0.027828798945030646,0.010627937573771881,-0.026245331335172595,0.026245331335172595
2010-07-19,0.0,-0.03213426030730814,0.012930507333526875,-0.02143589499150816,0.010607269357806393,-0.03003237860748304,0.03003237860748304
2010-07-20,0.0,0.021309589538744036,0.012831657549830204,-0.0001365746532102271,0.010587459188786537,0.044592131624150544,-0.044592131624150544
2010-07-21,0.0,0.017643593837999703,0.011341099699626638,0.004362528190934149,0.01057619638166824,0.043923418110228735,-0.043923418110228735
2010-07-22,0.0,0.006072726357774038,0.010650273694620859,-0.006655929156470023,0.010564648360011804,0.020631719255936678,-0.020631719255936678
2010-07-23,0.0,-0.04878710505673272,0.008299136350447045,-0.015553447242600854,0.010553436526666906,-0.045487979422219625,0.045487979422219625
2010-07-24,0.0,0.03307901315627422,0.006853831223781068,-0.007480473505602674,0.0105421151280791,0.042994486002531716,-0.042994486002531716
2010-07-25,0.0,-0.00287319652294586,0.0044758334610339925,0.0031119032283126284,0.010530732560095197,0.015245272726495958,-0.015245272726495958
2010-07-26,0.0,0.02350208053302499,0.0018939276531006642,0.009385884572299523,0.010519628836592632,0.04530152159501781,-0.04530152159501781
2010-07-27,0.0,-0.018189643525671775,-0.00015949342361548153,0.01553499830783197,0.010506635860189253,0.0076924972187339645,-0.0076924972187339645
2010-07-28,0.0,-0.025506398895977573,-0.003245758837419709,0.0315394166978777,0.0104941287013396,0.01328138766582002,-0.01328138766582002
2010-07-29,0.0,0.047595771184952645,-0.004912617914442687,0.028855704523862366,0.010482425549882704,0.08202128334425503,-0.08202128334425503
2010-07-30,0.0,-0.014131050260588566,-0.007737595938431027,0.0054209412764457555,0.01047019124450527,-0.005977513678068567,0.005977513678068567
2010-07-31,0.0,-0.017805193742556267,-0.00943150264058392,-0.010740117440742575,0.010457726279457397,-0.02751908754442537,0.02751908754442537
2010-08-01,0.0,-0.0004142749444756375,-0.010906038601153531,-0.009719723514810652,0.010446125857334008,-0.010593911203105813,0.010593911203105813
2010-08-02,0.0,0.020686767201370988,-0.012422697516171866,-0.005502225434707303,0.010433858746809025,0.013195702997300844,-0.013195702997300844
2010-08-03,0.0,-0.0017420510373511932,-0.012583030073010456,-0.0064066153318758255,0.010420673982313059,-0.010311022459924414,0.010311022459924414
2010-08-04,0.0,-0.024914583235793444,-0.013560590582745566,-0.006372215066389209,0.010407804801780744,-0.03443958408314747,0.03443958408314747
2010-08-05,0.0,0.02432904774891454,-0.01265388396498313,0.004120833268338695,0.010395175152453572,0.02619117220472368,-0.02619117220472368
2010-08-06,0.0,-0.0048456153918706255,-0.012396299996899824,-0.0006378325216341988,0.01038233281226931,-0.007497415098135339,0.007497415098135339
2010-08-07,0.0,-0.03743705526882826,-0.011268960974498502,-0.012927568854539969,0.010369807725772506,-0.05126377737209423,0.05126377737209423
2010-08-08,0.0,0.04741400820016333,-0.009556763429559854,-0.021478260976510337,0.010357367997113136,0.026736351791206273,-0.026736351791206273
2010-08-09,0.0,-0.013783903410628072,-0.008212602863221539,-0.010660372957243808,0.010344570123416674,-0.02231230910767674,0.02231230910767674
2010-08-10,0.0,-0.02551370754988657,-0.005271848613525393,0.005705545891501932,0.010332059511473885,-0.014747950760436144,0.014747950760436144
2010-08-11,0.0,0.0343293754087431,-0.003570797234186831,0.01753224857273673,0.010319587620905978,0.05861041436819898,-0.05861041436819898
2010-08-12,0.0,-0.018231767182369508,-0.000569956843365369,0.027809380144115693,0.010306193078374158,0.019313849196754974,-0.019313849196754974
2010-08-13,0.0,-0.015257823542317852,0.0017805230112206184,0.03657659346473508,0.010293742615409175,0.033393035549047025,-0.033393035549047025
2010-08-14,0.0,0.055101241839351965,0.004140748379992065,0.030607086803306652,0.010281371827938248,0.10013044885058893,-0.10013044885058893
2010-08-15,0.0,-0.015613963890353593,0.006817652546551294,0.0009533112864226453,0.0102674863738522,0.002424486316472548,-0.002424486316472548
2010-08-16,0.0,-0.0035287883964408616,0.008102780469799665,-0.02153687547347466,0.010253114023008663,-0.006709769377107192,0.006709769377107192
2010-08-17,0.0,-0.020845391045686484,0.010640334209832701,-0.0345015373203444,0.010239460757355939,-0.03446713339884224,0.03446713339884224
2010-08-18,0.0,-0.015147791045864152,0.011456900622169156,-0.02175945619889485,0.010225987815680668,-0.015224358806909179,0.015224358806909179
2010-08-19,0.0,0.022109852377634208,0.012791982882468958,-0.011763732777092492,0.01021243792037042,0.03335054040338109,-0.03335054040338109
2010-08-20,0.0,0.031497736119601834,0.013307835988156925,-0.008591574984614712,0.01019929797104448,0.046413295094188525,-0.046413295094188525
2010-08-21,0.0,-0.02307443054441059,0.013070203524791761,0.003209270108778513,0.010195866699968623,0.0034009097891283067,-0.0034009097891283067
2010-08-22,0.0,-0.0474350389812376,0.013363569611336949,0.007869802170632052,0.010192712168281269,-0.016008955030987322,0.016008955030987322
2010-08-23,0.0,0.026356004476939015,0.011718295843191066,0.009122089169617176,0.01018971725123374,0.05738610674098099,-0.05738610674098099
2010-08-24,0.0,0.028852952551768608,0.011014978928027414,0.0021440695249666155,0.010185031018583954,0.05219703202334659,-0.05219703202334659
2010-08-25,0.0,-0.021843623813933368,0.008765322918424152,-0.00019007891789840032,0.010179582508640586,-0.003088797304767032,0.003088797304767032
2010-08-26,0.0,0.0373089635427709,0.0069188994871733234,-0.002131422902706977,0.0101759351834139,0.05227237531065114,-0.05227237531065114
2010-08-27,0.0,-0.024471859602216522,0.00481759146293341,-0.011204175888346622,0.010171057677564072,-0.020687386350065663,0.020687386350065663
2010-08-28,0.0,-0.016648102538480467,0.0017390866494781045,-0.019773384586418297,0.010165933680631631,-0.024516466794789034,0.024516466794789034
2010-08-29,0.0,0.011055884742503535,-4.407371190654516e-05,-0.010904434650657019,0.010161203464604501,0.010268579844544472,-0.010268579844544472
2010-08-30,0.0,-0.005006342508739537,-0.003276379805022933,0.004375912477292408,0.010157369881194638,0.006250560044724575,-0.006250560044724575
2010-08-31,0.0,0.003978125615517474,-0.0051805691188412765,0.01088520117408901,0.010153068247826344,0.01983582591859155,-0.01983582591859155
2010-09-01,0.0,-0.000909884894131521,-0.007841154133197609,0.009816480593621262,0.010148594003990352,0.011214035570282485,-0.011214035570282485
2010-09-02,0.0,-0.0019121735945758227,-0.009953545535856563,0.003677987880891277,0.010144784626247462,0.001957053376706354,-0.001957053376706354
2010-09-03,0.0,0.0037325470610572705,-0.011139610687957146,0.008846819153863542,0.010140371542650144,0.01158012706961381,-0.01158012706961381
2010-09-04,0.0,-0.0037725063881621727,-0.013058921903287238,0.00388715747389361,0.010135980704788614,-0.0028082901127671842,0.0028082901127671842
2010-09-05,0.0,0.016001465652911794,-0.013066111691818257,0.0006153602240748317,0.010131461201730802,0.01368217538689917,-0.01368217538689917
2010-09-06,0.0,-0.008796515624832423,-0.014045543530321409,0.01110533847605308,0.010126156654442615,-0.0016105640246581367,0.0016105640246581367
2010-09-07,0.0,-0.025780524835270324,-0.013368056931448952,0.019036723685105467,0.01012131738191822,-0.009990540699695585,0.009990540699695585
2010-09-08,0.0,0.058380764839079766,-0.012747015469842832,0.01964134981831036,0.010116561561314949,0.07539166074886224,-0.07539166074886224
2010-09-09,0.0,-0.0368495532968237,-0.012068889227030885,0.0023324256514394943,0.01011038722559946,-0.03647562964681563,0.03647562964681563
2010-09-10,0.0,-0.003115442058747791,-0.009906021150910388,-0.01370227466518086,0.010104962918162189,-0.01661877495667685,0.01661877495667685
2010-09-11,0.0,-0.02240516005875193,-0.008704641559850429,-0.012842400660277432,0.0101003719283951,-0.03385183035048469,0.03385183035048469
2010-09-12,0.0,0.017463101856359846,-0.005637545762404276,-0.008630206353225211,0.010096152891307513,0.013291502632037872,-0.013291502632037872
2010-09-13,0.0,0.03291749098396325,-0.0037505720960967865,-0.0027070654216954583,0.010091528308089709,0.03655138177426072,-0.03655138177426072
2010-09-14,0.0,-0.02568907965548746,-0.0008877730491660776,0.005601292359607105,0.010087847838497655,-0.010887712506548778,0.010887712506548778
2010-09-15,0.0,-0.006830686575603268,0.0020218902922564926,0.016673340319381506,0.010083582265313642,0.02194812630134837,-0.02194812630134837
2010-09-16,0.0,0.0324841270597897,0.0040582654842828934,0.014663598031860707,0.01007847293894189,0.061284463514875195,-0.061284463514875195
2010-09-17,0.0,-0.0321073699801095,0.007201170901605242,-0.013639693337455626,0.010072673708105332,-0.02847321870785455,0.02847321870785455
2010-09-18,0.0,-0.01722962037449706,0.0085101800947624,-0.03795459524409093,0.010067138018385383,-0.0366068975054402,0.0366068975054402
2010-09-19,0.0,0.030915101750305072,0.011099891174350899,-0.045878792043956104,0.010062564532007672,0.0061987654127075385,-0.0061987654127075385
2010-09-20,0.0,0.014536430507732637,0.012284243677294127,-0.0440706292517387,0.010058699316620037,-0.007191255750091899,0.007191255750091899
2010-09-21,0.0,-0.025373048579441785,0.013290127740621414,-0.030580111389411024,0.010054653676916134,-0.032608378551315265,0.032608378551315265
2010-09-22,0.0,-0.03393583371689627,0.014348678339396579,0.001418841153928195,0.010051123002201125,-0.008117191221370374,0.008117191221370374
2010-09-23,0.0,-0.07753131529896753,0.013837203708799645,0.03880286891015049,0.010058074956283428,-0.01483316772373397,0.01483316772373397
2010-09-24,1.0,0.22266524645697353,0.014382597340846674,0.06985514176343544,0.010064701409664164,0.31696768697091976,0.6830323130290803
2010-09-25,0.0,-0.07879371033110419,0.012545101618525288,0.04264206112810286,0.010050511086587704,-0.013556036497888339,0.013556036497888339
2010-09-26,0.0,-0.06698520710245934,0.011549625607598727,0.014723758983802413,0.010036669767454966,-0.030675152743603232,0.030675152743603232
2010-09-27,0.0,0.05432944410437771,0.009576811417244237,0.007285387463557467,0.010023054335764642,0.08121469732094405,-0.08121469732094405
2010-09-28,0.0,-0.0077556664548789084,0.007088779529945901,-0.000367181080717155,0.010008291435240192,0.00897422342959003,-0.00897422342959003
2010-09-29,0.0,0.011327541275109515,0.005223329294312214,-0.0008711226176148936,0.00999252452777476,0.025672272479581593,-0.025672272479581593
2010-09-30,0.0,0.006989720629023286,0.0017185255330534758,-0.00737217034923016,0.009976229569349312,0.011312305382195912,-0.011312305382195912
2010-10-01,0.0,-0.04271493633770477,-0.00011667445256715496,-0.006185753445741296,0.009961033826695637,-0.03905633040931758,0.03905633040931758
2010-10-02,0.0,0.03817239702955174,-0.0034244179318790352,-0.005206479965554215,0.009946600343481816,0.03948809947560031,-0.03948809947560031
2010-10-03,0.0,-0.014351840009441898,-0.005773874510272055,-0.01893059429458197,0.009932562981334462,-0.029123745832961456,0.029123745832961456
2010-10-04,0.0,-0.029277307729406357,-0.0081111626631872,-0.02348582836977156,0.00991846385016654,-0.05095583491219857,0.05095583491219857
2010-10-05,0.0,0.007675693291488734,-0.010703626897501387,-0.011450652328829006,0.009904609545502471,-0.004573976389339186,0.004573976389339186
2010-10-06,0.0,0.03857253685618925,-0.011553544193645945,-0.00031025645738687064,0.00989101281179251,0.03659974901694894,-0.03659974901694894
2010-10-07,0.0,-0.022589442457189586,-0.013713967526248384,0.003508210988342298,0.009876356513394491,-0.02291884248170118,0.02291884248170118
2010-10-08,0.0,0.002835026604138697,-0.013766613600157636,0.0020243045336016145,0.00986128604019174,0.0009540035777744135,-0.0009540035777744135
2010-10-09,0.0,-0.00652024921772445,-0.014419605067798977,0.002182187864074052,0.009846643904545743,-0.008911022516903632,0.008911022516903632
2010-10-10,0.0,0.02758831445403597,-0.014081460443996885,0.0075057253325422875,0.009831847687765459,0.03084442703034683,-0.03084442703034683
2010-10-11,0.0,-0.042820834913804465,-0.012970795515855317,-0.0015988610846744157,0.009816910740515617,-0.047573580773818576,0.047573580773818576
2010-10-12,0.0,-0.0045637850539285724,-0.012520852671016573,-0.003772066168460771,0.009802375294878726,-0.01105432859852719,0.01105432859852719
2010-10-13,0.0,0.018474126794024062,-0.009943433308220465,0.002739173354847238,0.009788566614055636,0.021058433454706472,-0.021058433454706472
2010-10-14,0.0,-0.00252247538057133,-0.008686853180013793,0.010151493117497976,0.009774416927212289,0.008716581484125142,-0.008716581484125142
2010-10-15,0.0,0.0305673751687353,-0.005734172988199277,0.014182012940273039,0.009760008885422507,0.04877522400623157,-0.04877522400623157
2010-10-16,0.0,-0.024532992232884902,-0.003378809312339758,0.006702230979328068,0.009744516043939635,-0.011465054521956956,0.011465054521956956
2010-10-17,0.0,-0.028242867374844563,-0.0008730580261710618,0.012324057746494447,0.009728912314224016,-0.0070629553402971595,0.0070629553402971595
2010-10-18,0.0,0.04944468653393246,0.002575241322773905,0.013386513071376869,0.009713602884606428,0.07512004381268966,-0.07512004381268966
2010-10-19,0.0,-0.0006824236162864494,0.00435279673652789,0.003347833229192904,0.009696887543913513,0.016715093893347858,-0.016715093893347858
2010-10-20,0.0,-0.01477835822973236,0.007639249272274122,-0.01613417903887103,0.00967981547899131,-0.013593472517337956,0.013593472517337956
2010-10-21,0.0,-0.02831162584028231,0.009109473573014918,-0.02682602278052643,0.009663891892844539,-0.03636428315494927,0.03636428315494927
2010-10-22,0.0,0.028735904309791005,0.011400991740837977,-0.0236523995684707,0.009648935018865842,0.026133431501024124,-0.026133431501024124
2010-10-23,0.0,-0.017441950743408808,0.012929166192383237,-0.0258392947142904,0.009632591992797522,-0.020719487272518447,0.020719487272518447
2010-10-24,0.0,-0.009598622157619058,0.013449615422657645,-0.026321715836930354,0.009617710400145023,-0.012853012171746746,0.012853012171746746
2010-10-25,0.0,0.019532174800520285,0.014859924556959527,-0.012802683370094502,0.009604174558405761,0.031193590545791072,-0.031193590545791072
2010-10-26,0.0,-0.004454159258423594,0.014045058349401465,0.010270244510501786,0.009590445653488423,0.029451589254968078,-0.029451589254968078
2010-10-27,0.0,0.0052554939918569715,0.014358864523420648,0.029557302637719,0.009576028116961238,0.05874768926995786,-0.05874768926995786
2010-10-28,0.0,-0.010826677176372533,0.01271596384447399,0.03655996865978272,0.009560584220064899,0.04800983954794908,-0.04800983954794908
2010-10-29,0.0,0.029570836790978987,0.011250266861500548,0.029252124251103653,0.009554328443047959,0.07962755634663114,-0.07962755634663114
2010-10-30,0.0,0.01024561170972661,0.009685964693170773,0.016981828803186327,0.009547586388469918,0.04646099159455363,-0.04646099159455363
2010-10-31,0.0,-0.018684002629036554,0.006689139495977842,-0.004374858019050859,0.009540175572670449,-0.006829545579439123,0.006829545579439123
2010-11-01,0.0,-0.016616724512769968,0.004993658282807711,-0.02493686881637842,0.009532122929872829,-0.027027812116467848,0.027027812116467848
2010-11-02,0.0,-0.002503996346451238,0.0014019519079089202,-0.020275757138892462,0.009524026833809037,-0.011853774743625742,0.011853774743625742
2010-11-03,0.0,0.03523897171247377,-0.0006113133458064102,-0.0017234677293740445,0.009526341185143263,0.04243053182243657,-0.04243053182243657
2010-11-04,0.0,-0.031988547962439065,-0.0036085566177469206,0.012612486706806347,0.009527740480632624,-0.013456877392747014,0.013456877392747014
2010-11-05,0.0,-0.0014618166722909884,-0.006472739626295883,0.017694610007776647,0.009529404244816206,0.01928945795400598,-0.01928945795400598
2010-11-06,0.0,0.012815356972512825,-0.008328516566894229,0.009781509460576631,0.009531124814423106,0.023799474680618334,-0.023799474680618334
2010-11-07,0.0,0.006337936789610349,-0.011276466535841544,0.0044355370392391,0.009532340734565261,0.009029348027573166,-0.009029348027573166
2010-11-08,0.0,-0.00692320178770084,-0.0120815403169581,-0.0032752088817794758,0.009532971891137526,-0.01274697909530089,0.01274697909530089
2010-11-09,0.0,-0.00472539484616521,-0.014185861456303385,-0.00835936960869732,0.00953303353669537,-0.01773759237447054,0.01773759237447054
2010-11-10,0.0,0.015985177416783947,-0.01453830181493233,-0.00754791467885768,0.009532615261757115,0.0034315761847510525,-0.0034315761847510525
2010-11-11,0.0,0.003004105026269918,-0.014727234108850823,0.0035319426108430542,0.009532274186197906,0.0013410877144600566,-0.0013410877144600566
2010-11-12,0.0,-0.036940771734221334,-0.01486137650060257,0.006702409042175918,0.009532116405455102,-0.03556762278719289,0.03556762278719289
2010-11-13,0.0,0.014830044905554438,-0.01329740087360827,-0.002588163396383239,0.009532402439290537,0.008476883074853465,-0.008476883074853465
2010-11-14,0.0,-0.0032333822260779328,-0.013015456048130956,-0.013056360132325527,0.009533044457481188,-0.019772153949053226,0.019772153949053226
2010-11-15,0.0,-0.014018103425346208,-0.010354168316992299,-0.017707650659372978,0.009534464060223118,-0.03254545834148837,0.03254545834148837
2010-11-16,0.0,0.04919469906698771,-0.008794420142458497,-0.015246687508576964,0.009535847041657962,0.03468943845761022,-0.03468943845761022
2010-11-17,0.0,-0.03843118254294066,-0.00621214680774824,-0.020449671459918023,0.009536238111079069,-0.05555676269952786,0.05555676269952786
2010-11-18,0.0,-0.009774456775293445,-0.003216725140686864,-0.01616317241093595,0.009537126844998075,-0.019617227481918183,0.019617227481918183
2010-11-19,0.0,0.016090936406845384,-0.0009853659807901021,0.0005093070948398061,0.009538949129396576,0.025153826650291665,-0.025153826650291665
2010-11-20,0.0,0.012082643434460218,0.0028901828526541806,0.011560335482118891,0.00953967081386162,0.03607283258309491,-0.03607283258309491
2010-11-21,0.0,-0.040371370108427805,0.00469225617184594,0.012768003477608852,0.009539440734732261,-0.013371669724240753,0.013371669724240753
2010-11-22,0.0,0.04083372679211689,0.008014099314841408,0.005189032201204355,0.009539444636372098,0.06357630294453474,-0.06357630294453474
2010-11-23,0.0,0.00038171237179225365,0.010002162756772348,0.0027609636718753526,0.009539551162970221,0.022684389963410177,-0.022684389963410177
2010-11-24,0.0,-0.030070164898976216,0.011896986782681179,0.0026130197900932385,0.009540016764290137,-0.006020141561911663,0.006020141561911663
2010-11-25,0.0,0.017731871933625607,0.01402459634191678,0.0007817409329600018,0.009540364432564181,0.042078573641066576,-0.042078573641066576
2010-11-26,0.0,-0.04401394347614872,0.014202973799483282,0.003978054144336038,0.009540181547843514,-0.016292733984485885,0.016292733984485885
2010-11-27,0.0,0.05821755940741162,0.0158401620747634,0.02530270502011457,0.009540164440802117,0.10890059094309171,-0.10890059094309171
2010-11-28,0.0,0.04010186835857519,0.015042163212802951,0.03438675562573833,0.0095383921625246,0.09906917935964106,-0.09906917935964106
2010-11-29,0.0,-0.04545374503604751,0.014999455494736259,0.026664402337437772,0.009537255130695161,0.005747367926821685,-0.005747367926821685
2010-11-30,0.0,0.0007732454403518991,0.013754726252161426,0.013293737369007472,0.009535563457119804,0.0373572725186406,-0.0373572725186406
2010-12-01,0.0,-0.010571796939848934,0.011748017416069324,-0.0012008755374256631,0.009534140607346234,0.00950948554614096,-0.00950948554614096
2010-12-02,0.0,0.023850875296893215,0.010509980485743472,-0.005407746362503593,0.00953261885863462,0.038485728278767714,-0.038485728278767714
2010-12-03,0.0,-0.01887714085698695,0.007063825449773448,-0.020703914891679234,0.009530210087263445,-0.022987020211629294,0.022987020211629294
2010-12-04,0.0,0.022676782442610448,0.005297951567755504,-0.033142628320913935,0.009527562417938661,0.0043596681073906785,-0.0043596681073906785
2010-12-05,0.0,-0.019037981261670067,0.0017982705496789784,-0.031103607535722583,0.009525776018928317,-0.038817542228785355,0.038817542228785355
2010-12-06,0.0,-0.009090448327324573,-0.0008020726511487464,-0.017882574354176263,0.009524242954869077,-0.018250852377780506,0.018250852377780506
2010-12-07,0.0,-0.008775496181102531,-0.0034648541717472274,-0.005675009189611511,0.009522728416948728,-0.00839263112551254,0.00839263112551254
2010-12-08,0.0,0.011215516757383748,-0.006958603977988868,-0.0030281665860508924,0.009521455357492348,0.010750201550836336,-0.010750201550836336
2010-12-09,0.0,-0.0020167232019902164,-0.00857508896794889,0.002352991514108483,0.009520035997501126,0.0012812153416705031,-0.0012812153416705031
2010-12-10,0.0,0.009064742677942153,-0.011784976994848652,0.006478246551630049,0.00951945375939041,0.01327746599411396,-0.01327746599411396
2010-12-11,0.0,0.0143597416157235,-0.012837843884754667,0.0018905624892946822,0.009517792440930518,0.012930252661194033,-0.012930252661194033
2010-12-12,0.0,-0.013066212447019651,-0.014705458512139119,-0.004215874896161422,0.009515347527158581,-0.022472198328161615,0.022472198328161615
2010-12-13,0.0,-0.021876645505282264,-0.015592669303830117,0.0017443906097263876,0.009513384676576047,-0.026211539522809947,0.026211539522809947
2010-12-14,0.0,0.005925254214308314,-0.015244071309782965,0.018151462946529882,0.009511883822708487,0.018344529673763717,-0.018344529673763717
2010-12-15,0.0,-0.011005893971321512,-0.015863192250175684,0.02886824797024105,0.009510131147052577,0.011509292895796431,-0.011509292895796431
2010-12-16,0.0,0.042985964934802084,-0.014041353515278018,0.021632652327357248,0.009507691415427143,0.06008495516230846,-0.06008495516230846
2010-12-17,0.0,-0.014613724119698123,-0.013632012353213837,0.00879556891811182,0.009514624129591484,-0.009935543425208656,0.009935543425208656
2010-12-18,0.0,-0.00545059759211487,-0.011205176588921152,-0.0004835399714908297,0.009521494224576292,-0.00761781992795056,0.00761781992795056
2010-12-19,0.0,-0.0025581319096557456,-0.009122511723650384,-0.01798568997141794,0.009527314062491231,-0.020139019542232836,0.020139019542232836
2010-12-20,0.0,-0.008712286542859549,-0.007011838358655001,-0.028327331726656316,0.009533480966609912,-0.03451797566156095,0.03451797566156095
2010-12-21,0.0,-0.004968730195429979,-0.0033820489358312982,-0.02970029105128216,0.0095399843934482,-0.02851108578909524,0.02851108578909524
2010-12-22,0.0,0.008747431451677841,-0.0013832145709890132,-0.013649308083574183,0.009546713545691933,0.003261622342806577,-0.003261622342806577
2010-12-23,0.0,0.02526306960944143,0.002694600003773094,-0.002415927931408726,0.009553541640887711,0.03509528332269351,-0.03509528332269351
2010-12-24,0.0,-0.029443837838673128,0.004826190488151969,-0.004571642672897604,0.009560224969908084,-0.01962906505351068,0.01962906505351068
2010-12-25,0.0,0.0003266845631062455,0.00786694635406918,0.0005426988869597605,0.00956808916715327,0.018304418971288455,-0.018304418971288455
2010-12-26,0.0,-0.03324134381761781,0.010595080609099021,0.007706265029754073,0.009576460517334627,-0.005363537661430093,0.005363537661430093
2010-12-27,0.0,0.016641101642681164,0.012006383671830467,0.010440044451732453,0.009585564864766085,0.04867309463101017,-0.04867309463101017
2010-12-28,0.0,0.061277046656840736,0.014626053337628949,0.007595797531883907,0.009594267140583238,0.09309316466693685,-0.09309316466693685
2010-12-29,0.0,-0.04926239546574886,0.014687550130429494,0.0042264583439025364,0.00960243376323391,-0.020745953228182915,0.020745953228182915
2010-12-30,0.0,0.03610691040884986,0.016262159511367558,0.018460658061512637,0.009611164008759736,0.08044089199048979,-0.08044089199048979
2010-12-31,0.0,-0.019644005465964513,0.015821903260545004,0.030088380602807784,0.009618227645548417,0.03588450604293669,-0.03588450604293669
2011-01-01,0.0,-0.016886350062073337,0.015205395906466534,0.024211732285025253,0.00962518912129294,0.03215596725071139,-0.03215596725071139
2011-01-02,0.0,0.06291309150268823,0.01460054466691189,0.01473638092922274,0.009632004867051897,0.10188202196587476,-0.10188202196587476
2011-01-03,0.0,-0.05462436743169728,0.012027122987787861,0.0026237009754726346,0.009637789636848098,-0.030335753831588694,0.030335753831588694
2011-01-04,0.0,0.010789358031387027,0.011036551295933714,-0.008318465225232382,0.009644010575324146,0.023151454677412503,-0.023151454677412503
2011-01-05,0.0,0.002497790114720818,0.007501051010875571,-0.020065201729918797,0.009649773061850572,-0.00041658754247183606,0.00041658754247183606
2011-01-06,0.0,0.003234812463440335,0.005367743528981615,-0.018746646545479834,0.009655498453411989,-0.0004885920996458952,0.0004885920996458952
2011-01-07,0.0,-0.02223562024464899,0.0023157888682126164,-0.007394801553117802,0.009661617614310097,-0.01765301531524408,0.01765301531524408
2011-01-08,0.0,0.03190260863911595,-0.0010012484133021318,0.005546087600502389,0.009668520789902066,0.04611596861621827,-0.04611596861621827
2011-01-09,0.0,-0.034102147833662576,-0.003192756820832806,-0.002395838880180057,0.009674779399139233,-0.030015964135536203,0.030015964135536203
2011-01-10,0.0,0.024208704198485705,-0.007158714713366733,-0.008708999598801346,0.009680224816561271,0.018021214702878895,-0.018021214702878895
2011-01-11,0.0,0.0087629078428609,-0.008698069203593724,-0.013421918992765838,0.009685693476017316,-0.0036713868774813467,0.0036713868774813467
2011-01-12,0.0,-0.017679047743417567,-0.011822916420561266,-0.015173657734645449,0.009691400063501988,-0.0349842218351223,0.0349842218351223
2011-01-13,0.0,-0.006113194764079771,-0.013419387311988844,-0.02096808581320004,0.009697470684718441,-0.030803197204550214,0.030803197204550214
2011-01-14,0.0,9.34148714078402e-05,-0.014655225967391567,-0.023363272390250468,0.009704145673225136,-0.02822093781300906,0.02822093781300906
2011-01-15,0.0,-0.012640538556922801,-0.016164310003600406,-0.008230978165812527,0.009711610589536688,-0.02732421613679905,0.02732421613679905
2011-01-16,0.0,0.005989245072400647,-0.015309216443769556,0.007270367058116052,0.009719201462399848,0.00766959714914699,-0.00766959714914699
2011-01-17,0.0,0.003249347727722293,-0.016133851738657945,0.01677779615887478,0.009726950092201593,0.013620242240140721,-0.013620242240140721
2011-01-18,0.0,0.007465865206413832,-0.014362533983965788,0.015452964779341116,0.009734136479215583,0.018290432481004745,-0.018290432481004745
2011-01-19,0.0,0.017008073604781248,-0.013515408756019138,0.019599432630570846,0.009740995161095757,0.03283309264042871,-0.03283309264042871
2011-01-20,0.0,-0.04117719882242238,-0.011662891339904325,0.006898148023796906,0.009747614788582938,-0.036194327349946855,0.036194327349946855
2011-01-21,0.0,0.023577066933752406,-0.008871266686268416,-0.005526440476316736,0.009754181455906804,0.01893354122707406,-0.01893354122707406
2011-01-22,0.0,-0.003327398342251201,-0.007313878002180906,-0.014960975124776349,0.009760299582069497,-0.01584195188713896,0.01584195188713896
2011-01-23,0.0,0.009429682621000704,-0.0032295104673611,-0.012762984419058102,0.009766669685379703,0.0032038574199612048,-0.0032038574199612048
2011-01-24,0.0,-0.007149022090141059,-0.0012574094751185926,0.005070042131800369,0.009772353014696573,0.0064359635812372895,-0.0064359635812372895
2011-01-25,0.0,-0.015363475834375893,0.002520856181076674,0.017203976335649036,0.009777631067249588,0.014138987749599406,-0.014138987749599406
2011-01-26,0.0,0.02161341845026889,0.005228408594253384,0.019362051057527637,0.009782986856584451,0.055986864958634364,-0.055986864958634364
2011-01-27,0.0,-0.012575998361174458,0.007625526299968022,0.02257242622251224,0.009788966276097636,0.027410920437403438,-0.027410920437403438
2011-01-28,0.0,-0.0018707415120386237,0.011003685643504287,0.020291314101982382,0.009795612257494321,0.03921987049094237,-0.03921987049094237
2011-01-29,0.0,-0.012160705988366686,0.011910794963393073,0.012652823773900352,0.009801300955560564,0.022204213704487302,-0.022204213704487302
2011-01-30,0.0,0.056293760664271136,0.01466549251446217,0.008322884797983942,0.009805976344084146,0.0890881143208014,-0.0890881143208014
2011-01-31,0.0,-0.01208563017861564,0.0148487188808221,0.005505507902056188,0.009809440088448017,0.018078036692710665,-0.018078036692710665
2011-02-01,0.0,-0.00974644682641065,0.015913250085326906,0.0020141148976691777,0.00981390068147739,0.017994818838062823,-0.017994818838062823
2011-02-02,0.0,0.019203056367917356,0.016101202233043066,-0.008591297582632112,0.009818847705128303,0.03653180872345661,-0.03653180872345661
2011-02-03,0.0,-0.04156382398560534,0.014754273000491522,-0.02819215218261092,0.009822450674486026,-0.04517925249323871,0.04517925249323871
2011-02-04,0.0,0.006434751914185394,0.014751561672525823,-0.03377755285956481,0.00982648242864019,-0.002764756844213404,0.002764756844213404
2011-02-05,0.0,-0.01046300346660563,0.011955064766551922,-0.027205465219352225,0.009839986846851142,-0.01587341707255479,0.01587341707255479
2011-02-06,0.0,0.031808378468147665,0.01093184560490764,-0.01701035771043818,0.009854705576220448,0.03558457193883757,-0.03558457193883757
2011-02-07,0.0,-0.005442025972194071,0.007797235710885985,-0.014602762174272586,0.009868563962331926,-0.002378988473248746,0.002378988473248746
2011-02-08,0.0,-0.033048838171636855,0.005124091067117425,-0.005285864707409367,0.00988334625898676,-0.023327265552942036,0.023327265552942036
2011-02-09,0.0,-0.01014616772863403,0.002810058003536959,0.01281411564335112,0.009898286904113245,0.015376292822367296,-0.015376292822367296
2011-02-10,0.0,0.03170331281018882,-0.0011348677885656092,0.017694498086162552,0.009913418729482886,0.05817636183726865,-0.05817636183726865
2011-02-11,0.0,0.0352770905045947,-0.0029158039702613294,0.01407129967672822,0.009926916605774284,0.056359502816835876,-0.056359502816835876
2011-02-12,0.0,-0.023576936664735006,-0.0069561971403745565,0.0073238787434448446,0.009940014807189394,-0.013269240254475326,0.013269240254475326
2011-02-13,0.0,-0.020745933618793705,-0.008778970842985599,0.005143414431022047,0.009953531571447596,-0.014427958459309661,0.014427958459309661
2011-02-14,0.0,0.00900763870644472,-0.011384137819569502,0.006846831234542086,0.009967005946340519,0.014437338067757825,-0.014437338067757825
2011-02-15,0.0,0.008044922100543429,-0.013745620104052985,-0.0021870503875656127,0.009980011462234407,0.0020922630711592387,-0.0020922630711592387
2011-02-16,0.0,-0.01887638343055355,-0.014340353752862786,-0.007926703895895972,0.009993125021186605,-0.031150316058125703,0.031150316058125703
2011-02-17,0.0,-0.027215835382233534,-0.01636902736896345,-0.001729707954373673,0.010006730602917832,-0.035307840102652824,0.035307840102652824
2011-02-18,0.0,0.05650064440762404,-0.015427102423889682,-0.00025280299304741545,0.01002042877770888,0.050841167768395826,-0.050841167768395826
2011-02-19,0.0,0.013387485289388393,-0.01618675304024775,-0.0017613675448717439,0.010033045148422674,0.005472409852691572,-0.005472409852691572
2011-02-20,0.0,-0.043005223478507916,-0.014944713774270053,-0.007016465429762566,0.010045846965502822,-0.054920555717037724,0.054920555717037724
2011-02-21,0.0,-0.023011681886319826,-0.013415167614444768,0.003502852050868122,0.010059145081398163,-0.022864852368498306,0.022864852368498306
2011-02-22,0.0,0.031243903944197925,-0.012335010846044877,0.010035885273683052,0.01007285469680516,0.03901763306864126,-0.03901763306864126
2011-02-23,0.0,0.011519867908125305,-0.008973905213653544,-0.0028598850681542617,0.010086263836802153,0.009772341463119654,-0.009772341463119654
2011-02-24,0.0,-0.005149107643853863,-0.007702159881247075,-0.016022359948615405,0.010098898966978046,-0.018774728506738295,0.018774728506738295
2011-02-25,0.0,-0.004178270068115695,-0.00368199413620463,-0.022065475288786385,0.010112123594526208,-0.0198136158985805,0.0198136158985805
2011-02-26,0.0,-0.0028543937900097215,-0.0012801881529696372,-0.0210662434044403,0.010125435741077946,-0.015075389606341713,0.015075389606341713
2011-02-27,0.0,0.0021890211415007276,0.0018464329983040842,-0.005105215796882687,0.010138650664976842,0.009068889007898966,-0.009068889007898966
2011-02-28,0.0,-0.02394437288130921,0.005414112267228825,0.014680988515488463,0.010152477750610671,0.006303205652018747,-0.006303205652018747
2011-03-01,0.0,-0.09470055320068384,0.007257754264998641,0.04610251040062074,0.010166822610465252,-0.031173465924599207,0.031173465924599207
2011-03-02,1.0,0.22622910381480377,0.011186901587452417,0.07586465576849948,0.01018169129180456,0.3234623524625602,0.6765376475374398
2011-03-03,0.0,-0.06757898085366955,0.01199000191352119,0.04437924489635803,0.010176309295733274,-0.001033424748057057,0.001033424748057057
2011-03-04,0.0,-0.030042680690793706,0.014503211632963036,0.01406103630034805,0.010171092304953023,0.008692659547470402,-0.008692659547470402
2011-03-05,0.0,-0.016214205749542538,0.015383372449527168,-0.010024032915605302,0.010166429914913276,-0.0006884363007073954,0.0006884363007073954
2011-03-06,0.0,0.005072646965414901,0.015746313910555112,-0.019975930585354778,0.010161773537514216,0.011004803828129451,-0.011004803828129451
2011-03-07,0.0,0.03587293816206012,0.016708848968544153,-0.025030882621105466,0.01015656363212223,0.03770746814162104,-0.03770746814162104
2011-03-08,0.0,-0.013805101629602114,0.014961771828011637,-0.02653245833494597,0.010150526835470712,-0.015225261301065733,0.015225261301065733
2011-03-09,0.0,-0.037790492110312386,0.015276776865897948,-0.021502018231101823,0.010154279346870196,-0.033861454128646065,0.033861454128646065
2011-03-10,0.0,0.027386845288023282,0.012703307541405445,-0.014316026257745355,0.010158472578541605,0.035932599150224974,-0.035932599150224974
2011-03-11,0.0,-0.007863132406003328,0.011189765260196063,-0.023211345118925433,0.0101620498945686,-0.0097226623701641,0.0097226623701641
2011-03-12,0.0,-0.025884018903821547,0.008793271833445204,-0.03401425396393712,0.010165844485677837,-0.04093915654863563,0.04093915654863563
2011-03-13,0.0,0.002304609509001778,0.0054047932117048045,-0.026315325032774128,0.01017096905143034,-0.008434953260637207,0.008434953260637207
2011-03-14,0.0,0.040496119376211316,0.003734973592412776,-0.011564619089547017,0.010176675244753984,0.04284314912383106,-0.04284314912383106
2011-03-15,0.0,-0.016362354388843498,-0.0005924595241582633,0.0028360507188246744,0.010181576139760415,-0.003937187054416671,0.003937187054416671
2011-03-16,0.0,-0.001731769191056619,-0.0024592750170482082,0.011512130537179602,0.010186315731306683,0.01750740206038146,-0.01750740206038146
2011-03-17,0.0,-0.011333888576219146,-0.006118321743397057,0.02526475220402123,0.010191532220079435,0.018004074104484458,-0.018004074104484458
2011-03-18,0.0,0.04197439058816307,-0.008671825866496044,0.021629451316701857,0.010197561276968995,0.06512957731533787,-0.06512957731533787
2011-03-19,0.0,-0.05813683227666512,-0.010664784598107768,0.0032303624766375516,0.010202711951713366,-0.055368542446421976,0.055368542446421976
2011-03-20,0.0,0.015193066282297656,-0.013785983302425132,-0.01216675297143166,0.010208445927118262,-0.000551224064440874,0.000551224064440874
2011-03-21,0.0,0.011735090149384213,-0.014068376920301896,-0.017095311354279063,0.010214262455705883,-0.009214335669490864,0.009214335669490864
2011-03-22,0.0,-0.0060333885258429115,-0.016339740028659143,-0.0008918675533672726,0.01021974906234237,-0.013045247045526958,0.013045247045526958
2011-03-23,0.0,0.013122547769743144,-0.01591442915912887,0.01738262000429223,0.010225138025938404,0.02481587664084491,-0.02481587664084491
2011-03-24,0.0,-0.0034981488328769076,-0.016228836109698153,0.027959569540685094,0.010230635546219533,0.018463220144329565,-0.018463220144329565
2011-03-25,0.0,-0.03615778413363457,-0.01588412857687638,0.03475419755172739,0.010236350726432301,-0.007051364432351263,0.007051364432351263
2011-03-26,0.0,0.05432082815722432,-0.013771293044414908,0.030322775864420243,0.010242029026077544,0.0811143400033072,-0.0811143400033072
2011-03-27,0.0,-0.004848833051941485,-0.013364169629610616,0.011621542064203766,0.010246733675504199,0.0036552730581558626,-0.0036552730581558626
2011-03-28,0.0,-0.0023226025206559706,-0.009998117355043207,-0.012148389135407922,0.010251101590073473,-0.014218007421033624,0.014218007421033624
2011-03-29,0.0,-0.013659819283247247,-0.008607931587532903,-0.022804469102752627,0.010255444075199651,-0.034816775898333124,0.034816775898333124
2011-03-30,0.0,-0.013183054372454626,-0.0051981286657930455,-0.014362334640991292,0.01026025962816304,-0.022483258051075924,0.022483258051075924
2011-03-31,0.0,0.011568270943542175,-0.0021141661787700884,-0.004930655600268154,0.010265345576245036,0.01478879474074897,-0.01478879474074897
2011-04-01,0.0,-0.031950227028915,0.00026118168588247514,0.0007424222859036359,0.010270407124251892,-0.020676215932876996,0.020676215932876996
2011-04-02,0.0,0.04471842326208099,0.004562713989587476,0.008575729193366934,0.010276960689656995,0.0681338271346924,-0.0681338271346924
2011-04-03,0.0,0.001426498755576957,0.006182489749655936,0.013571752177919843,0.01028341387446541,0.03146415455761815,-0.03146415455761815
2011-04-04,0.0,-0.009001258763350659,0.010102932529085135,0.014283973651297332,0.010289122781238638,0.025674770198270448,-0.025674770198270448
2011-04-05,0.0,0.005544116842416543,0.01154341016457788,0.005810913850742931,0.010294007738396338,0.0331924485961337,-0.0331924485961337
2011-04-06,0.0,-0.024350362683661194,0.013605321149098824,-0.009525927238857743,0.010299493484198851,-0.009971475289221262,0.009971475289221262
2011-04-07,0.0,0.048003699934563535,0.01557722882570304,-0.015613870462738816,0.010306105243326945,0.05827316354085471,-0.05827316354085471
2011-04-08,0.0,-0.011583024313011165,0.015513200149595972,-0.02433189403400071,0.010311528864991168,-0.010090189332424735,0.010090189332424735
2011-04-09,0.0,-0.043827074979116726,0.017211014256471903,-0.03588932543699822,0.010316404331752013,-0.05218898182789103,0.05218898182789103
2011-04-10,0.0,-0.017294881854515394,0.015667079737443,-0.022813869789422334,0.01032159780417762,-0.014120074102317108,0.014120074102317108
2011-04-11,0.0,0.06432385786064174,0.015955761656049998,-0.0039500596746145245,0.010327514264407747,0.08665707410648496,-0.08665707410648496
2011-04-12,0.0,-0.027176795940784905,0.014170903298511148,0.0029142568323122222,0.01033318140767513,0.00024154559771359663,-0.00024154559771359663
2011-04-13,0.0,-0.00755439440419055,0.012038835848031962,0.002817373517763704,0.010339385371738181,0.017641200333343297,-0.017641200333343297
2011-04-14,0.0,-0.013912376673811153,0.0105730536834019,-0.004756036894118988,0.010345514896842233,0.0022501550123139903,-0.0022501550123139903
2011-04-15,0.0,-0.0017045302855467491,0.0067372253689474155,-0.0021500724480421835,0.010351918036094797,0.013234540671453281,-0.013234540671453281
2011-04-16,0.0,0.054224652982105,0.00524271788482014,0.0108840760499382,0.010357597051683874,0.08070904396854722,-0.08070904396854722
2011-04-17,0.0,-0.01804829818081044,0.001003249757551538,0.015823150784352247,0.010361874280336426,0.00913997664142977,-0.00913997664142977
2011-04-18,0.0,0.009441762282506781,-0.0014820526264548448,0.017638425401172046,0.010366318335241738,0.03596445339246572,-0.03596445339246572
2011-04-19,0.0,-0.032095610319677316,-0.004536341825893971,0.026218420014163246,0.010371041621981783,-4.249050942625732e-05,4.249050942625732e-05
2011-04-20,0.0,0.009306939439111551,-0.00806824667356196,0.017591466054117173,0.010375964546264629,0.029206123365931393,-0.029206123365931393
2011-04-21,0.0,0.012884243217480305,-0.009626227759711371,-0.0019560700063226176,0.010380961335718038,0.011682906787164354,-0.011682906787164354
2011-04-22,0.0,-0.025852001754439836,-0.013348705173244001,-0.026221438459039924,0.010386037363509888,-0.05503610802321386,0.05503610802321386
2011-04-23,0.0,0.017490903559411842,-0.013916462402299063,-0.032061946055741385,0.010391317876719179,-0.018096187021909425,0.018096187021909425
2011-04-24,0.0,0.009848380432939662,-0.01609041389182471,-0.019941927419931147,0.010396256693709804,-0.015787704185106388,0.015787704185106388
2011-04-25,0.0,-0.015095524273954612,-0.01665463641876988,-0.00627304881225838,0.010401664582565338,-0.027621544922417533,0.027621544922417533
2011-04-26,0.0,-0.005010727190746453,-0.016413937990211104,0.011171330219561954,0.010407167450005325,0.0001538324886097217,-0.0001538324886097217
2011-04-27,0.0,-0.02974596311048972,-0.01694038682340542,0.026291197020249308,0.010412713522272373,-0.009982439391373455,0.009982439391373455
2011-04-28,0.0,0.07688832558411846,-0.014585848364402913,0.03387518208164123,0.010417908287894379,0.10659556758925115,-0.10659556758925115
2011-04-29,0.0,-0.017339337900524842,-0.014456668408153236,0.01750821610820103,0.010422198585789981,-0.003865591614687065,0.003865591614687065
2011-04-30,0.0,-0.034004317702671726,-0.011515706278733462,-0.007779181961699753,0.010426075760132587,-0.04287313018297235,0.04287313018297235
2011-05-01,0.0,0.011742735612826037,-0.009567426768989907,-0.010550504265356708,0.010430338658937466,0.002055143237416889,-0.002055143237416889
2011-05-02,0.0,-0.015677143279320238,-0.00700499764678947,0.005833415434801382,0.01043458696210346,-0.006414138529204862,0.006414138529204862
2011-05-03,0.0,0.028029705663418246,-0.0031209325196037497,0.016588777803137778,0.010439211814705727,0.051936762761658,-0.051936762761658
2011-05-04,0.0,-0.0441069117837387,-0.001265869906608446,0.02556466998105498,0.01044344246039118,-0.009364669248900982,0.009364669248900982
2011-05-05,0.0,0.03468670769978918,0.003376269145068231,0.03113523687380162,0.010448399545010902,0.07964661326366992,-0.07964661326366992
2011-05-06,0.0,0.05703247056081998,0.005287768779997128,0.017870646388786656,0.010452655110694643,0.09064354084029841,-0.09064354084029841
2011-05-07,0.0,-0.0403022706758451,0.00879553352656275,-0.01017805542890617,0.010456012259769169,-0.031228780318419355,0.031228780318419355
2011-05-08,0.0,-0.02278852228040111,0.011230462920911042,-0.04055836232433034,0.010460418428600616,-0.0416560032552198,0.0416560032552198
2011-05-09,0.0,-0.01770325348366565,0.012763912179189495,-0.042801707258078706,0.010465309869091305,-0.03727573869346355,0.03727573869346355
2011-05-10,0.0,0.028781343192550386,0.01570362015436117,-0.02917945192877584,0.010470518740562316,0.025776030158698032,-0.025776030158698032
2011-05-11,0.0,-0.03733905237758328,0.015471062234811213,-0.01806404856296513,0.010474739945560963,-0.02945729876017623,0.02945729876017623
2011-05-12,0.0,0.06775220004575568,0.01745374270818001,-0.01722365695916424,0.010479268898304726,0.07846155469307617,-0.07846155469307617
2011-05-13,0.0,-0.04594829176809662,0.016605396091496912,-0.0244204783187361,0.010492734543649488,-0.04327063945168632,0.04327063945168632
2011-05-14,0.0,0.0008231492726858687,0.016434841301937474,-0.021332771950938693,0.010507132990619773,0.006432351614304423,-0.006432351614304423
2011-05-15,0.0,-0.03850834345145035,0.015707249595135673,-0.0202422765342647,0.010521547771450606,-0.03252182261912877,0.03252182261912877
2011-05-16,0.0,0.0038443868287626973,0.0129951922400558,-0.012820675997791952,0.010536504751423608,0.014555407822450156,-0.014555407822450156
2011-05-17,0.0,0.06540459800882024,0.012189762608547601,0.008095126708623642,0.010551858166785388,0.09624134549277688,-0.09624134549277688
2011-05-18,0.0,-0.022215109950789142,0.008247129382435056,0.024077847553872107,0.010566573222988495,0.020676440208506515,-0.020676440208506515
2011-05-19,0.0,0.005888588343989162,0.006448164930380368,0.03172071789279169,0.010581223805253824,0.05463869497241504,-0.05463869497241504
2011-05-20,0.0,0.004220692167555014,0.002745032708653175,0.032370798971712,0.010595629646663123,0.04993215349458331,-0.04993215349458331
2011-05-21,0.0,-0.009358889260031407,-0.0006089110084451326,0.02020556185125692,0.010610564848839014,0.020848326431619393,-0.020848326431619393
2011-05-22,0.0,-0.0028318545574376706,-0.0029571129080202593,0.020082118447405737,0.010625971730836395,0.0249191227127842,-0.0249191227127842
2011-05-23,0.0,-0.015353101681664424,-0.007345196355300433,0.016586988369549468,0.01064101024586369,0.004529700578448301,-0.004529700578448301
2011-05-24,0.0,0.02866707456131148,-0.008888120124477306,0.009367576377382421,0.01065596556636571,0.0398024963805823,-0.0398024963805823
2011-05-25,0.0,-0.005831756386288699,-0.01275341538967844,0.00863459623825047,0.010670488992083409,0.0007199134543667395,-0.0007199134543667395
2011-05-26,0.0,0.013857562762875428,-0.01417437043054429,0.01128800095494597,0.01068525093729494,0.02165644422457205,-0.02165644422457205
2011-05-27,0.0,-0.013756353737958159,-0.0159179229332972,0.003458306519440015,0.010699808806791469,-0.015516161345023875,0.015516161345023875
2011-05-28,0.0,-0.00796795726820457,-0.017627644291543253,-0.011354806418020884,0.0107143879346366,-0.026236020043132104,0.026236020043132104
2011-05-29,0.0,-0.004027578769332981,-0.01692946191700877,-0.022443626926065784,0.010729654418443438,-0.032671013193964094,0.032671013193964094
2011-05-30,0.0,0.020202733221276064,-0.018132066931175292,-0.011554857081067158,0.010744738139930984,0.0012605473489645976,-0.0012605473489645976
2011-05-31,0.0,0.0014270379253683908,-0.016014924203906156,-0.002110303021766606,0.010759479815274815,-0.005938709485029555,0.005938709485029555
2011-06-01,0.0,-0.01160163366866973,-0.015699199203986207,0.0027445406607003236,0.010774317109865957,-0.013781975102089656,0.013781975102089656
2011-06-02,0.0,-0.021964455717041725,-0.013566724140285992,0.00894168843297715,0.0107902199314623,-0.01579927149288827,0.01579927149288827
2011-06-03,0.0,0.01236630587108599,-0.010764394206565558,0.00804512802874362,0.010806708599504885,0.02045374829276894,-0.02045374829276894
2011-06-04,0.0,-0.0044213252359262024,-0.00897019333552105,0.005527833280458936,0.01082306672540003,0.0029593814344117137,-0.0029593814344117137
2011-06-05,0.0,0.0007657014821165014,-0.004501294013102636,-0.011421629479091904,0.010839117102418916,-0.004318104907659123,0.004318104907659123
2011-06-06,0.0,0.026986439297995046,-0.002624650424082062,-0.0162220629068758,0.010855236206671582,0.018994962173708767,-0.018994962173708767
2011-06-07,0.0,-0.012137973139791711,0.0019118778646940076,-0.005295517981598279,0.010871152319092494,-0.0046504609376034865,0.0046504609376034865
2011-06-08,0.0,0.013727393127330022,0.004697430584020609,0.007694448294586479,0.010887002048522491,0.0370062740544596,-0.0370062740544596
2011-06-09,0.0,-0.06371800308132458,0.007629128797942178,-0.0009913550371755575,0.010902499099766861,-0.04617773022079111,0.04617773022079111
2011-06-10,0.0,0.0631206340647927,0.011331219956897468,-0.010393461303169883,0.010919387930947213,0.07497778064946749,-0.07497778064946749
2011-06-11,0.0,-0.017309302864220864,0.012520769072206225,-0.02387979202540336,0.010935739568059044,-0.017732586249358955,0.017732586249358955
2011-06-12,0.0,-0.0054401472559504555,0.016126298704036042,-0.03328441905138508,0.010952078470281285,-0.011646189133018207,0.011646189133018207
2011-06-13,0.0,-0.043861577763909976,0.016300154569945838,-0.027819505406972117,0.010967711500370384,-0.04441321710056587,0.04441321710056587
2011-06-14,0.0,0.07170281858230165,0.018058049710387655,-0.008542929018970146,0.010983521376954264,0.09220146065067343,-0.09220146065067343
2011-06-15,0.0,-0.04776018563263608,0.018297888571413512,0.012677108996655945,0.010998747537054805,-0.0057864405275118175,0.0057864405275118175
2011-06-16,0.0,0.0020739140529294656,0.017453494767217803,0.030841323113688167,0.01101525768575997,0.06138398961959541,-0.06138398961959541
2011-06-17,0.0,0.02418417721315921,0.0176598219374213,0.023015729811439015,0.011032355907319442,0.07589208486933896,-0.07589208486933896
2011-06-18,0.0,-0.04103113396244269,0.014555137858377783,0.0036983245685921853,0.01104842493769578,-0.011729246597776945,0.011729246597776945
2011-06-19,0.0,0.06657272042101815,0.013859383769462587,0.00015361563085436198,0.011064676859680616,0.09165039668101573,-0.09165039668101573
2011-06-20,0.0,0.003412920503602351,0.0101855116067395,0.00038983306905416215,0.01108046339996302,0.02506872857935903,-0.02506872857935903
2011-06-21,0.0,-0.02039393289198137,0.007558000478478077,-0.0030432090993934265,0.011097285337777834,-0.004781856175118887,0.004781856175118887
2011-06-22,0.0,-0.00584862436878739,0.00463095811835895,-0.0009467537126098093,0.011114403052723359,0.00894998308968511,-0.00894998308968511
2011-06-23,0.0,-0.04471535015695739,0.00029138119612191337,0.003993654364288235,0.011131847996120004,-0.029298466600427238,0.029298466600427238
2011-06-24,0.0,0.035837637560380976,-0.0016911880946783701,0.015646226381640347,0.011149419011503195,0.06094209485884615,-0.06094209485884615
2011-06-25,0.0,0.013769252407013051,-0.006567451384238027,0.0134084079520021,0.011166306588528116,0.03177651556330524,-0.03177651556330524
2011-06-26,0.0,0.024548777297063798,-0.00865590980413618,0.006037708353210957,0.011182877736890102,0.03311345358302868,-0.03311345358302868
2011-06-27,0.0,-0.042806574370297855,-0.012220778116115228,0.00846981836792855,0.011198931201466084,-0.03535860291701846,0.03535860291701846
2011-06-28,0.0,0.00978636217782647,-0.014779138099313431,0.009522116204630887,0.011215698074205551,0.01574503835734948,-0.01574503835734948
2011-06-29,0.0,0.008359444878508437,-0.015971176157670644,0.006488020781369546,0.011232424822541994,0.010108714324749333,-0.010108714324749333
2011-06-30,0.0,-0.03726654707204164,-0.01867703501209357,-0.005694463383245642,0.011248284783913943,-0.05038976068346691,0.05038976068346691
2011-07-01,0.0,0.05564610063532251,-0.01787720019613219,-0.003234521705790065,0.011264185900186647,0.045798564633586905,-0.045798564633586905
2011-07-02,0.0,0.017558920763780142,-0.01926539948321051,0.0022739230181579593,0.011279592551104478,0.011847036849832071,-0.011847036849832071
2011-07-03,0.0,-0.06540483969479115,-0.0178816159053213,0.002898707784871995,0.011295303757191653,-0.06909244405804879,0.06909244405804879
2011-07-04,0.0,0.02154540934924695,-0.01688626654166564,0.004765877630725836,0.011311464300797807,0.02073648473910495,-0.02073648473910495
2011-07-05,0.0,-0.01983220856125323,-0.01566888700511635,0.016399255874887362,0.011327628102735758,-0.007774211588746459,0.007774211588746459
2011-07-06,0.0,0.009521822890588809,-0.012119563241014854,0.016503825185014125,0.01134390147346106,0.02524998630804914,-0.02524998630804914
2011-07-07,0.0,-0.0030105349586406586,-0.010784287192224181,0.007687767260740443,0.011359544522251061,0.005252489632126664,-0.005252489632126664
2011-07-08,0.0,0.022834544569594876,-0.00619019793584758,-0.013407224738531967,0.011374917179125657,0.014612039074340985,-0.014612039074340985
2011-07-09,0.0,0.040280347374066106,-0.0037873277818646816,-0.023452864995055472,0.011390396624886797,0.024430551222032748,-0.024430551222032748
2011-07-10,0.0,-0.06203575560859165,0.00025377520917150507,-0.032896571470814026,0.01140596449186967,-0.08327258737836449,0.08327258737836449
2011-07-11,0.0,-0.011252137040055706,0.0042124937930081915,-0.03339719250272537,0.011422328419378777,-0.029014507330394103,0.029014507330394103
2011-07-12,0.0,0.018050766229368374,0.006609264916574547,-0.03107329331496045,0.011439105594655396,0.005025843425637871,-0.005025843425637871
2011-07-13,0.0,-0.0316424808718258,0.01127690297307549,-0.0315385257840093,0.011456241786424987,-0.04044786189633462,0.04044786189633462
2011-07-14,0.0,0.0004201654255286593,0.012617952471588959,-0.019652075479126736,0.011473517225242924,0.004859559643233806,-0.004859559643233806
2011-07-15,0.0,0.05554363403940981,0.016257627602247176,-0.020555721937897828,0.011490778513917669,0.06273631821767682,-0.06273631821767682
2011-07-16,0.0,-0.007243261564000783,0.017395582586740302,-0.03074592245646487,0.011507376832630074,-0.009086224601095276,0.009086224601095276
2011-07-17,0.0,-0.032783522599730455,0.018613689659748387,-0.014884995843952102,0.011524373334528827,-0.017530455449405347,0.017530455449405347
2011-07-18,0.0,-0.05865833022113894,0.020103196944588363,0.018871557912268015,0.011542028021151576,-0.008141547343130988,0.008141547343130988
2011-07-19,0.0,-0.05356989064560902,0.018706112661111104,0.05750271891627674,0.011559585477360348,0.03419852640913918,-0.03419852640913918
2011-07-20,1.0,0.26919803559928646,0.01946502039634835,0.09037569804625005,0.011577003084715121,0.39061575712659996,0.6093842428734
2011-07-21,0.0,-0.09913491115489224,0.016409985618034778,0.058675141776504854,0.011574241736858,-0.012475542023494612,0.012475542023494612
2011-07-22,0.0,-0.03311682925588806,0.01521540675858299,0.02980555321696538,0.011582212709463687,0.023486343429123997,-0.023486343429123997
2011-07-23,0.0,0.0071176992405075235,0.012291624319588728,-0.0043592750752248196,0.011590230403707845,0.02664027888857928,-0.02664027888857928
2011-07-24,0.0,-0.02357234701769094,0.008656837254783794,-0.03643559059502755,0.011597823606056329,-0.03975327675187837,0.03975327675187837
2011-07-25,0.0,-0.006481358710186672,0.006388789854178385,-0.030109298066650778,0.011605643054470026,-0.018596223868189037,0.018596223868189037
2011-07-26,0.0,0.01987440069485495,0.001379037581565993,0.0020300774020605133,0.011613660073801574,0.03489717575228303,-0.03489717575228303
2011-07-27,0.0,0.023229341953015514,-0.0008106025065276888,0.029930951753854313,0.011621616360571468,0.0639713075609136,-0.0639713075609136
2011-07-28,0.0,0.016677598823022492,-0.005652763566494348,0.038371894809467115,0.011628656750853698,0.06102538681684896,-0.06102538681684896
2011-07-29,0.0,-0.028949345982122145,-0.008723597734621832,0.016719599382049186,0.011635673696414623,-0.009317670638280168,0.009317670638280168
2011-07-30,0.0,-0.045467208661372376,-0.011646914369991901,-0.007918284393532435,0.011643853113512044,-0.05338855431138467,0.05338855431138467
2011-07-31,0.0,0.03389325524739143,-0.015356607637846888,-0.030197438094300824,0.011652156233827074,-8.634250929206652e-06,8.634250929206652e-06
2011-08-01,0.0,0.016647614906965934,-0.016225246738614557,-0.047819042086791226,0.011660566844611104,-0.03573610707382875,0.03573610707382875
2011-08-02,0.0,-0.0009525593257246542,-0.019406740319876752,-0.034235136606001915,0.011668489486569728,-0.04292594676503359,0.04292594676503359
2011-08-03,0.0,0.003102107376929908,-0.01907130032068348,-0.008069507719116954,0.011677320629833668,-0.012361380033036858,0.012361380033036858
2011-08-04,0.0,-0.012456968036909266,-0.020015043518155168,0.01775711154116892,0.011686124538080222,-0.003028775475815291,0.003028775475815291
2011-08-05,0.0,-0.023726835007317065,-0.019631955009777657,0.0182337719832275,0.011695170659593978,-0.013429847374273246,0.013429847374273246
2011-08-06,0.0,-0.014399077098907245,-0.01781505906923041,-0.00043085432407800666,0.011704508788919286,-0.020940481703296376,0.020940481703296376
2011-08-07,0.0,-0.0024538416025798966,-0.017312732246123015,-0.005707171117418761,0.011714155460510642,-0.013759589505611033,0.013759589505611033
2011-08-08,0.0,0.04057657380440061,-0.013422447838861838,-0.014086236987745276,0.011723421315082784,0.024791310292876283,-0.024791310292876283
2011-08-09,0.0,0.024848600794276934,-0.012015428354671334,-0.010441172669549283,0.011731832910412182,0.0141238326804685,-0.0141238326804685
2011-08-10,0.0,-0.02994223600643716,-0.007884097484866612,0.0028613509553231295,0.011740414872270183,-0.023224567663710456,0.023224567663710456
2011-08-11,0.0,-0.021319060371256422,-0.004474013616705913,0.019565941828835795,0.011749610757610187,0.005522478598483645,-0.005522478598483645
2011-08-12,0.0,-0.005537733656408745,-0.0011957017883665495,0.023506692545417898,0.011758985229629182,0.02853224233027179,-0.02853224233027179
2011-08-13,0.0,0.011536702300430473,0.0037269250221569758,-0.003063779511306577,0.011768014599692882,0.023967862410973755,-0.023967862410973755
2011-08-14,0.0,0.029798255704455424,0.005859918846942274,-0.035984927593621964,0.011777110403075882,0.011450357360851617,-0.011450357360851617
2011-08-15,0.0,-0.010376753798972849,0.01076989871353739,-0.055209055943935756,0.011786892656823224,-0.043029018372547995,0.043029018372547995
2011-08-16,0.0,-0.02181406977212057,0.012729993437729663,-0.04821025681204748,0.011796988136154658,-0.04549734501028373,0.04549734501028373
2011-08-17,0.0,0.0021707316283373556,0.015789728162769412,-0.023139362052298714,0.011807034932195775,0.006628132671003829,-0.006628132671003829
2011-08-18,0.0,-0.04136039962861926,0.018122843152555267,0.005789954046558635,0.011816872218535194,-0.005630730210970164,0.005630730210970164
2011-08-19,0.0,-0.07750566134298639,0.01866979882043517,0.03972698732038245,0.01182749583987664,-0.007281379362292138,0.007281379362292138
2011-08-20,1.0,0.22791497350633794,0.021028522778813348,0.068197022444104,0.011839495556589263,0.32898001428584456,0.6710199857141554
2011-08-21,0.0,-0.05822583784880036,0.019437704280555645,0.040073678942378343,0.011830895329909013,0.013116440704042638,-0.013116440704042638
2011-08-22,0.0,-0.0163963179102801,0.019966308757547867,0.01969341103778217,0.011822056238088206,0.035085458123138145,-0.035085458123138145
2011-08-23,0.0,-0.045830578024248274,0.01776117157147787,0.010443104215898249,0.011813393893369939,-0.005812908343502215,0.005812908343502215
2011-08-24,0.0,0.014292712591140034,0.01575370270740712,0.006453755626660427,0.011806783766432988,0.04830695469164056,-0.04830695469164056
2011-08-25,0.0,0.04569793787477463,0.0138416193103141,0.003407729378055531,0.011800592820907558,0.07474787938405182,-0.07474787938405182
2011-08-26,0.0,-0.043555313595486,0.009463110634141738,-0.012579674219461812,0.011793386052528228,-0.03487849112827785,0.03487849112827785
2011-08-27,0.0,0.004507519625634603,0.007619268859848626,-0.016307820642556703,0.011787020871709698,0.0076059887146362245,-0.0076059887146362245
2011-08-28,0.0,0.04566562026410198,0.0025929382726492356,-0.0007263474308045281,0.011780195408947206,0.05931240651489389,-0.05931240651489389
2011-08-29,0.0,-0.010965431415840506,-0.00019580368540581173,0.002971099428946165,0.01177346345583266,0.003583327783532507,-0.003583327783532507
2011-08-30,0.0,-0.0664213672118227,-0.004286879122582314,0.006310058339032651,0.011766127850924034,-0.052632060144448316,0.052632060144448316
2011-08-31,0.0,0.007902142008170104,-0.008346161480350122,0.019578504591798322,0.011758976205726626,0.03089346132534493,-0.03089346132534493
2011-09-01,0.0,0.045459196251785516,-0.010551414277055842,0.020028443121198107,0.01175196272242734,0.06668818781835512,-0.06668818781835512
2011-09-02,0.0,0.010754719695062143,-0.014937982825027809,0.007005116643618902,0.011744711128692168,0.014566564642345403,-0.014566564642345403
2011-09-03,0.0,-0.0013964768676165457,-0.015981122305368967,-0.013340300698840464,0.011736839098202905,-0.01898106077362307,0.01898106077362307
2011-09-04,0.0,0.003298859666943868,-0.018918763849163377,-0.01882555132620442,0.011729349170619383,-0.022716106337804545,0.022716106337804545
2011-09-05,0.0,-0.019682020768220093,-0.01950053309329671,-0.022550196948125253,0.011722286952305937,-0.050010463857336124,0.050010463857336124
2011-09-06,0.0,-0.05030122653161583,-0.019699320566178534,-0.0168283076416203,0.011715727412304899,-0.07511312732710977,0.07511312732710977
2011-09-07,0.0,-0.0039176626763062355,-0.020362306836423993,-0.009485185040991021,0.011709389203123989,-0.022055765350597258,0.022055765350597258
2011-09-08,0.0,0.059867217017402975,-0.018029807137986846,-0.00530684088099642,0.011703319235192852,0.04823388823361256,-0.04823388823361256
2011-09-09,0.0,-0.0003923045975733378,-0.017902729624380394,-0.0038001539916779903,0.011696515769810968,-0.010398672443820754,0.010398672443820754
2011-09-10,0.0,-0.023421434904664664,-0.014459293505228107,-0.009733778280374368,0.011689849751683056,-0.035924656938584085,0.035924656938584085
2011-09-11,0.0,0.017324323376266593,-0.012493548637991014,-0.019847578855997517,0.011683336561649419,-0.0033334675560725193,0.0033334675560725193
2011-09-12,0.0,-0.04551774591643949,-0.009287209586248023,-0.01989797803166591,0.011676909652353712,-0.06302602388199971,0.06302602388199971
2011-09-13,0.0,-0.010831644294375456,-0.0049961737962059055,-0.008538170162760095,0.011670920926002231,-0.012695067327339226,0.012695067327339226
2011-09-14,0.0,0.055814951441692365,-0.002449894552797551,0.0010171170016056031,0.011664532884255157,0.06604670677475558,-0.06604670677475558
2011-09-15,0.0,0.00912592471816162,0.002755321958971296,-0.0017534979916162424,0.011657474408522776,0.02178522309403945,-0.02178522309403945
2011-09-16,0.0,-0.013684181687794025,0.005040118039001348,-0.005983560359362189,0.011650318940171612,-0.0029773050679832522,0.0029773050679832522
2011-09-17,0.0,-0.041050054688625555,0.009456013063714708,-0.011452913736976576,0.011644086047004691,-0.03140286931488273,0.03140286931488273
2011-09-18,0.0,0.0036096737137659815,0.012353569356463732,-0.01306753315166513,0.011637883531821554,0.014533593450386137,-0.014533593450386137
2011-09-19,0.0,0.007978984643047448,0.014546207272528705,-0.006910130749832074,0.011630983517648037,0.027246044683392118,-0.027246044683392118
2011-09-20,0.0,0.006789267160798748,0.017863232135291847,0.008014803965876907,0.011624917600785092,0.04429222086275259,-0.04429222086275259
2011-09-21,0.0,-0.07461746686742418,0.018054516964872404,0.04349703785487524,0.011618191008821348,-0.0014477210388551872,0.0014477210388551872
2011-09-22,1.0,0.196800168287386,0.02048520415575408,0.08440767124283818,0.01161133537913151,0.3133043790651098,0.6866956209348902
2011-09-23,0.0,-0.0607955894094919,0.01945404119232992,0.0657509547812681,0.011584839183539699,0.03599424574764582,-0.03599424574764582
2011-09-24,0.0,-0.046687872547308176,0.019396858022528843,0.03725642273757093,0.011559116925955086,0.021524525138746683,-0.021524525138746683
2011-09-25,0.0,-0.00031532910795624165,0.018407515801628922,0.006699912520241198,0.011543488780723754,0.03633558799463763,-0.03633558799463763
2011-09-26,0.0,-0.02354447402976611,0.01569227552972896,-0.01970669287523038,0.011527404779271637,-0.01603148659599589,0.01603148659599589
2011-09-27,0.0,0.06755595962502078,0.01458440821542547,-0.028563770404132046,0.011511235559092827,0.06508783299540703,-0.06508783299540703
2011-09-28,0.0,-0.004479178542108046,0.010124660400938165,-0.026988323284100592,0.011494231730892188,-0.009848609694378285,0.009848609694378285
2011-09-29,0.0,-0.016000336571251623,0.008161539147913871,-0.016378116304403844,0.01147868504139924,-0.012738228686342355,0.012738228686342355
2011-09-30,0.0,-0.006168918706516153,0.003926824490927708,-0.007278132617475947,0.011463290803049978,0.0019430639699855867,-0.0019430639699855867
2011-10-01,0.0,-0.027852880231196024,0.0003325454834210648,-0.015469580031661828,0.011447394771694196,-0.031542520007742596,0.031542520007742596
2011-10-02,0.0,-0.03251186379790388,-0.0027205941598115765,-0.026179097264038467,0.011431707074186588,-0.04997984814756733,0.04997984814756733
2011-10-03,0.0,0.046864160362990855,-0.007400396645599012,-0.016537835709927097,0.011416335329085299,0.03434226333655004,-0.03434226333655004
2011-10-04,0.0,0.04833229989120281,-0.009288590714153845,-0.0021248294886586803,0.011400526153810377,0.04831940584220066,-0.04831940584220066
2011-10-05,0.0,-0.03403562014419106,-0.013653941548643468,0.011820244599594723,0.011384191220368442,-0.024485125872871362,0.024485125872871362
2011-10-06,0.0,4.974799679402205e-05,-0.015293007750159711,0.007460708004446719,0.011368271065359337,0.0035857193164403663,-0.0035857193164403663
2011-10-07,0.0,-0.03561897252596236,-0.017480042864477515,0.010220601335051323,0.011352631105637244,-0.03152578294975131,0.03152578294975131
2011-10-08,0.0,-0.0023506183255472806,-0.019121583230568832,-0.0017166734949830044,0.011337392326861371,-0.011851482724237748,0.011851482724237748
2011-10-09,0.0,0.018443949826392202,-0.018709970472104834,-0.01611930183850758,0.011322636016688618,-0.005062686467531592,0.005062686467531592
2011-10-10,0.0,0.024296256175845125,-0.020051774378287236,-0.021636571281544115,0.011307383976063633,-0.006084705507922592,0.006084705507922592
2011-10-11,0.0,-0.03162726494092736,-0.017955071595566398,-0.01422052853101912,0.011292106210515233,-0.05251075885699764,0.05251075885699764
2011-10-12,0.0,0.01818334812469534,-0.01761097669406724,0.008174530487108495,0.011277542330779,0.020024444248515592,-0.020024444248515592
2011-10-13,0.0,-0.025319573382345716,-0.015207659038375556,0.019092499675374335,0.011262263897755911,-0.010172468847591027,0.010172468847591027
2011-10-14,0.0,-0.004933481850443854,-0.012529457341714161,0.008568911214192369,0.0112472718377635,0.002353243859797854,-0.002353243859797854
2011-10-15,0.0,-0.018034266809977297,-0.010369755979734167,-0.001396401291408831,0.011232523064426151,-0.018567901016694144,0.018567901016694144
2011-10-16,0.0,0.07181967082995908,-0.005695942086243985,-0.012068762074090448,0.011218696476983998,0.06527366314660865,-0.06527366314660865
2011-10-17,0.0,0.005991440396770283,-0.0035857136782023874,-0.022816127496633865,0.011203548238310492,-0.009206852539755476,0.009206852539755476
2011-10-18,0.0,-0.04181659778715302,0.001182083571267333,-0.026348505224677125,0.011188779441292374,-0.05579423999927044,0.05579423999927044
2011-10-19,0.0,-0.050212274431728765,0.0040974475200723955,-0.01024812207364656,0.011174485533574375,-0.045188463451728555,0.045188463451728555
2011-10-20,0.0,0.049890385487782365,0.007573316117989013,0.020155771377247493,0.01116047733959411,0.08877995032261297,-0.08877995032261297
2011-10-21,0.0,-0.03347466252620091,0.011369002642617733,0.018276182806138765,0.011145962920217934,0.00731648584277352,-0.00731648584277352
2011-10-22,0.0,-0.009868780117154929,0.012908486074058256,0.012873977145738732,0.011131345041463826,0.027045028144105886,-0.027045028144105886
2011-10-23,0.0,0.09346762840255265,0.016579278510513877,0.008962011557393073,0.011117301100078835,0.13012621957053844,-0.13012621957053844
2011-10-24,0.0,0.003919126484407857,0.0170235244466181,0.002262134805045683,0.01110236274585213,0.03430714848192377,-0.03430714848192377
2011-10-25,0.0,-0.027681169884102973,0.01897051354816577,0.009567062333868769,0.011087329529505904,0.011943735527437471,-0.011943735527437471
2011-10-26,0.0,-0.05969713608473157,0.01910950437791788,0.022850217499428564,0.01107209683804083,-0.006665317369344297,0.006665317369344297
2011-10-27,0.0,-0.09211653331544331,0.01841586859574658,0.04247898111061418,0.011057667739127554,-0.020164015869955,0.020164015869955
2011-10-28,1.0,0.27587636999158927,0.018606293670216066,0.06913827234275098,0.011044767469770782,0.3746657034743271,0.625334296525673
2011-10-29,0.0,-0.08181386867990618,0.015572304626285869,0.028740574755009646,0.011011526988763365,-0.026489462309847313,0.026489462309847313
2011-10-30,0.0,-0.06081140055934049,0.014708721974177191,-0.020010576440598435,0.010978995160911647,-0.055134259864850085,0.055134259864850085
2011-10-31,0.0,0.0045707907165826525,0.010959748016819655,-0.045219231387013246,0.010946963427674837,-0.018741729225936102,0.018741729225936102
2011-11-01,0.0,-0.007345801108269669,0.008494410993360534,-0.05165456875018019,0.010915246143219426,-0.0395907127218699,0.0395907127218699
2011-11-02,0.0,-0.04127469952892185,0.005395385615679274,-0.032020831601825686,0.010883695894379031,-0.05701644962068923,0.05701644962068923
2011-11-03,0.0,0.05499120913167108,0.0011625030210325683,-0.005612147436684204,0.010852603340778588,0.06139416805679804,-0.06139416805679804
2011-11-04,0.0,-0.0012278160033456626,-0.001119112332614781,0.009140552140985768,0.010821206381992113,0.017614830187017438,-0.017614830187017438
2011-11-05,0.0,0.037079578794407146,-0.005886292038255822,0.021277147375131443,0.010789925550312196,0.06326035968159496,-0.06326035968159496
2011-11-06,0.0,-0.034424602086876435,-0.007986681116325113,0.004577910268069878,0.010758430529989253,-0.027074942405142417,0.027074942405142417
2011-11-07,0.0,-0.04674909762646862,-0.01168329033982065,-0.01757706442038239,0.010727213676355702,-0.06528223871031595,0.06528223871031595
2011-11-08,0.0,0.03328916231064885,-0.014146345846992179,-0.031719484611109475,0.010695775091860473,-0.0018808930555923292,0.0018808930555923292
2011-11-09,0.0,-0.009821123084545417,-0.015487975514849987,-0.02748478014170927,0.010665085655979322,-0.04212879308512535,0.04212879308512535
2011-11-10,0.0,0.0023944725015157082,-0.017917087346517827,-0.011929050021873762,0.010634615210523278,-0.016817049656352598,0.016817049656352598
2011-11-11,0.0,0.024910961638653313,-0.017420423149247008,-0.0022708492314176014,0.010604137963811511,0.015823827221800216,-0.015823827221800216
2011-11-12,0.0,-0.010643783130366865,-0.01878597912158514,0.003187843016273835,0.010573671345048734,-0.015668247890629435,0.015668247890629435
2011-11-13,0.0,-0.02158008324387337,-0.01743428553144112,0.0033393064598048463,0.010543288105264215,-0.025131774210245424,0.025131774210245424
2011-11-14,0.0,-0.026014838079525874,-0.016567168594626792,-0.0018660071873797019,0.010512185447861963,-0.03393582841367041,0.03393582841367041
2011-11-15,0.0,0.007454917076954077,-0.015295411093589376,-0.01065200543463898,0.010481524685120095,-0.008010974766154182,0.008010974766154182
2011-11-16,0.0,0.040400370229682264,-0.012160752694964104,-0.01541647782693719,0.010451636255248612,0.023274775963029584,-0.023274775963029584
2011-11-17,0.0,-0.002226912759178204,-0.01071928925926283,-0.004042227565145544,0.010421487017653499,-0.006566942565933079,0.006566942565933079
2011-11-18,0.0,0.01065898043753571,-0.00642455252020618,0.015947247159440032,0.010391266458024781,0.03057294153479434,-0.03057294153479434
2011-11-19,0.0,-0.029730546307964758,-0.004167576414724433,0.020783453619504354,0.010360500967719077,-0.002754168135465758,0.002754168135465758
2011-11-20,0.0,-0.013006350816859896,-0.00038213927737012457,0.028339037763699348,0.010329876277779865,0.025280423947249192,-0.025280423947249192
2011-11-21,0.0,-0.012229672591613743,0.0031891861616844598,0.025958864511297572,0.010299504346518306,0.027217882427886593,-0.027217882427886593
2011-11-22,0.0,0.031330645322577066,0.005680486323389623,0.025301544722878176,0.010269113302879686,0.07258178967172454,-0.07258178967172454
2011-11-23,0.0,0.06066846698034708,0.009769840010980031,0.010690311875973094,0.010239137661385752,0.09136775652868595,-0.09136775652868595
2011-11-24,0.0,-0.06121864858443048,0.011050984969231036,-0.0035814852638219857,0.010207910884831192,-0.04354123799419024,0.04354123799419024
2011-11-25,0.0,0.014945714695360109,0.014348936384317276,0.0036779973802517725,0.010177342281045026,0.043149990740974184,-0.043149990740974184
2011-11-26,0.0,-0.009728321324454826,0.015450759256029989,0.01099946234479745,0.010146603660099634,0.02686850393647225,-0.02686850393647225
2011-11-27,0.0,-0.05016440878165663,0.016638416165043225,0.010227140575275526,0.010116041954288052,-0.013182810087049827,0.013182810087049827
2011-11-28,0.0,0.11504153580206124,0.01780601167271318,0.010677016101092496,0.010087721090842022,0.15361228466670895,-0.15361228466670895
2011-11-29,0.0,-0.030222033216026765,0.01671439385771634,0.0028887018137777713,0.010058007721730268,-0.0005609298228023852,0.0005609298228023852
2011-11-30,0.0,-0.016888082822536867,0.017313462570794316,0.0002137186552897724,0.010027956138528357,0.010667054542075578,-0.010667054542075578
2011-12-01,0.0,-0.016984322865939712,0.014806604495326978,-0.004848072165617645,0.009997633141316811,0.002971842605086433,-0.002971842605086433
2011-12-02,0.0,0.0003893366384204065,0.013739514872681304,-0.022062718103486267,0.009967045597622072,0.0020331790052375166,-0.0020331790052375166
2011-12-03,0.0,0.0069128173252748365,0.011219768556025411,-0.02766228526630052,0.009936687290687614,0.0004069879056873404,-0.0004069879056873404
2011-12-04,0.0,-0.006906551179554896,0.008290952880073841,-0.03218994046107126,0.009906814600400762,-0.020898724160151552,0.020898724160151552
2011-12-05,0.0,-0.0022945707524558616,0.006283027276994656,-0.0316347188803326,0.009877116340430847,-0.017769146015362954,0.017769146015362954
2011-12-06,0.0,-0.00020762977331884556,0.0019488958209149824,-0.020444767907571087,0.009846406641974831,-0.008857095218000119,0.008857095218000119
2011-12-07,0.0,0.035170373071535366,5.5273162337331455e-06,0.0033080547037331416,0.00981647074746414,0.04830042583896638,-0.04830042583896638
2011-12-08,0.0,-0.05840380994365427,-0.004087676263606099,0.020617922296519663,0.009786226458541335,-0.03208733745219937,0.03208733745219937
2011-12-09,0.0,0.034075465846778834,-0.006642225580512672,0.023740880130463902,0.0097565590669465,0.06093067946367657,-0.06093067946367657
2011-12-10,0.0,-0.01951130550035865,-0.009339042715937615,0.00436468655686063,0.009726196385873473,-0.01475946527356216,0.01475946527356216
2011-12-11,0.0,0.022436793837937057,-0.012381194249646194,-0.00931972742456403,0.009696754671347108,0.010432626835073941,-0.010432626835073941
2011-12-12,0.0,-0.012896085929258267,-0.013264030462115151,-0.010813721078687489,0.00966696959295651,-0.027306867877104395,0.027306867877104395
2011-12-13,0.0,0.0029858616831574727,-0.01588319491534307,-0.0026477748789729147,0.009636854968443858,-0.005908253142714653,0.005908253142714653
2011-12-14,0.0,0.01991226937864777,-0.01581976530702153,-0.00013046634698125263,0.009606380961748543,0.013568418686393531,-0.013568418686393531
2011-12-15,0.0,-0.04384977864093302,-0.016748524680126456,0.008743425089857789,0.009575519331909477,-0.04227935889929221,0.04227935889929221
2011-12-16,0.0,-0.014011334737880035,-0.016387391448826158,0.01288926595335165,0.009545363762431053,-0.007964096470923488,0.007964096470923488
2011-12-17,0.0,0.05745071633502754,-0.015034648204571375,0.0012984385386442454,0.009515980457741057,0.05323048712684146,-0.05323048712684146
2011-12-18,0.0,-0.011937494677814265,-0.01466797362577198,-0.019976366876293408,0.009485916621149344,-0.03709591855873031,0.03709591855873031
2011-12-19,0.0,-0.01421602718028302,-0.011701872974184763,-0.028925433078645313,0.009456141652841945,-0.045387191580271144,0.045387191580271144
2011-12-20,0.0,0.006463619263912481,-0.010453761682967633,-0.014340099378321727,0.009426188311048425,-0.008904053486328452,0.008904053486328452
2011-12-21,0.0,-0.027956886739314395,-0.007091548259242313,0.004545871869958962,0.009396088998900107,-0.021106474129697635,0.021106474129697635
2011-12-22,0.0,0.00895890212957223,-0.004455069923381752,0.019882720145336583,0.009365777703172058,0.03375233005469912,-0.03375233005469912
2011-12-23,0.0,0.00952949757967589,-0.0017433719314541847,0.03397730047983631,0.00933559227880229,0.051099018406860305,-0.051099018406860305
2011-12-24,0.0,0.033137938020239406,0.002161137790611736,0.03559874637798703,0.00930557520798952,0.08020339739682769,-0.08020339739682769
2011-12-25,0.0,-0.025288580307199854,0.004011766833155639,0.024759362531570704,0.009274959882191014,0.012757508939717502,-0.012757508939717502
2011-12-26,0.0,0.002743403118414435,0.0078162359692635,0.007443987073059698,0.009244230808219196,0.02724785696895683,-0.02724785696895683
2011-12-27,0.0,-0.0006784104642728358,0.009395093416761199,-0.004533197696045653,0.00921287270035383,0.013396357956796539,-0.013396357956796539
2011-12-28,0.0,-0.0005423458252912339,0.011937234106929089,9.063265835368992e-05,0.009181447749055193,0.020666968689046737,-0.020666968689046737
2011-12-29,0.0,0.02033253763018942,0.013838438038492084,0.003929252072209125,0.009150850641288219,0.047251078382178846,-0.047251078382178846
2011-12-30,0.0,-0.04380358790009428,0.014390593387335192,0.005672880500262316,0.009119587694862007,-0.014620526317634767,0.014620526317634767
2011-12-31,0.0,0.05354671627350035,0.016106589352160566,0.01230039179822887,0.009089231178413664,0.09104292860230344,-0.09104292860230344
2012-01-01,0.0,0.0003776003265232227,0.01516800780616839,0.010124587295826147,0.00905881389060371,0.03472900931912147,-0.03472900931912147
2012-01-02,0.0,-0.015376298123048002,0.015715200530437273,-0.0054966205092927016,0.009028690024121218,0.0038709719222177865,-0.0038709719222177865
2012-01-03,0.0,-0.013590685876458373,0.014135032033422788,-0.022705014746430965,0.00899809983085844,-0.01316256875860811,0.01316256875860811
2012-01-04,0.0,-0.02580009566527316,0.012696143242106384,-0.03329316023622294,0.008967586477278895,-0.03742952618211082,0.03742952618211082
2012-01-05,0.0,0.01983676199937485,0.01133163474446699,-0.021749856777940262,0.008937826687544592,0.01835636665344617,-0.01835636665344617
2012-01-06,0.0,0.005650902170685991,0.008193158813363903,-0.012772069603180433,0.008907672963761607,0.009979664344631068,-0.009979664344631068
2012-01-07,0.0,0.03199773421625937,0.0067270184634955835,-0.00926412994038598,0.008877520432459214,0.03833814317182819,-0.03833814317182819
2012-01-08,0.0,-0.027986431135882655,0.002931765025796106,-0.016506907914317456,0.008846673272076083,-0.03271490075232792,0.03271490075232792
2012-01-09,0.0,-0.01232300182332281,0.000840302691358018,-0.016292875528157266,0.008816599199830579,-0.01895897546029148,0.01895897546029148
2012-01-10,0.0,-0.029096307271420593,-0.0022298893731830267,-0.009417082367242709,0.008787201340451248,-0.03195607767139508,0.03195607767139508
2012-01-11,0.0,0.04124900840686731,-0.005274099876337399,-0.007151915921703892,0.008758648031288483,0.0375816406401145,-0.0375816406401145
2012-01-12,0.0,0.003893416346934751,-0.007164496086869522,0.00013981192335641053,0.008729491033341297,0.005598223216762937,-0.005598223216762937
2012-01-13,0.0,-0.02691235138222945,-0.010459993457728665,0.013194270501381862,0.008700133128840302,-0.015477941209735956,0.015477941209735956
2012-01-14,0.0,0.03284019013286992,-0.011344019182313638,0.017243264297308915,0.008670690672785022,0.04741012592065022,-0.04741012592065022
2012-01-15,0.0,-0.02636721213649377,-0.013690475173238788,0.010951505335498586,0.008640391984941785,-0.02046578998929218,0.02046578998929218
2012-01-16,0.0,0.01991054402927592,-0.014311975907963416,0.002936400114657208,0.00861036742590971,0.017145335661879424,-0.017145335661879424
2012-01-17,0.0,-0.03615987585420711,-0.014666589932228124,-0.00028625762813906056,0.00858063491684297,-0.042532088497731324,0.042532088497731324
2012-01-18,0.0,0.026978531336782685,-0.015165747523444833,0.007271229206979361,0.008551352710023764,0.027635365730340977,-0.027635365730340977
2012-01-19,0.0,0.020235149693888673,-0.013783808460804486,0.005122927166352846,0.008521491801027457,0.02009576020046449,-0.02009576020046449
2012-01-20,0.0,-0.017624263250523364,-0.013799655253335093,0.0031452943291967904,0.008491855808649279,-0.019786768366012387,0.019786768366012387
2012-01-21,0.0,-0.023038901450329417,-0.011485950715727743,0.004357529355443632,0.008462169579986717,-0.021705153230626814,0.021705153230626814
2012-01-22,0.0,0.02336321286583987,-0.010069448187668615,0.00902447372247956,0.008432549540981908,0.030750787941632725,-0.030750787941632725
2012-01-23,0.0,-0.01650579776784393,-0.007793955729902797,0.008247722254010392,0.008402767805291058,-0.0076492634384452765,0.0076492634384452765
2012-01-24,0.0,0.029889623172771548,-0.004839125100841317,0.00702179142789103,0.00837358272165882,0.04044587222148008,-0.04044587222148008
2012-01-25,0.0,-0.028587609537118745,-0.0029654430362158883,0.01715356465102907,0.008343664763345497,-0.0060558231589600674,0.0060558231589600674
2012-01-26,0.0,0.02264518087198028,0.0007941548069560648,0.023751098938108044,0.008314195817773764,0.05550463043481815,-0.05550463043481815
2012-01-27,0.0,0.007589091529141875,0.002542438209955091,0.016793798873693918,0.00828402411068246,0.03520935272347335,-0.03520935272347335
2012-01-28,0.0,-0.003945345219959777,0.005661788341717008,0.008438982926079256,0.00825296137543775,0.018408387423274237,-0.018408387423274237
2012-01-29,0.0,-0.030946696685641425,0.007823466298733307,-0.00711526665459354,0.00822297073753512,-0.02201552630396654,0.02201552630396654
2012-01-30,0.0,0.004539468807509207,0.009651746172455688,-0.012950935023528502,0.008193837102859208,0.0094341170592956,-0.0094341170592956
2012-01-31,0.0,0.04758530893557071,0.012087205695406927,-0.01659401297181502,0.008165699700977603,0.05124420136014022,-0.05124420136014022
2012-02-01,0.0,-0.01673897736834542,0.012435438499384468,-0.026450943762872596,0.008136623544991643,-0.022617859086841906,0.022617859086841906
2012-02-02,0.0,-0.005247224890423427,0.014263978218560005,-0.022144237690583185,0.00810814572351305,-0.005019338638933555,0.005019338638933555
2012-02-03,0.0,-0.029430859520834556,0.01393404388447991,-0.00947529694022095,0.008079586003437415,-0.01689252657313818,0.01689252657313818
2012-02-04,0.0,-0.022512135925628108,0.014145324755811938,-0.003031406175388354,0.008051019348900446,-0.003347197996304077,0.003347197996304077
2012-02-05,0.0,0.0654200234554378,0.013616891035309827,0.002188442736359882,0.008022797831641846,0.08924815505874938,-0.08924815505874938
2012-02-06,0.0,-0.021469823830683396,0.011918111469652328,-0.002161211166113214,0.007993708920508066,-0.003719214606636217,0.003719214606636217
2012-02-07,0.0,-0.0017433335053619278,0.011271377179783399,-0.006600721106032968,0.00796506668145042,0.010892389249838923,-0.010892389249838923
2012-02-08,0.0,-0.013586506591684299,0.00840329117293479,-0.010075677805953677,0.007936057523001007,-0.007322835701702179,0.007322835701702179
2012-02-09,0.0,0.017787503025939535,0.006982946878400252,-0.011068039045187418,0.007906645515986766,0.021609056375139137,-0.021609056375139137
2012-02-10,0.0,-0.02725496650363437,0.004082004930712006,-0.003970292684873043,0.007876850055600593,-0.01926640420219481,0.01926640420219481
2012-02-11,0.0,0.02824378704586945,0.0016582935407036172,0.005906709241790205,0.007848599375007795,0.04365738920337106,-0.04365738920337106
2012-02-12,0.0,0.004815200728953382,-0.0005143552489219254,0.00905065150273747,0.007820146110643205,0.02117164309341213,-0.02117164309341213
2012-02-13,0.0,-0.02008508350596458,-0.0038698274058106535,0.0036170076456944135,0.007791279708587348,-0.012546623557493473,0.012546623557493473
2012-02-14,0.0,0.003358233066037315,-0.005405655592907238,0.002419923032821609,0.007762625305197192,0.008135125811148877,-0.008135125811148877
2012-02-15,0.0,-0.012021629034068417,-0.008476446046756323,0.007442681504806973,0.007734122569528398,-0.005321271006489369,0.005321271006489369
2012-02-16,0.0,0.03249439694692726,-0.009787712239364237,0.007469806492504779,0.0077053770342651855,0.03788186823433299,-0.03788186823433299
2012-02-17,0.0,-0.01803172188392823,-0.011550877650636634,-0.0003412586404149987,0.007676324738188956,-0.02224753343679091,0.02224753343679091
2012-02-18,0.0,0.003417397058699332,-0.012890565895502599,-0.0014828527492429051,0.007647218016168294,-0.0033088035698778774,0.0033088035698778774
2012-02-19,0.0,-0.008459975846944051,-0.012906527250925611,-0.0027025001456606424,0.007618315244450299,-0.016450687999080005,0.016450687999080005
2012-02-20,0.0,0.006890329836839105,-0.013916650643012427,0.0019753265516399636,0.007589398332385233,0.0025384040778518736,-0.0025384040778518736
2012-02-21,0.0,0.0068215498495407725,-0.012855845010715496,7.384025150909267e-05,0.007560213325501313,0.0015997584158356825,-0.0015997584158356825
2012-02-22,0.0,-0.011189992301568254,-0.01282693693029345,0.004138111567089885,0.007530592430337934,-0.012348225234433883,0.012348225234433883
2012-02-23,0.0,-0.01692528202781466,-0.011337678921215219,0.007506944917553004,0.0075015798409927125,-0.013254436190484163,0.013254436190484163
2012-02-24,0.0,0.038164905886446374,-0.009630300124759563,0.008312943713814584,0.007473253406838558,0.04432080288233995,-0.04432080288233995
2012-02-25,0.0,-0.011099999426214022,-0.008255694084607662,0.003880324736533421,0.007443960938826911,-0.00803140783546135,0.00803140783546135
2012-02-26,0.0,-0.02073300506122514,-0.00532490438834713,0.0005915641419136401,0.007414541723429444,-0.018051803584229184,0.018051803584229184
2012-02-27,0.0,0.01894999338460577,-0.003760528726593147,0.011509021930507906,0.0073853182509243534,0.034083804839444884,-0.034083804839444884
2012-02-28,0.0,-0.00539324666978685,-0.0005928935014767819,0.023456835853302535,0.0073551755271220615,0.024825871209160966,-0.024825871209160966
2012-02-29,0.0,0.014336513058146694,0.0014454182759566342,0.025100630353176657,0.007324772610452106,0.048207334297732087,-0.048207334297732087
2012-03-01,0.0,-0.02281521868712195,0.0038047811912199627,0.016647200077422836,0.007293883316907226,0.004930645898428075,-0.004930645898428075
2012-03-02,0.0,0.03501916257998272,0.006486324597508806,0.005594902495907315,0.00727320500294457,0.054373594676343416,-0.054373594676343416
2012-03-03,0.0,-0.016231906573789118,0.007792057527773227,-0.016924178466481882,0.007251864150957846,-0.018112163361539927,0.018112163361539927
2012-03-04,0.0,0.0033067843888365056,0.010337610655901514,-0.030978626160246547,0.007230825458738275,-0.010103405656770252,0.010103405656770252
2012-03-05,0.0,-0.026338449296633204,0.010890684713620796,-0.03769028248452301,0.0072095544789397056,-0.04592849258859571,0.04592849258859571
2012-03-06,0.0,0.0012091625683934406,0.012422341045722214,-0.027254636730155577,0.007188749122068137,-0.006434383993971786,0.006434383993971786
2012-03-07,0.0,0.028032306758876625,0.012866409511515357,-0.009917374896070044,0.007168806801304205,0.03815014817562614,-0.03815014817562614
2012-03-08,0.0,-0.003958688446396384,0.01267316699452261,-0.002530495539944929,0.007148214414784622,0.01333219742296592,-0.01333219742296592
2012-03-09,0.0,-0.036314824743312546,0.012864141982769677,-0.0044341802283474445,0.007127150614378366,-0.020757712374511947,0.020757712374511947
2012-03-10,0.0,-0.01394368906877858,0.01122718792567787,-0.0012090480684391002,0.007106645435255862,0.0031810962237160513,-0.0031810962237160513
2012-03-11,0.0,0.06175729464491705,0.010794296265257118,-0.0020148133637860146,0.0070861151022568415,0.077622892648645,-0.077622892648645
2012-03-12,0.0,-0.013212221521451146,0.008529830284891182,-0.011293636934915944,0.00706407810415092,-0.008911950067324986,0.008911950067324986
2012-03-13,0.0,-0.008269621617125847,0.006884816643864502,-0.014429260496452335,0.007042727259508591,-0.00877133821020509,0.00877133821020509
2012-03-14,0.0,-0.01013656479509064,0.004931038680838926,-0.005006922029383241,0.007021773850992656,-0.0031906742926422994,0.0031906742926422994
2012-03-15,0.0,-0.016710400640739642,0.0021911883896897242,0.0075813167585829355,0.007000985109231853,6.30896167648715e-05,-6.30896167648715e-05
2012-03-16,0.0,0.0390072443950621,0.0005756102187375679,0.02057844200186104,0.006980388010029405,0.06714168462569012,-0.06714168462569012
2012-03-17,0.0,-0.022465726876495548,-0.0026428643037506513,0.018255480289811027,0.006959195049408334,0.00010608415897316124,-0.00010608415897316124
2012-03-18,0.0,0.02112241096193151,-0.004231948264109563,0.014159677179587877,0.006938529866059923,0.03798866974346975,-0.03798866974346975
2012-03-19,0.0,-0.011647832953986545,-0.006723541598216312,0.008809314302298109,0.0069173876142248365,-0.0026446726356799104,0.0026446726356799104
2012-03-20,0.0,0.013599480590159101,-0.008551820020458512,-0.0008571831649550456,0.0068965814275077095,0.011087058832253253,-0.011087058832253253
2012-03-21,0.0,-0.031928588825974935,-0.009753866082536512,-0.003535871549374951,0.006875681804504624,-0.038342644653381774,0.038342644653381774
2012-03-22,0.0,-0.01287496815409645,-0.011542440851597325,0.00868709145806971,0.006854829359114046,-0.00887548818851002,0.00887548818851002
2012-03-23,0.0,0.0654512079775754,-0.01149851051805612,0.01863131544337058,0.00683408110567593,0.0794180940085658,-0.0794180940085658
2012-03-24,0.0,-0.015084709460820937,-0.012577120026318495,0.017438519407102893,0.006812362468301156,-0.003410947611735383,0.003410947611735383
2012-03-25,0.0,-0.01633385514885716,-0.01204132526369521,0.007591304136311793,0.006790681252995233,-0.013993195023245347,0.013993195023245347
2012-03-26,0.0,-0.00681265501957545,-0.011647693188846227,-0.0029529293709211857,0.006769995562135553,-0.014643282017207309,0.014643282017207309
2012-03-27,0.0,0.001448076075921509,-0.010930163637144014,-0.00588181635524964,0.0067491742047033985,-0.008614729711768748,0.008614729711768748
2012-03-28,0.0,0.005643845423485555,-0.009091316878397784,-0.011036699508658132,0.006728621258513061,-0.007755549705057299,0.007755549705057299
2012-03-29,0.0,-0.00507519187404889,-0.008203450427440457,-0.010604807489298923,0.006708069298664361,-0.017175380492123908,0.017175380492123908
2012-03-30,0.0,-0.017302492445596337,-0.005591097376156989,-0.003806501830930194,0.006687219280543098,-0.02001287237214042,0.02001287237214042
2012-03-31,0.0,0.04267004703810999,-0.003972002063097057,0.009198459297293684,0.006666627845926008,0.05456313211823262,-0.05456313211823262
2012-04-01,0.0,-0.015472292577087873,-0.0015191080133689268,0.01115126082025827,0.006645324000612343,0.0008051842304138152,-0.0008051842304138152
2012-04-02,0.0,-0.007252119073355661,0.0008840560818315008,0.0052344510761462805,0.006623852589870875,0.005490240674492995,-0.005490240674492995
2012-04-03,0.0,-0.026769862424312472,0.0026133774468646877,-0.0013838775927166476,0.006602409292678104,-0.01893795327748633,0.01893795327748633
2012-04-04,0.0,0.03248768741854884,0.0054222738790794785,-0.0036299496104679253,0.006581886004703352,0.04086189769186375,-0.04086189769186375
2012-04-05,0.0,0.01155864931376879,0.006565896839043654,-0.01546882254231588,0.006560848603191988,0.009216572213688549,-0.009216572213688549
2012-04-06,0.0,-0.012049740051770872,0.008771979272498509,-0.02553911474113569,0.00653926282462304,-0.02227761269578501,0.02227761269578501
2012-04-07,0.0,-0.009358772832883543,0.009803755949879605,-0.02976618456721106,0.006518561291267131,-0.022802640158947868,0.022802640158947868
2012-04-08,0.0,-0.003751859153036738,0.010826579956870232,-0.017888416399613912,0.006498163619449605,-0.004315531976330813,0.004315531976330813
2012-04-09,0.0,-0.016752582377224358,0.011828339381045138,-0.003957489308135281,0.006477485444256057,-0.0024042468600584434,0.0024042468600584434
2012-04-10,0.0,-0.0218201023961949,0.011370943940838839,0.00871295863299244,0.0064567978666539025,0.00472059804429028,-0.00472059804429028
2012-04-11,0.0,0.08072184731614274,0.011870133714276674,0.016257300695137398,0.006436728977673791,0.1152860107032306,-0.1152860107032306
2012-04-12,0.0,-0.025880826877183828,0.010549128096519433,0.011416507873911949,0.006414746787883839,0.0024995558811313923,-0.0024995558811313923
2012-04-13,0.0,-0.015470485414697687,0.009963152986047635,0.0050557039773120455,0.006402390389825241,0.005950761938487235,-0.005950761938487235
2012-04-14,0.0,-0.008818928715292572,0.008488776486646398,-0.0033838922615757995,0.006390003759802803,0.00267595926958083,-0.00267595926958083
2012-04-15,0.0,0.005358452081737114,0.0065935776758262255,-0.0030305168567856195,0.006377131844018698,0.015298644744796417,-0.015298644744796417
2012-04-16,0.0,0.016771478702993357,0.005285024056202899,0.0032442879187359777,0.006365070980736811,0.031665861658669046,-0.031665861658669046
2012-04-17,0.0,0.00774419156007544,0.0025804007796967794,0.008670227235601947,0.006352912791693932,0.0253477323670681,-0.0253477323670681
2012-04-18,0.0,-0.021526085838952463,0.0010921697363870909,0.006008180119256917,0.006340452715792477,-0.008085283267515979,0.008085283267515979
2012-04-19,0.0,0.017710135788270798,-0.0015652187187220406,0.008560303880909007,0.006328170918933522,0.03103339186939129,-0.03103339186939129
2012-04-20,0.0,-0.0012931605417177243,-0.0034417688179951803,0.0005944356397891827,0.006316352350344286,0.002175858630420564,-0.002175858630420564
2012-04-21,0.0,-0.024774252381815836,-0.0052352950900147,-0.002435043312895354,0.006313786802088622,-0.026130803982637268,0.026130803982637268
2012-04-22,0.0,-0.0061665811354658885,-0.007450564191287493,-0.006037304759449852,0.006311171781187397,-0.013343278305015839,0.013343278305015839
2012-04-23,0.0,0.030886927001961603,-0.008307666648487918,-0.005327206627725327,0.006308736425237208,0.023560790150985566,-0.023560790150985566
2012-04-24,0.0,-0.0065865928291542345,-0.010179184371521863,0.005621209767406385,0.006305072141443474,-0.004839495291826237,0.004839495291826237
2012-04-25,0.0,0.025969258405333668,-0.010420704819684627,0.015443491195021341,0.0063016959232070685,0.03729374070387745,-0.03729374070387745
2012-04-26,0.0,-0.034070918845525544,-0.01118757597786737,0.015647201382421434,0.0062982444572529635,-0.023313048983718516,0.023313048983718516
2012-04-27,0.0,0.0018045909905687202,-0.011277680758702082,0.010850946737262538,0.00629455523459848,0.007672412203727656,-0.007672412203727656
2012-04-28,0.0,-0.0007982689055336506,-0.010626766952019757,0.0030567252638951086,0.006290938581501551,-0.0020773720121567488,0.0020773720121567488
2012-04-29,0.0,0.007282169867118588,-0.010479230205978265,-0.003225216842801903,0.006288142774045236,-0.0001341344076163445,0.0001341344076163445
2012-04-30,0.0,-0.0028001898747411777,-0.008829039540639457,-0.009325415159518437,0.006284717076637819,-0.014669927498261251,0.014669927498261251
2012-05-01,0.0,0.013995451624249627,-0.00808824297525802,-0.007904174350345159,0.006280694006038307,0.004283728304684755,-0.004283728304684755
2012-05-02,0.0,-0.027812743658333725,-0.006126107820195842,0.0019363136153526398,0.006276558232568695,-0.025725979630608235,0.025725979630608235
2012-05-03,0.0,0.021477602915081304,-0.004301297192686659,0.012238407307120794,0.006272609345696373,0.035687322375211813,-0.035687322375211813
2012-05-04,0.0,-0.021608893768000226,-0.002598635871899784,0.010834824979814897,0.006267844148907828,-0.007104860511177285,0.007104860511177285
2012-05-05,0.0,0.006553927877139661,-5.9550809782160554e-05,-0.001574939417723898,0.006263673660343794,0.011183111309977397,-0.011183111309977397
2012-05-06,0.0,0.02975933604885627,0.0013557910368268227,-0.012850722867909737,0.006259755799936489,0.024524160017709844,-0.024524160017709844
2012-05-07,0.0,-0.013569814656911785,0.003914215214494624,-0.018857050691590417,0.006255223272600501,-0.022257426861407074,0.022257426861407074
2012-05-08,0.0,-0.014425979423913843,0.0053152436665244345,-0.022903863247644114,0.0062502295617273725,-0.025764369443306148,0.025764369443306148
2012-05-09,0.0,-0.010216311482369136,0.007038542535170124,-0.022598749739426917,0.006245125114330285,-0.019531393572295642,0.019531393572295642
2012-05-10,0.0,0.00023274901015031004,0.008604807731027252,-0.015872761208777345,0.0062402916369238524,-0.0007949128306759309,0.0007949128306759309
2012-05-11,0.0,-0.005403560357877297,0.009254105854350061,-0.010327203567119974,0.006235622923806322,-0.0002410351468408881,0.0002410351468408881
2012-05-12,0.0,0.036061670558871606,0.010646354665218133,-0.007953101956441132,0.006231587602807955,0.04498651087045656,-0.04498651087045656
2012-05-13,0.0,-0.03299146891459518,0.010369701992639473,-0.009988740897054114,0.006225786207718671,-0.02638472161129115,0.02638472161129115
2012-05-14,0.0,0.011840127532089807,0.010889672828819717,0.0016840122763740564,0.006220652100351723,0.030634464737635307,-0.030634464737635307
2012-05-15,0.0,-0.015728975835186686,0.010332122716242207,0.018199894945206598,0.0062153243961741555,0.019018366222436273,-0.019018366222436273
2012-05-16,0.0,0.018718931038205128,0.009549360824674783,0.02831871904331225,0.006209935419431754,0.06279694632562391,-0.06279694632562391
2012-05-17,0.0,0.013496426339936909,0.008826744942122752,0.023219493748688223,0.00620412917535605,0.05174679420610394,-0.05174679420610394
2012-05-18,0.0,-0.027543673675357164,0.006913289829959004,0.013543874943485863,0.006198058100829138,-0.0008884508010831588,0.0008884508010831588
2012-05-19,0.0,0.03235444647954411,0.005969364259587411,0.006229269969850411,0.006192523815099842,0.05074560452408177,-0.05074560452408177
2012-05-20,0.0,0.0016212755485677157,0.0036835606286186266,0.003112558112538165,0.006186273803061602,0.014603668092786109,-0.014603668092786109
2012-05-21,0.0,0.003914769687049187,0.002100608102070596,-0.0022612833476131048,0.006179710877424209,0.009933805318930887,-0.009933805318930887
2012-05-22,0.0,-0.026454054440178343,0.0001549503003399558,0.0017457020157695398,0.006173564357086194,-0.018379837766982654,0.018379837766982654
2012-05-23,0.0,-0.02820849418015794,-0.002021712939156587,0.008447967684855968,0.006167838587840466,-0.015614400846618096,0.015614400846618096
2012-05-24,0.0,0.04243554807216039,-0.0033709420886608725,0.012894261842517726,0.006162991769528908,0.05812185959554615,-0.05812185959554615
2012-05-25,0.0,0.0028705991945737496,-0.005729553512462529,0.002582360656395689,0.006157265128915555,0.005880671467422464,-0.005880671467422464
2012-05-26,0.0,0.005337399463185211,-0.006734527823296565,-0.005331512768211831,0.006151195190341068,-0.0005774459379821167,0.0005774459379821167
2012-05-27,0.0,-0.007787713241083668,-0.008349164424486686,-0.00812092054041421,0.006145698254547545,-0.01811209995143702,0.01811209995143702
2012-05-28,0.0,-0.00041030850000978966,-0.009191427200615842,-0.009373023661212315,0.00614022120083706,-0.01283453816100089,0.01283453816100089
2012-05-29,0.0,-0.01994341464447665,-0.009657492877478344,-0.0057009577618946,0.0061347988580868,-0.02916706642576279,0.02916706642576279
2012-05-30,0.0,-0.014505981596084955,-0.010395028548476322,0.002339034901966563,0.006129485380956062,-0.01643248986163865,0.01643248986163865
2012-05-31,0.0,0.05576204681443717,-0.009763981264866394,0.011758862310200659,0.006124212430069302,0.06388114028984074,-0.06388114028984074
2012-06-01,0.0,-0.014013186769209589,-0.00997380641973165,0.005594025478668651,0.0061174676890891795,-0.012275500021183407,0.012275500021183407
2012-06-02,0.0,-0.023142213156914327,-0.008884167718943363,-0.006459091732985911,0.0061112074722721,-0.0323742651365715,0.0323742651365715
2012-06-03,0.0,0.0020282405547925693,-0.008063851717009107,-0.01984840084559693,0.006105337323877613,-0.019778674683935855,0.019778674683935855
2012-06-04,0.0,-0.0031420214769068105,-0.006853636179808765,-0.015589707891026306,0.0060997945441815075,-0.019485571003560374,0.019485571003560374
2012-06-05,0.0,-0.011568950997553987,-0.004961518894941818,-0.011311569686487687,0.006094186346572833,-0.021747853232410658,0.021747853232410658
2012-06-06,0.0,0.02438822412113031,-0.0037727795075478375,0.0009170758531577611,0.006088686811682544,0.027621207278422776,-0.027621207278422776
2012-06-07,0.0,-0.013553956290541165,-0.0014557639173466404,0.010674287431808656,0.006082228166081748,0.0017467953900025986,-0.0017467953900025986
2012-06-08,0.0,0.03504755534499157,-1.2160196349194264e-05,0.018500322467317518,0.006075955816559396,0.059611673432519295,-0.059611673432519295
2012-06-09,0.0,-0.03301906170075545,0.002030362428363776,0.005983394832967134,0.006069161031749277,-0.01893614340767526,0.01893614340767526
2012-06-10,0.0,-0.0019845248588006856,0.003816966807205707,-0.012971998096147973,0.006062800217421521,-0.005076755930321431,0.005076755930321431
2012-06-11,0.0,0.003370988756132382,0.0050680766872800345,-0.02722608916347266,0.006056140414637558,-0.012730883305422686,0.012730883305422686
2012-06-12,0.0,-0.0089715959725022,0.00699844153943638,-0.02858090289242687,0.00605047134136949,-0.0245035859841232,0.0245035859841232
2012-06-13,0.0,-0.016554492070396398,0.007622877490293696,-0.011490279187242445,0.0060445520001448805,-0.014377341767200265,0.014377341767200265
2012-06-14,0.0,0.04379050094668726,0.009032755468241362,0.007880982569137622,0.006039567551584752,0.06674380653565098,-0.06674380653565098
2012-06-15,0.0,-0.009048999972144919,0.009331023109759935,0.01656877727184054,0.006033165254808617,0.02288396566426417,-0.02288396566426417
2012-06-16,0.0,-0.0005143208903033164,0.009671490808941094,0.020942125133467514,0.006026690526623607,0.0361259855787289,-0.0361259855787289
2012-06-17,0.0,-0.029506616177025328,0.009864455440014047,0.015609285760229847,0.006020957956488427,0.001988082979706993,-0.001988082979706993
2012-06-18,0.0,-0.011403746353583745,0.009011087148688998,0.008064197408027897,0.006014914986463859,0.011686453189597008,-0.011686453189597008
2012-06-19,0.0,0.0730238921773469,0.00881098330292103,0.006734980784287523,0.006009351692641161,0.09457920795719661,-0.09457920795719661
2012-06-20,0.0,-0.010601636168495314,0.007250929904639256,0.005103200363738407,0.0060022706567223975,0.007754764756604746,-0.007754764756604746
2012-06-21,0.0,-0.014112552042585253,0.00636551041018983,0.0060239486034863315,0.005995947053559137,0.004272854024650045,-0.004272854024650045
2012-06-22,0.0,-0.0019116200822211567,0.0047896560598141465,0.0042659745495586595,0.005989859729264425,0.013133870256416075,-0.013133870256416075
2012-06-23,0.0,-0.026841878933031162,0.003017975229869934,-0.00389538020152143,0.005982977079209796,-0.021736306825472864,0.021736306825472864
2012-06-24,0.0,0.008708558631880206,0.0016836981768540665,-0.007236281818483883,0.005976847440519457,0.009132822430769847,-0.009132822430769847
2012-06-25,0.0,0.014312445931350427,-0.000553823422170375,-0.005864917596085091,0.005970598835986468,0.01386430374908143,-0.01386430374908143
2012-06-26,0.0,0.0059254558239855495,-0.0017935803100885966,-0.0009513389030668413,0.005964176313960367,0.00914471292479048,-0.00914471292479048
2012-06-27,0.0,0.002647529401707999,-0.0038874141293374726,0.005136280707323621,0.005957199593795411,0.009853595573489558,-0.009853595573489558
2012-06-28,0.0,-0.010205425673587383,-0.005249736846213247,0.006387813513040939,0.00595045149420161,-0.0031168975125580806,0.0031168975125580806
2012-06-29,0.0,-0.018010096833556304,-0.006488339042391418,0.010156536388850142,0.005944021612755121,-0.008397877874342461,0.008397877874342461
2012-06-30,0.0,0.009685803178014266,-0.007892935302646767,0.004614605502621001,0.005937672998001491,0.01234514637598999,-0.01234514637598999
2012-07-01,0.0,0.01885539247946675,-0.008258055551639462,-0.0030966789134320733,0.005931368447871324,0.013432026462266537,-0.013432026462266537
2012-07-02,0.0,0.012759696841230945,-0.009325440196663306,-0.00649815134484992,0.005924299974370038,0.0028604052740877567,-0.0028604052740877567
2012-07-03,0.0,-0.025283350627335683,-0.009104594687005873,-0.006326432349535455,0.005916801474624512,-0.0347975761892525,0.0347975761892525
2012-07-04,0.0,-0.005229649433110557,-0.009240153864466718,-0.0012562905453583047,0.0059099006341315295,-0.00981619320880405,0.00981619320880405
2012-07-05,0.0,-0.009840913584483251,-0.008872025691002745,0.0018476359087577626,0.005902710982198902,-0.01096259238452933,0.01096259238452933
2012-07-06,0.0,0.0040555875544914174,-0.007939762514358949,-0.005065755105660413,0.005895804503794258,-0.003054125561733686,0.003054125561733686
2012-07-07,0.0,-0.0049949933920719405,-0.007369102807255796,-0.009128567359693418,0.005889190677172532,-0.015603472881848622,0.015603472881848622
2012-07-08,0.0,0.017892083997800987,-0.005639208915377521,-0.017074451259434437,0.005882624881284179,0.0010610487042732094,-0.0010610487042732094
2012-07-09,0.0,0.021099489298255683,-0.004673114451135593,-0.0183428937335509,0.005875362901251165,0.0039588440148203554,-0.0039588440148203554
2012-07-10,0.0,-0.028212032811586053,-0.0028235043164829424,-0.014584783283347665,0.005868178194858978,-0.03975214221655768,0.03975214221655768
2012-07-11,0.0,-0.026298219314635274,-0.0011636479661872607,0.0007269133170674274,0.005860636063500393,-0.020874317900254714,0.020874317900254714
2012-07-12,0.0,0.03491169275058037,0.00035825287561265073,0.012068948975685265,0.005853109272189758,0.05319200387406804,-0.05319200387406804
2012-07-13,0.0,-0.0286228908429787,0.0023767868681970256,0.0050521454374085175,0.005844832503162244,-0.015349126034210911,0.015349126034210911
2012-07-14,0.0,0.016566853091550707,0.0034423952210487063,-0.004858033603123881,0.0058364537092944375,0.020987668418769968,-0.020987668418769968
2012-07-15,0.0,0.01170151545228073,0.005339791920784685,-0.015942611607032975,0.005828289084175422,0.006926984850207861,-0.006926984850207861
2012-07-16,0.0,0.0013521396435927373,0.006313725142954762,-0.01855126319436038,0.0058201375725275275,-0.005065260835285354,0.005065260835285354
2012-07-17,0.0,-0.003589897008044935,0.007447992064126284,-0.009848436266517551,0.005811240739273478,-0.0001791004711627249,0.0001791004711627249
2012-07-18,0.0,-0.03675963323583224,0.008390196692080035,0.01185544475173643,0.005802130538500977,-0.0107118612535148,0.0107118612535148
2012-07-19,0.0,-0.0682714166332475,0.008577594410585435,0.03888077896652075,0.0057937301286686465,-0.015019313127472667,0.015019313127472667
2012-07-20,1.0,0.2022536606197294,0.009347047856326847,0.06511029979791147,0.005795433202729257,0.28250644147669696,0.7174935585233031
2012-07-21,0.0,-0.0666191020581443,0.008645028609601193,0.03694454383793043,0.005776164810576965,-0.015253364800035705,0.015253364800035705
2012-07-22,0.0,-0.03143078158377281,0.008562319636800174,0.009332706572330703,0.005757651062709072,-0.007778104311932863,0.007778104311932863
2012-07-23,0.0,0.0006887837027071096,0.0076321485453461225,-0.013319822815733252,0.005739483177516265,0.0007405926098362449,-0.0007405926098362449
2012-07-24,0.0,-0.006062158714640191,0.006630547814258161,-0.023294705497791203,0.005721606183772712,-0.01700471021440052,0.01700471021440052
2012-07-25,0.0,0.002475946922506612,0.005690571646391576,-0.01909520006101502,0.005703612356476152,-0.005225069135640679,0.005225069135640679
2012-07-26,0.0,0.016355811852855503,0.003913788995679159,-0.008464970608824948,0.005685966081133279,0.01749059632084299,-0.01749059632084299
2012-07-27,0.0,-0.028397111845235492,0.0029175592243712717,0.0029962783586107928,0.0056687620416430665,-0.01681451222061036,0.01681451222061036
2012-07-28,0.0,0.047537321567622096,0.000979100714510598,0.012229939501003685,0.005651691424276475,0.06639805320741285,-0.06639805320741285
2012-07-29,0.0,-0.022684433280408336,-0.0003944364769697536,0.00047300454429558534,0.005633490512708878,-0.016972374700373626,0.016972374700373626
2012-07-30,0.0,-0.03437402156240791,-0.002010934829649957,-0.015108943378246989,0.005615543123791652,-0.045878356646513206,0.045878356646513206
2012-07-31,0.0,0.01506773980216998,-0.003710350188165307,-0.019755468857970256,0.005597472122420212,-0.002800607121545371,0.002800607121545371
2012-08-01,0.0,0.02091994081591111,-0.004665383777252502,-0.016551025225728204,0.005579854844556138,0.005283386657486541,-0.005283386657486541
2012-08-02,0.0,-0.01221193616105577,-0.006316406765802109,-0.006286718102013377,0.005561380746323975,-0.01925368028254728,0.01925368028254728
2012-08-03,0.0,0.014900743945952939,-0.006861732161169039,0.0026195654204160396,0.005543019590920944,0.016201596796120883,-0.016201596796120883
2012-08-04,0.0,-0.009253560944969662,-0.007835420377871754,0.009904139658741117,0.00552425046097076,-0.0016605912031295396,0.0016605912031295396
2012-08-05,0.0,-0.004817395430632736,-0.008161774799041174,0.007484687520620815,0.005505507761632155,1.1025052579059606e-05,-1.1025052579059606e-05
2012-08-06,0.0,-0.028909112897232334,-0.008190308437034643,-0.0016675971814507059,0.005486499221351375,-0.03328051929436631,0.03328051929436631
2012-08-07,0.0,0.008963486928329852,-0.008427288299234927,-0.00748834105004764,0.0054680036789607886,-0.0014841387419919265,0.0014841387419919265
2012-08-08,0.0,0.02505991308847253,-0.00761377763767603,-0.010545953237325703,0.00544951774953198,0.012349699963002777,-0.012349699963002777
2012-08-09,0.0,0.004964144145467577,-0.007385315598887366,-0.00430234159304285,0.0054305558391486005,-0.0012929572073140383,0.0012929572073140383
2012-08-10,0.0,-0.011033111233145229,-0.006184523135636954,0.00433788943278216,0.005411521233812151,-0.00746822370218787,0.00746822370218787
2012-08-11,0.0,-0.007894605941304618,-0.005211351748154014,0.005594237556476904,0.005392608292072268,-0.00211911184090946,0.00211911184090946
2012-08-12,0.0,0.0010963369375387123,-0.003996930878251784,0.00763846802355615,0.005373909760599272,0.01011178384344235,-0.01011178384344235
2012-08-13,0.0,-0.0028264746751225896,-0.0022976405973499222,0.001198198397150599,0.005355641877530961,0.0014297250022090478,-0.0014297250022090478
2012-08-14,0.0,0.005761486631575536,-0.0012104364720950352,-0.0055943675210851015,0.005336917037842729,0.004293599676238128,-0.004293599676238128
2012-08-15,0.0,0.015402243799892384,0.0006486738787156947,-0.009023290307778882,0.005318574971864782,0.012346202342693981,-0.012346202342693981
2012-08-16,0.0,-0.019864968102334547,0.0017582085463767935,-0.008308989707140786,0.005300166821847944,-0.021115582441250592,0.021115582441250592
2012-08-17,0.0,0.0012414759746446975,0.0033175720801122428,-0.00010318208144229592,0.005282300892615433,0.009738166865930077,-0.009738166865930077
2012-08-18,0.0,-0.013165603755240876,0.004616078496932498,0.005930403446382528,0.005263889013068386,0.002644767201142535,-0.002644767201142535
2012-08-19,0.0,-0.01601527392113177,0.005479057026200636,0.007340934630567632,0.0052452358281694705,0.0020499535638059674,-0.0020499535638059674
2012-08-20,0.0,0.06538404748100195,0.006803432114857462,0.010793120610891093,0.005236775175183589,0.0882173753819341,-0.0882173753819341
2012-08-21,0.0,-0.015132727211096243,0.00708444084349762,0.01021130387773976,0.005227383758857928,0.007390401268999066,-0.007390401268999066
2012-08-22,0.0,-0.015645033589103297,0.007900033232468694,0.016226598276303485,0.005218163501708649,0.013699761421377531,-0.013699761421377531
2012-08-23,0.0,0.010012324163879953,0.007799516547555756,0.018745778954728315,0.00520822873905496,0.041765848405218985,-0.041765848405218985
2012-08-24,0.0,-0.014712263591879977,0.0076789983888769404,0.012571356986104223,0.005198112808678328,0.010736204591779513,-0.010736204591779513
2012-08-25,0.0,0.02095578434766998,0.007454185680955846,0.0036593483970521782,0.005188636055024894,0.037257954480702904,-0.037257954480702904
2012-08-26,0.0,-0.013211510998634945,0.006497546483557819,-0.009596715714386937,0.005178978008615113,-0.01113170222084895,0.01113170222084895
2012-08-27,0.0,-0.012160916580361468,0.006048926911375983,-0.02107187090119842,0.005169389404013859,-0.022014471166170044,0.022014471166170044
2012-08-28,0.0,0.03249109010753123,0.004608099658982392,-0.0175778487002335,0.005159639580916004,0.024680980647196125,-0.024680980647196125
2012-08-29,0.0,-0.007956668741311701,0.0037209584997895317,-0.008098506932382525,0.005149960119582932,-0.007184257054321762,0.007184257054321762
2012-08-30,0.0,-0.04302942341187024,0.0023371543717724368,0.0058154388895606335,0.005140193633860671,-0.0297366365166765,0.0297366365166765
2012-08-31,0.0,0.03786855417680075,0.0008521573925187524,0.015937822402927074,0.005130773661692378,0.059789307633938964,-0.059789307633938964
2012-09-01,0.0,-0.018305676292543052,-0.00032776188841806024,0.005521159579494568,0.005121161838820312,-0.007991116762646234,0.007991116762646234
2012-09-02,0.0,0.02815541641175879,-0.00208849180087529,-0.004456888636702236,0.00511188740805776,0.026721923382239023,-0.026721923382239023
2012-09-03,0.0,-0.012117993625469869,-0.00305661474925341,-0.016235559683498192,0.005102218245419551,-0.02630794981280192,0.02630794981280192
2012-09-04,0.0,-0.0018659409829438105,-0.0045555389723428,-0.01900272183335261,0.0050923749282380075,-0.020331826860401213,0.020331826860401213
2012-09-05,0.0,0.0014986123567763555,-0.005481838579512776,-0.020149832089496264,0.0050822548308804985,-0.019050803481352185,0.019050803481352185
2012-09-06,0.0,-0.023987189848291613,-0.0062418801268176935,-0.005771854344209526,0.005072496953505631,-0.0309284273658132,0.0309284273658132
2012-09-07,0.0,-0.021189995933348162,-0.007057813092450812,0.008190839422800652,0.005063372135249443,-0.014993597467748875,0.014993597467748875
2012-09-08,0.0,0.06183501267271485,-0.007061842387338417,0.015314795743801889,0.005055160979363272,0.0751431270085416,-0.0751431270085416
2012-09-09,0.0,-0.01803737845418278,-0.007626696292312542,0.004656636817663633,0.005045629855241874,-0.015961808073589816,0.015961808073589816
2012-09-10,0.0,-0.012096758392809742,-0.007214246086054223,-0.006216530566469357,0.005035736915542445,-0.020491798129790878,0.020491798129790878
2012-09-11,0.0,0.0041852632233750735,-0.007042665579565177,-0.010637918713932727,0.005025333778640695,-0.008469987291482135,0.008469987291482135
2012-09-12,0.0,-0.003915364876100392,-0.006465586036859668,-0.009884297028320485,0.005014877408285759,-0.015250370532994786,0.015250370532994786
2012-09-13,0.0,-0.004188034844121447,-0.005489780446727782,-0.005748560152440943,0.005004399835527708,-0.010421975607762465,0.010421975607762465
2012-09-14,0.0,-0.003404142116171563,-0.0047644712925142396,0.0036827465887147403,0.004994517104989162,0.0005086502850181005,-0.0005086502850181005
2012-09-15,0.0,0.027194105119908576,-0.003211400558507391,0.016534589599561878,0.004984630116015834,0.04550192427697889,-0.04550192427697889
2012-09-16,0.0,-0.00162427756591764,-0.0022637552454174473,0.016886673887373246,0.004974408686797666,0.017973049762835824,-0.017973049762835824
2012-09-17,0.0,-0.027028116448044443,-0.0007546332801997131,0.00870121042444399,0.0049640387089866286,-0.014117500594813539,0.014117500594813539
2012-09-18,0.0,0.00753175071719107,0.0005319830815713367,0.002499538529003752,0.00495358108275845,0.01551685341052461,-0.01551685341052461
2012-09-19,0.0,-0.008430865902078727,0.001706160155044953,0.0014496981883344439,0.004943080685106896,-0.00033192687359243425,0.00033192687359243425
2012-09-20,0.0,0.02555110195109259,0.003236422224710811,0.0025800411401382547,0.004932493135097942,0.0363000584510396,-0.0363000584510396
2012-09-21,0.0,-0.016248880808221348,0.00401017288099524,0.007052666863096452,0.004921301873357985,-0.000264739190771671,0.000264739190771671
2012-09-22,0.0,0.008188678422049421,0.0053814197036151585,0.01470316505266898,0.00491932455854922,0.03319258773688277,-0.03319258773688277
2012-09-23,0.0,0.030738037755737,0.0060020457745703585,0.01877694575358912,0.0049170945234480535,0.06043412380734454,-0.06043412380734454
2012-09-24,0.0,-0.016051218103250865,0.006722946089709537,0.010928436787799301,0.004914757010581478,0.006514921784839451,-0.006514921784839451
2012-09-25,0.0,-0.02749646305936466,0.007160536784881957,-0.004226068044941735,0.004912588951882167,-0.019649405367542273,0.019649405367542273
2012-09-26,0.0,0.0012042378850825714,0.007021907529821202,-0.013893493702681023,0.00491080303963265,-0.0007565452481445994,0.0007565452481445994
2012-09-27,0.0,0.020649923919387247,0.007255263399559933,-0.014162510144906706,0.004909931512943911,0.018652608686984384,-0.018652608686984384
2012-09-28,0.0,-0.006821022672243316,0.006528138912272512,-0.01421856848670382,0.004908211411361271,-0.009603240835313352,0.009603240835313352
2012-09-29,0.0,0.014475965235852794,0.006234037358303452,-0.011807107240843957,0.0049062818039500656,0.013809177157262355,-0.013809177157262355
2012-09-30,0.0,-0.025648126800219846,0.00530367662405944,-0.011138053586391944,0.004904152911815777,-0.026578350850736572,0.026578350850736572
2012-10-01,0.0,-4.0275740233944876e-05,0.004369371734336662,-0.00399722431176944,0.004902250176466577,0.005234121858799855,-0.005234121858799855
2012-10-02,0.0,-0.0006712243135373482,0.003468974315369547,0.0008294707957192042,0.004900236818640203,0.008527457616191607,-0.008527457616191607
2012-10-03,0.0,0.011541135516548912,0.001933952562587619,0.00035335387143055666,0.0048979589753143146,0.018726400925881403,-0.018726400925881403
2012-10-04,0.0,0.012538836548546952,0.0009329659948158449,-0.00020453496218640404,0.004895090748161068,0.01816235832933746,-0.01816235832933746
2012-10-05,0.0,-0.01693738825128944,-0.0007154716893303737,0.0002606273484945254,0.0048922644439033285,-0.01249996814822196,0.01249996814822196
2012-10-06,0.0,-3.1851766206524284e-05,-0.0018484656364934852,-0.0028725629178834693,0.0048895210745053316,0.0001366407539218524,-0.0001366407539218524
2012-10-07,0.0,0.0004964536523086526,-0.0031341093718778423,-0.005816619277451182,0.00488663570467054,-0.003567639292349832,0.003567639292349832
2012-10-08,0.0,-0.0022951569119441383,-0.004390167117918613,-0.009854398538567366,0.004883897926473492,-0.011655824641956622,0.011655824641956622
2012-10-09,0.0,-0.007974819848868159,-0.005042877957905953,-0.0037045799492066932,0.004881858137085826,-0.011840419618894977,0.011840419618894977
2012-10-10,0.0,0.0017125310063559193,-0.006110828620293787,0.005505791719084677,0.004879542827500683,0.005987036932647492,-0.005987036932647492
2012-10-11,0.0,0.02050469985586361,-0.006380729473072957,0.010941265968587029,0.0048766529036726935,0.029941889255050376,-0.029941889255050376
2012-10-12,0.0,-0.005133315334217501,-0.006965328154484567,0.010315522293186014,0.004873561060478815,0.0030904398649627615,-0.0030904398649627615
2012-10-13,0.0,-0.020963957533156625,-0.00704027442325858,0.006047714892175615,0.004870588166362251,-0.017085928897877342,0.017085928897877342
2012-10-14,0.0,0.014606214677621597,-0.006816864034057259,0.0006536465820359158,0.004867635961535577,0.01331063318713583,-0.01331063318713583
2012-10-15,0.0,-0.00927217897623356,-0.006716213543134746,-0.006803101191089002,0.0048644830510745155,-0.01792701065938279,0.01792701065938279
2012-10-16,0.0,0.024494896393847644,-0.0057980655405133275,-0.01099079862206568,0.004862112210797248,0.012568144442065885,-0.012568144442065885
2012-10-17,0.0,-0.010812786441635391,-0.00529983230587442,-0.005474317332411258,0.004859153098787094,-0.016727782981133976,0.016727782981133976
2012-10-18,0.0,-0.015325450427027586,-0.004019561791706523,0.004786283588300038,0.004856319531862939,-0.009702409098571133,0.009702409098571133
2012-10-19,0.0,0.005964500611013947,-0.0030071713334432707,0.010718247794338122,0.004853385429712745,0.018528962501621542,-0.018528962501621542
2012-10-20,0.0,0.013190540093003883,-0.0018509627411522644,0.016040044514643182,0.004850654052231785,0.032230275918726584,-0.032230275918726584
2012-10-21,0.0,-0.03095127042573861,-0.00039678316986755215,0.008074589931018963,0.004848533747474474,-0.018424929917112726,0.018424929917112726
2012-10-22,0.0,0.01992161299138889,0.0006048929726536147,0.00928417459170953,0.0048464793412779815,0.03465715989703001,-0.03465715989703001
2012-10-23,0.0,0.012558693429606858,0.0021572956228369747,0.00514358876870857,0.004844063765787109,0.024703641586939513,-0.024703641586939513
2012-10-24,0.0,0.00834841780963575,0.003058298511081947,0.0003008485498854098,0.004841311957160262,0.01654887682776337,-0.01654887682776337
2012-10-25,0.0,-0.0025875181327464324,0.004283089888230525,0.000905916422173414,0.004838448279695724,0.00743993645735323,-0.00743993645735323
2012-10-26,0.0,-0.022976905229307055,0.005243837645115688,0.003741818889213136,0.004835108730011254,-0.009156139964966977,0.009156139964966977
2012-10-27,0.0,-0.009776255934574669,0.005825088696834381,0.004383473490194618,0.004831732804304335,0.005264039056758665,-0.005264039056758665
2012-10-28,0.0,0.04473317307805243,0.006638395483398157,0.0017019582139607703,0.004837980266045545,0.0579115070414569,-0.0579115070414569
2012-10-29,0.0,-0.01786887498860002,0.006594319664480593,-0.008570995549678299,0.004844174062286071,-0.015001376811511653,0.015001376811511653
2012-10-30,0.0,-0.017927026954669564,0.006971314663775291,-0.013470160507420184,0.004850749225233499,-0.019575123573080958,0.019575123573080958
2012-10-31,0.0,0.004989904492317665,0.0065996526816253336,-0.014002042759652729,0.004857498046143826,0.002445012460434096,-0.002445012460434096
2012-11-01,0.0,0.004318699176042132,0.0062134995873997165,-0.01483383359597664,0.004863916862982756,0.0005622820304479626,-0.0005622820304479626
2012-11-02,0.0,-0.011080974909648695,0.005722809394734079,-0.007961947312413089,0.004870817695905389,-0.008449295131422317,0.008449295131422317
2012-11-03,0.0,0.007188585856930166,0.004727219460586765,-0.0006955826137907694,0.0048783271567471595,0.01609854986047332,-0.01609854986047332
2012-11-04,0.0,0.019562234707678365,0.0041015778442026925,0.0037605905784461394,0.004885530123740855,0.03230993325406805,-0.03230993325406805
2012-11-05,0.0,-0.01455573472626306,0.002650230981696748,-0.0001799764332885578,0.004892351091202339,-0.007193129086652532,0.007193129086652532
2012-11-06,0.0,-0.007342391971611946,0.0016480106562615096,-0.0046443359067118075,0.004899413488398451,-0.005439303733663793,0.005439303733663793
2012-11-07,0.0,-0.0013147827135354892,0.0002624978380590539,-0.0028777855016094075,0.004907001370140736,0.0009769309930548935,-0.0009769309930548935
2012-11-08,0.0,0.008242980313019403,-0.001109242011406989,-0.005095247347414676,0.004914626529009143,0.006953117483206881,-0.006953117483206881
2012-11-09,0.0,-0.004077970288421214,-0.002191048431061585,-0.009411440252887118,0.00492227411289194,-0.010758184859477975,0.010758184859477975
2012-11-10,0.0,-0.004608363384142821,-0.0036535383236656637,-0.007489534455266133,0.004930250192127658,-0.010821185970946959,0.010821185970946959
2012-11-11,0.0,-0.00975247882025582,-0.0043399647320397534,-0.0021312798074502193,0.004938482814945066,-0.011285240544800724,0.011285240544800724
2012-11-12,0.0,0.031820948935825544,-0.005429227849156863,0.00857056549648675,0.004946642656781131,0.03990892923993656,-0.03990892923993656
2012-11-13,0.0,-0.017826424075148024,-0.006015013372890386,0.010842851417175448,0.0049544468326672515,-0.008044139198195709,0.008044139198195709
2012-11-14,0.0,-0.01097393669677679,-0.006502973487572184,0.01527683294760214,0.004962068225962363,0.0027619909892155304,-0.0027619909892155304
2012-11-15,0.0,0.0014969657255179808,-0.006953576687785458,0.017622312444887253,0.004969959410177508,0.017135660892797284,-0.017135660892797284
2012-11-16,0.0,0.037505664425141735,-0.006712035680552611,0.012846270537476587,0.004977711922863287,0.048617611204929,-0.048617611204929
2012-11-17,0.0,-0.016860513170663196,-0.006872824829220243,-0.0008439711844658831,0.004984816143770223,-0.019592493040579098,0.019592493040579098
2012-11-18,0.0,-0.015904705910858033,-0.0061675882980597755,-0.011772812672338297,0.004991957375483276,-0.028853149505772835,0.028853149505772835
2012-11-19,0.0,0.00807561210328985,-0.005639642757698673,-0.010669941646104233,0.004999101754082735,-0.003234870546430321,0.003234870546430321
2012-11-20,0.0,-0.005762499273469515,-0.004717688816210756,0.0020848988389389022,0.005006199560287128,-0.003389089690454241,0.003389089690454241
2012-11-21,0.0,0.0006647784373254011,-0.00355130970937727,0.011873890220617698,0.005013593942517475,0.014000952891083305,-0.014000952891083305
2012-11-22,0.0,-0.0047143069128116576,-0.002659925892417909,0.020315959833283506,0.0050209870980135705,0.01796271412606751,-0.01796271412606751
2012-11-23,0.0,0.019030773090158916,-0.0010949798271211587,0.02243795911340349,0.0050288921047265955,0.04540264448116784,-0.04540264448116784
2012-11-24,0.0,0.0032008568060568486,-0.00012334687115381476,0.010591505072269901,0.005036108025160657,0.01870512303233359,-0.01870512303233359
2012-11-25,0.0,0.0013496678838617756,0.0013390117549894438,-0.004471485543472734,0.005042971754094123,0.003260165849472609,-0.003260165849472609
2012-11-26,0.0,-0.025624290062083815,0.002458405253725477,-0.019121467216350274,0.005049489612980115,-0.037237862411728495,0.037237862411728495
2012-11-27,0.0,0.014297766828604069,0.003566191475178352,-0.019981427101869603,0.005056127866273602,0.0029386590681864215,-0.0029386590681864215
2012-11-28,0.0,0.0163079870395276,0.004866453023655256,-0.010314786781081433,0.0050633539279830424,0.015923007210084467,-0.015923007210084467
2012-11-29,0.0,-0.015719400304062547,0.005461296848964194,-0.003854269920352974,0.005070498880949697,-0.009041874494501629,0.009041874494501629
2012-11-30,0.0,-0.017626004145778792,0.006442738777519682,-0.003048114613139057,0.005077624248079762,-0.009153755733318406,0.009153755733318406
2012-12-01,0.0,0.002463035484834092,0.006683201013241302,0.0008149933721468992,0.005085553232700086,0.015046783102922378,-0.015046783102922378
2012-12-02,0.0,0.009761506660064563,0.007024319090807753,-0.005607015973947702,0.005093045541468083,0.016271855318392696,-0.016271855318392696
2012-12-03,0.0,0.01651895372522263,0.007008099782928378,-0.01371820527806644,0.005100158974287197,0.014909007204371768,-0.014909007204371768
2012-12-04,0.0,-0.02886434092804696,0.006530333161309878,-0.019441293867035563,0.0051075965546563485,-0.0366677050791163,0.0366677050791163
2012-12-05,0.0,0.010883842478596967,0.006357804895694581,-0.010756877377463727,0.005115194534399572,0.011599964531227393,-0.011599964531227393
2012-12-06,0.0,-0.0053054465611645975,0.0053806066205037036,0.002070548513990845,0.005122485875329002,0.007268194448658953,-0.007268194448658953
2012-12-07,0.0,0.020312182265246618,0.004783792974150833,0.016239693078851147,0.005129477421024212,0.04646514573927281,-0.04646514573927281
2012-12-08,0.0,-0.014464990463598157,0.0035308921918189764,0.013507957984281076,0.0051357431505430606,0.007709602863044956,-0.007709602863044956
2012-12-09,0.0,0.0031059355484966003,0.002350429772585853,0.007941465309355952,0.005142555388997011,0.018540386019435418,-0.018540386019435418
2012-12-10,0.0,-0.005624165362327175,0.0011911919085922696,-9.047112234396781e-06,0.0051491904372062795,0.0007071698712369772,-0.0007071698712369772
2012-12-11,0.0,0.014392439311206545,-0.0004132658386855067,-0.012050247077723824,0.005156068806310313,0.007084995201107528,-0.007084995201107528
2012-12-12,0.0,-0.014990753717679347,-0.0014701373299278594,-0.015574913050588954,0.0051634614907846805,-0.02687234260741148,0.02687234260741148
2012-12-13,0.0,-0.020633989154948136,-0.0029943612518889876,-0.007000963539252426,0.005170908810236286,-0.025458405135853263,0.025458405135853263
2012-12-14,0.0,0.031275237638180534,-0.00390340422520459,0.00868851061594151,0.00517836426438228,0.04123870829329973,-0.04123870829329973
2012-12-15,0.0,0.0052260022731942,-0.004968148967898297,0.01918801337168208,0.005185163649699708,0.024631030326677694,-0.024631030326677694
2012-12-16,0.0,-0.009307544422085617,-0.005915445767690052,0.02024698676711286,0.005191715154554428,0.010215711731891619,-0.010215711731891619
2012-12-17,0.0,0.008353746248475801,-0.006345434499595625,0.012437299591130845,0.0051986287875924585,0.019644240127603477,-0.019644240127603477
2012-12-18,0.0,-0.006851794067210146,-0.007061199160928807,0.0070416658870428445,0.005205154463891419,-0.0016661728772046904,0.0016661728772046904
2012-12-19,0.0,0.003705182196464959,-0.006988208280415155,-0.0027989658562122253,0.005211666979642849,-0.0008703249605195723,0.0008703249605195723
2012-12-20,0.0,-0.008349686563633338,-0.007197291158286407,-0.009488630306047312,0.005218171249108808,-0.019817436778858253,0.019817436778858253
2012-12-21,0.0,-0.013474210238003947,-0.006802615007946723,-0.008061183148712216,0.005224630919766125,-0.023113377474896758,0.023113377474896758
2012-12-22,0.0,0.02954348290092341,-0.006155130928689475,0.0024027932785362156,0.005231226278661886,0.03102237152943204,-0.03102237152943204
2012-12-23,0.0,-0.0021305289878042655,-0.0055447818908253375,0.0094316162277822,0.005237541713247007,0.006993847062399604,-0.006993847062399604
2012-12-24,0.0,-0.014815951570997297,-0.004291112205065931,0.009696713018549692,0.005243724985844502,-0.0041666257716690335,0.0041666257716690335
2012-12-25,0.0,-0.010535504768171906,-0.0034752770445269556,0.010836355068744348,0.005250210255962596,0.002075783512008082,-0.002075783512008082
2012-12-26,0.0,0.017294804316006825,-0.001957999201368557,0.01191137686959499,0.005256645268688579,0.032504827252921836,-0.032504827252921836
2012-12-27,0.0,0.014928000224070904,-0.0008276623284014997,0.004360791317220046,0.005262660471184491,0.02372378968407394,-0.02372378968407394
2012-12-28,0.0,-0.011769951663933124,0.0004458297525582165,-0.008958427401459397,0.005268337515558862,-0.015014211797275443,0.015014211797275443
2012-12-29,0.0,0.00013565648913872166,0.0018955140153515502,-0.02165311954711657,0.005274642695785484,-0.014347306346840814,0.014347306346840814
2012-12-30,0.0,0.0027786174849960582,0.002948185932552078,-0.020242189547150277,0.0052812706132973515,-0.00923411551630479,0.00923411551630479
2012-12-31,0.0,-0.023879129221400366,0.004451822207162896,-0.01583068862698698,0.005287854030982188,-0.02997014161024226,0.02997014161024226
2013-01-01,0.0,-0.013692542275669253,0.005218220145654052,-0.00833187267678745,0.005294689330004345,-0.011511505476798304,0.011511505476798304
2013-01-02,0.0,0.045757714126613884,0.0062549586372376564,7.37444139222844e-05,0.005302127017315817,0.057388544195089645,-0.057388544195089645
2013-01-03,0.0,-0.021050277683017052,0.006847835560835619,0.002321906714187248,0.00530929012139838,-0.006571245286595804,0.006571245286595804
2013-01-04,0.0,-0.0011586112725673404,0.00712284074387868,0.0007218247606664973,0.005317132220101263,0.012003186452079099,-0.012003186452079099
2013-01-05,0.0,-0.002964916054231111,0.007431235247978257,-0.008340402115265877,0.005324771480320992,0.0014506885588022617,-0.0014506885588022617
2013-01-06,0.0,-0.00012355376515282878,0.006989208550715536,-0.01510013677443699,0.005332441073419118,-0.0029020409154551646,0.0029020409154551646
2013-01-07,0.0,0.010474996062608622,0.006931424121199626,-0.008923427549163063,0.005340350925002751,0.013823343559647937,-0.013823343559647937
2013-01-08,0.0,0.0007208296258092923,0.0061456218975589234,-0.00011678122437844366,0.005347881798941949,0.012097552097931721,-0.012097552097931721
2013-01-09,0.0,-0.03260318142903006,0.005383915558393863,0.008729259111543097,0.0053551020480353245,-0.01313490471105778,0.01313490471105778
2013-01-10,0.0,0.055137986824040475,0.004429613175866467,0.019770539648635357,0.0053626232233812765,0.08470076287192359,-0.08470076287192359
2013-01-11,0.0,-0.015476271811410022,0.0030544084517261294,0.014208433491658621,0.005370262017445714,0.007156832149420443,-0.007156832149420443
2013-01-12,0.0,-0.026448944867789127,0.0020333374937824902,0.008681829701780622,0.005378629667485103,-0.010355148004740912,0.010355148004740912
2013-01-13,0.0,0.001054832678931302,0.00031879163962650364,-0.003179696779147969,0.005386930435012176,0.003580857974422013,-0.003580857974422013
2013-01-14,0.0,0.010265622478293348,-0.0008668307047970663,-0.01154360596087609,0.005395061848381253,0.003250247661001443,-0.003250247661001443
2013-01-15,0.0,0.003691056962713127,-0.002357653646974149,-0.003792716016952678,0.005402807373096199,0.0029434946718824985,-0.0029434946718824985
2013-01-16,0.0,0.029121612113379425,-0.003627889033021265,0.009206285776080798,0.005410932024508393,0.040110940880947354,-0.040110940880947354
2013-01-17,0.0,-0.033476642243445986,-0.004636681878920412,0.015466944630362908,0.00541883767165443,-0.017227541820349062,0.017227541820349062
2013-01-18,0.0,0.009885815955757493,-0.005885461489120766,0.01998331861123714,0.005426932314400653,0.02941060539227452,-0.02941060539227452
2013-01-19,0.0,-0.0008284773218376405,-0.006391701511901269,0.01198597143902601,0.005435077188601368,0.010200869793888467,-0.010200869793888467
2013-01-20,0.0,-0.0013813157290707763,-0.007201878198861802,0.0033332491347998062,0.005443680308322523,0.00019373551518975067,-0.00019373551518975067
2013-01-21,0.0,-0.005099102988997716,-0.007434645584107709,-0.010568252448800665,0.005451954072141385,-0.017650046949764707,0.017650046949764707
2013-01-22,0.0,0.012832976043687577,-0.007572615090709538,-0.01715188530545683,0.0054601768648449706,-0.006431347487633819,0.006431347487633819
2013-01-23,0.0,-0.01193221077208074,-0.0075120737554556505,-0.008570750457879014,0.005468714554010511,-0.022546320431404893,0.022546320431404893
2013-01-24,0.0,0.007664157773527703,-0.006767059143082354,0.00519170747382759,0.005478040682953675,0.011566846787226616,-0.011566846787226616
2013-01-25,0.0,-0.01978420300777526,-0.006330692412910208,0.014136684779824174,0.005487211919271672,-0.006490998721589622,0.006490998721589622
2013-01-26,0.0,0.009039890644411026,-0.00510785874521673,0.009868933405921527,0.005496436931519427,0.01929740223663525,-0.01929740223663525
2013-01-27,0.0,0.021376774699318823,-0.004157254824692188,0.0030881705015393442,0.005505677370780875,0.025813367746946852,-0.025813367746946852
2013-01-28,0.0,-0.004765510018344893,-0.0028337372760234036,-0.005137537975970934,0.005514522579685713,-0.007222262690653518,0.007222262690653518
2013-01-29,0.0,-0.006223197275850625,-0.0014311729966004728,-0.014362676192402276,0.005523102024541242,-0.01649394444031213,0.01649394444031213
2013-01-30,0.0,-0.015152195101544034,-0.0002997181483464679,-0.0192821019428551,0.005531905031658058,-0.029202110161087546,0.029202110161087546
2013-01-31,0.0,0.007412253255855104,0.0013927242500079598,-0.012414682789913662,0.0055412914741079355,0.001931586190057337,-0.001931586190057337
2013-02-01,0.0,-0.015116545948149516,0.0025263887791300036,-0.006310615099443698,0.005550725267854939,-0.01335004700060827,0.01335004700060827
2013-02-02,0.0,0.015002849548088686,0.004084559406289901,-0.0022141607152573557,0.005560123137187829,0.02243337137630906,-0.02243337137630906
2013-02-03,0.0,0.008156768015506124,0.00514188427070416,-0.007907795703417531,0.005569110136663277,0.010959966719456031,-0.010959966719456031
2013-02-04,0.0,-0.007552440854437012,0.006114708691710933,-0.007446007423303664,0.00557813610308414,-0.0033056034829456035,0.0033056034829456035
2013-02-05,0.0,-0.019430922638259237,0.00707823231820622,0.001479894142979684,0.005587146369554232,-0.0052856498075191,0.0052856498075191
2013-02-06,0.0,0.02058065582857508,0.007315219482917249,0.005848342883085327,0.005596084528210392,0.03934030272278805,-0.03934030272278805
2013-02-07,0.0,0.002058027448710597,0.007814721831569293,0.004327488341390761,0.00561429637985056,0.01981453400152121,-0.01981453400152121
2013-02-08,0.0,-0.021422270261452818,0.007559904425773266,-0.000492692139160142,0.005632500245302257,-0.008722557729537436,0.008722557729537436
2013-02-09,0.0,0.01811646137730667,0.0074501812977602125,-0.0005046344437447739,0.005650628660370477,0.030712636891692582,-0.030712636891692582
2013-02-10,0.0,0.0201842524290477,0.006930474181881041,-0.0005614700581577289,0.00566813710915472,0.03222139366192573,-0.03222139366192573
2013-02-11,0.0,0.001246322189169477,0.006014971760203552,-0.005980973363081744,0.005685435549614877,0.006965756135906162,-0.006965756135906162
2013-02-12,0.0,-0.02462297187241024,0.0052875209257841945,-0.000812934406088714,0.0057030422640008665,-0.014445343088713892,0.014445343088713892
2013-02-13,0.0,-0.0466202679206114,0.003859928378749721,0.01286475986346939,0.005720478283086213,-0.024175101395306074,0.024175101395306074
2013-02-14,0.0,0.05877949970072526,0.002791944606038284,0.022344611436358942,0.00573827783508514,0.08965433357820764,-0.08965433357820764
2013-02-15,0.0,0.011239221857467625,0.0011347067195882077,0.015445714784398655,0.00575608562842249,0.03357572898987698,-0.03357572898987698
2013-02-16,0.0,-0.021514198899353323,-0.00034896306890913836,0.004941348605667516,0.005773788389414446,-0.011148024973180501,0.011148024973180501
2013-02-17,0.0,0.015765393940166187,-0.0017053818417179052,-0.0016490488175849927,0.005791832729982292,0.01820279601084558,-0.01820279601084558
2013-02-18,0.0,0.006899252333346775,-0.0033396424433891903,-0.0031886638170018403,0.005809289528515185,0.0061802356014709296,-0.0061802356014709296
2013-02-19,0.0,-0.019223528870117967,-0.004370859805459754,-0.006410637325540214,0.005826772218330754,-0.02417825378278718,0.02417825378278718
2013-02-20,0.0,-0.020715278688246918,-0.005789857411406189,0.0009389258661996804,0.005844103766478338,-0.019722106466975087,0.019722106466975087
2013-02-21,0.0,0.025783877919422486,-0.006518985379274075,0.014640672186010076,0.005861247990764253,0.03976681271692274,-0.03976681271692274
2013-02-22,0.0,0.01990720728735064,-0.007351189900854994,0.016405693320896322,0.005877817620007387,0.03483952832739935,-0.03483952832739935
2013-02-23,0.0,-0.02388100181035671,-0.007972223450277637,0.003571602529818725,0.005894275156421161,-0.02238734757439446,0.02238734757439446
2013-02-24,0.0,0.001965353987004883,-0.008035776590685984,-0.009914709900168604,0.005911049588430267,-0.010074082915419436,0.010074082915419436
2013-02-25,0.0,-0.008656928364874847,-0.00822209300969836,-0.01256255076231069,0.005927708682691771,-0.023513863454192128,0.023513863454192128
2013-02-26,0.0,-0.002135451367545311,-0.007564170018694786,-0.012757132268643279,0.0059444151647936195,-0.016512338490089755,0.016512338490089755
2013-02-27,0.0,0.0086740229510714,-0.007134383030260724,-0.006555813398380534,0.005961129264908188,0.0009449557873383307,-0.0009449557873383307
2013-02-28,0.0,-0.015192361975044151,-0.006146052042693686,0.0018684041429777062,0.0059772484698834855,-0.013492761404876647,0.013492761404876647
2013-03-01,0.0,0.05077002735027828,-0.0049419140618171715,0.014019789745452956,0.005993655989982014,0.06584155902389607,-0.06584155902389607
2013-03-02,0.0,-0.031486233177178455,-0.003840404363944531,0.004375066373829245,0.006009262677726703,-0.02494230848956704,0.02494230848956704
2013-03-03,0.0,-0.019521030412855918,-0.002172191834262916,-0.012295309944406077,0.006025513214223442,-0.027963018977301468,0.027963018977301468
2013-03-04,0.0,0.014896524084577853,-0.000993553592429252,-0.028923467907388322,0.006042027342664177,-0.008978470072575545,0.008978470072575545
2013-03-05,0.0,-0.014437195237681631,0.0008496013499185459,-0.029371229043902568,0.006058956800975329,-0.03689986613069032,0.03689986613069032
2013-03-06,0.0,-0.01985592005457286,0.0022661053641541296,-0.017065172140457815,0.006075707038238978,-0.02857927979263757,0.02857927979263757
2013-03-07,0.0,0.04049271187502134,0.003763517516535652,0.0008728641251371106,0.006092516333486316,0.05122160985018041,-0.05122160985018041
2013-03-08,0.0,-0.001418300156764021,0.005272704274188888,0.011361007941190195,0.006109086179012672,0.021324498237627734,-0.021324498237627734
2013-03-09,0.0,0.007724261277043343,0.006254933732637077,0.021717018055804078,0.006125628731339094,0.04182184179682359,-0.04182184179682359
2013-03-10,0.0,-0.04509187391233867,0.007549795586777408,0.014904103339938954,0.006142459132514421,-0.016495515853107885,0.016495515853107885
2013-03-11,0.0,-0.004669539222864226,0.007963394727560046,0.004762320387930149,0.006159425074604322,0.01421560096723029,-0.01421560096723029
2013-03-12,0.0,0.06663521169858086,0.008516257673376264,-0.0005581891634574021,0.006176217555629521,0.08076949776412926,-0.08076949776412926
2013-03-13,0.0,-0.017475044348297143,0.008570428238951053,-0.006717098266177864,0.0061919565732567105,-0.009429757802267243,0.009429757802267243
2013-03-14,0.0,-0.012937863750342624,0.00827440086946242,0.0003085713620157058,0.0062080280977302475,0.0018531365788657496,-0.0018531365788657496
2013-03-15,0.0,0.010598095790904833,0.008017501517513475,0.002132804460803305,0.006224310521876586,0.026972712291098197,-0.026972712291098197
2013-03-16,0.0,-0.021205051085192196,0.006965336006752487,-0.0008242010963981517,0.006240327444571178,-0.008823588730266684,0.008823588730266684
2013-03-17,0.0,-0.003616317221255107,0.0062855874359431,0.004065200032029916,0.006257038574484373,0.012991508821202282,-0.012991508821202282
2013-03-18,0.0,0.005924693682100156,0.004890091908853775,0.009223400685013662,0.00627393713663497,0.026312123412602566,-0.026312123412602566
2013-03-19,0.0,0.006416601836042033,0.003518259832244396,0.012039718597092634,0.006290880903268511,0.028265461168647574,-0.028265461168647574
2013-03-20,0.0,0.027525876754256034,0.0019727418387420186,0.016259097047814898,0.006307494268598198,0.052065209909411145,-0.052065209909411145
2013-03-21,0.0,-0.010857865499196805,8.047343005935887e-05,0.011805105315739731,0.0063238924675837254,0.0073516057141860104,-0.0073516057141860104
2013-03-22,0.0,-0.013298546134512592,-0.0012914501573910242,0.008266119096868469,0.006340583537843745,1.6706342808596626e-05,-1.6706342808596626e-05
2013-03-23,0.0,-0.0010475949424589934,-0.0032168180994017635,-0.004389828852263938,0.0063575082769994065,-0.002296733617125288,0.002296733617125288
2013-03-24,0.0,0.0020257748318245816,-0.00449459275206688,-0.019011469621185776,0.0063745818411930005,-0.015105705700235072,0.015105705700235072
2013-03-25,0.0,0.012810397945683852,-0.005948664210543698,-0.015820512748357673,0.006391584426059787,-0.0025671945871577322,0.0025671945871577322
2013-03-26,0.0,-0.011186467738312805,-0.007091611676634406,-0.0049815063819955065,0.006409002169032446,-0.016850583627910275,0.016850583627910275
2013-03-27,0.0,0.0029687407063105583,-0.007838981209919361,0.009870169686482232,0.006426748480503866,0.011426677663377294,-0.011426677663377294
2013-03-28,0.0,-0.010248125408840129,-0.008818538356792398,0.01620701666682668,0.006444093060576,0.003584445961770151,-0.003584445961770151
2013-03-29,0.0,-0.00450613250864763,-0.008882650914799966,0.00948505439124411,0.006461878637102495,0.0025581496048990102,-0.0025581496048990102
2013-03-30,0.0,-0.006317130955527511,-0.00915827434181481,0.001298575550563573,0.006479738968351188,-0.0076970907784275604,0.0076970907784275604
2013-03-31,0.0,0.012213620607582977,-0.008706943530396277,-0.016052958573749748,0.006497635344713417,-0.006048646151849631,0.006048646151849631
2013-04-01,0.0,0.030480154370427674,-0.008111970984147402,-0.02439049087320217,0.006515380342144233,0.004493072855222334,-0.004493072855222334
2013-04-02,0.0,-0.009638232736154106,-0.007333616307302315,-0.020422525029441255,0.006533362584157983,-0.0308610114887397,0.0308610114887397
2013-04-03,0.0,-0.04229244801699026,-0.005847963004210227,-0.003418214312000848,0.00655122633955316,-0.04500739899364818,0.04500739899364818
2013-04-04,0.0,0.022132498000954116,-0.004760548153234933,0.011835996549965522,0.006569166783429747,0.035777113181114456,-0.035777113181114456
2013-04-05,0.0,-0.020823235556090728,-0.00295873821503207,0.0064666881100466774,0.006587393811058737,-0.010727891850017383,0.010727891850017383
2013-04-06,0.0,0.016826744220312523,-0.0015033137887766079,-0.01001472580271199,0.006605829186440597,0.011914533815264524,-0.011914533815264524
2013-04-07,0.0,-0.0017794755254424404,0.00027861118099204417,-0.023764816832121585,0.006624281591157155,-0.018641399585414827,0.018641399585414827
2013-04-08,0.0,0.008414574739984417,0.0021399680361562706,-0.034713518335225194,0.006642999082130809,-0.017515976476953698,0.017515976476953698
2013-04-09,0.0,0.01634975135700653,0.0035528372911749775,-0.02419027613412027,0.0066615615267727095,0.0023738740408339462,-0.0023738740408339462
2013-04-10,0.0,-0.05200711413915942,0.005465592875106257,0.001777597997589032,0.006680729440235356,-0.038083193826228774,0.038083193826228774
2013-04-11,0.0,-0.07767908430663228,0.006601709698475702,0.0386421738516877,0.006699998450410292,-0.025735202306058587,0.025735202306058587
2013-04-12,1.0,0.20527573980110705,0.008038189262875573,0.06736410703504644,0.006719791782323461,0.28739782788135254,0.7126021721186475
2013-04-13,0.0,-0.07426523336435267,0.008688910972260388,0.03466738623562485,0.006719965696224393,-0.024188970460243042,0.024188970460243042
2013-04-14,0.0,-0.024804652146627033,0.009101669346188281,0.0011064050188210248,0.006719962116836254,-0.007876615664781476,0.007876615664781476
2013-04-15,0.0,0.010779155687140947,0.009482092013118185,-0.024444173753125575,0.006720680882215599,0.002537754829349155,-0.002537754829349155
2013-04-16,0.0,-0.010725381752845264,0.009068526847482444,-0.03363084768984094,0.006721397498941659,-0.0285663050962621,0.0285663050962621
2013-04-17,0.0,0.013558161108259711,0.008916088283695021,-0.02110759325086334,0.006722452974051847,0.00808910911514324,-0.00808910911514324
2013-04-18,0.0,-0.018589764293253656,0.007957300115841951,0.006103186383017803,0.006723861332424651,0.00219458353803075,-0.00219458353803075
2013-04-19,0.0,-0.07564930817296524,0.007112734367318815,0.03461010553238236,0.006725310788473989,-0.027201157484790076,0.027201157484790076
2013-04-20,1.0,0.19528212431736444,0.005924026186680939,0.05766885596618121,0.006726729425505899,0.2656017358957325,0.7343982641042675
2013-04-21,0.0,-0.07674175581946506,0.004156864435669186,0.022654862833128717,0.006709048678733535,-0.043220979871933615,0.043220979871933615
2013-04-22,0.0,-0.05743832548858874,0.0027205086111876807,-0.008895884230932585,0.006691367595755433,-0.05692233351257821,0.05692233351257821
2013-04-23,0.0,0.01615380014566886,0.0006352730462659501,-0.024346274044923445,0.006674042164825791,-0.0008831586881628438,0.0008831586881628438
2013-04-24,0.0,0.02147987079800466,-0.00084571246989266,-0.028098360282654455,0.006657269900770869,-0.0008069320537715868,0.0008069320537715868
2013-04-25,0.0,-0.0034975037503413085,-0.0027629917237612413,-0.01703707331940478,0.006639898069938099,-0.01665767072356923,0.01665767072356923
2013-04-26,0.0,0.009454829979311923,-0.004363268384763724,-0.004779666676908342,0.006622786847267836,0.006934681764907693,-0.006934681764907693
2013-04-27,0.0,-0.016810916027161924,-0.0056234419362742065,0.00897286905577335,0.006605977725330067,-0.006855511182332714,0.006855511182332714
2013-04-28,0.0,0.025955524540640065,-0.007091366142035926,0.009186593941057296,0.00658889645075337,0.034639648790414805,-0.034639648790414805
2013-04-29,0.0,-0.046846770394812415,-0.007793999067140005,-0.007709328080207111,0.006571383564423676,-0.05577871397773586,0.05577871397773586
2013-04-30,0.0,-0.009595287000036897,-0.008822591352305866,-0.019643152658464814,0.006554732187329052,-0.031506298823478524,0.031506298823478524
2013-05-01,0.0,0.02658763446794501,-0.009014454630623104,-0.016439166942189252,0.0065381262886793825,0.007672139183812038,-0.007672139183812038
2013-05-02,0.0,0.01791585814768481,-0.009122521429144683,-0.007330954272923388,0.006521420706198332,0.007983803151815069,-0.007983803151815069
2013-05-03,0.0,-0.013372237846088098,-0.008982414317239186,0.006542442939314921,0.006504538512374271,-0.009307670711638093,0.009307670711638093
2013-05-04,0.0,0.005927295188873958,-0.008160972594322123,0.008989130481486115,0.0064878153771786365,0.013243268453216585,-0.013243268453216585
2013-05-05,0.0,-0.008079195847797854,-0.007538837321474747,0.01104110519861395,0.006470653971054938,0.001893726000396289,-0.001893726000396289
2013-05-06,0.0,-0.0059791213487747335,-0.006038342787244867,0.00020288128774449514,0.0064538209692954355,-0.00536076187897967,0.00536076187897967
2013-05-07,0.0,-0.009688135339567552,-0.004911292625778392,-0.014716916170786808,0.0064369649465869415,-0.02287937918954581,0.02287937918954581
2013-05-08,0.0,0.018643850601291874,-0.003340312670001268,-0.01872027304613237,0.006420304325772052,0.0030035692109302865,-0.0030035692109302865
2013-05-09,0.0,-0.007873069166634463,-0.0016414127127975051,-0.013752471550553329,0.006403697144976774,-0.016863256285008524,0.016863256285008524
2013-05-10,0.0,-0.0026220173176181322,-0.0001599866023168502,0.002190299179632284,0.006387047786283203,0.0057953430459805055,-0.0057953430459805055
2013-05-11,0.0,-0.003417898813967832,0.001809724923973884,0.011903431510044226,0.00636979791215151,0.016665055532201788,-0.016665055532201788
2013-05-12,0.0,-0.010899093311355709,0.0031131451084372283,0.011877136922156927,0.006352766774177696,0.010443955493416143,-0.010443955493416143
2013-05-13,0.0,0.02378867967507322,0.004929238698863537,0.013146748503759534,0.006336646401411818,0.04820131327910811,-0.04820131327910811
2013-05-14,0.0,0.0051676645239012034,0.006159687731997038,0.010720722263367531,0.006319973913350265,0.02836804843261604,-0.02836804843261604
2013-05-15,0.0,0.001377738633677664,0.007225311998328278,0.010283647708382967,0.006303185762094461,0.025189884102483368,-0.025189884102483368
2013-05-16,0.0,0.006415990283676762,0.008158279216491999,0.010477060775897783,0.006285967437299274,0.03133729771336582,-0.03133729771336582
2013-05-17,0.0,-0.01827235499022649,0.008370645947718419,0.008091414628749394,0.006268263085916113,0.004457968672157438,-0.004457968672157438
2013-05-18,0.0,0.009053783929607118,0.008898260776357232,0.006300228522432143,0.00625141192355967,0.030503685151956166,-0.030503685151956166
2013-05-19,0.0,-0.009265629642026693,0.008509460109759583,-0.006695016764886781,0.006234135780074038,-0.0012170505170798528,0.0012170505170798528
2013-05-20,0.0,-0.014889766827983972,0.008272518753484524,-0.019458106175226607,0.006217109696382236,-0.01985824455334382,0.01985824455334382
2013-05-21,0.0,0.031814430916186465,0.007583174232511774,-0.012443315232033568,0.006200584587914212,0.03315487450457888,-0.03315487450457888
2013-05-22,0.0,0.01613991375716157,0.006558387360062657,-0.0003829261631886529,0.006183913681248154,0.02849928863528373,-0.02849928863528373
2013-05-23,0.0,-0.03359514846056724,0.005611990765323106,0.014794639644188215,0.006166554177560026,-0.007021963873495894,0.007021963873495894
2013-05-24,0.0,-0.003028116162281082,0.003898513419124781,0.02403817985720338,0.006149208527174316,0.031057785641221393,-0.031057785641221393
2013-05-25,0.0,-0.004010655586285212,0.0026284943238613244,0.016878068464115745,0.006132439027319436,0.021628346229011292,-0.021628346229011292
2013-05-26,0.0,0.03888589620156217,0.0008285345588293471,0.006356024316140827,0.006115934687415557,0.052186389763947905,-0.052186389763947905
2013-05-27,0.0,-0.010185402598677265,-0.0007785423298915135,-0.013987081681277512,0.0060985632611994245,-0.018852463348646868,0.018852463348646868
2013-05-28,0.0,-0.017562895225413367,-0.0023016518935823262,-0.02815247554786728,0.00608123051759553,-0.041935792149267445,0.041935792149267445
2013-05-29,0.0,0.014899813713030155,-0.0040322185779923525,-0.025867807668019112,0.006063863679507583,-0.008936348853473726,0.008936348853473726
2013-05-30,0.0,-0.015386536504626815,-0.005029198059679349,-0.008841063200558769,0.006046761544928309,-0.02321003621993662,0.02321003621993662
2013-05-31,0.0,-0.028133769094063663,-0.00646311739164676,0.0044356810807579155,0.006029907574060612,-0.024131297830891896,0.024131297830891896
2013-06-01,0.0,0.034913329058205725,-0.007165851570952648,0.01132524579579449,0.006013685141063439,0.045086408424111005,-0.045086408424111005
2013-06-02,0.0,-0.011068787291733858,-0.007973760180331744,0.0013018602603445944,0.005996665139897795,-0.011744022071823212,0.011744022071823212
2013-06-03,0.0,0.010490934503308479,-0.00841333937882144,-0.005157836122643652,0.005980021802539013,0.0028997808043823995,-0.0028997808043823995
2013-06-04,0.0,-0.0009635245513716675,-0.00834241080670702,-0.0130454280462572,0.0059630086695388025,-0.01638835473479709,0.01638835473479709
2013-06-05,0.0,-0.0062370715385814,-0.008445555434392082,-0.013154117784345967,0.005945840130398814,-0.021890904626920633,0.021890904626920633
2013-06-06,0.0,-0.0010903391201683025,-0.00763337811505895,-0.01046514909885327,0.005928970002792113,-0.01325989633128841,0.01325989633128841
2013-06-07,0.0,-0.023087007493778643,-0.007039558246379535,0.002286587401011823,0.005912482685061963,-0.021927495654084393,0.021927495654084393
2013-06-08,0.0,0.032608210817356195,-0.00583912277318587,0.012322449338776525,0.0058959791564268055,0.044987516539373655,-0.044987516539373655
2013-06-09,0.0,0.003153213161236642,-0.004600601322125933,0.006929973483847424,0.005879498148898068,0.0113620834718562,-0.0113620834718562
2013-06-10,0.0,-0.016048982082627186,-0.0034006059101088595,-0.002840483686856621,0.0058627499133052235,-0.016427321766287445,0.016427321766287445
2013-06-11,0.0,-0.007234271624046728,-0.0016367590458159801,-0.0052371061545113205,0.00584630443355868,-0.008261832390815349,0.008261832390815349
2013-06-12,0.0,0.001775480207143249,-0.00039899317963442717,-0.0006332438214774134,0.005829575831272819,0.006572819037304227,-0.006572819037304227
2013-06-13,0.0,0.012776933241311567,0.0014146247856160134,0.0017624367042381583,0.005813169400955477,0.021767164132121215,-0.021767164132121215
2013-06-14,0.0,-0.028412755917316384,0.0027436809570813023,0.012268788069403506,0.005796427199970095,-0.007603859690861481,0.007603859690861481
2013-06-15,0.0,0.01068065737983138,0.0042333152474399015,0.02414017978197291,0.005780204838511619,0.04483435724775581,-0.04483435724775581
2013-06-16,0.0,0.08180405868168474,0.005641982002005315,0.02896368572068474,0.005763691453972277,0.12217341785834707,-0.12217341785834707
2013-06-17,0.0,-0.05221128731062727,0.006413791794490151,0.014385550736966167,0.005745974197354055,-0.0256659705818169,0.0256659705818169
2013-06-18,0.0,-0.030080901103178827,0.007488385088962352,-0.00043934886668871406,0.0057287237967482574,-0.017303141084156932,0.017303141084156932
2013-06-19,0.0,-0.004286105356833121,0.00772556919095653,-0.004628792306307537,0.00571183575011699,0.004522507277932862,-0.004522507277932862
2013-06-20,0.0,0.03229497926298389,0.008187250282833534,-0.0010735501093864686,0.00569528769659807,0.04510396713302903,-0.04510396713302903
2013-06-21,0.0,0.013585529114000159,0.00803716268946649,-0.007385923219075018,0.005677925988625655,0.019914694573017283,-0.019914694573017283
2013-06-22,0.0,-0.03145811297463944,0.007631170720421344,-0.01138073986221524,0.005660553789132496,-0.029547128327300845,0.029547128327300845
2013-06-23,0.0,0.010859803523660816,0.007288138951828099,-0.008225475804303425,0.005643687652015392,0.015566154323200881,-0.015566154323200881
2013-06-24,0.0,0.018654370008131554,0.006217864086837291,-0.009208817938161126,0.005626674488727819,0.02129009064553554,-0.02129009064553554
2013-06-25,0.0,-0.03643368406983013,0.005459100200137992,-0.008691788197384587,0.005610175137285552,-0.03405619692979117,0.03405619692979117
2013-06-26,0.0,-0.0038190321115792137,0.003977261379684586,-0.005297252916787753,0.005593969011359051,0.00045494536267666995,-0.00045494536267666995
2013-06-27,0.0,0.026131821560969735,0.002702906502821996,0.004524611929972786,0.005578026069648481,0.038937366063413,-0.038937366063413
2013-06-28,0.0,0.010647221597983182,0.0012654960342958657,0.011086559211905067,0.005561778340385813,0.02856105518456993,-0.02856105518456993
2013-06-29,0.0,-0.0095955563114246,-0.0004596130519443014,0.002497229538842665,0.005545160559752737,-0.0020127792647734984,0.0020127792647734984
2013-06-30,0.0,-0.006283964312784536,-0.0017072487006114835,-0.010615035051680167,0.005528198418816137,-0.01307804964626005,0.01307804964626005
2013-07-01,0.0,-0.0050099931551845405,-0.0033798816969001725,-0.017877673956999924,0.005511600771731616,-0.02075594803735302,0.02075594803735302
2013-07-02,0.0,-0.007850628610186199,-0.004366991385531531,-0.017356215023932572,0.005495362782878805,-0.024078472236771495,0.024078472236771495
2013-07-03,0.0,-0.00020419818105440926,-0.005617822837269469,-0.007911195929189463,0.005479068655914668,-0.008254148291598673,0.008254148291598673
2013-07-04,0.0,-0.0034771668054621634,-0.006565518179828262,0.0038576084969694545,0.005462594999869343,-0.0007224814884516277,0.0007224814884516277
2013-07-05,0.0,0.03283790459894877,-0.007104837996892936,0.017016952963865347,0.0054463293445980564,0.048196348910519236,-0.048196348910519236
2013-07-06,0.0,-0.02108231812457595,-0.007816881348694953,0.02109815039223663,0.005429578192876624,-0.002371470888157646,0.002371470888157646
2013-07-07,0.0,0.00012831451053101853,-0.007707932901199513,0.009302466571180397,0.005412568521187432,0.007135416701699334,-0.007135416701699334
2013-07-08,0.0,-0.005565544788006508,-0.007904326540208183,-0.006724009691672191,0.005395369424682299,-0.01479851159520458,0.01479851159520458
2013-07-09,0.0,0.007010445518209478,-0.007310721326951696,-0.016777903201524866,0.0053786957115790155,-0.01169948329868807,0.01169948329868807
2013-07-10,0.0,0.0011933801078595969,-0.006654284920650651,-0.011836292344581513,0.005362006102439431,-0.011935191054933136,0.011935191054933136
2013-07-11,0.0,-0.0006178915122522415,-0.005860156516569381,-0.0014218023126891387,0.0053452888268247034,-0.002554561514686057,0.002554561514686057
2013-07-12,0.0,0.0018909214383932122,-0.004557592464781653,0.007088224643009408,0.005328253506364008,0.009749807122984974,-0.009749807122984974
2013-07-13,0.0,-0.0009420051722194368,-0.003598315113991645,0.015208045233606367,0.005312022951848414,0.015979747899243696,-0.015979747899243696
2013-07-14,0.0,-0.03546454441341043,-0.0019446273050994463,0.012924939387349118,0.005295986407171214,-0.019188245923989544,0.019188245923989544
2013-07-15,0.0,0.0382316732057574,-0.0007356225112616424,0.004142808741013364,0.005279917800859469,0.04691877723636859,-0.04691877723636859
2013-07-16,0.0,-0.0032464438555411188,0.0007529030415094258,-0.009869520393834708,0.005263828096435676,-0.007099233111430725,0.007099233111430725
2013-07-17,0.0,0.006485782932648767,0.002261719619254572,-0.014207769402524321,0.005248226757352055,-0.00021204009326892658,0.00021204009326892658
2013-07-18,0.0,0.012529290822518632,0.0034197100042824514,-0.002858998162162141,0.005232212874755044,0.018322215539393987,-0.018322215539393987
2013-07-19,0.0,-0.03236519421665332,0.0049329394170906605,0.011406498404393572,0.005215423837775829,-0.010810332557393259,0.010810332557393259
2013-07-20,0.0,-0.01945090660212504,0.005647027873538205,0.020647761093978794,0.005198640548902611,0.01204252291429457,-0.01204252291429457
2013-07-21,0.0,0.07184166312651158,0.006738177342166097,0.026615345251606023,0.0051916554726509955,0.1103868411929347,-0.1103868411929347
2013-07-22,0.0,-0.03817276035571008,0.007182804257126773,0.011587877387722765,0.005183961619191555,-0.014218117091668986,0.014218117091668986
2013-07-23,0.0,0.002783461673796774,0.007461525503562239,-0.005647159303837983,0.005176552824039346,0.009774380697560377,-0.009774380697560377
2013-07-24,0.0,-0.0032766123189624007,0.007629074704092723,-0.019675909829590527,0.005168938625481767,-0.010154508818978438,0.010154508818978438
2013-07-25,0.0,-0.0077696529924167045,0.007115398808422886,-0.024259711737397164,0.005161166450733965,-0.019752799470657015,0.019752799470657015
2013-07-26,0.0,0.01426943368034107,0.006968743879767047,-0.010556705355956611,0.005153421790935657,0.01583489399508716,-0.01583489399508716
2013-07-27,0.0,-0.005334710043910639,0.006002285933060436,0.0010196454195616023,0.005145510596425055,0.0068327319051364535,-0.0068327319051364535
2013-07-28,0.0,-0.024052801051292927,0.005230168951095626,0.007707899199349087,0.005137636229782405,-0.005977096671065809,0.005977096671065809
2013-07-29,0.0,0.040446590561623204,0.004083023871807404,0.010813654002032644,0.0051304640994793305,0.06047373253494258,-0.06047373253494258
2013-07-30,0.0,0.005454170866999136,0.0026876135212603944,0.005038183435644646,0.005123069542328884,0.018303037366233062,-0.018303037366233062
2013-07-31,0.0,-0.029306033051292913,0.0015317063904694973,-0.007087341288660538,0.005115440081362381,-0.029746227868121575,0.029746227868121575
2013-08-01,0.0,-0.002034760618848188,-0.00023575029465438868,-0.015678696245153927,0.0051080375823944965,-0.012841169576262006,0.012841169576262006
2013-08-02,0.0,0.008297783829644247,-0.0013782049684359368,-0.02046851428978718,0.00510070976696703,-0.00844822566161184,0.00844822566161184
2013-08-03,0.0,-0.019597318897358374,-0.0029048654956526894,-0.012770584778033816,0.005093382346313234,-0.030179386824731647,0.030179386824731647
2013-08-04,0.0,0.028015019711741633,-0.004046651495898144,-0.0028035239431225493,0.005086672236690078,0.026251516509411016,-0.026251516509411016
2013-08-05,0.0,-0.009705529609879948,-0.005034816694357783,0.0006076856290852786,0.005079792814554313,-0.009052867860598137,0.009052867860598137
2013-08-06,0.0,-0.0011561113629113672,-0.0061589929282047816,0.00303619202273392,0.005072802400102328,0.0007938901317200995,-0.0007938901317200995
2013-08-07,0.0,-0.006274789446915479,-0.006531741355669234,0.006412969681851868,0.005065716970717746,-0.0013278441500151,0.0013278441500151
2013-08-08,0.0,-0.004679949846200198,-0.007284760283187948,0.006908274385690662,0.00505903724651805,2.601502820566079e-06,-2.601502820566079e-06
2013-08-09,0.0,0.019386400600413092,-0.0072604362179708335,-0.00018734912150658567,0.005052399675924309,0.01699101493685998,-0.01699101493685998
2013-08-10,0.0,-0.00728067160655232,-0.007318543051266493,-0.004170448401204639,0.0050454697479839945,-0.013724193311039457,0.013724193311039457
2013-08-11,0.0,-0.00931440003761503,-0.007000985884122059,6.926153386899625e-05,0.005038679684424053,-0.01120744470344404,0.01120744470344404
2013-08-12,0.0,0.020876837166522506,-0.006182465932135583,0.008073166584261186,0.005031860999420347,0.02779939881806846,-0.02779939881806846
2013-08-13,0.0,-0.02486046829469256,-0.005644610775539207,0.013959134207538552,0.005024677804927308,-0.011521267057765908,0.011521267057765908
2013-08-14,0.0,0.013922226676563612,-0.004298649242905413,0.016563399334457458,0.005017594014770985,0.03120457078288664,-0.03120457078288664
2013-08-15,0.0,-0.006864557834137004,-0.0033876301069150614,0.018623410882577567,0.005009904240702997,0.0133811271822285,-0.0133811271822285
2013-08-16,0.0,0.010118567223342562,-0.001950901924641381,0.013572988943784454,0.005002121245833994,0.026742775488319628,-0.026742775488319628
2013-08-17,0.0,0.011694176461790927,-0.0006474877393137155,-0.00030376039571839916,0.004994595237535877,0.01573752356429469,-0.01573752356429469
2013-08-18,0.0,-0.022395423288013562,0.0005381775901878232,-0.009112592307350469,0.00498680660834103,-0.025983031396835176,0.025983031396835176
2013-08-19,0.0,0.0059149353964519065,0.002143968613457679,-0.009077065568296922,0.004978968775890519,0.003960807217503182,-0.003960807217503182
2013-08-20,0.0,0.011155187846061213,0.0031152891425498615,-0.004627741806449906,0.0049709006876767076,0.014613635869837875,-0.014613635869837875
2013-08-21,0.0,-0.0075842089532780176,0.0045805844293890455,-0.0005078424964619042,0.004963645583646457,0.0014521785632955805,-0.0014521785632955805
2013-08-22,0.0,0.00219420507623867,0.0053721414701358335,0.0012190247007108613,0.004956316716488817,0.013741687963574181,-0.013741687963574181
2013-08-23,0.0,-0.007744084374418018,0.00622809689839114,0.0038990912086755694,0.004948801656728965,0.007331905389377656,-0.007331905389377656
2013-08-24,0.0,0.0057984843294092555,0.006893272045879067,0.0011175076548314905,0.004941598749588554,0.018750862779708367,-0.018750862779708367
2013-08-25,0.0,-0.0014214145828393755,0.006925205533687545,-0.010632396752014436,0.004933992073409429,-0.00019461372775683803,0.00019461372775683803
2013-08-26,0.0,0.0026579530264713366,0.007256515909050718,-0.018373140912353744,0.004926419563634164,-0.0035322524131975253,0.0035322524131975253
2013-08-27,0.0,-0.015294571717276077,0.0067555942004042515,-0.01998587720679437,0.004928142362519756,-0.023596712361146438,0.023596712361146438
2013-08-28,0.0,0.007536105330345518,0.006602709537568911,-0.012828820856342458,0.004929943153959737,0.006239937165531708,-0.006239937165531708
2013-08-29,0.0,0.002715170382056755,0.005849297828200966,-0.002536225590157091,0.004932015350069689,0.01096025797017032,-0.01096025797017032
2013-08-30,0.0,0.0014382341080863383,0.004932260694848672,0.005530775175181457,0.004934256771181733,0.0168355267492982,-0.0168355267492982
2013-08-31,0.0,0.011866077724708267,0.004099344446189807,0.010329044218426337,0.004935987291226095,0.031230453680550503,-0.031230453680550503
2013-09-01,0.0,-0.022654305482696313,0.0026141995027946295,0.011628346845315543,0.004937895889367766,-0.003473863245218374,0.003473863245218374
2013-09-02,0.0,0.0018730251743813192,0.0016211615912835728,0.003942786720018466,0.004939596057851441,0.012376569543534797,-0.012376569543534797
2013-09-03,0.0,0.022277791710644528,-4.580342058522896e-05,-0.0032743109609087626,0.004941241879286715,0.02389891920843725,-0.02389891920843725
2013-09-04,0.0,-0.024395353267898646,-0.0012700963730773143,-0.004845030062051206,0.004942868776873133,-0.025567610926154033,0.025567610926154033
2013-09-05,0.0,0.0046158553218288104,-0.002552092393873151,0.0015270853878179289,0.004944597703710436,0.008535446019484024,-0.008535446019484024
2013-09-06,0.0,0.00798513387289662,-0.003933862641514158,0.0038892670342631735,0.004946026244290917,0.012886564509936551,-0.012886564509936551
2013-09-07,0.0,0.0009908970907213878,-0.004749867738427286,0.005349872864697137,0.004946796244074913,0.006537698461066152,-0.006537698461066152
2013-09-08,0.0,0.007902331856436198,-0.0059799948540816324,0.0034215414479469514,0.004947270153876636,0.010291148604178154,-0.010291148604178154
2013-09-09,0.0,-0.021113869790778592,-0.006376434638804244,-0.0009446994167321313,0.004948054262153239,-0.023486949584161726,0.023486949584161726
2013-09-10,0.0,0.012401155799132566,-0.0070715901808283245,-0.0027783126559553337,0.004949150461616487,0.007500403423965395,-0.007500403423965395
2013-09-11,0.0,-0.005312244503255502,-0.007290226857405076,-0.008385836872399246,0.004950724997503765,-0.016037583235556062,0.016037583235556062
2013-09-12,0.0,0.0036091353659378654,-0.007146819470189879,-0.00414584045692611,0.0049523418130826505,-0.002731182748095473,0.002731182748095473
2013-09-13,0.0,-0.0071627026742197815,-0.007088878129394252,0.003370944092083804,0.004953384958317794,-0.005927251753212436,0.005927251753212436
2013-09-14,0.0,0.005580622901077512,-0.006200087859164964,0.0060503397701212325,0.004954173102125139,0.01038504791415892,-0.01038504791415892
2013-09-15,0.0,0.0073051658420885115,-0.00575007594042606,0.005839847948000251,0.004954720208230072,0.012349658057892773,-0.012349658057892773
2013-09-16,0.0,-0.0010742221428587805,-0.00450763516552069,0.008317117534675391,0.00495508149371389,0.007690341720009811,-0.007690341720009811
2013-09-17,0.0,-0.025066643305193696,-0.0034452830131560096,0.010069710008587562,0.004955909430020511,-0.013486306879741634,0.013486306879741634
2013-09-18,0.0,0.027721564002576905,-0.002235993943647426,0.010003730045898348,0.004956958929896054,0.04044625903472388,-0.04044625903472388
2013-09-19,0.0,0.0013447299340579645,-0.0007106757995720995,0.00413767359443131,0.004957880380958987,0.009729608109876161,-0.009729608109876161
2013-09-20,0.0,-0.008141420199332878,0.0003387967815644683,-0.001198998972657629,0.0049583603298498135,-0.004043262060576226,0.004043262060576226
2013-09-21,0.0,0.006170910636791432,0.002068868528464208,-0.003562579839410464,0.004959114762863996,0.009636314088709172,-0.009636314088709172
2013-09-22,0.0,-0.0148578615839011,0.0030885733641777603,-0.005255221023661409,0.004959594984687209,-0.012064914258697542,0.012064914258697542
2013-09-23,0.0,0.014549397585454584,0.004443533417921298,-0.004568694625952179,0.0049600953080456344,0.019384331685469335,-0.019384331685469335
2013-09-24,0.0,-0.0015325905817636545,0.0054981971166018564,-0.0044564614391169495,0.004960695420214578,0.00446984051593583,-0.00446984051593583
2013-09-25,0.0,-0.012502848464128868,0.006214034485197013,0.001432987232120653,0.004961280357320352,0.00010545361050915032,-0.00010545361050915032
2013-09-26,0.0,0.016744051242871656,0.007114752539343584,0.0005570189367831718,0.004961255929279926,0.029377078648278338,-0.029377078648278338
2013-09-27,0.0,-0.020761195973215133,0.007119950232436867,-0.005983986274918474,0.004961692853375452,-0.014663539162321286,0.014663539162321286
2013-09-28,0.0,0.005635178185852089,0.007521465378223973,-0.00763884767525103,0.004962303939297367,0.0104800998281224,-0.0104800998281224
2013-09-29,0.0,0.004749978630399436,0.0071638874141640805,-0.010661479440669197,0.004963294067728927,0.006215680671623246,-0.006215680671623246
2013-09-30,0.0,0.010934091525344424,0.006822004659061711,-0.012535175027117207,0.004965138586670332,0.01018605974395926,-0.01018605974395926
2013-10-01,0.0,-0.008832623207767263,0.0062717256701400655,-0.01422513465865347,0.004966501382633817,-0.011819530813646851,0.011819530813646851
2013-10-02,0.0,-0.01417566337852755,0.005160031313661615,-0.012170216545821143,0.00496820308822867,-0.016217645522458406,0.016217645522458406
2013-10-03,0.0,0.008661732706162564,0.0044657190801798375,0.0010390788393084237,0.004970271290065526,0.019136801915716352,-0.019136801915716352
2013-10-04,0.0,0.005322497863210833,0.0029236359032914654,0.009484170973838203,0.004972490308347805,0.022702795048688305,-0.022702795048688305
2013-10-05,0.0,0.00584201838106211,0.0018028811167986464,0.009872612869149052,0.0049742997338098225,0.022491812100819634,-0.022491812100819634
2013-10-06,0.0,-0.02533936988079089,0.0002448761409894628,0.008921013447430423,0.004975978765190558,-0.011197501527180447,0.011197501527180447
2013-10-07,0.0,0.018659570576804972,-0.001238777399955161,0.007861345383293467,0.004977775381425134,0.03025991394156841,-0.03025991394156841
2013-10-08,0.0,0.008351391348546141,-0.0024282171653484236,0.004122411537590267,0.004979655690851956,0.015025241411639939,-0.015025241411639939
2013-10-09,0.0,-0.013874356850848252,-0.0040523061372583005,-0.0003663646025101854,0.004981012896488553,-0.013312014694128183,0.013312014694128183
2013-10-10,0.0,0.00827540154396554,-0.004880089349985003,-6.116914608186841e-06,0.004982621822819887,0.008371817102192236,-0.008371817102192236
2013-10-11,0.0,0.0018624963137517032,-0.006135008688706294,0.008235574783123954,0.004983976396008931,0.008947038804178294,-0.008947038804178294
2013-10-12,0.0,-0.0006805202119288059,-0.006745224121683227,0.010985996638175257,0.00498586097231536,0.008546113276878584,-0.008546113276878584
2013-10-13,0.0,-0.0014266088395638687,-0.007305992747898875,0.009375298938133578,0.004987654341770186,0.005630351692441022,-0.005630351692441022
2013-10-14,0.0,-0.010513719265612917,-0.007779915105311495,0.006912162354516193,0.004988756356527804,-0.006392715659880414,0.006392715659880414
2013-10-15,0.0,0.018584012935161032,-0.007507274626796593,0.0036716538637698395,0.004989615583762084,0.01973800775589636,-0.01973800775589636
2013-10-16,0.0,-0.013088550980220177,-0.007579256096142599,-0.0009242783974956872,0.004990477216505139,-0.016601608257353323,0.016601608257353323
2013-10-17,0.0,0.00838813025117565,-0.006735488095510955,-0.006031459128895326,0.0049916080427158385,0.0006127910694852081,-0.0006127910694852081
2013-10-18,0.0,-0.0065095775942669515,-0.006157089311122086,-0.005906924454828159,0.004992765907284675,-0.013580825452932523,0.013580825452932523
2013-10-19,0.0,-0.009809108234454167,-0.005053943579158549,0.0004213004793563286,0.004994095697723371,-0.009447655636533017,0.009447655636533017
2013-10-20,0.0,0.023403480391705925,-0.0037186187940377695,0.0038866463709431288,0.004995628984365609,0.028567136952976892,-0.028567136952976892
2013-10-21,0.0,-0.012464430026411991,-0.0026530232809672096,0.0024854424073838186,0.004996878809105178,-0.007635132090890204,0.007635132090890204
2013-10-22,0.0,-0.009495217865998521,-0.000905555259834623,-0.0018842592295085256,0.004998402462836087,-0.0072866298925055835,0.0072866298925055835
2013-10-23,0.0,0.013255964379808211,0.0002237659699779773,-0.007396100862108422,0.005000348984615573,0.01108397847229334,-0.01108397847229334
2013-10-24,0.0,-0.00043190677177320895,0.0019541153540847157,-0.014994630931790426,0.005002389373853265,-0.008470032975625656,0.008470032975625656
2013-10-25,0.0,0.0039505522043067854,0.0032364706239084765,-0.024833263552944216,0.005004816023111447,-0.012641424701617507,0.012641424701617507
2013-10-26,0.0,-0.012119709451234882,0.004498467999639531,-0.022739848032089987,0.005007244301981453,-0.025353845181703888,0.025353845181703888
2013-10-27,0.0,-0.021882363060181424,0.005880286667512899,-0.01083184547108981,0.005009635212162519,-0.021824286651595817,0.021824286651595817
2013-10-28,0.0,-0.0038572919829131407,0.0065561179318303,0.010551415429059598,0.0050125358042882534,0.01826277718226501,-0.01826277718226501
2013-10-29,0.0,0.053717728774116395,0.007606094735134654,0.024429489766842904,0.005014750574456893,0.09076806385055085,-0.09076806385055085
2013-10-30,0.0,-0.011986043624006258,0.007705291252282684,0.020530492158693313,0.005016161361380369,0.021265901148350107,-0.021265901148350107
2013-10-31,0.0,-0.03243082833708938,0.008015256762539674,0.009056628024733783,0.005017986200786817,-0.010340957349029102,0.010340957349029102
2013-11-01,0.0,0.02146516037942123,0.007865029677927068,-0.0006218920346227072,0.005019846854050443,0.033728144876776035,-0.033728144876776035
2013-11-02,0.0,0.000974649136258174,0.0072717412331162225,-0.012173203833688173,0.005020922123161238,0.0010941086588474617,-0.0010941086588474617
2013-11-03,0.0,-0.008077452188877302,0.006847504088344716,-0.01153542672383789,0.005021614426351782,-0.007743760398018694,0.007743760398018694
2013-11-04,0.0,0.02962269406448267,0.005595196496841522,-0.0007603599093937293,0.005022607416096354,0.03948013806802682,-0.03948013806802682
2013-11-05,0.0,-0.03665224137695909,0.004790284182232766,0.009840892704839569,0.0050236190063097435,-0.016997445483577015,0.016997445483577015
2013-11-06,0.0,0.015202930543997918,0.0032423190251751176,0.018847332240850542,0.005024660441205529,0.04231724225122911,-0.04231724225122911
2013-11-07,0.0,0.008034161223878459,0.0018363020524744685,0.010890975792732658,0.0050255963949117225,0.025787035463997306,-0.025787035463997306
2013-11-08,0.0,-0.019995428402548542,0.0004015485205076729,-0.0010098409894892793,0.0050264752890316795,-0.01557724558249847,0.01557724558249847
2013-11-09,0.0,0.004906188539932247,-0.0013774954956682923,-0.01025724642727787,0.005027303655906489,-0.0017012497271074265,0.0017012497271074265
2013-11-10,0.0,0.013763677356464674,-0.002548250301773412,-0.01574983703262763,0.005027944740857894,0.0004935347629215266,-0.0004935347629215266
2013-11-11,0.0,-0.008232778202923074,-0.004307140435298456,-0.013128047384696586,0.005028371997005575,-0.02063959402591254,0.02063959402591254
2013-11-12,0.0,0.012573301560838631,-0.005275732908794829,-0.001283569858524629,0.005029365965270668,0.01104336475878984,-0.01104336475878984
2013-11-13,0.0,-0.023114331723555287,-0.006426037299371252,0.009846047317389786,0.005030730366742492,-0.014663591338794264,0.014663591338794264
2013-11-14,0.0,0.014391336242845287,-0.007275656336055863,0.012721677155523711,0.005031847265397639,0.024869204327710774,-0.024869204327710774
2013-11-15,0.0,-0.006209421595696317,-0.007669422671637557,0.0056335970405669246,0.005032445218859514,-0.003212802007907436,0.003212802007907436
2013-11-16,0.0,0.00468126097850249,-0.008262586886901811,-0.0027499538490713647,0.005033539910226565,-0.0012977398472441204,0.0012977398472441204
2013-11-17,0.0,0.0005725490601340542,-0.00790158392610218,-0.0071836089524498735,0.005034919285668257,-0.009477724532749742,0.009477724532749742
2013-11-18,0.0,-0.0043375904215478015,-0.007917008369599379,-0.004947870113006335,0.005036015750155342,-0.012166453153998173,0.012166453153998173
2013-11-19,0.0,-0.002797274187698706,-0.007178588008296089,0.002194193923213101,0.005037432803457108,-0.0027442354693245864,0.0027442354693245864
2013-11-20,0.0,-0.005314060060084804,-0.006329571979118442,0.013228985647556476,0.005038916424826438,0.006624270033179668,-0.006624270033179668
2013-11-21,0.0,-0.012184682432106166,-0.00537236005758552,0.022805560713739213,0.005040065882847786,0.010288584106895314,-0.010288584106895314
2013-11-22,0.0,0.05330668910129,-0.0037972958793111244,0.019090736062536844,0.005040524722518977,0.0736406540070347,-0.0736406540070347
2013-11-23,0.0,-0.016136252363627625,-0.0027633050677795066,0.001186165515343944,0.005040342655606466,-0.01267304926045672,0.01267304926045672
2013-11-24,0.0,-0.016499320890849302,-0.0009470688676026114,-0.014705007815929897,0.005040427421648077,-0.027110970152733734,0.027110970152733734
2013-11-25,0.0,0.0003704673608040421,0.00035946507485035026,-0.0221106320204963,0.00504090631876736,-0.016339793266074546,0.016339793266074546
2013-11-26,0.0,-0.00766161569565808,0.001959390205118883,-0.021377402084046846,0.005041748072481239,-0.022037879502104805,0.022037879502104805
2013-11-27,0.0,-0.005293957580323356,0.0034979325047125526,-0.01820552697408252,0.005042435089392512,-0.014959116960300813,0.014959116960300813
2013-11-28,0.0,0.0007204873208440207,0.004610666665534837,-0.011108034884246897,0.005043207211256613,-0.0007336736866114272,0.0007336736866114272
2013-11-29,0.0,0.014638755933419805,0.006182781822194546,-0.002902858346942969,0.0050442207317876785,0.02296290014045906,-0.02296290014045906
2013-11-30,0.0,0.012850753947583301,0.006820152554030694,-0.0014062345954288613,0.0050449145346896564,0.023309586440874788,-0.023309586440874788
2013-12-01,0.0,-0.021986380012906752,0.007812151508437688,-0.0022342830080503712,0.005045260540915477,-0.01136325097160396,0.01136325097160396
2013-12-02,0.0,-0.04294718731839454,0.00811060321342646,0.0028981863598763584,0.005046248708842639,-0.026892149036249077,0.026892149036249077
2013-12-03,0.0,0.06115519082837905,0.008247683927972057,0.012690949665543549,0.005047531425772407,0.08714135584766707,-0.08714135584766707
2013-12-04,0.0,0.012161521555699998,0.008283690451127122,0.013719985414637221,0.005047910783601822,0.03921310820506617,-0.03921310820506617
2013-12-05,0.0,-0.036607594006332345,0.0075148811910618445,0.005014630339563414,0.00505773702416088,-0.019020345451546204,0.019020345451546204
2013-12-06,0.0,0.024186856841485103,0.007169628729229589,-0.0015479080767997542,0.005067820109322541,0.03487639760323748,-0.03487639760323748
2013-12-07,0.0,-0.00974676490500288,0.005914358662519564,-0.0009822458320995519,0.005077570744896257,0.000262918670313389,-0.000262918670313389
2013-12-08,0.0,0.010642899578536874,0.004935333232989357,0.00015284691933390462,0.005087699812728522,0.020818779543588656,-0.020818779543588656
2013-12-09,0.0,-0.01736971988809168,0.003552429887701075,0.0027343327688757876,0.005097544120441962,-0.005985413111072853,0.005985413111072853
2013-12-10,0.0,-0.03189151403539757,0.0018967469463658608,0.010730422932594541,0.005107269583949309,-0.014157074572487854,0.014157074572487854
2013-12-11,0.0,0.0634582781834443,0.0006343934791060149,0.020436627713845797,0.005117028401852331,0.08964632777824844,-0.08964632777824844
2013-12-12,0.0,-0.010838880517756406,-0.0013545990549112164,0.014050505983067195,0.00512576930208448,0.0069827957124840535,-0.0069827957124840535
2013-12-13,0.0,-0.013260769011043167,-0.002625911015057848,0.004440829521136405,0.00513442068154204,-0.006311429823422569,0.006311429823422569
2013-12-14,0.0,0.00013722003980920947,-0.004369565341300143,-0.006084494374364118,0.005142888215207502,-0.00517395146064755,0.00517395146064755
2013-12-15,0.0,0.0015289915112924304,-0.005603234470116333,-0.010202365169419083,0.005151656501532826,-0.009124951626710159,0.009124951626710159
2013-12-16,0.0,0.0035277738379584406,-0.006632572567110089,-0.008828998134564942,0.0051602956707458274,-0.006773501192970762,0.006773501192970762
2013-12-17,0.0,-0.010673359057349615,-0.007787312240289426,-0.005888142593465913,0.005168867536205229,-0.019179946354899724,0.019179946354899724
2013-12-18,0.0,0.01614196044424308,-0.008069460703034433,-0.0009702898565598415,0.005177867521009488,0.012280077405658294,-0.012280077405658294
2013-12-19,0.0,-0.0017091972626733349,-0.008789418154220983,0.0007864780478036133,0.005186548030537717,-0.004525589338552988,0.004525589338552988
2013-12-20,0.0,-0.02786447323711861,-0.008538199898174604,-0.00334559418677633,0.005195615565871029,-0.03455265175619852,0.03455265175619852
2013-12-21,0.0,0.009728031614869832,-0.008434288868098192,-0.011209144303536431,0.005205399246190268,-0.004710002310574523,0.004710002310574523
2013-12-22,0.0,-0.00044331257844740734,-0.007886910353200261,-0.012424098189274225,0.00521483709185146,-0.015539484029070433,0.015539484029070433
2013-12-23,0.0,0.001813895407687279,-0.006795365676051558,-0.008571273708151727,0.005224233557525746,-0.00832851041899026,0.00832851041899026
2013-12-24,0.0,0.014947446053506761,-0.005976994779218637,0.0024805748105170946,0.005233922095185796,0.016684948179991013,-0.016684948179991013
2013-12-25,0.0,-0.01052108351837729,-0.004266170072330877,0.008942942122633777,0.005242987674370778,-0.0006013237937036115,0.0006013237937036115
2013-12-26,0.0,0.012729522817570898,-0.003112434720379333,0.013299048699071753,0.005252405752342688,0.028168542548606006,-0.028168542548606006
2013-12-27,0.0,-0.027046743226037045,-0.0012900051523440051,0.0033003947622811283,0.005261754349598405,-0.019774599266501516,0.019774599266501516
2013-12-28,0.0,0.00972122493167027,0.00034703191446755255,-0.0070829804210518045,0.005271273269609787,0.008256549694695805,-0.008256549694695805
2013-12-29,0.0,0.014358943480179518,0.001844944513187252,-0.01718686149706301,0.005280633976004419,0.00429766047230818,-0.00429766047230818
2013-12-30,0.0,-0.020465147607410528,0.0037614222891161385,-0.021926859266729992,0.005290248326469061,-0.03334033625855533,0.03334033625855533
2013-12-31,0.0,-0.0025623960441463174,0.004866920287601965,-0.007672431020148874,0.0052998959492410284,-6.80108274521982e-05,6.80108274521982e-05
2014-01-01,0.0,0.007380720754079995,0.006577444789260346,0.011573826888560653,0.005309502848003897,0.03084149527990489,-0.03084149527990489
2014-01-02,0.0,-0.007067983312077051,0.007393144562400655,0.021363950377498116,0.0053187453773120156,0.027007857005133733,-0.027007857005133733
2014-01-03,0.0,0.03291213373759785,0.008354973812832841,0.024295222439285807,0.005328490880807293,0.07089082087052379,-0.07089082087052379
2014-01-04,0.0,-0.02723194587652175,0.008959089740249173,0.013929634961239695,0.0053366337225612195,0.0009934125475283342,-0.0009934125475283342
2014-01-05,0.0,-0.003856129216467858,0.008936034933523025,0.0050700031864602535,0.005345343350656279,0.0154952522541717,-0.0154952522541717
2014-01-06,0.0,0.030672215177998965,0.009163078056749709,0.0012317863167087336,0.005354022050326458,0.046421101601783865,-0.046421101601783865
2014-01-07,0.0,-0.008048984874078817,0.00828469148551952,-0.004138366231342469,0.005362143231495454,0.001459483611593689,-0.001459483611593689
2014-01-08,0.0,0.005728756357177477,0.007844708154300049,-0.006063483353188579,0.005370714582728517,0.012880695741017464,-0.012880695741017464
2014-01-09,0.0,-0.01569568832188573,0.006638837358742332,-0.007640309196211892,0.00537955630573258,-0.01131760385362271,0.01131760385362271
2014-01-10,0.0,-0.01850118713544606,0.0053679682913708605,-0.013352502611351949,0.005388366024178985,-0.021097355431248164,0.021097355431248164
2014-01-11,0.0,0.019641900815319937,0.0041009191071457365,-0.013646819019916111,0.005397621076466009,0.015493621979015569,-0.015493621979015569
2014-01-12,0.0,0.003229097618782642,0.0021551747170120137,-0.008959945799164409,0.005406450861313271,0.001830777397943518,-0.001830777397943518
2014-01-13,0.0,-0.0056723141050406805,0.0008388094296857489,0.00290289014182504,0.005415053491974872,0.0034844389584449804,-0.0034844389584449804
2014-01-14,0.0,0.00367848880787078,-0.0012956232812156017,0.014108741785680069,0.005424300354398142,0.02191590766673339,-0.02191590766673339
2014-01-15,0.0,-0.00745371774119245,-0.0028015044967196812,0.015332610299228432,0.005433453749616652,0.010510841810932953,-0.010510841810932953
2014-01-16,0.0,0.006488116574068492,-0.004491809900471724,0.012799917221622884,0.005442278999377767,0.02023850289459742,-0.02023850289459742
2014-01-17,0.0,0.00260823023895678,-0.006082697980069232,0.003246463251614381,0.005450797954486292,0.005222793464988221,-0.005222793464988221
2014-01-18,0.0,0.006430075331806121,-0.0070239158583442676,-0.005434522438966188,0.005459357447881033,-0.000569005517623301,0.000569005517623301
2014-01-19,0.0,0.013260360677003993,-0.008442412935877166,-0.009683818266469385,0.005467753626077015,0.0006018831007344582,-0.0006018831007344582
2014-01-20,0.0,-0.02800893896600531,-0.00875817969275658,-0.006341535277363786,0.005475967656507959,-0.03763268627961772,0.03763268627961772
2014-01-21,0.0,-0.02013183033547297,-0.009445224822803059,0.006911582608188938,0.005485068590631722,-0.01718040395945537,0.01718040395945537
2014-01-22,0.0,0.025592956012337575,-0.009363481614018756,0.01624127868341772,0.005493958633691653,0.037964711715428194,-0.037964711715428194
2014-01-23,0.0,0.004003824773536002,-0.009051405111549029,0.009816074557003979,0.005502040308253433,0.010270534527244385,-0.010270534527244385
2014-01-24,0.0,-0.014393693167471805,-0.008700880892826422,-0.0005579709314473297,0.005509776577639522,-0.01814276841410603,0.01814276841410603
2014-01-25,0.0,0.014697354127393394,-0.007390307789958479,-0.014043759176740049,0.005517739079246694,-0.0012189737600584406,0.0012189737600584406
2014-01-26,0.0,0.008702494015054178,-0.006618665025649921,-0.0191593794757471,0.0055256368851798465,-0.011549913601162996,0.011549913601162996
2014-01-27,0.0,-0.015219230767559669,-0.0048303438978269594,-0.021560575998987412,0.00553405641075474,-0.0360760942536193,0.0360760942536193
2014-01-28,0.0,-0.022845330957941612,-0.003403378797571471,-0.01122060557634181,0.005542323879790287,-0.03192699145206461,0.03192699145206461
2014-01-29,0.0,0.03166149108736604,-0.0016101745864807357,0.00337018325019896,0.005550744923630906,0.03897224467471517,-0.03897224467471517
2014-01-30,0.0,-0.018165322083951725,0.0004105900157199238,0.003405987641410854,0.0055590134571084455,-0.0087897309697125,0.0087897309697125
2014-01-31,0.0,-0.004576934467894159,0.0018650661887985162,-0.005509573591318897,0.005567530886392302,-0.0026539109840222367,0.0026539109840222367
2014-02-01,0.0,0.01922587456370233,0.004027759167007913,-0.0165792470918273,0.0055759835865290385,0.012250370225411979,-0.012250370225411979
2014-02-02,0.0,-0.014567173695204064,0.005259682157641275,-0.022922851540172533,0.005584791242984374,-0.026645551834750945,0.026645551834750945
2014-02-03,0.0,0.015821193218330084,0.0069987759735473075,-0.01346096462017361,0.005594065604530991,0.014953070176234772,-0.014953070176234772
2014-02-04,0.0,-0.03225846014728541,0.008119037000872853,0.00790715855697031,0.005603070181291943,-0.010629194408150305,0.010629194408150305
2014-02-05,0.0,-0.06163909581640644,0.008947308433333665,0.03691199437469399,0.005612384793549267,-0.010167408214829518,0.010167408214829518
2014-02-06,1.0,0.1678397078048403,0.009892109756593163,0.0677274550773744,0.0056212565819026075,0.2510805292207105,0.7489194707792894
2014-02-07,0.0,-0.041323672764838844,0.00964974154680046,0.04810254878973155,0.005611044490256444,0.022039662061949614,-0.022039662061949614
2014-02-08,0.0,-0.033781788247726215,0.009883255709820404,0.016367132452005627,0.005600410867993622,-0.001930989217906561,0.001930989217906561
2014-02-09,0.0,-0.007277566540069443,0.008991606699534208,-0.013650130615193302,0.005589418246018833,-0.006346672209709705,0.006346672209709705
2014-02-10,0.0,-0.0037582843635988947,0.008353416555446722,-0.02885267522412732,0.005578736781578022,-0.01867880625070147,0.01867880625070147
2014-02-11,0.0,0.008687741008438806,0.0072511057843959795,-0.0249609175176332,0.00556815945820279,-0.0034539112665956254,0.0034539112665956254
2014-02-12,0.0,0.016216507568205217,0.005661654777076457,-0.011043619653489448,0.0055579409562298504,0.016392483648022076,-0.016392483648022076
2014-02-13,0.0,-0.02303046785752085,0.004449117353662121,0.0022631334856143496,0.005547661630532033,-0.01077055538771235,0.01077055538771235
2014-02-14,0.0,0.02499843313172106,0.002303881407519005,0.01354135181173589,0.005537142797739522,0.04638080914871548,-0.04638080914871548
2014-02-15,0.0,-0.026282046921986543,0.0008627614331424888,0.0051094107198700525,0.005526787525923712,-0.014783087243050289,0.014783087243050289
2014-02-16,0.0,-0.0012818657890186931,-0.001248235288580043,-0.010406021282909081,0.005516253074905815,-0.007419869285602003,0.007419869285602003
2014-02-17,0.0,0.006332914684917126,-0.003008987254324705,-0.01959654322346647,0.005504853845747316,-0.010767761947126732,0.010767761947126732
2014-02-18,0.0,0.012070152136429414,-0.004530815079057766,-0.02035726114342262,0.005494286931067825,-0.007323637154983146,0.007323637154983146
2014-02-19,0.0,-0.0023032082184496223,-0.0063677188207159445,-0.012711280536537653,0.005483850397039794,-0.015898357178663426,0.015898357178663426
2014-02-20,0.0,-0.008580804535718639,-0.0072513492171855844,-0.004387897121521333,0.005473532824561664,-0.014746518049863891,0.014746518049863891
2014-02-21,0.0,0.0004956245254103212,-0.008681469037185002,0.0036789838280309193,0.00546365432725626,0.0009567936435124985,-0.0009567936435124985
2014-02-22,0.0,0.003534270045236387,-0.00903944219243317,0.003986616452031779,0.005454107450661327,0.003935551755496323,-0.003935551755496323
2014-02-23,0.0,-0.029951263551462645,-0.009549929727210908,-0.0021051491991534175,0.005444355687000264,-0.0361619867908267,0.0361619867908267
2014-02-24,0.0,0.014066862113239783,-0.009654399723045149,-0.005033509498194424,0.005434679385042028,0.004813632277042238,-0.004813632277042238
2014-02-25,0.0,0.021142270305864717,-0.009088172985049648,-0.004364669465990522,0.005425482711204656,0.013114910566029203,-0.013114910566029203
2014-02-26,0.0,-0.013588882298854762,-0.008851394286522218,0.0023408431202772,0.005415928288917338,-0.01468350517618244,0.01468350517618244
2014-02-27,0.0,0.0018468873479155394,-0.007479969541425364,0.013035157266611383,0.005406384536915091,0.01280845961001665,-0.01280845961001665
2014-02-28,0.0,-0.007589426822024249,-0.006643344022802294,0.016221499902049734,0.0053971222547245816,0.007385851311947773,-0.007385851311947773
2014-03-01,0.0,0.010606692770647241,-0.004959725731446891,0.01691051990231455,0.005387554795826715,0.027945041737341615,-0.027945041737341615
2014-03-02,0.0,-0.0006668472890008835,-0.0033439495089532005,0.009164801875765882,0.005377721633464218,0.010531726711276015,-0.010531726711276015
2014-03-03,0.0,0.0069433117450390215,-0.0017733027175942584,-0.0009920579473513692,0.005367708031290241,0.009545659111383635,-0.009545659111383635
2014-03-04,0.0,0.0035993528507449347,0.0003248304885153925,-0.010441465292948688,0.0053574519257300985,-0.001159830027958263,0.001159830027958263
2014-03-05,0.0,-0.01249822346697389,0.0016418669224908394,-0.0121889261815487,0.005346968072375893,-0.017698314653655855,0.017698314653655855
2014-03-06,0.0,-0.013953024411951028,0.0037395139674019106,-0.007217973979215684,0.005336931823363541,-0.012094552600401261,0.012094552600401261
2014-03-07,0.0,-0.011402479897595862,0.005024910352605409,0.001462861065516094,0.005326822562201838,0.0004121140827274784,-0.0004121140827274784
2014-03-08,0.0,0.01589637640198291,0.00652793269882612,0.00560805924384092,0.0053169186546865215,0.033349286999336474,-0.033349286999336474
2014-03-09,0.0,0.03415070808777488,0.007791395539770348,0.007899029817361626,0.005307127368256097,0.055148260813162944,-0.055148260813162944
2014-03-10,0.0,-0.004680702511005009,0.008391288962680798,0.0052117440913470245,0.0052970581764934,0.014219388719516213,-0.014219388719516213
2014-03-11,0.0,-0.013343076807390672,0.009358641804267466,0.006667404331812138,0.005286861828622568,0.007969831157311499,-0.007969831157311499
2014-03-12,0.0,-0.020404249517671346,0.00914155040081689,0.008405170560797561,0.00527713307197857,0.002419604515921675,-0.002419604515921675
2014-03-13,0.0,0.019770441234572188,0.009384717553270564,0.005731441889794307,0.005267912906361931,0.040154513583998984,-0.040154513583998984
2014-03-14,0.0,0.011485234096710772,0.008745556236108017,-0.0006020050457249502,0.005257589242413458,0.024886374529507295,-0.024886374529507295
2014-03-15,0.0,-0.008971816384141436,0.008007558625108099,-0.01091103166887375,0.00524789186452725,-0.006627397563379837,0.006627397563379837
2014-03-16,0.0,-0.008436863494872974,0.007197738407200432,-0.022317963989729454,0.005238696632824395,-0.018318392444577603,0.018318392444577603
2014-03-17,0.0,0.004296406365908096,0.00555208618213915,-0.02011523005522212,0.0052291333518247165,-0.0050376041553501566,0.0050376041553501566
2014-03-18,0.0,-0.002184146492257579,0.004516064677690225,-0.008629293873686179,0.005219686980923041,-0.0010776887073304913,0.0010776887073304913
2014-03-19,0.0,-0.023570942696331407,0.00253739214017282,0.004621986489411452,0.005210677654719771,-0.01120088641202736,0.01120088641202736
2014-03-20,0.0,0.03249616726096675,0.0011172692952458813,0.018744114992629214,0.005201565794451922,0.05755911734329376,-0.05755911734329376
2014-03-21,0.0,-0.012564321163295913,-0.0007010495909362864,0.017167190240328468,0.005192599088315404,0.009094418574411671,-0.009094418574411671
2014-03-22,0.0,0.01565116906419238,-0.0025287962312726584,0.01232641538674388,0.005183437762662684,0.030632225982326282,-0.030632225982326282
2014-03-23,0.0,-0.005046272055910178,-0.003865751084839473,0.004046815995872916,0.005173650041149324,0.0003084428962725899,-0.0003084428962725899
2014-03-24,0.0,-0.0018584114763074663,-0.005767986319475841,-0.0030344158765879896,0.005163487047875127,-0.00549732662449617,0.00549732662449617
2014-03-25,0.0,0.004268188501342208,-0.006652204067905498,-0.011934869250420092,0.005153393158237123,-0.009165491658746257,0.009165491658746257
2014-03-26,0.0,-0.0178333667809956,-0.007997032856518298,-0.011186389866957901,0.0051428479632132425,-0.031873941541258555,0.031873941541258555
2014-03-27,0.0,-0.008783638347654374,-0.008562270546296208,-0.009018617329019265,0.005132294917771359,-0.021232231305198485,0.021232231305198485
2014-03-28,0.0,0.03232048094538157,-0.008925379715338688,-0.006172376244765383,0.005122190620920089,0.02234491560619759,-0.02234491560619759
2014-03-29,0.0,-0.016020831048770553,-0.009307554555989354,-0.00879146335995927,0.005111719891080713,-0.02900812907363846,0.02900812907363846
2014-03-30,0.0,-0.013777069478946606,-0.008729404052210323,-0.00600425904755308,0.005101431973554516,-0.023409300605155496,0.023409300605155496
2014-03-31,0.0,0.0019930359121152204,-0.008642171385975712,-0.0010810634268028079,0.005091607759500007,-0.002638591141163292,0.002638591141163292
2014-04-01,0.0,0.01524501857589457,-0.007441199124164199,6.0054565510902894e-05,0.005081768181231417,0.012945642198472692,-0.012945642198472692
2014-04-02,0.0,-0.0013272960705576996,-0.006606604842544796,0.0010774812712811169,0.005071298348059278,-0.0017851212937621003,0.0017851212937621003
2014-04-03,0.0,-0.020431553717551898,-0.005231086756034663,0.00025429840409412564,0.005060990155542965,-0.020347351913949468,0.020347351913949468
2014-04-04,0.0,0.03719928186350816,-0.0035386966947490743,0.005469002064598123,0.0050503857047074574,0.04417997293806467,-0.04417997293806467
2014-04-05,0.0,-0.012528995115595007,-0.002243782440809451,0.008156398457696107,0.005039443926781422,-0.001576935171926929,0.001576935171926929
2014-04-06,0.0,-0.016593147216364127,-0.00014053922705797105,0.006114245097560969,0.005028854001894086,-0.005590587343967044,0.005590587343967044
2014-04-07,0.0,-0.013246988542059022,0.0011550600001595996,0.008165072723733716,0.005018008033543321,0.001091152215377614,-0.001091152215377614
2014-04-08,0.0,0.02556745583056805,0.0031482575379667603,0.014733799240922921,0.005016405489167662,0.04846591809862539,-0.04846591809862539
2014-04-09,0.0,0.008657435071704665,0.004587686625613097,0.010482860047512378,0.005014515131868075,0.028742496876698213,-0.028742496876698213
2014-04-10,0.0,-0.014514668521152099,0.005891639506139109,0.008823866395912835,0.0050120436671330275,0.005212881048032873,-0.005212881048032873
2014-04-11,0.0,-0.0001238792603943707,0.0073032713380559,0.011152785551495244,0.0050091595295491806,0.023341337158705955,-0.023341337158705955
2014-04-12,0.0,0.019542714206986576,0.00785177737339078,0.011057041327534952,0.005006326054399865,0.043457858962312176,-0.043457858962312176
2014-04-13,0.0,0.01077053180887923,0.008941154151041929,0.006951254337908287,0.005012920322297911,0.03167586062012735,-0.03167586062012735
2014-04-14,0.0,-0.019104179627323973,0.008899331051828337,-0.002007448297675671,0.005018626043996927,-0.00719367082917438,0.00719367082917438
2014-04-15,0.0,-0.026582100445548037,0.009099811489635016,-0.009941871350550432,0.005024193684805268,-0.022399966621658187,0.022399966621658187
2014-04-16,0.0,0.03065732104413825,0.008769978199568693,-0.009493470427572884,0.005030377149353229,0.034964205965487286,-0.034964205965487286
2014-04-17,0.0,-0.0042845640898633445,0.007902503188433078,-0.016280343650434348,0.005035922892769862,-0.007626481659094753,0.007626481659094753
2014-04-18,0.0,0.003519326045156216,0.0072674753887108,-0.02597593877359164,0.005041410863306638,-0.010147726476417984,0.010147726476417984
2014-04-19,0.0,-0.013206558219527589,0.005625951936087729,-0.030424342129515017,0.005047479055176949,-0.03295746935777793,0.03295746935777793
2014-04-20,0.0,-0.004624649667117568,0.004667713988941443,-0.026838716874393584,0.005053634881660308,-0.0217420176709094,0.0217420176709094
2014-04-21,0.0,-0.015567180320177128,0.0028587694606185135,-0.01570541169436186,0.00506885532712153,-0.023344967226798942,0.023344967226798942
2014-04-22,0.0,0.013511889490703524,0.0013056542588777832,0.0021504793198431687,0.005084390155892653,0.02205241322531713,-0.02205241322531713
2014-04-23,0.0,0.011190622819763865,-0.0003051001601930424,0.019467951338611744,0.005099506493583594,0.035452980491766165,-0.035452980491766165
2014-04-24,0.0,0.019681392234440032,-0.002326641686630227,0.028053946899340907,0.005114846699841308,0.050523544146992026,-0.050523544146992026
2014-04-25,0.0,-0.02465759153350211,-0.00358857584442995,0.020726331800695885,0.0051295013837344165,-0.002390334193501758,0.002390334193501758
2014-04-26,0.0,0.003485252370207804,-0.0055708404077728525,0.006524528777951726,0.0051438441098550815,0.00958278485024176,-0.00958278485024176
2014-04-27,0.0,-0.0023513634660630818,-0.006588259828158312,-0.00668791026442008,0.005157947499378518,-0.010469586059262955,0.010469586059262955
2014-04-28,0.0,-0.01367709319717132,-0.007831754057031666,-0.007613028332151704,0.005172460625914511,-0.023949414960440178,0.023949414960440178
2014-04-29,0.0,0.02682067367205401,-0.008676819869520893,-4.235197860613931e-05,0.005186934093701687,0.023288435917628664,-0.023288435917628664
2014-04-30,0.0,0.0003733606366335471,-0.008969789605865256,0.007436473772282619,0.0052008004564693955,0.004040845259520306,-0.004040845259520306
2014-05-01,0.0,-0.02667645318414025,-0.009559795632408222,0.013842605681459138,0.005215227902167009,-0.017178415232922323,0.017178415232922323
2014-05-02,0.0,0.01897537639371253,-0.008952893457107295,0.01641457120992008,0.005229767741111719,0.03166682188763703,-0.03166682188763703
2014-05-03,0.0,-0.0034274737939112726,-0.008870520722498524,0.009078222812216048,0.005243645607490367,0.0020238739032966187,-0.0020238739032966187
2014-05-04,0.0,0.0007144182427762636,-0.00786952246453671,-0.004056888088672665,0.0052571492290489795,-0.005954843081384131,0.005954843081384131
2014-05-05,0.0,0.0005048146289307914,-0.006848674831443684,-0.014626354274088663,0.005271095353071146,-0.01569911912353041,0.01569911912353041
2014-05-06,0.0,-0.0005661060858828446,-0.005710609616390617,-0.01419072543007106,0.005284994319811194,-0.015182446812533326,0.015182446812533326
2014-05-07,0.0,0.010045672451326908,-0.0037955695385894815,-0.0059244985359071245,0.005299021808775754,0.005624626185606056,-0.005624626185606056
2014-05-08,0.0,-0.021001702607934786,-0.002559984613848804,-0.0008779862974767896,0.005312561277312309,-0.01912711224194807,0.01912711224194807
2014-05-09,0.0,0.014435598906016225,-0.0003138685729742478,0.0068054128797039905,0.005326760564447636,0.026253903777193603,-0.026253903777193603
2014-05-10,0.0,-0.02631690201728261,0.0011887280285392172,0.0064510479580949,0.005341805795274391,-0.013335320235374102,0.013335320235374102
2014-05-11,0.0,0.007085180264451844,0.003122237274921847,0.00553758656354377,0.00535766509709209,0.02110266920000955,-0.02110266920000955
2014-05-12,0.0,0.03935446442382079,0.0048412070509112285,-0.0018753355713180245,0.005372939715233947,0.04769327561864794,-0.04769327561864794
2014-05-13,0.0,-0.02505974158278243,0.0059920461251955735,-0.012608359213470083,0.00538794836977338,-0.02628810630128356,0.02628810630128356
2014-05-14,0.0,0.016624733375477794,0.0077058425121553226,-0.012237487108554221,0.005403583527350304,0.0174966723064292,-0.0174966723064292
2014-05-15,0.0,-0.017304305491127908,0.008290337259259472,-0.0024700508361716724,0.0054186416117592085,-0.006065377456280901,0.006065377456280901
2014-05-16,0.0,-0.03934515252635655,0.009406490133216502,0.007727545037654566,0.005433389802888224,-0.016777727552597255,0.016777727552597255
2014-05-17,0.0,0.03957373600842493,0.009591773485019698,0.021197456580470675,0.005448685774542949,0.07581165184845826,-0.07581165184845826
2014-05-18,0.0,0.05121610200438167,0.009630930065758197,0.019971650060966233,0.005463381779453762,0.08628206391055987,-0.08628206391055987
2014-05-19,0.0,-0.04417969247121075,0.009513621964868418,0.002500500042714013,0.005477296095475483,-0.02668827436815284,0.02668827436815284
2014-05-20,0.0,-0.01826085162247524,0.008429225494840951,-0.010962931594003467,0.005492213733547389,-0.015302343988090366,0.015302343988090366
2014-05-21,0.0,0.005621924640459571,0.007892132709126861,-0.022402521213747154,0.005506852213630052,-0.0033816116505306698,0.0033816116505306698
2014-05-22,0.0,-0.01838447663890382,0.006204224118766682,-0.020304363330224506,0.00552145230497397,-0.026963163545387674,0.026963163545387674
2014-05-23,0.0,0.036091846354382215,0.005048463873658192,-0.006717223388250997,0.005536432792663819,0.03995951963245323,-0.03995951963245323
2014-05-24,0.0,0.006214923565455395,0.0033164180680022633,0.0019434642997801553,0.005550882152145283,0.017025688085383097,-0.017025688085383097
2014-05-25,0.0,-0.020680672795887606,0.00135954743803933,0.009402461552858244,0.005565233266483004,-0.004353430538507028,0.004353430538507028
2014-05-26,0.0,0.008246743334879436,-0.00013273365239095824,0.014023795502574357,0.0055798972152861,0.02771770240034894,-0.02771770240034894
2014-05-27,0.0,-0.0024158705379279132,-0.0024386984432910397,0.008852378198649459,0.00559462339922982,0.009592432616660325,-0.009592432616660325
2014-05-28,0.0,-0.003823304360437864,-0.0037558473794664232,-0.001357248752184864,0.005609284483463843,-0.0033271160086253086,0.0033271160086253086
2014-05-29,0.0,-0.006038512108749516,-0.005800993100098803,-0.01436221707227945,0.005624180537352227,-0.020577541743775542,0.020577541743775542
2014-05-30,0.0,0.008503517455248123,-0.007070056921022005,-0.01895830027322936,0.005639298577040861,-0.01188554116196238,0.01188554116196238
2014-05-31,0.0,-0.003887574815120188,-0.008195863125917724,-0.012307904960722399,0.00565428711799678,-0.01873705578376353,0.01873705578376353
2014-06-01,0.0,0.011486325791265583,-0.009356323239661735,-0.0017649413792009548,0.005670040910839179,0.006035102083242072,-0.006035102083242072
2014-06-02,0.0,-0.007183577833354746,-0.009466456500133152,0.005793233384703925,0.005685785481212289,-0.005171015467571684,0.005171015467571684
2014-06-03,0.0,-0.019937878627458733,-0.010132447064177895,0.010738200927012016,0.005701160120605563,-0.013630964644019049,0.013630964644019049
2014-06-04,0.0,0.002455000371719032,-0.00953357292359068,0.011224874207508334,0.005717041510465306,0.009863343166101993,-0.009863343166101993
2014-06-05,0.0,0.037978750115259224,-0.009268696812760897,0.006545918383301172,0.005733246821891465,0.04098921850769096,-0.04098921850769096
2014-06-06,0.0,-0.02507025856839617,-0.008465605558176536,-0.004625727943975129,0.005748793673272917,-0.032412798397274914,0.032412798397274914
2014-06-07,0.0,0.0029383635643666457,-0.007146533640432831,-0.002979359275435509,0.0057643615482864015,-0.0014231678032152924,0.0014231678032152924
2014-06-08,0.0,-0.0017055296299989158,-0.006158973628499605,0.009191057672029941,0.005780216036390313,0.0071067704499217345,-0.0071067704499217345
2014-06-09,0.0,-0.005175377235075046,-0.003998780023304253,0.022600780508594345,0.005796295572998226,0.01922291882321327,-0.01922291882321327
2014-06-10,0.0,-0.005942234399308757,-0.0026953110826116035,0.029301192514962,0.005811790221109282,0.02647543725415092,-0.02647543725415092
2014-06-11,0.0,0.018065722200517734,-0.0004557886666204218,0.023750933464859507,0.005827206080031778,0.0471880730787886,-0.0471880730787886
2014-06-12,0.0,0.024229753854118637,0.0013275332579715231,0.009315020776861735,0.0058422624452672016,0.040714570334219095,-0.040714570334219095
2014-06-13,0.0,-0.022102283011191298,0.0030065322305454943,-0.007918334218030062,0.005856456583432433,-0.02115762841524343,0.02115762841524343
2014-06-14,0.0,-0.0058741180277423494,0.005041623515192714,-0.022318797841596977,0.005871190295691901,-0.017280102058454712,0.017280102058454712
2014-06-15,0.0,-0.012239821574343784,0.006061364374004537,-0.022713284894863663,0.005886102217774353,-0.023005639877428555,0.023005639877428555
2014-06-16,0.0,0.006844797412614796,0.007928888005814885,-0.017368838342699422,0.005901280326537102,0.0033061274022673616,-0.0033061274022673616
2014-06-17,0.0,0.006718819384059627,0.008588194396246644,-0.010211284253628116,0.005917052794701236,0.01101278232137939,-0.01101278232137939
2014-06-18,0.0,0.013527351342164802,0.00959045896983694,-0.010082849061679512,0.005932776887531424,0.01896773813785365,-0.01896773813785365
2014-06-19,0.0,-0.013935413613832126,0.010021909905913916,-0.01567342433640158,0.005948073595063451,-0.013638854449256336,0.013638854449256336
2014-06-20,0.0,-0.009399645738798708,0.009829265082488573,-0.012829474971589613,0.005963608345140664,-0.0064362472827590835,0.0064362472827590835
2014-06-21,0.0,-0.019280864416240308,0.00999622049235721,-0.009913995094990847,0.005979137955759446,-0.013219501063114498,0.013219501063114498
2014-06-22,0.0,0.022311784968109222,0.008797309540118585,-0.005873439179806177,0.005994562391645776,0.031230217720067406,-0.031230217720067406
2014-06-23,0.0,0.006297717188939664,0.008275162998473817,-0.003046318978296788,0.0060106314596076165,0.01753719266872431,-0.01753719266872431
2014-06-24,0.0,-0.016604787976374866,0.006708307654979203,0.0005109879414596122,0.006026993060615014,-0.003358499319321036,0.003358499319321036
2014-06-25,0.0,0.011318640607184984,0.0052682502956955595,0.004869832294442238,0.006043270554083877,0.02749999375140666,-0.02749999375140666
2014-06-26,0.0,0.021937552907838668,0.0037485504687650153,0.013850559167426389,0.006059431525477157,0.04559609406950723,-0.04559609406950723
2014-06-27,0.0,-0.021580132846252743,0.0015067021156140346,0.009934226297919442,0.006075275318999821,-0.004063929113719446,0.004063929113719446
2014-06-28,0.0,0.008289463005915548,0.00016835318758877838,0.014357851155786949,0.006091233423230331,0.028906900772521605,-0.028906900772521605
2014-06-29,0.0,-0.02683479560632824,-0.002245812255781898,0.017047698427162902,0.006107193204863482,-0.005925716230083753,0.005925716230083753
2014-06-30,0.0,0.030761458209079474,-0.0036979398928858034,0.015452336180808584,0.00612327797149145,0.048639132468493704,-0.048639132468493704
2014-07-01,0.0,-0.004970707973011628,-0.005632565531595338,0.011667626931701754,0.00613873681255223,0.007203090239647017,-0.007203090239647017
2014-07-02,0.0,-0.007277103366668377,-0.007286596665607573,0.009463895859701149,0.006153978942243012,0.0010541747696682108,-0.0010541747696682108
2014-07-03,0.0,0.01996606933019807,-0.008204090719324467,0.003856812629406963,0.006169358623899223,0.02178814986417979,-0.02178814986417979
2014-07-04,0.0,-0.003749143579084215,-0.00968225179475471,-0.006932163488701592,0.006183897843652638,-0.014179661018887877,0.014179661018887877
2014-07-05,0.0,-0.021119878598593746,-0.00974555711150413,-0.01605721061602509,0.006198378972401267,-0.0407242673537217,0.0407242673537217
2014-07-06,0.0,-0.005357851919328478,-0.010447799141964172,-0.01607222852328271,0.0062132024304979265,-0.02566467715407743,0.02566467715407743
2014-07-07,0.0,0.030448851730872067,-0.010054319041486407,-0.0076514087625158145,0.006228200229192536,0.018971324156062383,-0.018971324156062383
2014-07-08,0.0,-0.009293954232112791,-0.009633329226392855,-0.00391100226561933,0.006242817998256228,-0.016595467725868746,0.016595467725868746
2014-07-09,0.0,-0.02816844679087589,-0.009132292360461838,-0.0013306347291283085,0.006258002181375349,-0.032373371699090686,0.032373371699090686
2014-07-10,0.0,0.026270630529020334,-0.00754018121738092,-0.002225242407895848,0.0062732547946489,0.02277846169839247,-0.02277846169839247
2014-07-11,0.0,-0.007023061288575267,-0.006666733161366626,-0.0002695196196665585,0.006288431007825141,-0.00767088306178331,0.00767088306178331
2014-07-12,0.0,-0.015997802035455314,-0.004470702857952912,-0.0026733174018979955,0.006303674265214854,-0.01683814803009137,0.01683814803009137
2014-07-13,0.0,0.022896566091854698,-0.0029638425908468996,0.0017596533062907286,0.006318751174848575,0.0280111279821471,-0.0280111279821471
2014-07-14,0.0,-0.023980863417108034,-0.0009134745568177439,0.013736636227448673,0.006333604029287796,-0.004824097717189307,0.004824097717189307
2014-07-15,0.0,0.04779664583156696,0.0012781299698350621,0.02627944964298195,0.006349031141479802,0.08170325658586378,-0.08170325658586378
2014-07-16,0.0,-0.0361699829724671,0.0027798524156929945,0.016940612939571213,0.006363249944381451,-0.010086267672821446,0.010086267672821446
2014-07-17,0.0,0.01287664127232324,0.005156810959624246,0.0046658419156955025,0.006378064030108428,0.02907735817775142,-0.02907735817775142
2014-07-18,0.0,-0.003257881346369523,0.006219341228575514,-0.01543447344882308,0.0063927385983820586,-0.00608027496823503,0.00608027496823503
2014-07-19,0.0,-0.0025621183007310012,0.008139625945278017,-0.02584761350147013,0.006407926145493061,-0.013862179711430056,0.013862179711430056
2014-07-20,0.0,-0.02072974714336469,0.009050064531738292,-0.021894391269061765,0.006422724243956948,-0.027151349636731215,0.027151349636731215
2014-07-21,0.0,0.03025185992993159,0.009840100804263178,-0.011075123150346193,0.006437830107860679,0.035454667691709255,-0.035454667691709255
2014-07-22,0.0,0.003673094993216176,0.010678174946024155,-0.0011488337476748686,0.00645283890477319,0.019655275096338652,-0.019655275096338652
2014-07-23,0.0,-0.021859408614394095,0.010325956531003034,0.009016174022568213,0.006467930133432745,0.003950652072609897,-0.003950652072609897
2014-07-24,0.0,-0.014687779165724332,0.010672005384205702,0.006956373354313425,0.006483280657685928,0.009423880230480724,-0.009423880230480724
2014-07-25,0.0,-0.007206044400911937,0.009496402396710405,0.001197373588391692,0.006498519409227997,0.009986250993418157,-0.009986250993418157
2014-07-26,0.0,0.04800993583684373,0.008798099361922973,-0.0013901991108499362,0.006513122332483067,0.061930958420399834,-0.061930958420399834
2014-07-27,0.0,0.002207003521356029,0.007382919353310549,-0.007915542705062272,0.006527397072277386,0.008201777241881692,-0.008201777241881692
2014-07-28,0.0,-0.007697664939919919,0.005560228658882551,-0.011147115206668794,0.006542606101182393,-0.00674194538652377,0.00674194538652377
2014-07-29,0.0,-0.013579679858198043,0.0042218300816569765,-0.013320767033910443,0.00655771140871702,-0.01612090540173449,0.01612090540173449
2014-07-30,0.0,-0.021301971651742746,0.0017313344761991467,-0.009743004947242603,0.006572794839234463,-0.02274084728355174,0.02274084728355174
2014-07-31,0.0,0.014063563718267962,0.000322318744525216,0.0010514608102623146,0.006588564050882965,0.022025907323938457,-0.022025907323938457
2014-08-01,0.0,0.003707644945999321,-0.002089984247163363,0.011973921806932396,0.006604037810790721,0.020195620316559075,-0.020195620316559075
2014-08-02,0.0,0.014912300428808542,-0.003943998728755414,0.018514090562850135,0.006619751411195496,0.03610214367409876,-0.03610214367409876
2014-08-03,0.0,-0.005959170088663643,-0.005696162810394586,0.019221415354555304,0.006635292851435981,0.014201375306933058,-0.014201375306933058
2014-08-04,0.0,0.0010589510658189146,-0.007754589981476673,0.015654553889487614,0.0066505890007800845,0.01560950397460994,-0.01560950397460994
2014-08-05,0.0,-0.005921246871732969,-0.008581870497260571,0.010746244974827075,0.006666046224807027,0.0029091738306405625,-0.0029091738306405625
2014-08-06,0.0,-0.024821499767984354,-0.010235662720089734,0.0009157879559059613,0.006681471569307456,-0.027459902962860668,0.027459902962860668
2014-08-07,0.0,0.046414301913666495,-0.01043415906766806,0.0013236786957197158,0.006696874203472427,0.04400069574519057,-0.04400069574519057
2014-08-08,0.0,0.011626832273069522,-0.011021199716385342,0.001045390142392794,0.006711840842788251,0.008362863541865224,-0.008362863541865224
2014-08-09,0.0,-0.0392895345347198,-0.01096841858843461,0.003229187295632676,0.006727122292160626,-0.04030164353536111,0.04030164353536111
2014-08-10,0.0,0.008273775604369532,-0.010220852353886178,0.006221215899857113,0.0067429468483703025,0.01101708599871077,-0.01101708599871077
2014-08-11,0.0,-0.0030534211176548726,-0.009929779695070477,0.0071225919770021295,0.006758331853018891,0.0008977230172956714,-0.0008977230172956714
2014-08-12,0.0,-0.004909265023129717,-0.008160094363121793,-0.00010236423173036555,0.006774104876200914,-0.0063976187417809595,0.0063976187417809595
2014-08-13,0.0,-0.007378767902300074,-0.007199331755058972,-0.00500864390726339,0.006790248281437802,-0.012796495283184633,0.012796495283184633
2014-08-14,0.0,0.0041117423493451325,-0.005096590872184222,-0.01311305964915459,0.006806403988129633,-0.007291504183864046,0.007291504183864046
2014-08-15,0.0,0.045445191899908914,-0.0032275121882140733,-0.011825596751528989,0.0068226644453440064,0.03721474740550986,-0.03721474740550986
2014-08-16,0.0,-0.024830014082449375,-0.001334183486912083,-0.008920385437374978,0.006838873496922386,-0.028245709509814046,0.028245709509814046
2014-08-17,0.0,-0.0390391218045677,0.0012843973573632597,-0.0006725192980788985,0.006854601354761906,-0.03157264239052143,0.03157264239052143
2014-08-18,0.0,0.032604351216706226,0.0027771744962304876,0.006014546515887109,0.006870622382407885,0.0482666946112317,-0.0482666946112317
2014-08-19,0.0,-0.03141436184666011,0.005338289192871701,-0.006225781752250567,0.006886554947284081,-0.025415299458754897,0.025415299458754897
2014-08-20,0.0,0.04357450914000479,0.006666435122194659,-0.018143439227191454,0.0069026597969433804,0.03900016483195137,-0.03900016483195137
2014-08-21,0.0,-0.008336361172205162,0.008398413580938298,-0.037176158435915777,0.006918776846812253,-0.030195329180370385,0.030195329180370385
2014-08-22,0.0,-0.005618109199235142,0.009774056660173065,-0.04578942728974616,0.006935362140156633,-0.034698117688651595,0.034698117688651595
2014-08-23,0.0,-0.004996944985719096,0.010335854818949141,-0.03183332205903705,0.006951818147218076,-0.01954259407858893,0.01954259407858893
2014-08-24,0.0,-0.0545757296488514,0.01152716168826353,6.266807998420013e-05,0.0069685992053634075,-0.03601730067524026,0.03601730067524026
2014-08-25,0.0,-0.05512654664776329,0.011121763712541526,0.042793474183650815,0.006985756507397756,0.005774447755826803,-0.005774447755826803
2014-08-26,1.0,0.2232148897568791,0.011461120199706102,0.07520137068460896,0.007002955524773355,0.3168803361659675,0.6831196638340324
2014-08-27,0.0,-0.08769914124632605,0.01036632889544321,0.04755913091059256,0.007000672099062611,-0.022773009341227668,0.022773009341227668
2014-08-28,0.0,-0.03711345141743996,0.009287793934510957,0.01864501742829102,0.006999180123324246,-0.00218145993131374,0.00218145993131374
2014-08-29,0.0,0.019659542531252964,0.00810995063012332,-0.008520340946076404,0.0069974294409316795,0.02624658165623156,-0.02624658165623156
2014-08-30,0.0,-0.020118338960046243,0.005908553995052378,-0.024091854238125453,0.006995183938674599,-0.03130645526444472,0.03130645526444472
2014-08-31,0.0,0.02251000195859714,0.004594457880852231,-0.017920401130923656,0.006992992275805377,0.016177050984331094,-0.016177050984331094
2014-09-01,0.0,0.01464309110649381,0.002000962330658893,-0.0013030009040117803,0.006991050549448963,0.022332103082589885,-0.022332103082589885
2014-09-02,0.0,-0.04700899282598366,0.00026962926181606586,0.014101989810758442,0.00698937086210846,-0.025648002891300693,0.025648002891300693
2014-09-03,0.0,0.06444934920287997,-0.001981007592148694,0.024440893227316875,0.0069880533425337715,0.09389728818058192,-0.09389728818058192
2014-09-04,0.0,-0.035294844255974234,-0.004254469113082292,0.005948700793638123,0.00698657218884999,-0.02661404038656841,0.02661404038656841
2014-09-05,0.0,-0.027087132675853713,-0.005765837115838876,-0.012540040304960868,0.0069850834726930345,-0.03840792662396043,0.03840792662396043
2014-09-06,0.0,0.013528196869713183,-0.008053418186975605,-0.02276945148970964,0.006983626836529453,-0.01031104597044261,0.01031104597044261
2014-09-07,0.0,0.0196142318166911,-0.008872507593234023,-0.025598723419420502,0.006982494023166149,-0.007874505172797277,0.007874505172797277
2014-09-08,0.0,-0.003553179197508911,-0.010424949337834097,-0.012772324869729984,0.0069811778934213845,-0.01976927551165161,0.01976927551165161
2014-09-09,0.0,-0.0045227885312470765,-0.01090887216646773,0.0021731605012235483,0.006980485251485319,-0.006278014945005937,0.006278014945005937
2014-09-10,0.0,0.01967469998157823,-0.01108309721167695,0.01685560437237046,0.006979733837418547,0.03242694097969029,-0.03242694097969029
2014-09-11,0.0,-0.022363908284501816,-0.011314885891411823,0.01146769769961019,0.006978881684989616,-0.015232214791313838,0.015232214791313838
2014-09-12,0.0,-0.03394259916130629,-0.010272865850839603,-0.001939839965088984,0.006978075874995232,-0.03917722910223965,0.03917722910223965
2014-09-13,0.0,0.028860936846464024,-0.00999441282480778,-0.010156095220636601,0.00697811864952111,0.01568854745054075,-0.01568854745054075
2014-09-14,0.0,0.0028610769280278617,-0.008257917583325391,-0.012432363680802534,0.006978353854782759,-0.010850850481317308,0.010850850481317308
2014-09-15,0.0,0.010179802788302508,-0.00705501490667103,-0.0021816018607651003,0.0069784678514509335,0.007921653872317311,-0.007921653872317311
2014-09-16,0.0,-0.0007297647007195279,-0.005275901849974487,0.015794372935210167,0.006978577270125258,0.01676728365464141,-0.01676728365464141
2014-09-17,0.0,-0.02602841594771714,-0.0030180465281835827,0.02712350389675929,0.006978144679393891,0.005055186100252456,-0.005055186100252456
2014-09-18,0.0,0.0028744092046593802,-0.0013937499946049287,0.03381125217382328,0.006977553428400813,0.04226946481227854,-0.04226946481227854
2014-09-19,0.0,0.03317961734438603,0.001353862913687179,0.017010597193393484,0.0069765877447979085,0.0585206651962646,-0.0585206651962646
2014-09-20,0.0,0.007851788742729876,0.0028502775811346586,-0.011545970617715437,0.006975432288434314,0.0061315279945834125,-0.0061315279945834125
2014-09-21,0.0,-0.013726592445421662,0.005115178547694633,-0.03330875708320883,0.006974165982959135,-0.034946004997976725,0.034946004997976725
2014-09-22,0.0,-0.01678413539546748,0.006731968856435926,-0.0403253977434813,0.006973499137349223,-0.04340406514516364,0.04340406514516364
2014-09-23,0.0,-0.02107791456733615,0.008019000252367004,-0.03248504101967281,0.006973105833855078,-0.03857084950078688,0.03857084950078688
2014-09-24,0.0,0.011729137132654414,0.009672835982999818,-0.019384238474516577,0.006972690762943807,0.008990425404081464,-0.008990425404081464
2014-09-25,0.0,-0.02681323856958101,0.00997134320246288,-0.009889746066740816,0.006972555697270672,-0.019759085736588272,0.019759085736588272
2014-09-26,0.0,0.06476215589970434,0.01116312305088556,0.0038281445214586266,0.0069733336806984654,0.086726757152747,-0.086726757152747
2014-09-27,0.0,-0.022865266596043515,0.010828362190395503,0.005387724357901383,0.006973004914187921,0.00032382486644129144,-0.00032382486644129144
2014-09-28,0.0,-0.004140361672840549,0.010765005498832303,0.01374283923672108,0.006972543127029878,0.02734002618974271,-0.02734002618974271
2014-09-29,0.0,-0.01282480453146183,0.010141216340539754,0.02180550853911535,0.0069714909060760895,0.026093411254269363,-0.026093411254269363
2014-09-30,0.0,0.006087077604099971,0.008717288968111022,0.02303161320475199,0.0069704663551784715,0.04480644613214146,-0.04480644613214146
2014-10-01,0.0,0.03871963906142693,0.007890709042441678,0.01860613877505839,0.006969955402398127,0.07218644228132513,-0.07218644228132513
2014-10-02,0.0,-0.03595814580249256,0.00562916032000889,0.0005908842938804229,0.006969168423978481,-0.02276893276462477,0.02276893276462477
2014-10-03,0.0,0.011783388656848541,0.004314719279192775,-0.011331633152611778,0.006968850711767067,0.011735325495196604,-0.011735325495196604
2014-10-04,0.0,0.01454757633123072,0.0020309812860879527,-0.007492110132461817,0.006968529251364323,0.01605497673622118,-0.01605497673622118
2014-10-05,0.0,-0.008331513105377792,5.937697071863692e-05,-0.0008887382990826135,0.006968568931270251,-0.002192305502471517,0.002192305502471517
2014-10-06,0.0,-0.03029631692016457,-0.0017045619528541652,0.009926037290270895,0.0069686164393222465,-0.015106225143425595,0.015106225143425595
2014-10-07,0.0,0.0070035618572276475,-0.00415324103162114,0.023568797835806454,0.006968664578099904,0.033387783239512865,-0.033387783239512865
2014-10-08,0.0,0.01695704522932943,-0.005393066226980355,0.01939050767610336,0.006968586899250871,0.03792307357770331,-0.03792307357770331
2014-10-09,0.0,0.014058760977573147,-0.007581900845510933,0.011332625400689984,0.006968227207925423,0.02477771274067762,-0.02477771274067762
2014-10-10,0.0,-0.009430562269138302,-0.008621580978961312,-7.31453161935704e-05,0.006967448761057329,-0.011157839803235856,0.011157839803235856
2014-10-11,0.0,0.004937044896911237,-0.009776572822756457,-0.00831176518063191,0.0069670526049848795,-0.006184240501492251,0.006184240501492251
2014-10-12,0.0,0.010407506002756792,-0.010637062379448302,-0.011466884957947126,0.0069662876698942415,-0.004730153664744395,0.004730153664744395
2014-10-13,0.0,-0.04070517729380527,-0.010455836712379703,-0.00920173978012709,0.0069655049285061495,-0.05339724885780591,0.05339724885780591
2014-10-14,0.0,-0.004989327794143442,-0.010923979973220796,-0.006148474098289097,0.00696533401722866,-0.015096447848424673,0.015096447848424673
2014-10-15,0.0,0.04387698171354436,-0.009857466877520548,-0.003930901267080791,0.00696532228561073,0.03705393585455374,-0.03705393585455374
2014-10-16,0.0,-0.01086583625415156,-0.009514567899273933,-0.012300814760260188,0.006965228815136513,-0.025715990098549166,0.025715990098549166
2014-10-17,0.0,-0.03451653184435512,-0.008174544883604445,-0.016156536403467918,0.006965580415519069,-0.05188203271590841,0.05188203271590841
2014-10-18,0.0,0.020231559709446303,-0.00664595114390341,-0.017637156277085675,0.006966128969704529,0.0029145812581617466,-0.0029145812581617466
2014-10-19,0.0,-0.0023342151815107263,-0.005333314006025438,-0.011699809687190324,0.006966330118334135,-0.012401008756392357,0.012401008756392357
2014-10-20,0.0,-0.015131348325240919,-0.002873997264094131,-0.003897977228492689,0.0069668181813549775,-0.014936504636472761,0.014936504636472761
2014-10-21,0.0,0.013088163611053067,-0.0014249275829923054,0.008267436793851812,0.00696711419172143,0.026897787013634007,-0.026897787013634007
2014-10-22,0.0,0.027072536833503295,0.0011215175579178248,0.015328068666179188,0.006966776999082833,0.05048890005668314,-0.05048890005668314
2014-10-23,0.0,-0.00732887906612985,0.0028034369776360262,0.010553145238286512,0.006966226042275285,0.012993929192067974,-0.012993929192067974
2014-10-24,0.0,-0.02658367001988953,0.004653078498079038,-0.005412232768329674,0.006965673841681189,-0.02037715044845898,0.02037715044845898
2014-10-25,0.0,-0.004028973886923686,0.0066308277842699465,-0.015337303003805498,0.006965147898535681,-0.005770301207923555,0.005770301207923555
2014-10-26,0.0,0.005460171973003268,0.00755845597935365,-0.018079763926089742,0.006964722321389297,0.0019035863476564718,-0.0019035863476564718
2014-10-27,0.0,0.009215068769893343,0.009359465117431858,-0.016053598768083356,0.006964669510036142,0.009485604629277989,-0.009485604629277989
2014-10-28,0.0,-0.03178903020658357,0.009649961419793816,0.004610223801531696,0.00696446092821978,-0.01056438405703828,0.01056438405703828
2014-10-29,0.0,0.028699928783765528,0.010570223323488535,0.025964252618153157,0.0069647782645417345,0.07219918298994896,-0.07219918298994896
2014-10-30,0.0,0.0562371521548925,0.010633380490780244,0.03334051377723389,0.006965262490309045,0.10717630891321568,-0.10717630891321568
2014-10-31,0.0,-0.05669461970124798,0.01017553367871067,0.02576341612368327,0.006965074206241962,-0.013790595692612075,0.013790595692612075
2014-11-01,0.0,-0.0140936895039729,0.010004448435462183,0.013631680365297176,0.0069653568683144314,0.01650779616510089,-0.01650779616510089
2014-11-02,0.0,-0.0005159802388210173,0.008411394452431718,0.007435130396354431,0.006965702093790311,0.02229624670375544,-0.02229624670375544
2014-11-03,0.0,0.0584321228532489,0.007691279995559102,0.0069784174584297635,0.006965696807419754,0.08006751711465751,-0.08006751711465751
2014-11-04,0.0,-0.0117693720502756,0.005586605436582863,-0.0030321328732974932,0.006964845341430204,-0.0022500541455600254,0.0022500541455600254
2014-11-05,0.0,-0.00792792931360504,0.004019163261163937,-0.01266721524179683,0.006964877041883641,-0.009611104252354292,0.009611104252354292
2014-11-06,0.0,-0.021849302714437094,0.0022247465494117102,-0.02213486019094139,0.00696492427840503,-0.034794492077561745,0.034794492077561745
2014-11-07,0.0,0.0017796041347425638,-6.847528052130375e-05,-0.026940537419714986,0.006964885386169165,-0.01826452317932456,0.01826452317932456
2014-11-08,0.0,-0.021932063474866603,-0.0014760975231412,-0.023650235061610902,0.006965019576160437,-0.040093376483458266,0.040093376483458266
2014-11-09,0.0,0.01771995549800628,-0.0039638923330211915,-0.006734433101664709,0.006965580337473173,0.013987210400793555,-0.013987210400793555
2014-11-10,0.0,0.016068575598274744,-0.005258897694825357,0.01365201010575198,0.006966234053691073,0.03142792206289244,-0.03142792206289244
2014-11-11,0.0,0.012220650854015531,-0.007157116049874789,0.027778959444062674,0.006966756582390421,0.039809250830593834,-0.039809250830593834
2014-11-12,0.0,-0.015089082122460478,-0.008533866273006539,0.02131362520414397,0.006966534633494686,0.004657211442171637,-0.004657211442171637
2014-11-13,0.0,-0.015728735806238372,-0.009287351254407878,0.00923057848977212,0.006966166057831497,-0.008819342513042634,0.008819342513042634
2014-11-14,0.0,0.0028367117352632006,-0.010427518274110918,-0.005720789152412373,0.006965846098809879,-0.006345749592450211,0.006345749592450211
2014-11-15,0.0,0.014462386535026116,-0.010088336558821633,-0.009375277576073255,0.006965755600590517,0.0019645280007217457,-0.0019645280007217457
2014-11-16,0.0,0.01436427423291639,-0.010558612561423222,-0.004531019162920171,0.006965534420558345,0.006240176929131342,-0.006240176929131342
2014-11-17,0.0,-0.03171510395247827,-0.0097668501967418,0.0022299061550600805,0.006965574232103913,-0.032286473762056074,0.032286473762056074
2014-11-18,0.0,0.01162609692892247,-0.009044304267833043,0.014867752321567678,0.006966425241699611,0.024415970224356716,-0.024415970224356716
2014-11-19,0.0,-0.014397528745568482,-0.00816419840321277,0.012926016375878343,0.006966481797330625,-0.0026692289755722836,0.0026692289755722836
2014-11-20,0.0,0.01162336840673136,-0.006327952606611674,-0.0014805887275314924,0.006966492567300134,0.010781319639888329,-0.010781319639888329
2014-11-21,0.0,-0.01814882658982179,-0.005293863421353679,-0.01881646006737944,0.006966374635102008,-0.0352927754434529,0.0352927754434529
2014-11-22,0.0,0.028423524503208758,-0.0028485850984720923,-0.029375133683876235,0.006966927315977513,0.003166733036837944,-0.003166733036837944
2014-11-23,0.0,0.01940032913796971,-0.0013396445507965484,-0.02549627090196088,0.006967478074095509,-0.0004681082406922084,0.0004681082406922084
2014-11-24,0.0,-0.03448940801254996,0.000854970541480263,-0.015594361773929803,0.006968120107971295,-0.04226067913702821,0.04226067913702821
2014-11-25,0.0,-0.027652082895289486,0.002923377225928405,-0.0018737649584176742,0.006968673595118749,-0.019633797032660008,0.019633797032660008
2014-11-26,0.0,0.026224189666299816,0.004398890154587655,0.012657570193677012,0.0069694723308867616,0.05025012234545124,-0.05025012234545124
2014-11-27,0.0,-0.020222214516557008,0.006635885300736971,0.004665206164734018,0.0069701875801012805,-0.0019509354709847382,0.0019509354709847382
2014-11-28,0.0,0.02549643294507838,0.007426888126412555,-0.009808043121266959,0.006970795954534291,0.03008607390475827,-0.03008607390475827
2014-11-29,0.0,0.01334991871760692,0.00905531233559953,-0.023974770024680344,0.006971955329915317,0.005402416358441423,-0.005402416358441423
2014-11-30,0.0,-0.013940063628053842,0.009621483222428387,-0.02722109993252893,0.006973449995228036,-0.024566230342926352,0.024566230342926352
2014-12-01,0.0,0.0008920981586306416,0.010132167966033119,-0.006456134325232028,0.006974785752106721,0.011542917551538454,-0.011542917551538454
2014-12-02,0.0,-0.030681134075080167,0.010593138055874071,0.02634083082137928,0.006975876331379814,0.013228711133553,-0.013228711133553
2014-12-03,0.0,-0.06790318570445605,0.009833392917774252,0.055164905678558744,0.006976717336631948,0.004071830228508894,-0.004071830228508894
2014-12-04,1.0,0.21633442896448507,0.009879293674156596,0.07739521598009128,0.006978207190513178,0.3105871458092461,0.6894128541907538
2014-12-05,0.0,-0.07831288057540559,0.00822611210851402,0.04498903735289681,0.006960516100384835,-0.018137215013609913,0.018137215013609913
2014-12-06,0.0,-0.03619570989561714,0.007242767972632839,0.006771366459165133,0.006942696363425476,-0.015238879100393694,0.015238879100393694
2014-12-07,0.0,-0.004309636625002288,0.0055030527248498065,-0.02206444440880536,0.006925393447966499,-0.013945634860991343,0.013945634860991343
2014-12-08,0.0,-0.01578156371483841,0.003559047147726746,-0.0331137496884866,0.006908034554548192,-0.03842823170105007,0.03842823170105007
2014-12-09,0.0,0.022280151215140168,0.0021530510761424582,-0.020221793062048198,0.006890760508833956,0.011102169738068383,-0.011102169738068383
2014-12-10,0.0,0.02313575680755759,-0.0003242477585464844,-0.0035278804845900492,0.006873562691844589,0.026157191256265644,-0.026157191256265644
2014-12-11,0.0,-0.02894877947190784,-0.0016400369182282956,0.005343059052393024,0.006856405540295381,-0.01838935179744773,0.01838935179744773
2014-12-12,0.0,0.027266780360053037,-0.003927972337688973,0.007799652446833513,0.006839707961026464,0.037978168430224044,-0.037978168430224044
2014-12-13,0.0,-0.019258050028623852,-0.005409757582995923,-0.002633869990833014,0.006822794477183374,-0.020478883125269416,0.020478883125269416
2014-12-14,0.0,-0.028439381357816877,-0.006849614758734542,-0.016552275801193332,0.006806053331288706,-0.045035218586456045,0.045035218586456045
2014-12-15,0.0,0.01867165064807444,-0.00844107831742573,-0.02304413013318027,0.006789320854996244,-0.006024236947535315,0.006024236947535315
2014-12-16,0.0,0.013538053727395763,-0.00881049800768672,-0.023959465131776114,0.006772960382234758,-0.01245894902983231,0.01245894902983231
2014-12-17,0.0,-0.0012862130438295073,-0.009919819112515315,-0.009928565815869426,0.006756685785108105,-0.014377912187106143,0.014377912187106143
2014-12-18,0.0,-0.008987915417220197,-0.00961750714314178,0.0010000360294214192,0.006740548913938651,-0.010864837617001905,0.010864837617001905
2014-12-19,0.0,-0.0005154898297581431,-0.009698797418585777,0.008718627730598791,0.006724770593657558,0.005229111075912428,-0.005229111075912428
2014-12-20,0.0,0.002474463705953397,-0.009179454199885355,0.006454799819047639,0.006708972104611487,0.006458781429727168,-0.006458781429727168
2014-12-21,0.0,-0.038234924860331344,-0.008052134174992774,7.744288671500651e-05,0.006692794888002863,-0.03951682126060625,0.03951682126060625
2014-12-22,0.0,0.026936171683104936,-0.00742197429291571,-0.005283520010408682,0.006676910278992747,0.02090758765877329,-0.02090758765877329
2014-12-23,0.0,0.026166430585282046,-0.00548828890806112,-0.012674084055897114,0.0066610960778065754,0.014665153699130387,-0.014665153699130387
2014-12-24,0.0,-0.01040267943023091,-0.004460049521100443,-0.014608781373676499,0.006645191786806996,-0.022826318538200857,0.022826318538200857
2014-12-25,0.0,-0.004747444074700341,-0.002358641435799801,-0.00227372626154663,0.006629536939899626,-0.002750274832147146,0.002750274832147146
2014-12-26,0.0,-0.01804878636332019,-0.0006045900833640421,0.0076250163267126735,0.006613544027908394,-0.004414816092063167,0.004414816092063167
2014-12-27,0.0,-0.031159525576290627,0.001052677316551222,0.02096278584928636,0.006597658429706948,-0.0025464039807460963,0.0025464039807460963
2014-12-28,0.0,0.06584580264806453,0.0032881988672302433,0.02452717180930409,0.0065819401502352545,0.10024311347483411,-0.10024311347483411
2014-12-29,0.0,-0.0035516115803225024,0.00437241437032603,0.016616667113455347,0.0065655973197600425,0.02400306722321892,-0.02400306722321892
2014-12-30,0.0,-0.005151209152042075,0.006349675721417295,0.0037422996756101366,0.006549739763126565,0.011490506008111922,-0.011490506008111922
2014-12-31,0.0,-0.011882933047460933,0.007089166099364037,-0.010200592254463145,0.006533798536874087,-0.008460560665685953,0.008460560665685953
2015-01-01,0.0,-0.01819087935684551,0.0081795168466543,-0.013275803248972554,0.006517706874159038,-0.016769458885004727,0.016769458885004727
2015-01-02,0.0,0.0016008956887471834,0.00892333098089531,-0.00767917062024294,0.0065017079678589855,0.009346764017258539,-0.009346764017258539
2015-01-03,0.0,0.018875002254846066,0.008913764521760043,0.0009263665528699319,0.006485443632637128,0.03520057696211317,-0.03520057696211317
2015-01-04,0.0,0.02031132681613371,0.009449867970798952,0.007916914876937737,0.006469895988370535,0.04414800565224093,-0.04414800565224093
2015-01-05,0.0,0.004776534529296032,0.008526929612164742,0.012432344223411652,0.006454166998323397,0.03218997536319582,-0.03218997536319582
2015-01-06,0.0,-0.019701300432350292,0.008318502373458853,0.01239516001290631,0.0064385041072820195,0.00745086606129689,-0.00745086606129689
2015-01-07,0.0,-0.020112094513123072,0.007061383168325365,0.012765548489872455,0.006423607517663287,0.0061384446627380344,-0.0061384446627380344
2015-01-08,0.0,0.0056445998471157405,0.00577730268237573,0.00011641678630733288,0.00640837500675275,0.017946694322551554,-0.017946694322551554
2015-01-09,0.0,0.030073120686078165,0.004586549075794428,-0.010549557651120154,0.006393130592762745,0.030503242703515183,-0.030503242703515183
2015-01-10,0.0,-0.018678735567204813,0.002532270656182103,-0.017155383743668914,0.006377726675104368,-0.026924121979587254,0.026924121979587254
2015-01-11,0.0,0.005433330806581905,0.0014525870148968455,-0.015626401334882585,0.006362807307583099,-0.0023776762058207368,0.0023776762058207368
2015-01-12,0.0,-0.006957407514800562,-0.0007704923052240135,-0.0042931418754437005,0.006347337384286155,-0.005673704311182122,0.005673704311182122
2015-01-13,0.0,0.011163394019777383,-0.00206769227879514,0.006466112083024308,0.006332128763219256,0.02189394258722581,-0.02189394258722581
2015-01-14,0.0,-0.02762588271918619,-0.003737052135636363,0.010796404243713156,0.006316413192019298,-0.0142501174190901,0.0142501174190901
2015-01-15,0.0,0.01980521082000647,-0.005317447179385603,0.012895783329919341,0.006301135434026415,0.033684682404566624,-0.033684682404566624
2015-01-16,0.0,-0.006907104610102592,-0.006192210400065889,0.0006145074487465291,0.006285428529253911,-0.0061993790321680405,0.0061993790321680405
2015-01-17,0.0,0.025933749660581606,-0.007722366668926034,-0.0081601328914205,0.006270187884531143,0.016321437984766214,-0.016321437984766214
2015-01-18,0.0,-0.025235298557042728,-0.007948383640974457,-0.006860489327181975,0.006254930477934292,-0.03378924104726487,0.03378924104726487
2015-01-19,0.0,-0.009425893365942363,-0.008711948678027482,0.0036794935872525563,0.006239792258026855,-0.00821855619869043,0.00821855619869043
2015-01-20,0.0,0.015745022406922965,-0.008621382781155523,0.00799834882029496,0.006224322610821222,0.021346311056883623,-0.021346311056883623
2015-01-21,0.0,-0.007752596219116096,-0.00827431734820384,0.007010389742735879,0.006208290036313189,-0.00280823378827087,0.00280823378827087
2015-01-22,0.0,0.004985910436544412,-0.008025308708772116,-0.0014116475797514728,0.006192461817453692,0.001741415965474516,-0.001741415965474516
2015-01-23,0.0,0.004256244457646203,-0.006704479355741047,-0.012803232953688435,0.006177065504168603,-0.009074402347614675,0.009074402347614675
2015-01-24,0.0,0.0054020258429245144,-0.006184834779685995,-0.02457887670875246,0.006161521474416793,-0.019200164171097146,0.019200164171097146
2015-01-25,0.0,-0.025791890610568437,-0.004543270456704466,-0.029980667111722117,0.0061460947896348735,-0.05416973338936014,0.05416973338936014
2015-01-26,0.0,0.003703162220753422,-0.0033373427207933635,-0.02306781226676092,0.006130776625281992,-0.016571216141518866,0.016571216141518866
2015-01-27,0.0,-0.017099121353569616,-0.001798860762661053,-0.010838528086543286,0.006115324910027379,-0.023621185292746576,0.023621185292746576
2015-01-28,0.0,0.026042550490128474,0.00012309687868750752,0.0021607352066814276,0.0060999126604618144,0.03442629523595923,-0.03442629523595923
2015-01-29,0.0,-0.003117681204914839,0.0013064800449918818,0.0074674153030875046,0.006084246003284129,0.011740460146448677,-0.011740460146448677
2015-01-30,0.0,0.024902684020865814,0.0034039473614486584,0.016168603600236614,0.006068663837111761,0.05054389881966285,-0.05054389881966285
2015-01-31,0.0,-0.05429804134560864,0.004350498808791282,0.02178699306895079,0.006052569171983541,-0.02210798029588302,0.02210798029588302
2015-02-01,0.0,0.03253729242573058,0.005858321456851228,0.02289020035108688,0.00603651103336074,0.06732232526702943,-0.06732232526702943
2015-02-02,0.0,0.0063285011443413785,0.006755123357827375,0.017828573532141227,0.006020250012268709,0.03693244804657869,-0.03693244804657869
2015-02-03,0.0,-0.02040646973099349,0.007285226983182035,0.013020274895632726,0.0060038124889719305,0.0059028446367932,-0.0059028446367932
2015-02-04,0.0,0.03865271582293611,0.00817726435315671,0.007137320731888936,0.005987902905627338,0.059955203813609095,-0.059955203813609095
2015-02-05,0.0,-0.02118069537198448,0.007847749258360926,0.00690485312594222,0.005971352083280856,-0.00045674090440047874,0.00045674090440047874
2015-02-06,0.0,0.014959829561676342,0.008223299019636213,0.006419045438751639,0.00595505405578049,0.03555722807584469,-0.03555722807584469
2015-02-07,0.0,0.00524361535556253,0.007497556818425793,0.004577177005198903,0.0059479736793317806,0.023266322858519005,-0.023266322858519005
2015-02-08,0.0,-0.04106721714734623,0.006973159432573898,0.0050186928162349875,0.0059413528179652585,-0.023134012080572083,0.023134012080572083
2015-02-09,0.0,0.029792507764146072,0.006161285027027826,0.004088218936462549,0.005934910727727016,0.04597692245536346,-0.04597692245536346
2015-02-10,0.0,-0.015862501617481286,0.004630636235906059,-0.004010453216934468,0.005928015886116914,-0.00931430271239278,0.00931430271239278
2015-02-11,0.0,0.022468202664577292,0.0037493740408964006,-0.004716114701911438,0.005921226907354227,0.027422688910916482,-0.027422688910916482
2015-02-12,0.0,-0.01062240026661666,0.0017769382835495272,-0.009961275885105075,0.0059141472663882064,-0.012892590601784002,0.012892590601784002
2015-02-13,0.0,0.013964214077017121,0.0006690867344583851,-0.015953540993594747,0.005907335711691853,0.0045870955295726126,-0.0045870955295726126
2015-02-14,0.0,-0.024343897641039777,-0.001056500603431452,-0.022978281876491514,0.005900441588694488,-0.04247823853226826,0.04247823853226826
2015-02-15,0.0,-0.008643290644868766,-0.0025557765152256643,-0.023251771873776885,0.005893504955724804,-0.028557334078146514,0.028557334078146514
2015-02-16,0.0,0.010820712608251778,-0.003630013107950812,-0.011197136939392808,0.005886920956322198,0.0018804835172303563,-0.0018804835172303563
2015-02-17,0.0,0.008140984131728804,-0.005304328375415999,-0.0031298232896771303,0.0058805751238710435,0.005587407590506717,-0.005587407590506717
2015-02-18,0.0,-0.003884961256560854,-0.005917958361411225,0.0036883939721379312,0.00587422952462168,-0.00024029612121246723,0.00024029612121246723
2015-02-19,0.0,-0.008381999074682085,-0.007215924543571733,0.0045643131206697905,0.005867981463562581,-0.005165629034021446,0.005165629034021446
2015-02-20,0.0,0.0041485452985067905,-0.007530910278337469,0.005568626592714716,0.005861830262150344,0.008048091875034382,-0.008048091875034382
2015-02-21,0.0,-0.016331455712384386,-0.00784766888404071,0.002592274677601301,0.005855287501634368,-0.015731562417189426,0.015731562417189426
2015-02-22,0.0,0.023932852999458167,-0.008009738545270845,0.0032603808280009068,0.00584876034326518,0.025032255625453408,-0.025032255625453408
2015-02-23,0.0,-0.014941146178478764,-0.007304519588413986,0.005102322324343427,0.005842218080268123,-0.0113011253622812,0.0113011253622812
2015-02-24,0.0,0.02829997044667276,-0.007162046941849586,0.015273933661339504,0.005835848499586079,0.04224770566574875,-0.04224770566574875
2015-02-25,0.0,-0.01726227266208247,-0.005920155202522235,0.00964933814286023,0.005828978096492637,-0.0077041116252518395,0.0077041116252518395
2015-02-26,0.0,-0.007150055489609924,-0.0051891935442072695,6.801148026206334e-05,0.00582238122416183,-0.006448856329393301,0.006448856329393301
2015-02-27,0.0,-0.0030888331077345704,-0.003943543912401122,-0.010156690291106132,0.00581562896754625,-0.011373438343695575,0.011373438343695575
2015-02-28,0.0,0.0010563524969976082,-0.0024089495581824313,-0.0191088908055387,0.005809143202765104,-0.014652344663958419,0.014652344663958419
2015-03-01,0.0,-0.010964854352587346,-0.0012917410033740266,-0.01583944477293385,0.005802680960420958,-0.022293359168474264,0.022293359168474264
2015-03-02,0.0,0.030524971019489203,0.0006984904165233436,-0.008638830942314874,0.005796969541294306,0.02838160003499198,-0.02838160003499198
2015-03-03,0.0,-0.005798997256929326,0.0017392104768521035,0.0016301993701622656,0.005790935317286943,0.003361347907371986,-0.003361347907371986
2015-03-04,0.0,-0.024621054388184724,0.0035396617957234827,0.014247158065818437,0.0057852528528119325,-0.0010489816738308714,0.0010489816738308714
2015-03-05,0.0,0.0035423525851510877,0.004710817643629637,0.02091006406421901,0.005779993852471743,0.034943228145471475,-0.034943228145471475
2015-03-06,0.0,0.008867213752831832,0.005698171423865264,0.022087047014424026,0.005774226028515584,0.04242665821963671,-0.04242665821963671
2015-03-07,0.0,0.009460958982841805,0.006856077984939646,0.015350963679768922,0.00576825066823461,0.037436251315784985,-0.037436251315784985
2015-03-08,0.0,0.007150836983400271,0.006997179197479955,0.0054044397162366946,0.005762017223520781,0.025314473120637705,-0.025314473120637705
2015-03-09,0.0,0.014508630341836134,0.007818775670091776,-0.003178311107063974,0.005756390069584273,0.024905484974448208,-0.024905484974448208
2015-03-10,0.0,-0.015899102552751423,0.007488937941991961,-0.015533798267011154,0.005750473756250678,-0.018193489121519937,0.018193489121519937
2015-03-11,0.0,-0.008909721519408493,0.007499867581407825,-0.01947453595930529,0.005744505651059232,-0.015139884246246724,0.015139884246246724
2015-03-12,0.0,-0.018932552735656066,0.0070634884770716545,-0.011212108995147355,0.0057383614659915864,-0.017342811787740182,0.017342811787740182
2015-03-13,0.0,-0.01152449953685052,0.006137357998635444,0.003556714483715186,0.0057415335490414105,0.003911106494541521,-0.003911106494541521
2015-03-14,0.0,0.06692576819288899,0.005594071085460032,0.01960535742363545,0.005745447475541953,0.09787064417752643,-0.09787064417752643
2015-03-15,0.0,-0.01423814348246409,0.0039033201690360725,0.0204284729879525,0.005748255844214249,0.015841905518738732,-0.015841905518738732
2015-03-16,0.0,-0.030033713061119443,0.00296311633982664,0.008948329128651279,0.005750917064695135,-0.012371350527946388,0.012371350527946388
2015-03-17,0.0,-0.0023678495664327293,0.00126059922274439,0.0024419328880757366,0.005753547558550248,0.0070882301029376454,-0.0070882301029376454
2015-03-18,0.0,0.010772406955969508,-0.00016756135075813883,-0.009582156595547644,0.0057557875049091935,0.006778476514572918,-0.006778476514572918
2015-03-19,0.0,-0.004644985910732941,-0.001439430080616006,-0.014386905426606053,0.005757448646370561,-0.01471387277158444,0.01471387277158444
2015-03-20,0.0,0.042226913112087545,-0.003183022690203827,-0.009479354708062075,0.005759435901262222,0.03532397161508387,-0.03532397161508387
2015-03-21,0.0,-0.03814472878874831,-0.003986563659519094,-0.00594943656387297,0.0057618974264000014,-0.04231883158574038,0.04231883158574038
2015-03-22,0.0,-0.008712590622574635,-0.005577248441761511,0.0005598465297425881,0.00576455811154789,-0.007965434423045668,0.007965434423045668
2015-03-23,0.0,0.00642281554642658,-0.0062350444817861755,0.0010158924504015969,0.005767560477032011,0.006971223992074013,-0.006971223992074013
2015-03-24,0.0,-0.013600254438180834,-0.007107023010238834,-0.006152459693810158,0.00577079128099951,-0.021088945861230318,0.021088945861230318
2015-03-25,0.0,0.005869042521209169,-0.007656637921158992,-0.01155111241890486,0.005774161381518872,-0.00756454643733581,0.00756454643733581
2015-03-26,0.0,0.014209719039544287,-0.007502350503129121,-0.019208532388110856,0.0057775372927591035,-0.006723626558936587,0.006723626558936587
2015-03-27,0.0,0.009075514581487388,-0.007812436800112944,-0.0169025538492175,0.0057808622603088815,-0.009858613807534175,0.009858613807534175
2015-03-28,0.0,-0.01914602043983308,-0.006936232909352905,-0.008969032366421333,0.005784453755486065,-0.029266831960121253,0.029266831960121253
2015-03-29,0.0,-0.028699124939788868,-0.006578745806043495,0.007721483510550176,0.005788096235117213,-0.021768291000164974,0.021768291000164974
2015-03-30,0.0,0.05203971038827803,-0.005489978759545889,0.01835020094236255,0.005791294744571045,0.07069122731566574,-0.07069122731566574
2015-03-31,0.0,-0.03484278968068977,-0.004367020649733352,0.010727930298674858,0.005793441311788323,-0.022688438719959934,0.022688438719959934
2015-04-01,0.0,0.00541851639427342,-0.003402030593718678,-0.0030798419163893366,0.0057957613266426,0.004732405210808006,-0.004732405210808006
2015-04-02,0.0,0.02429818862071971,-0.0016158358626542943,-0.015196029218202739,0.0057987141900816734,0.013285037729944351,-0.013285037729944351
2015-04-03,0.0,-0.015406222540542051,-0.0006298488870573849,-0.02103246959370999,0.005801423881547122,-0.0312671171397623,0.0312671171397623
2015-04-04,0.0,0.0007570344280762647,0.0012297967054648224,-0.010947064587314023,0.005804164094506566,-0.0031560693592663693,0.0031560693592663693
2015-04-05,0.0,-0.018718725077383914,0.0024689482645251543,0.013688360529000335,0.005806937062793423,0.003245520778934998,-0.003245520778934998
2015-04-06,0.0,-0.07652087953915164,0.0038612220219168677,0.04282007722922383,0.005809681533091646,-0.024029898754919295,0.024029898754919295
2015-04-07,1.0,0.18711800470814668,0.005348098902295963,0.06928129305112314,0.005812512205284299,0.26755990886685005,0.7324400911331499
2015-04-08,0.0,-0.0626184081619389,0.005852891627556443,0.04546724025031038,0.0057961778321112874,-0.00550209845196078,0.00550209845196078
2015-04-09,0.0,-0.020180605373811424,0.007025688870062781,0.015030311327650696,0.005780174495354022,0.007655569319256075,-0.007655569319256075
2015-04-10,0.0,-0.0039846461685989825,0.007020011638278652,-0.014699607733820648,0.005764226921420463,-0.005900015342720515,0.005900015342720515
2015-04-11,0.0,-0.0030794941648853483,0.007560716797604587,-0.029987875488377023,0.0057486455259968695,-0.019758007329660918,0.019758007329660918
2015-04-12,0.0,0.0010855822313201883,0.007410375777771067,-0.03148573503275635,0.005732414492080722,-0.017257362531584372,0.017257362531584372
2015-04-13,0.0,0.007617843141614188,0.007015785557781186,-0.022386413096311807,0.005716769525343496,-0.0020360148715729363,0.0020360148715729363
2015-04-14,0.0,-0.009799646614578945,0.006874054831946908,-0.008276555477918167,0.005702475329680135,-0.005499671930870069,0.005499671930870069
2015-04-15,0.0,0.03314942351136138,0.005678759739644302,0.0020604205796073438,0.005688290302933203,0.04657689413354623,-0.04657689413354623
2015-04-16,0.0,-0.03776449960471617,0.005154846005982646,-0.004674733053575502,0.005673440876802163,-0.03161094577550687,0.03161094577550687
2015-04-17,0.0,-0.03581316669146935,0.003595190593489672,-0.011213812968374919,0.0056586723705565395,-0.037773116695798054,0.037773116695798054
2015-04-18,0.0,0.04701477276844655,0.0024776012410954776,-0.011992613421799386,0.005644105599746685,0.04314386618748933,-0.04314386618748933
2015-04-19,0.0,0.014884862602739947,0.0011759942087003871,-0.011598358215727297,0.005628964264024109,0.010091462859737145,-0.010091462859737145
2015-04-20,0.0,-0.022735235851829908,-0.0004898370446677536,-0.004412817507988382,0.005613780494852486,-0.022024109909633556,0.022024109909633556
2015-04-21,0.0,0.00988661578671259,-0.0014326949375931067,0.002365517918513158,0.005598553392649987,0.01641799216028263,-0.01641799216028263
2015-04-22,0.0,-0.01420878064318389,-0.0031850636196325884,0.010688720742034486,0.0055831969768311345,-0.001121926543950858,0.001121926543950858
2015-04-23,0.0,0.01851747705461661,-0.003940161375521181,0.012746788298022562,0.00556820447726401,0.032892308454382,-0.032892308454382
2015-04-24,0.0,-0.026432917431631647,-0.005247455534152827,0.0017630902572459872,0.005552923533878084,-0.0243643591746604,0.0243643591746604
2015-04-25,0.0,0.0014154645429905817,-0.0061028569682710565,-0.005803511550301561,0.005538106074363594,-0.00495279790121844,0.00495279790121844
2015-04-26,0.0,0.020010474963327418,-0.006550537614398314,-0.00808925885960566,0.005523812744514773,0.010894491233838219,-0.010894491233838219
2015-04-27,0.0,0.0020208676362082475,-0.007319479553173876,-0.006825520440751191,0.0055097222168962335,-0.0066144101408205855,0.0066144101408205855
2015-04-28,0.0,-0.018630731890366806,-0.007008456020523518,0.00390886472745188,0.005495511299343671,-0.01623481188409477,0.01623481188409477
2015-04-29,0.0,-0.004837480631999055,-0.007308655475447036,0.011868447686942066,0.005481276445649719,0.005203588025145693,-0.005203588025145693
2015-04-30,0.0,0.01600543392630325,-0.006593128327744486,0.016693933508729195,0.005467008277889957,0.031573247385177916,-0.031573247385177916
2015-05-01,0.0,0.001094282868216744,-0.006047905285106231,0.0124863124196851,0.0054521204511905515,0.012984810453986164,-0.012984810453986164
2015-05-02,0.0,0.013668766889956347,-0.005330048437783877,0.0009843177720348447,0.005437429179688213,0.014760465403895527,-0.014760465403895527
2015-05-03,0.0,-0.014661946792415679,-0.004048636490004422,-0.013146508133742966,0.0054232683735323155,-0.026433823042630752,0.026433823042630752
2015-05-04,0.0,-0.003793788710892962,-0.003358592373014776,-0.017668324082564062,0.0054095037611062435,-0.019411201405365557,0.019411201405365557
2015-05-05,0.0,-0.010863703663759008,-0.0016845754531566524,-0.014637377368472355,0.005395931061321697,-0.02178972542406632,0.02178972542406632
2015-05-06,0.0,-0.0006240015060963286,-0.0007098090063549686,-0.008241874246045989,0.005382366504199712,-0.004193318254297575,0.004193318254297575
2015-05-07,0.0,-0.011546070552536189,0.0007801259652714285,-0.0006751590416272375,0.0053686371630450565,-0.006072466465846942,0.006072466465846942
2015-05-08,0.0,0.03571765290086804,0.0022002568619146575,0.009662742571476736,0.005355519084131388,0.05293617141839082,-0.05293617141839082
2015-05-09,0.0,0.006817742979864441,0.0031880549769569954,0.016835924857859046,0.005342382980724483,0.03218410579540496,-0.03218410579540496
2015-05-10,0.0,-0.007479640534879557,0.004706512796311055,0.021090740867963215,0.005328459212840533,0.023646072342235248,-0.023646072342235248
2015-05-11,0.0,-0.03048937801782806,0.005129734015380529,0.021501800822230438,0.005314038722626273,0.0014561955424091822,-0.0014561955424091822
2015-05-12,0.0,0.021760021397569426,0.006199703708520738,0.015420142497337141,0.0052999708850292315,0.048679838488456535,-0.048679838488456535
2015-05-13,0.0,0.01974743122388298,0.006449396645180945,0.0060590439110971665,0.005285985066181257,0.03754185684634235,-0.03754185684634235
2015-05-14,0.0,-0.007554148961602994,0.006713877062797202,-0.00573468935457253,0.0052717028418808945,-0.0013032584114974271,0.0013032584114974271
2015-05-15,0.0,-0.016997754545592665,0.006954982108082528,-0.01877648721227749,0.005257526351780928,-0.023561733298006697,0.023561733298006697
2015-05-16,0.0,0.011011184872679198,0.006366026065613925,-0.016530023077200483,0.005243549603731799,0.00609073746482444,-0.00609073746482444
2015-05-17,0.0,0.00017901010230148744,0.00641504413786532,-0.008833977665223466,0.0052296798621718965,0.002989756437115237,-0.002989756437115237
2015-05-18,0.0,-0.030726873296078008,0.005342055851062175,-0.0007863705149860605,0.0052157488712224346,-0.020955439088779462,0.020955439088779462
2015-05-19,0.0,0.03155616901790211,0.004784548874663588,0.006105968277293997,0.005202575428857525,0.04764926159871722,-0.04764926159871722
2015-05-20,0.0,-0.00942335275551764,0.0036263701106708096,0.0013633318288901128,0.005188284071978616,0.0007546332560218992,-0.0007546332560218992
2015-05-21,0.0,0.013357312288128852,0.00235657929785316,-0.002123360196895317,0.005174589394886144,0.01876512078397284,-0.01876512078397284
2015-05-22,0.0,-0.013418795899824034,0.0014135929494488394,-0.005183636304734333,0.0051608006880028865,-0.01202803856710664,0.01202803856710664
2015-05-23,0.0,-0.005107664630267032,-0.0002998939312946519,-0.004559512534070347,0.005146729349299404,-0.004820341746332627,0.004820341746332627
2015-05-24,0.0,0.026093225722196974,-0.0011316132833850794,-0.008006491031965653,0.005132976686061842,0.022088098092908084,-0.022088098092908084
2015-05-25,0.0,-0.02469183689190673,-0.002650109356889029,-0.005838208820034674,0.005119012286834051,-0.028061142781996385,0.028061142781996385
2015-05-26,0.0,-0.014240422599000765,-0.0035680038244478136,-0.006440124655189391,0.005105032343310976,-0.019143518735326992,0.019143518735326992
2015-05-27,0.0,0.027696116929119628,-0.004478343154166609,-0.00468051584647864,0.005091431631767887,0.023628689560242264,-0.023628689560242264
2015-05-28,0.0,0.0009193837882527562,-0.005570322045649716,-0.011295592012696046,0.005077974418248973,-0.010868555851844031,0.010868555851844031
2015-05-29,0.0,-0.025257643464416293,-0.005810288924823178,-0.01037129261674509,0.005064369265349879,-0.03637485574063468,0.03637485574063468
2015-05-30,0.0,-0.0026447399290725477,-0.00665742095976578,-0.00464682817866753,0.005050811283047665,-0.008898177784458193,0.008898177784458193
2015-05-31,0.0,0.02180199235129874,-0.006449371893896036,0.00176635580431529,0.005037286677546498,0.02215626293926449,-0.02215626293926449
2015-06-01,0.0,-0.01107431799990915,-0.006611423401970415,0.00631524634853041,0.005022633449287243,-0.006347861604061913,0.006347861604061913
2015-06-02,0.0,0.0005855839467263463,-0.006232127355384611,0.012419417742663648,0.005008127160239545,0.011781001494244929,-0.011781001494244929
2015-06-03,0.0,0.023077845778809346,-0.00547475686518085,0.0180475588141998,0.00499386301586611,0.0406445107436944,-0.0406445107436944
2015-06-04,0.0,-0.013115286752768534,-0.005101013201588715,0.016731074108260996,0.004978869057887001,0.0034936432117907493,-0.0034936432117907493
2015-06-05,0.0,-0.00600555863992692,-0.0038226610459779183,0.008648518298024302,0.004963694549798768,0.0037839931619182317,-0.0037839931619182317
2015-06-06,0.0,-0.015609528361771971,-0.003208387536571605,0.0040769519167328395,0.0049488455015602225,-0.009792118480050516,0.009792118480050516
2015-06-07,0.0,0.015076402670587729,-0.0018115283714827317,0.0053757782583458095,0.004933962444900751,0.02357461500235156,-0.02357461500235156
2015-06-08,0.0,0.02646101486740065,-0.0006967238753940678,0.0016225575673043582,0.004918350182258572,0.032305198741569514,-0.032305198741569514
2015-06-09,0.0,-0.04033329293342942,0.00039834830315100823,0.0009357317791354409,0.00490251500939032,-0.03409669784175265,0.03409669784175265
2015-06-10,0.0,0.021922485780558502,0.001936031336310901,0.004827241819507623,0.004887253300102409,0.03357301223647943,-0.03357301223647943
2015-06-11,0.0,0.019943460380661228,0.002703704302762941,0.007267434036118326,0.004871909865811083,0.03478650858535358,-0.03478650858535358
2015-06-12,0.0,-0.03372378660537761,0.0041502699658828275,0.0025894093710800794,0.004856769604936663,-0.022127337663478037,0.022127337663478037
2015-06-13,0.0,0.011951168367159887,0.0047037373537773645,-0.0011664147888158054,0.004842019068293826,0.02033051000041527,-0.02033051000041527
2015-06-14,0.0,-0.004849263469091492,0.005527613093399251,-0.004033591420631843,0.004826550999511137,0.0014713092031870528,-0.0014713092031870528
2015-06-15,0.0,0.01991015727527897,0.006113335786901099,-0.0019199286926545559,0.004811251819575058,0.02891481618910057,-0.02891481618910057
2015-06-16,0.0,-0.020449456983593333,0.006119780225244878,-0.009601494651752687,0.004795659119642571,-0.01913551229045857,0.01913551229045857
2015-06-17,0.0,0.011683519127290562,0.00657791471042651,-0.01532872116242982,0.004780104253927223,0.0077128169292144735,-0.0077128169292144735
2015-06-18,0.0,-0.017140248875693247,0.006006052140512639,-0.020539355027608123,0.004764796720496578,-0.026908755042292152,0.026908755042292152
2015-06-19,0.0,0.014698848406588878,0.006054920961912478,-0.017886477307941517,0.004749868663777715,0.007617160724337554,-0.007617160724337554
2015-06-20,0.0,-0.018576940132211874,0.005274363267812242,-0.010161044099902363,0.004734295961200918,-0.01872932500310108,0.01872932500310108
2015-06-21,0.0,-0.00816315447154606,0.0045236438617974155,0.00021221396608767096,0.004719253844760771,0.001291957201099798,-0.001291957201099798
2015-06-22,0.0,0.03851085761004956,0.003760962145112876,0.013156771380501172,0.0047039450480586,0.060132536183722204,-0.060132536183722204
2015-06-23,0.0,-0.010626330034648229,0.002333226742975386,0.018578040660979005,0.0046879901610135865,0.01497292753031975,-0.01497292753031975
2015-06-24,0.0,-0.014229463837196529,0.0015678059219629628,0.012263613076671816,0.004671863801927485,0.004273818963365736,-0.004273818963365736
2015-06-25,0.0,0.00579920425248528,-4.3034223918780634e-05,0.0024931509770119986,0.004655450136768719,0.012904771142347216,-0.012904771142347216
2015-06-26,0.0,0.007146968527410255,-0.0009615662744056289,-0.004442483760222293,0.004638782153310951,0.0063817006460932845,-0.0063817006460932845
2015-06-27,0.0,-0.016600926495235625,-0.0021554277244759763,-0.0038397952321610742,0.0046222873854131616,-0.017973862066459515,0.017973862066459515
2015-06-28,0.0,0.027922510977916072,-0.0033138989216516214,0.0021482808090369883,0.004605919089832381,0.031362811955133824,-0.031362811955133824
2015-06-29,0.0,-0.015829387794090228,-0.0039960335023708346,0.0033780190070266097,0.004589242577837853,-0.011858159711596601,0.011858159711596601
2015-06-30,0.0,-0.006748771035470127,-0.005208121665735802,0.002292795727161431,0.004572521181313891,-0.005091575792730607,0.005091575792730607
2015-07-01,0.0,-0.00496280828330877,-0.005448632536371982,-0.0003536645823384284,0.004556368831848172,-0.006208736570171007,0.006208736570171007
2015-07-02,0.0,0.006897960114207732,-0.006177244476399285,-0.008360157822793262,0.004540355304357947,-0.0030990868806268683,0.0030990868806268683
2015-07-03,0.0,0.005389164096240128,-0.006235546799807117,-0.014759201180997116,0.00452422473249559,-0.011081359152068516,0.011081359152068516
2015-07-04,0.0,0.005326495636299256,-0.006117077242211508,-0.016485624934445997,0.00450861457204418,-0.01276759196831407,0.01276759196831407
2015-07-05,0.0,-0.00526940563387218,-0.006067023665106125,-0.007907005772318038,0.004493027365853846,-0.014750407705442498,0.014750407705442498
2015-07-06,0.0,-0.01568781957473553,-0.005194015837556509,0.0050670200303317425,0.004477471211764711,-0.011337344170195586,0.011337344170195586
2015-07-07,0.0,-0.00882072453491647,-0.004939873028362065,0.014797564660855727,0.004462293372076388,0.005499260469653579,-0.005499260469653579
2015-07-08,0.0,0.03784555094445743,-0.00378037684896216,0.020519543690325038,0.004447341910434069,0.05903205969625437,-0.05903205969625437
2015-07-09,0.0,-0.022809226041966897,-0.003037378816164224,0.014042979461406249,0.00443184074876651,-0.007371784647958362,0.007371784647958362
2015-07-10,0.0,0.012850576588088086,-0.0019730917247789853,0.005614837341593827,0.004416647966600548,0.020908970171503477,-0.020908970171503477
2015-07-11,0.0,-0.006195134404875309,-0.0006843856784879298,-0.00446377701279994,0.0044014756571996464,-0.006941821438963534,0.006941821438963534
2015-07-12,0.0,0.0019201791642056328,0.00012299599784648901,-0.00644914501082474,0.0043862176537273105,-1.9752195045308514e-05,1.9752195045308514e-05
2015-07-13,0.0,0.005599173716607259,0.001661713612287233,-0.0025095853724541174,0.004370975808529829,0.009122277764970203,-0.009122277764970203
2015-07-14,0.0,-0.011042193257449531,0.00239851203645705,0.007683307305300563,0.004355737387145861,0.003395363471453942,-0.003395363471453942
2015-07-15,0.0,-0.019690001522335736,0.0036063252524574175,0.014364620962839693,0.004340137445795198,0.0026210821387565716,-0.0026210821387565716
2015-07-16,0.0,0.05643864822061125,0.004394993583358426,0.01769761354767303,0.0043254511257906515,0.08285670647743336,-0.08285670647743336
2015-07-17,0.0,-0.016518866980033214,0.004906847631146722,0.007662062158593562,0.00431034712304588,0.00036038993275294955,-0.00036038993275294955
2015-07-18,0.0,-0.020295140857570983,0.005689898734524679,-0.004646326447238541,0.004295651930929705,-0.014955916639355138,0.014955916639355138
2015-07-19,0.0,-0.010799980277799154,0.005557811493335213,-0.013624088855500888,0.004280774706771659,-0.014585482933193169,0.014585482933193169
2015-07-20,0.0,0.029306662510000178,0.00602615836149591,-0.016356160853159354,0.0042661771918959725,0.0232428372102327,-0.0232428372102327
2015-07-21,0.0,-0.023398820100695543,0.0056167865206146975,-0.012915390110877067,0.004250888241706941,-0.026446535449250973,0.026446535449250973
2015-07-22,0.0,0.01116680503654939,0.005468624214682851,-0.005466484738251788,0.004236199831416661,0.015405144344397118,-0.015405144344397118
2015-07-23,0.0,0.004360495294415008,0.005037650508029632,-0.002215731336910692,0.004221343659397051,0.011403758124930996,-0.011403758124930996
2015-07-24,0.0,0.003271191144557927,0.004063766255755054,-0.004155903636280987,0.004205945667583528,0.007384999431615523,-0.007384999431615523
2015-07-25,0.0,-0.012316658838204418,0.0035746731656537915,-0.008386051894335578,0.004190806001356602,-0.012937231565529601,0.012937231565529601
2015-07-26,0.0,-0.02750675968284443,0.0021821984406003962,-0.009309389001828958,0.004176503322269265,-0.03045744692180373,0.03045744692180373
2015-07-27,0.0,0.04273256778696913,0.0014808474911427707,-0.007452923540047292,0.004162743922929305,0.040923235660993915,-0.040923235660993915
2015-07-28,0.0,-0.006557786757557821,0.00018543852412868274,-0.0089731831999847,0.004147804795285472,-0.011197726638128368,0.011197726638128368
2015-07-29,0.0,-0.01135666119171319,-0.0008599390919630744,-0.0024433365322769317,0.004133301694018789,-0.010526635121934406,0.010526635121934406
2015-07-30,0.0,-0.004434205263010508,-0.0016822592709665428,0.005263963196050807,0.0041188596675883265,0.003266358329662082,-0.003266358329662082
2015-07-31,0.0,0.007791932868708726,-0.0029582733990959568,0.011882577195661694,0.004104668406336436,0.0208209050716109,-0.0208209050716109
2015-08-01,0.0,0.004866970393587196,-0.003443567702737572,0.010266700870973465,0.004090304627034091,0.01578040818885718,-0.01578040818885718
2015-08-02,0.0,-0.01119384630121618,-0.0045505362934932115,0.007824500262496469,0.004075569272962371,-0.0038443130592505544,0.0038443130592505544
2015-08-03,0.0,-4.2475553349352385e-05,-0.0048815879087013864,0.003402954540286581,0.004060834574622163,0.002539725652858005,-0.002539725652858005
2015-08-04,0.0,0.029771842298173347,-0.005334820658694091,0.0005511826414328768,0.00404611672433534,0.029034321005247474,-0.029034321005247474
2015-08-05,0.0,-0.02150318548732322,-0.005679853390571624,-0.005733346519416394,0.004031106687047885,-0.028885278710263355,0.028885278710263355
2015-08-06,0.0,-0.011350236574802672,-0.005370324697153936,-0.003128325100705114,0.004016139643400272,-0.01583274672926145,0.01583274672926145
2015-08-07,0.0,0.00019032444892868737,-0.0055139697678685,0.006533418488431162,0.004001524538951275,0.005211297708442624,-0.005211297708442624
2015-08-08,0.0,0.010626210365761456,-0.004702544191055158,0.014726246031064589,0.003987239737889773,0.02463715194366066,-0.02463715194366066
2015-08-09,0.0,0.01151377626485097,-0.0044261748337761425,0.0181079761525447,0.003972405367934384,0.029167982951553914,-0.029167982951553914
2015-08-10,0.0,-0.010114505361095967,-0.0035889186703129657,0.01540409845114173,0.003956931426528665,0.0056576058462614615,-0.0056576058462614615
2015-08-11,0.0,0.0065642464127797125,-0.002689049125889215,0.008968435056426527,0.0039418941976727346,0.01678552654098976,-0.01678552654098976
2015-08-12,0.0,-0.0066078532236487275,-0.0020344957773409753,-0.0017293654095678185,0.003926525559446665,-0.0064451888511108555,0.0064451888511108555
2015-08-13,0.0,-0.00014894018802717203,-0.0007074629923348434,-0.010369151691055675,0.003911173325940681,-0.007314381545477009,0.007314381545477009
2015-08-14,0.0,-0.0011307716164879048,-0.00010080042863874419,-0.015423319252112684,0.0038956821442513515,-0.01275920915298798,0.01275920915298798
2015-08-15,0.0,0.004511904004999872,0.001268580111092978,-0.013678307621812305,0.003880174157755023,-0.004017649347964433,0.004017649347964433
2015-08-16,0.0,0.007746475289307624,0.0020829834050874046,-0.008484166749450826,0.0038651588544730284,0.005210450799417231,-0.005210450799417231
2015-08-17,0.0,-0.01953799506053735,0.0029681616623661224,-0.005213215612866167,0.003850210412748105,-0.017932838598289286,0.017932838598289286
2015-08-18,0.0,0.010760424580327128,0.003926126084480648,-0.001479877732331083,0.0038349536826380007,0.017041626615114693,-0.017041626615114693
2015-08-19,0.0,-0.019030509407349346,0.004218746567050311,0.00024478368986646326,0.0038201803362996824,-0.01074679881413289,0.01074679881413289
2015-08-20,0.0,0.012601071052552468,0.005066843565107032,-0.001307088159979674,0.0038055380807801636,0.02016636453845999,-0.02016636453845999
2015-08-21,0.0,0.01799531027903762,0.004978773399786999,-0.0040019200746938596,0.003790287562674975,0.022762451166805735,-0.022762451166805735
2015-08-22,0.0,-0.026910868734840908,0.005319911093327938,-0.004566410829528447,0.0037744856721209823,-0.022382882798920433,0.022382882798920433
2015-08-23,0.0,0.009786248050922096,0.005221018487139686,0.0024925764378166686,0.003758783711490364,0.021258626687368814,-0.021258626687368814
2015-08-24,0.0,0.007675864353452379,0.004833238997803533,0.007482801900418561,0.0037425334155190937,0.023734438667193564,-0.023734438667193564
2015-08-25,0.0,0.00033601282266812894,0.004681663217930955,0.009223186998396908,0.0037256860330156373,0.01796654907201163,-0.01796654907201163
2015-08-26,0.0,-0.010297119748474021,0.0036535730957473513,0.003805605143044124,0.0037085364153456968,0.000870594905663151,-0.000870594905663151
2015-08-27,0.0,0.007755825028875629,0.003324327577827183,-0.0014038337034311334,0.0037011990944381856,0.013377517997709865,-0.013377517997709865
2015-08-28,0.0,-0.011019029892446174,0.00215391702907228,-0.008612485347530816,0.0036931008526362385,-0.013784497358268472,0.013784497358268472
2015-08-29,0.0,0.02268497201704645,0.0013782021692765646,-0.011505466884728895,0.0036853493254906202,0.016243056627084737,-0.016243056627084737
2015-08-30,0.0,-0.02382223261919974,0.00045099086390987204,-0.009715206147921075,0.0036775539149300337,-0.029408893988280907,0.029408893988280907
2015-08-31,0.0,-0.005719480086682688,-0.0007281477358006325,0.0020050321465634856,0.0036700476314526116,-0.0007725480444672229,0.0007725480444672229
2015-09-01,0.0,0.014632057794147738,-0.0012887925676715374,0.009720009843137133,0.0036626119049287275,0.026725886974542062,-0.026725886974542062
2015-09-02,0.0,0.008514730960752332,-0.0025626670624393933,0.01149938818714956,0.0036550712812713055,0.0211065233667338,-0.0211065233667338
2015-09-03,0.0,-0.0030721660308479794,-0.0030176393357552525,0.005140145161287031,0.0036468023001200345,0.002697142094803833,-0.002697142094803833
2015-09-04,0.0,-0.008079997933867836,-0.00391450367193886,-0.002866361003910265,0.00363892417252549,-0.01122193843719147,0.01122193843719147
2015-09-05,0.0,0.012824976472604867,-0.0044446151045991165,-0.009452862633864844,0.003631109751122364,0.0025586084852632705,-0.0025586084852632705
2015-09-06,0.0,-0.020452146522896633,-0.004697776550275262,-0.012888966889772707,0.003623191128141807,-0.0344156988348028,0.0344156988348028
2015-09-07,0.0,0.0037651401216420364,-0.00524812636173864,-0.008849134548973514,0.0036156440972759346,-0.006716476691794182,0.006716476691794182
2015-09-08,0.0,0.006336906333768517,-0.004880120891982692,3.223692490153247e-05,0.0036081746239455662,0.005097196990632924,-0.005097196990632924
2015-09-09,0.0,-0.0062567685590689814,-0.005071898305597587,0.008558759902639098,0.00360021653734478,0.0008303095753173094,-0.0008303095753173094
2015-09-10,0.0,0.01397816061357559,-0.0044635082157346165,0.01444258710124075,0.0035922554150070837,0.02754949491408881,-0.02754949491408881
2015-09-11,0.0,-0.0045487258213050275,-0.004060299426098122,0.015155141048345368,0.003584146935701005,0.010130262736643223,-0.010130262736643223
2015-09-12,0.0,-0.017526258667257405,-0.003547830488458682,0.01281449515610532,0.003575961254320521,-0.004683632745290245,0.004683632745290245
2015-09-13,0.0,0.02639795985052627,-0.0025486295999591264,0.012839703307407387,0.0035675700176947154,0.04025660357566924,-0.04025660357566924
2015-09-14,0.0,-0.012862825832371834,-0.0021260528320144675,0.0074204756799414896,0.0035591676747995468,-0.004009235309645266,0.004009235309645266
2015-09-15,0.0,0.01607661310562174,-0.0008580667421364066,0.004384468207567526,0.0035506682844484018,0.023153682855501262,-0.023153682855501262
2015-09-16,0.0,-0.0101934004424034,-0.00023749128226692817,-0.001737817549647927,0.0035418546612367686,-0.008626854613081486,0.008626854613081486
2015-09-17,0.0,-0.006618351416831015,0.0008872635822109543,-0.004889829802985057,0.003533339306951738,-0.00708757833065338,0.00708757833065338
2015-09-18,0.0,0.009080670505419552,0.0018307200167249492,-0.009400766541050168,0.003524801154569034,0.005035425135663367,-0.005035425135663367
2015-09-19,0.0,-0.005032634287422348,0.0024569795028327847,-0.012596150038851181,0.0035162971164422493,-0.011655507706998495,0.011655507706998495
2015-09-20,0.0,-0.006758240293424043,0.003543695935945667,-0.01457997842521625,0.003508766647218027,-0.014285756135476597,0.014285756135476597
2015-09-21,0.0,-0.004702416840783839,0.003781740745285744,-0.008855740072948676,0.003501274601407054,-0.006275141567039716,0.006275141567039716
2015-09-22,0.0,0.009448260476137683,0.004606929699431111,-0.0031905801033550174,0.0034936803056374566,0.014358290377851234,-0.014358290377851234
2015-09-23,0.0,-0.002900435545560012,0.004692981727959087,0.0008989242137170133,0.003485639034583786,0.006177109430699874,-0.006177109430699874
2015-09-24,0.0,0.003922179866624273,0.004889354106931783,0.0015122031861679475,0.0034778139602200508,0.013801551119944053,-0.013801551119944053
2015-09-25,0.0,0.003860225010239647,0.005028607062624963,-0.0012348501282332454,0.0034699545719121243,0.01112393651654349,-0.01112393651654349
2015-09-26,0.0,-0.0044869349992029475,0.004534479936806588,-0.0049718381929226285,0.0034618528925953237,-0.0014624403627236642,0.0014624403627236642
2015-09-27,0.0,0.00018378450559485834,0.004548017857584047,-0.011068422062604433,0.003454005452282615,-0.002882614247142913,0.002882614247142913
2015-09-28,0.0,-0.010245496035845764,0.0036496614237661418,-0.00910361215844473,0.0034460325134703616,-0.01225341425705399,0.01225341425705399
2015-09-29,0.0,0.008614337906178873,0.003282331182452093,-0.004318867375817081,0.0034388686564610364,0.01101667036927492,-0.01101667036927492
2015-09-30,0.0,0.0011480336197556558,0.002388921895099497,0.0005747084345790024,0.003431492371610917,0.007543156321045072,-0.007543156321045072
2015-10-01,0.0,-0.013346724716052704,0.001437404076354034,0.003684454928013639,0.0034238664976263275,-0.004800999214058704,0.004800999214058704
2015-10-02,0.0,0.011726233710671805,0.0007707947102952868,0.006695839877519587,0.0034165867573929735,0.022609455055879652,-0.022609455055879652
2015-10-03,0.0,-0.009868536637642924,-0.0004939013115209638,0.007538806540059498,0.003409088422014599,0.0005854570129102104,-0.0005854570129102104
2015-10-04,0.0,0.029980295276861666,-0.000982412485275026,0.010798941432080624,0.0034017214256896896,0.04319854564935695,-0.04319854564935695
2015-10-05,0.0,-0.023269337230317093,-0.002165686737184047,0.009909450963810707,0.003394012908863407,-0.012131560094827026,0.012131560094827026
2015-10-06,0.0,0.0024724851856246844,-0.0027581431844467003,0.011745792243185635,0.003386372685594027,0.014846506929957645,-0.014846506929957645
2015-10-07,0.0,0.00947744033792448,-0.003467196030754029,0.012155590103821359,0.0033786242866564353,0.021544458697648244,-0.021544458697648244
2015-10-08,0.0,-0.00190328171908347,-0.00422724609547751,0.006996739516573094,0.003370703628953895,0.00423691533096601,-0.00423691533096601
2015-10-09,0.0,-0.006645914962758314,-0.0043760065108279286,-0.0021209959633580406,0.0033632370486756766,-0.009779680388268607,0.009779680388268607
2015-10-10,0.0,0.007832257744183967,-0.005017773642911961,-0.010164076835742202,0.0033558061395228974,-0.003993786594947299,0.003993786594947299
2015-10-11,0.0,-0.01422523811513966,-0.004735506287367241,-0.013803106044923588,0.0033483283537798377,-0.029415522093650656,0.029415522093650656
2015-10-12,0.0,0.015449976390419947,-0.004842578926917432,-0.00997625250632085,0.0033412082627098283,0.0039723532198914936,-0.0039723532198914936
2015-10-13,0.0,-0.015890760814095982,-0.004501841969515524,-0.005004955468613135,0.0033340182267189125,-0.022063540025505726,0.022063540025505726
2015-10-14,0.0,0.0005196347996509807,-0.003944907153522843,0.00452586122232397,0.003336168715885664,0.004436757584337772,-0.004436757584337772
2015-10-15,0.0,0.006631639512596063,-0.0036294287181786082,0.01156785155780072,0.0033387777483277134,0.017908840100545886,-0.017908840100545886
2015-10-16,0.0,0.01310675664152675,-0.0025765221955154414,0.01201670388078525,0.003340879101691191,0.02588781742848775,-0.02588781742848775
2015-10-17,0.0,-0.004328426464767821,-0.0021962801533291247,0.0046594418602104925,0.0033422795039942986,0.0014770147461078452,-0.0014770147461078452
2015-10-18,0.0,-0.020385080531648368,-0.0010723399813851527,-0.0074501607060821025,0.003343460040707118,-0.025564121178408505,0.025564121178408505
2015-10-19,0.0,0.020353793497150954,-0.00030690612680403864,-0.011135095411926149,0.003344879784145036,0.012256671742565802,-0.012256671742565802
2015-10-20,0.0,-0.0038696895112672364,0.0005620639831639186,-0.010129341493633946,0.0033457825210207906,-0.010091184500716473,0.010091184500716473
2015-10-21,0.0,-0.008502623129236933,0.0016434602537719217,-0.007216936140622131,0.0033470342190987695,-0.010729064796988375,0.010729064796988375
2015-10-22,0.0,-0.005154254155908979,0.0021225669815284317,-0.0011353592965682984,0.0033487487389035593,-0.0008182977320452863,0.0008182977320452863
2015-10-23,0.0,0.0012797291817724743,0.0032375957751145114,0.007590546683936193,0.003350479371977923,0.0154583510128011,-0.0154583510128011
2015-10-24,0.0,0.008369388568057632,0.0035150029333613384,0.010112310540560434,0.003352068047161286,0.02534877008914069,-0.02534877008914069
2015-10-25,0.0,0.012596947731943104,0.004156697872234936,0.007681432222446797,0.0033530779674057153,0.02778815579403055,-0.02778815579403055
2015-10-26,0.0,-0.02190058386922787,0.00439612312418383,-0.00019747790663839836,0.0033537066543236063,-0.01434823199735883,0.01434823199735883
2015-10-27,0.0,0.008472581573329991,0.004395322554551886,-0.0026730962233916878,0.0033540252612303013,0.013548833165720493,-0.013548833165720493
2015-10-28,0.0,0.012166703559580718,0.004670548217102841,-0.0029047560530808736,0.003354093570805964,0.01728658929440865,-0.01728658929440865
2015-10-29,0.0,-0.015058107104714384,0.00414037567927582,-0.002493528595093665,0.00335355015960062,-0.01005770986093161,0.01005770986093161
2015-10-30,0.0,0.01037484913121638,0.004166406592837142,-0.004257931871956179,0.0033533119529271706,0.013636635805024513,-0.013636635805024513
2015-10-31,0.0,-0.01391295072813421,0.0034632796416139335,-0.004913487856874719,0.0033531406461459585,-0.012010018297249037,0.012010018297249037
2015-11-01,0.0,0.0029471452502718857,0.0029656124522499817,-0.006365395690761619,0.0033524730450985815,0.0028998350568588296,-0.0028998350568588296
2015-11-02,0.0,0.0029422239274611676,0.002312044464486527,-0.010641830354817491,0.0033520708901450657,-0.002035491072724731,0.002035491072724731
2015-11-03,0.0,-0.00544902753805499,0.0012872257916664248,-0.013002151432348117,0.0033527930317328266,-0.013811160147003855,0.013811160147003855
2015-11-04,0.0,0.005494677503411824,0.0008375083838883022,-0.008755019655051332,0.0033540103774110314,0.0009311766096598258,-0.0009311766096598258
2015-11-05,0.0,-0.006567079886830784,-0.0002930589312339322,-0.0016017592436643633,0.00335470371512551,-0.005107194346603569,0.005107194346603569
2015-11-06,0.0,0.009058230865760944,-0.000767020451278273,0.00810858973898952,0.0033553779588174544,0.019755178112289648,-0.019755178112289648
2015-11-07,0.0,-0.005722393844002828,-0.0016693693611324278,0.014318995857169541,0.0033557888897564983,0.010283021541790784,-0.010283021541790784
2015-11-08,0.0,0.007694137482658333,-0.002350957216605246,0.016848174481609267,0.0033562306625187933,0.025547585410181144,-0.025547585410181144
2015-11-09,0.0,0.005141834077555931,-0.0027968557182820267,0.016173217107030794,0.0033559055869651928,0.02187410105326989,-0.02187410105326989
2015-11-10,0.0,-0.004664295826328167,-0.0036172020021973516,0.007973080393902628,0.003355318227237153,0.0030469007926142632,-0.0030469007926142632
2015-11-11,0.0,-0.005223781019905485,-0.003681535446766971,-0.0012061675272182731,0.003354782781512866,-0.006756701212377864,0.006756701212377864
2015-11-12,0.0,-0.009967658082170717,-0.004212054721391562,-0.004319844496566366,0.003354537449734021,-0.015145019850394622,0.015145019850394622
2015-11-13,0.0,0.020293669148335934,-0.004058130379401754,-0.0006432843172522653,0.0033538156348186135,0.018946070086500528,-0.018946070086500528
2015-11-14,0.0,-0.00149700708689171,-0.004032841285831922,0.00235837809273637,0.0033532385495655993,0.00018176826957833764,-0.00018176826957833764
2015-11-15,0.0,-0.010301233708595687,-0.003916280289716559,0.006465871953263775,0.003353078632408527,-0.004398563412639944,0.004398563412639944
2015-11-16,0.0,-0.0009870361363305108,-0.0033154984569862046,0.009271979753302163,0.0033529729504217613,0.00832241811040721,-0.00832241811040721
2015-11-17,0.0,0.015109452928803833,-0.0031517842362686187,0.010945406973017593,0.0033520230150874976,0.026255098680640306,-0.026255098680640306
2015-11-18,0.0,-0.002094272601140229,-0.0022971037277284686,0.0035777167166429315,0.0033503218361376425,0.0025366622239118763,-0.0025366622239118763
2015-11-19,0.0,-0.008852923671361939,-0.001918976437513865,-0.007439655090915273,0.00334916796049756,-0.014862387239293517,0.014862387239293517
2015-11-20,0.0,-0.0007905580561724059,-0.0011219391608664473,-0.014206459122481979,0.003347996547671796,-0.012770959791849036,0.012770959791849036
2015-11-21,0.0,0.009900314890234036,-0.0003126680760000058,-0.012541071930949211,0.003347195209764189,0.0003937700930490089,-0.0003937700930490089
2015-11-22,0.0,-0.01610414308862872,0.00024057855233596475,-0.010847427563633633,0.003345954138304582,-0.023365037961621808,0.023365037961621808
2015-11-23,0.0,0.005547712857331543,0.0012773838089936858,-0.008858983074113843,0.0033448830766489735,0.0013109966688603595,-0.0013109966688603595
2015-11-24,0.0,-0.00899068471020655,0.001645816231243992,-0.004803360380798353,0.0033440939589460283,-0.008804134900814884,0.008804134900814884
2015-11-25,0.0,0.009314014728113844,0.0025762916770953946,-0.0006518598611550586,0.0033528834949146384,0.014591330038968819,-0.014591330038968819
2015-11-26,0.0,0.0042647293862830525,0.0029256277704019645,-0.001315187112555705,0.0033610884072435383,0.00923625845137285,-0.00923625845137285
2015-11-27,0.0,-0.017683528978624463,0.0033168319079684935,-0.0056104128493536035,0.003369312793186034,-0.016607797126823542,0.016607797126823542
2015-11-28,0.0,0.028221427278286516,0.0037052314981263637,-0.008120222860395576,0.003377900755382068,0.027184336671399374,-0.027184336671399374
2015-11-29,0.0,-0.010891330812704492,0.003623315935849857,-0.004384687554831769,0.003385658861412864,-0.008267043570273538,0.008267043570273538
2015-11-30,0.0,-0.016485718100899445,0.003963499464215672,0.0012502337388195215,0.0033932891542861375,-0.007878695743578114,0.007878695743578114
2015-12-01,0.0,-0.009247018007041924,0.0035685005095423173,0.008291345722287314,0.0034004697614967105,0.006013297986284418,-0.006013297986284418
2015-12-02,0.0,0.03982176219033167,0.0035213210761144984,0.013211418882219243,0.0034073165884243193,0.05996181873708973,-0.05996181873708973
2015-12-03,0.0,-0.0077603144012979765,0.0030660623462335796,0.010549249304680597,0.0034141846301643406,0.009269181879780541,-0.009269181879780541
2015-12-04,0.0,-0.02026651393364206,0.002487761353801329,0.0046726998168361445,0.003421793420716433,-0.009684259342288152,0.009684259342288152
2015-12-05,0.0,0.006429045172769476,0.0020945286555075727,-0.003088586202820127,0.0034386783246005063,0.008873665950057428,-0.008873665950057428
2015-12-06,0.0,-0.0011476234674271109,0.0011414124772654677,-0.0067206063581050305,0.0034550417100947793,-0.0032717756381718944,0.0032717756381718944
2015-12-07,0.0,0.004153267930707382,0.0007778210408260734,-0.0028465555605662837,0.0034714838173112777,0.00555601722827845,-0.00555601722827845
2015-12-08,0.0,0.012157771895879842,-0.00014839362783022027,0.004209071568260582,0.003487626296848981,0.019706076133159185,-0.019706076133159185
2015-12-09,0.0,-0.014543965159897395,-0.0007384482318937074,0.007385732148177369,0.003503483168654986,-0.004393198074958747,0.004393198074958747
2015-12-10,0.0,0.011937793592630768,-0.0013903115912009515,0.010092602136771656,0.0035203005814588273,0.0241603847196603,-0.0241603847196603
2015-12-11,0.0,0.0009674681425687893,-0.0021579728360421515,0.0061494544946567205,0.0035371876429518443,0.008496137444135202,-0.008496137444135202
2015-12-12,0.0,-0.013708557463004036,-0.0024303009315336617,0.0009192949196942701,0.0035539681142704046,-0.011665595360573022,0.011665595360573022
2015-12-13,0.0,-0.0011546092401207375,-0.0032176542373061846,-0.007597570314698763,0.0035709003620620723,-0.008398933430063614,0.008398933430063614
2015-12-14,0.0,0.004206971795149705,-0.003327958846457159,-0.012377253775106348,0.003587862270567502,-0.0079103785558463,0.0079103785558463
2015-12-15,0.0,0.0024062271326863514,-0.00372191019692211,-0.006265698391325274,0.003605113505652773,-0.00397626794990826,0.00397626794990826
2015-12-16,0.0,0.00479310526414063,-0.0037689749825638454,0.0014226916494863022,0.0036226507788364223,0.006069472709899509,-0.006069472709899509
2015-12-17,0.0,-0.0046313743747358055,-0.00360928547441862,0.005050775592555241,0.003640195335814885,0.0004503110792157018,-0.0004503110792157018
2015-12-18,0.0,-0.0024181746248556433,-0.00365324382440771,0.004141525676663063,0.003657455753212436,0.001727562980612146,-0.001727562980612146
2015-12-19,0.0,-0.005804376276345102,-0.003032654370412089,0.0038424433393908007,0.003674493017254807,-0.001320094290111584,0.001320094290111584
2015-12-20,0.0,0.017487335064112288,-0.0028673680980000936,0.0036602120125663277,0.003691492941278039,0.02197167191995656,-0.02197167191995656
2015-12-21,0.0,-0.007614061803779758,-0.0021931231497120595,0.00025020797103804545,0.0037076333806323096,-0.0058493436018214615,0.0058493436018214615
2015-12-22,0.0,-0.00467396861678859,-0.001738650320793404,-0.0018382955834043003,0.0037240251074015475,-0.004526889413584748,0.004526889413584748
2015-12-23,0.0,0.004417294189160936,-0.0011824616322682966,0.0022888488268904793,0.0037409675011062533,0.00926464888488937,-0.00926464888488937
2015-12-24,0.0,-0.003655617866925859,-0.00028009912711377606,0.006658809495791368,0.003757435320576786,0.006480527822328519,-0.006480527822328519
2015-12-25,0.0,-0.008682656072138528,0.0001385129830899278,0.0046633317199077685,0.0037732977917230423,-0.00010751357741778985,0.00010751357741778985
2015-12-26,0.0,0.016131830045074593,0.0011316535193757948,-0.0016553510798763707,0.0037894318540562977,0.019397564338630317,-0.019397564338630317
2015-12-27,0.0,-0.003761746844717418,0.001564799606833429,-0.005834546319829626,0.003805639701665555,-0.0042258538560480605,0.0042258538560480605
2015-12-28,0.0,-0.0077138209317648915,0.0022967765276847244,-0.006415737703930587,0.0038219994399107775,-0.008010782668099976,0.008010782668099976
2015-12-29,0.0,0.01742806559872795,0.002788894330419301,-0.010146028774964625,0.0038387795234944926,0.013909710677677116,-0.013909710677677116
2015-12-30,0.0,-0.01714101662792765,0.0029810572134974923,-0.01359904109070248,0.0038548576348351234,-0.02390414287029751,0.02390414287029751
2015-12-31,0.0,-0.0021549579458131234,0.003528276313520492,-0.013559015960689924,0.003871229590252205,-0.008314468002730351,0.008314468002730351
2016-01-01,0.0,-0.010033243825202404,0.0034314493254714233,-0.008496496722854815,0.0038880585629039676,-0.011210232659681827,0.011210232659681827
2016-01-02,0.0,0.024363656802984707,0.0037837701839701175,-0.00474672114013491,0.0039046157721660786,0.027305321618985995,-0.027305321618985995
2016-01-03,0.0,-0.005258867930988863,0.0035139556504404004,-0.006161821396815377,0.003920639968254015,-0.003986093709109824,0.003986093709109824
2016-01-04,0.0,0.001668588223104035,0.003388338037533526,-0.00024002107974291657,0.003937440756620753,0.008754345937515399,-0.008754345937515399
2016-01-05,0.0,-0.03610857926516094,0.0031849389874741034,0.00831964597607076,0.003953896025907041,-0.020650098275709034,0.020650098275709034
2016-01-06,0.0,0.030510265073794958,0.002544319406463406,0.01384731141670576,0.0039706997773846535,0.05087259567434878,-0.05087259567434878
2016-01-07,0.0,0.010732826460403614,0.002259985582814471,0.010850579872015967,0.003987219646921989,0.027830611562156042,-0.027830611562156042
2016-01-08,0.0,-0.01813676759607828,0.00137560573503723,0.006168075184615308,0.004004009150598028,-0.006589077525827712,0.006589077525827712
2016-01-09,0.0,0.0166389324547564,0.000949410198969133,0.003810937413859242,0.004020533851122656,0.025419813918707432,-0.025419813918707432
2016-01-10,0.0,0.005956611522267636,0.00017385626822711078,0.005586185048387982,0.004036836548968283,0.01575348938785101,-0.01575348938785101
2016-01-11,0.0,-0.009031072887387737,-0.0005676276755874313,0.0033402546938407158,0.004052734678747747,-0.0022057111903867055,0.0022057111903867055
2016-01-12,0.0,0.0003291870647685091,-0.001036287503532469,0.00819954333414281,0.004068362162511509,0.01156080505789036,-0.01156080505789036
2016-01-13,0.0,-0.02866180695814301,-0.0018917901815500454,0.01409062147278275,0.004083494930036009,-0.0123794807368743,0.0123794807368743
2016-01-14,0.0,0.03829824307946361,-0.002158642692427906,0.015770351697424072,0.004098900000153768,0.05600885208461354,-0.05600885208461354
2016-01-15,0.0,-0.0034176504484271022,-0.0029356613582643925,0.004500264020948377,0.004113355603774249,0.002260307818031131,-0.002260307818031131
2016-01-16,0.0,-0.005107591574487237,-0.003214820527203145,-0.0031767978613279815,0.004128289760555768,-0.007370920202462597,0.007370920202462597
2016-01-17,0.0,-0.005053543161710579,-0.0034832066494364655,-0.008070103888285789,0.004143461901547287,-0.01246339179788555,0.01246339179788555
2016-01-18,0.0,0.010192716799460712,-0.0037322091996633893,-0.009795509815410232,0.004158330113459469,0.0008233278978465606,-0.0008233278978465606
2016-01-19,0.0,-0.02441705653726353,-0.00350437239033173,-0.010093256145872963,0.004173257437116516,-0.03384142763635171,0.03384142763635171
2016-01-20,0.0,0.012878905596428587,-0.003624813715882408,-0.005196169380432277,0.004188316001471751,0.008246238501585651,-0.008246238501585651
2016-01-21,0.0,0.02019285139725802,-0.003069546292208126,0.00017993985619943145,0.004203142902734421,0.021506387863983747,-0.021506387863983747
2016-01-22,0.0,-0.010400747766744283,-0.00288664677365548,-0.0040807462226608695,0.00421825258377172,-0.013149888179288912,0.013149888179288912
2016-01-23,0.0,-0.020161715493133586,-0.0024063760821294564,-0.011824391754561944,0.004233760376394808,-0.03015872295343018,0.03015872295343018
2016-01-24,0.0,0.010851854903581561,-0.0017969071247108306,-0.017493453442962742,0.004249578531176062,-0.004188927132915949,0.004188927132915949
2016-01-25,0.0,-0.013965051384288715,-0.00136075429436581,-0.009675333984615776,0.004265159725448987,-0.020735979937821312,0.020735979937821312
2016-01-26,0.0,0.002478692968301616,-0.0003896876409474673,-0.001167525989984532,0.0042810407668136315,0.005202520104183248,-0.005202520104183248
2016-01-27,0.0,0.012698243375682101,3.584580167872217e-05,0.008195775237999832,0.004296186181162299,0.025226050596522956,-0.025226050596522956
2016-01-28,0.0,-0.0015549072969381478,0.0009335316502345832,0.011951344231880786,0.004311197549931547,0.01564116613510877,-0.01564116613510877
2016-01-29,0.0,0.01900681976243195,0.0015079134406332,0.014754296018905058,0.004326650691193452,0.03959567991316366,-0.03959567991316366
2016-01-30,0.0,-0.03243866574357489,0.0020625678268774497,0.0050424246223353475,0.004341338927451788,-0.020992334366910302,0.020992334366910302
2016-01-31,0.0,0.010651694999704987,0.002707323476083626,-0.005417984965590334,0.0043557046633598195,0.0122967381735581,-0.0122967381735581
2016-02-01,0.0,0.007548505712645989,0.0028164801512809354,-0.011937400728911422,0.004369658386208471,0.0027972435212239724,-0.0027972435212239724
2016-02-02,0.0,-0.010701685221268568,0.003426536866459371,-0.01205674337861428,0.004384032581685166,-0.014947859151738314,0.014947859151738314
2016-02-03,0.0,-0.0004627562798597207,0.0033638289946236115,-0.0011199518949260878,0.004398282254608453,0.006179403074446256,-0.006179403074446256
2016-02-04,0.0,0.013180501828908354,0.003573046010897597,0.005594538897986038,0.004412088687536923,0.026760175425328915,-0.026760175425328915
2016-02-05,0.0,0.0006056877072577731,0.003475902933708668,0.005563864480738869,0.004426031287595851,0.01407148640930116,-0.01407148640930116
2016-02-06,0.0,-0.019351732874794143,0.0032192762263375686,0.007253253097859069,0.004439956576700436,-0.0044392469738970715,0.0044392469738970715
2016-02-07,0.0,-0.0037714833723493605,0.0031706021922808213,0.007503082353526746,0.004454460876718239,0.011356662050176446,-0.011356662050176446
2016-02-08,0.0,0.005431012043088566,0.002470163968231254,0.003897815424530085,0.004468791534513395,0.016267782970363298,-0.016267782970363298
2016-02-09,0.0,0.035509824822124905,0.0021896186524504348,0.0024935181113938565,0.004482890744952128,0.04467585233092133,-0.04467585233092133
2016-02-10,0.0,-0.015307918862207585,0.00137517173273225,0.00044377331915334,0.004497231311196329,-0.008991742499125665,0.008991742499125665
2016-02-11,0.0,-0.0052623916986413765,0.0008247343677215694,-0.0008951901693910186,0.004512242636369942,-0.0008206048639408841,0.0008206048639408841
2016-02-12,0.0,0.005677329298415525,0.00021740393870055285,-0.004808273925320819,0.004527163451118094,0.005613622762913353,-0.005613622762913353
2016-02-13,0.0,-0.019717381613409066,-0.0006200579283415456,-0.013713894418601519,0.00454174036155279,-0.029509593598799344,0.029509593598799344
2016-02-14,0.0,-0.007263363592506159,-0.0009660320542289288,-0.01106827161562496,0.004556495440655319,-0.01474117182170473,0.01474117182170473
2016-02-15,0.0,0.028960956868133998,-0.001773703992263133,-6.334641811643236e-05,0.004571945427667565,0.031695851885422,-0.031695851885422
2016-02-16,0.0,-0.007907284591529342,-0.002114801551058949,0.00981800407327535,0.004587096013110731,0.004383013943797789,-0.004383013943797789
2016-02-17,0.0,-0.002984688410554178,-0.002736725534657363,0.01586441315443573,0.0046028065488291315,0.014745805758053319,-0.014745805758053319
2016-02-18,0.0,-0.011995811091654495,-0.0031422591725736044,0.017324262629129682,0.004618310710314448,0.006804503075216031,-0.006804503075216031
2016-02-19,0.0,0.0034904772070663056,-0.0032397738257586746,0.016478838699420403,0.004633532932197953,0.02136307501292599,-0.02136307501292599
2016-02-20,0.0,0.024883678065771065,-0.0036047031416510736,0.004543183703338434,0.004648243282502548,0.030470401909960972,-0.030470401909960972
2016-02-21,0.0,-0.0021795943418753375,-0.003345923291955943,-0.007736331924195842,0.004662338204303688,-0.008599511353723437,0.008599511353723437
2016-02-22,0.0,-0.007811698447921921,-0.0034649040234839895,-0.010486579608873805,0.004676392467876926,-0.01708678961240279,0.01708678961240279
2016-02-23,0.0,-0.0015548733193624185,-0.0030476133484426482,-0.00383962964039751,0.004690999769783746,-0.0037511165384188317,0.0037511165384188317
2016-02-24,0.0,-0.012297527318264138,-0.002755607875580399,0.0014964561970244625,0.004705215657239074,-0.008851463339580999,0.008851463339580999
2016-02-25,0.0,0.002815759906213316,-0.002462675320116941,0.0015494457835958874,0.0047195189300792174,0.00662204929977148,-0.00662204929977148
2016-02-26,0.0,-0.00015149232135630206,-0.001767546247116569,-0.006692655276128407,0.004733923661222453,-0.003877770183378825,0.003877770183378825
2016-02-27,0.0,-0.003939560106520217,-0.001414691312290777,-0.011810951749562548,0.004748785275944038,-0.012416417892429504,0.012416417892429504
2016-02-28,0.0,0.010097308571673149,-0.0005223340108338007,-0.02076014045812366,0.004763491978523545,-0.006421673918760766,0.006421673918760766
2016-02-29,0.0,0.010041546051241676,-7.169707539504966e-05,-0.01924502060307556,0.004778397303577741,-0.004496774323651193,0.004496774323651193
2016-03-01,0.0,-0.03298384618429289,0.0006806374503162051,-0.009646759696909235,0.004793878267728782,-0.037156090163157136,0.037156090163157136
2016-03-02,0.0,0.011187624897073985,0.001435503329187034,0.009551852704180476,0.004809896516837113,0.026984877447278607,-0.026984877447278607
2016-03-03,0.0,0.019493171592512494,0.0018511505461117797,0.01651730433220343,0.004824668243449521,0.04268629471427723,-0.04268629471427723
2016-03-04,0.0,-0.018127299182629824,0.0025873973303888655,0.003998294478638396,0.004839484970825606,-0.006702122402776956,0.006702122402776956
2016-03-05,0.0,0.0057581431388043555,0.0027071224323821606,-0.011330607801980839,0.004854225780174683,0.00198888354938036,-0.00198888354938036
2016-03-06,0.0,0.005950434295274296,0.0032528037756680128,-0.020825271750463864,0.004869480192544544,-0.006752553486977011,0.006752553486977011
2016-03-07,0.0,-0.0075159292192015885,0.0033363671253033643,-0.022038317545057386,0.0048852771529743835,-0.021332602485981227,0.021332602485981227
2016-03-08,0.0,0.008749704189823683,0.0034262340698656786,-0.009621569819763203,0.004900551087127739,0.007454919527053896,-0.007454919527053896
2016-03-09,0.0,-0.040464679583540886,0.0035565836453031246,0.014594293431767486,0.004915920826232703,-0.01739788168023757,0.01739788168023757
2016-03-10,0.0,-0.03741504679635358,0.0032605408431413936,0.0418374449312596,0.004931860522375505,0.01261479950042292,-0.01261479950042292
2016-03-11,1.0,0.15541569000064612,0.003314512655874486,0.061494277512381394,0.004947570966376591,0.2251720511352786,0.7748279488647214
2016-03-12,0.0,-0.0573670664584721,0.0025690493783739566,0.03326230425182108,0.004944141322874089,-0.016591571505402983,0.016591571505402983
2016-03-13,0.0,-0.02523846908452411,0.0021745875961855527,0.0058545692145082345,0.004940518423041951,-0.012268793850788374,0.012268793850788374
2016-03-14,0.0,-0.0016677235604811336,0.0015034369433601555,-0.014562987258183568,0.004937210286389573,-0.009790063588914974,0.009790063588914974
2016-03-15,0.0,0.0012667307226483732,0.0008151995883608778,-0.02290937977069029,0.004933879430586873,-0.015893570029094164,0.015893570029094164
2016-03-16,0.0,0.006787860040069521,0.0003191829140585624,-0.019271364304260255,0.00493050203353904,-0.007233819316593132,0.007233819316593132
2016-03-17,0.0,0.011781846728838287,-0.0005343715473591585,-0.009245295414021464,0.004927226813359279,0.006929406580816944,-0.006929406580816944
2016-03-18,0.0,-0.02295725012275226,-0.0008736654349940126,0.0017030032670307849,0.004924450257255939,-0.01720346203345955,0.01720346203345955
2016-03-19,0.0,0.010421130092581794,-0.0016161312145018024,0.007826121749129313,0.004921819407540015,0.02155294003474932,-0.02155294003474932
2016-03-20,0.0,-0.0018748468613141059,-0.0020656876342416133,-0.0012555869651036226,0.004919114362151679,-0.0002770070985076622,0.0002770070985076622
2016-03-21,0.0,-0.02525751205392079,-0.00251786644135058,-0.014627418069224633,0.004916385457384413,-0.03748641110711159,0.03748641110711159
2016-03-22,0.0,0.02428053512722097,-0.0029692925305657954,-0.013308757592468929,0.004913708411280268,0.012916193415466513,-0.012916193415466513
2016-03-23,0.0,0.011997141079626131,-0.002956249018250752,-0.009080475495445663,0.004911301903313904,0.004871718469243619,-0.004871718469243619
2016-03-24,0.0,-0.018569228674042437,-0.0032847826009310688,0.0006730386049014947,0.004908472767649743,-0.016272499902422268,0.016272499902422268
2016-03-25,0.0,0.009659459509435087,-0.0030727688732205124,0.008320282623739666,0.004905607033173725,0.019812580293127963,-0.019812580293127963
2016-03-26,0.0,0.010719506812146644,-0.0030129532908504553,0.01123982046091917,0.004902699098529588,0.023849073080744947,-0.023849073080744947
2016-03-27,0.0,-0.014287649258002844,-0.0027153316409939034,0.0034439579880993086,0.004899222702504335,-0.008659800208393104,0.008659800208393104
2016-03-28,0.0,-0.016017246134343573,-0.0023029282923728977,-0.008909358343508944,0.004895918479369032,-0.02233361429085638,0.02233361429085638
2016-03-29,0.0,0.0002488589501406525,-0.002071437709101803,-0.015216639270238298,0.00489291821489306,-0.012146299814306386,0.012146299814306386
2016-03-30,0.0,0.00876330062718211,-0.0013585848896555184,-0.012704446732692486,0.004890645921911174,-0.00040908507325472087,0.00040908507325472087
2016-03-31,0.0,0.011703180138839572,-0.0010120942844845848,0.0016141629883204857,0.004888299443273232,0.017193548285948705,-0.017193548285948705
2016-04-01,0.0,-0.015527779583326592,-0.00031384689040035057,0.010811045574659147,0.004885439546000783,-0.00014514135306701453,0.00014514135306701453
2016-04-02,0.0,0.01820837242573031,0.00022154332381671491,0.015180985715635047,0.004882793972984194,0.03849369543816627,-0.03849369543816627
2016-04-03,0.0,-0.02084541862396636,0.0007702936115616974,0.014665847274561076,0.004879533013741816,-0.0005297447241017677,0.0005297447241017677
2016-04-04,0.0,0.00789758614469261,0.0014865747328441914,0.00882679141053178,0.004876346815714003,0.023087299103782582,-0.023087299103782582
2016-04-05,0.0,0.020981871582735026,0.0017480177591557046,-0.002178926210975339,0.004872379276842219,0.02542334240775761,-0.02542334240775761
2016-04-06,0.0,-0.009890357823943664,0.0022616808511124395,-0.01426189792571027,0.00486831603428528,-0.017022258864256214,0.017022258864256214
2016-04-07,0.0,-0.00397188544060709,0.0023858705682610775,-0.019108590746981166,0.004873652514155937,-0.015820953105171242,0.015820953105171242
2016-04-08,0.0,-0.018556632163132733,0.0026573945458245813,-0.014824187018683127,0.004879279785446743,-0.025844144850544537,0.025844144850544537
2016-04-09,0.0,0.002178564101375065,0.0027834878545323033,-0.010201479478273812,0.004885141610915769,-0.0003542859114506747,0.0003542859114506747
2016-04-10,0.0,-0.007546557175802477,0.0026703251269541216,-0.006953198199571492,0.004890991049570632,-0.006938439198849215,0.006938439198849215
2016-04-11,0.0,0.02328304563944003,0.0027974174433789555,0.0036003333815754534,0.004897752872694379,0.034578549337088815,-0.034578549337088815
2016-04-12,0.0,0.0024488846415470153,0.002436356830164972,0.013861364958813401,0.004903991473101696,0.023650597903627085,-0.023650597903627085
2016-04-13,0.0,0.013292103015760955,0.002296315837572475,0.022740464729302818,0.004910275973051443,0.04323915955568769,-0.04323915955568769
2016-04-14,0.0,-0.030481692259774804,0.0017451397693030875,0.01890816226765689,0.004916107789696283,-0.004912282433118546,0.004912282433118546
2016-04-15,0.0,0.005705680346019795,0.0012683955542787326,0.014077481225505332,0.004922154368003424,0.025973711493807283,-0.025973711493807283
2016-04-16,0.0,0.018325847525899962,0.0008135424698023635,0.008067086771802682,0.004928164872000568,0.03213464163950558,-0.03213464163950558
2016-04-17,0.0,0.008508667083789724,0.00014357067874956134,-0.0031169651371378664,0.004934019015280281,0.0104692916406817,-0.0104692916406817
2016-04-18,0.0,-0.02244028920552522,-0.000258714037855201,-0.01457644235122284,0.00493953503215021,-0.03233591056245305,0.03233591056245305
2016-04-19,0.0,0.0022959692047422337,-0.0009343094013418726,-0.00989944165761229,0.004945062591121218,-0.00359271926309071,0.00359271926309071
2016-04-20,0.0,-0.0001281993770429199,-0.0012727080904674625,0.0006622737449207833,0.004951141994192574,0.004212508271602975,-0.004212508271602975
2016-04-21,0.0,-0.0033876051396698817,-0.0017257212785727599,0.010812651062301212,0.004956958541006125,0.010656283185064695,-0.010656283185064695
2016-04-22,0.0,0.002015156467667795,-0.002151787749312019,0.011929748674591472,0.004963002505660046,0.016756119898607293,-0.016756119898607293
2016-04-23,0.0,-0.010242131549424665,-0.002348156285380561,0.00584356025288498,0.0049687461987554405,-0.0017779813831648068,0.0017779813831648068
2016-04-24,0.0,0.027803645885057612,-0.0026577969746169714,0.002252432175502119,0.004974703003700891,0.03237298408964365,-0.03237298408964365
2016-04-25,0.0,-0.005056858196560987,-0.0026391595200157734,-0.0057433615157150815,0.0049800544843417935,-0.00845932474795005,0.00845932474795005
2016-04-26,0.0,-0.004062842459978711,-0.0027373524886171235,-0.01145295862045739,0.00498566159443864,-0.013267491974614583,0.013267491974614583
2016-04-27,0.0,0.0006209349335746977,-0.00256832165703403,-0.01567200320857412,0.004991264928360172,-0.012628125003673281,0.012628125003673281
2016-04-28,0.0,-0.01251237594427677,-0.0022612887693111085,-0.008500988833774252,0.004996892825118932,-0.0182777607222432,0.0182777607222432
2016-04-29,0.0,-0.008981039579810508,-0.00198711008984241,-0.007706497530817455,0.005003022232350992,-0.01367162496811938,0.01367162496811938
2016-04-30,0.0,0.008657028609588672,-0.0014642727999003278,-0.010840752833484254,0.005009516266645348,0.0013615192428494379,-0.0013615192428494379
2016-05-01,0.0,0.011304161876128949,-0.001159258447917678,-0.015992605394172518,0.005016008659473742,-0.0008316933064875052,0.0008316933064875052
2016-05-02,0.0,-0.022231293425549362,-0.0005643876084010607,-0.016743328908188936,0.005023006576014782,-0.03451600336612458,0.03451600336612458
2016-05-03,0.0,0.01050136286129412,-8.65535409268606e-05,-0.009855029505215142,0.0050300967114362246,0.005589876526588342,-0.005589876526588342
2016-05-04,0.0,-0.001840701814102287,0.0004085354081906608,-0.0010286611340817433,0.005037045888039909,0.00257621834804654,-0.00257621834804654
2016-05-05,0.0,-0.01767149582201906,0.0010101575131785398,0.009329492326641107,0.005044031122986378,-0.0022878148592130358,0.0022878148592130358
2016-05-06,0.0,0.022900763254000676,0.0014406215126724832,0.022817648118707592,0.005051035048812455,0.05221006793419321,-0.05221006793419321
2016-05-07,0.0,0.034069942225404035,0.0019999195066031147,0.027578852123782707,0.005057464408492721,0.06870617826428257,-0.06870617826428257
2016-05-08,0.0,-0.03121755141359846,0.002198713751188596,0.01519229190776682,0.0050630711416868555,-0.00876347461295619,0.00876347461295619
2016-05-09,0.0,-0.004857286947880812,0.0024348266698182896,0.004248194468010876,0.005068695967114286,0.00689443015706264,-0.00689443015706264
2016-05-10,0.0,-0.007405397924824951,0.0025503323072606156,-0.0022390251393478544,0.005074153089774589,-0.0020199376671376007,0.0020199376671376007
2016-05-11,0.0,-0.002426812489782662,0.0025023598074145194,-0.0026703650819541714,0.005079537544424023,0.0024847197801017087,-0.0024847197801017087
2016-05-12,0.0,0.03380615690000417,0.0025210900642568205,-0.003500857152747726,0.00508503639286852,0.03791142620438179,-0.03791142620438179
2016-05-13,0.0,-0.037576588729510446,0.0022267347580465164,-0.003090540607845638,0.005089959374735821,-0.033350435204573745,0.033350435204573745
2016-05-14,0.0,0.025180154716453844,0.002107979951272817,0.009263997681439968,0.005095378989064369,0.041647511338231,-0.041647511338231
2016-05-15,0.0,0.004786641706061074,0.0017343627964152932,0.012503329059543516,0.005100783989337246,0.024125117551357128,-0.024125117551357128
2016-05-16,0.0,-0.0037976383422014823,0.0013325710278125676,0.011088680930457413,0.0051064843591438905,0.013730097975212387,-0.013730097975212387
2016-05-17,0.0,-0.01470145030159791,0.0008707426539596671,0.002589092085965774,0.00511210743968772,-0.006129508121984749,0.006129508121984749
2016-05-18,0.0,0.0024710407315614237,0.0002926087784688778,-0.002142757009150576,0.005117997039440398,0.005738889540320123,-0.005738889540320123
2016-05-19,0.0,0.029281955828723182,-0.00011906063849235704,-0.0052750957550856134,0.005123801579749828,0.02901160101489504,-0.02901160101489504
2016-05-20,0.0,-0.028561667254803007,-0.0007546940141278915,-0.015225885937900741,0.0051291338547473034,-0.03941311335208434,0.03941311335208434
2016-05-21,0.0,0.011948210710106431,-0.0011700187824001942,-0.020669697524040305,0.0051348199981394215,-0.004756685598194646,0.004756685598194646
2016-05-22,0.0,-0.010847972672061657,-0.0015765502152953782,-0.016334933225781105,0.005140769869065349,-0.02361868624407279,0.02361868624407279
2016-05-23,0.0,-0.008115077580848786,-0.0018818507248651714,-0.008168613718460938,0.005147009456458662,-0.013018532567716233,0.013018532567716233
2016-05-24,0.0,-0.012117747537263196,-0.0020750704666692,0.0003118985987973905,0.005153513976965554,-0.008727405428169452,0.008727405428169452
2016-05-25,0.0,0.025593403348227167,-0.002324486798999695,0.009663562239264284,0.005160342243529913,0.03809282103202166,-0.03809282103202166
2016-05-26,0.0,0.002453759069273252,-0.002371133720491655,0.01133838133405649,0.005166640361634298,0.016587647044472385,-0.016587647044472385
2016-05-27,0.0,0.0063090207646379895,-0.0024251642279085697,0.01498686837299464,0.005172766950962474,0.024043491860686536,-0.024043491860686536
2016-05-28,0.0,-0.018496670436012344,-0.0023719292008661493,0.0077775665262112,0.00517858664587409,-0.007912446464793204,0.007912446464793204
2016-05-29,0.0,0.012219527894329311,-0.0021755664559712524,0.0009582215476896128,0.005184360239328786,0.016186543225376458,-0.016186543225376458
2016-05-30,0.0,-0.0005963916745074197,-0.0019371572917165347,-0.0031787593060572925,0.005189882827053442,-0.0005224254452278051,0.0005224254452278051
2016-05-31,0.0,-0.01203689113582374,-0.0014480726306905162,-0.0016924452373447297,0.005195529742475648,-0.00998187926138334,0.00998187926138334
2016-06-01,0.0,0.011509744917750678,-0.0010904479648154543,-0.0026417968063612973,0.005201013492233967,0.012978513638807893,-0.012978513638807893
2016-06-02,0.0,-0.008455719286603372,-0.000633255786507429,-0.004099070496145339,0.005206268834784975,-0.007981776734471167,0.007981776734471167
2016-06-03,0.0,8.563358574945648e-06,-0.00016866015551211585,-0.0058116172091098595,0.005212260047218965,-0.0007594539588280649,0.0007594539588280649
2016-06-04,0.0,-0.010871455472354876,0.00026010932348470377,-0.004922938435888786,0.005218198752654064,-0.010316085832104895,0.010316085832104895
2016-06-05,0.0,0.013727443449067884,0.0007873846882209887,-0.00806346833485336,0.0052246334351026295,0.011675993237538144,-0.011675993237538144
2016-06-06,0.0,0.00010563117495508592,0.0011369909850223472,-0.012175474819777458,0.005230866046807166,-0.00570198661299286,0.00570198661299286
2016-06-07,0.0,-0.001590573374742277,0.0016453686436258834,-0.011186034903892996,0.005237787261773747,-0.005893452373235643,0.005893452373235643
2016-06-08,0.0,0.00819692369079442,0.0019848864433014224,0.00021630600568698418,0.005244606556868748,0.015642722696651574,-0.015642722696651574
2016-06-09,0.0,-0.010141245859940275,0.0022669810825078503,0.009509917425276713,0.005251153249099699,0.006886805896943987,-0.006886805896943987
2016-06-10,0.0,0.007652499653051022,0.002452689973094398,0.009002172957734651,0.0052577293042953875,0.02436509188817546,-0.02436509188817546
2016-06-11,0.0,-0.007708861248044857,0.00243092688260601,0.009267195435412719,0.005264231859148657,0.009253492929122527,-0.009253492929122527
2016-06-12,0.0,-0.010089557780306211,0.002491174421421407,0.0035689300201300223,0.005271197598327964,0.0012417442595731819,-0.0012417442595731819
2016-06-13,0.0,0.01612405886197136,0.002268839095235604,-0.0018424921288142894,0.005278580603940765,0.02182898643233344,-0.02182898643233344
2016-06-14,0.0,-0.009926561275613314,0.00206290505989751,-0.007346746458451907,0.005285689508599857,-0.009924713165567853,0.009924713165567853
2016-06-15,0.0,0.013714247470590515,0.0017475872987566241,-0.0022285096786488707,0.005293006153373649,0.01852633124407192,-0.01852633124407192
2016-06-16,0.0,0.002080617591161551,0.0013777571173063323,0.008308848319373459,0.005300300618805085,0.01706752364664643,-0.01706752364664643
2016-06-17,0.0,-0.002367723795322764,0.0010401300822773297,0.019535755097191382,0.005307269885374687,0.023515431269520635,-0.023515431269520635
2016-06-18,0.0,-0.02591124165174519,0.00046698820412706957,0.02058983449731615,0.005314026681200183,0.0004596077308982151,-0.0004596077308982151
2016-06-19,0.0,0.04095591938427151,5.611883053155613e-05,0.020682253262562088,0.005321201912395267,0.06701549338976041,-0.06701549338976041
2016-06-20,0.0,0.0006976528837487083,-0.0005367188093679956,0.013089522510471963,0.005327779727082836,0.01857823631193551,-0.01857823631193551
2016-06-21,0.0,-0.016967743116850325,-0.0010462835949621508,-0.002352094767720181,0.005334155793779057,-0.015031965685753601,0.015031965685753601
2016-06-22,0.0,-0.005714944076184411,-0.0015361307869932736,-0.01522526000283524,0.005340540443145034,-0.01713579442286789,0.01713579442286789
2016-06-23,0.0,0.009032781619627277,-0.002004406249429167,-0.021752879298486124,0.005346961934878847,-0.009377541993409167,0.009377541993409167
2016-06-24,0.0,-0.025382532844275333,-0.002206483069720575,-0.017100569077266998,0.005353380454110183,-0.039336204537152725,0.039336204537152725
2016-06-25,0.0,0.028715419562995722,-0.002452398805867011,-0.008247794460699133,0.005360195188324527,0.023375421484754105,-0.023375421484754105
2016-06-26,0.0,-0.014693540038945484,-0.002537726379392979,-0.005187817581557299,0.005367043227838986,-0.017052040772056777,0.017052040772056777
2016-06-27,0.0,-0.0019628460480450496,-0.0025946905228168386,-0.0004888615668861885,0.005374250007422835,0.0003278518696747581,-0.0003278518696747581
2016-06-28,0.0,0.011663429421036656,-0.002568842408164054,0.0013159454377856582,0.005381903693296305,0.015792436143954567,-0.015792436143954567
2016-06-29,0.0,-0.0036937013922284634,-0.002360495904659579,-0.0038920157881256663,0.005389620952721372,-0.004556592132292337,0.004556592132292337
2016-06-30,0.0,0.007180357725560294,-0.002224127714646564,-0.015088658606955931,0.005397352379967106,-0.004735076216075095,0.004735076216075095
2016-07-01,0.0,-0.015137888200741483,-0.0017934965188295348,-0.020455899491198404,0.005405105499421567,-0.031982178711347856,0.031982178711347856
2016-07-02,0.0,-0.010428901964501825,-0.0013638751728281288,-0.01406870394135624,0.005412922190532604,-0.02044855888815359,0.02044855888815359
2016-07-03,0.0,-0.008022750818588002,-0.000826392541632118,0.004113212752041913,0.005420689041466615,0.0006847584332884083,-0.0006847584332884083
2016-07-04,0.0,0.041549625814408665,-0.00023244128112779282,0.01644019405219476,0.005428733526975292,0.06318611211245093,-0.06318611211245093
2016-07-05,0.0,-0.01891353651371291,0.00020882720626356525,0.0167151832393882,0.005436279698025598,0.0034467536299644524,-0.0034467536299644524
2016-07-06,0.0,-0.01164464454278387,0.0008722099097407594,0.01825416517850241,0.005444470806814249,0.012926201352273547,-0.012926201352273547
2016-07-07,0.0,0.0017439597979121543,0.0012735992572007909,0.008135206447743256,0.005452364611204155,0.016605130114060358,-0.016605130114060358
2016-07-08,0.0,0.023430253839614685,0.0017943266732349799,-0.0026641462256713246,0.005460023533687868,0.028020457820866207,-0.028020457820866207
2016-07-09,0.0,-0.021430010079305294,0.002122761864445039,-0.008577024828017353,0.005467041058194246,-0.02241723198468336,0.02241723198468336
2016-07-10,0.0,0.023049826945119412,0.002438379157597887,-0.0008666812478126028,0.005474103346633885,0.030095628201538584,-0.030095628201538584
2016-07-11,0.0,-0.004564203091330082,0.002768273809141775,0.008575228131641074,0.005480940772908615,0.012260239622361382,-0.012260239622361382
2016-07-12,0.0,-0.010232054005123833,0.0027859308440873086,0.017350581629019268,0.005487687730106326,0.01539214619808907,-0.01539214619808907
2016-07-13,0.0,0.0018954339623651578,0.002909241154331237,0.012111235521712348,0.005494550035529406,0.02241046067393815,-0.02241046067393815
2016-07-14,0.0,-0.01671908798827078,0.002725423872896403,0.007821247646842226,0.005501684227257431,-0.0006707322412747227,0.0006707322412747227
2016-07-15,0.0,0.022604453246679514,0.0025485056805476898,-0.0027170110890317742,0.005508820256650499,0.02794476809484593,-0.02794476809484593
2016-07-16,0.0,0.0014500099106463903,0.00218421605807797,-0.01835437812625634,0.005515585257878838,-0.009204566899653141,0.009204566899653141
2016-07-17,0.0,-0.004697338357361914,0.0016659680250499759,-0.022243869876451928,0.005522890773827145,-0.01975234943493672,0.01975234943493672
2016-07-18,0.0,-0.0015287775247912556,0.0013091080540029699,-0.015487668683568758,0.005530653760186323,-0.010176684394170722,0.010176684394170722
2016-07-19,0.0,-0.011072692193891138,0.0007134339267082098,-0.003072891700070071,0.005538443961141546,-0.007893706006111452,0.007893706006111452
2016-07-20,0.0,0.015586520846409485,0.00030267462945160066,0.00680094437360484,0.0055467974102749095,0.028236937259740837,-0.028236937259740837
2016-07-21,0.0,-0.008581073422723464,-0.00033442160591904,0.008726238815336075,0.005554733897336545,0.005365477684030117,-0.005365477684030117
2016-07-22,0.0,0.017816622674814753,-0.0008874676260059206,0.0071170341381644785,0.005562918526737262,0.029609107713710572,-0.029609107713710572
2016-07-23,0.0,-0.023750419752848962,-0.001391085338768147,0.0038382223542843515,0.005570896173282829,-0.01573238656404993,0.01573238656404993
2016-07-24,0.0,0.01407518117482752,-0.0020351050410661983,-0.0026052388673536357,0.005578811410547558,0.015013648676955243,-0.015013648676955243
2016-07-25,0.0,-0.0025263937762680377,-0.002397670757707921,-0.004179808042301282,0.005586720041182501,-0.0035171525350947393,0.0035171525350947393
2016-07-26,0.0,-0.028340253913580995,-0.0028197802272899794,0.0007972079214682196,0.005594693881629639,-0.024768132337773117,0.024768132337773117
2016-07-27,0.0,0.02242447815374991,-0.002930908942170879,0.012449728327494003,0.005602679939259699,0.03754597747833273,-0.03754597747833273
2016-07-28,0.0,0.012329233692356233,-0.003050080416854504,0.013168274578767956,0.005610029841479878,0.028057457695749563,-0.028057457695749563
2016-07-29,0.0,0.009286412503763226,-0.0031108400198923115,0.009556468789315722,0.005617265333654172,0.021349306606840805,-0.021349306606840805
2016-07-30,0.0,-0.01237623542005747,-0.002917126217943613,-8.300790435898084e-05,0.005624088451747324,-0.009752281090612741,0.009752281090612741
2016-07-31,0.0,-0.006043290150568478,-0.002818668178049927,-0.005701182414835139,0.0056308439802779725,-0.00893229676317557,0.00893229676317557
2016-08-01,0.0,-0.00447931138764978,-0.0024227271505581193,-0.012648161874094522,0.005637863534817936,-0.013912336877484485,0.013912336877484485
2016-08-02,0.0,0.0024219934634140995,-0.002100640663540677,-0.019882070415735444,0.005645155577641497,-0.013915562038220527,0.013915562038220527
2016-08-03,0.0,-0.02065977470102089,-0.0015885982900014552,-0.01750936761201794,0.005652633010462673,-0.03410510759257761,0.03410510759257761
2016-08-04,0.0,0.03155083265729845,-0.0008947735634294613,-0.007112452036500726,0.005660258968745807,0.02920386602611407,-0.02920386602611407
2016-08-05,0.0,-0.003037524075977692,-0.00035966168720309645,-0.003917204483819097,0.005667532636584364,-0.0016468576104155218,0.0016468576104155218
2016-08-06,0.0,-0.010647616878966629,0.0004438213337802482,-0.0013801487213396157,0.005674632954591704,-0.005909311311934292,0.005909311311934292
2016-08-07,0.0,-0.02083184741832674,0.0009732190095119476,0.004757038818248126,0.005682079048883976,-0.009419510541682687,0.009419510541682687
2016-08-08,0.0,0.005260347970658614,0.0017225931836217282,0.00799534122387062,0.005690257989120867,0.020668540367271827,-0.020668540367271827
2016-08-09,0.0,0.04644873401764667,0.0022237452800335533,0.007277262389022034,0.005698656868580893,0.061648398555283146,-0.061648398555283146
2016-08-10,0.0,-0.03740640715463283,0.0026004224319479425,-0.00651564547896508,0.005706788903805428,-0.03561484129784454,0.03561484129784454
2016-08-11,0.0,0.021964381966039854,0.0030802328287681934,-0.011576256173260541,0.00571549555489879,0.019183854176446295,-0.019183854176446295
2016-08-12,0.0,-0.0035466657777452884,0.0032226340902968454,-0.004363628416367456,0.0057238579732774506,0.0010361978694615522,-0.0010361978694615522
2016-08-13,0.0,-0.018199381770453348,0.0035754581435024036,0.0018184741314048111,0.0057322403581793165,-0.007073209137366815,0.007073209137366815
2016-08-14,0.0,-0.012493858313997004,0.0034893988035981666,0.014161334939006119,0.00574059901639575,0.010897474445003032,-0.010897474445003032
2016-08-15,0.0,0.025253517974498593,0.0034778090329535757,0.024947444166776387,0.005748758170206881,0.05942752934443544,-0.05942752934443544
2016-08-16,0.0,0.0030150700879210918,0.0032501837427970004,0.028859312149345385,0.005756395335730871,0.04088096131579435,-0.04088096131579435
2016-08-17,0.0,0.004985561391726208,0.002762025774780595,0.020552024549690424,0.0057642840457284746,0.0340638957619257,-0.0340638957619257
2016-08-18,0.0,-0.0005377546511912809,0.002344287129687146,0.004546295159495497,0.00577180081351956,0.012124628451510923,-0.012124628451510923
2016-08-19,0.0,-0.012163360927029264,0.0015594453260052556,-0.008083938093246056,0.005779059481863349,-0.012908794212406713,0.012908794212406713
2016-08-20,0.0,0.0080274597132745,0.0010802883534128088,-0.011365625980335742,0.00578660806701415,0.003528730153365715,-0.003528730153365715
2016-08-21,0.0,0.007267628133548522,0.0003281006268766926,-0.009457708533112803,0.005794243235150542,0.003932263462462954,-0.003932263462462954
2016-08-22,0.0,-0.020670699624862888,-0.0003883017736930961,-0.006883518500226758,0.005801619840412197,-0.022140900058370543,0.022140900058370543
2016-08-23,0.0,0.030422155949999648,-0.0010110190121828174,3.791636031795053e-05,0.005809489261488236,0.03525854255962302,-0.03525854255962302
2016-08-24,0.0,-0.009191537926060776,-0.0018270859583628739,-0.0023934947237373764,0.005817463119535892,-0.007594655488625136,0.007594655488625136
2016-08-25,0.0,-0.027324558847459577,-0.0022899388689067326,-0.00623092348642817,0.00582588061092471,-0.030019540591869766,0.030019540591869766
2016-08-26,0.0,0.004539416418334008,-0.0030331567535035802,-0.018035820747585023,0.0058346140417322116,-0.010694947041022381,0.010694947041022381
2016-08-27,0.0,-0.001474434380537968,-0.0033770108578473363,-0.018924305412476226,0.005843393785733914,-0.017932356865127615,0.017932356865127615
2016-08-28,0.0,-0.0033089492483421774,-0.0037026847252235144,-0.010429374700752584,0.005852089506628775,-0.0115889191676895,0.0115889191676895
2016-08-29,0.0,0.03298138377158834,-0.003896835176901519,0.0029731077800218687,0.005861501992637045,0.03791915836734573,-0.03791915836734573
2016-08-30,0.0,-0.014043939566166192,-0.0037939246144134313,0.008929041171174126,0.005870350020160449,-0.0030384729892450483,0.0030384729892450483
2016-08-31,0.0,0.002376496059580726,-0.0038437294633720505,0.010088159497992372,0.005879335376026164,0.014500261470227212,-0.014500261470227212
2016-09-01,0.0,-0.024011688375353033,-0.0033908325126251974,0.005077925987587332,0.005888167977659895,-0.016436426922731007,0.016436426922731007
2016-09-02,0.0,0.019967817977018926,-0.0031031252772356953,-0.0036339528947791026,0.005897750467199141,0.019128490272203272,-0.019128490272203272
2016-09-03,0.0,0.0001829720549145647,-0.002605667855700887,-0.01315694935581109,0.005906728593860395,-0.009672916562737017,0.009672916562737017
2016-09-04,0.0,-0.0170039032372949,-0.0019804913032118064,-0.01552203573826147,0.005915878882255817,-0.028590551396512363,0.028590551396512363
2016-09-05,0.0,0.0015262401073798861,-0.001435509792924457,0.0008416985597116458,0.0059253663327658015,0.006857795206932877,-0.006857795206932877
2016-09-06,0.0,0.014537755838484826,-0.00046361841435910666,0.017916016864734884,0.005934563553992807,0.03792471784285341,-0.03792471784285341
2016-09-07,0.0,-0.004982510864569405,0.00012890781313739926,0.02362392343092199,0.005943476367477193,0.02471379674696718,-0.02471379674696718
2016-09-08,0.0,-0.0029952550533313186,0.001099936522275199,0.01953278179458428,0.005952631820532692,0.023590095084060854,-0.023590095084060854
2016-09-09,0.0,0.004124988297301654,0.0018178634527603876,0.012958333232612371,0.005961860286951063,0.024863045269625475,-0.024863045269625475
2016-09-10,0.0,-0.0022323512010216976,0.002474181615112011,0.0028566943315309293,0.00597077718037017,0.009069301925991414,-0.009069301925991414
2016-09-11,0.0,0.025701076629351963,0.0031544478788068544,-0.005254910849550186,0.005979473998725686,0.029580087657334317,-0.029580087657334317
2016-09-12,0.0,-0.014543996292463307,0.003341142160530575,-0.01219392565360755,0.005987879088933251,-0.01740890069660703,0.01740890069660703
2016-09-13,0.0,-0.0005940157129879417,0.003921672817964519,-0.012921425840395243,0.0059968997507747045,-0.0035968689846439614,0.0035968689846439614
2016-09-14,0.0,-0.023054545913020724,0.003962773297690578,-0.013511012273381015,0.006006244686881026,-0.026596540201830138,0.026596540201830138
2016-09-15,0.0,0.01911790134677141,0.004204181492049092,-0.017007045983375806,0.006015831697218235,0.012330868552662928,-0.012330868552662928
2016-09-16,0.0,-0.013915698243427132,0.004117085980517073,-0.018156995507377052,0.006025083592706365,-0.02193052417758075,0.02193052417758075
2016-09-17,0.0,0.007328124341550373,0.003845741621635464,-0.006430511736754218,0.006034801860730458,0.010778156087162077,-0.010778156087162077
2016-09-18,0.0,-0.0024132966976952953,0.0036802887610722416,0.012189272975916564,0.006044716099796409,0.01950098113908992,-0.01950098113908992
2016-09-19,0.0,0.007139953740378186,0.0028930554778261236,0.02379770431540303,0.00605427277432349,0.03988498630793083,-0.03988498630793083
2016-09-20,0.0,0.008854505202513054,0.0024382747335315934,0.02303683581324704,0.006064061546566166,0.040393677295857855,-0.040393677295857855
2016-09-21,0.0,-0.032653169901857675,0.001532035959062902,0.013662979869581971,0.006073806151905303,-0.011384347921307499,0.011384347921307499
2016-09-22,0.0,0.03564388814738079,0.0008236735675411883,0.0029417320412551203,0.0060839737717042885,0.04549326752788139,-0.04549326752788139
2016-09-23,0.0,0.012536632899187614,5.128260507182652e-05,-0.00942091564259491,0.006093540509294326,0.009260540370958855,-0.009260540370958855
2016-09-24,0.0,0.0009338360889360664,-0.0009568367351123275,-0.015303052953954122,0.0061030966769335445,-0.009222956923196838,0.009222956923196838
2016-09-25,0.0,-0.03468314322006324,-0.001517883485851091,-0.008332236769209418,0.006112817961284085,-0.03842044551383966,0.03842044551383966
2016-09-26,0.0,-0.028833768177023062,-0.002481641308513205,0.01036711579155629,0.0061228669918769844,-0.014825426702102993,0.014825426702102993
2016-09-27,0.0,0.04582359464324407,-0.002980228442270516,0.023499164518946233,0.006132937469542037,0.07247546818946182,-0.07247546818946182
2016-09-28,0.0,-0.00045088686624552557,-0.0037149756865649704,0.014117242581918378,0.006142208065170576,0.01609358809427846,-0.01609358809427846
2016-09-29,0.0,-0.016539594208462974,-0.004228154423000492,0.0020613671122250233,0.006151300867166617,-0.012555080652071827,0.012555080652071827
2016-09-30,0.0,0.01300708706014032,-0.004376361489238371,-0.01209624360590503,0.006160634951294507,0.0026951169162914256,-0.0026951169162914256
2016-10-01,0.0,0.027415937949532926,-0.004751009611845786,-0.018883750633697925,0.006169587408432521,0.009950765112421735,-0.009950765112421735
2016-10-02,0.0,-0.041979158048302656,-0.004464992051330495,-0.023051343159906944,0.0061784792874817265,-0.06331701397205838,0.06331701397205838
2016-10-03,0.0,-0.011029764561185618,-0.004443112327543416,-0.01024660709820943,0.006187472089253221,-0.01953201189768524,0.01953201189768524
2016-10-04,0.0,0.0385582516500888,-0.003894806467698266,0.004681545495392573,0.006196745904189393,0.0455417365819725,-0.0455417365819725
2016-10-05,0.0,-0.023332696198129957,-0.003404910168312655,0.0004670036290099827,0.0062055271637011696,-0.02006507557373146,0.02006507557373146
2016-10-06,0.0,-0.006399016428534303,-0.0029299125756956238,-0.011565589295318082,0.006214719967375056,-0.014679798332172953,0.014679798332172953
2016-10-07,0.0,0.013867056179583597,-0.001982136076703459,-0.026346941179185474,0.006224620315020017,-0.008237400761285318,0.008237400761285318
2016-10-08,0.0,-0.006734309752616557,-0.0013774906894275778,-0.02638986375483721,0.006234597629692191,-0.028267066567189154,0.028267066567189154
2016-10-09,0.0,-0.007260507328029284,-0.00018908213464323417,-0.014849103605531834,0.006244597859947184,-0.01605409520825717,0.01605409520825717
2016-10-10,0.0,-0.009545017481987156,0.0006121577380491906,0.00998727220802388,0.00625464819514665,0.0073090606592325635,-0.0073090606592325635
2016-10-11,0.0,-0.05878319695448403,0.0016128256611569322,0.03728131831248542,0.006264634840113932,-0.013624418140727745,0.013624418140727745
2016-10-12,1.0,0.16483495904506915,0.002653688010609826,0.06716987484482984,0.006274938054070522,0.24093345995457935,0.7590665400454206
2016-10-13,0.0,-0.05449662794146904,0.0031463008782803385,0.042035265452261036,0.00626636708355114,-0.003048694527376529,0.003048694527376529
2016-10-14,0.0,-0.034108030259694666,0.004009846777802014,0.008990387400251626,0.0062575504071451194,-0.014850245674495905,0.014850245674495905
2016-10-15,0.0,0.007451321047080229,0.00417445971856697,-0.01996161050866063,0.006258034196801937,-0.002077795546211493,0.002077795546211493
2016-10-16,0.0,-0.019537106362527434,0.004812472759401436,-0.033611411912863695,0.006259181552423922,-0.04207686396356577,0.04207686396356577
2016-10-17,0.0,0.006104300364998651,0.0049100806379123955,-0.02078990494551417,0.006259986722967137,-0.0035155372196359847,0.0035155372196359847
2016-10-18,0.0,0.027110020917567677,0.004915018769014917,-0.00373056166201369,0.006260795317163489,0.03455527334173239,-0.03455527334173239
2016-10-19,0.0,-0.013217809350116586,0.004971830566397899,0.010823139533334594,0.006261681850542501,0.008838842600158409,-0.008838842600158409
2016-10-20,0.0,0.005233281314816951,0.004421088982056844,0.022871741162302638,0.006262462620615667,0.038788574079792096,-0.038788574079792096
2016-10-21,0.0,-0.013137376734505934,0.004288950294044278,0.015787717140676106,0.006263063220182201,0.013202353920396651,-0.013202353920396651
2016-10-22,0.0,-0.02190635157242248,0.0033194008309353753,-0.0023191112887728143,0.006263252676372154,-0.014642809353887763,0.014642809353887763
2016-10-23,0.0,0.04114561814603999,0.002705279922471958,-0.010872791416807623,0.006263641843488592,0.039241748495192914,-0.039241748495192914
2016-10-24,0.0,0.01003821487095341,0.001770345178719169,-0.015664548162270458,0.006263840896799463,0.002407852784201585,-0.002407852784201585
2016-10-25,0.0,-0.008807371454568495,0.0007197912955724944,-0.010604888811103157,0.006264851260401165,-0.012427617709697993,0.012427617709697993
2016-10-26,0.0,-0.010679001078843845,-4.9896908328700177e-05,-0.01118264025951861,0.006265631231461956,-0.0156459070152292,0.0156459070152292
2016-10-27,0.0,-0.01064833479650591,-0.001318153586680396,-0.011334772301241804,0.006266484474639707,-0.017034776209788403,0.017034776209788403
2016-10-28,0.0,-0.006584916034438894,-0.0019024790405245877,-0.010415072798099398,0.006267602128515135,-0.012634865744547743,0.012634865744547743
2016-10-29,0.0,0.0022720690655845003,-0.0029783788605132304,-0.007875657092218305,0.006268854682508867,-0.0023131122046381692,0.0023131122046381692
2016-10-30,0.0,0.0018553755519596685,-0.0036899365903498085,-0.002977585242377314,0.006270079231607387,0.0014579329508399332,-0.0014579329508399332
2016-10-31,0.0,-0.001966549930795008,-0.004348548927118031,0.004922274646499208,0.006271585909314439,0.0048787616979006085,-0.0048787616979006085
2016-11-01,0.0,0.02208446407839928,-0.005072489530136435,0.015540966377025152,0.0062728675457440096,0.03882580847103201,-0.03882580847103201
2016-11-02,0.0,-0.008117792537167573,-0.005133604046186283,0.02312366057405266,0.006273198913889139,0.016145462904587942,-0.016145462904587942
2016-11-03,0.0,-0.010529948343521387,-0.005627109725315157,0.01368830418356553,0.006273554173793855,0.0038048002885228416,-0.0038048002885228416
2016-11-04,0.0,0.005842674179236973,-0.005308751351741277,0.0036556294152633294,0.006273855416323621,0.010463407659082647,-0.010463407659082647
2016-11-05,0.0,0.009681577610839388,-0.005212752112818667,-0.002606662496640159,0.006274130919897333,0.008136293921277895,-0.008136293921277895
2016-11-06,0.0,0.0022516227225972962,-0.004752697434356807,-0.006507270119538678,0.006274952133209179,-0.0027333926980890088,0.0027333926980890088
2016-11-07,0.0,-0.005274002723303862,-0.004058804375285898,-0.006344582919403686,0.006275937951570785,-0.00940145206642266,0.00940145206642266
2016-11-08,0.0,-0.017559526335084008,-0.0036285182513938795,-0.005053361690927455,0.0062772608893300694,-0.019964145388075276,0.019964145388075276
2016-11-09,0.0,0.0025659071246852514,-0.002439199234642832,-0.0018606448752260473,0.006278749552210025,0.004544812567026397,-0.004544812567026397
2016-11-10,0.0,-0.016097201674785826,-0.0017535981681455052,-0.0021443431740709425,0.006280081845443726,-0.01371506117155855,0.01371506117155855
2016-11-11,0.0,0.003275912238873171,-0.0004909606319226146,-0.008752731198619836,0.0062814965636003505,0.00031371697193107156,-0.00031371697193107156
2016-11-12,0.0,0.04676123479137096,0.0005162830386651598,-0.008145369449315302,0.00628343358090016,0.04541558196162098,-0.04541558196162098
2016-11-13,0.0,-0.006123156184189863,0.0015280651116660604,-0.0047733613186701695,0.006285454368416151,-0.0030829980227778213,0.0030829980227778213
2016-11-14,0.0,-0.024660736345320455,0.0028106515409484552,0.010563769405376837,0.006286566247479086,-0.004999749151516075,0.004999749151516075
2016-11-15,0.0,0.005041915487850206,0.0034050327095103165,0.019378048774302953,0.006287945792057541,0.03411294276372102,-0.03411294276372102
2016-11-16,0.0,-0.020794816762715808,0.004511566367349222,0.010373678449530853,0.0062900003339428035,0.0003804283881070703,-0.0003804283881070703
2016-11-17,0.0,0.027613533911490434,0.004885176120807107,-0.0016124808954044128,0.006292467229488283,0.03717869636638141,-0.03717869636638141
2016-11-18,0.0,0.007590450654020932,0.0055100463326249755,-0.019629421349735512,0.006294791286380643,-0.00023413307670896218,0.00023413307670896218
2016-11-19,0.0,-0.012324525246151161,0.005824830128359151,-0.034490010542508644,0.006296979182366996,-0.03469272647793366,0.03469272647793366
2016-11-20,0.0,0.0032474326634525743,0.005706009565601118,-0.02537154794840488,0.0062992242253680246,-0.010118881493983163,0.010118881493983163
2016-11-21,0.0,-0.021955829437386644,0.00596033700959411,0.00146761802318121,0.006301784342677973,-0.00822609006193335,0.00822609006193335
2016-11-22,0.0,-0.07616801607922595,0.005337616215066391,0.035323024475303354,0.006304576155787773,-0.029202799233068438,0.029202799233068438
2016-11-23,1.0,0.17400599199650776,0.00519571408597372,0.0656129785412037,0.006306888887966577,0.25112157351165176,0.7488784264883482
2016-11-24,0.0,-0.05945283817471886,0.004152030339747976,0.03883094141946208,0.006290360335349136,-0.010179506080159672,0.010179506080159672
2016-11-25,0.0,-0.0140955772359444,0.003276165107002315,0.011913844397804907,0.006274196094168265,0.007368628363031089,-0.007368628363031089
2016-11-26,0.0,0.0062886399026627175,0.0023317806542224907,-0.014342835755722915,0.006258358733047802,0.0005359435342100951,-0.0005359435342100951
2016-11-27,0.0,-0.01568424444711642,0.0009489033256537952,-0.028409929105945888,0.006242033993291069,-0.03690323623411745,0.03690323623411745
2016-11-28,0.0,0.014673834225192828,0.0001262359539064637,-0.02920070364177343,0.00622600876054671,-0.008174624702127431,0.008174624702127431
2016-11-29,0.0,-0.014587076390799047,-0.0013361953693238557,-0.014533234354536882,0.0062100941936100605,-0.02424641192104972,0.02424641192104972
2016-11-30,0.0,-0.023624601466530094,-0.0021075314201743525,0.002541801105156331,0.006194685101879772,-0.016995646679668346,0.016995646679668346
2016-12-01,0.0,0.05016128288381804,-0.0032356966710352627,0.011675684861484438,0.006179614211785533,0.06478088528605275,-0.06478088528605275
2016-12-02,0.0,-0.006993694664457318,-0.004213537779327226,-0.0020247290606923716,0.006164268840494981,-0.007067692663981934,0.007067692663981934
2016-12-03,0.0,-0.041670902040663975,-0.004821120467663417,-0.018697031575872942,0.006147888807900102,-0.05904116527630024,0.05904116527630024
2016-12-04,0.0,0.020888043164958823,-0.005704377416386994,-0.020153709608409877,0.00613181153085994,0.0011617676710218919,-0.0011617676710218919
2016-12-05,0.0,0.0037814461430867334,-0.005731740191540322,-0.01816290587176728,0.00611621453759018,-0.013996985382630691,0.013996985382630691
2016-12-06,0.0,-0.007387334779347757,-0.0062019316023732025,-0.005985306066526151,0.006100511878489921,-0.01347406056975719,0.01347406056975719
2016-12-07,0.0,0.0006288823375183072,-0.005932973478616535,0.004202974350395947,0.006085135213487268,0.004984018422784987,-0.004984018422784987
2016-12-08,0.0,0.0346114446246389,-0.00560397990965809,0.01760994609740987,0.0060700486971247344,0.052687459509515415,-0.052687459509515415
2016-12-09,0.0,-0.02470708833397983,-0.005230562841195351,0.011902703442167775,0.0060541885148296375,-0.011980759218177766,0.011980759218177766
2016-12-10,0.0,-0.024949554569262525,-0.004291083454731233,-0.0014273030780474808,0.006038280816812575,-0.02462966028522866,0.02462966028522866
2016-12-11,0.0,-0.0004796688148217831,-0.0038054701011264592,-0.008249841347834557,0.006022939868343834,-0.006512040395438965,0.006512040395438965
2016-12-12,0.0,0.010278747300599347,-0.0024818821209805428,-0.004327575716405385,0.006007797261312606,0.009477086724526025,-0.009477086724526025
2016-12-13,0.0,0.019263462143346805,-0.0016286838442695914,0.004506762955726494,0.005992623365899861,0.028134164620703568,-0.028134164620703568
2016-12-14,0.0,-0.011544410845916831,-0.00042463712058648584,0.016247919841365303,0.005977185473417014,0.010256057348279002,-0.010256057348279002
2016-12-15,0.0,0.007466922280290097,0.000825548017732779,0.023219858434253345,0.005961363267309059,0.03747369199958528,-0.03747369199958528
2016-12-16,0.0,0.014433667438578674,0.0017780023424524179,0.02568765792869529,0.005945736156952696,0.047845063866679076,-0.047845063866679076
2016-12-17,0.0,-0.026297508100304904,0.003211626962432887,0.015477114239405291,0.005930156922666031,-0.0016786099758006965,0.0016786099758006965
2016-12-18,0.0,0.020747591987253126,0.003814549280100398,-0.0022512612452855827,0.005914780603253918,0.02822566062532186,-0.02822566062532186
2016-12-19,0.0,-0.010234518550666061,0.0048495849125159635,-0.015029385536420777,0.005899012183986189,-0.014515306990584686,0.014515306990584686
2016-12-20,0.0,0.005664027242725413,0.005345370704458251,-0.014451178987036349,0.005883666294555274,0.0024418852547025893,-0.0024418852547025893
2016-12-21,0.0,-0.00659550295461556,0.005732418927567233,-0.010048011902911177,0.005868082235008886,-0.005043013694950619,0.005043013694950619
2016-12-22,0.0,-0.005886985947834205,0.006135613509229167,-0.009807765739702129,0.005852018024451196,-0.00370712015385597,0.00370712015385597
2016-12-23,0.0,-0.016025149429858977,0.0058343924812814234,-0.010439483432533949,0.005836503659667402,-0.014793736721444102,0.014793736721444102
2016-12-24,0.0,0.03281889177667992,0.006059808477547906,-0.0072497046947190644,0.0058216455735495935,0.03745064113305835,-0.03745064113305835
2016-12-25,0.0,-0.010395832208912697,0.005356033583274085,-0.0028569891542944243,0.005806296736681875,-0.002090491043251162,0.002090491043251162
2016-12-26,0.0,-0.00020518444822287946,0.004917283261135201,0.0022671352976466825,0.005790842067136121,0.012770076177695124,-0.012770076177695124
2016-12-27,0.0,0.00573473939670561,0.004019898431766104,0.008996650623221311,0.005774933066642199,0.024526221518335226,-0.024526221518335226
2016-12-28,0.0,-0.008554143829701884,0.002894469534049687,0.014043777015988844,0.005759009502140073,0.01414311222247672,-0.01414311222247672
2016-12-29,0.0,0.013042503387453469,0.002094382756285394,0.011983589287338888,0.0057431531358284995,0.03286362856690625,-0.03286362856690625
2016-12-30,0.0,-0.006452394425891822,0.0005555525497680357,-0.0032490588064812437,0.005727178177279497,-0.003418722505325533,0.003418722505325533
2016-12-31,0.0,-0.013374824709222074,-0.0002672727340193178,-0.018476088114813886,0.0057109969377762086,-0.02640718862027907,0.02640718862027907
2017-01-01,0.0,0.004039581935008366,-0.0016682476706436956,-0.015502027469805614,0.005695111736615176,-0.007435581468825768,0.007435581468825768
2017-01-02,0.0,0.02219744573019244,-0.0025985425248003626,-0.00466186039450943,0.005679746544981973,0.020616789355864622,-0.020616789355864622
2017-01-03,0.0,-0.029669591510468562,-0.003565118625921674,0.005277938779181842,0.005663560168368611,-0.02229321118883978,0.02229321118883978
2017-01-04,0.0,0.0046002127510757895,-0.004675235795382987,0.015156549393289292,0.005647621477374584,0.020729147826356677,-0.020729147826356677
2017-01-05,0.0,0.0005119529119103879,-0.005077511881526229,0.014789794773600106,0.005631530214034311,0.015855766018018577,-0.015855766018018577
2017-01-06,0.0,0.014879787688837966,-0.005949860301831266,0.00891744105434388,0.005615252461822731,0.02346262090317331,-0.02346262090317331
2017-01-07,0.0,-0.005618483598635496,-0.006002239802535699,-0.006137896434617392,0.0055987043540007934,-0.012159915481787794,0.012159915481787794
2017-01-08,0.0,-0.0027263614821550503,-0.006280730003329715,-0.016050514165125485,0.005582426227077222,-0.019475179423533027,0.019475179423533027
2017-01-09,0.0,0.021472076702931542,-0.006110384643971217,-0.015153060116906583,0.00556637173956772,0.005775003681621463,-0.005775003681621463
2017-01-10,0.0,-0.029608814305803092,-0.005531461828985154,-0.004186971953830123,0.005549795903518554,-0.03377745218509982,0.03377745218509982
2017-01-11,0.0,-0.014803398268409793,-0.005221493250199671,0.0018786551747593777,0.00553363086628972,-0.012612605477560367,0.012612605477560367
2017-01-12,0.0,0.028621140487479865,-0.00410824509340712,0.007052209787608863,0.005517990719386009,0.03708309590106762,-0.03708309590106762
2017-01-13,0.0,-0.015437807588341079,-0.003513319027685591,0.00155288133884476,0.00550213832006787,-0.011896106957114039,0.011896106957114039
2017-01-14,0.0,0.002468813947333493,-0.0022418631702691844,-0.002440789228665955,0.005486833788287973,0.0032729953366863267,-0.0032729953366863267
2017-01-15,0.0,0.013885142368715468,-0.0011931426057569805,-0.00686957933682712,0.005471261021676431,0.011293681447807798,-0.011293681447807798
2017-01-16,0.0,-0.008656178542174023,-0.00015156541500380984,-0.0108801282288226,0.005455251462736347,-0.014232620723264085,0.014232620723264085
2017-01-17,0.0,0.006737414014199276,0.0013120361571913126,-0.0025306828074343414,0.005439487152607056,0.010958254516563303,-0.010958254516563303
2017-01-18,0.0,-0.024987146280853977,0.00217711909020112,0.008169927109665603,0.005423661591976843,-0.009216438489010412,0.009216438489010412
2017-01-19,0.0,0.017214043515695686,0.0036084201217300776,0.019195801794609613,0.0054077808488479885,0.04542604628088336,-0.04542604628088336
2017-01-20,0.0,0.020497826679856012,0.004270954255851539,0.02023737126979554,0.005392380773395175,0.05039853297889827,-0.05039853297889827
2017-01-21,0.0,-0.002600085460181467,0.00515040381957526,0.013602896526497203,0.005376819698397555,0.02153003458428855,-0.02153003458428855
2017-01-22,0.0,-0.018947198927447,0.005770928071777372,0.0033700369007395267,0.0053601912889675385,-0.004446042665962563,0.004446042665962563
2017-01-23,0.0,-0.007470576623305539,0.005921500747158871,-0.0023726781925438355,0.005352813698831348,0.001431059630140845,-0.001431059630140845
2017-01-24,0.0,0.021970034280500997,0.006387602857187801,-0.010125230907825503,0.005345486630663143,0.023577892860526438,-0.023577892860526438
2017-01-25,0.0,-0.03351942122395155,0.0059780499334351565,-0.0052370402514658404,0.00533757338099973,-0.027440838160982507,0.027440838160982507
2017-01-26,0.0,0.031399508455557244,0.006024201860101521,0.006279133147503718,0.005330173072136399,0.04903301653529888,-0.04903301653529888
2017-01-27,0.0,0.02668024039723203,0.005374704026104109,0.007924998137840826,0.005322822158785868,0.045302764719962835,-0.045302764719962835
2017-01-28,0.0,-0.0302421576492989,0.004639765005364407,0.0029855393617113177,0.005314955969798974,-0.0173018973124242,0.0173018973124242
2017-01-29,0.0,-0.006841881235818339,0.0039158347026860794,-0.003210494959016084,0.005307736029767902,-0.0008288054623804414,0.0008288054623804414
2017-01-30,0.0,-0.015564879652662945,0.002565951054744569,-0.005516079923723824,0.005300953477378238,-0.013214055044263963,0.013214055044263963
2017-01-31,0.0,0.03349209322969481,0.0017843099273548262,-0.007287460742783157,0.005294386092817963,0.033283328507084445,-0.033283328507084445
2017-02-01,0.0,-0.007507531653087534,0.00018623049358779212,-0.015478134558448344,0.005286953459609032,-0.017512482258339054,0.017512482258339054
2017-02-02,0.0,-0.009444362615009161,-0.0007963097829428369,-0.018644360594953915,0.005279694677690903,-0.02360533831521501,0.02360533831521501
2017-02-03,0.0,-0.0017036757431011826,-0.0020478993620900994,-0.014674859153591175,0.005272365264647751,-0.013154068994134705,0.013154068994134705
2017-02-04,0.0,0.0009913289893396968,-0.0032182527679685217,-0.009444399395844825,0.005265205660331995,-0.006406117514141655,0.006406117514141655
2017-02-05,0.0,-0.004038324487640255,-0.0039825313751468494,-0.004530918782095429,0.005257925054747757,-0.007293849590134778,0.007293849590134778
2017-02-06,0.0,-0.011168674115837083,-0.005205998908614374,0.002762363716847535,0.0052501106596045885,-0.008362198647999334,0.008362198647999334
2017-02-07,0.0,0.011362908831256943,-0.005529910141379173,0.010964953299291666,0.005242441410825767,0.022040393399995202,-0.022040393399995202
2017-02-08,0.0,0.015700782030561865,-0.0063222542012984165,0.014110585137771775,0.005235336160996375,0.0287244491280316,-0.0287244491280316
2017-02-09,0.0,-0.0027380139357674367,-0.006455472495844304,0.005637336431412094,0.0052281102353225,0.0016719602351228545,-0.0016719602351228545
2017-02-10,0.0,-0.006767461240007667,-0.006482332406689738,-0.000775603660592718,0.00521998453041048,-0.008805412776879643,0.008805412776879643
2017-02-11,0.0,-0.0013284028385480895,-0.006413707265213448,-0.0017602864704877527,0.005212244924654532,-0.004290151649594758,0.004290151649594758
2017-02-12,0.0,-0.02334218750653275,-0.005603589446297619,0.004227102452083593,0.005204865917083667,-0.01951380858366311,0.01951380858366311
2017-02-13,0.0,0.031415396132073836,-0.005280813845371431,0.011979896303666646,0.005197420566044417,0.043311899156413466,-0.043311899156413466
2017-02-14,0.0,-0.004693388871308234,-0.004111778390953359,0.014829193070235643,0.005189335743783405,0.011213361551757454,-0.011213361551757454
2017-02-15,0.0,0.002609872109037083,-0.0032957863879349977,0.014496620889827463,0.005181470640448241,0.01899217725137779,-0.01899217725137779
2017-02-16,0.0,-0.0016327504350761393,-0.0021219090940704215,0.007856055778007682,0.005173462224369008,0.009274858473230129,-0.009274858473230129
2017-02-17,0.0,-0.0057637935193316555,-0.0007853429650338879,-0.004912120848275265,0.005165361321598663,-0.006295896011042145,0.006295896011042145
2017-02-18,0.0,-0.001799752512282626,0.0001773024455203756,-0.015165276063165263,0.005157403026658542,-0.011630323103268971,0.011630323103268971
2017-02-19,0.0,0.0006733008353049151,0.0018392742313427333,-0.016347645216602976,0.005149885952434161,-0.008685184197521166,0.008685184197521166
2017-02-20,0.0,0.003935861376377933,0.0027408928003977984,-0.007768710661410072,0.005143010082233632,0.004051053597599291,-0.004051053597599291
2017-02-21,0.0,0.02054688915745,0.004144184948993778,0.0009359021546939489,0.005136172876657427,0.030763149137795154,-0.030763149137795154
2017-02-22,0.0,-0.021942616699483945,0.004996513655368243,0.0033684507733666037,0.005127946083429805,-0.008449706187319293,0.008449706187319293
2017-02-23,0.0,-0.011635276433063738,0.005733178414538089,0.010560986264147079,0.005120455840806549,0.009779344086427978,-0.009779344086427978
2017-02-24,0.0,-0.0033328106014848683,0.006562996611201204,0.006296566717901946,0.005113389900870136,0.014640142628488416,-0.014640142628488416
2017-02-25,0.0,0.025336906939704047,0.006548740011699902,-0.0009446006814478446,0.00510620240506892,0.03604724867502502,-0.03604724867502502
2017-02-26,0.0,-0.0030668455295403776,0.006996636881854755,-0.011412080761520296,0.0050985356307671394,-0.0023837537784387793,0.0023837537784387793
2017-02-27,0.0,-0.003248350648315492,0.006544956507375191,-0.012803390513933973,0.00509074088076047,-0.004416043774113804,0.004416043774113804
2017-02-28,0.0,0.0012080439582124267,0.006348711343537832,-0.006004778924415341,0.005082891159933671,0.006634867537268589,-0.006634867537268589
2017-03-01,0.0,-0.0019393360373115775,0.005740507502915288,0.004406623757623214,0.005074386766439317,0.013282181989666242,-0.013282181989666242
2017-03-02,0.0,-0.025467483644361626,0.004692736023924313,0.009438903643635067,0.005065820418114084,-0.006270023558688161,0.006270023558688161
2017-03-03,0.0,0.03879242718825386,0.0040143276198889985,0.015145356747338955,0.0050580465152561096,0.06301015807073793,-0.06301015807073793
2017-03-04,0.0,0.003509633559384515,0.0024491991244647224,0.009655183227000054,0.005050411075167854,0.020664426986017143,-0.020664426986017143
2017-03-05,0.0,-0.018778798221525523,0.0014998724533232988,-0.006549990869194505,0.0050428482990472635,-0.01878606833834947,0.01878606833834947
2017-03-06,0.0,-0.008584142542014502,-0.00011032729694862448,-0.013452571977640809,0.0050352063784003,-0.017111835438203635,0.017111835438203635
2017-03-07,0.0,-0.00016623552792450547,-0.0013903821960495628,-0.013035166408736316,0.005026956284910168,-0.009564827847800217,0.009564827847800217
2017-03-08,0.0,0.009352808295860594,-0.0025270811198734983,-0.0037565287312173157,0.005018994420986077,0.008088192865755857,-0.008088192865755857
2017-03-09,0.0,0.004555203206526859,-0.004011090313439369,0.0010101458092689893,0.005010985845639346,0.0065652445479958245,-0.0065652445479958245
2017-03-10,0.0,-0.002309695515722035,-0.004685394216772847,0.0027791355983172437,0.0050024914970648775,0.0007865373628872388,-0.0007865373628872388
2017-03-11,0.0,-0.01799710274606227,-0.0059790486558688296,0.0028881100127449294,0.004994459882461681,-0.016093581506724488,0.016093581506724488
2017-03-12,0.0,0.03344965109832998,-0.006306248484850592,0.003466019882905215,0.004995738202856637,0.035605160699241245,-0.035605160699241245
2017-03-13,0.0,-0.02520054797773033,-0.006949214698083669,-0.0026242041863499257,0.004996682619744118,-0.029777284242419808,0.029777284242419808
2017-03-14,0.0,0.00426592640276047,-0.007201752524861251,-0.007596108221360972,0.004997768248546142,-0.005534166094915612,0.005534166094915612
2017-03-15,0.0,-0.004202678013983753,-0.006932072570461654,-0.008497601708612617,0.004998891240991342,-0.014633461052066681,0.014633461052066681
2017-03-16,0.0,-0.002820413756446062,-0.006934585165760723,-0.0027698505090305208,0.0050001180217522185,-0.007524731409485085,0.007524731409485085
2017-03-17,0.0,0.014382303038959139,-0.005945827539768635,0.003151624053305229,0.005001382634380588,0.016589482186876323,-0.016589482186876323
2017-03-18,0.0,-0.005884271699029955,-0.005497435518291312,0.006404049228510046,0.005002467778660129,2.480978984890827e-05,-2.480978984890827e-05
2017-03-19,0.0,-0.004408357357792344,-0.004261228761920903,0.01180023875067163,0.005003371962945142,0.008134024593903527,-0.008134024593903527
2017-03-20,0.0,0.008823318708219983,-0.003144801805315298,0.014827721942702425,0.0050041439703931235,0.02551038281600023,-0.02551038281600023
2017-03-21,0.0,-0.02027385352837122,-0.0020357954720254716,0.008428453681409357,0.00500528101916769,-0.008875914299819643,0.008875914299819643
2017-03-22,0.0,0.0359173344626691,-0.00041671173064582797,9.85699267879776e-05,0.00500635661134243,0.04060554927015368,-0.04060554927015368
2017-03-23,0.0,-0.0249534048918865,0.0005344590362676175,-0.010294333292787226,0.0050076524174085535,-0.029705626730997553,0.029705626730997553
2017-03-24,0.0,0.004697081524052028,0.002293555714164534,-0.009243205739777422,0.005009367978312151,0.0027567994767512902,-0.0027567994767512902
2017-03-25,0.0,0.010655897154655727,0.0032912836489851095,-0.0023908367447369972,0.005010727813627539,0.01656707187253138,-0.01656707187253138
2017-03-26,0.0,-0.026662352043501765,0.004586702748428245,0.006111830989976206,0.0050122624179704325,-0.01095155588712688,0.01095155588712688
2017-03-27,0.0,0.01312456503710223,0.005674614316658391,0.016078492183355046,0.005013944996999627,0.0398916165341153,-0.0398916165341153
2017-03-28,0.0,0.017013330215913086,0.006231230041777909,0.018796358678601636,0.005015191663145514,0.04705611059943814,-0.04705611059943814
2017-03-29,0.0,-0.0018594524145853272,0.007152373046744808,0.007938957485946922,0.005015984249549883,0.018247862367656284,-0.018247862367656284
2017-03-30,0.0,-0.015179271826381947,0.006994050405572284,-0.0061611791775336355,0.005016304763567117,-0.00933009583477618,0.00933009583477618
2017-03-31,0.0,-0.0007872800357066328,0.007358845307731041,-0.014514170325736129,0.0050166112052357405,-0.0029259938484759804,0.0029259938484759804
2017-04-01,0.0,0.006319451039778172,0.006918308340214469,-0.01551846489725329,0.005016992686475031,0.0027362871692143825,-0.0027362871692143825
2017-04-02,0.0,0.008268058732281125,0.006464318259630125,-0.012556057097269075,0.005017486535997777,0.007193806430639951,-0.007193806430639951
2017-04-03,0.0,-0.0003588873911518091,0.005935164822871562,-0.0108556239131633,0.005018278437019736,-0.00026106804442381157,0.00026106804442381157
2017-04-04,0.0,-0.01571448436178064,0.004680011655641907,-0.003906336018969503,0.005019062362627847,-0.00992174636248039,0.00992174636248039
2017-04-05,0.0,-0.000299256199924277,0.004008899894629681,-0.0009485163576779849,0.005020373558469512,0.00778150089549693,-0.00778150089549693
2017-04-06,0.0,0.006500954960473367,0.002377782841728651,0.0014061177675511,0.005021528120034882,0.015306383689788,-0.015306383689788
2017-04-07,0.0,-0.007796623090373481,0.0012781863973153375,-0.003277053241504605,0.005022025567109413,-0.004773464367453337,0.004773464367453337
2017-04-08,0.0,0.012919676911728684,-0.00023061457318150605,-0.0056491347753608425,0.005022572287414574,0.01206249985060091,-0.01206249985060091
2017-04-09,0.0,-0.010176111264161717,-0.0017324133715015753,-0.0063572045229209,0.005023085296434027,-0.013242643862150166,0.013242643862150166
2017-04-10,0.0,0.003802078311448092,-0.002747674338026819,-0.0005003283878550976,0.005023584388702392,0.005577659974268567,-0.005577659974268567
2017-04-11,0.0,-0.009555818512370393,-0.004385924545072342,0.0026750437821529954,0.005024131019155331,-0.0062425682561344075,0.0062425682561344075
2017-04-12,0.0,0.021690691448680393,-0.005002730962663889,0.011576515089076114,0.005024695204902641,0.033289170779995256,-0.033289170779995256
2017-04-13,0.0,-0.00947580315510732,-0.006229548826357225,0.010109721434445095,0.0050245446283974935,-0.0005710859186219596,0.0005710859186219596
2017-04-14,0.0,-0.005247167393825276,-0.00669187013407949,0.008164354188852755,0.0050246711008563065,0.0012499877618042969,-0.0012499877618042969
2017-04-15,0.0,0.006354856317048272,-0.007119623389054971,0.0029209211943668494,0.0050251167137654856,0.007181270836125636,-0.007181270836125636
2017-04-16,0.0,-0.0011082022974638695,-0.00752354380622198,-0.004600637950605904,0.0050256061790359225,-0.008206777875255832,0.008206777875255832
2017-04-17,0.0,-0.012392544066278804,-0.007045364998819147,-0.0016947021995932718,0.0050261212077022804,-0.016106490056988942,0.016106490056988942
2017-04-18,0.0,-0.003422430658917037,-0.007101288626811459,0.0048356742415826895,0.005026988020790955,-0.0006610570233548524,0.0006610570233548524
2017-04-19,0.0,0.032446260060551166,-0.006045872162665609,0.009911811336753366,0.005027756588757543,0.04133995582339647,-0.04133995582339647
2017-04-20,0.0,-0.020267450477244573,-0.005470104773755294,0.008479766275379684,0.005027478890647269,-0.012230310084972915,0.012230310084972915
2017-04-21,0.0,0.009995275385374175,-0.004300769100247988,0.0069482865744029685,0.00502754288032818,0.017670335739857337,-0.017670335739857337
2017-04-22,0.0,-0.00969158245241691,-0.002955483538520665,0.00014040859577145806,0.005027302170820925,-0.007479355224345193,0.007479355224345193
2017-04-23,0.0,0.01074573685140548,-0.0019673424389516515,-0.0033149422184347833,0.005027004417598146,0.01049045661161719,-0.01049045661161719
2017-04-24,0.0,-0.02196831354192602,-0.00019234793946088934,-0.012358594677291414,0.0050270308993240875,-0.029492225259354236,0.029492225259354236
2017-04-25,0.0,0.0083136194129495,0.0007850386327198661,-0.0076318231927511035,0.005027366749014601,0.0064942016019328645,-0.0064942016019328645
2017-04-26,0.0,0.009270040780039374,0.002499962231279581,-0.0057080193475109765,0.005027156559241706,0.011089140223049684,-0.011089140223049684
2017-04-27,0.0,0.0017238658783155416,0.0036374060012127796,-0.0032696241694577365,0.0050269784330772786,0.007118626143147863,-0.007118626143147863
2017-04-28,0.0,-0.0018644646903695362,0.004761191586348619,-0.0015070127673078968,0.005027073045351425,0.006416787174022611,-0.006416787174022611
2017-04-29,0.0,-0.017550682109548167,0.006037731921077189,0.002224129058920252,0.005026969926020886,-0.004261851203529841,0.004261851203529841
2017-04-30,0.0,-0.005581592500488671,0.006432893496786936,0.011874034928292103,0.005027097589522262,0.01775243351411263,-0.01775243351411263
2017-05-01,0.0,0.041732359410386756,0.007416802994496459,0.013862402506969029,0.00502696444233849,0.06803852935419073,-0.06803852935419073
2017-05-02,0.0,-0.020420898613144767,0.007250072770759219,0.004087391376471037,0.005025499572637221,-0.004057934893277289,0.004057934893277289
2017-05-03,0.0,0.00023016128881673354,0.007475960797445718,-0.002922071862431364,0.005024713235724872,0.009808763459555959,-0.009808763459555959
2017-05-04,0.0,0.004668167448395831,0.007173926250618782,-0.011563268736906255,0.005024232180377979,0.005303057142486338,-0.005303057142486338
2017-05-05,0.0,-0.01511844349476587,0.006465873137565513,-0.01632261137276599,0.005023663079550699,-0.019951518650415646,0.019951518650415646
2017-05-06,0.0,0.011763340878999018,0.006053084626937438,-0.012318771561993364,0.005023412741972535,0.010521066685915627,-0.010521066685915627
2017-05-07,0.0,-0.013165565425454665,0.0046745692794413485,-0.007493883193366301,0.005023963294643463,-0.010960916044736157,0.010960916044736157
2017-05-08,0.0,0.016747059956454282,0.003990182154074845,0.002355959444757729,0.005024446039702481,0.028117647594989338,-0.028117647594989338
2017-05-09,0.0,-0.0097662995795963,0.0024063395603566955,0.006646137180502944,0.005033923282138288,0.0043201004434016265,-0.0043201004434016265
2017-05-10,0.0,-0.00914890878089079,0.0011469377094037135,0.004154991473373206,0.00504366979561014,0.0011966901974962696,-0.0011966901974962696
2017-05-11,0.0,0.007026844204514905,-0.0001843213137190698,0.003944010637783441,0.00505286039617729,0.015839393924756563,-0.015839393924756563
2017-05-12,0.0,0.008214644665262266,-0.0019154256902869649,0.0015601325668346128,0.00506150623409229,0.012920857775902204,-0.012920857775902204
2017-05-13,0.0,0.0038100053279863095,-0.002840860398155378,-0.0031155926645770574,0.005070442352664926,0.0029239946179188004,-0.0029239946179188004
2017-05-14,0.0,-0.005935332346172939,-0.004552584280718875,-0.006983612876563871,0.0050790537900089845,-0.012392475713446701,0.012392475713446701
2017-05-15,0.0,-0.01549593928389081,-0.005257490069363874,-0.00566137553852827,0.005087305769381773,-0.021327499122401183,0.021327499122401183
2017-05-16,0.0,0.02801595477551936,-0.006354175264216118,0.003092288595635034,0.0050955258637307155,0.02984959397066899,-0.02984959397066899
2017-05-17,0.0,-0.01526169710834057,-0.007061806402922071,0.00449860860870977,0.00510419643291663,-0.01272069846963624,0.01272069846963624
2017-05-18,0.0,-0.005876840404236945,-0.00729965869262564,0.006445913038063282,0.005112855473599168,-0.0016177305852001353,0.0016177305852001353
2017-05-19,0.0,-0.0146931908181436,-0.007909342553642687,0.006837944629418829,0.005122366031938237,-0.010642222710429222,0.010642222710429222
2017-05-20,0.0,0.032087637769592184,-0.007345925277683445,0.006309332945918722,0.005131656606180554,0.03618270204400802,-0.03618270204400802
2017-05-21,0.0,9.301042327156117e-05,-0.007449703811149931,0.0033034496853527706,0.005140252204559084,0.0010870085020334838,-0.0010870085020334838
2017-05-22,0.0,-0.010000432727740753,-0.0065395651807743215,-0.0004994253567898279,0.0051489708587949,-0.011890452406510005,0.011890452406510005
2017-05-23,0.0,-0.014934598718751838,-0.005774908890469452,0.000406696338490006,0.005157398024516479,-0.015145413246214805,0.015145413246214805
2017-05-24,0.0,0.02657223584649994,-0.0048228242447513475,0.011412880051901202,0.005165736910063534,0.03832802856371333,-0.03832802856371333
2017-05-25,0.0,-0.007433215155886935,-0.003265029153012348,0.009381704307329439,0.00517414257433132,0.0038576025727614753,-0.0038576025727614753
2017-05-26,0.0,-0.015086880747933705,-0.0023592465616378774,0.00428759706258161,0.005182669085393961,-0.007975861161596012,0.007975861161596012
2017-05-27,0.0,0.0203810872101385,-0.00047376969715699047,-0.0002676345811068754,0.005191380739950571,0.024831063671825204,-0.024831063671825204
2017-05-28,0.0,-0.006956499768390291,0.0006156096603335198,-0.0072323334074077174,0.005200043138319742,-0.008373180377144747,0.008373180377144747
2017-05-29,0.0,-0.004490711011458464,0.002244767200894215,-0.010908425178503163,0.0052090366022590285,-0.007945332386808383,0.007945332386808383
2017-05-30,0.0,-0.007933949207708913,0.003651279735715096,-0.010351508265243435,0.005218033451452069,-0.009416144285785183,0.009416144285785183
2017-05-31,0.0,-0.00817350836085308,0.00467746019532192,-0.004280204820316406,0.005227283067691839,-0.0025489699181557267,0.0025489699181557267
2017-06-01,0.0,0.0405582052681362,0.006217518701563463,0.0036396075012630714,0.005236663299370634,0.05565199477033337,-0.05565199477033337
2017-06-02,0.0,-0.012646522863821626,0.006666486535872689,0.006066843389637861,0.00524513287563069,0.005331939937319614,-0.005331939937319614
2017-06-03,0.0,-0.03297791406684627,0.007703617335893021,0.002217345843983517,0.005253135530840049,-0.017803815356129682,0.017803815356129682
2017-06-04,0.0,0.027485042559119523,0.007798348127984155,0.0008942456207887811,0.005261271659300064,0.041438907967192525,-0.041438907967192525
2017-06-05,0.0,-0.009615396417105886,0.007912755244735767,-0.0077970171031225615,0.005268547139885903,-0.0042311111356067785,0.0042311111356067785
2017-06-06,0.0,0.014106129315505202,0.007862353685251788,-0.014784645217967645,0.005276093341267735,0.01245993112405708,-0.01245993112405708
2017-06-07,0.0,-0.0033884063597562656,0.007030822926553434,-0.023259475055082066,0.005284286523321217,-0.014332771964963681,0.014332771964963681
2017-06-08,0.0,-0.0157780331637806,0.006782604942659935,-0.021651712951272058,0.005292015796798888,-0.025355125375593836,0.025355125375593836
2017-06-09,0.0,-0.002051593084863447,0.005421881131346121,-0.010909651203378811,0.0053003927177732125,-0.0022389704391229245,0.0022389704391229245
2017-06-10,0.0,-0.005070915042962285,0.004642388350229026,0.006714396548921198,0.005309365919988949,0.011595235776176887,-0.011595235776176887
2017-06-11,0.0,0.006126259123234893,0.0031987176339864296,0.021763784124619143,0.005318470939446954,0.03640723182128742,-0.03640723182128742
2017-06-12,0.0,0.03905330173631574,0.0016656625685961275,0.02587937357966193,0.005327339525966334,0.07192567741054014,-0.07192567741054014
2017-06-13,0.0,-0.03664555772129671,0.0004193563170155043,0.016222469731703364,0.005335355688110626,-0.014668375984467215,0.014668375984467215
2017-06-14,0.0,0.004597365654349367,-0.0015383122217106108,0.0049896835987526846,0.0053436104608265075,0.01339234749221795,-0.01339234749221795
2017-06-15,0.0,0.008263388826271425,-0.0025860872837856486,-0.003924158075661501,0.005351253662852332,0.007104397129676607,-0.007104397129676607
2017-06-16,0.0,-0.014840274091277457,-0.004362046371003656,-0.006594314908711891,0.005358923021500599,-0.020437712349492404,0.020437712349492404
2017-06-17,0.0,0.034854908715809,-0.005370786247080734,0.0008066932206483286,0.005366404498317275,0.03565722018769387,-0.03565722018769387
2017-06-18,0.0,-0.016454113279746104,-0.0064103339719490116,0.006822655502337336,0.005373869948842031,-0.01066792180051575,0.01066792180051575
2017-06-19,0.0,-0.032279042317693823,-0.007474364283921809,0.011310280239126112,0.00538206493730483,-0.023061061425184687,0.023061061425184687
2017-06-20,0.0,0.035451071758657776,-0.007644146606485971,0.01060332441343534,0.0053906926501099805,0.04380094221571713,-0.04380094221571713
2017-06-21,0.0,-0.01144613610979397,-0.008430611620900579,0.003811865698940948,0.005398655104513862,-0.010666226927239737,0.010666226927239737
2017-06-22,0.0,0.007579139282830669,-0.00801257065799185,-0.004483467223966476,0.005406696780182802,0.0004897981810551445,-0.0004897981810551445
2017-06-23,0.0,-0.010596095813230915,-0.00804826475956846,-0.011720577972875975,0.005414717299549743,-0.02495022124612561,0.02495022124612561
2017-06-24,0.0,0.0012789583664649315,-0.007391074304952039,-0.011289176356172546,0.005422680994017436,-0.011978611300642216,0.011978611300642216
2017-06-25,0.0,0.008593435463308225,-0.006400184454493878,-0.0033271866336711223,0.005430747428346525,0.00429681180348975,-0.00429681180348975
2017-06-26,0.0,-0.01521559101698735,-0.005632475441397096,0.0056650110095772905,0.005438363728054665,-0.00974469172075249,0.00974469172075249
2017-06-27,0.0,0.022327475551212256,-0.0038779792255165414,0.008956182169672797,0.005445253310461498,0.032850931805830014,-0.032850931805830014
2017-06-28,0.0,-0.017770743849084027,-0.00294813108305542,0.00408465626945336,0.005452640969215432,-0.011181577693470654,0.011181577693470654
2017-06-29,0.0,-0.010228407044307983,-0.001042711142037451,-0.004366573700581235,0.00546066515456484,-0.01017702673236183,0.01017702673236183
2017-06-30,0.0,0.023880023515432253,0.00031514537034917257,-0.010669186001940048,0.0054686479658093475,0.018994630849650727,-0.018994630849650727
2017-07-01,0.0,-0.01913842475210369,0.0018172176260036095,-0.017770381453997838,0.005476719394950871,-0.02961486918514705,0.02961486918514705
2017-07-02,0.0,0.01546227693278208,0.003576779882529719,-0.016436172892689012,0.005485230633984614,0.008088114556607401,-0.008088114556607401
2017-07-03,0.0,-0.005376553413140384,0.00457765141814508,-0.004287933356560311,0.00549338952372756,0.00040655417217194505,-0.00040655417217194505
2017-07-04,0.0,-0.03230150120194566,0.006311136286840826,0.008973768064561311,0.0055010100101116075,-0.011515586840431916,0.011515586840431916
2017-07-05,0.0,0.01913054350645139,0.006924813643314918,0.022183675758453317,0.00550957843125889,0.053748611339478516,-0.053748611339478516
2017-07-06,0.0,0.050088662109242066,0.007957040404389264,0.017320750469894078,0.0055169224788789665,0.08088337546240437,-0.08088337546240437
2017-07-07,0.0,-0.029548024513931244,0.008353845710389312,0.00016475733159323732,0.005523778130840506,-0.01550564334110819,0.01550564334110819
2017-07-08,0.0,-0.020901975526029466,0.008335178997564157,-0.012916098491110983,0.0055317578759105,-0.01995113714366579,0.01995113714366579
2017-07-09,0.0,0.004884077554087869,0.008578001126150474,-0.018480509903603556,0.0055400228384700914,0.0005215916151048794,-0.0005215916151048794
2017-07-10,0.0,-0.011200547272842375,0.007676295039488187,-0.017168632084809822,0.005548200223393787,-0.015144684094770225,0.015144684094770225
2017-07-11,0.0,0.02100235869325677,0.007467515286694579,-0.0033795191542530857,0.005556457248807412,0.030646812074505675,-0.030646812074505675
2017-07-12,0.0,0.009223948844963411,0.006195246821044021,0.005373066391705132,0.005564474071610498,0.02635673612932306,-0.02635673612932306
2017-07-13,0.0,-0.004337874143615342,0.005170719868067349,0.012698392307224629,0.005572285478378434,0.01910352351005507,-0.01910352351005507
2017-07-14,0.0,-0.014927002910198401,0.0038871526803802136,0.013221466991052666,0.005579708668375584,0.007761325429610063,-0.007761325429610063
2017-07-15,0.0,-0.0017041752913142378,0.0020655509112890496,0.009124115535620847,0.005587244251470959,0.015072735407066617,-0.015072735407066617
2017-07-16,0.0,0.014552660373476219,0.0008985648065198707,0.007015229338125119,0.005594389810091038,0.028060844328212247,-0.028060844328212247
2017-07-17,0.0,-0.0006686284153320972,-0.0012572100955475897,0.00032185804161653374,0.005601495543199653,0.0039975150739365,-0.0039975150739365
2017-07-18,0.0,0.007070182001808528,-0.0024810258360383136,-0.005755711835253366,0.0056082328903333395,0.004441677220850188,-0.004441677220850188
2017-07-19,0.0,-0.010576235193960608,-0.004242654684900303,-0.005526155980055598,0.0056145848937915865,-0.014730460965124923,0.014730460965124923
2017-07-20,0.0,0.002837919498093827,-0.0056122130182168495,-0.001304730048580085,0.00562170714952632,0.0015426835808232129,-0.0015426835808232129
2017-07-21,0.0,0.00437407765004027,-0.006521636791688654,0.001410952640662304,0.005629042627316715,0.004892436126330635,-0.004892436126330635
2017-07-22,0.0,-0.017564111013823578,-0.007857688992947538,0.001957151152107994,0.005636052421088817,-0.017828596433574304,0.017828596433574304
2017-07-23,0.0,-0.001343815525602091,-0.008018493967389852,0.0027768701472483974,0.00564351305842999,-0.0009419262873135558,0.0009419262873135558
2017-07-24,0.0,0.02857668319551881,-0.008845274311318317,0.004461369803055402,0.005651404281558913,0.029844182968814813,-0.029844182968814813
2017-07-25,0.0,-0.01847761565504757,-0.00862120193211573,-0.001831435338698392,0.005658713146680701,-0.02327153977918099,0.02327153977918099
2017-07-26,0.0,-0.003021706131554454,-0.0084962974582009,-0.0013506138199926069,0.00566597695658479,-0.007202640453163172,0.007202640453163172
2017-07-27,0.0,0.0015176672040950706,-0.008114423219364335,0.0033863283612365746,0.00567358479786363,0.0024631571438309408,-0.0024631571438309408
2017-07-28,0.0,0.010297012180021941,-0.006862265931179057,0.007309312921582845,0.0056811903891832,0.016425249559608928,-0.016425249559608928
2017-07-29,0.0,-0.016681607818848716,-0.006251352539023363,0.010254657721236526,0.005688489632087128,-0.006989813004548424,0.006989813004548424
2017-07-30,0.0,0.014959382941645038,-0.004388038864614233,0.005418159757864925,0.005696167153850779,0.02168567098874651,-0.02168567098874651
2017-07-31,0.0,0.006935624607480738,-0.0033085005721894926,-0.0005185185276526706,0.005703710120474969,0.008812315628113545,-0.008812315628113545
2017-08-01,0.0,-0.01591163273956448,-0.001527743360166969,-0.0058617989618367575,0.005710734420065661,-0.017590440641502548,0.017590440641502548
2017-08-02,0.0,-0.004500801079755154,0.00014921728002769146,-0.013128331248492064,0.005718380044187519,-0.011761535004032007,0.011761535004032007
2017-08-03,0.0,7.08777701758304e-05,0.0014935969062013215,-0.01395891532057333,0.005726140389004124,-0.006668300255192054,0.006668300255192054
2017-08-04,0.0,0.0036592189781114023,0.003554274217542041,-0.01330954608830747,0.005733261219632696,-0.00036279167302133083,0.00036279167302133083
2017-08-05,0.0,-0.004823761506681273,0.004518025539953277,-0.01044547427393984,0.005740714933554466,-0.005010495307113369,0.005010495307113369
2017-08-06,0.0,0.01559991000520783,0.006349159313383406,-0.00639105865167113,0.005748385913562916,0.021306396580483025,-0.021306396580483025
2017-08-07,0.0,-0.0036590572686974908,0.007162727943934202,-0.0038741355032042473,0.005755354518209946,0.0053848896902424104,-0.0053848896902424104
2017-08-08,0.0,-0.0053722084347453914,0.008072967631254738,0.00045461612249090926,0.005761830468205543,0.008917205787205798,-0.008917205787205798
2017-08-09,0.0,-0.027987548702139178,0.008837803291990118,0.004437255670986366,0.005768207445922613,-0.008944282293240083,0.008944282293240083
2017-08-10,0.0,0.028302702913618093,0.008665441136796794,0.0032943942384144457,0.005774721845193323,0.04603726013402266,-0.04603726013402266
2017-08-11,0.0,0.015291974442365202,0.009108100716191801,-0.0002526930729031206,0.005781457640394555,0.029928839726048435,-0.029928839726048435
2017-08-12,0.0,-0.02880698052660008,0.008213060235869044,-0.007235276472946611,0.005788718778197308,-0.02204047798548034,0.02204047798548034
2017-08-13,0.0,0.01813876936352078,0.007928082388069822,-0.004329079301782752,0.005796115717823335,0.027533888167631186,-0.027533888167631186
2017-08-14,0.0,-0.007914571175856677,0.006824640394150552,0.006693049538416065,0.005803721494167873,0.011406840250877813,-0.011406840250877813
2017-08-15,0.0,-0.00045590145013481417,0.005555439657875742,0.014762779291616027,0.005811758583527481,0.025674076082884436,-0.025674076082884436
2017-08-16,0.0,0.028974005554686596,0.004530672548558563,0.021238643989339227,0.005819337214105608,0.06056265930668999,-0.06056265930668999
2017-08-17,0.0,-0.04457013533553883,0.0024550739066660924,0.01927567799354648,0.005826783619712123,-0.017012599815614135,0.017012599815614135
2017-08-18,0.0,0.033076142932053416,0.0013336180227468777,0.013998236070599943,0.005834384562487393,0.05424238158788763,-0.05424238158788763
2017-08-19,0.0,-0.0029516515200028346,-0.0008715704604023398,0.004743633107770696,0.005841546868804571,0.0067619579961700925,-0.0067619579961700925
2017-08-20,0.0,-0.004227559897812522,-0.0023565736902346553,-0.0011457307862392672,0.005848472499137571,-0.001881391875148874,0.001881391875148874
2017-08-21,0.0,0.004106389904825675,-0.003969010363514727,-0.007125395535457928,0.005855639848006861,-0.0011323761461401191,0.0011323761461401191
2017-08-22,0.0,0.002734889674634084,-0.005694775473348651,-0.008661027006981221,0.0058627867916076935,-0.005758126014088095,0.005758126014088095
2017-08-23,0.0,-0.027276314891311944,-0.006482615439677316,-0.010541870418723882,0.005869809401471666,-0.038430991348241475,0.038430991348241475
2017-08-24,0.0,0.016550184042622075,-0.008056641934566818,-0.00502515752977728,0.005877161152069367,0.009345545730347345,-0.009345545730347345
2017-08-25,0.0,0.011947341333439328,-0.00831314735562428,-0.0027941717928384405,0.005883774432301942,0.00672379661727855,-0.00672379661727855
2017-08-26,0.0,-0.003908281954526634,-0.009159181630807964,-0.0014258014578099284,0.005889708684958837,-0.00860355635818569,0.00860355635818569
2017-08-27,0.0,-0.03342892309340572,-0.009257337760104581,-0.0034393806538028223,0.005896265281296416,-0.04022937622601671,0.04022937622601671
2017-08-28,0.0,0.03772143780326869,-0.008899832336913362,-0.005265505142822568,0.005903151300514157,0.029459251624046917,-0.029459251624046917
2017-08-29,0.0,-0.01187507641910173,-0.008830694582210221,-0.005695646228349739,0.00590915768353844,-0.02049225954612325,0.02049225954612325
2017-08-30,0.0,-0.014252459854322243,-0.0074436897207092925,-0.006888732343815133,0.00591548536931115,-0.02266939654953552,0.02266939654953552
2017-08-31,0.0,0.013938003117150743,-0.006888554798540095,-0.0008808909975174775,0.005921651843920092,0.012090209165013263,-0.012090209165013263
2017-09-01,0.0,-0.003936674590725581,-0.005109075553750895,0.0066320969402386696,0.005927636748761882,0.003513983544524076,-0.003513983544524076
2017-09-02,0.0,0.011921552070403482,-0.003783843537012114,0.014155561554290902,0.005934298483627937,0.028227568571310205,-0.028227568571310205
2017-09-03,0.0,-0.026844785886782192,-0.0022066141694742306,0.007117106183728598,0.005941155715191055,-0.015993138157336766,0.015993138157336766
2017-09-04,0.0,0.0248763473871007,-0.00012131793687637646,0.0014214638013658615,0.005947978729948016,0.0321244719815382,-0.0321244719815382
2017-09-05,0.0,-0.007869513386127036,0.0010684782296062243,-0.01140933068012983,0.0059542968438726935,-0.01225606899277795,0.01225606899277795
2017-09-06,0.0,-0.0067447315231738535,0.003397905037512468,-0.01677134351254687,0.005960852617370498,-0.01415731738083776,0.01415731738083776
2017-09-07,0.0,-0.008781444613966183,0.004478875413017268,-0.011461538788863785,0.00596728370709223,-0.009796824282720471,0.009796824282720471
2017-09-08,0.0,0.025713380417606138,0.006271974123675433,-0.001858810136708665,0.005973599897399233,0.036100144301972135,-0.036100144301972135
2017-09-09,0.0,-0.0014472094137602917,0.007487234819547689,0.0031790659137016786,0.005979669406684206,0.015198760726173283,-0.015198760726173283
2017-09-10,0.0,-0.01301031736858448,0.008262845661480084,0.008756330662924802,0.005986105348579543,0.009994964304399948,-0.009994964304399948
2017-09-11,0.0,-0.01607999877358934,0.009435985785017087,0.007220741332085127,0.005992948789859094,0.0065696771333719674,-0.0065696771333719674
2017-09-12,0.0,-0.001538705613886644,0.009214695721225498,0.005326942519445712,0.006000480298792464,0.01900341292557703,-0.01900341292557703
2017-09-13,0.0,0.037860380426055586,0.009795826814775201,0.005525800663912199,0.00600715676263758,0.05918916466738056,-0.05918916466738056
2017-09-14,0.0,-0.012880785482343171,0.009017212753986276,-0.0002876099472160718,0.006013004685418876,0.0018618220098459096,-0.0018618220098459096
2017-09-15,0.0,0.0209281540650022,0.008530134810095763,-0.0024187616269116547,0.00602012550567265,0.033059652753858956,-0.033059652753858956
2017-09-16,0.0,-0.015565740539873375,0.007733029730315065,-0.0074564634874662175,0.006026949620876683,-0.009262224676147842,0.009262224676147842
2017-09-17,0.0,-0.03593036006008379,0.0061332427731645035,-0.007758807056442158,0.0060333880913942695,-0.03152253625196717,0.03152253625196717
2017-09-18,0.0,0.021219773094322013,0.005269356754718402,0.002141219011815982,0.006039985761317996,0.03467033462217439,-0.03467033462217439
2017-09-19,0.0,0.01361396347595131,0.0030341758470887933,0.010020810676905472,0.006046035473602699,0.03271498547354827,-0.03271498547354827
2017-09-20,0.0,0.020306310330267214,0.0017245169125182196,0.013406137142900044,0.0060518471960623954,0.04148881158174787,-0.04148881158174787
2017-09-21,0.0,-0.02623842363917024,-0.00042054527137834474,0.01093669902061319,0.006057727734048704,-0.009664542155886692,0.009664542155886692
2017-09-22,0.0,-0.0006781791264562301,-0.0022960840117285247,0.0028941881956857157,0.006063557738818316,0.005983482796319277,-0.005983482796319277
2017-09-23,0.0,-0.0033981825389670954,-0.003753656587545685,-0.0028724732584411,0.006069517447824772,-0.003954794937129108,0.003954794937129108
2017-09-24,0.0,-0.014769473838627263,-0.005888885840694059,-0.007155929360140377,0.0060757612825186845,-0.021738527756943016,0.021738527756943016
2017-09-25,0.0,0.030134407501106106,-0.0066692524732354114,-0.0036874375895391506,0.006081832087000632,0.025859549525332173,-0.025859549525332173
2017-09-26,0.0,0.022494235668887832,-0.008403800768908867,0.0035201985799408085,0.006087523922408216,0.02369815740232799,-0.02369815740232799
2017-09-27,0.0,-0.0412240056998448,-0.008935675771614138,0.0052412188313185415,0.006093289042909831,-0.03882517359723057,0.03882517359723057
2017-09-28,0.0,0.0025969324345009124,-0.009592660545393022,0.0073784662385423866,0.006099884065752151,0.006482622193402428,-0.006482622193402428
2017-09-29,0.0,0.001742548569273743,-0.010061743571424645,0.006057165467704516,0.0061057675926578575,0.0038437380582114714,-0.0038437380582114714
2017-09-30,0.0,0.004631611981013701,-0.009496889613274235,-0.0028949696815460083,0.006111460194498242,-0.0016487871193083007,0.0016487871193083007
2017-10-01,0.0,-0.013095140297909988,-0.009645766531351213,-0.011240751063256806,0.00611727434964753,-0.02786438354287047,0.02786438354287047
2017-10-02,0.0,0.011921128532568721,-0.008232160219706242,-0.017823255681260995,0.006122952945866756,-0.00801133442253176,0.00801133442253176
2017-10-03,0.0,0.012445509636125675,-0.00757567953247949,-0.012097400846277298,0.006128951794326673,-0.0010986189483044402,0.0010986189483044402
2017-10-04,0.0,-0.012054477770157708,-0.005955504870857386,-0.004899822448993885,0.006135337636249071,-0.016774467453759906,0.016774467453759906
2017-10-05,0.0,-0.02448387419459955,-0.004204966780106027,0.003868343026506084,0.006141907985261286,-0.018678589962938204,0.018678589962938204
2017-10-06,0.0,0.024338891257096266,-0.0028485676217622153,0.008289712769362837,0.006148285735268881,0.035928322139965774,-0.035928322139965774
2017-10-07,0.0,-0.020680294970483494,-0.0003974960912867553,-0.0008365440923143934,0.006154340828378698,-0.015759994325705948,0.015759994325705948
2017-10-08,0.0,0.02248140999844364,0.0008073435555464469,-0.012332835643150814,0.006160229417042485,0.01711614732788176,-0.01711614732788176
2017-10-09,0.0,0.004473449939157552,0.003184311045836479,-0.02544503891634701,0.006166107143111661,-0.011621170788241316,0.011621170788241316
2017-10-10,0.0,-0.007020710752633877,0.004607085593011006,-0.033010756568102484,0.006172379948011323,-0.029252001779714036,0.029252001779714036
2017-10-11,0.0,0.008813115670203112,0.006251175903851187,-0.01879256553274752,0.0061786462126706,0.0024503722539773775,-0.0024503722539773775
2017-10-12,0.0,-0.05051431096656879,0.007967733731816508,0.004686881320689161,0.006184831477001834,-0.03167486443706129,0.03167486443706129
2017-10-13,0.0,-0.0748336714286779,0.008600674082231818,0.03482777894260169,0.006200675264677242,-0.025204543139167153,0.025204543139167153
2017-10-14,1.0,0.22020132795889005,0.010108420029810935,0.061159509476100125,0.0062165898759628906,0.29768584734076403,0.702314152659236
2017-10-15,0.0,-0.07862970286450281,0.009864037577251109,0.03725871904284862,0.006222900930528292,-0.025284045313874782,0.025284045313874782
2017-10-16,0.0,-0.03601611642018205,0.010350711061941797,0.014682921608420165,0.006229873432017569,-0.004752610317802519,0.004752610317802519
2017-10-17,0.0,0.011899397168885188,0.009870403150508855,-0.0063335104632553695,0.006236592160064368,0.021672882016203043,-0.021672882016203043
2017-10-18,0.0,-0.021658433636257877,0.009039297898261429,-0.016167420136955782,0.0062427699773622905,-0.02254378589758994,0.02254378589758994
2017-10-19,0.0,0.01819661128653566,0.008523480939282745,-0.006742506110611622,0.006249143489259894,0.02622672960446668,-0.02622672960446668
2017-10-20,0.0,0.04411703613404636,0.006670171608183776,0.006020565780759455,0.006255045892353294,0.06306281941534289,-0.06306281941534289
2017-10-21,0.0,-0.043954572395007746,0.005777266813702001,0.009242823082763935,0.006260127224556182,-0.022674355273985633,0.022674355273985633
2017-10-22,0.0,0.031332739996298806,0.003505695664741789,0.01087211321783166,0.006265672613329248,0.051976221492201505,-0.051976221492201505
2017-10-23,0.0,-0.03201738517080687,0.00188509596180902,-0.005773804653480482,0.006271666820144979,-0.029634427042333353,0.029634427042333353
2017-10-24,0.0,-0.02541647641168498,-2.573926441778578e-05,-0.018374096999102956,0.0062782725793095835,-0.03753804009589614,0.03753804009589614
2017-10-25,0.0,0.029560537365780692,-0.0023323081702285274,-0.022844556059622552,0.006284389225270649,0.010668062361200261,-0.010668062361200261
2017-10-26,0.0,0.010893674018436713,-0.003646489105730069,-0.024891799766047874,0.0062903511118589835,-0.011354263741482247,0.011354263741482247
2017-10-27,0.0,-0.008264972471422426,-0.006013386603966367,-0.009537255768100213,0.00629647915360347,-0.017519135689885536,0.017519135689885536
2017-10-28,0.0,-0.0001299934521444715,-0.006952114317855822,0.003427538376448773,0.006303022428818873,0.0026484530352673527,-0.0026484530352673527
2017-10-29,0.0,0.007540205254994259,-0.008552663362551303,0.014054672365756917,0.006309448337208992,0.019351662595408863,-0.019351662595408863
2017-10-30,0.0,-0.011505170610748239,-0.009436249421615112,0.007614364334774019,0.006315343527541739,-0.007011712170047592,0.007011712170047592
2017-10-31,0.0,-0.026568126293511803,-0.009837702205917093,-0.003494121426286832,0.006321387572415925,-0.033578562353299805,0.033578562353299805
2017-11-01,0.0,0.02667593408705843,-0.010587990101519312,-0.010073419448471002,0.006327793570082354,0.012342318107150467,-0.012342318107150467
2017-11-02,0.0,0.0022774899634412735,-0.00989181268424524,-0.013447190890835094,0.006333834745486682,-0.01472767886615238,0.01472767886615238
2017-11-03,0.0,0.005042948142633401,-0.010087224133436186,-0.006808533649669958,0.006340044128261305,-0.005512765512211438,0.005512765512211438
2017-11-04,0.0,-0.009924771774888201,-0.008831227682604786,0.008663237048937865,0.006346689354313052,-0.00374607305424207,0.00374607305424207
2017-11-05,0.0,-0.011270387560086362,-0.007829974522853089,0.019318648957433845,0.006353406837560067,0.006571693712054462,-0.006571693712054462
2017-11-06,0.0,-0.009457985022076825,-0.006497346466693142,0.024348805481431483,0.00635971769265259,0.014753191685314106,-0.014753191685314106
2017-11-07,0.0,0.02978521831906049,-0.004403437285957662,0.01420386553028074,0.006365875169002317,0.04595152173238588,-0.04595152173238588
2017-11-08,0.0,0.010957015485884418,-0.003160992230976627,-0.004420281689348456,0.006371870147100414,0.00974761171265975,-0.00974761171265975
2017-11-09,0.0,-0.005962349364645783,-0.0006273871564501845,-0.014891937071057052,0.006377673125905671,-0.015104000466247349,0.015104000466247349
2017-11-10,0.0,-0.017054360831355767,0.000762405930021723,-0.018347741220176912,0.006383513190134822,-0.02825618293137613,0.02825618293137613
2017-11-11,0.0,-0.0030336997442883917,0.0029525811724429385,-0.012882846295523127,0.0063895319523083974,-0.006574432915060182,0.006574432915060182
2017-11-12,0.0,-0.015014388421490851,0.004772042331905151,-0.007342233559169336,0.0063952455598031656,-0.011189334088951869,0.011189334088951869
2017-11-13,0.0,-0.011248141588835931,0.006168079567424279,-0.0013542229942418293,0.006401059727245586,-3.322528840789436e-05,3.322528840789436e-05
2017-11-14,0.0,0.06164694654798545,0.008208994566795089,0.002997960922303775,0.0064069336930954145,0.07926083573017972,-0.07926083573017972
2017-11-15,0.0,-0.009393105400839024,0.008728012461562702,0.0005595815425030477,0.006412160972908814,0.0063066495761355396,-0.0063066495761355396
2017-11-16,0.0,-0.016458153892684013,0.010163817661039826,0.004831723652348457,0.006418226647444379,0.004955614068148649,-0.004955614068148649
2017-11-17,0.0,-0.038320535825200626,0.010239407471592717,0.016683012382021845,0.0064244473921382,-0.004973668579447865,0.004973668579447865
2017-11-18,0.0,0.029024911096973464,0.010464297005965895,0.02201310031477304,0.006430567899054618,0.06793287631676702,-0.06793287631676702
2017-11-19,0.0,0.04100268791176155,0.01034540325150358,0.018455288890347806,0.006436551612787032,0.07623993166639996,-0.07623993166639996
2017-11-20,0.0,-0.031690467697248814,0.009258103497508458,-3.772579950348269e-05,0.006442803239892498,-0.01602728675935134,0.01602728675935134
2017-11-21,0.0,0.006277960591068562,0.00891652718408935,-0.01369061341202466,0.006449149649661026,0.007953024012794279,-0.007953024012794279
2017-11-22,0.0,0.009795595849589325,0.007004137034825119,-0.011252245575477247,0.006454892771800884,0.01200238008073808,-0.01200238008073808
2017-11-23,0.0,-0.0012282639155069411,0.0059744967786027475,-0.01029382385839417,0.006460798006456177,0.0009132070111578126,-0.0009132070111578126
2017-11-24,0.0,-0.03472415672748429,0.00399824773390686,-0.0029374722071036675,0.006475656801536369,-0.027187724399144728,0.027187724399144728
2017-11-25,0.0,-0.006991576183353384,0.0020590322140074903,0.010037299084478387,0.006490844969823994,0.011595600084956487,-0.011595600084956487
2017-11-26,0.0,0.033931802020008325,0.0004452527072527629,0.011104156001980486,0.006506313069271107,0.05198752379851269,-0.05198752379851269
2017-11-27,0.0,0.011108467764543132,-0.002138641450075031,0.0029854896290903406,0.006521229124213051,0.018476545067771494,-0.018476545067771494
2017-11-28,0.0,-0.009905262300156576,-0.0035065581790877784,-0.004186347343760986,0.006536237100037799,-0.011061930722967541,0.011061930722967541
2017-11-29,0.0,-0.019126211793535287,-0.005858452605282977,-0.008193867134419205,0.006551689005415341,-0.026626842527822124,0.026626842527822124
2017-11-30,0.0,0.03704364395585558,-0.007093232577703409,-0.005740201117054221,0.00656703382709459,0.030777244088192542,-0.030777244088192542
2017-12-01,0.0,-0.04400019892789852,-0.008483776865424945,-0.0012603576300921984,0.006581998054037929,-0.047162335369377736,0.047162335369377736
2017-12-02,0.0,-0.009591065392471532,-0.009771449503240697,0.002159643747419224,0.006597063693556254,-0.010605807454736754,0.010605807454736754
2017-12-03,0.0,0.052726904483482016,-0.009984567134015531,0.006681532292204151,0.006612113121183153,0.05603598276285379,-0.05603598276285379
2017-12-04,0.0,-0.006700533153576343,-0.01100789225563124,-0.0018111469404532203,0.006626589273214567,-0.012892983076446238,0.012892983076446238
2017-12-05,0.0,-0.03558232570111608,-0.010462062276206927,-0.01400054447626946,0.006641443747224056,-0.05340348870636841,0.05340348870636841
2017-12-06,0.0,0.012736862754815271,-0.010536749069052342,-0.0234733971240925,0.006656649642822538,-0.014616633795507032,0.014616633795507032
2017-12-07,0.0,-0.016693064049911943,-0.009616260072651761,-0.021034661111649436,0.006671796362152362,-0.040672188872060776,0.040672188872060776
2017-12-08,0.0,0.002299025043870086,-0.00831740114290485,-0.009195331456948147,0.006687015875552604,-0.008526691680430307,0.008526691680430307
2017-12-09,0.0,0.004677228915855889,-0.007271569789441594,0.005931403335583606,0.006702260295201742,0.010039322757199643,-0.010039322757199643
2017-12-10,0.0,0.035224517605812466,-0.005004247973746228,0.0199794762412525,0.006717277126033663,0.056917022999352404,-0.056917022999352404
2017-12-11,0.0,-0.015474328773489454,-0.0037518464160610594,0.02290803489000188,0.006741801770327328,0.010423661470778695,-0.010423661470778695
2017-12-12,0.0,-0.014647966654403124,-0.0012347979348712808,0.010598694839867206,0.006766199938920877,0.001482130189513679,-0.001482130189513679
2017-12-13,0.0,-0.00594101479658338,0.0005312029653905348,-0.004151848261817784,0.006789977548425037,-0.002771682544585593,0.002771682544585593
2017-12-14,0.0,-0.0009030197341746164,0.0024856432478096635,-0.014913969852829764,0.006813613934839108,-0.006517732404355609,0.006517732404355609
2017-12-15,0.0,0.018378086128478858,0.00481047748352542,-0.01637669016669487,0.006837613872864,0.013649487318173406,-0.013649487318173406
2017-12-16,0.0,-0.027379755737698304,0.006082225023961,0.00470655205558739,0.006861396276995797,-0.00972958238115412,0.00972958238115412
2017-12-17,0.0,0.030483959637589576,0.00833803332473769,0.02617557498895707,0.0068852036626325264,0.07188277161391686,-0.07188277161391686
2017-12-18,0.0,0.01596242098113383,0.009064203141514182,0.02933005401689206,0.006908893517069522,0.06126557165660959,-0.06126557165660959
2017-12-19,0.0,-0.021594773973384156,0.010449461744873541,0.026126142415146297,0.00693324197147008,0.021914072158105764,-0.021914072158105764
2017-12-20,0.0,-0.02277486632288592,0.010976461493638427,0.011412405289889153,0.006957392999940181,0.00657139346058184,-0.00657139346058184
2017-12-21,0.0,0.010553501285005202,0.010958489917828416,0.00013612956345000152,0.006981418405505893,0.028629539171789512,-0.028629539171789512
2017-12-22,0.0,0.04273859262562033,0.011184419845397265,-0.003323474835659636,0.0070045926566403155,0.057604130291998276,-0.057604130291998276
2017-12-23,0.0,-0.009254844599835822,0.00990669522091533,-0.008063262954199582,0.007027286683831151,-0.0003841256492889229,0.0003841256492889229
2017-12-24,0.0,0.0024451760506308696,0.009576051043292774,-0.010151590617557953,0.0070504819944883276,0.008920118470854018,-0.008920118470854018
2017-12-25,0.0,-0.023683493961096636,0.007816170734362263,-0.015691148758768106,0.007073375614545857,-0.024485096370956617,0.024485096370956617
2017-12-26,0.0,-0.015255135774338643,0.006464850936552051,-0.028195984440533804,0.00709613938997544,-0.029890129888344955,0.029890129888344955
2017-12-27,0.0,-0.016996823976480835,0.004762975024026846,-0.029056969056459974,0.007119401428326416,-0.034171416580587546,0.034171416580587546
2017-12-28,0.0,0.02808866150406661,0.0024444993971563483,-0.017830818420976367,0.00714262538807708,0.01984496786832367,-0.01984496786832367
2017-12-29,0.0,0.02521083577099653,0.0008821853729723446,-0.0033157820527690476,0.0071653930216971405,0.02994263211289697,-0.02994263211289697
2017-12-30,0.0,-0.01496331132660247,-0.0019528159619978756,0.007563060533597396,0.007188781840830527,-0.002164284914172426,0.002164284914172426
2017-12-31,0.0,-0.017089870921950624,-0.0035107926940565947,0.010448326121765312,0.007212357106813326,-0.0029399803874285806,0.0029399803874285806
2018-01-01,0.0,-0.010331477884074796,-0.00577715723687709,0.012374231232420268,0.007235819806024332,0.003501415917492713,-0.003501415917492713
2018-01-02,0.0,0.017778607866508214,-0.007433321813119519,0.008226037559427126,0.007259278519819502,0.02583060213263532,-0.02583060213263532
2018-01-03,0.0,0.0040607468796315,-0.00862666783505851,0.002481539484932918,0.007282337588841543,0.005197956118347452,-0.005197956118347452
2018-01-04,0.0,0.031140897510126667,-0.01028381831213485,0.003155867380731624,0.007305262390560206,0.03131820896928365,-0.03131820896928365
2018-01-05,0.0,-0.031106588418773527,-0.010473268254788563,0.006283988780657392,0.007328248076934336,-0.027967619815970367,0.027967619815970367
2018-01-06,0.0,-0.00826631754463413,-0.011504909330221793,0.012367980588183128,0.007351395632203806,-5.1850654468989406e-05,5.1850654468989406e-05
2018-01-07,0.0,-0.011133282425696518,-0.01117767077248577,0.010520270532648899,0.007374377531048497,-0.004416305134484892,0.004416305134484892
2018-01-08,0.0,-0.011857979890940042,-0.010996168319658798,-0.0010766748461997536,0.007397420686622385,-0.016533402370176208,0.016533402370176208
2018-01-09,0.0,0.03361628447627815,-0.01033495039956098,-0.006774716066519354,0.0074206699175821,0.023927287927779914,-0.023927287927779914
2018-01-10,0.0,0.01918919156496867,-0.008745377576641565,-0.01723204636350641,0.00744314798191956,0.000654915606740256,-0.000654915606740256
2018-01-11,0.0,-0.005581128399430808,-0.007863774119862253,-0.015646923526730964,0.007466025308561428,-0.0216258007374626,0.0216258007374626
2018-01-12,0.0,-0.02832795732686829,-0.005468677404232562,-0.009078651135161393,0.007489634785359066,-0.03538565108090318,0.03538565108090318
2018-01-13,0.0,-0.019181274461760756,-0.003955907131462672,0.008876059990589328,0.00751306997792829,-0.00674805162470581,0.00674805162470581
2018-01-14,0.0,0.0388330092725551,-0.0015792433491942175,0.02086709995527508,0.007536225602371584,0.06565709148100754,-0.06565709148100754
2018-01-15,0.0,-0.0359858460203439,0.0005951985717301522,0.00851242458028519,0.00755902169523304,-0.019319201173095515,0.019319201173095515
2018-01-16,0.0,0.029493290056634123,0.0023794004478340574,-0.008114581944809256,0.00758201123193577,0.03134011979159469,-0.03134011979159469
2018-01-17,0.0,0.020715550440964774,0.0049900008548941005,-0.020780565875468497,0.007605281228206343,0.012530266648596721,-0.012530266648596721
2018-01-18,0.0,-0.026781052597094738,0.006284420824220767,-0.0249850331986745,0.007628648488626116,-0.03785301648292236,0.03785301648292236
2018-01-19,0.0,0.01179772281017824,0.008551183781924283,-0.011756839617863562,0.007651776748117996,0.016243843722356956,-0.016243843722356956
2018-01-20,0.0,-0.05071057417302053,0.009588208447792096,0.013475027378532851,0.007675291068108161,-0.01997204727858742,0.01997204727858742
2018-01-21,0.0,-0.06310970564361743,0.010777648753347961,0.0422219138219092,0.007699434065522426,-0.002410709002837838,0.002410709002837838
2018-01-22,1.0,0.22776185743742267,0.011716152138860198,0.06510756301386054,0.007723714804892002,0.3123092873950354,0.6876907126049646
2018-01-23,0.0,-0.07859726947013146,0.011335883188671462,0.028183594706181044,0.00772896552808799,-0.03134882604719097,0.03134882604719097
2018-01-24,0.0,-0.03835552619021772,0.011679968150053562,-0.011480781129052507,0.0077349050305422565,-0.03042143413867441,0.03042143413867441
2018-01-25,0.0,-0.011123177255786326,0.010403691032383061,-0.03377231812539705,0.007741151183129902,-0.026750653165670414,0.026750653165670414
2018-01-26,0.0,-0.021900075334909477,0.009912881438447709,-0.036941904460249544,0.007747328828679655,-0.04118176952803165,0.04118176952803165
2018-01-27,0.0,-0.0002219416513312741,0.008365574988334503,-0.01703408241281736,0.0077535239528305246,-0.0011369251229836046,0.0011369251229836046
2018-01-28,0.0,0.07265839804739938,0.006699134004764542,0.004188648828616546,0.0077596150447387805,0.09130579592551924,-0.09130579592551924
2018-01-29,0.0,-0.041100921412774494,0.005222834170184749,0.012180323619440428,0.007765088537996672,-0.015932675085152642,0.015932675085152642
2018-01-30,0.0,0.012359538198065817,0.002612791317127947,0.013893695434679573,0.007771529996263369,0.036637554946136706,-0.036637554946136706
2018-01-31,0.0,-0.015896882815859627,0.0010657909758801688,-0.005699197712856955,0.007777847264002892,-0.012752442288833524,0.012752442288833524
2018-02-01,0.0,-0.03472530770553711,-0.0017416750406737936,-0.024213090232317065,0.007783905523227186,-0.052896167455300784,0.052896167455300784
2018-02-02,0.0,0.022779622375923344,-0.003525627074075124,-0.025062854287235013,0.007790028184408248,0.001981169199021455,-0.001981169199021455
2018-02-03,0.0,0.04108664006973798,-0.005521519068118341,-0.015278797328183711,0.007796421518731884,0.028082745192167812,-0.028082745192167812
2018-02-04,0.0,-0.02830033401739049,-0.007538882553818002,0.0006689432366089407,0.007802389839649251,-0.0273678834949503,0.0273678834949503
2018-02-05,0.0,0.014798026900664556,-0.008555525815675973,0.01276973520853562,0.007808745165722879,0.026820981459247082,-0.026820981459247082
2018-02-06,0.0,-0.015026038910138671,-0.010333889975596791,0.015440347834480624,0.007815807685618367,-0.0021037733656364705,0.0021037733656364705
2018-02-07,0.0,-0.009964591791407641,-0.010516551948325355,0.008131134554981058,0.007823060234979232,-0.004526948949772708,0.004526948949772708
2018-02-08,0.0,-0.027910200967402148,-0.011436291985653558,-0.005685525243825979,0.007830214750820384,-0.037201803446061305,0.037201803446061305
2018-02-09,0.0,0.021940096311030638,-0.0113297011627607,-0.017508612557696354,0.007837791521844276,0.0009395741124178601,-0.0009395741124178601
2018-02-10,0.0,0.03799769952349114,-0.010859101872424452,-0.013880939398859092,0.007845486090594005,0.021103144342801604,-0.021103144342801604
2018-02-11,0.0,-0.012903318829250762,-0.010480679033418417,-0.00027807052941875455,0.007862799140211032,-0.0157992692518769,0.0157992692518769
2018-02-12,0.0,-0.017391915312085622,-0.00874975091088166,0.016944199344623885,0.007879904444050331,-0.001317562434293068,0.001317562434293068
2018-02-13,0.0,0.005552037446860314,-0.007905150402104726,0.02139597699278806,0.007896707641572779,0.026939571679116425,-0.026939571679116425
2018-02-14,0.0,-0.023538315884773682,-0.005637993550902191,0.021519384291679513,0.007913199246825963,0.0002562741028296015,-0.0002562741028296015
2018-02-15,0.0,0.02193637012742155,-0.003937678499187766,0.01690018536905533,0.007929824317846213,0.04282870131513532,-0.04282870131513532
2018-02-16,0.0,0.022494934421373014,-0.0018871129878190748,0.007602090647893972,0.007946046437481175,0.03615595851892908,-0.03615595851892908
2018-02-17,0.0,0.00540964195670966,0.0004324216833832856,-0.001831788700508591,0.007961790976721183,0.011972065916305537,-0.011972065916305537
2018-02-18,0.0,-0.026041883427387474,0.0019120033613323835,-0.00453510957710963,0.007978408259880028,-0.02068658138328469,0.02068658138328469
2018-02-19,0.0,-0.014326761537283681,0.004542871796044704,0.005531419612132599,0.007995364967323603,0.003742894838217225,-0.003742894838217225
2018-02-20,0.0,-0.02426773643628507,0.005784579525927985,0.009162010509232241,0.00801186153421787,-0.0013092848669069707,0.0013092848669069707
2018-02-21,0.0,0.04697793259874634,0.007808859767934153,0.0024898060449643506,0.008028429962920277,0.06530502837456512,-0.06530502837456512
2018-02-22,0.0,0.035923766483959535,0.009053599836822405,-0.006109313426448572,0.00804497831140035,0.04691303120573372,-0.04691303120573372
2018-02-23,0.0,-0.028824171061328077,0.009888189433780076,-0.010709497141482595,0.008060834522200085,-0.02158464424683051,0.02158464424683051
2018-02-24,0.0,-0.0025188307806561544,0.010946287414735831,-0.008183918982281187,0.008076339924787877,0.008319877576586367,-0.008319877576586367
2018-02-25,0.0,-0.029322204546732622,0.010466141745897259,-0.007682495556717161,0.008092096602934692,-0.018446461754617834,0.018446461754617834
2018-02-26,0.0,0.005200970841124015,0.010890118820918011,-0.012047857117749639,0.008108068032434407,0.012151300576726797,-0.012151300576726797
2018-02-27,0.0,0.010889778682606729,0.009833651515719476,-0.015050107621986232,0.008124590107089323,0.013797912683429295,-0.013797912683429295
2018-02-28,0.0,0.01497638880213214,0.009264399381865566,-0.02156609569498837,0.008140763968624037,0.010815456457633373,-0.010815456457633373
2018-03-01,0.0,-0.01095115282310739,0.0080986507359911,-0.030567527567870574,0.008155987520497019,-0.025264042134489843,0.025264042134489843
2018-03-02,0.0,-0.010905001447223015,0.006259624959078503,-0.0176955722902927,0.008171359768566299,-0.014169589009870911,0.014169589009870911
2018-03-03,0.0,-0.007036313151188812,0.005187686598014749,0.009022614950648431,0.008187452161475975,0.015361440558950343,-0.015361440558950343
2018-03-04,0.0,-3.24301773448484e-05,0.002660448740168536,0.02805507925848853,0.008203361401183537,0.038886459222495756,-0.038886459222495756
2018-03-05,0.0,0.020108041339929748,0.0012621336304892714,0.03195204080908567,0.0082194345330147,0.06154165031251939,-0.06154165031251939
2018-03-06,0.0,-0.0277251711889137,-0.0011894976564747741,0.01460703895596432,0.008235299747172546,-0.006072330142251609,0.006072330142251609
2018-03-07,0.0,0.06029875262275349,-0.003003033609133685,0.001958491592991827,0.00825162633337844,0.06750583693999007,-0.06750583693999007
2018-03-08,0.0,-0.016075094017388932,-0.004640483419818197,-0.005561409438681415,0.008266797022072581,-0.018010189853815965,0.018010189853815965
2018-03-09,0.0,-0.025742965863226715,-0.006792265343623037,-0.007166825344610896,0.008281906328949339,-0.03142015022251131,0.03142015022251131
2018-03-10,0.0,0.009064450768304234,-0.007552336401699993,-0.00205117855410224,0.00829696135945791,0.007757897171959911,-0.007757897171959911
2018-03-11,0.0,-0.049154737224806004,-0.009286737619875824,0.015137118939503286,0.008312042870745006,-0.034992313034433536,0.034992313034433536
2018-03-12,0.0,0.0571905779178216,-0.009487607544872356,0.024137710789972185,0.008327356280817017,0.08016803744373845,-0.08016803744373845
2018-03-13,0.0,0.0029601434257288967,-0.01020241314332478,0.010232931966963486,0.008341858117461236,0.011332520366828839,-0.011332520366828839
2018-03-14,0.0,0.002506376303180784,-0.010418550861103975,-0.009231203713360215,0.008356214248705593,-0.008787164022577813,0.008787164022577813
2018-03-15,0.0,-0.0262144932762473,-0.009768155823425974,-0.022620549183260542,0.008371255378680258,-0.05023194290425356,0.05023194290425356
2018-03-16,0.0,0.008242259023383117,-0.009698884782451667,-0.021757104796894303,0.008386579805386698,-0.014827150750576156,0.014827150750576156
2018-03-17,0.0,-0.012919589580900006,-0.008043916796951862,-0.017030336450235557,0.008401476056488999,-0.029592366771598426,0.029592366771598426
2018-03-18,0.0,-0.014915590364475165,-0.007349504590253265,-0.0038911865735368244,0.008416412391669936,-0.017739869136595317,0.017739869136595317
2018-03-19,0.0,0.04796142133761093,-0.005341285738354869,0.015146771218117366,0.008431739465783118,0.06619864628315654,-0.06619864628315654
2018-03-20,0.0,0.01796400015089444,-0.003646585666911799,0.02302385680482186,0.008445899765928553,0.04578717105473305,-0.04578717105473305
2018-03-21,0.0,-0.06565494707245573,-0.0020971352800952746,0.015891920771690604,0.008460373687486223,-0.04339978789337418,0.04339978789337418
2018-03-22,0.0,0.03684885113548212,0.00026163148176397985,-5.0875414597347695e-06,0.008475025929695219,0.04558042100548159,-0.04558042100548159
2018-03-23,0.0,-0.02811855023649798,0.0014488893842078013,-0.0073328880533134015,0.00848971687385235,-0.02551283203175123,0.02551283203175123
2018-03-24,0.0,-0.005982459252881107,0.0039243695615852735,-0.001638766863757566,0.00850439966456661,0.004807543109513209,-0.004807543109513209
2018-03-25,0.0,0.05275914572177425,0.0051511771019833175,0.004167063994646776,0.008519380463786416,0.07059676728219076,-0.07059676728219076
2018-03-26,0.0,-0.03882760494329735,0.006816200913225586,0.010578100784505032,0.008533145046911233,-0.012900158198655502,0.012900158198655502
2018-03-27,0.0,0.031515700672641034,0.008218736967779104,0.02301616198910595,0.008547797595392332,0.07129839722491842,-0.07129839722491842
2018-03-28,0.0,0.008066055817659725,0.008750276226917177,0.013883628526219901,0.008562333541902414,0.039262294112699214,-0.039262294112699214
2018-03-29,0.0,-0.03268169810118186,0.009986111487418497,-0.007001404645348382,0.008576762798822168,-0.021120228460289575,0.021120228460289575
2018-03-30,0.0,0.004985154079029882,0.009458268271657147,-0.026430762121595442,0.008590979576258697,-0.003396360194649716,0.003396360194649716
2018-03-31,0.0,-0.026221479276691207,0.009957628307056456,-0.03549962268076445,0.008605392300430878,-0.043158081349968326,0.043158081349968326
2018-04-01,0.0,0.017311768388795657,0.00917891341500116,-0.01935711072625197,0.008619539201953562,0.01575311027949841,-0.01575311027949841
2018-04-02,0.0,0.02927852143293381,0.008405315390711467,-0.005017294754515561,0.008633497628384081,0.04130003969751379,-0.04130003969751379
2018-04-03,0.0,-0.004311993679354766,0.007641179628208467,-0.005930799028961854,0.008647366746911755,0.006045753666803601,-0.006045753666803601
2018-04-04,0.0,-0.030489039405468047,0.005758316546983205,-0.002794804653716009,0.008661791990549728,-0.018863735521651125,0.018863735521651125
2018-04-05,0.0,-0.02260970889507819,0.005016222804041022,-0.002849837431480408,0.008676463898525855,-0.011766859623991722,0.011766859623991722
2018-04-06,0.0,0.014557014584341442,0.002673697408737727,0.0024750482933356974,0.00869163275815247,0.028397393044567336,-0.028397393044567336
2018-04-07,0.0,0.04055925016852463,0.0013386260032472797,0.003258698223608061,0.008706425061613548,0.05386299945699352,-0.05386299945699352
2018-04-08,0.0,0.010281064179651616,-0.0007357064289460963,0.007929760950433183,0.008720517021513307,0.02619563572265201,-0.02619563572265201
2018-04-09,0.0,-0.024548542179486234,-0.0027291563486481043,0.010971716622558088,0.008735851922387797,-0.007570129983188453,0.007570129983188453
2018-04-10,0.0,-0.006924423218392793,-0.0039480275122933586,0.004009759271727823,0.008751170130167485,0.0018884786712091558,-0.0018884786712091558
2018-04-11,0.0,-0.008806924752126518,-0.006225203661259435,-0.008324524511974598,0.00876627491729701,-0.01459037800806354,0.01459037800806354
2018-04-12,0.0,-0.00030364747475386837,-0.006768182464823879,-0.01365930527946779,0.008781666468098673,-0.011949468750946863,0.011949468750946863
2018-04-13,0.0,-0.004351464256141927,-0.008320989802524041,-0.0016733031396637143,0.008797539838490659,-0.0055482173598390225,0.0055482173598390225
2018-04-14,0.0,0.03531995110839674,-0.008711765128973405,0.018700925171239245,0.0088136821078931,0.05412279325855568,-0.05412279325855568
2018-04-15,0.0,-0.004511311360515175,-0.00919145849494309,0.027763403933614365,0.008829263920309666,0.022889897998465768,-0.022889897998465768
2018-04-16,0.0,-0.02181960443556249,-0.00972359304020604,0.0231502349061164,0.008845533436789881,0.00045257086713774985,-0.00045257086713774985
2018-04-17,0.0,-0.008887454844030324,-0.008885457607600032,0.022206624925092358,0.008861507128141509,0.01329521960160351,-0.01329521960160351
2018-04-18,0.0,-0.0016125170302013544,-0.009085147307435492,0.006607972363091543,0.008877198991569767,0.004787507017024463,-0.004787507017024463
2018-04-19,0.0,0.049244691120019154,-0.0075322721763895345,-0.009633838825235603,0.008892916967936329,0.04097149708633035,-0.04097149708633035
2018-04-20,0.0,0.003663690349437391,-0.0068536630252831535,-0.016802477813872417,0.008908249710986351,-0.011084200778731826,0.011084200778731826
2018-04-21,0.0,-0.04429952796770671,-0.005295448554286423,-0.00805518838262925,0.008924109708406886,-0.0487260551962155,0.0487260551962155
2018-04-22,0.0,0.005307306663050225,-0.0034679385177907368,0.008723854550095654,0.008940341373160677,0.01950356406851582,-0.01950356406851582
2018-04-23,0.0,-0.0018978356077483153,-0.0023993956348498137,0.013075185541720566,0.00895600895419053,0.017733963253312966,-0.017733963253312966
2018-04-24,0.0,0.00987533796687046,-5.865383259112298e-06,0.00420493555002135,0.008971908206764958,0.023046316340397655,-0.023046316340397655
2018-04-25,0.0,-0.03714273156778681,0.0009990998468444993,-0.006945190914445244,0.008988088047494798,-0.034100734587892756,0.034100734587892756
2018-04-26,0.0,0.03458066475710705,0.003273969650983877,-0.019050463657145522,0.009004560587078285,0.02780873133802369,-0.02780873133802369
2018-04-27,0.0,0.038816334579738876,0.004514248652020714,-0.027355808798787462,0.009020629114292505,0.024995403547264632,-0.024995403547264632
2018-04-28,0.0,-0.035695419808952814,0.005808335174916369,-0.032583152161473686,0.00904647175457912,-0.05342376504093101,0.05342376504093101
2018-04-29,0.0,-0.029131505823948314,0.0075020972033349575,-0.013936216975396576,0.009072356613411542,-0.026493268982598392,0.026493268982598392
2018-04-30,0.0,0.024099815646375363,0.007776329033411774,0.007112939969721937,0.009098068796071437,0.04808715344558052,-0.04808715344558052
2018-05-01,0.0,-0.04418901503043658,0.009159183310243346,0.005828943837100849,0.009123325494724579,-0.020077562388367807,0.020077562388367807
2018-05-02,0.0,0.06325389690971821,0.008767110384986726,5.336467638030135e-05,0.009148980960092963,0.0812233529311782,-0.0812233529311782
2018-05-03,0.0,0.002357910912099059,0.009125400179688683,-0.0121757234604444,0.009174056710747978,0.008481644342091319,-0.008481644342091319
2018-05-04,0.0,-0.02328245208241931,0.008738425801764095,-0.023111959266707952,0.009199317208676507,-0.02845666833868666,0.02845666833868666
2018-05-05,0.0,-0.012162404831354149,0.007685409615124622,-0.01860249758599555,0.009224351210753568,-0.01385514159147151,0.01385514159147151
2018-05-06,0.0,-0.016752807271277908,0.0073679993755863225,0.001443410100995787,0.009249553026338782,0.0013081552316429844,-0.0013081552316429844
2018-05-07,0.0,-0.0915616412389989,0.00544024786277811,0.03270803972811434,0.0092753680327041,-0.04413798561540235,0.04413798561540235
2018-05-08,1.0,0.2479436575382164,0.004958756159554382,0.06900284392736677,0.009301616885082417,0.33120687451021996,0.6687931254897801
2018-05-09,0.0,-0.09051444270890542,0.0027479112066021187,0.04401119433922243,0.009308025508515753,-0.03444731165456512,0.03444731165456512
2018-05-10,0.0,-0.04686971767689233,0.0012033194686512328,0.014186690114176167,0.009314309960362309,-0.02216539813370262,0.02216539813370262
2018-05-11,0.0,0.01349022512134912,-0.00038871511075853926,-0.007589126160705973,0.009321111715616554,0.014833495565501162,-0.014833495565501162
2018-05-12,0.0,-0.013605807955213383,-0.0026482567864737194,-0.019700845986241056,0.009328188213756463,-0.02662672251417169,0.02662672251417169
2018-05-13,0.0,0.019253196508994173,-0.0035126862105662755,-0.02341856635751575,0.009335053937550018,0.0016569978784621662,-0.0016569978784621662
2018-05-14,0.0,0.0021152061733923384,-0.005785017393516691,-0.0221469421933818,0.009342042056960714,-0.016474711356545435,0.016474711356545435
2018-05-15,0.0,-0.012987532700848648,-0.006263367297681936,-0.01074469955482865,0.009348848524078796,-0.020646751029280437,0.020646751029280437
2018-05-16,0.0,0.03185256162780922,-0.007544744439105125,0.0044221161057836685,0.009355843311433082,0.03808577660592085,-0.03808577660592085
2018-05-17,0.0,-0.054024919843276446,-0.008250489787448766,0.0030184548957432325,0.009362863804693488,-0.04989409093028849,0.04989409093028849
2018-05-18,0.0,0.022755252549655096,-0.008278132737909907,-0.0005134604236558454,0.009369886073677615,0.02333354546176696,-0.02333354546176696
2018-05-19,0.0,-0.029230059325510923,-0.009081291544990995,0.0009528182474387494,0.00937700568569955,-0.027981526937363613,0.027981526937363613
2018-05-20,0.0,0.05348916447202057,-0.007922852124520806,0.0055221262221165366,0.009384718510543493,0.060473157080159795,-0.060473157080159795
2018-05-21,0.0,0.008521369789900542,-0.008137921905841637,0.005030283698753112,0.009391247850562286,0.014804979433374301,-0.014804979433374301
2018-05-22,0.0,-0.03408891123462516,-0.006786437216711232,-0.0022609902273362527,0.009397768044815855,-0.03373857063385679,0.03373857063385679
2018-05-23,0.0,0.008004797577938857,-0.0057807981999314995,0.0009420358846314963,0.009404496203167294,0.012570531465806148,-0.012570531465806148
2018-05-24,0.0,0.016978340687460743,-0.004650258456032424,0.007828968175666412,0.009410833557934498,0.029567883965029226,-0.029567883965029226
2018-05-25,0.0,-0.06354062424468161,-0.0025622153188570172,0.006188526551680105,0.009416717912440664,-0.05049759509941786,0.05049759509941786
2018-05-26,0.0,0.035292078279394234,-0.001825581085449761,0.006332530001614943,0.009423066211352379,0.0492220934069118,-0.0492220934069118
2018-05-27,0.0,0.02072494729704501,0.0006341343181130463,0.007429733607667712,0.00942923990569567,0.038218055128521444,-0.038218055128521444
2018-05-28,0.0,-0.006812924748294268,0.0015938635277160235,0.004773149605866357,0.009434873022722707,0.00898896140801082,-0.00898896140801082
2018-05-29,0.0,0.017324628968138203,0.003395516341136358,0.0021620511368831705,0.009440719954727225,0.03232291640088496,-0.03232291640088496
2018-05-30,0.0,-0.037280759269058814,0.004834292459659538,-0.012000817255530963,0.0094463285168906,-0.03500095554803964,0.03500095554803964
2018-05-31,0.0,-0.002111378515721233,0.0055484032992300075,-0.01269704271013084,0.009452010795776905,0.00019199286915483858,-0.00019199286915483858
2018-06-01,0.0,0.010126951112563915,0.007379816448639413,-0.01341632818572157,0.009457679676166406,0.013548119051648162,-0.013548119051648162
2018-06-02,0.0,0.03298249569339748,0.007303741085131188,-0.012792646461600667,0.009463620558167381,0.03695721087509538,-0.03695721087509538
2018-06-03,0.0,-0.006765676236469241,0.008425364894314408,-0.020961259796376794,0.00946902494638212,-0.009832546192149507,0.009832546192149507
2018-06-04,0.0,-0.04516288828429968,0.00807727347648126,-0.021777785646561045,0.009474885520373498,-0.049388514934005964,0.049388514934005964
2018-06-05,0.0,-0.007974302055311383,0.00793430490580227,-0.010314683706017956,0.00948132450191955,-0.0008733563536075187,0.0008733563536075187
2018-06-06,0.0,0.017212642970086605,0.007795055091824961,-0.006821238609531807,0.009487298035353002,0.027673757487732764,-0.027673757487732764
2018-06-07,0.0,0.007021944003912095,0.006270530639179534,-0.007682872605738247,0.009493744435563008,0.01510334647291639,-0.01510334647291639
2018-06-08,0.0,0.004660984174418417,0.00617712407415443,-0.004065673604919606,0.009500921681479941,0.01627335632513318,-0.01627335632513318
2018-06-09,0.0,0.011016226803200094,0.0042248978125085735,0.01042869983317425,0.009507746324769242,0.03517757077365216,-0.03517757077365216
2018-06-10,0.0,-0.011116978152055614,0.003461752241890642,0.027398580930187894,0.009513939865563995,0.029257294885586916,-0.029257294885586916
2018-06-11,0.0,0.010097646268962809,0.0017295067735836052,0.03771967091294773,0.009520240884291363,0.05906706483978551,-0.05906706483978551
2018-06-12,0.0,-0.001575352053373336,-0.0001293182633464115,0.028165144479862025,0.009526368299627275,0.03598684246276955,-0.03598684246276955
2018-06-13,0.0,-0.0016304770696940122,-0.0010682209811313282,0.020615317423442116,0.009532983980013003,0.02744960335262978,-0.02744960335262978
2018-06-14,0.0,0.0048867883236979265,-0.003429020758809429,0.00564083406812948,0.009539460139007224,0.016638061772025203,-0.016638061772025203
2018-06-15,0.0,0.01346767706650305,-0.003920628167387391,-0.01525068680082389,0.009546113432376088,0.0038424755306678583,-0.0038424755306678583
2018-06-16,0.0,-0.03854303203368108,-0.005882412840063639,-0.01498032712763891,0.009552006116905088,-0.04985376588447854,0.04985376588447854
2018-06-17,0.0,0.020000087291398426,-0.006407357186048257,0.0011397565340672067,0.009558924878228259,0.024291411517645634,-0.024291411517645634
2018-06-18,0.0,-0.0001747753441464269,-0.007047080769658787,0.01572246007736008,0.00956563154096977,0.018066235504524637,-0.018066235504524637
2018-06-19,0.0,-0.008958044675687794,-0.008023308405643203,0.022704762949952596,0.009571791246767318,0.015295201115388918,-0.015295201115388918
2018-06-20,0.0,0.02274641929639025,-0.0074130215371320755,0.011510107424161075,0.009578413993421152,0.0364219191768404,-0.0364219191768404
2018-06-21,0.0,-0.006284710306586097,-0.00817753033714165,0.00436231947382013,0.009584992632334343,-0.0005149285375732737,0.0005149285375732737
2018-06-22,0.0,-0.0016277471407914544,-0.006947734252228268,-0.005054761326264787,0.009591258391144754,-0.004038984328139756,0.004038984328139756
2018-06-23,0.0,0.0021354807931258032,-0.006863351849865045,-0.015769211263699172,0.009597338084079709,-0.010899744236358703,0.010899744236358703
2018-06-24,0.0,5.809831309839229e-05,-0.005863404193791188,-0.02691413977912719,0.00960397822938463,-0.023115467430435355,0.023115467430435355
2018-06-25,0.0,-0.01635634998112035,-0.004354740617108902,-0.02200996639892434,0.009610593133525842,-0.033110463863627745,0.033110463863627745
2018-06-26,0.0,-0.016239423628932183,-0.0036819460923987217,-0.014836588520403933,0.009617785466637172,-0.02514017277509767,0.02514017277509767
2018-06-27,0.0,0.03228117038719367,-0.001304035513887027,-0.013775443173860457,0.009625438341167062,0.026827130040613247,-0.026827130040613247
2018-06-28,0.0,-0.011337012821179285,-0.000737527637719925,-0.015944848434594695,0.009632373177332638,-0.018387015716161265,0.018387015716161265
2018-06-29,0.0,-0.03496206449522967,0.0014587716045580232,-0.007279360499271216,0.009640189417711437,-0.031142463972231423,0.031142463972231423
2018-06-30,0.0,0.03776146525562031,0.002615096153106537,0.00309719244896364,0.009648049259432504,0.053121803117122994,-0.053121803117122994
2018-07-01,0.0,0.0047146323664102405,0.0037201719656922046,-0.002529689611852769,0.009655819387326035,0.01556093410757571,-0.01556093410757571
2018-07-02,0.0,-0.010879284526497427,0.005429737219109724,-0.007674137932600646,0.009663338212169895,-0.003460347027818453,0.003460347027818453
2018-07-03,0.0,-0.022194864628209538,0.0056374196387274506,-0.006878608715305024,0.009671375543291281,-0.013764678161495831,0.013764678161495831
2018-07-04,0.0,0.048114485716420026,0.007410650769374326,0.005867191021393058,0.009679129390008047,0.07107145689719546,-0.07107145689719546
2018-07-05,0.0,-0.042736605123841954,0.007103854913631517,0.013304049371805137,0.009685957100261116,-0.012642743738144184,0.012642743738144184
2018-07-06,0.0,0.021795300966958003,0.007727579495328575,0.01366985245715996,0.009693408643715607,0.052886141563162146,-0.052886141563162146
2018-07-07,0.0,0.0031909536987890256,0.007623602485635782,0.016997221698019538,0.009701049562714304,0.03751282744515865,-0.03751282744515865
2018-07-08,0.0,-0.03249244548429449,0.006784148281664097,0.0182042448236107,0.00970843879828037,0.002204386419260679,-0.002204386419260679
2018-07-09,0.0,0.04813629086747559,0.006915462819576334,0.0078035649543928874,0.00971599077470174,0.07257130941614655,-0.07257130941614655
2018-07-10,0.0,-0.044859071588987894,0.005030645306569957,-0.0032620978180726156,0.009722732010510085,-0.03336779208998047,0.03336779208998047
2018-07-11,0.0,0.01597225674064431,0.004842882454547243,0.002298195542700429,0.009729360075163172,0.03284269481305516,-0.03284269481305516
2018-07-12,0.0,0.06259503999792554,0.0030551543985626556,0.009995104867979197,0.009736318236233103,0.0853816175007005,-0.0853816175007005
2018-07-13,0.0,-0.05506747489891409,0.001824776788021581,0.00631415430078835,0.009743271570378423,-0.03718527223972574,0.03718527223972574
2018-07-14,0.0,0.0043652332160868425,0.0006385764112385687,0.003676045406050579,0.009750559608288478,0.018430414641664467,-0.018430414641664467
2018-07-15,0.0,-0.018991980740534313,-0.0015222476438965648,0.0004087297842475717,0.009758334358626204,-0.010347164241557101,0.010347164241557101
2018-07-16,0.0,0.05032637255767454,-0.0019184029376518032,0.0018123352781308458,0.009766731167118615,0.0599870360652722,-0.0599870360652722
2018-07-17,0.0,-0.030537150818671924,-0.0042344169039581145,-0.01149172260821701,0.009774085103089605,-0.03648920522775745,0.03648920522775745
2018-07-18,0.0,-0.029082207787977283,-0.004686662014287024,-0.024879271818871996,0.009781570693928508,-0.04886657092720779,0.04886657092720779
2018-07-19,0.0,0.042528393774317906,-0.00598261768273858,-0.021503251750619932,0.009789691578298634,0.024832215919258032,-0.024832215919258032
2018-07-20,0.0,-0.017864552468172333,-0.0067924812754132525,-0.007547364604292875,0.009797449385423977,-0.02240694896245448,0.02240694896245448
2018-07-21,0.0,-0.004631617565297452,-0.006635449847139839,0.008485216951589988,0.009805889303383572,0.007024038842536268,-0.007024038842536268
2018-07-22,0.0,-0.021847055872572373,-0.0077321784969861815,0.015450488186530918,0.009814107653385154,-0.004314638529642482,0.004314638529642482
2018-07-23,0.0,0.045934962394468155,-0.006618811941826673,0.028000960384214152,0.009822186193424624,0.07713929703028025,-0.07713929703028025
2018-07-24,0.0,-0.0010746920141711006,-0.007141749033357965,0.02580803816393341,0.00982923196507605,0.027420829081480393,-0.027420829081480393
2018-07-25,0.0,0.004933648606637872,-0.0060355276515721284,0.010890087800575508,0.009836119690822322,0.019624328446463574,-0.019624328446463574
2018-07-26,0.0,-0.029278686299024057,-0.005394900065125005,-0.010073351359339636,0.009842237392613098,-0.0349047003308756,0.0349047003308756
2018-07-27,0.0,0.011416349210912401,-0.004799428628711086,-0.014925217540150401,0.009848521790050788,0.0015402248321017015,-0.0015402248321017015
2018-07-28,0.0,-0.015731930819541523,-0.002712377512647483,-0.00908522903487041,0.009855069318540376,-0.01767446804851904,0.01767446804851904
2018-07-29,0.0,-0.0003739712874613662,-0.0023505128581941476,-0.0011675470291952691,0.009861426729813574,0.005969395554962791,-0.005969395554962791
2018-07-30,0.0,0.02735112297465301,-1.3050548177692575e-05,-0.004507150271792577,0.009867207008254561,0.0326981291629373,-0.0326981291629373
2018-07-31,0.0,-0.02194390259117906,0.0006955372355127527,-0.01252005418294381,0.00987361798375288,-0.023894801554857237,0.023894801554857237
2018-08-01,0.0,0.0022636217025233897,0.0023352831713334826,-0.011202081838415557,0.009880412821397903,0.0032772358568392184,-0.0032772358568392184
2018-08-02,0.0,-0.0019385027843062679,0.003806689297450244,-0.017785089295707483,0.009886595823266934,-0.006030306959296574,0.006030306959296574
2018-08-03,0.0,-0.0047714775652534045,0.004205022781497112,-0.022059160973344382,0.009893679905763493,-0.012731935851337183,0.012731935851337183
2018-08-04,0.0,0.0041457055714129755,0.006138948837532838,-0.02307536705926681,0.009900792485958033,-0.002889920164362963,0.002889920164362963
2018-08-05,0.0,-0.00758047196238513,0.005913746024603501,-0.010983582138551173,0.009907518116792769,-0.002742789959540033,0.002742789959540033
2018-08-06,0.0,0.028174269242407363,0.007309752285103122,-0.0023117266320234137,0.009914609074972274,0.04308690397045935,-0.04308690397045935
2018-08-07,0.0,-0.022591164732846204,0.007068556069662638,-0.0045889893783904795,0.009921310853557208,-0.01019028718801684,0.01019028718801684
2018-08-08,0.0,0.015887669569858067,0.006963361889647973,0.00393387232163213,0.009928503874610722,0.03671340765574889,-0.03671340765574889
2018-08-09,0.0,-0.07251025731311987,0.007229260712562736,0.01584676734731001,0.009935772322561407,-0.039498456930685724,0.039498456930685724
2018-08-10,0.0,0.0690524588992326,0.0058011449541135705,0.029884040324052483,0.009943357949664096,0.11468100212706275,-0.11468100212706275
2018-08-11,0.0,0.021709227312324976,0.005965365106874834,0.027217804580041933,0.009949999406087423,0.06484239640532917,-0.06484239640532917
2018-08-12,0.0,-0.04875043752664114,0.003977578010203733,0.01621470799069489,0.009956603685337786,-0.018601547840404728,0.018601547840404728
2018-08-13,0.0,0.045416539109327594,0.0034258793398261656,0.01572226929251532,0.009963252421813408,0.07452794016348249,-0.07452794016348249
2018-08-14,0.0,-0.00048737096049403933,0.0019905761467946736,0.018293746026229213,0.009968745644545546,0.029765696857075395,-0.029765696857075395
2018-08-15,0.0,-0.04126965582863338,0.0001866327279050834,0.013100443097881305,0.009973748091080866,-0.018008831911766127,0.018008831911766127
2018-08-16,0.0,0.0638551092815249,-0.00038766079962015217,0.013521180759119334,0.009979707789023646,0.08696833703004772,-0.08696833703004772
2018-08-17,0.0,-0.04972705392904947,-0.0027757450933171522,0.01541513674848364,0.00998470170086727,-0.027102960573015714,0.027102960573015714
2018-08-18,0.0,0.015641585268271266,-0.0030144990158350684,0.009816565995999418,0.009989733249946673,0.03243338549838229,-0.03243338549838229
2018-08-19,0.0,-0.0005124338275900441,-0.00500525280919401,-0.006470082593979092,0.009994786282681224,-0.0019929829480819228,0.0019929829480819228
2018-08-20,0.0,-0.004575960315307538,-0.005739520020423277,-0.021314697226124977,0.009999741914534505,-0.02163043564732129,0.02163043564732129
2018-08-21,0.0,-0.012166775875961721,-0.0062575198926933,-0.023502073627826445,0.010005342791920223,-0.03192102660456124,0.03192102660456124
2018-08-22,0.0,0.012975546202156168,-0.007366093225589397,-0.015263556520226873,0.010011733745240647,0.00035763020158054507,-0.00035763020158054507
2018-08-23,0.0,-0.005919499945676539,-0.006563171649991173,-0.015816663228886238,0.010017779387851884,-0.018281555436702065,0.018281555436702065
2018-08-24,0.0,-0.0011084100514506087,-0.007633202475433521,-0.009361876784975846,0.010023721970896184,-0.008079767340963792,0.008079767340963792
2018-08-25,0.0,0.0019988657380074133,-0.006348842761274345,-0.000617450226079253,0.010030840324250773,0.005063413074904589,-0.005063413074904589
2018-08-26,0.0,0.01854168978516618,-0.006311785240322643,0.002255154689139195,0.010037859205869047,0.024522918439851778,-0.024522918439851778
2018-08-27,0.0,-0.02119087775042919,-0.005592388879014996,-0.011249811170295155,0.01004443012631413,-0.027988647673425213,0.027988647673425213
2018-08-28,0.0,0.006377325906890562,-0.004115308107733965,-0.03258741203192518,0.010051516396164572,-0.02027387783660401,0.02027387783660401
2018-08-29,0.0,-0.025749338084661854,-0.003807942658773214,-0.030014817646020188,0.010058915387116996,-0.04951318300233826,0.04951318300233826
2018-08-30,0.0,-0.0072752880872714535,-0.0013127204275020681,-0.01620672427734299,0.010066741363729884,-0.014727991428386628,0.014727991428386628
2018-08-31,0.0,0.0005765663305355676,-0.0009267206025889679,0.0028592773360520164,0.010074770587461408,0.012583893651460024,-0.012583893651460024
2018-09-01,0.0,0.05129411412527646,0.0011711462068719589,0.01685900731871593,0.010083027822257248,0.0794072954731216,-0.0794072954731216
2018-09-02,0.0,-0.03069215802618247,0.0023265848868492017,0.031158719695140932,0.010090363163003333,0.012883509718810996,-0.012883509718810996
2018-09-03,0.0,-0.0338448600907531,0.0033287137827473015,0.028036744490481755,0.01009885939777318,0.00761945758024914,-0.00761945758024914
2018-09-04,0.0,0.07808468760834841,0.005258469114647803,0.012881399198069516,0.010107084990638561,0.1063316409117043,-0.1063316409117043
2018-09-05,0.0,-0.037864710149833676,0.005070240810403862,-0.011702442327062197,0.010114133686018541,-0.03438277798047347,0.03438277798047347
2018-09-06,0.0,-0.026182315663160684,0.006929130777759406,-0.01770918256089854,0.010121373328131029,-0.02684099411816879,0.02684099411816879
2018-09-07,0.0,0.03976246138808546,0.0066074264292284475,0.00299003427211323,0.010128751920786968,0.059488674010214106,-0.059488674010214106
2018-09-08,0.0,-0.022433849269848195,0.007212943377351083,0.015055689230410955,0.010135289214675575,0.009970072552589419,-0.009970072552589419
2018-09-09,0.0,0.030199457321864014,0.007272710643531013,0.019045189878058318,0.01014218939781221,0.06665954724126555,-0.06665954724126555
2018-09-10,0.0,-0.02829582617637241,0.006340302866486383,0.014549167981875203,0.010149521365794292,0.002743166037783471,-0.002743166037783471
2018-09-11,0.0,0.00014442938480296798,0.006832389818339054,0.007137045089610561,0.010157054065493339,0.02427091835824592,-0.02427091835824592
2018-09-12,0.0,-0.007237571788671542,0.004853171941162959,-0.008219439290192396,0.01016401752117027,-0.00043982161653071013,0.00043982161653071013
2018-09-13,0.0,0.008312743295627064,0.004725948174817866,-0.01455003266699693,0.010171280007052984,0.008659938810500983,-0.008659938810500983
2018-09-14,0.0,0.02880656857767875,0.0028845595066172664,-0.003506314156450076,0.010178623930771154,0.038363437858617094,-0.038363437858617094
2018-09-15,0.0,0.0001891333068233139,0.0016713900411700982,0.008021959693253151,0.010195553908816659,0.020078036950063223,-0.020078036950063223
2018-09-16,0.0,0.00045630362225487406,0.0008183583369254238,0.009085966372710664,0.010212934616853428,0.02057356294874439,-0.02057356294874439
2018-09-17,0.0,-0.028425534784866837,-0.0014969022101153076,-0.007749027342098055,0.01022955635538382,-0.02744190798169638,0.02744190798169638
2018-09-18,0.0,-0.020550822350794685,-0.0017158595508226274,-0.01644333154648988,0.010245873821348487,-0.028464139626758707,0.028464139626758707
2018-09-19,0.0,0.038064462423185154,-0.003976022371870623,-0.010104127206113074,0.01026310728268795,0.03424742012788941,-0.03424742012788941
2018-09-20,0.0,0.00129629404817461,-0.00440694746752026,-0.0032793068077879265,0.010279830749409212,0.003889870522275636,-0.003889870522275636
2018-09-21,0.0,-0.006913560013905863,-0.005709287380461494,0.005485026032842583,0.010296403221986383,0.003158581860461609,-0.003158581860461609
2018-09-22,0.0,-0.03418413118384667,-0.006817074625202861,0.017168500566306543,0.010313712105139046,-0.013518993137603939,0.013518993137603939
2018-09-23,0.0,0.0374436282468463,-0.006423413191394372,0.03266683724266919,0.010331598649532845,0.07401865094765396,-0.07401865094765396
2018-09-24,0.0,-0.036062645905838776,-0.007771462795933451,0.022832771206633438,0.010348375761861423,-0.010652961733277367,0.010652961733277367
2018-09-25,0.0,0.058471770182917424,-0.006601573162120414,0.006055687883151115,0.010364934527789154,0.06829081943173727,-0.06829081943173727
2018-09-26,0.0,-0.002170262873023167,-0.0072809174696499245,-0.013718107828768592,0.010380610964000767,-0.012788677207440917,0.012788677207440917
2018-09-27,0.0,-0.02459728882856869,-0.006260433418858605,-0.016704598396376388,0.010396451713249686,-0.037165868930554,0.037165868930554
2018-09-28,0.0,0.0022020522953016116,-0.005385466044823251,-0.01564200429318722,0.010412272299716776,-0.008413145742992081,0.008413145742992081
2018-09-29,0.0,-0.014628057703292488,-0.005121498259036256,-0.017619935749715737,0.010428649487770414,-0.02694084222427407,0.02694084222427407
2018-09-30,0.0,-0.011552743877418047,-0.0029309298629691047,-0.020371668743768598,0.010444941373654258,-0.024410401110501488,0.024410401110501488
2018-10-01,0.0,-0.02846094177837752,-0.0027690259861967463,-0.015797073743700783,0.010462125611303101,-0.03656491589697195,0.03656491589697195
2018-10-02,0.0,0.059282766620995596,-0.0002535937015227146,-0.018424853414676156,0.01047916427748028,0.05108348378227701,-0.05108348378227701
2018-10-03,0.0,0.010454101101560755,0.0004365909784614219,-0.028521417445151066,0.010495031710750875,-0.007135693654378014,0.007135693654378014
2018-10-04,0.0,-0.027581495296312174,0.0019549383200709414,-0.026780944465027587,0.010511984867843015,-0.04189551657342581,0.04189551657342581
2018-10-05,0.0,-0.053204297470246235,0.0038393953831148742,-0.00462046356322389,0.010529443477948586,-0.043455922172406666,0.043455922172406666
2018-10-06,0.0,0.0559541354904438,0.004163823227700476,0.020531948764311508,0.010546656095426777,0.09119656357788256,-0.09119656357788256
2018-10-07,0.0,-0.002970200452974457,0.006362843318226693,0.023130132288400912,0.010563532946576392,0.03708630810022954,-0.03708630810022954
2018-10-08,0.0,-0.019847798861964566,0.005978279940076098,0.015372491518132185,0.010580138974945356,0.012083111571189074,-0.012083111571189074
2018-10-09,0.0,0.06387687409799128,0.007430632127721257,0.006932137186824533,0.01059691328499869,0.08883655669753576,-0.08883655669753576
2018-10-10,0.0,-0.029389191210351693,0.007425072293176039,-0.0027383741006658476,0.010612649061304592,-0.01408984395653691,0.01408984395653691
2018-10-11,0.0,0.005245834637460113,0.007181152871277397,-0.006153853007563691,0.010628363180436239,0.016901497681610058,-0.016901497681610058
2018-10-12,0.0,-0.04966201571350917,0.007741219709915873,0.006120066634619593,0.010643799400052598,-0.02515692996892111,0.02515692996892111
2018-10-13,0.0,-0.10563627637249755,0.00612971163226022,0.03898986025614443,0.010659197489699514,-0.049857506994393376,0.049857506994393376
2018-10-14,1.0,0.2566755946041997,0.0066715203274857315,0.07630056771197076,0.01067484009413882,0.350322522737795,0.6496774772622049
2018-10-15,0.0,-0.058613021557497175,0.004537811853943613,0.04662207577748824,0.010679584830144898,0.0032264509040795756,-0.0032264509040795756
2018-10-16,0.0,-0.05271855204344907,0.0037592294806904594,0.01721101516607958,0.010684225326147528,-0.0210640820705315,0.0210640820705315
2018-10-17,0.0,-0.00787787395978613,0.0024752882039714885,-0.010188976926685236,0.010690015020222331,-0.004901547662277546,0.004901547662277546
2018-10-18,0.0,0.01227190161218406,0.0004691529172586256,-0.021425969752215827,0.010696128901826306,0.002011213679053164,-0.002011213679053164
2018-10-19,0.0,-0.0005294999376257827,3.563758243374076e-05,-0.028546811812771165,0.010701347969809621,-0.018339326198153587,0.018339326198153587
2018-10-20,0.0,-0.005901327112549398,-0.002666301469247985,-0.027260908919649184,0.010706891173126398,-0.025121646328320167,0.025121646328320167
2018-10-21,0.0,0.013269151913668406,-0.0028776655363780975,-0.015592512928062935,0.010713533995310042,0.005512507444537415,-0.005512507444537415
2018-10-22,0.0,0.018740918416341276,-0.0048052944650574005,-0.005818537289772407,0.010719553770684532,0.018836640432196003,-0.018836640432196003
2018-10-23,0.0,-0.04283956624892902,-0.005758230026726594,-0.014458640909988649,0.010726024354062563,-0.052330412831581706,0.052330412831581706
2018-10-24,0.0,-0.01977675083517832,-0.006194992461914915,-0.02935038479412902,0.01073247220931161,-0.04458965588191065,0.04458965588191065
2018-10-25,0.0,0.0019347624584278166,-0.007714872623324461,-0.020790296086510545,0.010739275699832344,-0.015831130551574847,0.015831130551574847
2018-10-26,0.0,0.011449336494786522,-0.0067362933229657765,-0.010133765803856574,0.010746980579871742,0.005326257947835913,-0.005326257947835913
2018-10-27,0.0,0.04741921740784022,-0.007969756675882837,0.004010482800625362,0.010754506733784735,0.05421445026636748,-0.05421445026636748
2018-10-28,0.0,-0.028635697683213182,-0.006931550498638802,-0.0010824476934387036,0.0107607375054178,-0.02588895836987289,0.02588895836987289
2018-10-29,0.0,0.01780405202464315,-0.00673647169357062,0.007570347453812537,0.010767985737980833,0.0294059135228659,-0.0294059135228659
2018-10-30,0.0,-0.031368838634915595,-0.006178291525331678,0.002482490567192487,0.010775643080370885,-0.024288996512683902,0.024288996512683902
2018-10-31,0.0,-0.021456898776259663,-0.004352964048424701,-0.00794788288833225,0.01078295106820756,-0.022974794644809057,0.022974794644809057
2018-11-01,0.0,-0.011914547838798764,-0.004438820155157933,-0.009732166779393736,0.010789876094658885,-0.015295658678691548,0.015295658678691548
2018-11-02,0.0,0.05831014397721946,-0.0017925921082256675,-0.004476596317458901,0.010797573846331624,0.06283852939786652,-0.06283852939786652
2018-11-03,0.0,-0.013390371122422775,-0.0014194519158501023,0.011999352788532954,0.010803927342608918,0.007993457092868994,-0.007993457092868994
2018-11-04,0.0,0.005679746585798683,0.0006025553041489247,0.023784204659212133,0.01081069880437751,0.040877205353537255,-0.040877205353537255
2018-11-05,0.0,-0.017561949183991916,0.002043164440139642,0.014602591496421508,0.010817773867317264,0.009901580619886498,-0.009901580619886498
2018-11-06,0.0,-0.02465405780997938,0.002811390844518111,0.015970532430928996,0.010824886421738535,0.004952751887206265,-0.004952751887206265
2018-11-07,0.0,0.01812950796743555,0.005237631807685836,0.013906783240247444,0.01083228619448265,0.04810620920985148,-0.04810620920985148
2018-11-08,0.0,0.039171681666516904,0.005031859464787193,0.006392982336621256,0.010839358213192093,0.06143588168111745,-0.06143588168111745
2018-11-09,0.0,0.0033625305732184313,0.00696218121140053,-0.00389296994004007,0.010845997247708673,0.017277739092287567,-0.017277739092287567
2018-11-10,0.0,-0.0007323750891735439,0.006748392178438538,-0.004386160926991005,0.010852510501541202,0.012482366663815192,-0.012482366663815192
2018-11-11,0.0,-0.03038769765722811,0.007313040053505685,-0.0024483344031090877,0.010860206536942918,-0.014662785469888594,0.014662785469888594
2018-11-12,0.0,-0.009379428077914692,0.00785385147591854,-0.00937764155082206,0.010868312558706732,-3.490559411148224e-05,3.490559411148224e-05
2018-11-13,0.0,-0.028099119772860174,0.006629473115254848,-0.02457557237882142,0.010875930747412957,-0.03516928828901379,0.03516928828901379
2018-11-14,0.0,0.03517019618706384,0.007448807203290892,-0.024138528507932397,0.010884761874728201,0.029365236757150533,-0.029365236757150533
2018-11-15,0.0,0.03791370344611471,0.005521133798224168,-0.0061356948293780555,0.01089389911603973,0.04819304153100055,-0.04819304153100055
2018-11-16,0.0,-0.00907357233738795,0.00546310786654503,0.01703076901916912,0.01090273489450996,0.02432303944283616,-0.02432303944283616
2018-11-17,0.0,-0.029733579255977437,0.003808014204694645,0.03447687920235166,0.01091138882913067,0.019462702980199538,-0.019462702980199538
2018-11-18,0.0,-0.020081446879001714,0.0022118416366416543,0.030928679818196983,0.010920456521595595,0.02397953109743252,-0.02397953109743252
2018-11-19,0.0,0.05420971501846292,0.001656300432343633,0.02944269006562388,0.010929487756481508,0.09623819327291193,-0.09623819327291193
2018-11-20,0.0,-0.013765545508168974,-0.0010000269173478394,0.001218509481899835,0.010937829471753249,-0.0026092334718637294,0.0026092334718637294
2018-11-21,0.0,-0.0034489537577839665,-0.0011997383630726246,-0.02711001107680847,0.010945626622610461,-0.0208130765750546,0.0208130765750546
2018-11-22,0.0,0.022714643199838465,-0.0037472163399266604,-0.024076636487394686,0.010953196468162101,0.00584398684067922,-0.00584398684067922
2018-11-23,0.0,-0.03522993076148148,-0.004388683478471399,-0.0038528371642783015,0.010961742792018688,-0.032509708612212494,0.032509708612212494
2018-11-24,0.0,-0.009213338354401681,-0.005446813751459478,0.022215185342332536,0.010970614971804873,0.01852564820827625,-0.01852564820827625
2018-11-25,0.0,-0.0035884881510365426,-0.007051438008887648,0.029234447704691167,0.010978743088371008,0.029573264633137985,-0.029573264633137985
2018-11-26,0.0,0.006566881864248597,-0.006645177436718929,0.006842519798304401,0.010986485801677645,0.017750710027511715,-0.017750710027511715
2018-11-27,0.0,0.02938352629591585,-0.008298454057693791,-0.010741390315536324,0.010994728053668674,0.02133840997635441,-0.02133840997635441
2018-11-28,0.0,-0.0050629110186664215,-0.007222066607617842,-0.03087744417995195,0.011002316633364474,-0.03216010517287174,0.03216010517287174
2018-11-29,0.0,0.0037108727506046497,-0.007891634819220636,-0.037254572615954544,0.011009677478770796,-0.030425657205799733,0.030425657205799733
2018-11-30,0.0,-0.011607077190187932,-0.007274506386963513,-0.03520094435138798,0.011018133135015257,-0.04306439479352417,0.04306439479352417
2018-12-01,0.0,-0.042625256358058645,-0.005993325784286698,-0.013362416811696937,0.011026911224756733,-0.05095408772928555,0.05095408772928555
2018-12-02,0.0,0.005363880723203589,-0.005951538330150684,0.0011311472702763303,0.011035985414237216,0.01157947507756645,-0.01157947507756645
2018-12-03,0.0,0.03476956263322874,-0.0034398188020829347,-0.0077263675386300195,0.01104531795620156,0.034648694248717346,-0.034648694248717346
2018-12-04,0.0,-0.0016223228541736,-0.0034245869887267574,-0.029058921296933757,0.011054104974553778,-0.023051726165280333,0.023051726165280333
2018-12-05,0.0,-0.005096605646790255,-0.0009612405833215728,-0.029824986129129965,0.011062952977926463,-0.02481987938131533,0.02481987938131533
2018-12-06,0.0,-0.023279326588275806,0.00022149465356387222,-0.017065487812092314,0.011072288136510844,-0.029051031610293404,0.029051031610293404
2018-12-07,0.0,0.00062775140571848,0.0014967111265819268,0.003977906107177526,0.011081535102677488,0.01718390374215542,-0.01718390374215542
2018-12-08,0.0,0.0031137565818947213,0.0038367229102220504,0.03319783281618766,0.011091210046960173,0.051239522355264605,-0.051239522355264605
2018-12-09,0.0,-0.09850704524933833,0.004007986019356181,0.05442022698481054,0.011100945136783604,-0.028977887108387994,0.028977887108387994
2018-12-10,1.0,0.2584919597587454,0.006661453939967063,0.07928832570681855,0.011110930315610171,0.3555526697211412,0.6444473302788588
2018-12-11,0.0,-0.0967378755932053,0.006334572730097711,0.043584422615394317,0.011100216629276674,-0.0357186636184366,0.0357186636184366
2018-12-12,0.0,-0.042904142807649134,0.007589853210305015,0.00758347998156331,0.011090011196631456,-0.016640798419149352,0.016640798419149352
2018-12-13,0.0,-0.012102325982094821,0.007996872014003164,-0.010339649101111131,0.011080430902292802,-0.0033646721669099867,0.0033646721669099867
2018-12-14,0.0,-0.018102096149111027,0.007522499672520921,-0.005167132909851629,0.011070653791243149,-0.004676075595198585,0.004676075595198585
2018-12-15,0.0,0.05449065336182084,0.008477020921085567,-0.0012415548875764734,0.011060511372765425,0.07278663076809536,-0.07278663076809536
2018-12-16,0.0,-0.025253334443995957,0.006626004677200906,0.002760844559182896,0.01104987686086962,-0.004816608346742532,0.004816608346742532
2018-12-17,0.0,0.007219321568392945,0.007130574475018461,0.0126018763180718,0.011039059606489796,0.037990831967972996,-0.037990831967972996
2018-12-18,0.0,0.05702029524213978,0.0053651875366218975,0.011002189406960893,0.011028686214501657,0.08441635840022424,-0.08441635840022424
2018-12-19,0.0,-0.045763978894692386,0.0043755916467639,-0.012073924467214626,0.011018446819478458,-0.04244386489566466,0.04244386489566466
2018-12-20,0.0,-0.04592059522599326,0.003427137851988652,-0.035861889921492786,0.01100841649810375,-0.06734693079739365,0.06734693079739365
2018-12-21,0.0,-0.012941227507130872,0.0009971211639528226,-0.033269773492202184,0.010998891224780143,-0.03421498861060009,0.03421498861060009
2018-12-22,0.0,0.09127388906188547,0.0009088146293483244,-0.01056563206337278,0.010990473208043266,0.09260754483590428,-0.09260754483590428
2018-12-23,0.0,-0.022030676403538747,-0.0019507641491275695,-0.001498958094398,0.010980573468411772,-0.014499825178652545,0.014499825178652545
2018-12-24,0.0,-0.009912337967260196,-0.0024638183774329196,-0.007487678787324339,0.01097112166464917,-0.008892713467368286,0.008892713467368286
2018-12-25,0.0,-0.019925263469618683,-0.0042263137542586735,-0.014415551966370219,0.010962445717220553,-0.027604683473027018,0.027604683473027018
2018-12-26,0.0,0.005390757375175893,-0.005551963246242174,-0.01743815187642767,0.010953917141286438,-0.006645440606207514,0.006645440606207514
2018-12-27,0.0,-0.061017193783477676,-0.005706525010927016,-0.022608303084334303,0.010945297432522049,-0.07838672444621694,0.07838672444621694
2018-12-28,0.0,0.02131273905659681,-0.007718999442440592,-0.011853723908293663,0.010936881267590804,0.012676896973453361,-0.012676896973453361
2018-12-29,0.0,0.07502952827799098,-0.006882138692824563,0.010381478257513644,0.01092806758270206,0.08945693542538213,-0.08945693542538213
2018-12-30,0.0,-0.0033972736820872713,-0.008213651332621441,0.033268965623340585,0.010918515640978479,0.03257655624961035,-0.03257655624961035
2018-12-31,0.0,-0.03653668429504644,-0.007538335834273648,0.03364901772294675,0.010908813255278049,0.00048281084890470713,-0.00048281084890470713
2019-01-01,0.0,-0.00798839406728465,-0.007237534120731654,0.012071669558550923,0.010898847098051489,0.007744588468586108,-0.007744588468586108
2019-01-02,0.0,-0.00482081019284108,-0.007285240466493715,-0.0036889372052386505,0.01089508212558022,-0.004899905738993224,0.004899905738993224
2019-01-03,0.0,0.0018772253790709874,-0.005190615368133726,-0.014413671737519156,0.010892278077294688,-0.006834783649287206,0.006834783649287206
2019-01-04,0.0,0.01836651814453651,-0.005477031643226693,-0.012323036559548122,0.010889644471740272,0.011456094413501967,-0.011456094413501967
2019-01-05,0.0,0.01719838155090399,-0.0030619504902289723,-0.009789444335306069,0.010886547520187688,0.015233534245556637,-0.015233534245556637
2019-01-06,0.0,-0.00674242649096413,-0.0025338783939627694,-0.0018743082925778269,0.01088363470040108,-0.0002669784771036441,0.0002669784771036441
2019-01-07,0.0,-0.043862463724328955,-0.0007899684502505047,0.010595436212005418,0.010881125242350487,-0.023175870720223556,0.023175870720223556
2019-01-08,0.0,-0.018935647835569405,0.0012160767497933175,0.009105507742155825,0.010878895322513203,0.002264831978892941,-0.002264831978892941
2019-01-09,0.0,0.007047170029972053,0.0016402688579267202,0.001549684537014374,0.010877182618604533,0.021114306043517682,-0.021114306043517682
2019-01-10,0.0,0.07054144909507955,0.0044295975764380375,-0.0022199882900095762,0.010876410265140192,0.0836274686466482,-0.0836274686466482
2019-01-11,0.0,0.028508609444629098,0.0043354130461481215,0.00451117907799284,0.010874530949713815,0.04822973251848387,-0.04822973251848387
2019-01-12,0.0,-0.04066696354782033,0.00643907089087275,0.00791905121700832,0.010872371831089722,-0.015436469608849543,0.015436469608849543
2019-01-13,0.0,-0.029735915172141268,0.006762951134933056,0.0034728848996315453,0.010870983377810941,-0.008629095759765728,0.008629095759765728
2019-01-14,0.0,-0.001719216084918535,0.007114940707777168,0.0007586860995197964,0.010869911349920717,0.017024322072299147,-0.017024322072299147
2019-01-15,0.0,-0.016932515059134404,0.008361863042019357,-0.0022197501691030574,0.010869757141890644,7.93549556725396e-05,-7.93549556725396e-05
2019-01-16,0.0,0.021957818330539752,0.007164494477980243,-0.0008436674509380676,0.010869880291582305,0.03914852564916423,-0.03914852564916423
2019-01-17,0.0,0.052628782218503464,0.008282862929389172,-0.005311611139877978,0.010869496151025617,0.06646953015904028,-0.06646953015904028
2019-01-18,0.0,-0.026559607055830808,0.006481850036316494,-0.0013930156989238618,0.01086847354699358,-0.010602299171444595,0.010602299171444595
2019-01-19,0.0,-0.01296263908664561,0.006423182291037888,0.01146014057161951,0.010868796050857483,0.01578947982686927,-0.01578947982686927
2019-01-20,0.0,-0.031940807303245985,0.005398605603004841,0.025585449960819306,0.010868667129051813,0.009911915389629974,-0.009911915389629974
2019-01-21,0.0,-0.020642497576888453,0.0034829319903354567,0.021884175242682727,0.010867757391766783,0.015592367047896514,-0.015592367047896514
2019-01-22,0.0,0.08761493621134545,0.003266018490683192,0.012746103550595514,0.010867431380151452,0.1144944896327756,-0.1144944896327756
2019-01-23,0.0,0.04007739795896859,0.00041210567004563623,0.003180421444169432,0.010876160592226774,0.05454608566541043,-0.05454608566541043
2019-01-24,0.0,-0.08221420103377296,0.00017354345761140636,-0.009902608693338142,0.010884248565763123,-0.08105901770373658,0.08105901770373658
2019-01-25,0.0,0.005126698127745853,-0.0022639533362406525,-0.008687138249112552,0.010892850971382489,0.005068457513775137,-0.005068457513775137
2019-01-26,0.0,0.0020675884591999484,-0.0035170439904595877,-0.016607262404001535,0.010901380034167171,-0.007155337901094003,0.007155337901094003
2019-01-27,0.0,-0.039613148599795596,-0.004368185550157393,-0.012408358994819858,0.010910061521876069,-0.04547963162289678,0.04547963162289678
2019-01-28,0.0,0.004102295190382844,-0.006493500090917453,-0.013015569082354147,0.010920041980631769,-0.004486732002256988,0.004486732002256988
2019-01-29,0.0,0.06003529464247606,-0.0060627961645423325,-0.026764618470529283,0.010930822592346283,0.03813870259975073,-0.03813870259975073
2019-01-30,0.0,0.0025670528148010784,-0.008234385028349932,-0.03715263594732006,0.010940147654855695,-0.03187982050601322,0.03187982050601322
2019-01-31,0.0,-0.032363237422382854,-0.007591454082593025,-0.03176315088593824,0.010950521372971225,-0.060767321017942896,0.060767321017942896
2019-02-01,0.0,-0.04405524751018308,-0.008167108150811984,-0.008558157723466159,0.010962373158954847,-0.049818140225506374,0.049818140225506374
2019-02-02,0.0,0.03810044511528111,-0.008231986929459532,0.005954926517263405,0.010973669414491979,0.04679705411757696,-0.04679705411757696
2019-02-03,0.0,-0.018810131425153732,-0.006940436157785971,0.0021538465083707358,0.010984456510643363,-0.012612264563925607,0.012612264563925607
2019-02-04,0.0,0.0130977748299954,-0.007441449489640537,0.0004824410717136065,0.010995663685479882,0.01713443009754835,-0.01713443009754835
2019-02-05,0.0,0.042179204947681306,-0.005006796172968252,-0.0023751587696730385,0.011006684706602383,0.0458039347116424,-0.0458039347116424
2019-02-06,0.0,-0.01887676924670007,-0.005048376905019934,-0.008390739276718389,0.011017486327435377,-0.02129839910100302,0.02129839910100302
2019-02-07,0.0,-0.01645774030785618,-0.0030595470243619033,-0.0031112714143590754,0.011028076162010141,-0.01160048258456702,0.01160048258456702
2019-02-08,0.0,-0.05492580287667304,-0.0015327199143571175,0.024492245837389317,0.0110383824087083,-0.02092789454493255,0.02092789454493255
2019-02-09,0.0,-0.07157473603220431,-0.0005951581803897903,0.05747323235951673,0.011049102024619865,-0.0036475598284575004,0.0036475598284575004
2019-02-10,1.0,0.2628803843906576,0.0022615245161011215,0.07639254030855394,0.011060509563608331,0.35259495877892094,0.647405041221079
2019-02-11,0.0,-0.09925733266362376,0.002211709397085874,0.04082381854134577,0.011058517655341856,-0.04516328706985026,0.04516328706985026
2019-02-12,0.0,-0.023985581592913172,0.004928232968971368,0.016521938105934025,0.011056610981309188,0.00852120046330141,-0.00852120046330141
2019-02-13,0.0,0.024869431695321964,0.00528890216320323,-0.0033638295313453016,0.011054653201970285,0.037849157529150176,-0.037849157529150176
2019-02-14,0.0,-0.05181146379925612,0.006570987749953081,-0.018189725094087974,0.011053413790105831,-0.05237678735328518,0.05237678735328518
2019-02-15,0.0,0.01621929409556128,0.007803514677287948,-0.020601339836320905,0.01105181881384612,0.014473287750374444,-0.014473287750374444
2019-02-16,0.0,-0.020107217183409198,0.007324137568772775,-0.010723094902552337,0.011050612155637555,-0.012455562361551207,0.012455562361551207
2019-02-17,0.0,0.06892225726894836,0.009102591740377988,0.004212758019143273,0.011049759729718837,0.09328736675818845,-0.09328736675818845
2019-02-18,0.0,-0.0009512320672883951,0.007619477156009972,-0.00621714107328474,0.011047586894581896,0.011498690910018733,-0.011498690910018733
2019-02-19,0.0,-0.046415133487127405,0.008363098317315732,-0.02654448792675245,0.011045860443566372,-0.053550662652997766,0.053550662652997766
2019-02-20,0.0,-0.0427264605940907,0.0072666518629969454,-0.03881996082475239,0.011044999427193754,-0.06323477012865239,0.06323477012865239
2019-02-21,0.0,0.025846509254323774,0.006287881537811769,-0.033081070162052154,0.011044027570280546,0.010097348200363936,-0.010097348200363936
2019-02-22,0.0,0.03925522185562965,0.006122421548151666,-0.02082295151668806,0.011044566026883848,0.035599257913977105,-0.035599257913977105
2019-02-23,0.0,-0.028421663969125512,0.0034920024333083112,-0.009166843380873754,0.01104477338174253,-0.023051731534948428,0.023051731534948428
2019-02-24,0.0,0.03304968284961962,0.0034861038805254997,0.009535832643530162,0.011044680000633664,0.05711629937430894,-0.05711629937430894
2019-02-25,0.0,-0.017105338257997118,0.000731692492293201,0.02994386318566539,0.011044330045451,0.024614547465412473,-0.024614547465412473
2019-02-26,0.0,0.013206909833114342,-0.0001317958770111924,0.018778172486629226,0.011044023997341317,0.042897310440073694,-0.042897310440073694
2019-02-27,0.0,-0.04391438062917558,-0.0018232333169187847,-0.005679323916127732,0.011042647068353593,-0.040374290793868506,0.040374290793868506
2019-02-28,0.0,-0.02410084639485582,-0.0040044198398420374,-0.01529132868972951,0.011040868754663546,-0.032355726169763815,0.032355726169763815
2019-03-01,0.0,0.05772720412639161,-0.004126907719544603,-0.006345062579692874,0.011040138356594167,0.0582953721837483,-0.0582953721837483
2019-03-02,0.0,-0.01013752476850377,-0.006837923068203853,0.0069146428562139,0.011038275771242938,0.0009774707907492138,-0.0009774707907492138
2019-03-03,0.0,0.030667049825333227,-0.006618647076051386,0.02364439089316373,0.011035850103269604,0.05872864374571518,-0.05872864374571518
2019-03-04,0.0,-0.02946200462518912,-0.008377706415129318,0.019875117944504174,0.011032954739431737,-0.00693163835638253,0.00693163835638253
2019-03-05,0.0,-0.019051296501449905,-0.008577167735051655,0.019098912991935772,0.011029794728814823,0.002500243484249036,-0.002500243484249036
2019-03-06,0.0,-0.006458872461388258,-0.008330029722171941,-0.0022282128011645325,0.011027018034468213,-0.00599009695025652,0.00599009695025652
2019-03-07,0.0,0.037263747526434327,-0.009289263056610143,-0.02664908784154927,0.011024358195098873,0.012349754823373787,-0.012349754823373787
2019-03-08,0.0,0.012267075145654784,-0.007509512252621569,-0.03572289470067273,0.011022440728807214,-0.019942891078832303,0.019942891078832303
2019-03-09,0.0,-0.02283357287544628,-0.008213227995332965,-0.0207358484744916,0.011020816968596078,-0.04076183237667477,0.04076183237667477
2019-03-10,0.0,-0.014426448190004786,-0.006127146298920404,-0.0007562790886944503,0.011019695702295326,-0.010290177875324314,0.010290177875324314
2019-03-11,0.0,-0.021204119960719945,-0.005470332416613388,0.004375753883161231,0.01101840215349109,-0.011280296340681012,0.011280296340681012
2019-03-12,0.0,0.013725941358923136,-0.004261235396994317,0.011777296012062503,0.011017099262269752,0.03225910123626107,-0.03225910123626107
2019-03-13,0.0,-0.011120120390630242,-0.0017374343236157587,0.008701952863031109,0.011017309503570548,0.0068617076523556555,-0.0068617076523556555
2019-03-14,0.0,0.05823536100193843,-0.0013316501526026842,0.010872766986679189,0.011018050919435555,0.07879452875545048,-0.07879452875545048
2019-03-15,0.0,-0.006329708496943965,0.0017499566988777783,0.006678264865747995,0.011017820108471922,0.01311633317615373,-0.01311633317615373
2019-03-16,0.0,-0.010352797181599553,0.002126923689723669,0.011655355151799723,0.011018042943383538,0.014447524603307376,-0.014447524603307376
2019-03-17,0.0,-0.02381405818123935,0.0044345556034535855,0.01323657629530187,0.011018326409883523,0.004875400127399629,-0.004875400127399629
2019-03-18,0.0,0.00989902496137101,0.005869364708373487,0.0189642999070192,0.011018364902116254,0.04575105447887995,-0.04575105447887995
2019-03-19,0.0,-0.012727917123677913,0.006391052415760592,0.008515274280966907,0.011018405728776678,0.013196815301826264,-0.013196815301826264
2019-03-20,0.0,0.044653154016482455,0.008623268631854183,-0.005010819438511029,0.011019688284873888,0.059285291494699494,-0.059285291494699494
2019-03-21,0.0,-0.030488940649978105,0.007841859447820803,0.0018910491456025167,0.011019405341569807,-0.009736626714984983,0.009736626714984983
2019-03-22,0.0,0.03197561454610965,0.009666066729602782,0.006902519159553693,0.011019152166980368,0.05956335260224649,-0.05956335260224649
2019-03-23,0.0,-0.03987712255170245,0.008749807376658002,0.0030545637253897345,0.011018964571647803,-0.01705378687800691,0.01705378687800691
2019-03-24,0.0,0.0007380527532469777,0.008779074708392322,0.006374131144673222,0.011018517239680135,0.026909775845992658,-0.026909775845992658
2019-03-25,0.0,-0.025483541517506685,0.008702549407777215,-0.00034793022112534263,0.011018404242720147,-0.006110518088134667,0.006110518088134667
2019-03-26,0.0,0.04773643005847719,0.00688720640033232,0.0010573681358774557,0.01101988484150172,0.0667008894361887,-0.0667008894361887
2019-03-27,0.0,0.02280338391593905,0.007127041198564632,-0.007812220245183566,0.011020136480565193,0.03313834134988531,-0.03313834134988531
2019-03-28,0.0,-0.013140584821193605,0.004226748376680602,-0.017836947149586935,0.011020197683992065,-0.01573058591010787,0.01573058591010787
2019-03-29,0.0,0.00385790484728611,0.0038142929217002803,-0.023041597614027434,0.01102171192979271,-0.004347687915248333,0.004347687915248333
2019-03-30,0.0,-0.048947638753207075,0.0016238720291485446,-0.019197280238337198,0.011024477132688434,-0.0554965698297073,0.0554965698297073
2019-03-31,0.0,-0.009561201220938908,-0.00030517994267597486,-0.02688264786523399,0.011027136066615503,-0.025721892962233366,0.025721892962233366
2019-04-01,0.0,0.01757125695067652,-0.0012136185523100671,-0.03014323414525403,0.011030267964775973,-0.0027553277821116048,0.0027553277821116048
2019-04-02,0.0,0.009954486768045185,-0.00420044440549391,-0.022110842406126034,0.011033307743965978,-0.005323492299608781,0.005323492299608781
2019-04-03,0.0,0.012536624536969992,-0.004281780449580004,-0.008232714384986493,0.011037513303384592,0.011059643005788088,-0.011059643005788088
2019-04-04,0.0,-0.004029602251806158,-0.0069944075562408505,0.0032060220196062405,0.011041336854272355,0.0032233490658315853,-0.0032233490658315853
2019-04-05,0.0,-0.021035059660701905,-0.007508471862780905,0.002514085500191767,0.011045139554707218,-0.014984306468583826,0.014984306468583826
2019-04-06,0.0,-0.020673011621246615,-0.008487137447357428,0.017597774791916265,0.011048521487344712,-0.0005138527893430653,0.0005138527893430653
2019-04-07,0.0,-0.006663534508063862,-0.009663340023016827,0.01847301257544966,0.011053353836638646,0.013199491881007615,-0.013199491881007615
2019-04-08,0.0,0.10821051473231275,-0.008730199337031178,0.020099248256139644,0.01105843024307578,0.130637993894497,-0.130637993894497
2019-04-09,0.0,-0.048293984932700894,-0.010235089329160493,0.008387453986222305,0.011061136759200998,-0.03908048351643808,0.03908048351643808
2019-04-10,0.0,-0.03416136070693284,-0.008483791515031727,0.005551233940619935,0.01106430642134375,-0.026029611860000884,0.026029611860000884
2019-04-11,0.0,0.001861569373446578,-0.008703987926677285,0.02133798171831646,0.011068687253118572,0.025564250418204326,-0.025564250418204326
2019-04-12,0.0,-0.0061893461339104314,-0.0074172780123383415,0.033236636305928526,0.011071944720641796,0.030701956880321547,-0.030701956880321547
2019-04-13,0.0,0.02841748015823289,-0.005755326293139774,0.02720912865053632,0.011075128891767516,0.06094641140739695,-0.06094641140739695
2019-04-14,0.0,-0.03388147235249482,-0.005293790482716715,0.02673003879798711,0.011077928749603217,-0.0013672952876212056,0.0013672952876212056
2019-04-15,0.0,0.05959584851170977,-0.0021689181327840023,0.017558246126454118,0.011080880432686232,0.08606605693806613,-0.08606605693806613
2019-04-16,0.0,0.032921290992798447,-0.0018619322575997345,-0.0007072619479291599,0.011083295911646408,0.04143539269891596,-0.04143539269891596
2019-04-17,0.0,-0.07188535252117027,0.0010258750454431968,-0.02169417474221093,0.011086548417169207,-0.0814671038007688,0.0814671038007688
2019-04-18,0.0,-0.01513718873484611,0.0023154065415094734,-0.023391788163127137,0.011089678152619858,-0.025123892203843916,0.025123892203843916
2019-04-19,0.0,0.001158045161747097,0.00394135394286868,-0.014832455327564891,0.011093127792192455,0.0013600715692433409,-0.0013600715692433409
2019-04-20,0.0,0.05410651011469525,0.006487495210769977,-0.012038581331026922,0.011098449699688134,0.05965387369412645,-0.05965387369412645
2019-04-21,0.0,-0.02284953231394657,0.006488476918855113,-0.024730169588987112,0.01110261831423576,-0.029988606669842804,0.029988606669842804
2019-04-22,0.0,-0.015047114391869926,0.009138219906273254,-0.03695942772388966,0.011106780584617207,-0.031761541624869126,0.031761541624869126
2019-04-23,0.0,0.004427619545027904,0.008794358891423663,-0.03510415939009068,0.011112031455077623,-0.01077014949856149,0.01077014949856149
2019-04-24,0.0,0.0037632194914731017,0.010142347586782154,-0.024682863277010806,0.01111658220258778,0.0003392860038322291,-0.0003392860038322291
2019-04-25,0.0,-0.042399911948283554,0.010289814423424058,-0.00516362462494319,0.011121138054504681,-0.026152584095298005,0.026152584095298005
2019-04-26,0.0,-0.09046499513742295,0.009523699756655048,0.020531340173429228,0.011125850401889757,-0.04928410480544893,0.04928410480544893
2019-04-27,1.0,0.25340082731856306,0.01036127768066094,0.06474928819121858,0.01113117906045214,0.33964257225089467,0.6603574277491053
2019-04-28,0.0,-0.09518842388276044,0.00792323587232789,0.04416468297933798,0.011119004762298898,-0.03198150026879567,0.03198150026879567
2019-04-29,0.0,-0.011300496040663719,0.008071734114885366,0.019576085386537292,0.011106874512060069,0.027454197972819006,-0.027454197972819006
2019-04-30,0.0,-0.028187688296303803,0.00551125440725748,-0.011056011356257058,0.011094000995670903,-0.02263844424963248,0.02263844424963248
2019-05-01,0.0,-0.018243415916589116,0.004233821373180935,-0.022709340468498384,0.011081347615340546,-0.02563758739656602,0.02563758739656602
2019-05-02,0.0,0.02970514213376802,0.002810250407060998,-0.014124711939849021,0.011069050144743893,0.02945973074572389,-0.02945973074572389
2019-05-03,0.0,0.03216189108647022,-0.00015391558726651457,-0.007032536144484181,0.011056021006163855,0.03603146036088337,-0.03603146036088337
2019-05-04,0.0,-0.04887311033611582,-0.0007512744741756,0.0004074201332369815,0.011042277832282999,-0.03817468684477143,0.03817468684477143
2019-05-05,0.0,0.016034398070109118,-0.00407735507458307,0.01472388525373482,0.011028881416213998,0.03770980966547487,-0.03770980966547487
2019-05-06,0.0,0.011488740488076124,-0.004710529808556744,0.009051854309420689,0.011014304724543096,0.02684436971348316,-0.02684436971348316
2019-05-07,0.0,-0.04240701377326673,-0.006987490110905548,-0.016088307302806984,0.010998252396361045,-0.054484558790618226,0.054484558790618226
2019-05-08,0.0,0.04313476023108741,-0.008497279972057563,-0.029682966411174388,0.010982172283843645,0.0159366861316991,-0.0159366861316991
2019-05-09,0.0,-0.006178913403211928,-0.008646198979957876,-0.035376416106461986,0.01098129887810618,-0.03922022961152561,0.03922022961152561
2019-05-10,0.0,-0.003376027813043704,-0.010637429963148613,-0.017589697321713633,0.010980470172595565,-0.020622684925310383,0.020622684925310383
2019-05-11,0.0,-0.003282632557932463,-0.009565089129540426,-0.0032200837303719395,0.010979827288679482,-0.005087978129165347,0.005087978129165347
2019-05-12,0.0,-0.01575101865624636,-0.010889443387272022,0.01033894468113615,0.010980547626209966,-0.005320969736172267,0.005320969736172267
2019-05-13,0.0,0.028633125639527367,-0.00968562056285132,0.022463605917458256,0.010981313446964416,0.05239242444109872,-0.05239242444109872
2019-05-14,0.0,-0.0648928792701715,-0.009032325051251414,0.016339706406776802,0.01098198673234687,-0.04660351118229924,0.04660351118229924
2019-05-15,0.0,0.05777609785353307,-0.008589146672499923,0.011817398951987239,0.010983718692226717,0.07198806882524711,-0.07198806882524711
2019-05-16,0.0,0.010066407049626356,-0.006111913820631105,0.003569488761613972,0.010985021513657602,0.018509003504266826,-0.018509003504266826
2019-05-17,0.0,-0.054285519917296216,-0.005999038794977792,0.015677757241691286,0.010985581128065407,-0.03362122034251731,0.03362122034251731
2019-05-18,0.0,0.10025134243511953,-0.0028221012101652485,0.040661059167858386,0.010985825223469803,0.14907612561628247,-0.14907612561628247
2019-05-19,0.0,-0.056108355854679236,-0.002011181661855479,0.036952742156020395,0.010984686306560472,-0.01018210905395385,0.01018210905395385
2019-05-20,0.0,-0.0405252975640749,0.0002179645244638649,0.028332372254160153,0.010982838472539938,-0.000992122312910947,0.000992122312910947
2019-05-21,0.0,0.06682744866872398,0.002582462855023898,0.011444752739675875,0.010982741561698343,0.09183740582512209,-0.09183740582512209
2019-05-22,0.0,-0.00039621955312547344,0.0034419700846875026,-0.008875116258636625,0.010981965347591369,0.005152599620516772,-0.005152599620516772
2019-05-23,0.0,-0.01618535678424888,0.00646758023254822,-0.03447898948993445,0.010981585097934354,-0.03321518094370075,0.03321518094370075
2019-05-24,0.0,-0.021328798632255373,0.006420101608749448,-0.04217944518125028,0.010981837984324345,-0.04610630422043186,0.04610630422043186
2019-05-25,0.0,-0.01528181759939436,0.008819690543119504,-0.03050740466676078,0.010982797649170347,-0.025986734073865293,0.025986734073865293
2019-05-26,0.0,0.0057762665873110205,0.009219704082311295,-0.008135572815923265,0.010983619734722077,0.017844017588421128,-0.017844017588421128
2019-05-27,0.0,0.0027688729559918503,0.009717795174990008,-0.0014378077719176627,0.010984406966694858,0.022033267325759054,-0.022033267325759054
2019-05-28,0.0,0.018507936672285518,0.010811785006707646,-0.004674122900440232,0.010986088380989733,0.035631687159542666,-0.035631687159542666
2019-05-29,0.0,0.00980391933560034,0.009391099588612544,-0.005910883648803686,0.010987061564229437,0.024271196839638635,-0.024271196839638635
2019-05-30,0.0,0.0060567686289813225,0.010466030788479665,-0.0031909137391230766,0.01098917654918534,0.024321062227523248,-0.024321062227523248
2019-05-31,0.0,-0.035987751105664476,0.00824913624496042,-0.0072540850733599635,0.010991718034047866,-0.02400098190001615,0.02400098190001615
2019-06-01,0.0,0.0017331833102224971,0.007875052567854417,-0.018971560645547853,0.010994643052458458,0.0016313182849875176,-0.0016313182849875176
2019-06-02,0.0,0.01957664591452648,0.006340972647950966,-0.01687199904783859,0.010998614694944717,0.02004423420958357,-0.02004423420958357
2019-06-03,0.0,0.011221090566530713,0.004233250061865193,-0.013726664199109026,0.011003492005241686,0.012731168434528565,-0.012731168434528565
2019-06-04,0.0,-0.04565544026074779,0.003609610313954993,-0.014319926612425775,0.011007511489600986,-0.04535824506961758,0.04535824506961758
2019-06-05,0.0,-0.03519582978626068,0.00019145038823700685,0.002242076652049172,0.011011451469214676,-0.02175085127675982,0.02175085127675982
2019-06-06,0.0,0.11639923924468237,-0.00027009976868407385,0.02171770299630184,0.011015910659421533,0.14886275313172168,-0.14886275313172168
2019-06-07,0.0,-0.07201748352360675,-0.003198250923634043,0.03277885658813772,0.011017976013845843,-0.031418901845257224,0.031418901845257224
2019-06-08,0.0,0.009890947918924274,-0.004561066577773454,0.035892957960352315,0.011020689998582267,0.0522435293000854,-0.0522435293000854
2019-06-09,0.0,0.015251460198367919,-0.005908717071578492,0.014883616616855418,0.01102332808727862,0.035249687830923464,-0.035249687830923464
2019-06-10,0.0,-0.004704415827878608,-0.008275086698642154,0.006359265026325125,0.011025057815125004,0.004404820314929367,-0.004404820314929367
2019-06-11,0.0,0.008530660608091937,-0.008029103321500128,0.003016309078745377,0.011026874853197593,0.014544741218534779,-0.014544741218534779
2019-06-12,0.0,0.015638061874794995,-0.010322655951311984,0.006813087554951078,0.011029314337027352,0.02315780781546144,-0.02315780781546144
2019-06-13,0.0,-0.04161923608444391,-0.009706194838405569,0.0036673370070536664,0.011032344402424269,-0.036625749513371546,0.036625749513371546
2019-06-14,0.0,0.02784989413624977,-0.010436992410884341,0.015571113250108834,0.011035725362746013,0.04401974033822027,-0.04401974033822027
2019-06-15,0.0,-0.0349358531935342,-0.010192561645757405,0.013971837585968495,0.011040086259028487,-0.020116490994294616,0.020116490994294616
2019-06-16,0.0,0.038672063655398506,-0.008782706339608155,0.0047116524373880765,0.011046215258960778,0.045647225012139206,-0.045647225012139206
2019-06-17,0.0,-0.015292061558256893,-0.00920616305591906,-0.017030449734935338,0.01105147012762104,-0.03047720422149025,0.03047720422149025
2019-06-18,0.0,-0.016710288116188864,-0.006538430230449992,-0.028764234091930806,0.011057471981557496,-0.040955480457012174,0.040955480457012174
2019-06-19,0.0,0.04531838662662076,-0.00633653888290789,-0.016051781654032565,0.011063796921614476,0.033993863011294784,-0.033993863011294784
2019-06-20,0.0,-0.024178028623443856,-0.0038161221995629013,-0.009268465464358397,0.011069415931581589,-0.02619320035578357,0.02619320035578357
2019-06-21,0.0,-0.0009895115840357388,-0.002147396974627293,-0.00032924955071392606,0.01107697479789553,0.007610816688518573,-0.007610816688518573
2019-06-22,0.0,-0.03823587075216352,-0.0007606089735486125,-0.004192597150411146,0.011084104783483277,-0.03210497209264,0.03210497209264
2019-06-23,0.0,0.06039466304209992,0.0023655110262533383,0.0015486170220237604,0.011091738574200892,0.07540052966457791,-0.07540052966457791
2019-06-24,0.0,-0.01819601644275312,0.0027949326739164153,-0.010617276296311184,0.011099041782026678,-0.014919318283121213,0.014919318283121213
2019-06-25,0.0,-0.02066772120648166,0.005867775978373777,-0.02850214353855974,0.01110733536619716,-0.03219475340047046,0.03219475340047046
2019-06-26,0.0,0.00111269712867241,0.006346814207642642,-0.02432429889925242,0.011114758408399865,-0.005750029154537505,0.005750029154537505
2019-06-27,0.0,-0.040371678968430844,0.008113127853175901,0.001977344473487869,0.011122590074342603,-0.01915861656742447,0.01915861656742447
2019-06-28,0.0,0.07080941639714484,0.0095455705082691,0.03245978048986555,0.011130393727297792,0.12394516112257728,-0.12394516112257728
2019-06-29,0.0,-0.048942833339027124,0.009230292805778511,0.04428556966756311,0.011135714239315352,0.015708743373629847,-0.015708743373629847
2019-06-30,0.0,0.04547373214507108,0.010926672123193135,0.04367654886751262,0.011140917050994589,0.11121787018677141,-0.11121787018677141
2019-07-01,0.0,0.03667092722793708,0.009457641431161332,0.020863044996622008,0.011145713979477216,0.07813732763519762,-0.07813732763519762
2019-07-02,0.0,-0.04077735127395884,0.01026051929107559,-0.0035212808572870936,0.011149739954591597,-0.022888372885578746,0.022888372885578746
2019-07-03,0.0,-0.025052691489687952,0.008815868922158037,-0.030715531316174934,0.011153523392349951,-0.0357988304913549,0.0357988304913549
2019-07-04,0.0,0.02130641805778481,0.00768003868721377,-0.038189992957167934,0.011158246712260324,0.001954710500090967,-0.001954710500090967
2019-07-05,0.0,-0.01373526641822086,0.007138758750734636,-0.02000025299037524,0.011163623605218526,-0.015433137052642938,0.015433137052642938
2019-07-06,0.0,-0.04028949073131557,0.004319884931882992,-0.0033860073681667925,0.011168975615848174,-0.028186637551751194,0.028186637551751194
2019-07-07,0.0,0.09040253066679976,0.00405941995898189,-0.0005822651110263535,0.011175636848998891,0.10505532236375419,-0.10505532236375419
2019-07-08,0.0,-0.04951326345533851,0.0008087908429560608,-0.019678974245429023,0.011181391037587106,-0.05720205582022437,0.05720205582022437
2019-07-09,0.0,0.017819820701624238,-0.00011166888294259538,-0.025401528836426133,0.011187291015107759,0.003493913997363268,-0.003493913997363268
2019-07-10,0.0,-0.061687199631340776,-0.00211145457805426,-0.02104489705724764,0.011194461761388263,-0.07364908950525442,0.07364908950525442
2019-07-11,0.0,0.035775975199393115,-0.004365848225988521,-0.007047619337245478,0.011202734010525638,0.03556524164668476,-0.03556524164668476
2019-07-12,0.0,0.03419818845110169,-0.00497634746533073,0.009395283611687618,0.01120984914460421,0.04982697374206278,-0.04982697374206278
2019-07-13,0.0,-0.04061064027731412,-0.007805929433144745,0.029203507429709306,0.011217286379997408,-0.00799577590075215,0.00799577590075215
2019-07-14,0.0,0.04377839479636749,-0.007564377175110302,0.03825754592594629,0.011224202795140796,0.08569576634234427,-0.08569576634234427
2019-07-15,0.0,-0.009648203935311123,-0.00956302320196898,0.030255373624220157,0.011230758307336466,0.02227490479427652,-0.02227490479427652
2019-07-16,0.0,0.004390920662319957,-0.009688193540212834,0.007472118076803267,0.011236532386002739,0.013411377584913129,-0.013411377584913129
2019-07-17,0.0,-0.047054139258627996,-0.009572312527257893,0.0027508594659854555,0.011243260438055343,-0.04263233188184509,0.04263233188184509
2019-07-18,0.0,-0.0249311719306152,-0.010281311439062898,0.019892430554303172,0.011249938280424136,-0.004070114534950788,0.004070114534950788
2019-07-19,0.0,0.10644373394393938,-0.008526650715699123,0.030123705644964496,0.01125652350226355,0.1392973123754683,-0.1392973123754683
2019-07-20,0.0,-0.03143498645203271,-0.009255143005298474,0.02206004145661266,0.011261477892385205,-0.007368610108333314,0.007368610108333314
2019-07-21,0.0,-0.021803843136353907,-0.007039115528696339,0.020876938377320083,0.01126483455036799,0.003298814262637827,-0.003298814262637827
2019-07-22,0.0,0.013638533810821186,-0.006290498118051821,0.007401523034341487,0.01126809275626657,0.026017651483377424,-0.026017651483377424
2019-07-23,0.0,0.0011942061110773088,-0.004770352796722901,-0.019457088792390134,0.011271139148367856,-0.011762096329667869,0.011762096329667869
2019-07-24,0.0,-0.005213347904926474,-0.0023770765309006174,-0.04655007360398635,0.011274151848131722,-0.04286634619168172,0.04286634619168172
2019-07-25,0.0,-0.012622442851205411,-0.001757023720514302,-0.04912278034320981,0.011277385205076242,-0.05222486170985329,0.05222486170985329
2019-07-26,0.0,0.013284478440907051,0.001616745207083382,-0.02991409178932127,0.011282006710129794,-0.0037308614312010404,0.0037308614312010404
2019-07-27,0.0,-0.02185798938436523,0.002103623935389991,-0.020666655161992606,0.011286074243647085,-0.029134946367320762,0.029134946367320762
2019-07-28,0.0,-0.0023884494301954404,0.004654973988777212,-0.01073650145807821,0.011290808841216336,0.0028208319417198976,-0.0028208319417198976
2019-07-29,0.0,-0.03630431459496586,0.00606558079003402,-0.012859041120705843,0.01129707255369358,-0.0318007023719441,0.0318007023719441
2019-07-30,0.0,0.06444232604129468,0.007020320364900787,0.000193580363378651,0.011304407515157159,0.08296063428473127,-0.08296063428473127
2019-07-31,0.0,-0.018668778454452414,0.009181175140063703,-0.008436594972114672,0.011311617664571344,-0.006612580621932039,0.006612580621932039
2019-08-01,0.0,-0.030190122528902755,0.008521073491972304,-0.010135056790937944,0.011318658543336094,-0.020485447284532304,0.020485447284532304
2019-08-02,0.0,0.07573379328709018,0.010354755450082943,0.008437814536817438,0.0113252660666419,0.10585162934063246,-0.10585162934063246
2019-08-03,0.0,-0.037469922581656726,0.009485766548162342,0.030705090967428975,0.011329980536506,0.01405091547044059,-0.01405091547044059
2019-08-04,0.0,-0.03775958315874338,0.00969829964669394,0.029994411459697428,0.011335254877386498,0.013268382825034489,-0.013268382825034489
2019-08-05,0.0,0.06778426497855727,0.009355509362156634,0.018975906193981106,0.011340066532906855,0.10745574706760187,-0.10745574706760187
2019-08-06,0.0,-0.045500853529731045,0.007476060012085924,0.0015305216411801749,0.01134408913868697,-0.02515018273777798,0.02515018273777798
2019-08-07,0.0,0.016490728997536532,0.007675799220824895,-0.011377052477988703,0.011350297890550294,0.02413977363092302,-0.02413977363092302
2019-08-08,0.0,-0.029364111402634927,0.00475350632155839,-0.006369467976147532,0.011356593221850989,-0.019623479835373075,0.019623479835373075
2019-08-09,0.0,0.033062677534005956,0.004285219167683228,0.000269785069732392,0.011363287134380024,0.0489809689058016,-0.0489809689058016
2019-08-10,0.0,-0.007269579275686741,0.0018746273259227823,0.014823288589555249,0.011369177269003217,0.02079751390879451,-0.02079751390879451
2019-08-11,0.0,0.010396919086633939,0.00017084249686658985,0.03001155546155806,0.011375617130775688,0.05195493417583428,-0.05195493417583428
2019-08-12,0.0,-0.022800046212316332,-0.0009291351310754781,0.021016589952736676,0.011381268099576404,0.00866867670892127,-0.00866867670892127
2019-08-13,0.0,0.0006476300847964487,-0.0039643129398350355,0.0031465491881596886,0.011386076124620802,0.011215942457741903,-0.011215942457741903
2019-08-14,0.0,0.043489496986759794,-0.004226420136487263,-0.011133428479125273,0.011391475312531487,0.039521123683678744,-0.039521123683678744
2019-08-15,0.0,0.003797553412384573,-0.00701234081587107,-0.007705769510983708,0.011398248783133164,0.0004776918686629581,-0.0004776918686629581
2019-08-16,0.0,-0.02973562700386038,-0.007357032566768651,-0.011813347700955356,0.011406152308303922,-0.03749985496328047,0.03749985496328047
2019-08-17,0.0,-0.005595342726010207,-0.008566982967796097,-0.015529988138223825,0.011416505953557454,-0.018275807878472675,0.018275807878472675
2019-08-18,0.0,-0.02793995472799705,-0.009673152278839584,-0.01682621948035212,0.011426695395557648,-0.04301263109163111,0.04301263109163111
2019-08-19,0.0,-0.007260061015489124,-0.008884553218981676,-0.01166869065736154,0.011438771775019533,-0.016374533116812806,0.016374533116812806
2019-08-20,0.0,0.05999732443274913,-0.010168499108656727,-0.0017977766710646139,0.011452581054900319,0.05948362970792811,-0.05948362970792811
2019-08-21,0.0,-0.009903789163889228,-0.008530123478867935,-0.0013797572630002688,0.011465318115969162,-0.008348351789788272,0.008348351789788272
2019-08-22,0.0,-0.023021403320057365,-0.008907030172858547,0.006877779607992162,0.011477272491855836,-0.013573381393067909,0.013573381393067909
2019-08-23,0.0,-0.028754720975326345,-0.007466196138530586,0.009571037968752366,0.011489975377190674,-0.015159903767913888,0.015159903767913888
2019-08-24,0.0,0.07237659430439516,-0.0059114156682224545,0.015766447408665042,0.011502625572242754,0.0937342516170805,-0.0937342516170805
2019-08-25,0.0,-0.03941133678816266,-0.005439069600227053,-0.009074956047312403,0.011511958360994267,-0.04241340407470785,0.04241340407470785
2019-08-26,0.0,-0.006998741665770805,-0.002557147904673724,-0.021383924153813655,0.011522429999231053,-0.019417383725027132,0.019417383725027132
2019-08-27,0.0,0.04184711038376517,-0.0022384422723124063,-0.015079648494688997,0.011532525309509451,0.03606154492627321,-0.03606154492627321
2019-08-28,0.0,-0.08032362433211925,0.0007263285568395313,-0.0001535140372093278,0.011541630461288038,-0.06820917935120101,0.06820917935120101
2019-08-29,0.0,0.043920814857143026,0.0018486022697603846,0.01947965857249555,0.011552627738227817,0.07680170343762678,-0.07680170343762678
2019-08-30,0.0,0.0025422973387656867,0.003419699349534603,0.03426364741605669,0.01156294847574918,0.05178859258010616,-0.05178859258010616
2019-08-31,0.0,-0.020441237024447192,0.0056595918928785075,0.027721325890427334,0.011573987970934244,0.024513668729792895,-0.024513668729792895
2019-09-01,0.0,0.0005127975959430255,0.00575056195673026,0.016128698689140186,0.011585695323396518,0.03397775356520999,-0.03397775356520999
2019-09-02,0.0,0.06491684893440428,0.008202503890225353,-0.007075994395163666,0.0115980468814413,0.07764140531090725,-0.07764140531090725
2019-09-03,0.0,-0.035067517832852245,0.007596523365861142,-0.03324986351671937,0.01160814270763045,-0.04911271527608003,0.04911271527608003
2019-09-04,0.0,0.01772098906333062,0.009005652744665957,-0.034602019461400686,0.011619194763375622,0.0037438171099715145,-0.0037438171099715145
2019-09-05,0.0,-0.037731992450130626,0.00912821641268424,-0.014737912863626782,0.011633850088937412,-0.03170783881213575,0.03170783881213575
2019-09-06,0.0,0.005212275530745771,0.00849684453284173,-0.00430906924309525,0.011647863540587392,0.021047914361079643,-0.021047914361079643
2019-09-07,0.0,-0.014307655523925718,0.009117317849231098,-0.007262115785522766,0.011661969996970332,-0.0007904834632470534,0.0007904834632470534
2019-09-08,0.0,-0.00128097185534306,0.006993634331289126,-0.011019854488503237,0.011677868159830587,0.006370676147273416,-0.006370676147273416
2019-09-09,0.0,0.022562082153566598,0.00747628324409737,-0.025049178287540174,0.01169429281617422,0.016683479926298015,-0.016683479926298015
2019-09-10,0.0,0.038439355936561226,0.00524178844753189,-0.031157145658098764,0.011709849516199161,0.024233848242193514,-0.024233848242193514
2019-09-11,0.0,-0.04327025015353889,0.004263803938932395,-0.032124402680557294,0.011724430422131098,-0.0594064184730327,0.0594064184730327
2019-09-12,0.0,-0.0537116377344626,0.00313213585474787,0.0049246388403977204,0.011739904840509007,-0.03391495819880801,0.03391495819880801
2019-09-13,0.0,-0.11198279377164352,0.0006876792892029606,0.05737779785314284,0.011756661364599161,-0.04216065526469856,0.04216065526469856
2019-09-14,1.0,0.34818893044726784,0.0005418689202557803,0.10942478859607363,0.011775167956750291,0.4699307559203475,0.5300692440796525
2019-09-15,0.0,-0.12346122557107261,-0.0027545961746320157,0.06666877298440278,0.011753209609600431,-0.04779383915170143,0.04779383915170143
2019-09-16,0.0,-0.03561591925367419,-0.0030913943218623405,0.02626479105222655,0.011730455328883074,-0.0007120671944269054,0.0007120671944269054
2019-09-17,0.0,-0.04824003783749562,-0.005140813849851922,-0.010583396549685088,0.011708920306398049,-0.05225532793063458,0.05225532793063458
2019-09-18,0.0,0.035936157114159824,-0.006332197082595768,-0.03367326295237638,0.01168845215060178,0.0076191492297894535,-0.0076191492297894535
2019-09-19,0.0,-0.011805792454160621,-0.006721564500896633,-0.03300537844331517,0.011664723910881034,-0.039868011487491396,0.039868011487491396
2019-09-20,0.0,0.00931820848485199,-0.008611206229998693,-0.0039036348474415076,0.011641857769456004,0.008445225176867794,-0.008445225176867794
2019-09-21,0.0,-0.012339913496241245,-0.007534341616772437,0.027535064606821695,0.011618471849801365,0.01927928134360938,-0.01927928134360938
2019-09-22,0.0,0.06432428398007581,-0.008879218394986328,0.03442302213019204,0.011592635956829132,0.10146072367211065,-0.10146072367211065
2019-09-23,0.0,-0.03747106207982675,-0.00786152406131679,0.002312546065292588,0.011565441422142782,-0.031454598653708164,0.031454598653708164
2019-09-24,0.0,-0.04364316344445165,-0.0075228180573513985,-0.0454423635224978,0.01154103870854272,-0.08506730631575814,0.08506730631575814
2019-09-25,0.0,0.030733818034519654,-0.007135398632029385,-0.06211302550844205,0.011513227031944039,-0.027001379074007743,0.027001379074007743
2019-09-26,0.0,0.003604191149203997,-0.005036213572653312,-0.0675989081541063,0.011486830204719646,-0.05754410037283596,0.05754410037283596
2019-09-27,0.0,-0.03193648972756393,-0.005237921995483536,-0.052946110236602596,0.011460026553325613,-0.07866049540632444,0.07866049540632444
2019-09-28,0.0,0.02905028144830519,-0.0024996807803210853,-0.017662623193230798,0.011431912011855876,0.02031988948660918,-0.02031988948660918
2019-09-29,0.0,-0.029585231337202013,-0.0018358781174682912,0.021482885911842057,0.01140342884627769,0.0014652053034494433,-0.0014652053034494433
2019-09-30,0.0,0.055076719524893604,0.000232030583050664,0.03384738672592101,0.01137571284502006,0.10053184967888534,-0.10053184967888534
2019-10-01,0.0,-0.08044575780594428,0.0020301290508830915,0.017242348051716157,0.011344084520615342,-0.049829196182729685,0.049829196182729685
2019-10-02,0.0,-0.04427052881505812,0.002544488593791582,0.01390774927674853,0.011311365260003628,-0.01650692568451438,0.01650692568451438
2019-10-03,0.0,0.1587276319724068,0.005216538381440573,0.017739167345559612,0.011278888601912524,0.1929622263013195,-0.1929622263013195
2019-10-04,0.0,-0.04931135547740985,0.004921809659949853,0.019930181698067637,0.011241822748242161,-0.0132175413711502,0.0132175413711502
2019-10-05,0.0,-0.007189920667878919,0.006827927447552417,0.03185089822796913,0.011203766342389647,0.04269267135003228,-0.04269267135003228
2019-10-06,0.0,0.0070077137433074005,0.006861640295798804,0.0265847227599928,0.011164688261958442,0.05161876506105744,-0.05161876506105744
2019-10-07,0.0,-0.03841298236240558,0.007255556541564522,0.029209112707492085,0.011122603053885488,0.009174289940536512,-0.009174289940536512
2019-10-08,0.0,0.03709368475716918,0.008059309244030857,0.012416468652423797,0.011080622071582552,0.0686500847252064,-0.0686500847252064
2019-10-09,0.0,0.001396545892633088,0.0065963050820487725,-0.022430938091666578,0.01103607067323097,-0.003402016443753748,0.003402016443753748
2019-10-10,0.0,-0.007313910900402226,0.0074117118571410566,-0.04272397489698288,0.010992395113487749,-0.031633778826756304,0.031633778826756304
2019-10-11,0.0,0.006292433929038111,0.005541507982528949,-0.03150765656805886,0.010946478803599597,-0.008727235852892203,0.008727235852892203
2019-10-12,0.0,-0.023026955468956115,0.005436624228678917,-0.0202359647965048,0.010901399995389931,-0.026924896041392074,0.026924896041392074
2019-10-13,0.0,-0.051375516629148334,0.004097036914364867,-0.006196865010022739,0.01085400863942262,-0.042621336085383585,0.042621336085383585
2019-10-14,0.0,0.022469364767608795,0.002301793801866554,0.006956572608803077,0.010803545087482144,0.04253127626576057,-0.04253127626576057
2019-10-15,0.0,0.07089800446939415,0.0021332653208382107,0.008119298659952066,0.010798865443933804,0.09194943389411822,-0.09194943389411822
2019-10-16,0.0,0.015036320291182553,-0.0005108777138452367,0.0070961360784883975,0.010792247131383378,0.0324138257872091,-0.0324138257872091
2019-10-17,0.0,-0.03312943451640486,-0.0006283141849451196,-0.002387385336355279,0.010784208956280288,-0.02536092508142497,0.02536092508142497
2019-10-18,0.0,-0.033631451266566206,-0.0029328216040893362,-0.0009397360832539968,0.01077897644861993,-0.02672503250528961,0.02672503250528961
2019-10-19,0.0,-0.0023137641544311244,-0.0037137708512806045,0.0024181981326228614,0.010776084646044968,0.0071667477729561,-0.0071667477729561
2019-10-20,0.0,0.025616711814937992,-0.004507976241433981,0.013055726315311735,0.010773142193639347,0.0449376040824551,-0.0449376040824551
2019-10-21,0.0,-0.006960157202083043,-0.006340490077350745,0.0038499408960459467,0.010767985485971313,0.0013172791025834723,-0.0013172791025834723
2019-10-22,0.0,-0.01176001857747609,-0.005864866089854754,-0.007670674527839703,0.010764021123905307,-0.014531538071265242,0.014531538071265242
2019-10-23,0.0,0.029574235909765368,-0.007655883644188347,0.00091726550563328,0.010755633930123567,0.03359125170133387,-0.03359125170133387
2019-10-24,0.0,0.0021189488184311534,-0.006731494605875124,0.008291870898077371,0.01074642418961959,0.01442574930025299,-0.01442574930025299
2019-10-25,0.0,-0.045731528407618904,-0.007283465969234235,0.014745243529017765,0.010739776768305615,-0.027529974079529763,0.027529974079529763
2019-10-26,0.0,0.025856292519381516,-0.007059568864752664,0.024465795838063936,0.010731412185420577,0.053993931678113366,-0.053993931678113366
2019-10-27,0.0,-0.013410017982526867,-0.0059496718385382095,0.006049369029451685,0.010722271650170211,-0.0025880491414431803,0.0025880491414431803
2019-10-28,0.0,0.055680786652012024,-0.006250270279935587,-0.006710199875078508,0.010713988950577529,0.05343430544757545,-0.05343430544757545
2019-10-29,0.0,-0.04666488176215837,-0.004218649044350326,-0.025206660361973755,0.010700849140855773,-0.06538934202762668,0.06538934202762668
2019-10-30,0.0,0.008033013801513389,-0.004263943901461431,-0.029937975253355682,0.0106887268151231,-0.015480178538180626,0.015480178538180626
2019-10-31,0.0,-0.006768727470817838,-0.0022970080514211995,-0.024921406364047813,0.010675088156116497,-0.02331205373017035,0.02331205373017035
2019-11-01,0.0,-0.011865882520265245,-0.0009963217267463858,-0.0008053495603905,0.010664757548932823,-0.0030027962584693087,0.0030027962584693087
2019-11-02,0.0,-0.034494436746807376,-0.00011792525111418913,0.008638787680994704,0.01065310496461007,-0.015320469352316792,0.015320469352316792
2019-11-03,0.0,0.053207720621883045,0.0021707210759765385,0.010791402964590222,0.010644039038613558,0.07681388370106337,-0.07681388370106337
2019-11-04,0.0,0.015497193869264627,0.0021922921367523805,0.0033098290914520857,0.010631467299660892,0.031630782397129985,-0.031630782397129985
2019-11-05,0.0,-0.0075260989526079024,0.004583595927038314,-0.0029597961713230246,0.01061809065686102,0.0047157914599684075,-0.0047157914599684075
2019-11-06,0.0,-0.006326357913810629,0.00470544729988346,-0.00479318295803435,0.010608007243262002,0.004193913671300483,-0.004193913671300483
2019-11-07,0.0,-0.034628676186419675,0.005778477802109633,-0.010814124834881733,0.010595993530249603,-0.029068329688942175,0.029068329688942175
2019-11-08,0.0,0.030294925083746992,0.006666645098234522,-0.006140013937341936,0.010585165212441497,0.041406721457081075,-0.041406721457081075
2019-11-09,0.0,-0.030630488904009493,0.0063114766184914125,-0.003644046495103795,0.01057625426825072,-0.017386804512371158,0.017386804512371158
2019-11-10,0.0,0.07669502963139421,0.007703522713591293,0.006289061120612538,0.01056990659719134,0.10125752006278937,-0.10125752006278937
2019-11-11,0.0,-0.01943278711957316,0.0063509039740083754,-0.0030020584925687607,0.010557255901840106,-0.005526685736293441,0.005526685736293441
2019-11-12,0.0,-0.06049170183740901,0.007110782076576828,-0.005779006324998042,0.010543781279162718,-0.04861614480666752,0.04861614480666752
2019-11-13,0.0,0.0010532967233475464,0.006165085634239326,0.015693959292002537,0.010533210571910633,0.033445552221500044,-0.033445552221500044
2019-11-14,0.0,0.003486808290440927,0.005403777700563968,0.030223700425497373,0.01051770124650807,0.04963198766301034,-0.04963198766301034
2019-11-15,0.0,0.05404765402637842,0.00504599821577493,0.02651859134772837,0.01049676045106202,0.09610900404094373,-0.09610900404094373
2019-11-16,0.0,-0.03588885696903124,0.0028283388189698595,0.023189546946291745,0.010471492689071058,0.0006005214853014185,-0.0006005214853014185
2019-11-17,0.0,0.05046386906328703,0.002954674179518764,0.026067086672371412,0.010444906540502185,0.0899305364556794,-0.0899305364556794
2019-11-18,0.0,-0.019920471456980095,0.0006152198388281926,0.018504449162724278,0.010415467698882378,0.009614665243454753,-0.009614665243454753
2019-11-19,0.0,0.03742254877776391,7.561149510041613e-05,0.003593567689821666,0.010389192887927444,0.05148092085061343,-0.05148092085061343
2019-11-20,0.0,-0.06395485991448059,-0.0013432464544612184,-0.01683773454338672,0.010359863016543944,-0.07177597789578459,0.07177597789578459
2019-11-21,0.0,-0.044271874948627624,-0.0028355238924242434,-0.017592197868204002,0.010333532595594823,-0.05436606411366105,0.05436606411366105
2019-11-22,0.0,0.07710313194161705,-0.0030235163655561925,-0.005915797805622302,0.010307497826478374,0.07847131559691693,-0.07847131559691693
2019-11-23,0.0,-0.0032479882175539786,-0.005177980408746119,-0.02169072840357143,0.010272902893052771,-0.019843794136818756,0.019843794136818756
2019-11-24,0.0,-0.01268136156081474,-0.004807768294369621,-0.033433972676675736,0.010231204100856388,-0.04069189843100371,0.04069189843100371
2019-11-25,0.0,0.0002670909964371526,-0.005992715376552609,-0.03530959319802616,0.010189690589916731,-0.030845526988224885,0.030845526988224885
2019-11-26,0.0,-0.0172166846596458,-0.00576386649773912,-0.03758735904356865,0.01014577640344326,-0.05042213379751031,0.05042213379751031
2019-11-27,0.0,-0.019411497187313456,-0.005706825513160428,-0.02870923245998312,0.010103279666320793,-0.04372427549413621,0.04372427549413621
2019-11-28,0.0,-0.03788876263605458,-0.006314467148156057,-0.012586248409102675,0.010054013174649682,-0.04673546501866363,0.04673546501866363
2019-11-29,0.0,0.12609096016221596,-0.005012522642299505,0.018612682442042304,0.009997050283553242,0.149688170245512,-0.149688170245512
2019-11-30,0.0,-0.06753672322980124,-0.00564040119314143,0.03725382972679128,0.009931448289000808,-0.025991846407150573,0.025991846407150573
2019-12-01,0.0,0.008683220680371556,-0.004335051681823529,0.028278060478875426,0.009866458877823515,0.04249268835524697,-0.04249268835524697
2019-12-02,0.0,-0.010827527950146498,-0.004174683413493647,0.004121220511005368,0.00980525300192527,-0.0010757378507095048,0.0010757378507095048
2019-12-03,0.0,-0.011084082445185287,-0.003274542043402326,-0.002710394162191033,0.009733695768703622,-0.007335322882075022,0.007335322882075022
2019-12-04,0.0,0.011379372069855525,-0.0019516865815396437,-0.004101207411291466,0.009661403047914722,0.014987881124939137,-0.014987881124939137
2019-12-05,0.0,0.0027542122475621984,-0.0020444745888594323,0.009492224911591143,0.009580367834410056,0.019782330404703966,-0.019782330404703966
2019-12-06,0.0,-0.008755998102027089,-0.00040009345125672016,0.030006603586514153,0.009487415126710787,0.03033792715994113,-0.03033792715994113
2019-12-07,0.0,0.04402471049223163,-0.00030848602987114046,0.04338866233899163,0.009383265827425385,0.0964881526287775,-0.0964881526287775
2019-12-08,0.0,-0.022771773822153195,0.0009616664017872141,0.042932135891557796,0.009266628860401192,0.03038865733159301,-0.03038865733159301
2019-12-09,0.0,-0.020306911133945553,0.0014100947189262588,0.0036983564227446135,0.009137546045260878,-0.006060913947013802,0.006060913947013802
2019-12-10,0.0,0.014502236822737241,0.0014331500956651236,-0.0324051621836854,0.008993835045409512,-0.007475940219873526,0.007475940219873526
2019-12-11,0.0,0.014932382363750378,0.003069828121683888,-0.0549124236779119,0.009003041511870122,-0.027907171680607513,0.027907171680607513
2019-12-12,0.0,-0.010504205048971748,0.002752726409288831,-0.04480161482921378,0.009011936048383228,-0.04354115742051347,0.04354115742051347
2019-12-13,0.0,-0.007041493508882645,0.004239752594936388,-0.027028783231931145,0.00902362356273164,-0.02080690058314576,0.02080690058314576
2019-12-14,0.0,-0.02303794045605414,0.003858971404006423,-0.0015123115773513789,0.009041108461816962,-0.011650172167582133,0.011650172167582133
2019-12-15,0.0,0.03475475434200244,0.004545002238950051,0.014413136528788293,0.009056306669242748,0.06276919977898353,-0.06276919977898353
2019-12-16,0.0,-0.08139795011428207,0.004795941018885613,0.013601528116200471,0.009068805331466874,-0.05393167564772911,0.05393167564772911
2019-12-17,0.0,0.022731559100280144,0.004098353755324297,0.004753788539633919,0.009087285747022429,0.04067098714226079,-0.04067098714226079
2019-12-18,0.0,0.10279995790430042,0.004789166376930886,-0.008629983329938626,0.009103554386221253,0.10806269533751393,-0.10806269533751393
2019-12-19,0.0,-0.03574232821243553,0.003595304716308439,-0.006763584655308528,0.009112349969134893,-0.029798258182300728,0.029798258182300728
2019-12-20,0.0,0.002165326930840141,0.003970109245661033,0.005275140526412913,0.009117168742230154,0.02052774544514424,-0.02052774544514424
2019-12-21,0.0,-0.05122009734852701,0.0028351574167684106,0.023699848433629093,0.00912088011569951,-0.015564211382429999,0.015564211382429999
2019-12-22,0.0,-0.05971773643800643,0.0016375402047374339,0.023716926115641638,0.009112268961403895,-0.02525100115622346,0.02525100115622346
2019-12-23,0.0,0.14252249558669774,0.0010643456538031774,0.0364746511227752,0.00912870040504557,0.1891901927683217,-0.1891901927683217
2019-12-24,0.0,-0.0030878572689195956,-0.0008915704004583669,0.018354966791518306,0.009127498943522907,0.02350303806566325,-0.02350303806566325
2019-12-25,0.0,-0.05251621302912972,-0.0011487380770425783,0.004219887839063855,0.009138756499043107,-0.040306306768065334,0.040306306768065334
2019-12-26,0.0,-0.006481949525933757,-0.002767485672890393,-0.013814669347365726,0.009155666984345405,-0.013908437561844471,0.013908437561844471
2019-12-27,0.0,-0.009161458351440502,-0.001917846580173993,-0.03122946083743799,0.009158354493445854,-0.03315041127560663,0.03315041127560663
2019-12-28,0.0,-0.033775471864339164,-0.002682613916201622,-0.03928071894890807,0.00915771582012591,-0.06658108890932295,0.06658108890932295
2019-12-29,0.0,0.10123621307889907,-0.0022063686501123956,-0.021143706280800107,0.009188866575213632,0.0870750047232002,-0.0870750047232002
2019-12-30,0.0,-0.04872348938188781,-0.005134308203081518,-0.0032571550660571323,0.00921820152391491,-0.047896751127111545,0.047896751127111545
2019-12-31,0.0,0.013445154979796863,-0.0023212676468036013,0.014080843653278094,0.009196786091743346,0.0344015170780147,-0.0344015170780147
