date,original,annual,seasonal_subannual,semiannual,subseasonal,trend,reconstructed_without_noise,residual
2005-01-01,-0.8058481189763198,-0.041218647646792284,0.5492424536627531,-0.0894001821389265,-0.7035417888134683,0.23083190671309897,-0.05408625822333499,-0.7517618607529848
2005-01-02,0.1487726353968752,-0.04328794644362372,0.5956782351290569,-0.0890779780465174,-0.4129947143845061,0.23949416184427572,0.2898117580986854,-0.1410391227018102
2005-01-03,0.0834134813777636,-0.045363762221294957,0.6100546026502035,-0.08983607358174392,-0.16774887140080497,0.24670704843704594,0.5538129438834056,-0.470399462505642
2005-01-04,0.5379466258631459,-0.04733790638465554,0.5965773720217689,-0.09095207683860886,0.04762078963100124,0.2528967778028495,0.7588049562323553,-0.22085833036920943
2005-01-05,1.387528946064379,-0.04920528546973748,0.5561893256723492,-0.09262401471496591,0.1914837613684867,0.25780250635893714,0.8636462932150697,0.5238826528493092
2005-01-06,1.100478589790313,-0.05098871955147762,0.4922796923316689,-0.09511196282307924,0.23435594981442684,0.2612565075830065,0.8417914673545455,0.25868712243576764
2005-01-07,0.5961749486772441,-0.05266786510392517,0.41605712871981276,-0.09802692211379417,0.21428366378246663,0.26373723042087055,0.7433832357054306,-0.14720828702818656
2005-01-08,0.6922781074054267,-0.054233969125612055,0.3391836755617706,-0.10107785724314897,0.17692414793241584,0.2656586723298969,0.6264546694553224,0.06582343795010437
2005-01-09,0.7814922089371128,-0.05571139616693942,0.2703847432662176,-0.10429107536222115,0.14840821593920242,0.26715281648979805,0.5259433041660575,0.2555489047710553
2005-01-10,0.1958600684660972,-0.0571151856644714,0.21712343544894808,-0.10766760515574864,0.15125967612358157,0.26838766480887666,0.47198798556118626,-0.2761279170950891
2005-01-11,0.3179055948832052,-0.058439915925892656,0.18636964625507024,-0.1110189560666364,0.20877625282783316,0.26962482638100754,0.4953118534713819,-0.1774062585881767
2005-01-12,0.655847999688107,-0.059699581425792174,0.18084887542711667,-0.11439536420829789,0.3081182990157376,0.27088938467094537,0.5857616134797096,0.07008638620839747
2005-01-13,0.8050465051811113,-0.06090994336130801,0.1996399587641397,-0.11786623035725996,0.417123182755075,0.2722465117335616,0.7102334795342083,0.09481302564690297
2005-01-14,0.8143706155577065,-0.062077981682912446,0.23998882895800192,-0.12143867804633698,0.49882660572836096,0.27376583589972514,0.8290646108568386,-0.014693995299132068
2005-01-15,0.9307690618933274,-0.06320729882726321,0.29759500485401424,-0.12508943668567335,0.5191047089098632,0.27548181277815365,0.9038847910290945,0.02688427086423295
2005-01-16,0.960498850407773,-0.06430181340893606,0.3668023467506689,-0.12881836219757253,0.4529809816790371,0.2773744768994092,0.9040376297226066,0.05646122068516646
2005-01-17,0.7721710601518864,-0.06536413038083362,0.4414716875961821,-0.13260190582009598,0.2967916214185594,0.27941757110256105,0.819714843916373,-0.047543783764486536
2005-01-18,0.6264864774309968,-0.06639228640205044,0.5163170083657639,-0.13638275354952856,0.07354663134616175,0.28153446318283165,0.6686230629431783,-0.04213658551218147
2005-01-19,0.4523049965335041,-0.06738344476049067,0.5863131590352099,-0.14010849511399423,-0.17303292493741174,0.28368338350675204,0.4894716777300653,-0.03716668119656119
2005-01-20,0.4900490585032573,-0.06833451463226178,0.6475246071378399,-0.14372465223895514,-0.3871815783001462,0.2858047695757855,0.3340886315422622,0.1559604269609951
2005-01-21,0.2366864460810077,-0.06924658344932737,0.6968946167499013,-0.14720699639931428,-0.5178897697278618,0.2878212994791334,0.2503725666525312,-0.013686120571523519
2005-01-22,0.2256019115756459,-0.07011564767681283,0.7329948461768595,-0.15049095511496638,-0.529226985295681,0.2897018041885744,0.27286306227797363,-0.047261150702327726
2005-01-23,0.4822088859828273,-0.07094030369110245,0.7550326472811865,-0.15354999409149228,-0.41848490828100915,0.2914410795897852,0.40349852080736776,0.07871036517545954
2005-01-24,0.5800833746732524,-0.07172273519593979,0.7629877744093763,-0.15639526511549137,-0.21997564077139464,0.2930129517962566,0.607907085122807,-0.027823710449554562
2005-01-25,0.6150953021570391,-0.07246298153007123,0.7577388717336414,-0.15901570865815853,0.006409536547823669,0.2944385273646159,0.8271082454578513,-0.21201294330081222
2005-01-26,0.8688711804117399,-0.07316041503416026,0.7408027429587414,-0.16139584254123004,0.19069434886923226,0.29575827822932815,0.9926991124819116,-0.12382793207017162
2005-01-27,1.1997879416062285,-0.07381609019521694,0.7139647086401557,-0.16354654198326785,0.27210096633765546,0.29699819967063434,1.0457012424699608,0.1540866991362677
2005-01-28,0.984764270810598,-0.07443175377529188,0.6794428603177218,-0.1654838231209416,0.2205072326069757,0.2981592215218622,0.9581937375503262,0.02657053326027181
2005-01-29,0.9243393379261235,-0.07500428755531478,0.6400415183690934,-0.16715995169236122,0.05220223471082916,0.2992906144391282,0.7493701282713748,0.17496920965474871
2005-01-30,0.6282450110618992,-0.07553135233947814,0.5984687890394794,-0.1685472947623737,-0.17923938558853403,0.3004235000744452,0.4755742564235387,0.15267075463836055
2005-01-31,0.2902574195296302,-0.07600948731922709,0.5574999797379878,-0.16959665234265012,-0.39657874446722235,0.30158766198466475,0.21690275759355304,0.07335466193607715
2005-02-01,-0.1925494085855033,-0.0764367360201093,0.5195184943195171,-0.17025745993681163,-0.5250578526409561,0.30280455699995074,0.050571002721590874,-0.24312041130709416
2005-02-02,-0.0924227051511713,-0.07681037876216053,0.4864798320143686,-0.17047105621180558,-0.5161861774107617,0.3040927423191708,0.027104961948811623,-0.11952766709998293
2005-02-03,0.0708575670147956,-0.07713157451664521,0.4595242718226608,-0.17023831132359074,-0.3679614680126071,0.30540092848744527,0.14959384645726304,-0.07873627944246743
2005-02-04,0.3663444024903699,-0.07740232253193517,0.4390636997636298,-0.16956089754372872,-0.12129652836429794,0.3066761502195254,0.37748010154319334,-0.011135699052823411
2005-02-05,0.7187527416144877,-0.07762510838325602,0.4246703913926442,-0.16844865514157284,0.15398559932339373,0.30787023894390286,0.6404524661351119,0.07830027547937579
2005-02-06,0.8098544094441049,-0.07780034949249086,0.41513888585869013,-0.16691357206342208,0.3833631912822759,0.308965737113359,0.8627538926984122,-0.05289948325430727
2005-02-07,0.97540150950031,-0.0779257542890345,0.4088803917896723,-0.16494768139409405,0.5136657109781609,0.3099682329419024,0.9896409000266071,-0.01423939052629708
2005-02-08,1.1828414641233789,-0.07800053725589769,0.40379495022774425,-0.16255200183199522,0.5270745485034416,0.310883465682898,1.001200425326191,0.18164103879718785
2005-02-09,1.0059414072485169,-0.07802429429768072,0.39753560411635647,-0.15973358938523072,0.4440524960967575,0.31172028101907834,0.9155504975492809,0.09039090969923602
2005-02-10,0.8193024499204821,-0.07799410097725587,0.38795036886670203,-0.15647216955339963,0.3146959775227261,0.31251724548186977,0.7806973213406424,0.038605128579839665
2005-02-11,0.703952385633452,-0.07790877012300576,0.37326997611340684,-0.15275248874944233,0.1963032199500138,0.3132786154904262,0.6521905526813987,0.05176183295205328
2005-02-12,0.4421191477311657,-0.07776814972142548,0.35195760539120335,-0.14856379178111148,0.13201780448585584,0.3140187579611314,0.5716622263356537,-0.129543078604488
2005-02-13,0.3600326355402387,-0.07757143875481426,0.32280393707023547,-0.14388434397005762,0.1379818136609456,0.3147862829860348,0.554116250992344,-0.19408361545210528
2005-02-14,0.4533225187472426,-0.07731963640845874,0.28487348283565844,-0.13870683342288267,0.19935686781746248,0.31562587975717415,0.5838297605789536,-0.13050724183171103
2005-02-15,0.6881357633353198,-0.07701405257257854,0.23786234790539376,-0.1330404626173337,0.27984773477076114,0.3165455871049491,0.6242011545911919,0.06393460874412793
2005-02-16,0.7332834674169061,-0.07665707916723657,0.1819783370176496,-0.12690444851136257,0.33886477220359257,0.3175432904922861,0.6348248720349291,0.09845859538197699
2005-02-17,0.692936033121889,-0.07625028533592827,0.11825282963383836,-0.1203077485816777,0.3496733528252943,0.3186035694962043,0.589971718037731,0.10296431508415804
2005-02-18,0.5854352730602267,-0.07579473412162445,0.04841516333389739,-0.11325494009852524,0.30841232781531513,0.3197016984989552,0.48747951542801804,0.09795575763220865
2005-02-19,0.327482603298708,-0.07529013878639096,-0.02512843029680309,-0.10574905831529616,0.23296753640005088,0.3208036589214915,0.34760356792305214,-0.02012096462434415
2005-02-20,-0.0152513171426126,-0.07473558311362014,-0.0996979205075143,-0.09778334037889173,0.1529959795628777,0.32190507822861836,0.2026842137914699,-0.2179355309340825
2005-02-21,0.2464633296455257,-0.07412904722275979,-0.17259099526717905,-0.0893473367158327,0.09450303026670405,0.3230294297987293,0.08146508085966175,0.16499824878586394
2005-02-22,0.1680346401181664,-0.07347181667672603,-0.24153275498032722,-0.08046860047780699,0.06415374845947538,0.32418095802345864,-0.0071384656519261624,0.17517310577009257
2005-02-23,-0.133813525034431,-0.0727635657617175,-0.30423418400612035,-0.0711585782141886,0.04851592135675443,0.325359758741511,-0.07428064788376099,-0.059532877150670016
2005-02-24,-0.2167801680250579,-0.0720029196144978,-0.35880735857799523,-0.06141718860739194,0.018681727069168284,0.3265869332037758,-0.14695880652694088,-0.06982136149811702
2005-02-25,-0.3643422570867079,-0.07118991396254837,-0.4040293281503333,-0.05125989423170586,-0.05846282711578471,0.32787372401277776,-0.25706823944759455,-0.10727401763911337
2005-02-26,-0.6956083221750803,-0.07032489958105993,-0.43919685232975464,-0.040702446126770146,-0.20280978918938627,0.3292182489401792,-0.4238157382867918,-0.2717925838882885
2005-02-27,-0.8711724774184894,-0.0694071051864609,-0.4641108380858328,-0.02975445734884609,-0.4077347941821792,0.33062127051947493,-0.6403859242838441,-0.23078655313464524
2005-02-28,-0.811247370447387,-0.06843663478010707,-0.47935942864558234,-0.01843563942888945,-0.6375347101098644,0.3320945852165636,-0.8716718277478799,0.06042445730049284
2005-03-01,-0.5451866138475092,-0.06741505731078745,-0.48607827249886554,-0.006782097869571159,-0.8350988272472977,0.3336291470082884,-1.0617451079182334,0.5165584940707242
2005-03-02,-0.6937479010173884,-0.06634476217634452,-0.4857824022968048,0.005158064263523119,-0.9383595571708526,0.3352021453222665,-1.1501265120582125,0.4563786110408241
2005-03-03,-0.9051354027637836,-0.06522632642236834,-0.48000923563538617,0.01735745905331523,-0.8989413268472105,0.3368056479193389,-1.090013781932311,0.18487837916852745
2005-03-04,-0.9841830604168672,-0.06406024016293344,-0.4703654845118415,0.02979212763355229,-0.7017622060046763,0.3384396530577505,-0.8679561499881485,-0.11622691042871869
2005-03-05,-1.0456107336308926,-0.06284667590985135,-0.45842375361841453,0.042431340567122916,-0.37453719313688705,0.3401071774691308,-0.5132691046288992,-0.5323416290019934
2005-03-06,-0.7281362991349317,-0.06158589382106013,-0.44544091925240015,0.05524035156063986,0.01719094581946385,0.34179699288992177,-0.09279852280343481,-0.6353377763314969
2005-03-07,0.0429152440629945,-0.06027990137003425,-0.4325783450005318,0.06816652198232179,0.3862516156211486,0.34349994835735775,0.30505983959026206,-0.26214459552726754
2005-03-08,0.6238127599719743,-0.05893233977959924,-0.42067680318315576,0.08113283409310867,0.6486617795339025,0.34518589381010045,0.5953713644743566,0.028441395497617705
2005-03-09,1.307154723103605,-0.0575454460611296,-0.4099522723425008,0.09406826762164013,0.7504451215639889,0.346828759123982,0.7238444299059805,0.5833102931976244
2005-03-10,1.5483348723882675,-0.056122187374961816,-0.4001810157341005,0.10689592043864735,0.6824834057217092,0.3484017630372685,0.6814778860885626,0.8668569862997049
2005-03-11,0.7761481612920279,-0.05466365140179437,-0.3906885765938706,0.11955987944451876,0.48379962722782854,0.34990978775935266,0.5079170664360351,0.26823109485599284
2005-03-12,-0.0050633808984278,-0.05316670283180044,-0.3799755973431699,0.13204376550260938,0.22955652297970447,0.3513594891416207,0.27981747744896424,-0.284880858347392
2005-03-13,-0.4086073725943716,-0.05162833340298285,-0.36652827531053006,0.1443319001094031,0.0038313834493195788,0.35276735233890916,0.08277402718411897,-0.49138139977849055
2005-03-14,-0.5121188336110195,-0.05004746058947407,-0.34921894775034223,0.15639316160610595,-0.12750581858962556,0.3541487151683412,-0.016230350154994744,-0.49588848345602476
2005-03-15,-0.2349551369303316,-0.048424385142924395,-0.32743296718636855,0.16818447196715924,-0.13533648893557162,0.35551474983577036,0.012505380538065047,-0.24746051746839665
2005-03-16,0.362984562219681,-0.04676147402340949,-0.30114838363213076,0.1796476578432895,-0.033330601470019004,0.35685767754323705,0.15526487626096733,0.20771968595871368
2005-03-17,0.6899425233116827,-0.04506277911017103,-0.2711549145001217,0.19071707172161095,0.13065666258552167,0.3581806344852614,0.3633366751821013,0.32660584812958143
2005-03-18,0.751871555737423,-0.043331599427578714,-0.23862138567888364,0.2013414132449519,0.2947042450231121,0.3594825884531451,0.5735752616147468,0.17829629412267622
2005-03-19,0.7038736332111893,-0.04157049795411561,-0.20495240484237054,0.21148421383502888,0.404032626706371,0.3607566688056979,0.7297506065506116,-0.025876973339422293
2005-03-20,0.7611422939969639,-0.03978131044037522,-0.1716678311184939,0.22111829371650354,0.4269256275965834,0.3619916549384432,0.798586434692661,-0.037444140695697126
2005-03-21,0.8452007472867318,-0.03796493428886048,-0.14033882973317724,0.23021775084156232,0.36059561215296104,0.36318328234655833,0.775692881319044,0.06950786596768777
2005-03-22,0.8694840809734217,-0.0361220957864749,-0.11234603407653482,0.2387585293275429,0.22682988765229828,0.36432585155922587,0.6814461386760573,0.18803794229736437
2005-03-23,0.5699563038825749,-0.03425308361457948,-0.08871544492745848,0.24672019714748722,0.059650909161297276,0.36542099081180207,0.5488235685785486,0.021132735304026262
2005-03-24,0.2224713233294157,-0.032356865243881,-0.06991439831590075,0.25409477986763096,-0.10888238709312767,0.36648399685951305,0.4094251260742346,-0.1869538027448189
2005-03-25,0.0373311446478377,-0.03043281153879574,-0.055842757100348486,0.26087513098701626,-0.26036256934465213,0.36752587452347757,0.28176286752669744,-0.24443172287885973
2005-03-26,-0.0746921376275741,-0.02848128865176481,-0.04592536312530045,0.2670480620297908,-0.3931590811046824,0.36855164505215815,0.1680339742002013,-0.2427261118277754
2005-03-27,-0.0387068455055803,-0.02650244566428676,-0.039156396888969026,0.2725985246863657,-0.5157740343654078,0.36956686528048727,0.060732513048189385,-0.09943935855376969
2005-03-28,0.0940532445258549,-0.024497029650443064,-0.034233490648029406,0.2775076429090444,-0.6349645252544039,0.37056621503453685,-0.04562118760929518,0.13967443213515007
2005-03-29,0.2300920178262624,-0.02246603661438625,-0.02974842672389382,0.2817550699326195,-0.7437237480192127,0.3715383289774142,-0.14264481244745902,0.3727368302737214
2005-03-30,-0.0564908654393622,-0.020410044386199654,-0.02436453508500626,0.2853219460342314,-0.8155184290997051,0.3724711280805007,-0.20249993445617892,0.1460090690168167
2005-03-31,-0.0934081039382725,-0.01832869188064028,-0.016982148692883288,0.28820560282556046,-0.807851739491272,0.3733672577229804,-0.1815897195162547,0.0881816155779822
2005-04-01,0.179783933958585,-0.016222831039037988,-0.007054446920370751,0.2903944188482419,-0.67835329115005,0.3742230585082187,-0.03701309175299822,0.2167970257115832
2005-04-02,0.0805119236093034,-0.014094333760320148,0.005266161012749376,0.2918664842871359,-0.40417948809787824,0.3750386324493043,0.2538974558909912,-0.17338553228168782
2005-04-03,0.2463455515639949,-0.011944563481163729,0.019334627481096274,0.2926117635271632,0.0027628319927133493,0.37582747171317393,0.678592131232983,-0.4322465796689881
2005-04-04,1.0090569151534128,-0.009775843639645175,0.03407881047463801,0.2926105756221558,0.48708604807157363,0.3765870681503484,1.1805866586790708,-0.17152974352565797
2005-04-05,1.6390895608995906,-0.007592294198587909,0.04810649773431609,0.2918265482915011,0.9564860410531768,0.37729613275858104,1.6661229256389871,-0.027033364739396548
2005-04-06,1.7322434691664006,-0.005397001549720975,0.060168716473138754,0.2902332304925547,1.3049717465623119,0.37793207617459257,2.027908768152877,-0.2956652989864763
2005-04-07,2.318347369064126,-0.0031912867185481097,0.06939924155947237,0.287829075682931,1.4435807841454849,0.37848915826965573,2.176106972938996,0.14224039612513018
2005-04-08,2.8149360234370753,-0.0009769095764246497,0.07529615258118016,0.2846037859632091,1.3266420766048888,0.3789509683472016,2.0645160739200548,0.7504199495170205
2005-04-09,2.0935367712449757,0.0012444901356060193,0.07788355352253083,0.2805575587215393,0.9709432018549863,0.37930958733817344,1.7099383915728357,0.38359837967214006
2005-04-10,1.0265092143757542,0.0034748974567717717,0.07801818415753492,0.27573335374385366,0.4577605952340148,0.379587905533985,1.1945749361261602,-0.16806572175040602
2005-04-11,0.2887105387232043,0.005716508708722439,0.0770408115162764,0.2701872400853395,-0.08957286665892482,0.3798209657953725,0.643192659446786,-0.35448212072358176
2005-04-12,0.0375851043615784,0.00797046419260834,0.07654670711304995,0.2639654006528347,-0.5420492087192631,0.38003407541558165,0.18646743865481152,-0.1488823342932331
2005-04-13,-0.3627334829167967,0.01023626954452473,0.07822065693552674,0.2570993952401272,-0.8035114233183758,0.38023418994793934,-0.07772091165025774,-0.28501257126653895
2005-04-14,-0.392928436998684,0.01251404627861592,0.0838050916383093,0.24962561661257826,-0.8383331864073643,0.3804286816064568,-0.11195975027140403,-0.28096868672728
2005-04-15,0.309881651286721,0.014802710086268184,0.09484696890582123,0.24156901019041144,-0.6825277365204581,0.38060764897749927,0.04929860163954208,0.26058304964717893
2005-04-16,0.6624124233913788,0.017099498202812407,0.11243455973083061,0.23293450662601817,-0.4311720112749736,0.380746099285273,0.3120426525699605,0.35036977082141835
2005-04-17,0.8029924675473152,0.01940272654098278,0.13727672628367688,0.2237390815030219,-0.20332143423746743,0.3808313873098887,0.5579284874001028,0.24506398014721242
2005-04-18,0.5227568207229217,0.021711376921842135,0.16952658575090163,0.2140074441082488,-0.100987646218624,0.38086505965456036,0.6851228202169288,-0.1623659994940071
2005-04-19,0.6729112718868174,0.024025146576971718,0.2087836682701476,0.2037763838803358,-0.17300096483445598,0.3808574714900411,0.6444417053830402,0.02846956650377719
2005-04-20,0.2582273868033388,0.026342499709564746,0.25390168689787174,0.1930710508597124,-0.39890076683198467,0.3808073018115526,0.4552217724467168,-0.196994385643378
2005-04-21,0.2246117103200943,0.028663323297977845,0.30320606728358046,0.18193384131285956,-0.6934291769186146,0.3807237210729428,0.20109777604874607,0.023513934271348236
2005-04-22,-0.0441658889344382,0.03098649905454633,0.3543616956174808,0.1703981014706883,-0.9374382938372611,0.38060499651197943,-0.0010870011825662163,-0.043078887751871985
2005-04-23,0.1160362084536623,0.03331098921070916,0.4045757820118297,0.15850549702170927,-1.0181851610043107,0.38045071497661004,-0.04134217778345256,0.15737838623711486
2005-04-24,0.0895921145537896,0.035635550010047645,0.45064733169010274,0.14628739555208914,-0.8701569940166919,0.3802522720889872,0.1426655553245348,-0.05307344077074519
2005-04-25,0.3479190680343109,0.03795974983893925,0.4891771434745118,0.13378253992776043,-0.49738301551477593,0.38001628827831113,0.5435527060047467,-0.19563363797043581
2005-04-26,1.0328706723888228,0.04028220310283623,0.5167617163922531,0.12102145384508517,0.026187089371599165,0.3797390774707012,1.083991540182475,-0.0511208677936521
2005-04-27,1.885917664835232,0.04260057040853341,0.5302087963865973,0.10802361919260356,0.5807952597327672,0.3794084882394159,1.6410367339599174,0.2448809308753146
2005-04-28,1.9369875282090736,0.04491241029358001,0.5268671845308505,0.09480470614559025,1.0406002858100254,0.3790096302558297,2.086194217035876,-0.14920668882680221
2005-04-29,2.3138679210544466,0.04721642729522932,0.5049591277783816,0.08140324895334397,1.3151271564601699,0.378549791045932,2.3272557515330567,-0.013387830478610141
2005-04-30,2.661694885880624,0.04951057719506871,0.46359884486627917,0.06785032646839342,1.372913854653597,0.37803419899027907,2.3319078021736175,0.3297870837070067
2005-05-01,2.0570973532904104,0.05179308055705995,0.40311961446614186,0.05417797377123988,1.2456733192816882,0.3774580865885921,2.132222074664722,-0.07512472137431159
2005-05-02,1.6357369073913188,0.05406457049989275,0.3252510655269393,0.040443981962201225,1.0110121014629496,0.3768324250171354,1.8076041444691182,-0.17186723707779938
2005-05-03,1.7607099463844034,0.05632521566572203,0.23278715387366936,0.02670341683465159,0.7569572270265057,0.37616759280479173,1.4489406062053405,0.3117693401790629
2005-05-04,0.9730563265584424,0.05857440010340517,0.12935719739230167,0.012999119496530556,0.5471831265389228,0.3754682515942028,1.123582095125363,-0.15052576856692057
2005-05-05,0.514306772380692,0.06081380646480554,0.019518067700370643,-0.0006040836725687213,0.4018313353355962,0.3747482041760163,0.8563073300042199,-0.3420005576235279
2005-05-06,0.6061671698528901,0.06304439689466787,-0.09192829994206561,-0.014048781205247007,0.2935465896039842,0.3740246692157468,0.6246385745670863,-0.01847140471419617
2005-05-07,0.4520700050009943,0.06526590075317777,-0.20024654421649293,-0.02729272352870865,0.16517594975637725,0.37330256568218523,0.37620514844653863,0.07586485655445568
2005-05-08,-0.0412806023668055,0.06747853224219354,-0.30092181105643384,-0.0402900742141322,-0.038714287580941927,0.3725852557251243,0.06013761511580984,-0.10141821748261534
2005-05-09,-0.0800344588012489,0.06968303943549145,-0.38997003679446496,-0.05298935428137311,-0.3422362632228878,0.3718797362901266,-0.34363287857310776,0.2635984197718588
2005-05-10,-0.4959889553769797,0.07187892842350205,-0.46433426894250207,-0.06535252051517743,-0.7226053235154568,0.3711825755457047,-0.8092306090039294,0.3132416536269497
2005-05-11,-1.2191344653991596,0.07406652613960163,-0.5218860295310253,-0.07733577728452821,-1.1108229114802866,0.3704937355314273,-1.2654844566248111,0.04634999122565153
2005-05-12,-1.779452204730641,0.07624660774707698,-0.561553079191618,-0.0888915996920553,-1.412220431765983,0.3698165851169649,-1.6166019177856144,-0.16285028694502657
2005-05-13,-1.917595496315337,0.0784197008640744,-0.5834654708606435,-0.09997948216381222,-1.538291565470011,0.3691579255746024,-1.7741588920557898,-0.14343660425954718
2005-05-14,-1.8342157627292268,0.08058529110462939,-0.588871512444901,-0.11057247076929594,-1.4372552365271458,0.3685150584778464,-1.6875988701588667,-0.14661689257036015
2005-05-15,-1.645416158566444,0.08274210589884477,-0.5799280793498993,-0.12065163547888341,-1.1121915837193932,0.36788147875031646,-1.3621477138990148,-0.2832684446674292
2005-05-16,-0.8111883649049355,0.08488864495342487,-0.5594573222834556,-0.1302024215847163,-0.6217539733595935,0.36725515228182204,-0.8592699199925183,0.04808155508758283
2005-05-17,0.0156404238674323,0.08702218541769292,-0.5307096956801421,-0.13922641432714128,-0.06481600699098358,0.3666271668456455,-0.2811027647349285,0.2967431886023608
2005-05-18,0.2368750619027671,0.08913986327359916,-0.496897642629736,-0.1477259116911604,0.4478406709826109,0.3659893896056971,0.25834636954101065,-0.021471307638243536
2005-05-19,0.7661073549358465,0.09124006283267057,-0.46077516731070844,-0.15569061672565762,0.823345407072323,0.36534449009613457,0.663464175964762,0.10264317897108444
2005-05-20,1.0884977935669584,0.0933207798953158,-0.4245297459140763,-0.1631180525145468,1.0068985549879348,0.3646897765893969,0.8772613130440243,0.2112364805229341
2005-05-21,0.9752022997669276,0.09538041063946798,-0.3895433687924618,-0.170001826916543,0.9916413997445819,0.36402635021081353,0.8915029648858586,0.08369933488106907
2005-05-22,0.4615282786882412,0.09741810937087307,-0.35629936637229453,-0.17632671500529135,0.8145524865875933,0.3633626707383727,0.7427071853192532,-0.28117890663101197
2005-05-23,0.3741965985721187,0.09943386278634225,-0.3243863945443312,-0.18207075490933905,0.5415145501184393,0.3627063703329871,0.49719763378409837,-0.12300103521197969
2005-05-24,0.0384080895887769,0.10142686683708393,-0.2927839147553115,-0.18722237394116908,0.24649220619533754,0.36205306814469895,0.22996585248063986,-0.19155776289186296
2005-05-25,-0.0438772010945921,0.1033967409710075,-0.26001132248762715,-0.19176507500191176,-0.005754808651232663,0.36140248887804294,0.007268023708278837,-0.05114522480287094
2005-05-26,0.0280798020295441,0.1053429684981899,-0.22446218668497264,-0.19568875769640348,-0.1733802507664508,0.36075000172826766,-0.12743822492136936,0.15551802695091346
2005-05-27,0.1062543073438092,0.1072650928690381,-0.1847070430277615,-0.19898762748227244,-0.24276576094686586,0.3600920142118157,-0.15910332437604602,0.2653576317198552
2005-05-28,-0.0607610915439785,0.10916276745864932,-0.13975169318771866,-0.20165769240589881,-0.22645548568831544,0.35942815197964517,-0.09927395184363841,0.03851286029965991
2005-05-29,-0.0192693460573262,0.11103618115199386,-0.08920619810353052,-0.2036925617766598,-0.15534977503633055,0.3587633975074479,0.02155104374292094,-0.04082038980024714
2005-05-30,0.2002556770420045,0.11288507089768901,-0.033504627712818084,-0.20509279896048097,-0.06872774161575348,0.35810271032610524,0.1636626129347417,0.03659306410726279
2005-05-31,0.0362293329772419,0.11470863157062082,0.02606164731473472,-0.20586506367738672,-0.002748128832967723,0.35745200755631584,0.28960909393131695,-0.25337976095407505
2005-06-01,0.2295211419898171,0.11650644537464351,0.08758876040343232,-0.20601125176260704,0.020073985899832517,0.35681619027100636,0.37497413018630765,-0.14545298819649055
2005-06-02,0.5163706831011825,0.1182773373545663,0.14865509606906666,-0.20554209942171422,-0.004408019940751254,0.3561888081507276,0.41317112221189506,0.10319956088928744
2005-06-03,0.6249118083249255,0.12001995977906492,0.20661394558227714,-0.20447018941910025,-0.06112187049728537,0.35556005038664634,0.4166018958316028,0.20830991249332276
2005-06-04,0.5026089346230979,0.12173318065945456,0.25894002190479865,-0.2028043176558543,-0.12068213699685457,0.354920053643086,0.4121068015546303,0.09050213306846755
2005-06-05,0.5076539254807324,0.12341659495625681,0.30355247953281583,-0.2005487522986216,-0.14936699932032982,0.3542612221878228,0.431314545057944,0.07633938042278843
2005-06-06,0.293629827219042,0.12506965450759472,0.3389955334527544,-0.1977107701298462,-0.1216919743986164,0.35357545667181434,0.4982379001037009,-0.20460807288465888
2005-06-07,0.5056236880804306,0.12669261592233264,0.36466642727783416,-0.19429469630333265,-0.0302766179875877,0.35286443420257974,0.6196521631118261,-0.11402847503139557
2005-06-08,0.6132401353001662,0.12828516097446066,0.38085482665714765,-0.19031565821491067,0.10827102003379496,0.35212549083138434,0.7792208402818769,-0.1659807049817107
2005-06-09,0.7887483783743717,0.12984727224335327,0.3888065588324195,-0.18578871851790987,0.2567542355179677,0.3513636460615197,0.9409829941373503,-0.1522346157629786
2005-06-10,1.2848692390986034,0.1313785848816376,0.390692433575882,-0.18073289641682563,0.3671455720258831,0.35057570141067046,1.0590593954772476,0.2258098436213558
2005-06-11,1.367419839536957,0.13287807568686513,0.3893315107670608,-0.1751733298106594,0.39489974916968695,0.34975803737787325,1.0916940431908269,0.27572579634613015
2005-06-12,1.372962364046232,0.1343451255499602,0.38804992304243274,-0.16912734647696126,0.31457545064230635,0.34891034348329164,1.0167534962410296,0.35620886780520244
2005-06-13,0.9694698947735482,0.13577937380507357,0.3902601973902872,-0.16260995061439104,0.12909720252647036,0.3480380944941698,0.8405649176016099,0.12890497717193827
2005-06-14,0.2917722959912144,0.13718096299996618,0.3992051214983656,-0.15562919076908824,-0.12842140469148938,0.3471445474792539,0.5994800365170081,-0.3077077405257937
2005-06-15,-0.1224209053205532,0.13855048391166158,0.4174791870107535,-0.14818784169829385,-0.40233823931062973,0.34624322108906525,0.3517468110025567,-0.47416771632310994
2005-06-16,-0.1015308681828137,0.1398882600333896,0.44667052106883454,-0.14029496802285588,-0.6292730292295164,0.3453450327008018,0.1623358165506536,-0.2638666847334673
2005-06-17,-0.1502473085226343,0.1411938177120383,0.48713127935974637,-0.13196923594102067,-0.7544120758909869,0.344453404062468,0.08639718930224505,-0.23664449782487934
2005-06-18,0.3712096699505233,0.14246648102311138,0.5379445035365998,-0.12322943320939639,-0.7441173569547391,0.34357056963174265,0.1566347640273184,0.21457490592320488
2005-06-19,1.0366375714845526,0.14370484999205632,0.596852894132985,-0.11410556953421125,-0.5936837362325386,0.3426940755306077,0.3754625138888993,0.6611750575956533
2005-06-20,1.1176278608892771,0.14490725022993747,0.6604983638561798,-0.10463070467653202,-0.3261062786032054,0.34181738098605946,0.7164860117924392,0.4011418490968379
2005-06-21,1.1338957558465663,0.1460728028122242,0.7247994763249818,-0.09482761874674311,0.015829643598740326,0.3409368211435077,1.1328111251327109,0.00108463071385545
2005-06-22,1.384188466255711,0.14720087631223727,0.7851599654478882,-0.08471708684463206,0.3791379850522345,0.34005318863853823,1.5668349286062662,-0.18264646235055526
2005-06-23,1.5961301374048658,0.14829037490903602,0.8368121019785995,-0.07432357267752557,0.7105959681433001,0.3391622381839284,1.9605371105373384,-0.3644069731324726
2005-06-24,1.8373000636480912,0.1493402219213239,0.8752372958281853,-0.0636700963687725,0.9652200134294092,0.33825775870738606,2.264385193517532,-0.4270851298694409
2005-06-25,2.254917794069848,0.15034930633248125,0.8964956174561295,-0.05277928417550515,1.1110606516274486,0.3373329530896356,2.44245924433019,-0.18754145026034186
2005-06-26,2.7816950025438323,0.15131645956022866,0.897474007484846,-0.041675451024183297,1.1310174952862135,0.33638324940181874,2.4745157607089237,0.30717924183490863
2005-06-27,2.5369074722997724,0.15224056779302678,0.8761423443023524,-0.030384006926579,1.023178988991107,0.3354039251709552,2.356581819330862,0.18032565296891034
2005-06-28,2.2561471126711856,0.1531217628589881,0.8318124151902091,-0.018916453371117165,0.8013086395673243,0.3343998352408228,2.101726199486227,0.15442091318495876
2005-06-29,1.9091521968542735,0.15396035937461178,0.7650623007648696,-0.007282801099368685,0.4926312817944511,0.33337911187652675,1.7377502527110906,0.17140194414318288
2005-06-30,1.4724878757571107,0.15475688927625975,0.6776948070637631,0.004508641743467712,0.13549721711160836,0.332351450817282,1.304809006012381,0.16767886974472979
2005-07-01,0.6403126506122536,0.15551190505707677,0.5726204293099885,0.016451243283496314,-0.22469537030170944,0.3313249890778224,0.8512131964266746,-0.21090054581442097
2005-07-02,0.2461470102341596,0.15622645245790528,0.45369105206476334,0.02854526386435216,-0.5414043120732925,0.3303103928687183,0.42736884918244655,-0.18122183894828695
2005-07-03,0.1414754061937633,0.156901011350955,0.32533268593725706,0.040783898639427385,-0.7757297432499308,0.3293128938183467,0.07660074649605542,0.06487465969770789
2005-07-04,-0.267481283943447,0.15753565576067644,0.19230186800416466,0.053155457293918296,-0.9036522757833049,0.32833155159061933,-0.17232774313392607,-0.09515354080952093
2005-07-05,-0.4686241550862553,0.1581308487392424,0.059434361005260054,0.0656537423939633,-0.9201003819650402,0.3273715021271189,-0.30950992769945546,-0.15911422738679987
2005-07-06,-0.4372779426763638,0.1586867451886259,-0.06868592176241681,0.07826904146670191,-0.8398560714025597,0.32643523479540115,-0.3451509717142476,-0.0921269709621162
2005-07-07,-0.3256731011361899,0.15920304248763165,-0.18799141042735615,0.09098771985743773,-0.692596975873347,0.325522625875984,-0.3048749980796498,-0.020798103056540118
2005-07-08,-0.1952917967490159,0.15967927360718281,-0.2951095162878827,0.10379444248473567,-0.513638453143339,0.3246316986459272,-0.22064255469337601,0.02535075794436012
2005-07-09,0.3258015775780435,0.16011494701520648,-0.3875356164854252,0.11667354780054533,-0.33359856540711585,0.3237634723466672,-0.1205822147301221,0.4463837923081656
2005-07-10,0.1961931377873026,0.1605089997430536,-0.4637340470340276,0.12960228294618872,-0.17096283200183418,0.32291256280315916,-0.021673033543460285,0.2178661713307629
2005-07-11,0.0864415243601815,0.1608612027279794,-0.5230385490944647,0.142567612769875,-0.02832336671841893,0.32208062804275855,0.0741475277277294,0.012293996632452106
2005-07-12,0.1264397703419592,0.16117136658534859,-0.5656902557624917,0.1555556520491308,0.10296524290485012,0.321270048615286,0.17527205439212387,-0.04883228405016468
2005-07-13,0.0866688070230075,0.16143915393101707,-0.5927672900380513,0.16855009401670445,0.2339611179608811,0.3204848113400127,0.291667887210564,-0.20499908018755653
2005-07-14,-0.0852742383312039,0.16166427512531872,-0.6059877322012479,0.18153560474641947,0.36861239768579684,0.31972967101492894,0.42555421637121604,-0.51082845470242
2005-07-15,0.2974648393656113,0.16184652495255178,-0.6074849910191505,0.1944988430038485,0.4971678569760519,0.31900735596356505,0.5650355898768668,-0.26757075051125545
2005-07-16,0.8692103197001094,0.16198498307898515,-0.5996649633844636,0.20741866032651118,0.5951756592753349,0.31831169473799087,0.6832260340343584,0.18598428566575098
2005-07-17,1.1171242296220558,0.1620783427973317,-0.5849295049839563,0.22027212603604496,0.6309203787198128,0.3176297402973654,0.7459710828665984,0.3711531467554574
2005-07-18,0.8998369785581742,0.1621257745805833,-0.56540860367771,0.23304283135653148,0.5779078205722948,0.31694875798569583,0.7246165808173954,0.1752203977407788
2005-07-19,0.8311325930972104,0.1621271646329141,-0.5427892572386764,0.2457233208191382,0.4271515302410911,0.316260113883414,0.6084728723378809,0.2226597207593295
2005-07-20,0.617680811514055,0.16208240480124467,-0.5182915421420127,0.25830537690502187,0.19392181423834873,0.3155555708385826,0.4115736246411852,0.20610718687286977
2005-07-21,-0.0262977401114354,0.16199170779802655,-0.49261958903744896,0.27078410760932947,-0.08255603490319842,0.31483457280904187,0.1724347642757505,-0.1987325043871859
2005-07-22,-0.3566428301953068,0.1618558515062033,-0.46593055112518006,0.28316139629312986,-0.34799346134550385,0.3141041485026254,-0.05480261616872534,-0.30184021402658145
2005-07-23,-0.363944764169836,0.1616751457878794,-0.43796887535667706,0.2954339433500239,-0.5487116723499517,0.3133683287669928,-0.21620312980173267,-0.14774163436810334
2005-07-24,-0.5560267506639033,0.1614494286526911,-0.4081696409471068,0.30759294885654836,-0.6469270514246597,0.3126277467520227,-0.2734265681105043,-0.28260018255339897
2005-07-25,-0.3007240196550459,0.16117872921039844,-0.3757560863944628,0.3196318918180945,-0.6305202286995089,0.311887085011456,-0.2135786090540227,-0.08714541060102321
2005-07-26,0.1110847795669725,0.16086247483294394,-0.33993988824212285,0.331536814676309,-0.5155602595228086,0.3111436294600228,-0.05195722879565573,0.16304200836262822
2005-07-27,0.4911543880998128,0.16050002078296666,-0.300046853899153,0.34329061570106045,-0.33889732145408874,0.3103909853053854,0.17523744643617079,0.31591694166364204
2005-07-28,0.7075204124069369,0.16009087567673883,-0.25567537385114025,0.35487646438702536,-0.144889765263629,0.30962444665478467,0.4240266476037796,0.28349376480315724
2005-07-29,0.9006619537091486,0.15963482662043524,-0.20678503947145022,0.3662792155897788,0.0286882187605824,0.3088371589960725,0.6566543804954187,0.2440075732137299
2005-07-30,0.7115638743422457,0.15913172788106894,-0.1538195523482601,0.377483846395316,0.16030640021299317,0.3080195894922865,0.8511220116334046,-0.13955813729115896
2005-07-31,0.7459718376053474,0.15858195929082086,-0.09774645289275886,0.3884809157372414,0.24757609173907225,0.30716597308936266,1.0040584869637383,-0.258086649358391
2005-08-01,0.837161951350139,0.1579856693915185,-0.04017616413103661,0.399258645179072,0.301769258242007,0.3062731231002031,1.125110531781764,-0.28794858043162497
2005-08-02,1.0195061453975036,0.15734294687056793,0.016711545538120487,0.40980481055623846,0.33857218919480964,0.30533899348229493,1.2277704856420315,-0.2082643402445279
2005-08-03,1.309172112230687,0.15665373989501524,0.07023900284416144,0.4201067040497373,0.36844151926802887,0.30436612531202123,1.319807091368964,-0.010634979138276934
2005-08-04,1.5247998836770302,0.15591784032985323,0.11740573299555578,0.4301505492302262,0.39078122060732023,0.3033591599541478,1.3976145031171032,0.127185380559927
2005-08-05,1.7611273828728906,0.15513516505775501,0.15515713502842582,0.43992392405423353,0.3942043984062909,0.3023227308943129,1.4467433534410181,0.3143840294318725
2005-08-06,1.6680060938715773,0.1543056357251139,0.1806428140660031,0.44941460262305205,0.36192264119921647,0.30125931674620277,1.4475450103595884,0.2204610835119889
2005-08-07,1.395387155853381,0.15342964679786666,0.19154963958298177,0.45861538905727295,0.28035291013967295,0.30016949209289673,1.384117077670691,0.011270078182689991
2005-08-08,1.127380476279267,0.1525079597048617,0.18632235122543214,0.4675224277213546,0.14648277589906575,0.29905268444335564,1.2518881989940698,-0.12450772271480282
2005-08-09,1.029349745368437,0.15154142064104129,0.16430563198428588,0.47613295255274696,-0.028444650042779043,0.29790938382821125,1.0614447389635062,-0.03209499359506918
2005-08-10,0.6307834939715311,0.1505307269500742,0.12584331500595053,0.48444234727485735,-0.22005360129972473,0.29673875453736015,0.8375015424685175,-0.20671804849698638
2005-08-11,0.399672707245757,0.14947692994906403,0.07236964616156868,0.49244981114083347,-0.39553137821144013,0.2955409456643901,0.6143059547044161,-0.21463324745865908
2005-08-12,0.498897502140577,0.14838090863088163,0.006247739462124882,0.5001522638785998,-0.5215450579166487,0.2943194208233288,0.42755527487828643,0.07134222726229056
2005-08-13,0.589320952828118,0.1472431012205088,-0.06939148213847346,0.5075413979000114,-0.5718519487589253,0.2930768053239917,0.3066178735471131,0.2827030792810049
2005-08-14,0.2409451686843863,0.1460639548622712,-0.1507969666510712,0.5146077973500397,-0.5325786527916934,0.2918135436119324,0.2691096763814787,-0.02816450769709239
2005-08-15,0.3130540643521179,0.14484430342536234,-0.23384094503586894,0.5213475372096058,-0.40480089346864645,0.29053494302593985,0.31808494515639263,-0.005030880804274718
2005-08-16,0.5023185202572753,0.1435845176891168,-0.3143994959503801,0.5277507815611249,-0.20574870337874263,0.2892444243058243,0.44043152422694326,0.06188699603033204
2005-08-17,0.5358781009093393,0.14228481288881276,-0.3885908747498611,0.5338059358625478,0.03356608333625047,0.2879449837505306,0.6090109410882805,-0.07313284017894117
2005-08-18,0.6198906231180714,0.14094554155013445,-0.45297991038114116,0.5395036118738048,0.27290474584401714,0.286640542171349,0.7870145310581642,-0.1671239079400928
2005-08-19,1.0208348824951432,0.13956694039714676,-0.5047928390097385,0.544834228988883,0.46891445534662,0.2853344904620603,0.9338572761849716,0.0869776063101716
2005-08-20,1.2152829130425056,0.13814893581887644,-0.5420644795021379,0.5497845275045333,0.5828566216667278,0.2840269563882437,1.0127525618762434,0.20253035116626217
2005-08-21,1.1634603478797392,0.13669168752660352,-0.563645365850746,0.55434507049063,0.5897083340985664,0.2827194671664741,0.999819193431528,0.16364115444821115
2005-08-22,0.7086863249256917,0.13519563232481507,-0.569185687108279,0.5585110565363015,0.4854433552448155,0.28141390349455525,0.8913782604922085,-0.18269193556651675
2005-08-23,0.3120430648947942,0.13366176912063443,-0.5590692888788051,0.5622844489608135,0.2905657496486298,0.2801153270493507,0.7075580059006233,-0.3955149410058291
2005-08-24,0.4681691919229979,0.13209115550797265,-0.5343608218794356,0.5656679361466374,0.047089573959462734,0.27882741480454865,0.48931525853918584,-0.021146066616187953
2005-08-25,0.4512049689237572,0.13048427571518154,-0.4967216997066214,0.5686585671427362,-0.19101673612232486,0.27754720471569344,0.2889516117446649,0.16225335717909234
2005-08-26,0.1652337501005535,0.12884185525732392,-0.4481909326352303,0.5712568619523144,-0.3710974940070215,0.27627190075390107,0.15708219132128753,0.00815155877926596
2005-08-27,0.373554292888439,0.12716486622514475,-0.39103166593885996,0.5734674452750878,-0.45684045861293815,0.2749998528810342,0.1277600398294686,0.2457942530589704
2005-08-28,0.5440851762284491,0.12545379015281025,-0.3276832427100966,0.5752892350916269,-0.44027602976591934,0.2737268301086141,0.20651058287703533,0.33757459335141377
2005-08-29,0.1710748724550309,0.12370910061626725,-0.2605674717665886,0.5767215391849796,-0.34422273673660486,0.27244734113742064,0.36808777243547397,-0.19701289998044308
2005-08-30,0.1801639479627101,0.12193193666157016,-0.19196049814534508,0.5777707721627443,-0.21445267514105798,0.27116309900401525,0.5644526345419267,-0.38428868657921667
2005-08-31,0.6350719056086628,0.12012296772089838,-0.12398518774154604,0.5784380214727879,-0.10459207882690326,0.269870788283655,0.7398545109088921,-0.10478260530022931
2005-09-01,0.8728022442539903,0.118282507249745,-0.05859448630091904,0.578719118742116,-0.056612094478740924,0.2685668342297305,0.8503618794419315,0.0224403648120588
2005-09-02,1.004966541263179,0.11641105997756429,0.0025368234366049194,0.578612714560726,-0.0841021721258587,0.26724894108948,0.8807073669385166,0.12425917432466238
2005-09-03,0.9313854431242432,0.11450922248089768,0.057985916789066616,0.5781192745028491,-0.16613454209857348,0.26591827832720893,0.8503981500014488,0.0809872931227944
2005-09-04,0.8245272044075783,0.11257771778026839,0.10658980282317662,0.5772416504242255,-0.2539938651769372,0.26457848557319,0.8069937914239234,0.01753341298365496
2005-09-05,0.8379906204703288,0.11061729680964909,0.14743291411845746,0.5759827567943385,-0.2894814345261376,0.26323256540506856,0.807784098601376,0.030206521868952785
2005-09-06,1.013248240018041,0.10862853443350874,0.17981662155943662,0.5743437427276366,-0.228236485320065,0.2618829709877378,0.8964353843882547,0.11681285562978627
2005-09-07,0.965343344679552,0.10661176842379626,0.20326904474021473,0.5723229772460218,-0.05929424296631149,0.2605303753147602,1.0834399227584814,-0.11809657807892948
2005-09-08,1.336633350355865,0.10456759846126638,0.21760602275258403,0.5699208936521366,0.1872541057794972,0.2591771755098325,1.3385257961553167,-0.001892445799451803
2005-09-09,1.5648262522616785,0.10249629742929338,0.2228985848962698,0.5671327802549108,0.4471234608703944,0.257822489052387,1.5974736125032554,-0.032647360241576884
2005-09-10,1.6033313902176094,0.10039844078961137,0.2195347384638449,0.5639563713814238,0.6433816902182707,0.25646915174067625,1.783740392593827,-0.1804090023762177
2005-09-11,1.7087621188515174,0.09827488607350093,0.20828493101843906,0.5603920630804757,0.7138810255845124,0.25511699706175867,1.8359499028186868,-0.12718778396716934
2005-09-12,2.0574917543532667,0.09612640619761179,0.19025529799842092,0.5564409526607228,0.6347354156285756,0.25376233052267083,1.731320403008002,0.32617135134526465
2005-09-13,1.6937782943611812,0.09395343157218061,0.16681503267987205,0.5521031610164633,0.4310493586521008,0.25239793683061196,1.4963189207512286,0.19745937360995258
2005-09-14,1.1503089830165476,0.09175708668453172,0.13960987048516854,0.5473889159810476,0.1710543061335781,0.25102120070248257,1.2008313799868084,-0.05052239697026084
2005-09-15,0.8443062586610953,0.08953853143225861,0.11038009224664488,0.5423119579234799,-0.0569647468779117,0.2496324010079511,0.9348982357324227,-0.09059197707132738
2005-09-16,0.6411968091114038,0.08729869630256018,0.08078644966539954,0.536884153187264,-0.17583316646859176,0.24823356041129857,0.7773696930979306,-0.13617288398652683
2005-09-17,0.592603070823171,0.08503847573222903,0.05229874019436195,0.5311166003081778,-0.14731006145947687,0.2468307206388128,0.7679744754141047,-0.1753714045909337
2005-09-18,0.9218169539874008,0.08275873495978836,0.026121039371230566,0.525018196654843,0.012962487505365414,0.24543062180895683,0.8922910803001841,0.029525873687216708
2005-09-19,1.303157501039389,0.08045998292857351,0.003138093003606811,0.5185926282074816,0.23903484755055449,0.24403587954954148,1.085261431239758,0.21789606979963105
2005-09-20,1.3555014266201206,0.07814263772679755,-0.01606383163102513,0.5118425602025354,0.4363466301966542,0.24264794317505897,1.252915939670021,0.10258548695009972
2005-09-21,1.401373214481472,0.07580724223867216,-0.031120197688402212,0.504774156114283,0.5137728943415176,0.24126700387538416,1.3045010988814547,0.09687211560001718
2005-09-22,1.0249920908448718,0.07345439895356487,-0.041846702074585976,0.4973933969652107,0.4144749852449799,0.23988922633436366,1.1833653054235331,-0.15837321457866138
2005-09-23,0.6618067849736523,0.07108522840593227,-0.04816304327641609,0.48971144338151407,0.13627314603385393,0.2385140755052658,0.88742085005015,-0.22561406507649773
2005-09-24,0.5022077874638263,0.06870088077546974,-0.0500791397808194,0.481739719215525,-0.26629406168614544,0.23714091485557517,0.4712083133796051,0.030999474084221212
2005-09-25,0.2761918658285798,0.06630239688581267,-0.047655706367769224,0.473487332663725,-0.6976592306559924,0.23576660066550564,0.030241393191281662,0.24595047263729813
2005-09-26,-0.316835330595445,0.06389095683325498,-0.040967605552015125,0.46496395367992166,-1.048951420816513,0.23439096817010285,-0.3266731476852486,0.00983781708980358
2005-09-27,-0.614030465081444,0.06146801904921319,-0.030079639224771502,0.45618282082189876,-1.228966561717158,0.2330200132364563,-0.5083753478343612,-0.10565511724708276
2005-09-28,-0.6390667218160399,0.05903459539700887,-0.015078070634994799,0.44715228137663277,-1.1896139132066468,0.23165622727229068,-0.46684887979570927,-0.17221784202033058
2005-09-29,-0.3845134997516204,0.05659134886199491,0.003907249125600943,0.4378762884748449,-0.9375321372164442,0.23030174087563068,-0.20885550987837279,-0.17565798987324763
2005-09-30,0.4630458643816538,0.05413860220754801,0.026693858590686285,0.4283543484707816,-0.5302039417060979,0.22895707471128712,0.2079399422742051,0.2551059221074487
2005-10-01,0.9027750683671588,0.05167610577058886,0.0530148935288131,0.41857855900626895,-0.05921961393583357,0.22761692386143254,0.6916668682312699,0.21110820013588893
2005-10-02,1.4084790309565711,0.04920404501462072,0.08258328017057448,0.4085454139713114,0.37476624374849765,0.2262786832365743,1.1413776661415787,0.26710136481499247
2005-10-03,1.521300031091679,0.046722571198460565,0.11503121555691427,0.39825114114713467,0.6861039084710154,0.22493879486662738,1.4710476312401521,0.05025239985152696
2005-10-04,1.3217247501220917,0.04423239692538957,0.14994729012022595,0.38769676287789584,0.8232187973531275,0.22359535979442122,1.62869060707106,-0.3069658569489684
2005-10-05,0.9678161616783512,0.0417346126372049,0.18684328138543213,0.3768873599664503,0.7778558205435475,0.22224881340299876,1.6055698879356335,-0.6377537262572823
2005-10-06,1.4309558021207065,0.0392303570965033,0.22511684381672345,0.3658300712386362,0.5838419203865157,0.2209010401781584,1.434920232716537,-0.003964430595830404
2005-10-07,1.2094122904090625,0.03672015075650174,0.2639721238182351,0.3545232876130152,0.30608676271543483,0.2195482118283111,1.180850536731498,0.028561753677564417
2005-10-08,1.275635209894034,0.034205111544987475,0.3025318872833326,0.3429729888206583,0.025123088811146957,0.21819283307824044,0.9230259095383657,0.3526093003556683
2005-10-09,1.3726042363002553,0.03168584328031802,0.33975625444347846,0.3311822272949193,-0.18327897640436333,0.2168359394778537,0.7361812880922063,0.636422948208049
2005-10-10,0.918896543710401,0.029162847745123018,0.3744872389955704,0.31915393908502254,-0.266455026318837,0.2154792963269639,0.6718282958338428,0.24706824787655812
2005-10-11,0.2232632621726707,0.02663738646821679,0.4055471185894617,0.3068969640758052,-0.20776710622224404,0.21413023616330043,0.7454445990745401,-0.5221813369018694
2005-10-12,0.4946631875322336,0.024110941896471273,0.4317987070492338,0.29442219724056273,-0.031564720816277494,0.21279436906058452,0.9315614944305748,-0.4368983068983412
2005-10-13,1.092812049530508,0.021584225961872927,0.4521274708889193,0.2817301293363238,0.20200733980295213,0.21146790222022022,1.1689170682102885,-0.07610501867978048
2005-10-14,1.2921740248805789,0.019057843007203427,0.4655719238304165,0.26881808581534355,0.41410722201573463,0.21014569934991842,1.3777007740186167,-0.08552674913803782
2005-10-15,1.5954335620531817,0.01653274930858448,0.4714708057481778,0.25568780700299726,0.5310039293294382,0.2088266070275099,1.4835218984167078,0.11191166363647387
2005-10-16,1.6767777932510135,0.01400970385830382,0.4695127913733217,0.24234011777811104,0.5069987645724331,0.2075082888494158,1.4403696664315855,0.23640812681942802
2005-10-17,1.4241662804620312,0.01148936764227699,0.4598057264030141,0.2287787354332586,0.34052011671295096,0.20619127674271764,1.2467852229342182,0.17738105752781297
2005-10-18,0.8192069435949059,0.008972589982749735,0.4429156076823638,0.21501133873692216,0.07650796710635048,0.20488154725576468,0.9482890507641508,-0.12908210716924495
2005-10-19,0.6760604341591745,0.006460465948376602,0.41989196473065116,0.201049379880945,-0.20686356075717757,0.2035875984450141,0.6241258482478093,0.05193458591136524
2005-10-20,0.3902017749661186,0.003953785559775665,0.3921915785378045,0.18689976307350892,-0.42416608895775115,0.20231370811310911,0.361192746326447,0.029009028639671586
2005-10-21,0.2599413600728276,0.0014532442157409815,0.36166164241096976,0.17257134830816903,-0.511401141682536,0.20106399512998976,0.2253490883823335,0.034592271690494086
2005-10-22,0.1977294267178356,-0.0010404320733778227,0.3304454173788744,0.15807179185372766,-0.4488222328140287,0.19984111735880972,0.2384956617040052,-0.0407662349861696
2005-10-23,0.388500145327576,-0.0035265098767017574,0.30089032400589816,0.14340844934141517,-0.2682959854440412,0.19864452188682433,0.37112079991339464,0.017379345414181346
2005-10-24,0.2990737291347651,-0.0060046661504326035,0.27537196535562714,0.1285870988197534,-0.04228404947740409,0.19747096180393336,0.5531413103514772,-0.2540675812167121
2005-10-25,0.3759822210440788,-0.00847429566399589,0.25617792954015667,0.11361731027688822,0.14267534994879633,0.19631928332760845,0.7003155774294538,-0.324333356385375
2005-10-26,0.693355262455054,-0.01093463651555924,0.24531622537780592,0.0985077368407885,0.21722303048759367,0.19518674300753436,0.7452990991981633,-0.05194383674310932
2005-10-27,1.03879756833474,-0.013385008212307288,0.2443121843950572,0.08326579396093844,0.154375042523483,0.19407084260181023,0.6626388552689816,0.3761587130657583
2005-10-28,0.8569080073359461,-0.015824805137531876,0.2540558077384012,0.06789962528187074,-0.020971318835178807,0.19297057435307235,0.47812988340063356,0.3787781239353125
2005-10-29,0.4193654991588936,-0.018252801306143644,0.27474127028338674,0.05242285358955195,-0.24165098925830406,0.19188760431705254,0.25914793762554356,0.16021756153335004
2005-10-30,0.1736316039363102,-0.02066763128850885,0.3057401072526648,0.03685174230311862,-0.423682161734415,0.19082502912323837,0.08906708565609797,0.08456451828021222
2005-10-31,-0.0831855495245907,-0.023068128002704923,0.3455082900693577,0.021200629484306226,-0.49697891260823784,0.18978685925596794,0.0364487381986891,-0.1196342877232798
2005-11-01,-0.3300180743181869,-0.02545337672471506,0.3916576530756897,0.005483159521286009,-0.4289193408208526,0.18877352762964664,0.13154162268105477,-0.4615596969992417
2005-11-02,-0.1242365533821751,-0.027822347327880203,0.4410374739542532,-0.010287434883573778,-0.2327607990975492,0.18778761979046973,0.35795451243571974,-0.48219106581789484
2005-11-03,0.5761263045655248,-0.030174443562435718,0.4898831769286631,-0.026102767037683123,0.04093348148613633,0.1868293452939374,0.6613687931086181,-0.08524248854309324
2005-11-04,1.2374255539216952,-0.03250953672114519,0.5340727438752826,-0.0419593286035571,0.3254113477777054,0.18589611542762471,0.9709113417559104,0.26651421216578475
2005-11-05,1.7012788788330178,-0.03482760049110987,0.5694811749131067,-0.05785264125567716,0.5618200127144017,0.18498606732341522,1.2236070132041366,0.4776718656288812
2005-11-06,1.720425591534297,-0.03712834269299833,0.5923599320590435,-0.07377545709070978,0.7157129832533692,0.18409796827044575,1.3812670837991503,0.33915850773514666
2005-11-07,1.5103325547110336,-0.0394111162482303,0.599707731191046,-0.08971491222365277,0.7806730310434202,0.1832314195562809,1.434486153318864,0.07584640139216958
2005-11-08,1.1974624908509794,-0.041675191008724764,0.5895349915724464,-0.10565393615345833,0.7694478894914094,0.1823881100963531,1.3940418639980259,-0.19657937314704643
2005-11-09,1.077076313140918,-0.04391968716109653,0.5610767102810937,-0.12157248399151895,0.6992748222118632,0.1815720729480905,1.276431434288432,-0.19935512114751397
2005-11-10,0.7309571104578642,-0.046143892069453,0.5149293463702388,-0.13745107238598447,0.5796087469435052,0.18078263379236992,1.0917257626506764,-0.3607686521928123
2005-11-11,0.6276115820786532,-0.04834686789146444,0.45308329526024005,-0.15326642631812684,0.4091211225762625,0.1800195228311737,0.840610646458085,-0.21299906437943184
2005-11-12,0.6938795986023066,-0.05052794930229874,0.37875102977778874,-0.16899598692431272,0.18192114972817106,0.17928198070341492,0.5204302239827633,0.17344937461954335
2005-11-13,0.425495203775438,-0.05268632979316207,0.2961381129570382,-0.18461747897536496,-0.10032269756464196,0.17857125180353967,0.13708285842740886,0.2884123453480291
2005-11-14,-0.2324379024457058,-0.05482099460903459,0.21019446348611998,-0.20010504784701416,-0.4177863172713105,0.17788486104319218,-0.2846330351980471,0.052195132752341306
2005-11-15,-0.644716338270053,-0.05693054885408195,0.12616914735125262,-0.21542818146094417,-0.7304444551351232,0.17722457477955647,-0.6994094633193403,0.05469312504928725
2005-11-16,-0.9620906061882376,-0.0590139517763249,0.049103115165353574,-0.23055853057386555,-0.9868967068829534,0.17659205346489068,-1.0507740206028997,0.0886834144146621
2005-11-17,-1.3743723399901613,-0.06107018328175688,-0.016594581052084306,-0.2454690893464997,-1.1396723558140525,0.17598981928418275,-1.2868163902102108,-0.08755594977995051
2005-11-18,-1.4254354596178058,-0.06309819668859652,-0.06750160699293638,-0.2601331082743478,-1.1604934012203096,0.17541832544855637,-1.375807987727634,-0.049627471890171915
2005-11-19,-1.4191929305930733,-0.06509726120763758,-0.10157773890044648,-0.2745275580054136,-1.048773225874902,0.17488169042029822,-1.3150940935681015,-0.1040988370249718
2005-11-20,-1.1359952937753628,-0.0670667666524337,-0.11829897652439272,-0.2886309581789957,-0.8288277895282828,0.17438416794251693,-1.128440322941588,-0.007554970833774766
2005-11-21,-0.8585823983434053,-0.06900641328532306,-0.11873187064583995,-0.30242477872099144,-0.5384355501715941,0.17393028720136766,-0.8546683256223808,-0.0039140727210245085
2005-11-22,-0.5504970900950583,-0.07091615706516963,-0.10536820562079201,-0.3158912119741078,-0.2144114526670595,0.17351905824779282,-0.5330679690793362,-0.017429121015722138
2005-11-23,-0.277952228969277,-0.07279610510664873,-0.081902217094279,-0.3290128658175186,0.11683611582777488,0.17314692000886986,-0.1937281521818016,-0.08422407678747543
2005-11-24,0.2798509664349306,-0.07464611871510453,-0.05286746346072356,-0.341772288311591,0.4394048134574934,0.17280856753969268,0.14292751050976696,0.13692345592516367
2005-11-25,0.4698368996844009,-0.07646630497629003,-0.02328167614311854,-0.3541544579065141,0.7392339833280039,0.17249849931889272,0.45783004362097396,0.01200685606342694
2005-11-26,0.7402960262052246,-0.07825620178825214,0.0018466293249101567,-0.36614109325919664,0.9935956013150076,0.1722165184388717,0.7232614540313407,0.017034572173883933
2005-11-27,1.013440133226691,-0.08001519024151633,0.01792929932791877,-0.3777151047555627,1.1654603385823774,0.17196329808728408,0.8976226410005013,0.11581749222618964
2005-11-28,0.9841124482950176,-0.08174273397403745,0.021173370277707257,-0.3888595943411135,1.209583319230922,0.1717408820821529,0.9318952432756311,0.05221720501938654
2005-11-29,0.6157762327719972,-0.08343835912982964,0.008926530387337817,-0.39955546003551473,1.0898653506748879,0.17154948167635642,0.7873475435732378,-0.17157131080124055
2005-11-30,0.5466078947785754,-0.08510134333484681,-0.02012029676919537,-0.40978065760904425,0.8007882793850546,0.1713888841587949,0.45717486583076306,0.08943302894781235
2005-12-01,-0.1296121667218137,-0.08673121700547505,-0.06592086277659226,-0.4195156270550429,0.3819661148364923,0.17125563559599435,-0.018945956404623626,-0.11066621031719007
2005-12-02,-0.7470321338335054,-0.08832707545295658,-0.12708835665912543,-0.428735091958906,-0.08221222026295377,0.1711500395334738,-0.555212704800468,-0.1918194290330374
2005-12-03,-1.035996222690253,-0.08988803600419625,-0.20111316240245294,-0.43741462529624403,-0.483217027035896,0.17107104828810737,-1.0405618024506817,0.004565579760428706
2005-12-04,-1.2020936447663912,-0.09141331694308757,-0.284678744689497,-0.4455330327655791,-0.722504750098627,0.1710194969478193,-1.3731103475489712,0.17101670278257997
2005-12-05,-1.509557140062494,-0.09290215554957434,-0.37396165643826923,-0.45307156619588196,-0.7465215157844254,0.17099724746159464,-1.4954596465065562,-0.014097493555937923
2005-12-06,-1.3338456201935542,-0.09435388471181459,-0.4649449180192749,-0.46001215047490046,-0.5682749725337753,0.1710062027027511,-1.416579723037014,0.08273410284345983
2005-12-07,-1.150346994196414,-0.09576832677126952,-0.5537881151155559,-0.4663430354701197,-0.2658807650115261,0.17104661137697366,-1.2107336309914976,0.060386636795083604
2005-12-08,-0.8887051614689742,-0.09714543965242045,-0.637050125807249,-0.4720549218899865,0.04416016257858572,0.1711173528980887,-0.9909729718729816,0.10226781040400745
2005-12-09,-0.8377963927521865,-0.09848535944068941,-0.7119115634858542,-0.47714093952263015,0.2485643195590132,0.17121708526614823,-0.8677564576240123,0.029960064871825787
2005-12-10,-1.072106485183772,-0.09978809517958392,-0.7762741671283667,-0.4815939080537675,0.2782430074005926,0.1713438115913485,-0.908069351369777,-0.1640371338139951
2005-12-11,-1.306396295342912,-0.10105330572950076,-0.8288250417971333,-0.48540539366045327,0.13217434115756843,0.17149694404602875,-1.1116124559834901,-0.1947838393594219
2005-12-12,-1.5190939592924857,-0.10228068990781886,-0.8690826643025859,-0.4885677499665274,-0.12526810620949191,0.171677080701597,-1.413522129684827,-0.10557182960765865
2005-12-13,-1.8563164810480035,-0.10346985131599523,-0.8973575799127127,-0.49107427634255757,-0.3917045293250143,0.17188794295591842,-1.7117182939403615,-0.14459818710764205
2005-12-14,-1.7681621886886352,-0.10462034730557927,-0.9146229029709377,-0.492918941693525,-0.5673890762450039,0.1721331051302483,-1.9074181630847977,0.13925597439616255
2005-12-15,-1.4976172544584452,-0.10573217772377093,-0.9224280858853281,-0.4941012876734029,-0.5929427790470959,0.1724147134131716,-1.9427896169164263,0.4451723624579811
2005-12-16,-1.6437796565721527,-0.1068056576404336,-0.9226961010330614,-0.4946247197099053,-0.4685269255754472,0.17273222628926052,-1.819921177669587,0.1761415210974342
2005-12-17,-1.7327467198146256,-0.10784068746674937,-0.9174656348557432,-0.4944913929909619,-0.24812664286677566,0.17308505781642824,-1.5948393003638017,-0.13790741945082385
2005-12-18,-1.4423417283571789,-0.10883730414639184,-0.9087331483823473,-0.49370577001863525,-0.013753344710275877,0.17346980956247557,-1.3515597576951746,-0.09078197066200433
2005-12-19,-1.2810555334037406,-0.10979573667776939,-0.8983148796996974,-0.4922765026930561,0.15906092193112076,0.1738829221357485,-1.1674432750036534,-0.11361225840008715
2005-12-20,-1.4676597193485694,-0.11071606954277077,-0.8876438143600925,-0.4902119929079094,0.23004574900129587,0.1743214554400982,-1.0842046723693786,-0.38345504697919086
2005-12-21,-1.0877575264322317,-0.11159809268797352,-0.8776370481105732,-0.4875182329739996,0.2054463738364206,0.17478472606496345,-1.0965222738711622,0.00876474743893052
2005-12-22,-1.0163226937554004,-0.1124420912423192,-0.8687053071731788,-0.48420635097538617,0.1284080360450729,0.17527117396453495,-1.1616745393812764,0.145351845625876
2005-12-23,-0.9451243971934868,-0.11324810324612114,-0.8606513298369871,-0.480285697347285,0.0562999393347174,0.17578177533928974,-1.222103415756386,0.2769790185628991
2005-12-24,-1.209778199806485,-0.11401635751908841,-0.8526892743051935,-0.4757665871962705,0.03452927716025222,0.17631463737522474,-1.2316283044850755,0.02185010467859061
2005-12-25,-1.0962583963373826,-0.11474683308488506,-0.8435008831881565,-0.47065683221598853,0.07929352164751889,0.17687095566645036,-1.172740071175061,0.07648167483767843
2005-12-26,-1.1242477866445937,-0.1154397838837967,-0.8313896326918907,-0.4649673628896156,0.17450950156141037,0.17745111290472304,-1.0598361649991697,-0.06441162164542402
2005-12-27,-0.9177658419755722,-0.11609542497165942,-0.8143460924680179,-0.45870717126245203,0.28326369385174266,0.17805185901254258,-0.927833135837844,0.010067293862271787
2005-12-28,-0.9671063607555388,-0.11671422218587389,-0.7902313109233746,-0.45188491067313186,0.36539281791008993,0.17866326750189607,-0.8147743583703944,-0.15233200238514444
2005-12-29,-0.9538497816225232,-0.11729631757413629,-0.7569607543084981,-0.44450713955865084,0.39313593977830175,0.17927664344466676,-0.7463516282183167,-0.20749815340420652
2005-12-30,-0.73248348240542,-0.11784185157960142,-0.7127175215367098,-0.4365836463579642,0.35718283690245745,0.1798814774391017,-0.7300787051327162,-0.0024047772727038286
2005-12-31,-0.6234979958645214,-0.11835112738933207,-0.6561647145288609,-0.42813031332388785,0.26273630064680126,0.1804671000981642,-0.7594427544971154,0.13594475863259403
2006-01-01,-0.6818528067101971,-0.11914336432042999,-0.5861284661974049,-0.4194670231390036,0.1194349132410715,0.1808737892617643,-0.8244301511540028,0.14257734444380565
2006-01-02,-0.8423346454471855,-0.11989650634340272,-0.5033700120580435,-0.41034850401798423,-0.0645432914972284,0.18132268863357076,-0.916835625283088,0.07450097983590254
2006-01-03,-0.949093639277673,-0.1206107858722812,-0.40873721468156654,-0.4007931265879459,-0.285274571003178,0.18182111635376252,-1.0335945817912093,0.08450094251353635
2006-01-04,-1.2713415844110871,-0.1212864956358772,-0.303840836721857,-0.39082116498376424,-0.5357117337949635,0.18237102988755835,-1.1692892012489038,-0.10205238316218335
2006-01-05,-1.4942383244365114,-0.12192389356221602,-0.19105470669518798,-0.38045127705280757,-0.7941740998626139,0.1829778137655976,-1.3046261634072278,-0.18961216102928358
2006-01-06,-1.4925217830864768,-0.12252328605653624,-0.07346401586977488,-0.3697038338224906,-1.0171446004018507,0.18364454245055978,-1.3991911937000927,-0.09333058938638406
2006-01-07,-1.4019492425373217,-0.12308507413512919,0.0452657759516179,-0.3586027830724556,-1.1422425721201912,0.18436656149113945,-1.3942980918850187,-0.007651150652302929
2006-01-08,-1.1364988529382696,-0.12360971699129436,0.16104036650997597,-0.34717404903627347,-1.1034888225272628,0.18513845180884952,-1.2280937702360053,0.09159491729773572
2006-01-09,-0.6635964042042558,-0.12409775007163842,0.2695468800621921,-0.3354461263730856,-0.8554318330817773,0.1859557129770326,-0.8594731164872766,0.19587671228302084
2006-01-10,-0.1513840867872345,-0.12454979435983828,0.366546658697822,-0.32345046757307616,-0.39669572114423873,0.18681195781349094,-0.2913373665658402,0.1399532797786057
2006-01-11,0.1660485255465057,-0.12496651961533603,0.4482159109949423,-0.3112200889552641,0.21756763966387385,0.18769656714178465,0.4172935092300007,-0.251244983683495
2006-01-12,1.091085031462267,-0.12534855559471947,0.5114156586575284,-0.2987857494853028,0.8811537126069106,0.18860476481586888,1.1570398310002856,-0.06595479953801853
2006-01-13,1.8002864582685545,-0.12569672931826495,0.5538813017915056,-0.28618420009171164,1.45927347033259,0.1895259545957331,1.7907997973098522,0.00948666095870232
2006-01-14,2.189119093426635,-0.12601180284361185,0.5745207070674261,-0.27344906223511667,1.824415595586538,0.19045129953946338,2.189926737114699,-0.0008076436880637416
2006-01-15,2.2399425538650117,-0.12629443731985937,0.5735236496558371,-0.2606093591358834,1.8913858606026488,0.19137573898397373,2.269381452786717,-0.02943889892170537
2006-01-16,2.1809193072043014,-0.12654518258924233,0.5523549288762013,-0.24768895030167976,1.640616598910728,0.19229953552498788,2.011036930420995,0.1698823767833062
2006-01-17,1.3506090447343686,-0.12676454661718317,0.5136382896311429,-0.23470916029883615,1.1222957482333198,0.19322344579971734,1.4676837767481605,-0.11707473201379193
2006-01-18,0.7967707025420564,-0.12695279244552451,0.46102673049273957,-0.22168193771118586,0.44215561685375054,0.19415563973400024,0.7487032569237799,0.04806744561827647
2006-01-19,0.0349670150022475,-0.12711026779019494,0.39879160795134405,-0.20862135039869192,-0.26804393251174535,0.19510106464979735,-0.009882878099490844,0.04484989310173834
2006-01-20,-0.616763566498511,-0.12723726890944606,0.3315438023928554,-0.1955388441952902,-0.8817809150001976,0.1960669451481711,-0.6769462805639073,0.060182714065396214
2006-01-21,-1.252388397736892,-0.12733413920196393,0.2638505414966297,-0.18244698817931865,-1.30402605648489,0.1970592169972099,-1.152897425372333,-0.09949097236455895
2006-01-22,-1.3901913958468783,-0.12740124966156655,0.19992004055130624,-0.1693589523247166,-1.4852239843455306,0.19808296453316498,-1.3839811812473426,-0.006210214599535746
2006-01-23,-1.4669986620073792,-0.12743915592002217,0.14326094191891245,-0.15629373312333678,-1.4231620346409208,0.19913872818696962,-1.3644952535783976,-0.10250340842898154
2006-01-24,-1.159929954528244,-0.12744846421226358,0.09653962410873848,-0.1432713415573458,-1.1542031478840338,0.20022731762157686,-1.1281560119233278,-0.03177394260491617
2006-01-25,-0.6551778960377425,-0.1274299252383993,0.061453336538634634,-0.1303162465788213,-0.7408792085666519,0.20134399717126467,-0.7358280466739733,0.08065015063623082
2006-01-26,-0.1256241948562791,-0.12738437937161082,0.03872831306595505,-0.11745499464078747,-0.2586727963195631,0.2024824815806866,-0.26230137568531975,0.13667718082904065
2006-01-27,0.1426888515127687,-0.12731270274901535,0.028224072151238976,-0.10471407311052355,0.21519846226241504,0.20363621488335226,0.21503197343746738,-0.07234312192469869
2006-01-28,0.6083107388290511,-0.12721570626078163,0.02912329864660932,-0.09211649849907615,0.6110353486625741,0.2048004863938053,0.625626928943131,-0.01731619011407992
2006-01-29,0.8758847240433756,-0.12709426898641332,0.040067891382191516,-0.07968648611004421,0.8738543447300182,0.20596738838077913,0.9131088693965312,-0.03722414535315566
2006-01-30,0.9620141494571706,-0.12694921686896973,0.05940197510166054,-0.0674448962960765,0.9707689786268889,0.20713206822411118,1.0429089087876144,-0.08089475933044388
2006-01-31,1.1096305237712434,-0.12678131700177828,0.08540038330578138,-0.055409479709674386,0.8960321046232298,0.2082892358269497,1.0075309270445083,0.10209959672673508
2006-02-01,1.1307998037983773,-0.1265913294308789,0.11640560395105135,-0.043596950737651366,0.6720194182206527,0.2094327402008299,0.8276694822040037,0.3031303215943736
2006-02-02,0.4600917632312198,-0.12637994516501372,0.15096722399604257,-0.03202072266613022,0.3452754444953899,0.21055983096251077,0.5484018316227993,-0.08831006839157951
2006-02-03,-0.0364624446060428,-0.12614762057354312,0.1879937347956823,-0.020685110998949166,-0.022518724922227663,0.21167666347060066,0.230318941771563,-0.2667813863776058
2006-02-04,-0.3052887004536565,-0.12589484252554076,0.22668304762452088,-0.009594722361257704,-0.36854106144786114,0.21278846646861196,-0.06455911224152674,-0.24072958821212978
2006-02-05,-0.2890706951575322,-0.12562216135756243,0.26647682971856335,0.0012447338669233643,-0.6412653214617744,0.21390085112570123,-0.2852650681081489,-0.003805627049383309
2006-02-06,-0.2834398479921595,-0.12533024106759422,0.30701279625163524,0.01182504253473858,-0.808497716060174,0.21501657224382859,-0.3999735460975658,0.11653369810540631
2006-02-07,-0.1423568417504889,-0.12501978585214485,0.34809869244422065,0.022138019398403236,-0.8587501842948008,0.2161362338188796,-0.3973970244854421,0.2550401827349532
2006-02-08,-0.0074954088096645,-0.12469157533545928,0.38958612162573,0.03217436831021356,-0.7977512105419401,0.21726034542882544,-0.2834219505126304,0.27592654170296593
2006-02-09,0.2235412125480748,-0.12434642024758152,0.43132869539580293,0.04192487981501048,-0.6423248019257342,0.2183877756010644,-0.07502987136143788,0.2985710839095127
2006-02-10,-0.1413626285453315,-0.12398518785584003,0.4731206342198805,0.05137918010753929,-0.4156768126531965,0.21951232355608719,0.20435013737447044,-0.34571276591980193
2006-02-11,-0.132046677662604,-0.12360856846164486,0.5146963289754762,0.060533676987462426,-0.14484651612126043,0.22063445134799775,0.5274093727280311,-0.6594560503906352
2006-02-12,0.5412296059160254,-0.12321736458168232,0.5555784114469569,0.0693813866121033,0.13749891284935328,0.22175175383123719,0.8609931001579685,-0.31976349424194306
2006-02-13,1.471218035604086,-0.12281257729373825,0.5950427641845202,0.07790873484264461,0.392699967451336,0.22285470775161015,1.1656935969363726,0.3055244386677134
2006-02-14,1.6555551016881935,-0.12239527592284996,0.6321866683331989,0.08610001097419902,0.5804869667562068,0.22393090354850534,1.4003092736892602,0.25524582799893336
2006-02-15,1.921414680288211,-0.12196628066987876,0.666067548355966,0.09394852464225326,0.6689886711629986,0.22497784024430867,1.5320163037356478,0.38939837655256326
2006-02-16,1.8107758277527952,-0.12152641745739906,0.6956517540154016,0.10144788186922787,0.645170652263266,0.22599321627614374,1.5467370869666401,0.2640387407861551
2006-02-17,1.5064829195751548,-0.12107638466982604,0.7199318986708233,0.1085965117432938,0.5242050916198113,0.22697631820215097,1.4586334355662531,0.047849484008901655
2006-02-18,0.7501573155473373,-0.12061681124130129,0.7379364842183158,0.11539588675734762,0.34984896966815354,0.22792755605798945,1.310492085460505,-0.5603347699131678
2006-02-19,0.669940630583016,-0.1201481780958461,0.7487822971910351,0.12185333572627559,0.18387033883219056,0.22885306802591318,1.1632108616795682,-0.4932702310965522
2006-02-20,1.06083463319237,-0.11967116799004392,0.7515803249864997,0.12796974244712286,0.08427395301784643,0.22975232135063364,1.0739051738120589,-0.01307054061968893
2006-02-21,1.4781250439319709,-0.11918660388727544,0.7454985911135341,0.13374155615393257,0.0826036294679184,0.23062098141275128,1.073278154260861,0.40484688967110993
2006-02-22,1.2820293600426562,-0.11869530673626856,0.7298619513951472,0.13916569426595882,0.1687622576949595,0.23145725160932185,1.1505518482291188,0.1314775118135374
2006-02-23,1.3924306134477622,-0.11819790680468861,0.7043390164810454,0.14424547299799756,0.2913058537028591,0.2322608826748858,1.253953319052099,0.13847729439566314
2006-02-24,1.4440124074311893,-0.11769511313228385,0.6688594115222191,0.1489814188738911,0.3737672443654028,0.23302751955504686,1.306940481184276,0.13707192624691333
2006-02-25,1.1221270207081084,-0.11718760100722204,0.6236858704376227,0.15337544423701274,0.34530874911531484,0.2337546090706759,1.238937071853404,-0.11681005114529563
2006-02-26,0.6149197694271273,-0.11667592523178477,0.5694879252564495,0.157434078463721,0.17272139782748339,0.23444367351436368,1.0174111498302327,-0.4024913804031054
2006-02-27,0.6777295620953997,-0.11616058140954348,0.5073324952302142,0.16116626684847,-0.12027957032259208,0.23509741134469297,0.6671560216912416,0.010573540404158144
2006-02-28,0.4183513167812975,-0.11564222763686131,0.43854856567668166,0.16457582297062628,-0.4560868697393855,0.2357167341381751,0.2671120254092362,0.15123929137206132
2006-03-01,-0.0190622266514458,-0.11512142453309095,0.36481038221132717,0.16767046214935796,-0.7271353323230226,0.23630866116101573,-0.07346725133441273,0.05440502468296693
2006-03-02,-0.2854197269282502,-0.11459868320988537,0.28808410294807607,0.1704599453874397,-0.8353995147411355,0.23688313127589822,-0.2545710183396069,-0.030848708588643303
2006-03-03,-0.1473180698971307,-0.11407457386372363,0.21053993601855445,0.172951707090975,-0.731315460153734,0.23744577642366008,-0.2244526144842682,0.0771345445871375
2006-03-04,0.1502010628389453,-0.1135497912784123,0.13440819509366325,0.17514873438638723,-0.4357668923259093,0.2379999543863662,-0.001759799737904938,0.15196086257685024
2006-03-05,0.0800666583769898,-0.11302509039157319,0.061949261685447135,0.17705164929746814,-0.035105093348711806,0.23854461692466417,0.32941534416729445,-0.24934868579030467
2006-03-06,0.6403536080780601,-0.11250110797097616,-0.004579106348910782,0.17866453689932052,0.34946990752977297,0.23907956428966168,0.6501337943988682,-0.009780186320808126
2006-03-07,0.8336861951226349,-0.111978639550987,-0.06317628082133994,0.1799851849618101,0.6044860592836327,0.23959921187811437,0.8489155357512302,-0.015229340628595378
2006-03-08,0.6977523041487279,-0.11145832632216439,-0.11209146583512919,0.18101595879025462,0.6654308662236783,0.24010218365038646,0.8629992165070258,-0.16524691235829791
2006-03-09,0.6222048519722183,-0.1109406709931335,-0.14993642418795025,0.18176329476652825,0.5371119235973448,0.24058868366015623,0.6985868068429455,-0.07638195487072719
2006-03-10,1.0681183858959622,-0.11042615240088724,-0.17587843854590574,0.18223381031323713,0.2862790083763173,0.24105993934816056,0.4232681670909221,0.6448502188050401
2006-03-11,0.2024239354155922,-0.10991538486184933,-0.18978219424174447,0.18242878239248816,0.010856224229386917,0.24151094299589582,0.1350983705141771,0.06732556490141509
2006-03-12,-0.2933812701057844,-0.10940859438648033,-0.1920362042016699,0.18236248524603954,-0.19795260736389123,0.24194535596527436,-0.07508956474072756,-0.21829170536505685
2006-03-13,-0.342845647495445,-0.10890613009330881,-0.18380260246402572,0.18204470813455492,-0.2903906466409371,0.24236351826842772,-0.158691152795289,-0.184154494700156
2006-03-14,-0.2606119318809207,-0.10840846961142722,-0.1669807119432822,0.18148012792876594,-0.2705403717904226,0.2427631913741883,-0.1216862340421778,-0.1389256978387429
2006-03-15,-0.4306295197518024,-0.10791610890184783,-0.14404740028420973,0.18067194704954942,-0.1841877219361891,0.24314300665204158,-0.012336277420655684,-0.41829324233114673
2006-03-16,0.3082392075087491,-0.10742944072540317,-0.11782323310543841,0.17962609192746068,-0.09008952351362431,0.2435052330206574,0.1077891276036522,0.20045007990509692
2006-03-17,0.6237932461882038,-0.1069490926656012,-0.09139185882254384,0.17833939397157578,-0.03097447687799028,0.24384428950153433,0.1928682551069748,0.43092499108122895
2006-03-18,0.5553697845213594,-0.10647552631026619,-0.0676827552158168,0.17681341470547365,-0.014088555955206307,0.2441572501538343,0.23272382737801867,0.32264595714334077
2006-03-19,0.2519476466641281,-0.10600906503025519,-0.049242798097488806,0.1750539844660915,-0.013614494509148284,0.24444310650729426,0.25063073333649344,0.0013169133276346723
2006-03-20,0.156132508357705,-0.10554995097749491,-0.038067606946913406,0.17306970447566722,0.008913003167865304,0.2447034672992941,0.28306861701841834,-0.12693610866071334
2006-03-21,0.0768766862247929,-0.10509847955400829,-0.03551865169445611,0.17086741196839844,0.07738751854113544,0.24494057758705143,0.35257837684812093,-0.27570169062332806
2006-03-22,0.1951075068530811,-0.10465495610622223,-0.04218940964022603,0.16845373295036914,0.1825964059344975,0.24515708889046628,0.44936286202888465,-0.25425535517580355
2006-03-23,0.4303342775121344,-0.10421975367984646,-0.057901612152211485,0.16583319812167696,0.2814968031767288,0.24535514781173737,0.5305637832780852,-0.1002295057659508
2006-03-24,0.5202379040604797,-0.10379329519398624,-0.08171657390247401,0.16300870184043495,0.31604009341717054,0.24553489469003112,0.5390738208511764,-0.01883591679069674
2006-03-25,0.5934467790208225,-0.10337596719016864,-0.11199702869492852,0.15998439077593957,0.24264196119658563,0.2456969035666695,0.4329502596540975,0.16049651936672504
2006-03-26,0.5551809128950667,-0.10296814408094525,-0.14658185793962822,0.15676480809819848,0.057200220373733277,0.24584267334902432,0.2102576998003826,0.34492321309468404
2006-03-27,0.2258226384403583,-0.10257015010831588,-0.18296664624695158,0.153355941956036,-0.19658839770142494,0.24597507075672134,-0.0827941813439351,0.3086168197842934
2006-03-28,-0.2349027565286564,-0.10218220224092561,-0.21850453584349433,0.14976700819920236,-0.4408741838381631,0.24609978826883144,-0.3656941254545493,0.13079136892589294
2006-03-29,-0.8144099702669989,-0.10180446157924737,-0.2506457678477104,0.14600847625865848,-0.5943750159588447,0.24622172341757906,-0.5545950457095649,-0.25981492455743405
2006-03-30,-0.9541066724763948,-0.10143703279443879,-0.27718708822413746,0.14209220474182765,-0.6060297196113055,0.24634805486922406,-0.59621358101883,-0.35789309145756476
2006-03-31,-0.9678254480114448,-0.10108015456619869,-0.29652863592767964,0.1380249819208753,-0.4769598331827811,0.24648121919926955,-0.49006242255651455,-0.4777630254549302
2006-04-01,-0.4903241827244637,-0.10073410737067261,-0.3077722053753404,0.1338117958528503,-0.2591476644872124,0.2466218213979462,-0.2872203599824289,-0.2031038227420348
2006-04-02,0.3138786898071612,-0.10039930950955343,-0.31080892734290394,0.1294522623964705,-0.03295714797745323,0.2467626364584043,-0.06795048597503583,0.38182917578219705
2006-04-03,0.564284347454749,-0.10007624968497897,-0.30630802356128844,0.12494293919365507,0.12749074637569976,0.2468920162884366,0.09294142861152402,0.471342918843225
2006-04-04,0.5373254644240414,-0.09976521078332502,-0.29557175975650746,0.12028706387671062,0.18559058183875016,0.2470058569715934,0.15754653214722172,0.3797789322768197
2006-04-05,0.1351811872166978,-0.09946634464360439,-0.2804428873545349,0.1154918439625635,0.15434367031074706,0.24710371186569197,0.13702999414086328,-0.0018488069241654748
2006-04-06,0.0468636867674106,-0.09917963987221814,-0.2631447250040269,0.11056954323984959,0.0859610797249042,0.24719031141708522,0.0813965695055939,-0.0345328827381833
2006-04-07,-0.3514938040796683,-0.0989051556191996,-0.24618946342707201,0.10552955759366772,0.04336971235143855,0.2472678716925643,0.051072522591398994,-0.4025663266710673
2006-04-08,-0.3242695386831803,-0.09864284091932164,-0.23211126765619902,0.10038480327592911,0.06959419063941051,0.24734374262472006,0.08656862796453899,-0.4108381666477193
2006-04-09,-0.1478704803697383,-0.09839276137881525,-0.22331130710361868,0.09514353046588679,0.16671707850019002,0.2474196987519226,0.1875762392355655,-0.3354467196053038
2006-04-10,0.4606898072678222,-0.09815503305825928,-0.22177157758102162,0.08981119726468986,0.29628746528922445,0.24748874164987736,0.31366079356451076,0.14702901370331145
2006-04-11,0.8247354660294182,-0.09792990631242499,-0.22892212509410043,0.08438805867173065,0.3986832296174734,0.24753742382373128,0.4037566807064099,0.42097878532300825
2006-04-12,0.8089757240322898,-0.09771754566152911,-0.24543043941801976,0.07887726321199724,0.4230841517350442,0.24755891836061397,0.40637234822810653,0.40260337580418326
2006-04-13,0.6353730246493849,-0.09751798838208807,-0.2710710807070767,0.07328642257186918,0.351942060341677,0.24755410247410406,0.30419351629848546,0.3311795083508995
2006-04-14,0.0687570622672174,-0.09733123102505364,-0.3046775266899,0.06762462449449648,0.20857383274172447,0.2475235442190127,0.12171324374028,-0.05295618147306261
2006-04-15,-0.5097958982746867,-0.09715715128719835,-0.34417834058569596,0.06190537774123957,0.04553388181605616,0.24747260112670966,-0.08642363118888896,-0.4233722670857978
2006-04-16,-0.7571837128138218,-0.09699560524727412,-0.3867812263060372,0.05614296418805699,-0.08122947428871904,0.247409185508354,-0.2614541561456194,-0.4957295566682024
2006-04-17,-0.5161883098894683,-0.09684653621181766,-0.4291685791596813,0.050347938494137,-0.1390256535496204,0.24733263519967297,-0.36736019522730934,-0.14882811466215895
2006-04-18,-0.2302525618027846,-0.09671000510666647,-0.46781336334758333,0.0445260567356196,-0.13281166673517103,0.2472367429468504,-0.40557223550695076,0.17531967370416615
2006-04-19,-0.1989743180080931,-0.09658605088808783,-0.4992443305416223,0.03868300640063127,-0.10023128224095644,0.24711605205873588,-0.4102626052112994,0.21128828720320633
2006-04-20,-0.1997956155544638,-0.09647459685118386,-0.5203555364992547,0.032828041601704744,-0.09076390949021387,0.24697389398657815,-0.42779210725236955,0.22799649169790576
2006-04-21,-0.4080883316573451,-0.09637554736698016,-0.5286808365679809,0.026970609484331342,-0.13982067212270882,0.2468133026384116,-0.49109314393492687,0.08300481227758177
2006-04-22,-0.518826348130212,-0.09628873367972261,-0.5226225519575625,0.021122320790435658,-0.24956047231580816,0.24664034049586783,-0.6007090966667897,0.08188274853657773
2006-04-23,-0.9641532773652928,-0.096214010943716,-0.5016322336280562,0.015293302926412441,-0.386698039442696,0.24645826183022795,-0.7227927192578278,-0.24136055810746493
2006-04-24,-0.7486353029182005,-0.09615112116988848,-0.4662366516282066,0.00949682200372283,-0.49701661919907686,0.24627259617488775,-0.8036349738185613,0.05499967090036084
2006-04-25,-0.7529093360173338,-0.0960999924883646,-0.418124530720418,0.003738634369883413,-0.5316721477740967,0.246079818939979,-0.7960782176730169,0.04316888165568311
2006-04-26,-0.8157278816715751,-0.0960604632813047,-0.3599317065811423,-0.0019736361042674705,-0.4691545967248347,0.2458778173010904,-0.6812425853904588,-0.13448529628111627
2006-04-27,-0.971943920918324,-0.09603232167334572,-0.2950838205619862,-0.007631572801802287,-0.3252184348406466,0.24566897626177986,-0.4782971736160009,-0.49364674730232316
2006-04-28,-0.2544453116425251,-0.0960153099927259,-0.22750239996324795,-0.013225935407752909,-0.14484505273529613,0.2454575499374907,-0.2361311481615322,-0.018314163480992907
2006-04-29,0.5423066602783552,-0.09600943667308728,-0.1613957200541267,-0.01875725207634124,0.018467319268508947,0.24523747283043615,-0.012457616704610125,0.5547642769829653
2006-04-30,0.4301966925583472,-0.09601473397259613,-0.1008344222212715,-0.02422725031149905,0.12872702699080665,0.2450015134195403,0.15265213390498028,0.2775445586533669
2006-05-01,0.206712606849965,-0.09603094955314564,-0.04931096231289435,-0.02962810597985931,0.18459578528211268,0.24475256813374408,0.2543783355699574,-0.04766572871999242
2006-05-02,0.2327408541974842,-0.09605780784729218,-0.009522291996131277,-0.03495182704834687,0.21729597020769267,0.24448967451012252,0.32125371782604484,-0.08851286362856065
2006-05-03,0.3636992582164083,-0.0960951009017499,0.0167460189032949,-0.040193169778469914,0.2722893906331676,0.24421219358249238,0.39695933243873505,-0.03326007422232674
2006-05-04,0.1046148274951731,-0.09614264084253596,0.02878870275520576,-0.04534814157476337,0.3831694419249582,0.24391993062119027,0.5143872928840549,-0.40977246538888185
2006-05-05,0.6424985432410999,-0.096200120622469,0.02713089241062093,-0.0504095981861819,0.5499306940111546,0.24361127546031228,0.6740631430734368,-0.03156459983233695
2006-05-06,1.0058814570304213,-0.09626745645460794,0.013290462547087729,-0.055378694578424315,0.7302011223918091,0.243278105842153,0.8351235397480176,0.17075791728240375
2006-05-07,1.0211899406852178,-0.09634447733488226,-0.010256399242372219,-0.06025389064999338,0.8522659685461955,0.24291830345124646,0.9283295047701942,0.09286043591502369
2006-05-08,0.969755463267608,-0.09643088686970508,-0.04023172835375147,-0.06502975296366148,0.8422077515013064,0.24253118761138126,0.8830465709255697,0.08670889234203827
2006-05-09,0.7520481254144469,-0.09652635118411572,-0.0728660373224607,-0.06970014964536025,0.6546801684091664,0.24211282493883213,0.6577004551960619,0.09434767021838497
2006-05-10,0.2164891968431126,-0.0966304549474436,-0.10426507179556427,-0.07425635813961466,0.2956132890097772,0.24166462936791178,0.2621260334950664,-0.04563683665195381
2006-05-11,-0.4131520938133384,-0.09674267578347927,-0.13071072947161794,-0.078686379224181,-0.17293375801698002,0.2411904610166285,-0.23788308147962972,-0.17526901233370867
2006-05-12,-0.6918080406449882,-0.09686246471292387,-0.14901664446988094,-0.08297786414130054,-0.6484992376428994,0.24069362224473914,-0.7366625887222656,0.0448545480772774
2006-05-13,-1.1022629765417369,-0.09698937711128154,-0.15686124431183382,-0.08712299488959052,-1.018772294661825,0.24017308805588097,-1.11957282291865,0.01730984637691302
2006-05-14,-1.3870487075833402,-0.09712290987940618,-0.1529534675287942,-0.0911129373170319,-1.194872773420292,0.23963302039382323,-1.296429067751701,-0.09061963983163923
2006-05-15,-1.1910560530186305,-0.09726258304131333,-0.13716100234281658,-0.09494073690877666,-1.1377792506096243,0.23907953757836214,-1.2280640353241687,0.037007982305538256
2006-05-16,-0.8374858742507078,-0.09740805718335285,-0.11050579091267193,-0.09860581090340886,-0.8689430588795751,0.23851124191500056,-0.9369514759640081,0.09946560171330032
2006-05-17,-0.431813993130544,-0.0975590120981418,-0.07505754220870145,-0.10210944953719774,-0.46181623807706107,0.2379299026064154,-0.4986123393146867,0.06679834618414265
2006-05-18,-0.0145595258982136,-0.09771513297685552,-0.033678413431040055,-0.10545439517778675,-0.01921656770938015,0.23733522832255094,-0.01872928097251153,0.004169755074297931
2006-05-19,0.1965585386499695,-0.09787611167733648,0.010259435041006529,-0.1086446496445308,0.35587248429047474,0.2367232030663293,0.39633436107594333,-0.19977582242597383
2006-05-20,0.4792754658609663,-0.09804156434132132,0.053176624312769795,-0.11168254945368526,0.587518177651808,0.23609234872286303,0.6670630368924343,-0.18778757103146798
2006-05-21,0.9057941770078488,-0.09821110422825881,0.09155768407233049,-0.11457135772594551,0.6441442124076441,0.23544174362613118,0.7583611781519015,0.1474329988559473
2006-05-22,0.8696519954374891,-0.09838437758315433,0.1222577677604001,-0.1173164969006967,0.5430200489290501,0.23476593084959568,0.6843428730551948,0.18530912238229424
2006-05-23,0.5212287582249047,-0.09856086927000327,0.14279312799200136,-0.11991873227572156,0.342452598454931,0.2340647040615416,0.5008308289627491,0.020397929262155556
2006-05-24,0.3980242214738139,-0.09873993874314985,0.15149562663428306,-0.12237554295228949,0.12295934054723012,0.23334279124953705,0.2866822767356109,0.11134194473820297
2006-05-25,0.1086034533791914,-0.09892099723242649,0.1475659178538492,-0.12468695102334203,-0.036982258672724304,0.23260299960068942,0.1195787105260458,-0.010975257146854392
2006-05-26,-0.049151743464641,-0.09910340534094096,0.1311494830066826,-0.12685155621843042,-0.08293959371190289,0.23185047124255517,0.054105398977963515,-0.1032571424426045
2006-05-27,-0.0245674209612504,-0.09928656606990119,0.10330655154065602,-0.12887029778806294,-0.0003983382984380189,0.23108410139996557,0.10583545078421944,-0.13040287174546983
2006-05-28,0.0348385067297535,-0.09946992231726437,0.0658774152679201,-0.13074613528834728,0.1809467615412774,0.23030121856019586,0.2469093377637817,-0.2120708310340282
2006-05-29,0.2729897623681167,-0.09965292616627597,0.02134574431666077,-0.1324825130507568,0.39604967896159476,0.2294994251917993,0.414759409253022,-0.14176964688490534
2006-05-30,0.7997303886468107,-0.09983508234478787,-0.027341788248538144,-0.1340850031410229,0.564068384414213,0.22867286219729205,0.5314793728771561,0.2682510157696546
2006-05-31,0.8750766805026683,-0.1000159578249705,-0.07699800801870078,-0.1355617512213103,0.6136278737143759,0.2278139935240067,0.528866150173401,0.3462105303292673
2006-06-01,0.4813290837141458,-0.10019495633238565,-0.12432874588601567,-0.13691544701037608,0.5069586995187672,0.22692307018738359,0.3724426204773733,0.10888646323677248
2006-06-02,0.0337856629199634,-0.10037132271086682,-0.16611847995543394,-0.13814348449845232,0.2532224821463587,0.22600602899047037,0.07459522397207599,-0.04080956105211259
2006-06-03,-0.4029823187203008,-0.10054425797253655,-0.1994610279262694,-0.1392422653107482,-0.09362329270107993,0.2250701067118342,-0.3078007371987999,-0.09518158152150091
2006-06-04,-0.9363348210907247,-0.10071293543473617,-0.22192931539923194,-0.14020811885116213,-0.45146154459998317,0.22412261820029483,-0.6901892960848186,-0.24614552500590614
2006-06-05,-1.2435631001564835,-0.10087647812064829,-0.23168995933298353,-0.14103656461428205,-0.735936930356561,0.22317110448924055,-0.9863688279352343,-0.25719427222124924
2006-06-06,-1.137165713565612,-0.10103407019735998,-0.22763268466757236,-0.14172583714697204,-0.8871972051481589,0.22222084095724573,-1.1353689562028175,-0.0017967573627943878
2006-06-07,-1.0472866114738897,-0.10118503141868347,-0.20942273342529222,-0.14227918250658522,-0.887239013571513,0.22127169673094807,-1.1188542641911259,0.0715676527172362
2006-06-08,-0.5482229355471556,-0.10132868499194864,-0.17745115526215618,-0.1427001045222348,-0.7611288415749076,0.22032444194039247,-0.9622843444108549,0.41406140886369924
2006-06-09,-0.6625702751933756,-0.1014644965605098,-0.13281513267514963,-0.14299702342269666,-0.5636939636880406,0.21937408065859965,-0.721596535687797,0.05902626049442139
2006-06-10,-0.4753583279763495,-0.1015917619166367,-0.07712205387537668,-0.14317223226368023,-0.35506030244402703,0.2184217594609029,-0.4585245910388177,-0.016833736937531818
2006-06-11,-0.3536734912664754,-0.10170986794701109,-0.012513095209439901,-0.14323103605553084,-0.17878208133746668,0.21746830925988034,-0.21876777128956817,-0.13490571997690723
2006-06-12,0.050268171708285,-0.10181818426230939,0.058528480623119876,-0.14317852931195874,-0.048232445331723155,0.21651347209789598,-0.018187206184975435,0.06845537789326044
2006-06-13,-0.1554019210007247,-0.10191617468478366,0.1332730866592868,-0.14302334383783138,0.05149569930393398,0.21555242691406032,0.15538169435466606,-0.3107836153553908
2006-06-14,0.2739872259677914,-0.10200312508309906,0.2089870209786492,-0.142768183814655,0.14986075701021467,0.2145865571934015,0.32866302628451133,-0.054675800316719925
2006-06-15,0.6326187098372098,-0.10207852817779779,0.2829444743245974,-0.1424232457876668,0.2687561736932199,0.2136094745725614,0.5208083486249142,0.1118103612122956
2006-06-16,0.8077597202622423,-0.10214186258369662,0.35266793825742127,-0.14199846872990474,0.40681829971763195,0.21261560680061206,0.727961513462064,0.07979820680017835
2006-06-17,0.9610250950701328,-0.10219254630277072,0.4160876994425694,-0.14150167511473144,0.5352750192154865,0.2116034079166957,0.9192719051572494,0.04175318991288335
2006-06-18,1.1558182315921677,-0.10222997531864014,0.4716419031687192,-0.14093988686573863,0.6081497200150059,0.21057439132423586,1.0471961523235822,0.10862207926858547
2006-06-19,1.1281600125066924,-0.10225354072026639,0.5183629064593148,-0.14031982204377577,0.5830368192107843,0.20953148996748266,1.0683578528735396,0.05980215963315283
2006-06-20,0.7812758895583283,-0.10226254932668535,0.5559571869858545,-0.13964486845654692,0.4434939297428241,0.20848096232983687,0.9660246612752832,-0.18474877171695492
2006-06-21,0.7221958815116877,-0.10225621179148577,0.5848268159009089,-0.13891464021910346,0.2122004005164354,0.20742825736346782,0.7632846217702229,-0.04108874025853526
2006-06-22,0.575691135469144,-0.10223381911005755,0.6058819853341857,-0.13813089592080874,-0.05225867787997328,0.20637660038793335,0.5196351928112795,0.05605594265786451
2006-06-23,0.3147837284351186,-0.1021946338393837,0.6204727024508281,-0.1372939968130043,-0.2730205710957177,0.20532863825275963,0.313292138955482,0.001491589479636568
2006-06-24,0.119527385349454,-0.1021378809036004,0.6302197227143197,-0.13640259284625517,-0.3818375226551726,0.20428765765548104,0.21412938396477252,-0.09460199861531852
2006-06-25,0.3052744572385451,-0.10206280179901743,0.6367943264736187,-0.13545572083184804,-0.34452493121622746,0.20325605771441305,0.2580069303409388,0.04726752689760633
2006-06-26,0.4737480894818759,-0.10196874311310979,0.6416636344647343,-0.13445607509482266,-0.17475194932350263,0.20223464809833067,0.4327215150316299,0.04102657445024599
2006-06-27,0.6348059872682825,-0.1018550425350875,0.6459744108162537,-0.133406278466252,0.07013582816146852,0.20122417458075792,0.6820730925571408,-0.04726710528885825
2006-06-28,0.9334304835379336,-0.10172104724742563,0.6504186382037583,-0.13230941363454687,0.30839426431712846,0.20022295021380723,0.9250053918527216,0.008425091685211994
2006-06-29,1.1688242525168182,-0.10156615918960483,0.6551127185077292,-0.13117050964678312,0.4610385408517402,0.1992265913421253,1.0826411818652069,0.08618307065161135
2006-06-30,1.1512038806615656,-0.10138977415628037,0.6595970764603312,-0.12999438045970227,0.4771969666377212,0.19822988586938695,1.1036397743514568,0.04756410631010888
2006-07-01,0.9934382517040744,-0.10119122775741479,0.6628894808561357,-0.12878346328797322,0.34850838746741564,0.1972292172955148,0.9786523945736781,0.014785857130396263
2006-07-02,0.7431970738001472,-0.10096983347149356,0.6635573926094248,-0.12753901379639604,0.10835959850360302,0.1962209300233048,0.739629073868443,0.003567999931704202
2006-07-03,0.2293012698251066,-0.10072488790440853,0.6598285656530763,-0.1262612253733565,-0.18149473187186882,0.19520313396702801,0.4465508544704705,-0.2172495846453639
2006-07-04,0.1025237228261302,-0.10045561213930428,0.6497537543588586,-0.1249470098084159,-0.4502929720927696,0.1941806315275998,0.16823879184596863,-0.06571506901983842
2006-07-05,-0.016916585054552,-0.10016135789576544,0.6313249149677775,-0.12359748800192313,-0.6372108814745727,0.19315428865882714,-0.03649052374565662,0.019573938691104617
2006-07-06,-0.0138525903586686,-0.09984148500887087,0.6027023964395242,-0.1222139812065896,-0.7022599863528283,0.19212459395247994,-0.12948846217628468,0.11563587181761609
2006-07-07,-0.0512454388564339,-0.09949539117469723,0.5623739975917011,-0.12079900782181197,-0.629635628966305,0.19109143939998693,-0.09646459097112611,0.04521915211469221
2006-07-08,0.2642048232016346,-0.099122461572749,0.5093233229688967,-0.11935454212538614,-0.4251832795617435,0.19005627207015435,0.05571931177917239,0.2084855114224622
2006-07-09,0.3373509557728763,-0.09872218808842813,0.4431187552428172,-0.11788640966873665,-0.11308899330118893,0.18901544776025078,0.3024366119447143,0.03491434382816205
2006-07-10,0.4710354159615762,-0.0982939826117446,0.364047877810094,-0.11639751082808633,0.2670273929794446,0.18796926204885767,0.6043530393985653,-0.1333176234369891
2006-07-11,0.6118721819980214,-0.0978372862169956,0.27312568013290667,-0.11489146773976149,0.6603691372298862,0.18691611382544374,0.9076821772314795,-0.2958099952334581
2006-07-12,0.9933110465361872,-0.09735155568105734,0.17206818656287778,-0.11337200830818937,0.9990244561289883,0.1858541825885212,1.1462232612911405,-0.1529122147549533
2006-07-13,1.3463381748234686,-0.0968363212572234,0.06319917438650001,-0.11184509100714182,1.2090951089145936,0.18477932377813053,1.2483921948148589,0.09794598000860977
2006-07-14,1.369210710822631,-0.09629109536622363,-0.050634996095648796,-0.1103157030990246,1.225868956165564,0.18368887477504206,1.1523160363797091,0.21689467444292188
2006-07-15,1.0478173491286549,-0.09571527941489402,-0.16617027688044544,-0.10878479818645706,1.0142630446734267,0.1825826535406095,0.8261753437322397,0.2216420053964152
2006-07-16,0.3906283670152232,-0.09510814574516192,-0.27991230903493314,-0.10724881094643689,0.5875809286658911,0.18146455621128824,0.2867762191506473,0.10385214786457586
2006-07-17,-0.4737021896378821,-0.09446883345486254,-0.38834084960888776,-0.10569974822955888,0.016146436880298945,0.1803427697064175,-0.3920202247065927,-0.08168196493128937
2006-07-18,-1.3082272354436082,-0.09379641039332624,-0.4881371727117513,-0.10412719288590114,-0.5812902516977663,0.1792277463001139,-1.0881232813886308,-0.2201039540549774
2006-07-19,-1.9753419419352247,-0.09308997846350421,-0.5763949912992807,-0.10252195319687854,-1.0647998473716067,0.17812680949645163,-1.6586799608348184,-0.31666198110040633
2006-07-20,-2.011609862436186,-0.09234871783588532,-0.6508239137347887,-0.10087752067654082,-1.3128466072625973,0.17704710636144536,-1.9798496531483667,-0.03176020928781931
2006-07-21,-1.7158102672785505,-0.09157203963160376,-0.7099075441163069,-0.0991953276945319,-1.2623429229100926,0.17599082994147738,-1.9870270044110576,0.27121673713250716
2006-07-22,-1.4524959717702244,-0.0907595168744387,-0.7528814763134424,-0.09748225577996952,-0.9334089674017583,0.17495447547136883,-1.69957774089824,0.2470817691280156
2006-07-23,-1.2237141539553011,-0.08991075757671736,-0.7796815014387987,-0.09574615867963204,-0.4286590207592222,0.17393588495642595,-1.2200615534979444,-0.003652600457356714
2006-07-24,-0.7025562418730167,-0.0890253848825052,-0.7908591215504921,-0.0939952746464413,0.09505751764089207,0.17293416675505607,-0.7058880966834904,0.003331854810473711
2006-07-25,-0.4596705611389127,-0.08810313792579763,-0.7874945081685536,-0.09224140757418972,0.47494642780370366,0.17194479321441217,-0.32094783265042515,-0.13872272848848755
2006-07-26,-0.4557288651767506,-0.08714368416697386,-0.7710101156880597,-0.09049319706013348,0.5961862700282854,0.1709677281477041,-0.18149299873917746,-0.27423586643757314
2006-07-27,-0.2557866774103196,-0.08614661649458033,-0.7430421202272731,-0.08875618015284975,0.4309585650883293,0.17000694490155133,-0.3169794068848225,0.06119272947450294
2006-07-28,-0.4608146399939742,-0.08511159297794031,-0.7053612964343636,-0.08703751044998567,0.048286943362938206,0.16906392247946736,-0.6601595340198841,0.19934489402590994
2006-07-29,-0.9507610358818704,-0.08403816580547636,-0.6596756033255583,-0.08534012629224502,-0.4082955022288512,0.16814000314045116,-1.0692093945116798,0.1184483586298094
2006-07-30,-1.4426097984404596,-0.08292580304974408,-0.6075966588083904,-0.08366365939456955,-0.7699016619388904,0.1672392709118417,-1.3768485122797527,-0.06576128616070687
2006-07-31,-1.4715049585082371,-0.08177398445215515,-0.5506275395883671,-0.08200784128544802,-0.9005829681455751,0.16636539963210537,-1.4486269338394402,-0.02287802466879696
2006-08-01,-1.4246914485933109,-0.08058235378331785,-0.4901982209199948,-0.08037752498556719,-0.7440712198016438,0.16551888684946037,-1.2297104326410633,-0.1949810159522476
2006-08-02,-0.8515612986589614,-0.07935060350357022,-0.42757977626210014,-0.07877886733322728,-0.3413937058993473,0.16469966727969076,-0.7624032857185541,-0.08915801294040726
2006-08-03,-0.0464980604131751,-0.07807860563533449,-0.3639439340463111,-0.07722352853850498,0.18468085733988532,0.16390711596595128,-0.1706580949143139,0.12416003450113881
2006-08-04,0.5748411034439436,-0.07676633784293498,-0.30026626000905854,-0.07572600777205521,0.6735810992039816,0.16313742794814506,0.38395992152807795,0.19088118191586562
2006-08-05,0.9637982741495184,-0.07541375440785948,-0.2372424842409986,-0.07429898861634346,0.9821128169868597,0.1623862189224721,0.7575438086441302,0.20625446550538817
2006-08-06,0.8203521739120624,-0.07402075778753646,-0.17529257561546016,-0.0729521256383727,1.0303921901375308,0.1616506811534251,0.8697774122495866,-0.04942523833752421
2006-08-07,0.4210301624186236,-0.07258710626975594,-0.11455687652744947,-0.07168874264388507,0.8235461967751537,0.1609321550661625,0.7256456264002258,-0.30461546398160216
2006-08-08,0.2416885474689663,-0.07111250177519839,-0.05500295550830005,-0.070508739992482,0.44246666887529973,0.16023365195731093,0.40607612355663025,-0.16438757608766394
2006-08-09,0.0811348862802552,-0.06959673561810299,0.003406487170267221,-0.06941358264479405,0.00984683716496626,0.15955711026906008,0.03380011634139651,0.047334769938858684
2006-08-10,-0.3302393668568283,-0.06803963036574114,0.06062298587682115,-0.06840433626073078,-0.3532140180400454,0.15890626135863206,-0.2701287374310641,-0.06011062942576423
2006-08-11,-0.2609975315408485,-0.06644096863126651,0.1164698103038153,-0.06747968139508181,-0.5642413817512432,0.15828452917780625,-0.42340769229597,0.1624101607551215
2006-08-12,-0.0434740014592724,-0.0648007087440396,0.17044178935752374,-0.06664320706906904,-0.598886277931222,0.15769204111839857,-0.4021963632684083,0.3587223618091359
2006-08-13,-0.2179354052259193,-0.06311888126978181,0.2217025795072331,-0.06589992908934966,-0.4866253001266094,0.15712877813072304,-0.23681275284778472,0.01887734762186541
2006-08-14,-0.1675456243377384,-0.06139542342103099,0.2691546424555784,-0.0652505948579058,-0.2888850899749435,0.15659923707317283,0.010222771274870951,-0.17776839561260935
2006-08-15,0.0791474503991849,-0.05963037755104946,0.31142561101932537,-0.0646985153065912,-0.07229433959210017,0.1561034779848555,0.27090585655444005,-0.19175840615525513
2006-08-16,0.3903700793233189,-0.05782387399131059,0.34693218405956366,-0.06424848339009726,0.11351584166253811,0.15564249612335798,0.494018164464052,-0.10364808514073309
2006-08-17,0.6314976605236591,-0.055976090196028117,0.3740687358528304,-0.06390562482101948,0.2456063169507407,0.15521430823051385,0.6550076460170373,-0.023509985493378238
2006-08-18,0.8447943779295133,-0.0540871982204861,0.3913714130278163,-0.0636734411398524,0.3241620954594202,0.1548169417756636,0.7525898109025616,0.09220456702695168
2006-08-19,0.8808895322100446,-0.052157376950217826,0.3976716379921068,-0.06355411251469947,0.36063569989868405,0.15444827995765778,0.7970441283835313,0.08384540382651329
2006-08-20,0.885822830256389,-0.05018675511356934,0.39225372074925213,-0.06354659781433805,0.36580981765683585,0.15410914502705028,0.7984393305052309,0.08738349975115811
2006-08-21,0.7646398644383172,-0.04817546056202856,0.37495818571390455,-0.06364835296969099,0.34339833195462555,0.1538008729197733,0.7603335770565839,0.004306287381733331
2006-08-22,0.6766892722086012,-0.04612360787593089,0.34627649313109254,-0.06385495345647044,0.29164307055249516,0.15352405430524516,0.6814650566564315,-0.0047757844478303335
2006-08-23,0.5720710368730443,-0.044031353206744984,0.30734768589757777,-0.06416197101945384,0.20952957424666635,0.15327729691843073,0.561961232836476,0.010109804036568248
2006-08-24,0.380002643834471,-0.04189887886533251,0.2599116294257057,-0.06456424083022537,0.10284326406584904,0.15306025391907754,0.4093520277150744,-0.029349383880603375
2006-08-25,0.1682549503712302,-0.03972636350360378,0.20621908928435664,-0.06505473267811421,-0.014682443119155179,0.15287634625060117,0.23963189623408465,-0.07137694586285445
2006-08-26,-0.0255004256465175,-0.03751400473981459,0.1489188332686564,-0.06562580592733869,-0.12638734390347622,0.15272741665997705,0.07211909535800395,-0.09761952100452145
2006-08-27,-0.029160689384182,-0.03526202864815574,0.09084991413207419,-0.06626927374638991,-0.22060243234099716,0.15261674105210268,-0.07866707955136595,0.04950639016718396
2006-08-28,-0.2243695365665784,-0.03297075243582556,0.03484112842048857,-0.06697859898236634,-0.2963467665607133,0.15254490202518003,-0.20891008753323656,-0.015459449033341843
2006-08-29,-0.1670335711985837,-0.030640460280089855,-0.01643533211614765,-0.06774497763005571,-0.3615897766242204,0.15251308378375045,-0.3238974628667632,0.1568638916681795
2006-08-30,-0.4627391085155528,-0.028271550149421044,-0.06070650683509331,-0.06856244213653133,-0.425097108453395,0.1525177249723481,-0.4301198826020925,-0.03261922591346028
2006-08-31,-0.5287134651270137,-0.025864349245835125,-0.0962111553811274,-0.06942115864903589,-0.48380535432255545,0.1525597185808456,-0.5227422990177082,-0.005971166109305481
2006-09-01,-0.6980217735856504,-0.02341927651025263,-0.12189631553893132,-0.07031325603166691,-0.5154599946796801,0.15263968219152887,-0.578449160569002,-0.11957261301664845
2006-09-02,-0.5394297499438576,-0.020936736088349818,-0.1374548918359367,-0.07122937204451696,-0.48059180507664234,0.15276122441976853,-0.5574515806256772,0.018021830681819617
2006-09-03,-0.2552513162281905,-0.018417256155280188,-0.1433884855377232,-0.07216341300759756,-0.33780883095005043,0.15292497532592125,-0.41885301032473016,0.16360169409653968
2006-09-04,-0.0898983521165702,-0.015861426471453485,-0.1409212814257541,-0.07311056071059138,-0.06639702230582822,0.1531284409956905,-0.14316184991793673,0.053263497801366536
2006-09-05,0.2333354487868072,-0.013269813161061355,-0.13188017455603618,-0.07406433489970805,0.3128022026257341,0.15337112172600398,0.24695900173493252,-0.013623552948125311
2006-09-06,0.5491993963410244,-0.010643043068385748,-0.1185741949907984,-0.07501942851956109,0.7287162611139164,0.15365237994444267,0.6781319744796139,-0.1289325781385895
2006-09-07,0.81795769163193,-0.00798175325045399,-0.10357005354979527,-0.07596990585247451,1.072082365920849,0.1539718816132734,1.0385325348813985,-0.22057484324946852
2006-09-08,0.9936073621172602,-0.005286587462399414,-0.08946275850486983,-0.07690886127265231,1.2269565461071859,0.15432821435772523,1.2096265532249895,-0.21601919110772927
2006-09-09,1.3866018636031572,-0.002558174151028173,-0.07868727422169894,-0.07782730353237068,1.1123096731496878,0.1547232689220324,1.1079601901666223,0.2786416734365349
2006-09-10,1.0088102424403922,0.0002027720870865251,-0.07334407972147725,-0.07871779739242539,0.7178161109954951,0.15515519147450027,0.7211121974431793,0.28769804499721285
2006-09-11,0.2952690874391812,0.0029957470034234425,-0.07492319780545836,-0.0795642820614887,0.1202645593338584,0.15562647699594595,0.12439930346628073,0.17086978397290045
2006-09-12,-0.4625160675441434,0.0058203314810774155,-0.08429417177988,-0.08034638954524823,-0.5315137015152887,0.15614397650953532,-0.5341899548498041,0.07167388730566071
2006-09-13,-1.260271172436232,0.00867610497429436,-0.10171095133603962,-0.08104294927757771,-1.0592612533870738,0.15671653905861863,-1.076622509967778,-0.18364866246845413
2006-09-14,-1.6591434034270258,0.0115626222820043,-0.12680013587499808,-0.08163327842317852,-1.3119705450817778,0.15735055333696388,-1.3514907837609862,-0.30765261966603963
2006-09-15,-1.5480945532075188,0.014479270160810936,-0.1586912921462354,-0.0821020231735686,-1.2175443605319074,0.15804920391960323,-1.2858092017712972,-0.26228535143622156
2006-09-16,-0.8694760338382251,0.01742523018325314,-0.19611668136342048,-0.08244037678394588,-0.8095463259908247,0.1588139162718621,-0.9118642376830759,0.04238820384485076
2006-09-17,-0.1404453739168503,0.020399448707568255,-0.23745832117565413,-0.08264720004436298,-0.2186081048786141,0.15963866105329466,-0.35867551633776823,0.21823014242091793
2006-09-18,0.3283903314849816,0.0234008057498629,-0.2807723614863882,-0.08272295545505064,0.37008328344247116,0.16051607645414434,0.1905048487050396,0.137885482779942
2006-09-19,0.7078813701520813,0.026428230877446883,-0.3238690949161376,-0.08266558704008573,0.7779067958394639,0.16144309911485638,0.5592434438755438,0.1486379262765375
2006-09-20,0.777333134935556,0.029480660742517706,-0.3644463231429027,-0.08247207302555112,0.8908418823424743,0.16241718519992993,0.6358213321164681,0.14151180281908793
2006-09-21,0.2551676608454445,0.032557108811809635,-0.40020930988305514,-0.08213598478579504,0.6950609722359806,0.16343743317150963,0.4087102195504497,-0.15354255870500522
2006-09-22,-0.2160101733475327,0.0356567619531415,-0.4290083562458141,-0.08164449946046609,0.27770641477089,0.16450757737259653,-0.032782101609652226,-0.18322807173788047
2006-09-23,-0.5812500922905942,0.03877878429893205,-0.44908417335575146,-0.08098547447303162,-0.20751790666744457,0.16562901207592226,-0.5331797581213733,-0.04807033416922091
2006-09-24,-1.0489062302234538,0.04192228940714814,-0.45923892997322624,-0.08014814059278434,-0.5951799827932074,0.1668024794017281,-0.9258422845503417,-0.12306394567311207
2006-09-25,-1.1723945750113292,0.045086392800786815,-0.45891142542315794,-0.07912133272964979,-0.763821631631983,0.1680297900285653,-1.0887382069554388,-0.08365636805589038
2006-09-26,-0.7450466698716797,0.04827007110817896,-0.4482730346134735,-0.07789860180401142,-0.6741425523560911,0.1693089515274574,-0.9827351661379397,0.23768849626625999
2006-09-27,-0.5241102397243842,0.05147208768731792,-0.42825297407676777,-0.07648041440321796,-0.37653054000264835,0.17063496938174885,-0.6591568714135674,0.13504663168918318
2006-09-28,-0.1555725338154299,0.05469121517330854,-0.40031607882954146,-0.07486674751946448,0.01350384668532747,0.17200241988634823,-0.2349853446040217,0.0794128107885918
2006-09-29,0.1616578748192072,0.05792616214527162,-0.36634936525567346,-0.07306006476257862,0.35923069984683276,0.17340392445034747,0.15115135642419975,0.010506518395007464
2006-09-30,0.2060520168688468,0.06117565753178627,-0.3284535494660082,-0.07106247267282711,0.5509869211070696,0.17483505801650978,0.38748161451653035,-0.18142959764768354
2006-10-01,0.2454403506242696,0.06443852434598386,-0.28869454379869747,-0.06887303297627387,0.541271795892768,0.17629641115965078,0.4244391546234313,-0.17899880399916168
2006-10-02,0.3127153324521115,0.06771359365935786,-0.248884227554857,-0.06649121153600468,0.3549837833410751,0.17778437092110216,0.28510630883067345,0.027609023621438078
2006-10-03,0.1259483082335416,0.0709997066810797,-0.21048770386011045,-0.06391611576477685,0.07407513553000969,0.1793013156488557,0.049972338235057784,0.07597596999848383
2006-10-04,-0.0468979126278859,0.07429576371230703,-0.1744276563542896,-0.06114483566287232,-0.1958179001611782,0.18085083789328837,-0.17624379057274475,0.12934587794485886
2006-10-05,-0.0918131192893505,0.07760063624169758,-0.1410496145830597,-0.05817565002208157,-0.364398640105825,0.18243361344284542,-0.30358965502642327,0.21177653573707278
2006-10-06,-0.364333626461262,0.08091314550717162,-0.11015491167269348,-0.05500912472260541,-0.3865931290447852,0.18404838220522302,-0.28679563772768946,-0.07753798873357254
2006-10-07,-0.4137708334238628,0.08423218199307206,-0.08105726529913002,-0.05164367475111169,-0.2732706019164561,0.18570129625755524,-0.1360380637160705,-0.27773276970779226
2006-10-08,-0.176459262751128,0.08755654000958614,-0.052671628958802216,-0.048081860068503846,-0.08206021055190389,0.1873894353933795,0.09213227582375567,-0.26859153857488366
2006-10-09,0.2956632612645802,0.09088491657641762,-0.023718970545863666,-0.04433009645454288,0.10800501128361482,0.1891076311404159,0.31994849200004183,-0.024285230735461627
2006-10-10,0.8180944434585931,0.09421592756950367,0.00709720283934441,-0.04039779964538709,0.22733594029008758,0.1908511370165788,0.4791024080701274,0.3389920353884657
2006-10-11,0.8821028360430773,0.09754813882140582,0.04097753490824055,-0.036296220212590616,0.2406761530544007,0.19261161449041359,0.53551722106187,0.3465856149812072
2006-10-12,0.5479275311173383,0.10088022165270498,0.07893691481049707,-0.03203302286027023,0.15775297593905588,0.1943816945333467,0.49991878407533435,0.04800874704200392
2006-10-13,0.290227827756213,0.10421097110355534,0.12160295764613199,-0.027611266173165484,0.025923671829420753,0.1961649176746524,0.42029125208059503,-0.13006342432438206
2006-10-14,0.2221283230669026,0.10753915934922005,0.16909809011911672,-0.023034782157102515,-0.0913238632802843,0.1979659899037008,0.36024459393465075,-0.13811627086774814
2006-10-15,0.061705267255542,0.11086348733575901,0.2210208938319287,-0.01831012696462688,-0.14053380780895747,0.1997827043173529,0.3728231507114563,-0.3111178834559143
2006-10-16,0.261013823606932,0.11418268153467799,0.2764478384083649,-0.013442952731149947,-0.09911168126611421,0.2016138364163237,0.47968972236210244,-0.21867589875517046
2006-10-17,0.7992101387717345,0.11749535930656088,0.3339226169454202,-0.008442716696439326,0.01560073679412452,0.20345529318206415,0.6620312895317304,0.13717884924000412
2006-10-18,1.177549327722469,0.12080002603607613,0.3915778061927839,-0.0033229306585903923,0.15340346525799117,0.20529718626677027,0.8677555530950312,0.30979377462743773
2006-10-19,1.1670484068046372,0.12409522861913456,0.4473246013666094,0.0019042302785397883,0.2516319597592561,0.20713062710808022,1.0320866471316201,0.13496175967301705
2006-10-20,1.245940159057688,0.1273796407790645,0.49903111881426526,0.007230708123968331,0.26034112758680694,0.20895270787466158,1.1029353031787665,0.14300485587892142
2006-10-21,1.1312904573994194,0.1306519210331427,0.5446482409247746,0.012647474188836973,0.16235016632168348,0.2107602128405573,1.061058015308995,0.07023244209042434
2006-10-22,0.6809825528452734,0.13391079331166247,0.5823955547121165,0.018147581554706235,-0.017924153872315433,0.21255342264788024,0.92908319835405,-0.24810064550877653
2006-10-23,0.5429905796178407,0.13715508194512127,0.6109221978741893,0.02372745332499504,-0.22139854469204,0.2143355988864293,0.7647417873386949,-0.22175120772085422
2006-10-24,0.6151080873211556,0.14038352306187835,0.6292987276265335,0.029380551621128972,-0.37547641245715285,0.2161094873683232,0.6396958772207111,-0.024587789899555457
2006-10-25,0.4648631403955323,0.14359478168494935,0.6370812652205983,0.03509811932998707,-0.4203051191670021,0.2178766725697491,0.6133457196382817,-0.14848257924274938
2006-10-26,0.6698725228227111,0.1467875753990158,0.6343853198693268,0.0408733849708805,-0.3309564268385566,0.21963886845858885,0.7107287218592553,-0.04085619903654414
2006-10-27,1.2447973135998287,0.1499605181274109,0.6217527408245754,0.04669624459549475,-0.12852435617703545,0.2213965046135636,0.9112816519840093,0.33351566161581936
2006-10-28,1.3748140312471968,0.15311211528057264,0.6000806157118027,0.05255301210249803,0.12601814874913417,0.2231479864210006,1.1549118782650083,0.21990215298218851
2006-10-29,1.3811753600755403,0.15624099137790684,0.5706723703634327,0.05843397768756891,0.3537158401905268,0.22489051454686987,1.3639536941663049,0.017221665909235462
2006-10-30,1.564752273458061,0.15934579631050924,0.5350698729122328,0.06433050591353467,0.485545260639686,0.2266200706576799,1.4709115064336427,0.09384076702441835
2006-10-31,1.2283408177961976,0.16242512471912612,0.49485130684007406,0.070232687619799,0.48728439275987223,0.22833591295518751,1.443129424894059,-0.2147886070978613
2006-11-01,1.018112177334067,0.16547771245847206,0.4516728490442065,0.07613546380780488,0.3728210575976498,0.23003786932792689,1.29614495223606,-0.2780327749019931
2006-11-02,0.8982752811309302,0.16850226308852825,0.4070729353149615,0.08203265596590627,0.19810193680774435,0.2317244517665628,1.0874342429437032,-0.18915896181277292
2006-11-03,0.8824991788458383,0.17149747356965314,0.3623779604174116,0.08791796088064187,0.03958175908405132,0.23339695272969074,0.8947721066814487,-0.012272927835610403
2006-11-04,1.1128218393646674,0.17446203999425666,0.31865156463377287,0.09378497437662703,-0.035732303699048826,0.23505915662756222,0.7862254319331701,0.3265964074314973
2006-11-05,1.118156138931864,0.17739460690030662,0.27669316808681166,0.09962516000742484,0.0026682531976761036,0.23670986024941945,0.7930910484416386,0.32506509049022536
2006-11-06,0.8556407004306567,0.18029391097904576,0.23706975662019944,0.10543328889990952,0.13615554092916396,0.23835056025087994,0.8973030576791986,-0.04166235724854195
2006-11-07,0.9014662652805304,0.18315877872504716,0.20014520793447452,0.11120752701251514,0.30304787676973083,0.23998324586425057,1.0375426363060183,-0.13607637102548786
2006-11-08,1.200169798085445,0.18598794933965213,0.16602026620504773,0.11694360017385884,0.42139996897572,0.2416065649326882,1.131958349626967,0.06821144845847815
2006-11-09,0.9344607972526764,0.18878008916356717,0.13458961912544742,0.12263513869894954,0.4212076094825532,0.24321443046079855,1.1104268869313159,-0.17596608967863947
2006-11-10,0.5664891456067301,0.19153405799559425,0.10565411219716553,0.12828297001550348,0.2736493715628003,0.24480873307792125,0.9439292448489848,-0.37744009924225463
2006-11-11,0.5728208479526331,0.19424876496444315,0.078919027810326,0.1338898290446036,0.0034919825227318207,0.24639178236008397,0.6569413867021885,-0.08412053874955538
2006-11-12,0.812036219061137,0.19692302682724122,0.053947508497962204,0.1394555207980913,-0.31922631000779966,0.24796443197245907,0.3190641780879542,0.4929720409731828
2006-11-13,0.1737340004588209,0.19955560530928598,0.03022952217909527,0.14497794646864837,-0.6045747826718108,0.24952437357223636,0.019712664857455237,0.15402133560136566
2006-11-14,-0.1325260841312704,0.20214553669468674,0.007332128957614474,0.1504646940562838,-0.7747157037219682,0.25107804963781305,-0.16369529437557012,0.031169210244299722
2006-11-15,-0.081408405600811,0.2046917439016582,-0.01519805848460149,0.15591931098269768,-0.7930625214501779,0.2526233174050909,-0.19502620764533252,0.11361780204452152
2006-11-16,-0.0194035074477421,0.20719304575259445,-0.03785373122900172,0.16134161388141025,-0.6752056776192628,0.2541549276577849,-0.09036982155647488,0.07096631410873278
2006-11-17,-0.5144702669815383,0.2096482645398653,-0.06109932719009597,0.16673127960639872,-0.4783413635175598,0.2556679527909211,0.09260680622952933,-0.6070770732110676
2006-11-18,-0.0881739660986363,0.21205639570225662,-0.08526475138791237,0.17209349479719038,-0.2741758949886376,0.25716157880482854,0.2818708229277256,-0.3700447890263619
2006-11-19,0.3010559838391392,0.21441617398339113,-0.11071603344806655,0.177423883632788,-0.11951284823941866,0.2586277360106858,0.4202389119393797,-0.1191829281002405
2006-11-20,1.037508996044474,0.21672636781860108,-0.1377045299473031,0.1827186722394875,-0.0328182032468277,0.26006033080435836,0.4889826376683161,0.5485263583761579
2006-11-21,1.062206597533119,0.21898566017364468,-0.16637524526947062,0.1879707811792632,0.009201259067918063,0.2614508258355195,0.5112332809868748,0.5509733165462442
2006-11-22,0.9156445775152536,0.22119297501034257,-0.19660058068686762,0.19318089265027427,0.05667304701940366,0.262797080450836,0.5372434144439888,0.3784011630712648
2006-11-23,0.3218307811561072,0.22334732251661715,-0.22805738533217243,0.1983521332281954,0.15727937071731732,0.26410112992478857,0.615022571054746,-0.2931917898986388
2006-11-24,0.2754566908038164,0.2254478776335191,-0.2601870792930436,0.20349261310488215,0.3286721949511327,0.2653697154560478,0.7627953218525382,-0.48733863104872177
2006-11-25,0.562905505938805,0.22749368662219746,-0.29235687415707756,0.20860539095472883,0.5434450573769478,0.26660781254972993,0.9537950733465266,-0.3908895674077216
2006-11-26,0.8260606199091928,0.22948372338758827,-0.32383966455792756,0.2136901688580477,0.7365757802477046,0.26781719238872165,1.1237272003241348,-0.297666580414942
2006-11-27,1.407233761954329,0.23141699797612653,-0.35378680087613873,0.2187469961118038,0.8315634902972049,0.26899815293770735,1.1969388364467037,0.21029492550762519
2006-11-28,1.5893858417634823,0.23329246166454257,-0.3812923971372132,0.22377307758183285,0.7731034503987064,0.2701458800409763,1.119022472548845,0.4703633692146374
2006-11-29,1.247444007623136,0.23510922404949747,-0.4053431832549665,0.22877048389307034,0.5535232193664293,0.271257707957466,0.8833174520114966,0.3641265556116393
2006-11-30,0.6357014837792859,0.23686658200561245,-0.42484738536337685,0.23374725206726965,0.21924410046976286,0.27233370971627086,0.537344258895539,0.09835722488374687
2006-12-01,0.1601432800162233,0.23856394787395852,-0.43874556610929266,0.23871504357440773,-0.14574123289715593,0.2733778980051037,0.16617009044702136,-0.0060268104307980574
2006-12-02,-0.4975857763472487,0.24020070423661058,-0.4461054582044245,0.24368395538981835,-0.45214699014502563,0.2743914077094627,-0.13997638101355847,-0.35760939533369024
2006-12-03,-0.5968287875522984,0.24177628775514837,-0.4461609066425732,0.2486654699785476,-0.6383610668247967,0.2753779878949759,-0.31870222783869795,-0.27812655971360045
2006-12-04,-0.5098323454415037,0.24328996814259357,-0.438439587740387,0.2536643564966077,-0.691477916134994,0.27633594133646666,-0.35662723789971307,-0.15320510754179062
2006-12-05,-0.371735627788106,0.244740972406604,-0.42275316548275965,0.25868265293229964,-0.6452014967374187,0.2772629019694456,-0.2872681349118291,-0.08446749287627686
2006-12-06,-0.0011303398816744,0.24612852272961935,-0.3991912695352027,0.26372078864581144,-0.5576995343718176,0.2781561868648384,-0.16888530566675114,0.16775496578507673
2006-12-07,0.1494820201441475,0.24745179550385704,-0.36815873219861955,0.26877614355658663,-0.48046888477859545,0.27901334624346225,-0.053386331673309084,0.20286835181745658
2006-12-08,0.4158915624118733,0.24871006882341581,-0.3302930071739716,0.27384777121012577,-0.4324074064072938,0.2798342597405587,0.03969168619283489,0.3761998762190384
2006-12-09,0.3305937340121974,0.24990261860608967,-0.2864937507274361,0.2789330614457638,-0.3930952272237813,0.2806189764360672,0.12986567853670325,0.20072805547549413
2006-12-10,0.0314681684247211,0.25102884472264236,-0.23782041957187416,0.2840322066295349,-0.31701748571475774,0.28136942994411773,0.26159257600966307,-0.23012440758494196
2006-12-11,0.0879234886024953,0.25208822239503104,-0.18547763430770012,0.28914669654724684,-0.1631598533135863,0.2820884309000609,0.4746858622210524,-0.38676237361855714
2006-12-12,0.6180801055559301,0.25308013023579085,-0.1308430641614312,0.2942733880070734,0.0749690448227807,0.2827747477306087,0.7742542466348225,-0.15617414107889238
2006-12-13,0.9542177718922754,0.2540038153035638,-0.07542256051882643,0.29940339215548356,0.35531937470878444,0.28342238891256244,1.1167264105615677,-0.16250863866929233
2006-12-14,1.553212990016842,0.2548586017619965,-0.02069135783041304,0.30452911244711367,0.5981277266938809,0.28402610576266724,1.4208501888352452,0.13236280118159693
2006-12-15,1.989338454839775,0.25564377746685163,0.03190963346887829,0.30964012535930063,0.716542536032604,0.28457922690326204,1.5983152992308967,0.39102315560887835
2006-12-16,1.7662772465768148,0.2563587407611707,0.08110387175587959,0.31472787948724623,0.6561490117405311,0.28507630816474394,1.5934158119095714,0.17286143466724346
2006-12-17,1.2448621693593664,0.2570031457919802,0.12588660814203528,0.31979088828778657,0.424544385379947,0.2855174191285689,1.4127424467303178,-0.16788027737095135
2006-12-18,1.0649925232456252,0.25757678790448724,0.165479623242586,0.324831132472852,0.0954588134189412,0.2859068861375141,1.1292532431763806,-0.06426071993075544
2006-12-19,0.813490066984953,0.25807941348729047,0.19923783844957424,0.3298474172895298,-0.21582265755256272,0.28624840682785635,0.8575904185016882,-0.04410035151673519
2006-12-20,0.5719349256714461,0.2585108280437245,0.22668812502509603,0.33483910571526787,-0.3954632589475599,0.28654724170311185,0.7111220415396404,-0.13918711586819432
2006-12-21,0.8604800728697385,0.2588708408748519,0.24750549289161644,0.33980442168248554,-0.376556029522923,0.28680631587303174,0.7564310417990627,0.10404903107067576
2006-12-22,1.1694276950798028,0.25915911691592824,0.2613796883829182,0.3447356101268191,-0.1676844056424504,0.2870272386312346,0.9846172484144496,0.18481044666535318
2006-12-23,1.1227303017193586,0.25937532471304553,0.2681002632136961,0.34962340875528014,0.14944879005153316,0.2872086890595297,1.3137564757930846,-0.19102617407372602
2006-12-24,1.3653711402439446,0.2595192588568206,0.26758117286848954,0.3544614060967895,0.45178284980893296,0.2873521654415126,1.620696853072545,-0.2553257128286004
2006-12-25,1.936959593704394,0.25959065219706323,0.2598034925473054,0.35923922362858657,0.6222176632042478,0.28745290681322255,1.7883039383904256,0.1486556553139684
2006-12-26,1.9602408196622592,0.25958919792559365,0.24477868775996198,0.36394336698982194,0.5947752088487853,0.28750659771064885,1.7505930592348118,0.20964776042744737
2006-12-27,1.6022812289336914,0.2595148122103881,0.22270119157179397,0.3685661254991262,0.37955371183857084,0.28751416954055253,1.5178500106604316,0.08443121827325983
2006-12-28,1.333254301016205,0.2593675796232426,0.1939199397933231,0.3731042360250266,0.05595381946093947,0.2874842935526936,1.1698298684552253,0.16342443256097972
2006-12-29,0.7224292361748142,0.25914757806288596,0.15894530643736438,0.377552802036807,-0.2613031947525568,0.28742174062354003,0.8217642324080405,-0.09933499623322628
2006-12-30,0.1105576156966944,0.25885499983963667,0.11850107656984678,0.38191007213116435,-0.46720495023844366,0.28733474459900615,0.5793959429012103,-0.4688383272045159
2006-12-31,0.3129972047766873,0.25849003698905754,0.07351200404634124,0.3861736065691603,-0.5056079195271641,0.28723008768736974,0.49979781576476473,-0.18680061098807743
2007-01-01,0.8299110954833799,0.2580526357937388,0.025029195563934424,0.3903316674355134,-0.3870186158572652,0.2871036447414713,0.5734985276773927,0.2564125678059872
2007-01-02,0.9642176153208244,0.2575426635362786,-0.025703258282385316,0.3943687946881364,-0.1776724512713478,0.28694554991226046,0.7354812985829424,0.22873631673788197
2007-01-03,1.1375764142029072,0.2569601380269098,-0.07720980945691597,0.3982739375437054,0.03232428675190364,0.2867525403236636,0.8971010931892665,0.24047532101364077
2007-01-04,1.1177305213558073,0.25630509993245865,-0.1278460080073871,0.40203573007114873,0.1657216877328534,0.2865208380562608,0.9827373477853343,0.13499317357047302
2007-01-05,0.6711257861173193,0.25557769533780716,-0.17584093286468971,0.4056452437894147,0.18623192727432084,0.286251096066776,0.957865029603629,-0.28673924348630964
2007-01-06,0.4620328137705295,0.25477824403483207,-0.21933353656514032,0.409098071053347,0.1070723228312892,0.28594901329659117,0.8375641146509192,-0.37553130088038966
2007-01-07,0.5429148247681586,0.253907036694094,-0.2565573646385975,0.412387500352762,-0.022026741090874154,0.28562115959679485,0.6733315909141792,-0.1304167661460206
2007-01-08,0.5930073478836559,0.25296431115484735,-0.285919620077611,0.41550348111271257,-0.13985724901792873,0.28527072113697743,0.5279616443089976,0.06504570357465833
2007-01-09,0.7260302085357604,0.25195035610855304,-0.3060748769350535,0.41843636243184207,-0.19899167847317065,0.2849031978548617,0.45022336098703264,0.27580684754872775
2007-01-10,0.6946783608849845,0.25086546669429566,-0.3160199712902472,0.4211756922732809,-0.18168919045242907,0.28452394371289713,0.45885594093779736,0.2358224199471871
2007-01-11,0.7183036872468225,0.24971000664542664,-0.3151144505444362,0.42371261550999334,-0.10076138745119609,0.28413711952040344,0.5416839036801911,0.17661978356663133
2007-01-12,0.554645044832457,0.2484843422669133,-0.30314750272756097,0.4260375753769184,0.011386495572782176,0.2837414786064008,0.6665023890954537,-0.11185734426299665
2007-01-13,0.516058864963398,0.24718893549227877,-0.2803883472445081,0.42814397663705084,0.11939458977017511,0.28334010611385113,0.7976792607688477,-0.2816203958054496
2007-01-14,0.6602954890133086,0.24582423794388242,-0.24761731656164268,0.43002447193066967,0.19791587524323603,0.28293436321708926,0.9090816317732346,-0.24878614275992605
2007-01-15,0.9719048387869458,0.24439066399087708,-0.20609700511440185,0.43166969456303783,0.23683838095657425,0.2825201838023998,0.9893219181984871,-0.01741707941154136
2007-01-16,1.0976768625277007,0.24288860414552263,-0.1575308452226608,0.4330685796598504,0.23841142814654329,0.2820902574398651,1.0389280241691206,0.058748838358580135
2007-01-17,1.2841402472950745,0.24131853541168233,-0.10394422306016397,0.4342122502936177,0.2104595841244249,0.2816392521766849,1.0636853989462458,0.22045484834882867
2007-01-18,1.199914730737473,0.2396809335620097,-0.04757681951988945,0.4350909238943581,0.15981631213462072,0.2811581949272983,1.0681695449983974,0.13174518573907545
2007-01-19,1.1563173019796709,0.23797638631386375,0.009268922678690839,0.43569806706359415,0.09093804867911473,0.28064277230831475,1.0545241970435781,0.10179310493609273
2007-01-20,0.9134909653483894,0.23620549414272718,0.06437786896879633,0.4360269196869316,0.008293414800515035,0.2800864310780491,1.024990128677019,-0.11149916332862975
2007-01-21,0.9266455561856868,0.23436894455362367,0.11578037460492145,0.4360735603573714,-0.079092357731633,0.2794873331477966,0.9866178549320801,-0.059972298746393315
2007-01-22,0.8643832205521109,0.23246736735502654,0.16184315219912843,0.43583183263184966,-0.15643564028846715,0.27884314867415505,0.9525498605716926,-0.08816664001958163
2007-01-23,0.8825509129954769,0.23050144044894683,0.20142870573105873,0.4352968342077122,-0.20601996838593528,0.2781542671332175,0.9393612791349999,-0.05681036613952295
2007-01-24,0.8717984102152838,0.22847183860001388,0.23397722052831385,0.4344630733568081,-0.21478851571808377,0.277419495703038,0.9595431124700902,-0.08774470225480635
2007-01-25,1.1044698751986308,0.22637927685199902,0.2595215360320707,0.43332609162274505,-0.18210775169808116,0.2766411741070738,1.0137603269158073,0.09070954828282352
2007-01-26,1.1652157791664774,0.22422443537232295,0.27863985109803624,0.43187948108221763,-0.12376960421391736,0.2758200801917777,1.0867942435304372,0.07842153563604026
2007-01-27,1.0761374467128728,0.22200808634889208,0.2924220621315467,0.43011948810029205,-0.06792815760398103,0.2749593222214856,1.1515808011982354,-0.07544335448536255
2007-01-28,1.243387548106978,0.21973107966307082,0.3023355324485238,0.42804469188282995,-0.04478574035348,0.27406300797361155,1.1793885716145562,0.06399897649242181
2007-01-29,1.3533981615876445,0.2173942264726131,0.3099851746478554,0.42565205288030566,-0.07396051061634765,0.2731346103687472,1.152205553753174,0.20119260783447057
2007-01-30,1.116331043291338,0.21499838757080558,0.31699135377334403,0.4229397742140754,-0.15403556635925547,0.2721754744118875,1.0730694236108573,0.0432616196804807
2007-01-31,0.7650809098788088,0.21254455604506367,0.32482978625062875,0.4199104390982469,-0.2600204317797547,0.27118873475866584,0.9684530843728505,-0.20337217449404166
2007-02-01,0.8753463043810805,0.21003378119936658,0.33463061971546926,0.4165684198982776,-0.35093655024451786,0.270177744100063,0.8804740146686585,-0.005127710287577969
2007-02-02,0.7488852625657078,0.207466985823467,0.3469928677963177,0.4129134752249543,-0.384678874686074,0.26913882077888096,0.851833274937546,-0.10294801237183826
2007-02-03,0.7221061488529597,0.2048451682704269,0.3620078494597451,0.40894766815790146,-0.33270280803682317,0.2680661820269459,0.9111640598781962,-0.1890579110252365
2007-02-04,1.1175143454716117,0.20216931071770175,0.3791586544695501,0.40467251904175505,-0.19119706148234658,0.2669561526855364,1.0617595754321967,0.05575477003941498
2007-02-05,1.4508003189081438,0.19944028296835922,0.3973525671303497,0.40008536870957234,0.016403553361889374,0.26580239100574493,1.2790841631759158,0.17171615573222798
2007-02-06,1.5982774853950417,0.1966590051255187,0.4151064514614475,0.3951847348374291,0.24691356671413855,0.2646004826866362,1.5184642408251698,0.07981324456987182
2007-02-07,1.9591651165891588,0.19382649478145564,0.4307312526201871,0.3899718238591505,0.4503879589060303,0.2633488558748217,1.7282663860416454,0.23089873054751342
2007-02-08,1.9882201360641036,0.19094374172955195,0.4424697624890126,0.38444641886671777,0.5835792296656579,0.26204555353787545,1.8634847062888156,0.12473542977528806
2007-02-09,1.6327557844672,0.18801186511497764,0.4487734305357436,0.3786124004238123,0.6211383303323009,0.26069134946522793,1.8972273758720624,-0.2644715914048623
2007-02-10,1.5303158978308982,0.18503212747336575,0.44847072313326464,0.37247857854726263,0.5604084382524802,0.25929229306718926,1.8256821604735627,-0.2953662626426645
2007-02-11,1.537021018953996,0.1820057221562768,0.44085143416002354,0.36605127048278757,0.4194865375599456,0.25784904829622357,1.6662440126552571,-0.12922299370126122
2007-02-12,1.5284439319934415,0.1789338250787818,0.42574834344728846,0.35933627548046065,0.23200258803513976,0.2563622921074758,1.4523833241491464,0.07606060784429514
2007-02-13,1.2159455119423768,0.17581765330336546,0.4035746395753971,0.35234079124412715,0.03961706547762023,0.2548366568776866,1.2261868064781964,-0.010241294535819678
2007-02-14,1.2326887048429802,0.17265855402439603,0.3753593411141817,0.3450761077806458,-0.11627822150462967,0.25327984664437697,1.0300956280589708,0.2025930767840094
2007-02-15,1.2477421589570885,0.1694578022728693,0.34261264312937956,0.33755029814440374,-0.20411806655356143,0.251691596295315,0.8971942732884062,0.35054788566868234
2007-02-16,0.9868527650633924,0.1662167063718711,0.3071997512531794,0.32977211458395406,-0.20985120131762988,0.25007125239168565,0.8434086232830602,0.14344414178033216
2007-02-17,0.6315156493689603,0.16293668629084543,0.2711915939254331,0.3217537665795612,-0.14236086838388265,0.24842139646615066,0.8619425748781079,-0.23042692550914756
2007-02-18,0.6105079981947209,0.15961920324644047,0.2366617297305069,0.3135083951109391,-0.03462641411131529,0.24674342428946328,0.9219063382660344,-0.3113983400713135
2007-02-19,0.6844996437241067,0.15626562496967242,0.20542658076769127,0.30504553871652257,0.06207643615709648,0.24503499555371308,0.9738491761646958,-0.28934953244058914
2007-02-20,0.9443171013395468,0.15287730823888077,0.17886268216468532,0.29637425431592235,0.09261650115502681,0.24329770348222388,0.9640284493567391,-0.01971134801719232
2007-02-21,1.143877883906145,0.1494555766178102,0.1577584174990591,0.2875021952961891,0.017241936661471224,0.24153554067635857,0.8534936667508881,0.29038421715525686
2007-02-22,0.8030100499063481,0.1460017827067788,0.14228428869219265,0.27843753232716667,-0.16961521843197758,0.23975121123224752,0.636859596526408,0.16615045337994006
2007-02-23,0.4620470011400235,0.1425174419819498,0.13201529615625865,0.2691936117424352,-0.42874940396022077,0.23794813490710198,0.35292508082752494,0.10912192031249857
2007-02-24,0.1435534539631021,0.1390040808225597,0.12582424698981426,0.25978399457395035,-0.6814348590898656,0.2361308672720217,0.07930833056848052,0.06424512339462157
2007-02-25,-0.0642219734414604,0.1354632203838638,0.12193766060320259,0.25022189749687745,-0.8301543161853469,0.23430402457979116,-0.08822751312161192,0.024005539680151525
2007-02-26,-0.2915012061766675,0.13189632653603287,0.11807547815893477,0.2405183117550616,-0.7904736813758494,0.23246571266281232,-0.0675178522630078,-0.22398335391365973
2007-02-27,0.0032670715749075,0.1283048524984882,0.1116010775380798,0.2306838172441775,-0.5233456150341116,0.23061428801907233,0.17785842026570622,-0.17459134869079873
2007-02-28,0.5758396739337205,0.1246900861283926,0.09964416573403832,0.22072342923189342,-0.05654662033982864,0.22874780082247045,0.6172588615769661,-0.04141918764324559
2007-03-01,1.132882022772127,0.12105321212154053,0.079438271898657,0.2106384055840296,0.5159141977159468,0.22685940501208857,1.1539034923322626,-0.02102146956013562
2007-03-02,1.5366656103763128,0.11739541125495694,0.048640880074045004,0.20042968896747415,1.057831424988987,0.2249399372594214,1.6492373425448845,-0.11257173216857175
2007-03-03,2.2881146814636617,0.11371793001620359,0.00558069273212157,0.19010062239821643,1.4313711195133576,0.22298562882492018,1.9637559934848192,0.3243586879788425
2007-03-04,2.280456955519507,0.11002194480763497,-0.050554237847208916,0.17965197595130866,1.54007538266939,0.2209911199290046,2.0001861855101293,0.28027077000937783
2007-03-05,1.7576996070370208,0.1063089113874648,-0.11939085739142886,0.16909376054395664,1.361316502149521,0.21895786066875894,1.7362861773582727,0.02141342967874804
2007-03-06,1.1363820633716228,0.1025804927049789,-0.19932085492849458,0.15844269560515845,0.9529783923000489,0.2168913161983782,1.23157204188007,-0.09518997850844713
2007-03-07,0.4056527811835269,0.09883843799216302,-0.28760168362207356,0.1477181558820527,0.432732553255184,0.21480077695030755,0.6064882404576337,-0.20083545927410684
2007-03-08,-0.2593434790421511,0.09508456588434437,-0.380454475884926,0.13694129623693133,-0.06218841169178148,0.2126952154151796,0.002078189959747845,-0.26142166900189895
2007-03-09,-0.5505262749123767,0.09132068353851039,-0.4733240190851804,0.1261327072618262,-0.4206998030907134,0.21058343679736347,-0.4659869945781937,-0.08453928033418301
2007-03-10,-0.5979947539705909,0.08754847422366008,-0.561214560226393,0.11530863011627991,-0.5924413192898644,0.2084712107312951,-0.7423275644450225,0.14433281047443158
2007-03-11,-0.5832662323483372,0.08376953677392311,-0.6390347385293942,0.10448248729106441,-0.5984076279813604,0.206365814613192,-0.8428245278325751,0.2595582954842379
2007-03-12,-0.6892165442696846,0.07998540320015035,-0.7018694684994398,0.09366510133967997,-0.5151531405873448,0.2042663912825134,-0.839105713264441,0.14988916899475646
2007-03-13,-0.9050537276102518,0.07619761226195158,-0.745390939213211,0.08286795422358192,-0.4396318558671987,0.2021762803429737,-0.8237809482519025,-0.08127277935834931
2007-03-14,-0.9691235524668672,0.07240772097362529,-0.7661847620135684,0.07210321188916373,-0.44908782414765613,0.20010246485576963,-0.870659188442666,-0.09846436402420122
2007-03-15,-1.1016572979936126,0.06861722127078741,-0.7620471984896994,0.061380912559946085,-0.5714168648283031,0.1980517307883003,-1.0054141986989686,-0.09624309929464392
2007-03-16,-1.224848444118688,0.06482759384503013,-0.7321280343599593,0.05071073171793596,-0.7759127395445625,0.1960282852009651,-1.1964741631405906,-0.028374280978097355
2007-03-17,-1.277680115426338,0.0610403084444561,-0.6770958968182725,0.04010230833574991,-0.9874384331468571,0.19404114819885396,-1.3693505649860698,0.0916704495597318
2007-03-18,-1.4159436709311062,0.05725678685659107,-0.5990838316069927,0.029563428437838733,-1.1169214936155258,0.1920939940981669,-1.4370911158299218,0.021147444898815593
2007-03-19,-1.4150582744802602,0.053478443514047014,-0.501573762499211,0.019101811294891694,-1.0952085389474806,0.19018760302092363,-1.3340144436168293,-0.08104383086343092
2007-03-20,-1.0397758424575383,0.049706621894796285,-0.3892219149293662,0.008722952654692952,-0.8978178198534346,0.18831823980835252,-1.040291920424959,0.0005160779674207028
2007-03-21,-0.6592961458417098,0.04594253960302356,-0.2676134345689959,-0.0015716805590750213,-0.5515739442548162,0.18647916400079123,-0.5883373557790723,-0.0709587900626375
2007-03-22,-0.0139023828664015,0.04218740511122029,-0.14285236277357857,-0.011780552877880022,-0.12161978908181303,0.1846647655606726,-0.04940053406137873,0.035498151194977234
2007-03-23,0.6376616028265981,0.03844234237915097,-0.021191662938879183,-0.021904534998391862,0.3130053896219225,0.18286908400169186,0.4912206180654942,0.1464409847611039
2007-03-24,1.0045292232043848,0.034708471167291574,0.09144587507016416,-0.03194450269615694,0.6855380776712039,0.18108436267657335,0.960832283889076,0.043696939315308714
2007-03-25,1.2976482275311505,0.030987007272786058,0.18986857440804988,-0.04189771059763009,0.9584744828584737,0.17930778263634023,1.3167401365780198,-0.019091909046869304
2007-03-26,1.556268330473436,0.02727918594534086,0.269924750971039,-0.051760264069847815,1.1251578248202068,0.17753787834004212,1.548139376006781,0.008128954466654958
2007-03-27,1.6762043148338333,0.02358624964868045,0.32875442123394755,-0.0615277975462124,1.1982241289633628,0.17577157357967282,1.664808575879451,0.011395738954382173
2007-03-28,1.3524943541402938,0.0199094842583065,0.36493702904569303,-0.07119434605343555,1.1922736366057025,0.17400494744680964,1.6799307513030761,-0.3274363971627823
2007-03-29,1.3682198399981558,0.016250316884378134,0.3785141153766733,-0.08074861770380816,1.1104402690269488,0.17224050463685037,1.5966965882210427,-0.22847674822288688
2007-03-30,1.6907453568511517,0.012610070090612904,0.37081832688731264,-0.09018265177556306,0.9407906073879426,0.17047592156304123,1.4045122741533462,0.28623308269780545
2007-03-31,1.59430293060798,0.008989993851827277,0.3442726043585005,-0.09949098064651041,0.6667311705183203,0.16870674570079416,1.089209533782932,0.505093396825048
2007-04-01,0.655271890381098,0.0053914878933650195,0.3021989372268828,-0.10866282266459448,0.28646572825180633,0.16693511542326853,0.6523284461307282,0.0029434442503698532
2007-04-02,-0.0437638565339362,0.0018162193741783949,0.24853474552328547,-0.11767780709888405,-0.16924903497923846,0.16517474907978594,0.12859887189912733,-0.17236272843306352
2007-04-03,-0.5079913012134176,-0.0017342177860551688,0.18736142543391404,-0.12651792216018531,-0.6323008469776861,0.16343816218655746,-0.409753399303455,-0.09823790190996262
2007-04-04,-1.2444519389574848,-0.0052583224788465095,0.12258347263184323,-0.13516841783117614,-1.0079072568993388,0.16173312402773315,-0.8640174005497852,-0.3804345384076997
2007-04-05,-1.3810001475456355,-0.008754551073475322,0.05767811233544429,-0.14361276901285272,-1.2001070792617037,0.16006979112861458,-1.134726495883973,-0.2462736516616626
2007-04-06,-0.869460848108982,-0.012221595951655609,-0.004610295082853306,-0.15184242824141214,-1.1459084120633733,0.15844965464461983,-1.1561330766946745,0.2866722285856924
2007-04-07,-0.4211979971048269,-0.01565837989315023,-0.06240980347206462,-0.15985676154732206,-0.8428829657157935,0.1568686140567041,-0.9239392965716262,0.5027412994667992
2007-04-08,-0.1028925388580426,-0.019063836163293123,-0.11461323526528563,-0.16765582759974054,-0.3585360129763957,0.1553198776194648,-0.5045490343852501,0.4016564955272075
2007-04-09,-0.0714604365624939,-0.022436872763963573,-0.16082355599515874,-0.1752386608687025,0.18298576506113395,0.1538003034082663,-0.021713021158424578,-0.04974741540406932
2007-04-10,-0.2510352865547852,-0.02577632299500259,-0.2011615299747806,-0.1826016897359679,0.6352154840698863,0.15230848239109648,0.37798442375523167,-0.6290197103100168
2007-04-11,-0.0166047380490441,-0.029080957867279142,-0.23611665964535508,-0.1897386811933964,0.8739063535699748,0.15084860383357193,0.5698186586975161,-0.5864233967465602
2007-04-12,0.407823164248297,-0.0323496955332774,-0.2663872491070325,-0.19664785754070718,0.836309351124326,0.14941868979920075,0.49034323874250973,-0.08252007449421273
2007-04-13,0.4439432811195921,-0.035581540302737594,-0.2926624714582396,-0.20332953600184533,0.5426511901171702,0.14801268669119588,0.1590903290455436,0.2848529520740485
2007-04-14,0.2307074708096538,-0.038775405717609845,-0.3154026251162552,-0.20977985413952654,0.09105609696335465,0.14662796482419713,-0.32627382318583986,0.5569812939954937
2007-04-15,-0.1507802370839162,-0.04193015842652653,-0.3347539909463081,-0.21599227891025874,-0.3741503222826904,0.1452654282714877,-0.8215613222942961,0.6707810852103799
2007-04-16,-1.1260807772227577,-0.04504464536612428,-0.3504843810912705,-0.22195895725849502,-0.7093931840288549,0.1439266981776536,-1.1829544695670908,0.05687369234433315
2007-04-17,-1.888092859436888,-0.04811755311184259,-0.36193270774457187,-0.22766612789021776,-0.8175025603723461,0.14262076059323922,-1.3125981885257392,-0.5754946709111488
2007-04-18,-1.9457167130341948,-0.05114764578679522,-0.3681495089952899,-0.2331025969436565,-0.6783248645389361,0.14135714336924968,-1.189367472895428,-0.7563492401387668
2007-04-19,-1.2293780700671026,-0.054133920059994345,-0.36800784611710047,-0.23826550907107874,-0.3525608753525793,0.14013738588252095,-0.8728307647182318,-0.3565473053488708
2007-04-20,-0.2851162852270576,-0.05707563731915719,-0.36029437321726787,-0.24316141340920688,0.04180866761970302,0.13895188115339976,-0.47977087517252914,0.19465458994547152
2007-04-21,0.2972521050132234,-0.059972151453661915,-0.34378030122994524,-0.24779994395168806,0.37165065883465814,0.13778846748100176,-0.14211327031963528,0.4393653753328587
2007-04-22,0.6090802179517996,-0.06282272820758104,-0.31728746123329205,-0.2521873817115453,0.5335973833676467,0.13663872752277995,0.037938539738008314,0.5711416782137912
2007-04-23,0.3048554962450496,-0.06562657093296465,-0.27986409942154883,-0.2563271723987521,0.48565771095777177,0.1354995510187152,0.01933941922322141,0.2855160770218282
2007-04-24,-0.2179162297974818,-0.06838272577388724,-0.23087512491565942,-0.2602167110624878,0.2568674781548533,0.13437288736510047,-0.16823419623208072,-0.049682033565401074
2007-04-25,-0.9674222579119082,-0.07109018460001092,-0.17022423388685562,-0.2638509554059021,-0.06772731134146899,0.1332657707264578,-0.43962691450777985,-0.5277953434041283
2007-04-26,-1.1108826687917357,-0.07374789041259663,-0.09844275274958145,-0.2672231902806268,-0.3784784688778901,0.1321849341092674,-0.6857073682114276,-0.42517530058030806
2007-04-27,-1.033592930309838,-0.07635499331568882,-0.01690000169858275,-0.2703337658892354,-0.5781714831859329,0.13113152447619014,-0.8106287196132498,-0.22296421069658812
2007-04-28,-0.4866248963739359,-0.07891074093695043,0.07222937135867456,-0.2731866643495883,-0.609916313829109,0.13010258508987818,-0.7596817626670951,0.2730568662931592
2007-04-29,-0.3683323973343193,-0.0814145365936407,0.1659455203441381,-0.2757913568487943,-0.46977470708635344,0.12909491763233205,-0.5319401625523182,0.16360776521799897
2007-04-30,0.0457704593494691,-0.0838656723631981,0.2606675882768878,-0.2781536071779713,-0.20049479111338162,0.1281122345362328,-0.1737342478414304,0.2195047071908995
2007-05-01,0.2860999964836322,-0.08626357712952186,0.3523712069434718,-0.2802839648794537,0.12597171465351664,0.12715170284999358,0.23894708243800647,0.04715291404562574
2007-05-02,0.7681757429538254,-0.08860767074305106,0.4368870029506743,-0.2821924024907217,0.43251935859586027,0.12620996293811332,0.624816251250875,0.14335949170295037
2007-05-03,0.9349726560930044,-0.09089747696342369,0.5101193249792786,-0.28389160067143276,0.6570474850478069,0.12528377756361947,0.9176615099558485,0.017311146137155897
2007-05-04,0.8950133524154098,-0.09313245315516369,0.5684389074624137,-0.28539093825172573,0.7654237607696049,0.12437345676376925,1.0797127335888985,-0.18469938117348872
2007-05-05,0.7416331410978093,-0.09531202944085201,0.6089932396092056,-0.28669783682930955,0.7537909109047243,0.12347715128820862,1.104251435531977,-0.3626182944341677
2007-05-06,0.9571867531934832,-0.0974356118011876,0.6298969798087478,-0.28781746564309746,0.6428527816305548,0.12259701174531426,1.010093695740332,-0.05290694254684869
2007-05-07,1.0137259606578404,-0.09950273128319295,0.6303483919680947,-0.28875794751326744,0.46728850759330554,0.12173300041032326,0.8311092211752631,0.18261673948257728
2007-05-08,0.5763627447350147,-0.1015128983302336,0.6107848180841219,-0.2895255571726031,0.2655972187558526,0.12088372763490908,0.6062273089720469,-0.02986456423703221
2007-05-09,0.4195890077812615,-0.10346549690711347,0.5728749618489241,-0.29012108313778007,0.07145881217414511,0.1200513073077048,0.37079850128588043,0.04879050649538108
2007-05-10,0.4009387897677668,-0.10536001439026552,0.5192960198842004,-0.29054831568661565,-0.09321685977414315,0.11923175203014966,0.14940258206332568,0.25153620770444113
2007-05-11,0.2136779017223667,-0.1071959894644345,0.45351096628861776,-0.2908126170277621,-0.22058458156168265,0.11841738781201488,-0.04666483395324661,0.2603427356756133
2007-05-12,-0.436460701776,-0.10897291843256963,0.37950248066919795,-0.29091781718053206,-0.3151876930382145,0.11760054790529345,-0.21797540007682475,-0.21848530169917524
2007-05-13,-0.6988294913450668,-0.11069015767699475,0.301450876726706,-0.29086285064611267,-0.38876056677430715,0.11678025685100589,-0.37208244151970266,-0.3267470498253641
2007-05-14,-0.4807988123127755,-0.11234719139233054,0.2233011656421175,-0.2906512063858901,-0.45368042134462067,0.1159525307182562,-0.5174251227624677,0.03662631044969217
2007-05-15,-0.8487136244559342,-0.11394367239617653,0.14840860556704974,-0.290291575906424,-0.5146828149981904,0.11511498026849448,-0.6553944774652467,-0.19331914699068753
2007-05-16,-0.6880097385596361,-0.11547911846891405,0.07944696790686222,-0.28978703953104185,-0.5615066336017709,0.11427502127171757,-0.773050802423147,0.08504106386351096
2007-05-17,-0.6406398599983729,-0.11695325531036395,0.01814887741490612,-0.2891470634079037,-0.5696555444094514,0.11343597775371614,-0.8441710079590967,0.2035311479607238
2007-05-18,-0.6311242902442924,-0.11836581691600868,-0.03465984581978916,-0.2883806480777972,-0.5065847645695501,0.11260306052090445,-0.8353880148622408,0.2042637246179484
2007-05-19,-0.7699529832312997,-0.11971656276705932,-0.07901278187076458,-0.28749688769935183,-0.3452242540778878,0.11178206383312408,-0.7196684225819395,-0.050284560649360155
2007-05-20,-0.4345601689940388,-0.12100523572957922,-0.11562376264039917,-0.28650400750646887,-0.07964812867380863,0.11097672633465433,-0.4918044082156016,0.0572442392215628
2007-05-21,-0.4057959142476024,-0.12223173292677379,-0.14577139716713028,-0.2854152886978957,0.2625409924759709,0.11018574911261507,-0.18069167720321377,-0.22510423704438864
2007-05-22,0.0052428634492125,-0.12339586189124474,-0.17096216613290016,-0.28424032265099464,0.6198015040509237,0.10941213644486009,0.15061528982064426,-0.14537242637143177
2007-05-23,0.2352761706700026,-0.12449756332125539,-0.19273768617553666,-0.28299238124665627,0.907949165766238,0.10865372444993705,0.4163752594727267,-0.1810990888027241
2007-05-24,0.6701989442947962,-0.12553675030051387,-0.21235657088408463,-0.2816825504950178,1.0442131469399045,0.10790699020752582,0.5325442654678141,0.13765467882698212
2007-05-25,0.92267734048791,-0.12651341539137118,-0.23068373510981893,-0.2803227570973067,0.9743796499049858,0.10716879334808084,0.4440285356545699,0.47864880483334005
2007-05-26,0.0782145481393693,-0.12742752352351722,-0.24801222807089804,-0.27892169957913737,0.6950147285059907,0.1064384009051162,0.14709167823755426,-0.06887713009818495
2007-05-27,-0.5274082438906875,-0.1282787365516012,-0.26390893131084003,-0.277475330654005,0.26141870385253746,0.10572509163892778,-0.3025192030249809,-0.2248890408657066
2007-05-28,-0.6643651432827214,-0.1290668098500838,-0.2774337913744893,-0.27598075381924125,-0.2260580420073473,0.10503595667958938,-0.8035034403715723,0.13913829708885084
2007-05-29,-1.318428775546408,-0.12979166883460744,-0.2872739258780918,-0.2744391247426622,-0.6504223527366926,0.10437113658370122,-1.2375559356083528,-0.08087283993805516
2007-05-30,-1.849255899933951,-0.13045310996579262,-0.29180650753281745,-0.2728453498144847,-0.9118420141115087,0.10373508818953255,-1.503211893235071,-0.3460440066988799
2007-05-31,-1.3751637668254926,-0.1310509872164856,-0.2893675398945453,-0.27119525454811816,-0.9582210971008326,0.10312892880988998,-1.5467059499500915,0.1715421831245989
2007-06-01,-1.2006656457042857,-0.13158547921283095,-0.2785798896391227,-0.2694950428199372,-0.800388590128578,0.10254417288288699,-1.3775048289175817,0.17683918321329606
2007-06-02,-1.0498719229023994,-0.13205672011009423,-0.25834963451851783,-0.2677485170086759,-0.5042903344770917,0.10197207517419449,-1.0604731309401854,0.01060120803778597
2007-06-03,-0.7360363231026943,-0.1324648782308778,-0.22805202868401941,-0.2659595298277955,-0.16743192295992526,0.10140544753723617,-0.6925029121653818,-0.043533410937312444
2007-06-04,-0.3768512674431714,-0.13281021111147323,-0.18762423023057226,-0.26413387580540865,0.11318843623985447,0.10083772237804339,-0.3705421585295562,-0.006309108913615191
2007-06-05,-0.1668619566166469,-0.13309304048568685,-0.13755739350054857,-0.26227789663153017,0.27039114625829597,0.10026480455587335,-0.16227237980359638,-0.004589576813050528
2007-06-06,-0.0130268511949279,-0.13331369579363822,-0.07880084632380079,-0.2603962993337411,0.2834322159667645,0.09968460972015672,-0.0893940157642589,0.076367164569331
2007-06-07,-0.0766435886654402,-0.13347251389366957,-0.012688886148673683,-0.2584922977442617,0.1773182983804822,0.09909810137239926,-0.12823729803372352,0.05159370936828332
2007-06-08,-0.3246173076709207,-0.1335697776919088,0.05919007081210906,-0.2565657151273496,0.007880778196374897,0.09851048157070313,-0.22455416224007135,-0.10006314543084932
2007-06-09,-0.5255271293020852,-0.13360572107086321,0.13511451484867384,-0.25461336476042445,-0.16051883450642018,0.09792888214169557,-0.3156945233473385,-0.20983260595474673
2007-06-10,-0.4055406315821578,-0.1335805960016286,0.2133161950224618,-0.25263179597398167,-0.27582513324289015,0.09735719652670978,-0.3513641336693289,-0.054176497912828914
2007-06-11,-0.1586522265136474,-0.1334947519331217,0.2920064682764296,-0.2506200884279955,-0.31075798810207594,0.09679579931277735,-0.3060705608739862,0.1474183343603388
2007-06-12,-0.184117454251689,-0.13334858320955276,0.3694775477660953,-0.24857820879878162,-0.2641451109169408,0.0962408426608561,-0.18035351249832376,-0.003763941753365224
2007-06-13,0.2346721138436864,-0.13314239844668047,0.4441385642825592,-0.24650203248169542,-0.15382731443759728,0.09569474555209115,0.006361564468677194,0.2283105493750092
2007-06-14,0.4731793518991856,-0.13287665862798198,0.5144660681530386,-0.24439174523151957,-0.007698031817046765,0.09515323313660339,0.22465286561309372,0.24852648628609186
2007-06-15,0.3562630309761768,-0.13255177876719795,0.5790547173076879,-0.24224476299260253,0.14535584168814208,0.09461446306322065,0.4442284802992501,-0.08796544932307332
2007-06-16,0.2088988426754237,-0.13216806868148473,0.6366314704541156,-0.24005370302279452,0.28011114173822,0.09408005735953917,0.6386008978475955,-0.42970205517217186
2007-06-17,0.6378003146963379,-0.13172584009503557,0.685974953496994,-0.2378096003063311,0.37577934155202847,0.09355424606079965,0.7857731007084554,-0.1479727860121175
2007-06-18,0.7924708106499937,-0.13122560950319992,0.7258624833906137,-0.23550898030986245,0.41570577284358423,0.09303282366910819,0.8678664900902436,-0.07539567944024994
2007-06-19,1.0159284508772506,-0.13066783693258788,0.7551626787235707,-0.23314454900759118,0.3904037757989641,0.09251483618712293,0.8742689047694787,0.14165954610777187
2007-06-20,0.9691366237971036,-0.1300530395646014,0.7728077507257018,-0.23070891584476155,0.3010829999569983,0.09200014346901965,0.8051289387423568,0.16400768505474683
2007-06-21,1.0452410596987587,-0.12938170158513873,0.7778941253865801,-0.2281917117552368,0.1637587320082112,0.09148886383342987,0.6755683078878457,0.36967275181091297
2007-06-22,0.6067554733014531,-0.12865437597158166,0.7696737722908631,-0.22558346973235782,0.00915165767046213,0.09097972191752726,0.515567306174913,0.0911881671265401
2007-06-23,0.2198883890231928,-0.1278714864879154,0.7476914510050147,-0.22286914205753497,-0.12203727381590201,0.09047603222122101,0.36538958086488327,-0.14550119184169047
2007-06-24,-0.0927836757343569,-0.12703349919691695,0.7117626417186717,-0.22003418670921168,-0.1908715694294018,0.08998045244266382,0.263803838825805,-0.3565875145601619
2007-06-25,0.0215996519707792,-0.12614092974117336,0.6620210133873934,-0.2170651059993312,-0.17352809960964957,0.08949365689492919,0.2347805349321685,-0.2131808829613893
2007-06-26,0.1447907827681961,-0.1251944442542163,0.5989077983256005,-0.21395309630820944,-0.0718712700771057,0.08901180787000652,0.2769007955560755,-0.1321100127878794
2007-06-27,0.5902176618954582,-0.12419472521201344,0.523220926891054,-0.21068931838192706,0.08487105411016213,0.08853331466615721,0.3617412520734329,0.22847640982202533
2007-06-28,0.76440577477642,-0.12314256690866487,0.43607281417784616,-0.20726830703297944,0.2475371558976348,0.0880544743548342,0.44125357048867087,0.32315220428774916
2007-06-29,0.6615434587572298,-0.12203869203573883,0.3389441245287857,-0.20368188229959658,0.36332883654255105,0.08757340198246888,0.4641257887184702,0.19741767003875954
2007-06-30,0.4011678070283658,-0.12088373798202508,0.23362064947040367,-0.19991881550421453,0.39360365311592405,0.08709108106109191,0.39351283016118005,0.007654976867185748
2007-07-01,0.1364172567680212,-0.11967828638789163,0.12207934289498486,-0.19596594789950822,0.3269134605906014,0.0866117408354207,0.21996031003360708,-0.08354305326558589
2007-07-02,-0.465919868590251,-0.11842292374900541,0.006388402499210934,-0.1918104138357738,0.1823798368375268,0.08613842387003914,-0.035326674378002326,-0.4305931942122486
2007-07-03,-0.5423401276231573,-0.11711814423111357,-0.1113585141082625,-0.18743621114745562,0.0028164211337311576,0.08567743217814792,-0.3274190161749526,-0.2149211114482047
2007-07-04,-0.4236963205629837,-0.11576461659409595,-0.22924719964247203,-0.1828334472870392,-0.16125713837833772,0.08523082543543303,-0.6038715764665119,0.18017525590352823
2007-07-05,-0.5976695832686292,-0.11436308598123733,-0.34558599649239763,-0.1779948051917795,-0.2679300164796474,0.08480187569250755,-0.8210720284525543,0.22340244518392516
2007-07-06,-0.8293358445455128,-0.1129142446101152,-0.458862970336485,-0.1729109152671331,-0.2956421193380573,0.08439653016442124,-0.9559337193873693,0.12659787484185647
2007-07-07,-0.8298976475846699,-0.11141880825471906,-0.5677836203054315,-0.16757288427131561,-0.24759499986549094,0.08402040119310263,-1.0103499115038543,0.18045226391918445
2007-07-08,-1.0939382063863798,-0.10987760324052909,-0.6712915349150862,-0.16197530188141854,-0.14777734306795615,0.08367511578173316,-1.0072466673232567,-0.0866915390631231
2007-07-09,-1.2830556176578638,-0.10829140851097135,-0.7684921985570767,-0.15611062149432595,-0.03058945171920826,0.083364992213452,-0.9801186880681303,-0.3029369295897335
2007-07-10,-1.0604140267837536,-0.10666106434846992,-0.8586441846947742,-0.14997294192520505,0.06954052965102739,0.08309140915350839,-0.9626462521639132,-0.09776777461984043
2007-07-11,-0.9667451720793848,-0.10498756245446007,-0.941180214109052,-0.14356127946239913,0.12583217666427196,0.0828519729479301,-0.9810449064137089,0.014299734334324077
2007-07-12,-1.0880984329081396,-0.1032718679008111,-1.015614861924644,-0.13687371099318965,0.1236142352204414,0.08264718898407519,-1.049499016614128,-0.038599416294011535
2007-07-13,-0.9817568635156888,-0.10151488929287343,-1.0815020518051208,-0.12990662171611173,0.06074634372616488,0.08248126717309127,-1.16969595191485,0.18793908839916118
2007-07-14,-1.031142797194759,-0.09971761719648133,-1.1384509750063616,-0.12265974974422944,-0.054041931214411046,0.08235606410887372,-1.3325142090526099,0.30137141185785077
2007-07-15,-1.5349454861706149,-0.09788101456757571,-1.1860469886204263,-0.11513266144446803,-0.20160775027791353,0.08227289733631274,-1.5183955175740709,-0.016549968596544007
2007-07-16,-1.9424117825482792,-0.09600593427882834,-1.2238008460254224,-0.10732190311473808,-0.35273161995753244,0.08223548379252249,-1.697624819583999,-0.24478696296428026
2007-07-17,-1.917886979430674,-0.09409329790608313,-1.251202859114651,-0.09922716633250402,-0.4708809817357785,0.0822445057740962,-1.8331597993149202,-0.08472718011575386
2007-07-18,-2.0146712785080845,-0.0921442000545575,-1.2677504642983328,-0.09085490982794285,-0.5180853767333554,0.08229490411782141,-1.886540046796367,-0.12813123171171736
2007-07-19,-1.9305326126303128,-0.09015973339561874,-1.2728769260271886,-0.08221226363088716,-0.4638304116831613,0.08238390980750541,-1.8266954249293503,-0.10383718770096251
2007-07-20,-1.4384951357543447,-0.08814107375330796,-1.2659648423144774,-0.07331019196716229,-0.2972422623243395,0.08250738395568505,-1.642150986403602,0.20365585064925718
2007-07-21,-1.0855551158769698,-0.0860895316284305,-1.2463779601073466,-0.06416522719841516,-0.03708098189221982,0.08266009900699313,-1.3510536018194188,0.26549848594244896
2007-07-22,-0.8814313349598825,-0.08400638060615992,-1.2133933290891528,-0.05479349900697359,0.2665128471612493,0.08283953969223642,-1.0028408218488007,0.12140948688891828
2007-07-23,-0.7793289576650954,-0.08189285261292566,-1.1662437991002257,-0.045210462535089924,0.5405073079422963,0.08304535498680192,-0.6697944513191432,-0.10953450634595219
2007-07-24,-0.6587660792748037,-0.07975015635743254,-1.1041995392534145,-0.035431423457526715,0.7078416764309953,0.08327730191239043,-0.4282621407249882,-0.2305039385498155
2007-07-25,-0.6246928701326757,-0.07757951078397014,-1.0267204492185897,-0.025472143695371374,0.7116410135805532,0.08353750210382586,-0.33459358801355205,-0.29009928211912367
2007-07-26,-0.3764516186091907,-0.07538212226064797,-0.933557540224298,-0.015348172222400617,0.536661148576365,0.08382745131814749,-0.4037992348128342,0.02734761620364351
2007-07-27,-0.2188687237086986,-0.07315927334592237,-0.8249282789802604,-0.005078065235535794,0.21863423362553738,0.08414401985243551,-0.6003873640837458,0.38151864037504724
2007-07-28,-0.7113123869344157,-0.07091222223071288,-0.7016256640339813,0.005320274406827681,-0.16246673947529255,0.08448555462104376,-0.8451987967121153,0.1338864097776996
2007-07-29,-1.0980928259975071,-0.06864203901557364,-0.5650222448722235,0.015834949937719216,-0.5048450915674063,0.08485395349583555,-1.0378204720216488,-0.060272353975858284
2007-07-30,-1.1324157078147743,-0.06634983091934805,-0.4172109262085386,0.02645198233798448,-0.7175856935126874,0.08524751085341954,-1.08944695744917,-0.042968750365604214
2007-07-31,-1.0836826291416446,-0.06403681513846207,-0.26103089435784044,0.03715286924062905,-0.7502801733073975,0.08566119944774057,-0.9525338141153303,-0.13114881502631426
2007-08-01,-0.985156960107422,-0.06170423969871963,-0.09995446426304341,0.04791757059843188,-0.6086995914057606,0.08609215201961208,-0.6363485727494796,-0.3488083873579424
2007-08-02,-0.0287838362089954,-0.05935337897884826,0.06209590485856027,0.05872459726003931,-0.3513797381949604,0.08653803328210789,-0.20337458177310114,0.17459074556410573
2007-08-03,0.5851803155377325,-0.056985770965352414,0.22084836390544968,0.0695431073197473,-0.06892516323042741,0.0869922666215306,0.25147280365094776,0.33370751188678477
2007-08-04,0.7623812040213268,-0.05460285863711495,0.3720974428188046,0.080345479048551,0.14921619552336746,0.08745339951585773,0.6345096582694658,0.127871545751861
2007-08-05,0.7615904203686976,-0.05220596688594896,0.5120016497978197,0.0911080714617399,0.24500287794631243,0.08792136371763142,0.8838279960375545,-0.12223757566885685
2007-08-06,0.8240780358499015,-0.04979636756776158,0.6372664121955153,0.10180912341687323,0.2090354692775627,0.08839660329298611,0.9867112406151757,-0.1626332047652742
2007-08-07,0.8022585491753785,-0.0473753594917163,0.7453000244705471,0.1124260377682314,0.07956763357281793,0.08887581048972122,0.9787941468096014,-0.17653559763422288
2007-08-08,0.8908285526478663,-0.044944228780317556,0.8343328771199096,0.12293704036630108,-0.0748129475706958,0.08935503649354949,0.9268677776287467,-0.03603922498088041
2007-08-09,1.1325548555152516,-0.04250430218452826,0.9034299233407374,0.13331934937980588,-0.18215843938847204,0.08982945940360929,0.9019159905511522,0.23063886496409935
2007-08-10,1.0739901014186188,-0.04005695469720584,0.952465188487114,0.14354874243682386,-0.19283214749805594,0.09029290184387076,0.9534177305725469,0.12057237084607197
2007-08-11,1.1316990962074172,-0.0376034762233261,0.9820956072712809,0.15360408282824672,-0.09446394411390446,0.09074147762004968,1.0943737473823467,0.03732534882507044
2007-08-12,1.1711913488708423,-0.035145184762750054,0.9935633343324002,0.16346337454580528,0.08662586488841126,0.09117194672249575,1.2996793357263625,-0.1284879868555202
2007-08-13,1.424910767267056,-0.03268337383402761,0.9885604263718987,0.17310534394723356,0.29786468803006966,0.09158179431643766,1.518428878831612,-0.09351811156455603
2007-08-14,1.6413094346821469,-0.030219384922457505,0.9690256201174872,0.1825070034204745,0.47986482527216373,0.09196636513024531,1.6931444290179134,-0.05183499433576655
2007-08-15,1.9795001036345503,-0.02775452850269766,0.936979590088902,0.19164677502788152,0.5862429325702591,0.09232480610223982,1.7794395752865848,0.2000605283479655
2007-08-16,1.7432399358640802,-0.025290138289423,0.8943878124813034,0.20050257110825398,0.5964035496266769,0.09265493533103619,1.7586587302578474,-0.015418794393767143
2007-08-17,1.597770211570741,-0.022827360848538487,0.8431636477265487,0.2090590193936851,0.5196428100907219,0.09295711252420193,1.6419952288866189,-0.0442250173158778
2007-08-18,1.370691434652789,-0.020367351931491792,0.7850027257226618,0.21730099264223057,0.38856617047233843,0.09323082929944362,1.4637333662051828,-0.09304193155239382
2007-08-19,1.159349586145856,-0.017911228636674364,0.7213698818787027,0.22521546592571778,0.24753969661740266,0.09347719010083891,1.2696910058859876,-0.11034141974013156
2007-08-20,1.2487744543927473,-0.015460108217508222,0.6535229741554581,0.23279000420355506,0.13898779634061623,0.0936946392569983,1.1035353057391197,0.14523914865362753
2007-08-21,1.14510477364262,-0.013015189701210614,0.5825195947930513,0.2400099983780469,0.0911713828570691,0.09387785521308735,0.994563641540044,0.15054113210257614
2007-08-22,1.0178154398887238,-0.010577596963721285,0.5093412843212894,0.24686401163717592,0.1108344737058893,0.09402406135134168,0.9504862340519751,0.06732920583674873
2007-08-23,0.9158381246121474,-0.008148427794736865,0.43497106902502397,0.2533417364320591,0.18027716039198086,0.09412937764812501,0.9545709157024521,-0.0387327910903047
2007-08-24,0.8479681774293074,-0.005728761150887867,0.3604706573878452,0.2594336336465183,0.26046294032716893,0.09418869876492279,0.9688271689755672,-0.12085899154625979
2007-08-25,0.6353588625644288,-0.003319658403204713,0.2870326638654597,0.26513106554295696,0.30023667449177155,0.09419747131012961,0.9432782168071131,-0.30791935424268435
2007-08-26,1.017298613528261,-0.0009221103236147662,0.21603355783226263,0.2704281166122049,0.25090225986137005,0.09415402109673929,0.8305958450789621,0.18670276844929878
2007-08-27,0.7283599417458556,0.0014627324571972,0.14893501784972907,0.27531393760286516,0.08229148745565892,0.09405405011157206,0.6020572254770225,0.12630271626883316
2007-08-28,0.3014316351212477,0.0038339381490961645,0.08741496283437714,0.27978591220680854,-0.20097349285357985,0.09390207396237633,0.26396339429907834,0.037468240822169374
2007-08-29,-0.0527765193879478,0.006190630214650564,0.0332620865642277,0.28384362548660164,-0.5532855662728773,0.09370310073282642,-0.13628612327457099,0.08350960388662318
2007-08-30,-0.5768138074090337,0.00853193316941053,-0.011751574262569925,0.28748696620143754,-0.8941799285349824,0.09346296565117478,-0.5164496377755295,-0.060364169633504106
2007-08-31,-1.0442295375200146,0.010857033922674088,-0.04592601903525984,0.29071825314784516,-1.1277523303145418,0.09318778705229937,-0.7789152752269831,-0.26531426229303146
2007-09-01,-0.8054103559688118,0.013165114225744881,-0.06778518096413605,0.2935400004497388,-1.1723378590108566,0.09288395091382134,-0.8405339743856877,0.035123618416875835
2007-09-02,-0.4184294666644703,0.015455146217504665,-0.07624806765570277,0.29594775486637326,-0.9913193700944941,0.09255019239042755,-0.6636143442758915,0.24518487761142121
2007-09-03,-0.2158847274425961,0.01772605508066683,-0.07065976914873603,0.29793619787519393,-0.6117532102118858,0.09218520169338175,-0.2745655247113793,0.0586807972687832
2007-09-04,0.1708941860516541,0.019976812254184347,-0.05080199657018188,0.29950243380972935,-0.12340517673209708,0.09178880583726827,0.237060878598903,-0.06616669254724891
2007-09-05,0.6546913052126226,0.02220633032546704,-0.01698811757663605,0.30064221143661995,0.3439642085286689,0.09135854092112292,0.7411831736352428,-0.08649186842262013
2007-09-06,0.9684299440523034,0.024413498891431407,0.029917899784524207,0.30135108348263756,0.6606545270872223,0.09089090533811992,1.1072279145839354,-0.138797970531632
2007-09-07,1.1153236964653346,0.026597271682189796,0.08853342660566489,0.3016274667814086,0.7409122131441334,0.09038355794674778,1.2480539361601444,-0.1327302396948098
2007-09-08,1.2663918945285733,0.028756675982527395,0.15697717201770117,0.3014727765768027,0.5739914427212566,0.08983436867574374,1.1510324359740316,0.11535945855454166
2007-09-09,1.1791420276116205,0.03089077056992826,0.2328771085187735,0.3008898497385918,0.22991292151588802,0.08924047340812187,0.8838111237513036,0.2953309038603169
2007-09-10,0.646900450028561,0.032998720448876695,0.3134552829418721,0.29988554880442314,-0.16309690460788676,0.08860076245760858,0.5718434100448938,0.0750570399836672
2007-09-11,0.3347506372157174,0.03507984367719092,0.39564574327409174,0.29847223031854997,-0.4627215221052178,0.08791456724825596,0.35439086241287077,-0.01964022519715336
2007-09-12,0.2217249756861272,0.03713340494017261,0.4760687615782359,0.2966607047590504,-0.5630318996028683,0.08717990634228034,0.334010878016871,-0.11228590233074381
2007-09-13,0.3285133014730837,0.03915861067828182,0.5511496396694008,0.2944599145966045,-0.4307196753966237,0.08639422784065375,0.5404427173883172,-0.21192941591523345
2007-09-14,0.7675772248935467,0.04115459753268595,0.6172734672814416,0.2918764618150694,-0.11409106826853273,0.08555388027332012,0.9217673386339843,-0.15419011374043756
2007-09-15,1.5950688516323042,0.04312040768765607,0.6709420186215106,0.2889136962863727,0.2782150029915406,0.0846551688468125,1.3658462944338925,0.22922255719841167
2007-09-16,1.8943161533488488,0.0450549845184304,0.7089705219994802,0.2855714606957448,0.6200016210158282,0.08369389339908104,1.7432924816285646,0.1510236717202842
2007-09-17,1.8792165086953616,0.046957460796234515,0.7288149037383158,0.281856058206369,0.8153764728462591,0.08267263086924251,1.955677526456421,-0.0764610177610594
2007-09-18,1.881687746054764,0.04882710456563882,0.7287386413586057,0.27777821262938024,0.8305651950615266,0.08159600861422603,1.967505162229377,-0.08581741617461303
2007-09-19,1.7835426667472127,0.05066322671942787,0.7078900304382055,0.273349719495904,0.6988630786757162,0.08046806096148802,1.8112341162907417,-0.02769144954352898
2007-09-20,1.7163686168357386,0.05246521235011614,0.6663754837802094,0.26858465624908723,0.4989062834800254,0.07929397230750074,1.565625608166939,0.15074300866879953
2007-09-21,1.4136072708540726,0.05423246848387503,0.6052563601985919,0.263497553713899,0.3162536898817588,0.07807694345920053,1.3173170157373253,0.09629025511674727
2007-09-22,1.1551654059347432,0.05596449713398934,0.5265425827826361,0.2581054374130872,0.20614955742371355,0.07681693565835077,1.123579010411777,0.03158639552296605
2007-09-23,0.9573160097252894,0.05766082241580435,0.43297624929284184,0.25242574437895193,0.172401140433953,0.07551668078065324,0.9909806373022042,-0.033664627576914796
2007-09-24,0.6165752287451756,0.05932096795521222,0.3278779990855774,0.24647564321082932,0.1712763909527485,0.07417825412705559,0.8791292553314229,-0.2625540265862474
2007-09-25,0.3201118485153242,0.06094452025105763,0.21496064501410272,0.24027424057833857,0.13728188358264048,0.07280524225900792,0.7262665316851473,-0.4061546831698231
2007-09-26,0.8233114759000464,0.062531083135086,0.09806410489559156,0.23384082295081002,0.017650668107664066,0.07140223825842995,0.48348891734758165,0.33982255855246474
2007-09-27,0.4613750089349815,0.06408005440511547,-0.01917030607730803,0.22718716536182945,-0.20043591113263667,0.06996787822917973,0.14162888078617997,0.31974612814880154
2007-09-28,-0.2089342372768964,0.06559111722533002,-0.13327638977580034,0.22033425618742414,-0.4787221289320293,0.06850519183690376,-0.25756795345817174,0.04863371618127535
2007-09-29,-0.551502481258598,0.06706408135850658,-0.24125657668187106,0.21330681407569405,-0.7418179283748992,0.06702048230798188,-0.6356831273145878,0.08418064605598974
2007-09-30,-0.8859998334995011,0.06849868251239626,-0.34080984951397614,0.2061261150045712,-0.9072849918406884,0.06551617882166942,-0.9079538650160277,0.02195403151652664
2007-10-01,-1.567609997455518,0.06989466242842357,-0.4303817795141546,0.19881284034555732,-0.917448623396781,0.06399305653811777,-1.015129843598837,-0.552480153856681
2007-10-02,-1.0249563917429425,0.07125187789541165,-0.5091782905849961,0.19139095566074435,-0.7605131586145483,0.06245828704152181,-0.9445903286018666,-0.08036606314107586
2007-10-03,-0.4841684704184028,0.07256982311074549,-0.5772941297764835,0.18387073921856473,-0.4751084658299254,0.060908091014974616,-0.7350539422621241,0.2508854718437213
2007-10-04,-0.3272522700377044,0.07384799957930437,-0.6354250844327207,0.17626148542916287,-0.13299236782719384,0.059338535214195756,-0.4589694320372516,0.1317171619995472
2007-10-05,-0.212300527228224,0.07508603728931491,-0.6846333172316263,0.1685757109112196,0.18772116730326233,0.05774962127930964,-0.19550078044851985,-0.016799746779704167
2007-10-06,0.2070841295560964,0.07628360253324337,-0.7261704073989476,0.1608258632783019,0.4272699398824413,0.056142776007451524,-0.005648225697509467,0.21273235525360587
2007-10-07,-0.0127639299062451,0.07744028589185223,-0.7612821917671981,0.15302070854276353,0.5582164571055478,0.05451629676171611,0.08191155653468153,-0.09467548644092663
2007-10-08,-0.2945006950657008,0.07855588860165706,-0.7908825885117745,0.14517552576854928,0.5864344145907738,0.052874884355499155,0.07215812480470486,-0.36665881987040566
2007-10-09,0.0030865604436138,0.07963025958615622,-0.8154626267412439,0.1373064575316402,0.5386280910255434,0.05122512201240177,-0.008672696585502335,0.011759257029116135
2007-10-10,0.1238164710827634,0.08066310302670236,-0.8350647154568068,0.12942385650901528,0.44550355398185737,0.049569275359565436,-0.12990492657966637,0.2537213976624298
2007-10-11,-0.3572440617540537,0.08165420043198972,-0.8491453454142377,0.12154006649465815,0.33015624280501177,0.047910888931276124,-0.267883946751302,-0.0893601150027517
2007-10-12,-0.3876907106737993,0.08260353524521837,-0.8565400935989518,0.11367334518027136,0.2040632268887681,0.046254438663408136,-0.4099455476212858,0.022254836947486534
2007-10-13,-0.2949731222468951,0.0835109784221796,-0.8557532798060972,0.10583726631943034,0.06911750149253193,0.0446004182750141,-0.5526871152969413,0.25771399305004616
2007-10-14,-0.7339384213999562,0.08437637684319393,-0.8451019930098094,0.09804399982842016,-0.07482763807567133,0.04294882728586774,-0.6945604271279988,-0.03937799427195743
2007-10-15,-1.1047385588577108,0.08519974809289461,-0.8228419240503181,0.09031113594376178,-0.22313721071453813,0.04130462349424006,-0.8291636272339598,-0.275574931623751
2007-10-16,-1.0095310508612243,0.08598110102094456,-0.7874711068613197,0.08265532771916068,-0.36543526058168063,0.039671835490107284,-0.9445981032127877,-0.0649329476484366
2007-10-17,-1.0742067442350642,0.0867203144665537,-0.7380206304120619,0.07508830673425249,-0.4886838043721401,0.03805321083154843,-1.0268426027518474,-0.04736414148321688
2007-10-18,-0.9764473679656708,0.0874173140949023,-0.674134154664211,0.06762299155460799,-0.580658015766733,0.03645375877161121,-1.0632981060098228,0.086850738044152
2007-10-19,-0.9921872735540695,0.08807196487693032,-0.5962029310036906,0.060269620836176145,-0.6329635944177283,0.0348751608622316,-1.0459497788460808,0.05376250529201121
2007-10-20,-0.8563790611685983,0.08868415302820079,-0.5053758739355956,0.05303839834449993,-0.6402713378843726,0.03331854952867218,-0.9706061109185954,0.11422704974999709
2007-10-21,-0.6834354298364745,0.08925371138702522,-0.4035683012940193,0.04593698122323068,-0.5980924643115146,0.03178417042396579,-0.8346859025713124,0.15125047273483783
2007-10-22,-0.7318304895845663,0.08978045595808427,-0.2933257068723397,0.03897168202939101,-0.5009276614715527,0.03027123490929352,-0.6352299954471237,-0.09660049413744265
2007-10-23,-0.5321121916999407,0.090264269417615,-0.17761711621183027,0.03215013128588825,-0.34376820550853593,0.02877944473340771,-0.3701914762834552,-0.1619207154164855
2007-10-24,0.0894168382482429,0.0907049774158627,-0.05971079054117663,0.02547699230163568,-0.1283611024294356,0.027308517938809465,-0.04458140531430439,0.1339982435625473
2007-10-25,0.1351671403721196,0.09110229602574678,0.057046241700442764,0.018952062245148893,0.12958873159272166,0.025854160996373214,0.3225434925604333,-0.1873763521883137
2007-10-26,0.4988591978220493,0.0914561314657912,0.16957335092520018,0.01258058721482401,0.3977686638283307,0.024415886058921272,0.6957946194930674,-0.19693542167101813
2007-10-27,1.2306885553724458,0.09176632152594753,0.2751084476322008,0.00636430320546888,0.6294969819962944,0.022990027491894664,1.0257260818518064,0.20496247352063945
2007-10-28,1.347013712037202,0.0920326340625843,0.37131389538159737,0.00030144480005514507,0.7749750110149326,0.02157055345161177,1.260193538710781,0.08682017332642111
2007-10-29,1.1847503859606652,0.09225505659403259,0.45647203741933917,-0.005603274537283168,0.7984432514491617,0.020154219444289457,1.3617212903695397,-0.17697090440887453
2007-10-30,1.7381308617365008,0.09243369927047748,0.5294117741813721,-0.011341967461949612,0.6919975373301919,0.018738090943569406,1.3212391342636614,0.4168917274728394
2007-10-31,1.2520623072655273,0.09256850554014259,0.5892676544068177,-0.016913343034388822,0.48034043070670246,0.01731495522081071,1.1625782028400846,0.08948410442544263
2007-11-01,0.7091625580766882,0.09265976087291032,0.6355827996743432,-0.022305152772168033,0.2169470654722422,0.015887339954500274,0.9387718132018279,-0.22960925512513974
2007-11-02,0.4908395423825855,0.09270778113955666,0.6680332150055518,-0.027504787317993384,-0.033207925454735054,0.014459443179781427,0.7144877265521615,-0.22364818416957605
2007-11-03,0.5902888793578971,0.09271279175017305,0.6862554578455651,-0.03250365345447024,-0.2142244285942112,0.013033216859103905,0.5452733844061606,0.04501549495173651
2007-11-04,0.3320797062243441,0.09267492273926625,0.6897521173661958,-0.03729726041760803,-0.29506419312843646,0.011610217250863529,0.46167580381028106,-0.129596097585937
2007-11-05,0.4904450386004161,0.09259440472939064,0.6779854749797093,-0.041878715327156674,-0.2741594046428808,0.01019392374554281,0.4647356834846052,0.025709355115810906
2007-11-06,0.6612878019580143,0.09247134341436816,0.6503136478692719,-0.04624631792336932,-0.17408622862518,0.00878499439790617,0.5312374391329969,0.13005036282501736
2007-11-07,0.9062997884379868,0.09230583253742342,0.6061669428644042,-0.05039959806018826,-0.027432277449778563,0.0073826742360922045,0.628023574127953,0.2782762143100338
2007-11-08,0.6709668080394431,0.09209794208250498,0.5452228528215295,-0.05433968101771523,0.1368369411532206,0.005983246559325944,0.7258013015988658,-0.054834493559422715
2007-11-09,0.6880249909651557,0.09184791209597513,0.46766664372465433,-0.05806270433157486,0.30082878750547165,0.004587416409244127,0.8068680554037704,-0.1188430644386147
2007-11-10,0.7307657208823201,0.09155592582611574,0.3742985636381389,-0.061567615018173635,0.45411609842362366,0.0031919261890981064,0.8615948990588028,-0.13082917817648276
2007-11-11,0.911509546625552,0.09122217162944597,0.26672973404654887,-0.06485407478774143,0.5846987874086731,0.0017898052154752709,0.8795864235124018,0.031923123113150154
2007-11-12,0.7417473419802353,0.09084683282877054,0.1474323053193579,-0.0679227822164631,0.6700264582928228,0.0003748053450300631,0.8407576195695182,-0.09901027758928294
2007-11-13,0.9774744326156878,0.09043024592225088,0.019785640489578246,-0.07077006226138252,0.6762434912300711,-0.0010509213580501798,0.7146383940224675,0.26283603859322024
2007-11-14,0.4977657088154595,0.0899726389429266,-0.1120753590701195,-0.07339695959661079,0.5668248166576041,-0.002490816054712546,0.4688343208790879,0.028931387936371622
2007-11-15,-0.0645436378663956,0.08947447554330562,-0.24335349851896987,-0.07579703314658845,0.3214250811007818,-0.003937879339932795,0.08781114563859628,-0.15235478350499188
2007-11-16,-0.5180415712720721,0.08893626695529308,-0.3689349503635636,-0.07796313955801425,-0.04741667398658038,-0.0053819921064938376,-0.41076048905935897,-0.1072810822127131
2007-11-17,-1.0456896519846497,0.08835850817868711,-0.4837435505011959,-0.07988967439595455,-0.4866250503228817,-0.00681342407718498,-0.96871319111853,-0.07697646086611964
2007-11-18,-1.494948177525062,0.08774170756384157,-0.5830604541019344,-0.08157150577734917,-0.9101681505551849,-0.008226109399354828,-1.4952845122699816,0.0003363347449196752
2007-11-19,-1.6164497567822873,0.08708635461919549,-0.6629314254619314,-0.08300493948510745,-1.2220379395483105,-0.0096142685419767,-1.8905022184181306,0.2740524616358433
2007-11-20,-1.8158398060725784,0.08639284527884061,-0.7204831496954931,-0.08419075315476583,-1.3465987702856461,-0.010978327811516543,-2.0758581556685813,0.2600183495960029
2007-11-21,-2.0946244398749867,0.08566160619934558,-0.7541431077128988,-0.08512951793018209,-1.2535864869658224,-0.012315976481325158,-2.0195134828908827,-0.07511095698410397
2007-11-22,-1.9114046085222904,0.0848930703325765,-0.7637274088769886,-0.08582289591805611,-0.9685650303329109,-0.013629315532794336,-1.7468515803281732,-0.1645530281941172
2007-11-23,-1.6872411243420449,0.08408752494898224,-0.7505624138257049,-0.08627872562579726,-0.5644496917391851,-0.014923400069894713,-1.3321267063115998,-0.3551144180304451
2007-11-24,-1.0763265855623134,0.08324523408007897,-0.7173011515908755,-0.08650692611798176,-0.13611641707146654,-0.016203994491759955,-0.8728832551920046,-0.20344333037030882
2007-11-25,-0.1999363711818333,0.08236634646575652,-0.6677476053310454,-0.08652222713609287,0.22964760076220378,-0.017476114674535945,-0.4597319999137139,0.25979562873188056
2007-11-26,0.1599785145762429,0.08145094406889515,-0.6064621754727376,-0.08634283525830626,0.4780693348151736,-0.018746978989286133,-0.15203171083626116,0.31201022541250406
2007-11-27,0.1335490984416147,0.08049929093150175,-0.5382551477413103,-0.08598174785878984,0.5958764825078642,-0.02001899862897714,0.032119879210288596,0.1014292192313261
2007-11-28,0.1161211481366411,0.07951179909814614,-0.4677955738141492,-0.08544758423357002,0.60323450954024,-0.021289866077194512,0.10821328451347245,0.007907863623168643
2007-11-29,-0.0379018808126848,0.07848889967439611,-0.3992725397331864,-0.08474887379663723,0.5351516256288862,-0.02255790005932389,0.10706121171413475,-0.14496309252681955
2007-11-30,-0.1766685454035361,0.07743107422096102,-0.3360437862329589,-0.08389316976510466,0.4235783413877224,-0.02382458523729563,0.057247874373324244,-0.23391641977686034
2007-12-01,-0.0585923945492595,0.07633881010519289,-0.2804594845895209,-0.0828882971107534,0.28809094695172077,-0.025092215237508476,-0.024010239880869134,-0.03458215466839036
2007-12-02,0.0560591726859698,0.07521252856266374,-0.2337923501736594,-0.08174475863288294,0.13841723026272157,-0.02636399630723721,-0.12827134628839423,0.18433051897436403
2007-12-03,-0.2230216335643726,0.07405265995934443,-0.1961887328758219,-0.08047337601442331,-0.014536161057178837,-0.027643534048990403,-0.24478914403707,0.0217675104726974
2007-12-04,-0.3740985873778256,0.07285977016657486,-0.16674350851390152,-0.07908079633938553,-0.14824450870718237,-0.028927596600776338,-0.3501366399946709,-0.023961947383154714
2007-12-05,-0.383374028886511,0.07163439838497895,-0.1437646219069829,-0.07757505047480007,-0.22820286506501003,-0.030210351773565933,-0.40811849083538,0.02474446194886898
2007-12-06,-0.3782240351386365,0.07037703764680824,-0.12498945009603989,-0.07596675340294085,-0.21895394699007617,-0.03149065012520681,-0.38102376296745544,0.002799727828818932
2007-12-07,-0.2974053842222359,0.06908818455525587,-0.10787401463910733,-0.07426735886920433,-0.1025565607340766,-0.03276835592428994,-0.24837810561142232,-0.049027278610813574
2007-12-08,0.0059665138536273,0.06776831593049287,-0.0898959650426626,-0.0724899263896151,0.10479086468865102,-0.034045170555953456,-0.023871881369087265,0.029838395222714566
2007-12-09,0.2152691536072464,0.06641784607104066,-0.06886247572407021,-0.07065032291836315,0.3483591282043405,-0.03532314465002813,0.2399410309829197,-0.02467187737567328
2007-12-10,0.4489153701399806,0.06503721463118932,-0.043066813296171166,-0.068764110570486,0.5485011681496434,-0.03660466294284151,0.4651027959713341,-0.016187425831353464
2007-12-11,0.5400715620265032,0.0636268527441166,-0.011468051708431275,-0.06684720577963298,0.6280057315535934,-0.03789061428821567,0.5754267125214301,-0.03535515049492688
2007-12-12,0.5605281080054434,0.06218724007725338,0.026255079460956926,-0.06491364672520883,0.5431216711036942,-0.039177275603442044,0.5274730683132536,0.033055039692189814
2007-12-13,0.4462047528836069,0.06071889237330837,0.0697275002160709,-0.06297607191512225,0.30386905152179305,-0.040459121942715726,0.33088025025333434,0.11532450263027255
2007-12-14,0.1537436086164481,0.05922238273431635,0.11801881055305032,-0.06104547189081626,-0.026095345179717573,-0.041735780120813526,0.048364596096019286,0.1053790125204288
2007-12-15,-0.3102206761606947,0.057698378476845,0.16973790083177118,-0.05912971905652274,-0.35156095913854724,-0.04300569446835077,-0.22626009335480457,-0.08396058280589014
2007-12-16,-0.5170084515406631,0.05614763595338146,0.22317161547214537,-0.05723368927726055,-0.5812882542870512,-0.044264945012735424,-0.4034676371515204,-0.11354081438914271
2007-12-17,-0.5500793079450069,0.054570842766600916,0.2764094977909582,-0.0553646370712277,-0.6623378972338634,-0.04551459557919704,-0.43223678932672904,-0.11784251861827788
2007-12-18,-0.4275921297263734,0.05296862798892614,0.32750954409809513,-0.0535315197059069,-0.5973701897150072,-0.04675825128868538,-0.31718178862257823,-0.11041034110379516
2007-12-19,-0.0345555572264525,0.05134157060363434,0.37463465389532474,-0.051744467411523554,-0.43809520503886756,-0.0479963601518156,-0.11185980810324761,0.0773042508767951
2007-12-20,0.1457194473546848,0.04969015127779918,0.4162259693039354,-0.05001664012214834,-0.2583692883098496,-0.049231368459963024,0.1082988236897736,0.03742062366491121
2007-12-21,0.5078006840145876,0.048014895521672034,0.4511871281309916,-0.048358839223043376,-0.11888716162550444,-0.05046102533077405,0.2814949974733417,0.22630568654124583
2007-12-22,0.6093549256211056,0.04631625782311244,0.47897165425292,-0.04678377850299223,-0.041579997178078705,-0.05168590533041704,0.38523823106454447,0.22411669455656114
2007-12-23,0.5827408872984043,0.044594773663064476,0.4997201383972871,-0.04530130159185303,-0.003924229137091402,-0.052907135393221595,0.4421822459381855,0.14055864136021884
2007-12-24,0.2027163079724415,0.04285102158380344,0.5142278563628246,-0.043919305290419666,0.04298363878916312,-0.05412517399495502,0.5020180374504165,-0.299301729477975
2007-12-25,0.2415827266861501,0.04108569024404855,0.5238956099357227,-0.042641065872314005,0.14259081808045426,-0.055335882936816176,0.6095951694510954,-0.36801244276494527
2007-12-26,0.4041087685047174,0.03929935242314328,0.5305722408982383,-0.04147386534399202,0.30178636717370083,-0.056545663700037906,0.7736384314510525,-0.3695296629463351
2007-12-27,1.0985548689723523,0.037492572704800754,0.5363686484766159,-0.0404248491969837,0.4786506915332822,-0.05776138365385925,0.954325679863856,0.14422918910849636
2007-12-28,1.323408169342068,0.03566576340541664,0.5433722260664718,-0.03950540079980549,0.5946601403608819,-0.05899368887797853,1.0751990401549862,0.24820912918708182
2007-12-29,1.4680442813726515,0.03381948740776856,0.5535182153898274,-0.038720440606009494,0.5695678816103071,-0.060246491046100956,1.0579386527557926,0.41010562861685895
2007-12-30,1.1510080599279782,0.031954335113242416,0.568323812280861,-0.038072944500381255,0.3611250792274043,-0.061524626781153904,0.8618056553399726,0.2892024045880056
2007-12-31,0.4810390141773645,0.03007104454459404,0.5886789503985737,-0.037559492974514684,-0.006244349492629593,-0.0628252789601416,0.5121208735158819,-0.03108185933851737
2008-01-01,-0.37779798089035,0.028170474290281928,0.6146567852146211,-0.037171359891727124,-0.43932944460343637,-0.06413857151772402,0.1021878834920155,-0.4799858643823655
2008-01-02,-0.4285856220084919,0.026253557731082296,0.6454106978930907,-0.03689667876397748,-0.8032467288554349,-0.06545184792542434,-0.2339309999206638,-0.19465462208782808
2008-01-03,-0.5671221038931006,0.024320986360338782,0.6790675329299628,-0.03673192588466078,-0.9692168784587263,-0.06676414385399443,-0.36932442890707995,-0.19779767498602063
2008-01-04,-0.0748196960275634,0.02237348177074996,0.71290134105188,-0.03667241538386394,-0.8616662243142288,-0.06807384258771458,-0.23113765946317738,0.156317963435614
2008-01-05,0.3094045679534905,0.0204115708288116,0.7434318253503754,-0.036719946495704904,-0.48959758909871215,-0.069384964745701,0.16814089583906905,0.14126367211442142
2008-01-06,0.935555379376694,0.018435797551305633,0.7668097696396423,-0.0368755218474177,0.05356257696224066,-0.07070222032929588,0.731230401976475,0.20432497740021893
2008-01-07,1.222492209944492,0.016446626049780717,0.7791133154410698,-0.03714250820679118,0.6191413269823018,-0.07203210011116515,1.3055266601551958,-0.08303445021070388
2008-01-08,1.6840331933157695,0.014444631203784888,0.7768000882248823,-0.037519959182163894,1.052366502497896,-0.07337620911977824,1.7327150536246212,-0.04868186030885169
2008-01-09,2.0661964126241945,0.012430346403613306,0.7570342851346284,-0.03800801003520639,1.2409710627496544,-0.07473909364167011,1.8976885906110197,0.16850782201317482
2008-01-10,1.91520059200496,0.010404348796341516,0.7180230625464111,-0.038604784723881694,1.147946426619707,-0.07612418508268287,1.7616448681558952,0.1535557238490648
2008-01-11,1.129625038513162,0.008367394920430427,0.6593036389871881,-0.039301719150987444,0.8175419878183403,-0.07753076695744625,1.3683805356175252,-0.23875549710436306
2008-01-12,0.5303585229579992,0.00632045539589622,0.5818422922091206,-0.04008229037561586,0.3542310965555879,-0.07895062073816879,0.82336093304682,-0.2930024100888208
2008-01-13,0.3019083129972364,0.004264457242669118,0.48791622828264236,-0.04093111048536821,-0.11607446746271972,-0.08037769474083352,0.25479741283639,0.0471109001608464
2008-01-14,-0.1721052246531384,0.002200229334398006,0.38092048226371145,-0.041835719453166845,-0.4858814396031356,-0.0818069075870384,-0.2264033550452314,0.054298130392093
2008-01-15,-0.5029474113779727,0.0001286859063569491,0.2652039440182473,-0.04278056581160416,-0.6934649446292427,-0.0832304123810113,-0.5541432928972538,0.05119588151928112
2008-01-16,-0.6144415508822885,-0.001949292275934666,0.1456791714708905,-0.04375107788480247,-0.7324784386348112,-0.08464006262219104,-0.7171396999468489,0.10269814906456043
2008-01-17,-0.6420839584832603,-0.004032894972210071,0.027435789161654234,-0.04473486184085803,-0.6426593537949045,-0.08602975814337777,-0.7500210795896961,0.10793712110643583
2008-01-18,-0.6346455835766105,-0.0061213470713066325,-0.08464286827198911,-0.04572029961920255,-0.4882037562118677,-0.0873938404363044,-0.7120821116106704,0.07743652803405987
2008-01-19,-0.8932301414543053,-0.0082139028142242,-0.1862329101347513,-0.04669637514418632,-0.3333206452867864,-0.08872844276138095,-0.6631922761413291,-0.2300378653129762
2008-01-20,-0.8212913516179882,-0.010309759499458069,-0.2738541008569189,-0.0476494481133747,-0.22264550474188577,-0.09002716173815349,-0.644485974949791,-0.17680537666819718
2008-01-21,-0.554973393772925,-0.012408240631218969,-0.3451603420147361,-0.04856972737188895,-0.1723483496744626,-0.09128845066377442,-0.6697751103560811,0.11480171658315608
2008-01-22,-0.525183488801683,-0.014508746288715582,-0.399059412382457,-0.04944964417334309,-0.17048390118165183,-0.09251228934963603,-0.7260139933758035,0.20083050457412055
2008-01-23,-0.7947094816777007,-0.01661062366758178,-0.43568057164640384,-0.050279415733150964,-0.18481869351279892,-0.0936956026595066,-0.781084907219442,-0.01362457445825871
2008-01-24,-0.8238312702881359,-0.018713154479925175,-0.4562457865841115,-0.05104698905650694,-0.17557808493247817,-0.09483720703701293,-0.7964212220900347,-0.02741004819810111
2008-01-25,-0.8724021218180151,-0.020815694932990108,-0.46299827235432867,-0.05174292868481778,-0.1099139861615793,-0.09593801007819784,-0.7414088922119138,-0.13099322960610138
2008-01-26,-0.7569709203274081,-0.02291759403153423,-0.4589487162241763,-0.05235761534383363,0.026517456025711456,-0.09699688979712713,-0.6047033593709599,-0.15226756095644822
2008-01-27,-0.4647690457847098,-0.02501825792536075,-0.44760486066348004,-0.052883508246386456,0.22203302638957137,-0.09801504004422489,-0.40148864048988075,-0.06328040529482903
2008-01-28,0.0084112944659094,-0.027117152820097235,-0.4326625006725796,-0.05331545441477912,0.4384362056703607,-0.09899820117636268,-0.17365710341345794,0.18206839787936735
2008-01-29,0.1787330272883007,-0.02921378832425755,-0.41777899775292343,-0.053649610451107346,0.6188380226544818,-0.0999469757179589,0.018248650408234604,0.16048437688006612
2008-01-30,0.2655474445863677,-0.03130759368426931,-0.40621392339727114,-0.053879301558832596,0.703679448986408,-0.1008581767538252,0.11142045359220974,0.15412699099415794
2008-01-31,0.1616559596752104,-0.033397990931037715,-0.40061445694908593,-0.05399771200493223,0.6502315529160615,-0.1017305299623531,0.06049086306865248,0.10116509660655792
2008-02-01,-0.2611987386441662,-0.03548435248566728,-0.4028448155968052,-0.05399664728213881,0.4507882878339411,-0.10256310514379871,-0.1441006326744689,-0.1170981059696973
2008-02-02,-0.8408220222907794,-0.037565949694437106,-0.41390697804700116,-0.05386466368309672,0.14212486736168797,-0.10334914853724414,-0.46656187260009113,-0.37426014969068827
2008-02-03,-0.9842930497869676,-0.039642012795417625,-0.43391742925870624,-0.05358940420652175,-0.19962508142838287,-0.10408126533512149,-0.83085519302415,-0.15343785676281763
2008-02-04,-1.1081263238880277,-0.04171191500328935,-0.4622228278625412,-0.05316408018647763,-0.4796732821478281,-0.10475750246127562,-1.1415296076614119,0.033403283773384196
2008-02-05,-1.234792924291768,-0.04377503735553837,-0.4974677304498017,-0.05258277694260143,-0.6141361796789467,-0.10537373084681607,-1.3133354552737044,0.07854253098193653
2008-02-06,-1.1271727218097145,-0.04583077859147767,-0.5377184029859786,-0.05184069179566985,-0.5602002660232578,-0.10592573710567314,-1.3015158765020571,0.17434315469234263
2008-02-07,-0.870004884109531,-0.04787863950270448,-0.5806535556127673,-0.05093690412512282,-0.3351414301371988,-0.10641338981496817,-1.1210239191927616,0.25101903508323054
2008-02-08,-0.7983382844067471,-0.0499181916982807,-0.6237448605197359,-0.04987323432960164,-0.014867031173249546,-0.10683894481404983,-0.8452422625349176,0.04690397812817049
2008-02-09,-0.5997144407723509,-0.05194897437806602,-0.6644049169328192,-0.048650669847782956,0.2894961560178313,-0.10720433435837286,-0.5827127394992098,-0.017001701273141157
2008-02-10,-0.5606825974844878,-0.053970600227988066,-0.7002160187286288,-0.04727267972741327,0.4690246929363507,-0.10751434925368009,-0.4399489550013595,-0.12073364248312829
2008-02-11,-0.7858953391376229,-0.055982657050620575,-0.7290796284598283,-0.045741783511347285,0.4565346294631122,-0.1077716185124529,-0.48204105807113684,-0.30385428106648604
2008-02-12,-0.8498970280212953,-0.05798466375146729,-0.7493597736837407,-0.04405811850548378,0.2523756206500898,-0.10797366155205829,-0.7070005968426603,-0.14289643117863504
2008-02-13,-0.990927545920222,-0.05997620594573998,-0.7600481482051703,-0.04222404749767669,-0.07441988319047245,-0.10811710835281589,-1.0447853931918754,0.053857847271653325
2008-02-14,-1.23181399950656,-0.06195687546362059,-0.7607912533102202,-0.04024211276940001,-0.40972823045414763,-0.10819749734070358,-1.3809159693380921,0.14910196983153212
2008-02-15,-1.532793749463622,-0.0639262544905884,-0.7518914511336483,-0.03811489642070978,-0.6352508891936809,-0.10821016771976524,-1.5973936589583926,0.06459990949477068
2008-02-16,-1.3119549576058762,-0.06588391776398846,-0.7342632367239272,-0.035845400033754804,-0.6712558620497807,-0.10815094239335725,-1.6153993589648086,0.30344440135893236
2008-02-17,-1.392457156963966,-0.06782961348318954,-0.7093822425041004,-0.03344361599833294,-0.5053727185104709,-0.10802571816483664,-1.4240539086609303,0.03159675169696419
2008-02-18,-1.2609202864617,-0.06976300151036592,-0.679048267768992,-0.03091760858824142,-0.19449798637872845,-0.10784109729198744,-1.0820679615383153,-0.17885232492338465
2008-02-19,-0.9526391017669256,-0.07168379365164773,-0.6452947588571799,-0.02827821360815974,0.1576500852845143,-0.10760531529295003,-0.6952119961254232,-0.2574271056415024
2008-02-20,-0.3328185658936269,-0.0735917442620192,-0.6102061883963095,-0.025538397554972628,0.44004998799978945,-0.10732559061408954,-0.3766119328276014,0.04379336693397451
2008-02-21,-0.1465934863260586,-0.07548670147003884,-0.5757255113296109,-0.02271497195564144,0.5745124895302588,-0.10701134794352264,-0.20642604316855506,0.05983255684249647
2008-02-22,-0.2659025604773517,-0.077368385783482,-0.5433979170466904,-0.019820534268455522,0.5421129236487927,-0.10666426896405075,-0.20513818241388598,-0.06076437806346574
2008-02-23,-0.3745953129239056,-0.0792364577396342,-0.5141914650506733,-0.01686586313437282,0.3846268291590826,-0.10628658919381916,-0.3319535459594168,-0.04264176696448879
2008-02-24,-0.2386747692332071,-0.08109060928985976,-0.4884450954768628,-0.013862870447806954,0.18258253564816646,-0.10588099020780287,-0.506697029774166,0.2680222605409589
2008-02-25,-0.7097642370381428,-0.08293062865328263,-0.4658517611398828,-0.01082677430719994,0.020185346930258447,-0.10545067297623563,-0.6448744901463426,-0.06488974689180027
2008-02-26,-0.8597402139914437,-0.08475614479155691,-0.4453490873653572,-0.007767220642230746,-0.04722629885548578,-0.104992024218967,-0.6900907758735978,-0.16964943811784594
2008-02-27,-0.5330047592063059,-0.08656690777781274,-0.4252650793214212,-0.004698253791071083,-0.013513525433233337,-0.10450798672282456,-0.6345517530463629,0.10154699384005705
2008-02-28,-0.3568591762375056,-0.08836280334889202,-0.40351130500288607,-0.0016385823834090818,0.07968990671465967,-0.1040014723518336,-0.5178242563723612,0.16096508013485555
2008-02-29,-0.5975673640638011,-0.09014365988930576,-0.37765983510049844,0.0013948972658290593,0.16389509960343984,-0.10347287626215716,-0.40598637438269247,-0.1915809896811086
2008-03-01,-0.3543396725031639,-0.09190916984829421,-0.3451049365538179,0.004389763312519675,0.17336939386753478,-0.10292157761538075,-0.36217652683743845,0.007836854334274557
2008-03-02,-0.3138958931385213,-0.09365915793002264,-0.3034450316573222,0.007329184743829147,0.0704703780327818,-0.1023523104437882,-0.42165693725452214,0.10776104411600085
2008-03-03,-0.6238032875372509,-0.09539336757590179,-0.2506985138634896,0.010199614406643506,-0.13966706205086826,-0.10176392619419916,-0.5773232552778154,-0.04648003225943553
2008-03-04,-0.826099963604243,-0.09711144856340567,-0.18549262078001988,0.012991073943196048,-0.41139645475300934,-0.10115591077669665,-0.7821653609299355,-0.04393460267430749
2008-03-05,-1.069099291114643,-0.09881311356559005,-0.10735574518398426,0.015692208834228193,-0.67504611957708,-0.10053034649081512,-0.9660531159832413,-0.1030461751314018
2008-03-06,-1.1858073065034616,-0.10049809703603735,-0.01686327781775234,0.018291746000695795,-0.8589247765910729,-0.09988814872550579,-1.0578825541696726,-0.12792475233378897
2008-03-07,-0.916927617062947,-0.1021662040758116,0.08429136793484196,0.0207763740288633,-0.9097344882117874,-0.09923126896771349,-1.0060642192916072,0.08913660222866016
2008-03-08,-0.6564033784862839,-0.10381738609265506,0.1933151986857328,0.02312804548051753,-0.8053903434769386,-0.09856501266954738,-0.7913294980728908,0.13492611958660683
2008-03-09,-0.1354643929515777,-0.10545161487385629,0.306523273267408,0.02532821453582665,-0.5575888409765433,-0.09789409563935807,-0.429083063686523,0.2936186707349453
2008-03-10,0.0576147271940933,-0.10706895167603152,0.4195716674701958,0.027355112183053636,-0.20730425206589714,-0.09722730385998322,0.03532627205133755,0.02228845514275575
2008-03-11,0.3893317443025778,-0.10866935831321271,0.5278379252465656,0.02919042402408862,0.18534157416805053,-0.09657096370053539,0.5371296014249566,-0.1477978571223788
2008-03-12,0.770824087428504,-0.11025284194720571,0.626679959717805,0.030814965184548897,0.5518656514132478,-0.09593030973241543,1.0031774246359806,-0.23235333720747664
2008-03-13,1.2801702171998282,-0.11181944378996858,0.71181647330791,0.032209049160459725,0.8273691646777145,-0.09531366519106457,1.3642615781650511,-0.08409136096522296
2008-03-14,1.3858026012015998,-0.11336924021144715,0.7796052187731362,0.03335260160594124,0.9623977424811383,-0.09472966508385101,1.5672566575649176,-0.1814540563633178
2008-03-15,1.7107751956075463,-0.11490217324107664,0.827342248926959,0.03423122971956912,0.934582553663632,-0.09418028080099336,1.58707357826809,0.12370161733945628
2008-03-16,1.659846053123357,-0.11641824203988448,0.8533514547473958,0.03482963417468727,0.7556390478720408,-0.09366738806252657,1.4337345066917129,0.2261115464316441
2008-03-17,1.3758100475444843,-0.11791731610402044,0.8571514226065627,0.03513767708812817,0.47303458719620617,-0.09318957847625843,1.1542167923106181,0.2215932552338662
2008-03-18,0.8271450531233383,-0.11939916951745197,0.8393974912009359,0.03514944532100746,0.161146752969178,-0.09273980875285436,0.823554711220815,0.0035903419025232752
2008-03-19,0.3646174392989986,-0.12086348746789755,0.8018135627610191,0.034862932190186276,-0.0972723030164084,-0.09230917438944325,0.5262315300774563,-0.16161409077845768
2008-03-20,0.2398270381409698,-0.12230996503323509,0.7469790848977651,0.03427656398655078,-0.23584370835747595,-0.0918886445186515,0.3312133309749533,-0.0913862928339835
2008-03-21,0.4037535653074831,-0.12373838466092599,0.6780967346529935,0.033386457602355375,-0.22713205798557035,-0.09147247669183138,0.2691402729170211,0.134613292390462
2008-03-22,0.1086012480477711,-0.12514861163773286,0.5987861373764389,0.03218671982043533,-0.0939284774250093,-0.09105988250852912,0.32083588562560295,-0.21223463757783184
2008-03-23,0.3659886318170551,-0.12654036624845888,0.5129640160711069,0.030677129956827205,0.09716757845468131,-0.09064998968740318,0.42361836854675333,-0.05762973672969823
2008-03-24,0.6236731977951017,-0.12791352560894315,0.424466875360724,0.028853041172488186,0.2569818808273423,-0.0902471220807917,0.4921411496708196,0.13153204812428204
2008-03-25,0.4692286145672396,-0.12926797056192624,0.3369305843154866,0.026710868223054393,0.30666642656970144,-0.08985734130997984,0.4511825672363364,0.018046047330903203
2008-03-26,0.0712770481979021,-0.13060346533590517,0.2536825479955837,0.02425237497814041,0.2084037901560774,-0.0894845405988225,0.2662507071950739,-0.19497365899717178
2008-03-27,0.1217577968357885,-0.13191970125517374,0.17757439614222753,0.021483161906719103,-0.01884439654739193,-0.08912925437528935,-0.040835794128908386,0.1625935909646969
2008-03-28,-0.1653330807106563,-0.1332165098833579,0.110805447601139,0.018405155261872044,-0.305571918961176,-0.08879604766799215,-0.39837387364951504,0.23304079293885874
2008-03-29,-0.7467225108908448,-0.13449361589134715,0.054956764428969476,0.015025046561700645,-0.5562667752189258,-0.08848391109257958,-0.7092624912121823,-0.037460019678662526
2008-03-30,-0.9270654605794636,-0.13575063911970048,0.010972470387907579,0.011353910070747625,-0.6854069314339357,-0.08818565739828745,-0.8870168474932684,-0.04004861308619523
2008-03-31,-0.8894373345525053,-0.13698731268129913,-0.020862823467851635,0.00739905977474746,-0.6505126459675086,-0.08790071471255491,-0.8888644370544668,-0.0005728974980384605
2008-04-01,-0.8533080187396651,-0.13820343705127944,-0.040838000908460535,0.0031656017577517126,-0.4673950363037087,-0.08763488613247623,-0.7309057586381733,-0.1224022601014918
2008-04-02,-0.670051066744149,-0.13939881105809393,-0.04974525452626971,-0.0013405955786049834,-0.20243200613173218,-0.08739146755703912,-0.48030813485173995,-0.1897429318924091
2008-04-03,-0.2279411627358105,-0.14057328057335855,-0.04878387658333307,-0.006114531169022205,0.05416633572662281,-0.08717306379045597,-0.228478416389547,0.0005372536537364969
2008-04-04,0.0039246466726924,-0.14172678202767006,-0.039425680233126884,-0.011153672574719095,0.22315965224939985,-0.08698685307380409,-0.056133335659920305,0.060057982332612704
2008-04-05,0.1270524169718608,-0.14285918755625931,-0.02327225402481594,-0.016452101349862608,0.26532413670038735,-0.08683416054404602,-0.0040935667745965465,0.13114598374645733
2008-04-06,-0.0399698313749608,-0.14397033210261312,-0.0019588989323314245,-0.022001414641179773,0.19204364142333102,-0.0867106704655584,-0.06259767471835169,0.022627843343390887
2008-04-07,-0.0676140389155034,-0.14505997152216973,0.022996795165154654,-0.0277895734028063,0.05513236855847369,-0.08661077311342458,-0.18133115431477226,0.11371711539926886
2008-04-08,-0.3654167545056532,-0.14612791697050412,0.05020340424606171,-0.033805334302884946,-0.07917676714165196,-0.08653109341157061,-0.29543770758054994,-0.06997904692510326
2008-04-09,-0.2533630171609925,-0.14717391991832626,0.078482096266763,-0.040034106831822514,-0.15836227482915438,-0.08646573035720759,-0.3535539356697478,0.10019091850875528
2008-04-10,-0.2848260368850157,-0.1481978844152393,0.10681354498390637,-0.0464653693343086,-0.16351104130370508,-0.08641347445415676,-0.33777422452350336,0.05294818763848769
2008-04-11,-0.4086316915400346,-0.14919968920521082,0.1344220930282851,-0.05308652266878365,-0.11083810525294163,-0.08637107225951793,-0.2650732963581689,-0.1435583951818657
2008-04-12,-0.5065583025774506,-0.15017919138048594,0.16078371244869713,-0.05988311230110043,-0.03778132427280216,-0.08633284479317163,-0.17339276029886302,-0.3331655422785876
2008-04-13,-0.1131881903502007,-0.15113626915740225,0.18564779210100596,-0.06684064679541499,0.01875656165680563,-0.08629644689535929,-0.09986900909036493,-0.013319181259835763
2008-04-14,-0.0336049703527667,-0.1520709596469367,0.20896866072783918,-0.07394925290257079,0.04057993804804349,-0.08626581060535077,-0.06273742437897559,0.029132454026208884
2008-04-15,0.0238319329994581,-0.15298321255384026,0.23099387100454125,-0.08119527264708379,0.03579636619338007,-0.08624328200561282,-0.05363153000861555,0.07746346300807365
2008-04-16,0.2268373776337124,-0.15387297993496504,0.25221181128524717,-0.08856468273852065,0.030611951412355277,-0.08623431786049958,-0.045848217836382835,0.27268559547009524
2008-04-17,0.3153246239203162,-0.15474025632309538,0.27324957708323133,-0.09604437700104151,0.05164153526695569,-0.08624421226595277,-0.012137733239902637,0.3274623571602188
2008-04-18,0.0540642801666843,-0.15558498455582465,0.2948160617131885,-0.10361906470244998,0.10857200352975263,-0.0862728612690915,0.05791115471557501,-0.003846874548890711
2008-04-19,-0.1637725472936071,-0.15640696839275214,0.3176393960848404,-0.11126877967479633,0.18582750128792952,-0.08631367838617954,0.1494774709190419,-0.313250018212649
2008-04-20,-0.1641022144740024,-0.15720599364828344,0.34229646487492393,-0.11897314257155468,0.24702670172762115,-0.08635866191491733,0.22678536846778963,-0.39088758294179204
2008-04-21,0.1303727351753646,-0.15798190114546712,0.36904815734863183,-0.1267136802636287,0.2510389931687916,-0.08640197286958941,0.24898959623873818,-0.11861686106337357
2008-04-22,0.3314318621260996,-0.1587346213588173,0.39770753703484,-0.1344752151131004,0.1718520056870681,-0.08644512261444617,0.18990458363554427,0.14152727849055532
2008-04-23,0.3368162506027878,-0.1594640597543272,0.42756463986055204,-0.14224185939398543,0.013375361545591151,-0.08649332651325385,0.05274075574457672,0.2840754948582111
2008-04-24,0.0213642840199792,-0.16017007182963305,0.45729722456255356,-0.14999582993755098,-0.18819365957757403,-0.08655152759790176,-0.12761386438010625,0.14897814840008544
2008-04-25,-0.1488937027029142,-0.16085242747140566,0.48495797658578144,-0.15771627591282003,-0.37488848073674463,-0.08662231725873801,-0.2951215247939269,0.1462278220910127
2008-04-26,-0.5544222477330071,-0.16151094317350195,0.5079633122625226,-0.1653840499931232,-0.4860930961266788,-0.08670827585471129,-0.39173305288549265,-0.16268919484751443
2008-04-27,-0.7667005587226108,-0.16214536300788832,0.5232825670684034,-0.172977855040889,-0.4767009247863946,-0.08680737855669322,-0.37534895432346177,-0.391351604399149
2008-04-28,-0.3192820658500064,-0.1627554843110142,0.5276021738725284,-0.18047867712373739,-0.329365517650237,-0.08691525087071783,-0.23191275608317802,-0.08736930976682838
2008-04-29,0.27915622617997,-0.1633413084549429,0.5175990579081992,-0.187875331745411,-0.05709732654507957,-0.08703410335291041,0.022250987809855308,0.2569052383701147
2008-04-30,0.4620190993814581,-0.16390287872301967,0.4903521737134832,-0.1951587569127905,0.30318938221197134,-0.08716614261578957,0.3473137776738548,0.11470532170760328
2008-05-01,0.8472253583725097,-0.16444010383311355,0.44379187683775156,-0.20231575162784565,0.7002450457968629,-0.08730831186287384,0.6899727553107814,0.15725260306172828
2008-05-02,1.179766686790802,-0.1649529423792358,0.3769648177930204,-0.2093349997908725,1.0752401462383185,-0.08745755101933457,0.990459470841896,0.1893072159489061
2008-05-03,1.0061573129292694,-0.1654413323179717,0.29036573080632433,-0.21620464087288838,1.36669503139639,-0.08761272667080701,1.187802062341047,-0.18164474941177766
2008-05-04,0.6842448574939202,-0.16590505978439143,0.18615182031699476,-0.22290734846016125,1.5148476004331215,-0.08777070332827704,1.2244163091772864,-0.5401714516833662
2008-05-05,0.8606130675425259,-0.16634386601092013,0.06809751221038789,-0.22942377475746542,1.467846669992818,-0.08792857658827495,1.0522479648465455,-0.1916348973040196
2008-05-06,0.7407148964917216,-0.16675762761003382,-0.0586630691690358,-0.23573882186924588,1.1926071044860855,-0.08808681153453804,0.643360774303232,0.0973541221884896
2008-05-07,0.3896109342832616,-0.1671461194064009,-0.1878450789207136,-0.2418336977349517,0.69056300725679,-0.08824367673926733,0.005494434455456526,0.38411649982780505
2008-05-08,-0.4694407299730944,-0.16750904744498624,-0.31249245307638107,-0.24768699080344786,0.009566036229072934,-0.08839546559057096,-0.8065179206863132,0.33707719071321884
2008-05-09,-1.429925505302508,-0.1678459636392665,-0.4255521809475532,-0.25327174083345505,-0.7544477159390878,-0.08852881500141634,-1.689646416360779,0.259720911058271
2008-05-10,-2.55389471995515,-0.1681564032227291,-0.520518494709949,-0.2585608445116445,-1.4723681388601446,-0.0886285717508789,-2.508232453055346,-0.04566226689980368
2008-05-11,-3.4657990839457193,-0.16843989079465518,-0.592013885585737,-0.26352728885379073,-2.010968924754984,-0.08867909180612826,-3.123629081795295,-0.34217000215042415
2008-05-12,-4.03784550554789,-0.1686960765042768,-0.636331695646671,-0.26814904244079674,-2.2690199508742896,-0.0886711870415478,-3.430867952507582,-0.6069775530403079
2008-05-13,-3.5406357443873406,-0.16892476225480504,-0.6518313953738023,-0.27241026021891973,-2.2069386898346117,-0.08860124178097804,-3.388706349463117,-0.15192939492422353
2008-05-14,-2.8396333683072323,-0.16912610334715686,-0.6392000004630005,-0.2763085034439716,-1.858918880462849,-0.08847736916165624,-3.032030856878634,0.1923974885714017
2008-05-15,-2.206837496802988,-0.16930034881318137,-0.601298848169878,-0.27984560636840794,-1.3192966077280794,-0.08831228048818807,-2.4580536915677347,0.2512161947647469
2008-05-16,-1.5358964911139188,-0.16944773491246723,-0.542924253908298,-0.2830238241182664,-0.7095977272368259,-0.08811481463981896,-1.7931083548156765,0.25721186370175775
2008-05-17,-0.8476344861506443,-0.1695685074118148,-0.4703863732677637,-0.2858467711491055,-0.13849231835030704,-0.08789209350825208,-1.1521860636872432,0.3045515775365989
2008-05-18,-0.6171305355789719,-0.1696629252862428,-0.39093806120434627,-0.28831911375757424,0.33010322513803086,-0.0876499810751839,-0.6064668561853164,-0.010663679393655534
2008-05-19,-0.4454231493241792,-0.1697311235290915,-0.31206728702428915,-0.29044150853411405,0.6885209615908797,-0.08738863895602873,-0.17110759645264367,-0.27431555287153553
2008-05-20,-0.0442437329305884,-0.16977322626014288,-0.24088440520156154,-0.29221439620216944,0.9711168956762906,-0.08710530697156824,0.18113956104084852,-0.22538329397143692
2008-05-21,0.5109381328203494,-0.16978944424071743,-0.18349436213022252,-0.2936414447298317,1.2225224219000232,-0.08680268624145035,0.48879448455780117,0.02214364826254822
2008-05-22,0.6261213290855149,-0.16978004200188282,-0.14449320532646767,-0.2947279244443858,1.4636165844211333,-0.08648347921601224,0.7681319334323848,-0.14201060434686996
2008-05-23,0.8667371966092622,-0.16974515523001557,-0.1264845355645109,-0.2954749451310347,1.6713212515779106,-0.08615033102453001,0.9934662846278195,-0.1267290880185573
2008-05-24,1.220809211794931,-0.1696849387564912,-0.12998641123072477,-0.29588457025665915,1.7804709366494882,-0.085807613767822,1.099107402637791,0.12170180915714002
2008-05-25,1.1571404907248506,-0.16959955837307758,-0.15345315170354754,-0.2959594542681245,1.7095257863747557,-0.0854605561196574,1.005053065910349,0.15208742481450166
2008-05-26,0.8938873082138437,-0.16948904875148468,-0.19339926861572093,-0.2956981657499805,1.3993460461233245,-0.0851152995860646,0.6556442634200738,0.2382430447937699
2008-05-27,0.1735383947737676,-0.16935336630004647,-0.24484205581915833,-0.29509708775817695,0.8470070833237635,-0.0847767758565747,0.05293779758980713,0.12060059718396046
2008-05-28,-0.6694447621254811,-0.16919229119773105,-0.3018365300785999,-0.2941468713921011,0.12093011690860217,-0.08443852518502255,-0.7286841009448526,0.05923933881937149
2008-05-29,-1.9051827898319549,-0.16900556195651348,-0.35807155870545715,-0.29283749474781984,-0.6511880611329038,-0.08409354551256186,-1.5551962220552562,-0.3499865677766987
2008-05-30,-2.3470255077428193,-0.16879280116786036,-0.40745937374148705,-0.2911559526395552,-1.3165976795921954,-0.08373109266792686,-2.267736899809025,-0.07928860793379444
2008-05-31,-2.823522301486095,-0.16855385979066903,-0.4448619115709581,-0.28909852296523864,-1.7434079902019244,-0.08334506944290015,-2.7292673539716907,-0.09425494751440411
2008-06-01,-2.9275455339449015,-0.1682885803551879,-0.46645515186016984,-0.28666248259760674,-1.8577092508653776,-0.08292624802000084,-2.862041713698343,-0.06550382024655832
2008-06-02,-2.6619812842031494,-0.16799695083710556,-0.4700814186792208,-0.2838513099734234,-1.66246488699119,-0.08247045541559259,-2.6668650218965326,0.004883737693383239
2008-06-03,-1.9215088209547495,-0.16767909969690586,-0.45540350005889796,-0.2806744968330642,-1.23122985443224,-0.08197794643779027,-2.2169648974588982,0.29545607650414873
2008-06-04,-1.5424328620790562,-0.16733532199368195,-0.42387754621326157,-0.2771485124270672,-0.6816704855040738,-0.08145603537280054,-1.631487901510885,0.0890550394318288
2008-06-05,-1.204576526701142,-0.16696582192946832,-0.3784908624665002,-0.27328725248395636,-0.13890270048682435,-0.08090669772246488,-1.038553335089214,-0.1660231916119279
2008-06-06,-0.5181776785107328,-0.166570813819012,-0.323460274454289,-0.26910562525129716,0.29599257976214605,-0.0803330615437571,-0.5434771953062092,0.025299516795476373
2008-06-07,-0.2520190976207389,-0.16615063176457256,-0.26385172552217157,-0.2646234421165539,0.5643706251713293,-0.07974413640385165,-0.2099993106358204,-0.042019786984918484
2008-06-08,0.0721707235306452,-0.16570548798608464,-0.20503043475115126,-0.2598567735015941,0.6540226237075092,-0.07914469599799547,-0.05571476852931624,0.12788549205996144
2008-06-09,0.030531212602283,-0.1652356180095771,-0.15225210845272605,-0.2548226722767698,0.5894133436774627,-0.07853811854326703,-0.061435173604877324,0.09196638620716033
2008-06-10,-0.4858243462452302,-0.16474114599351336,-0.11015093217410991,-0.2495346722343501,0.4174593955444069,-0.07792403757444513,-0.1848913924320116,-0.3009329538132186
2008-06-11,-0.4696142982872651,-0.16422204630037757,-0.08234318025543688,-0.24400140425173894,0.19389093348625094,-0.07729794635299013,-0.37397364367429253,-0.09564065461297255
2008-06-12,-0.3701584759758181,-0.16367845055011535,-0.07129258639853832,-0.23823695501023195,-0.02731299130142602,-0.07665925258341282,-0.5771802358437245,0.20702175986790639
2008-06-13,-0.7737173136292596,-0.16311052012533725,-0.07808596791515152,-0.23225638942262564,-0.19863406238939937,-0.0760081814782949,-0.7480951213308087,-0.025622192298450863
2008-06-14,-1.021580259403525,-0.16251827140402922,-0.10230430909585114,-0.22606967383800947,-0.28203452193540857,-0.07534163702112552,-0.8482684132944239,-0.1733118461091011
2008-06-15,-0.5960498279697032,-0.1619017812380057,-0.14218162778648205,-0.21968880511848057,-0.25437882811196255,-0.07465953959272575,-0.8528105818476566,0.2567607538779534
2008-06-16,-0.7332875013820873,-0.1612613424685712,-0.19485070462427617,-0.213133239424968,-0.11374417692630011,-0.07396872401790325,-0.7569581874620187,0.02367068607993139
2008-06-17,-0.7449812049430622,-0.1605970777027239,-0.25644578215495517,-0.20641650782338503,0.11757717099642766,-0.07326943915638742,-0.5791516358410239,-0.16582956910203828
2008-06-18,-0.2556081318078734,-0.15990914006625592,-0.3224948064143101,-0.1995533121617054,0.39248726580964693,-0.07256236685987291,-0.3620323596924975,0.10642422788462408
2008-06-19,-0.0202929735432665,-0.15919782170874353,-0.38831358856852977,-0.1925635141976399,0.6460675670624259,-0.07185253229545686,-0.16585988970794419,0.14556691616467768
2008-06-20,-0.1350003544167279,-0.1584633315538056,-0.44925637830680965,-0.18546427740869004,0.8108724474185722,-0.07114318551896084,-0.053454725369694006,-0.08154562904703389
2008-06-21,-0.2226223515962162,-0.1577057691459126,-0.5010529704904892,-0.17826876448207507,0.8348052710199125,-0.07043272341110367,-0.07265495650966806,-0.14996739508654816
2008-06-22,-0.220289496383494,-0.15692524791902054,-0.540145825598272,-0.1709904939775015,0.6961207076346516,-0.06972016463684905,-0.24166102449699145,0.021371528113497462
2008-06-23,-0.5204379280213637,-0.1561219247727805,-0.5639250799814256,-0.1636443423584575,0.4112355155488576,-0.06900725026675891,-0.5414630818305649,0.021025153809201225
2008-06-24,-1.200754579306491,-0.15529587956649907,-0.570851315263318,-0.1562420950194492,0.03261427535728062,-0.06829187546370291,-0.9180668899556885,-0.2826876893508026
2008-06-25,-1.3209755871935345,-0.15444708536149765,-0.560530455406299,-0.1487914180925308,-0.3636376765311525,-0.06756514827392722,-1.294971783665407,-0.026003803528127367
2008-06-26,-1.2576650099047983,-0.15357569909748203,-0.5337805109282571,-0.14130627610582094,-0.6974513189208933,-0.06682437962108732,-1.5929381846735404,0.3352731747687421
2008-06-27,-1.5428661315627794,-0.15268194450606226,-0.49245920735439974,-0.1338030186220933,-0.903469855696722,-0.06607000028166791,-1.7484840264609451,0.20561789489816573
2008-06-28,-1.7447641967897622,-0.1517659456449327,-0.43921110034170796,-0.12629455455291985,-0.9450876009849505,-0.06529868168758014,-1.7276578832120912,-0.017106313577671006
2008-06-29,-1.4023336336222942,-0.15082786735388976,-0.3772394828023287,-0.11879543494212881,-0.8220685096861938,-0.06451137431369973,-1.533442669098241,0.13110903547594677
2008-06-30,-1.288030046549428,-0.14986804740490028,-0.3100687210312676,-0.11132648406612417,-0.5696547865298721,-0.06371651928055887,-1.2046345583127231,-0.08339548823670495
2008-07-01,-1.1721974608356598,-0.14888675238114657,-0.2411373682959999,-0.10390639821911037,-0.2487364650442028,-0.06292179114935541,-0.805588775089815,-0.3666086857458448
2008-07-02,-0.7251437845763546,-0.1478842498684927,-0.17354064737371583,-0.09655384369677572,0.06796925427008361,-0.06213482517540741,-0.41214431184430805,-0.3129994727320466
2008-07-03,-0.144260722471003,-0.1468609036972657,-0.10982506986946108,-0.08929058728350331,0.3119217971093228,-0.06136517092772329,-0.09541993466863061,-0.04884078780237239
2008-07-04,0.3134437835040651,-0.14581710656012,-0.05178501533018581,-0.08213895818791836,0.4346260416302651,-0.06062067655714976,0.09426428499489115,0.21917949850917395
2008-07-05,0.4481866311286407,-0.14475321997463247,-0.00030740082460392615,-0.0751195119200311,0.41952378132980644,-0.05990886481732201,0.13943478379321694,0.30875184733542377
2008-07-06,0.3219463658341155,-0.14366951429570146,0.04463154101902507,-0.06824849274775707,0.286662437549525,-0.05923152247843752,0.060144449046653975,0.26180191678746156
2008-07-07,0.002285431146754,-0.142566185036824,0.08388026823490397,-0.06153864877925217,0.08777538087304858,-0.058586885031182596,-0.09103606973930622,0.09332150088606023
2008-07-08,-0.3744062112439242,-0.1414433769933045,0.11894121968089078,-0.055000147976995935,-0.10783860201388668,-0.05797135060118391,-0.24331225790448024,-0.13109395333944396
2008-07-09,-0.6401911106906663,-0.14030122840889528,0.15172371683099173,-0.04864211526743884,-0.23371337063057762,-0.05738075441862491,-0.3283137518945449,-0.31187735879612133
2008-07-10,-0.4833829461501132,-0.13913990769463241,0.18426446756688528,-0.042474349694166295,-0.24714217603408162,-0.05681144269434141,-0.30130340855033644,-0.18207953759977674
2008-07-11,-0.1836839485244975,-0.13795970793470402,0.21844972929424564,-0.03651093950644468,-0.14378107904263376,-0.05626573839427873,-0.15606773558381556,-0.027616212940681922
2008-07-12,0.1581719444092575,-0.13676096466377535,0.2558065405561454,-0.030767225699368655,0.04066189112169408,-0.055747692086751274,0.07319254922794417,0.08497939518131332
2008-07-13,0.4246283507132057,-0.13554402077453817,0.2973344388012345,-0.02525857396536564,0.24255320437102265,-0.05526174868755161,0.32382329974480173,0.10080505096840398
2008-07-14,0.61182561243377,-0.13430918649489015,0.34341052696313107,-0.019999009448719282,0.3930736179575324,-0.05481186127607664,0.5273640877009773,0.08446152473279267
2008-07-15,0.6640169597188751,-0.13305674894146688,0.3937478654523894,-0.015001106080592033,0.44351198969035566,-0.054401631559931087,0.6348003685607551,0.02921659115812003
2008-07-16,0.5612253647966968,-0.13178695636309967,0.44743739182147946,-0.010275245506451022,0.3836147744439773,-0.05403389729262552,0.6349560671032806,-0.07373070230658374
2008-07-17,0.6136569811143,-0.13049999551545544,0.5030390623954204,-0.005828813915372211,0.24528813537847102,-0.053707818970784006,0.5582905693722797,0.05536641174202028
2008-07-18,0.5408397958846591,-0.12919608818813685,0.5587078829932778,-0.001669623866185438,0.08920854189285193,-0.05342375429251843,0.4636269585392889,0.07721283734537021
2008-07-19,0.4532755780556087,-0.12787540462201388,0.612421473642639,0.002196912231494666,-0.019870946759150326,-0.0531817856121904,0.41369024888077904,0.03958532917482965
2008-07-20,0.3807328370498812,-0.12653808104751912,0.6621544893608559,0.005767014695456096,-0.04037121245386206,-0.052980817725586514,0.44803139282934423,-0.06729855577946303
2008-07-21,0.5258004383081043,-0.12518422925738518,0.7060612590481358,0.009038220592491042,0.028016130399095358,-0.0528191558572463,0.5651122249250907,-0.03931178661698642
2008-07-22,0.5191354180304356,-0.12381400852667382,0.7426174066387166,0.012006994947976954,0.1429241679262336,-0.052698363106434346,0.721036197879819,-0.20190077984938337
2008-07-23,0.7420089149242506,-0.12242751649727625,0.7707776924716322,0.014672722653398931,0.23638632083814476,-0.05261913297100159,0.846790086494898,-0.10478117157064737
2008-07-24,0.9268376197298812,-0.12102490794589095,0.7899734219137751,0.017034137274758054,0.24232739848146717,-0.0525819794398553,0.8757280702842539,0.05110954944562729
2008-07-25,0.8271124294484258,-0.11960632951620272,0.8001601993244124,0.019091838615538315,0.12473112700721703,-0.052585685468483565,0.7717911499624814,0.05532127948594434
2008-07-26,0.7077974975845244,-0.11817185199230314,0.8018213541324671,0.020850524508415173,-0.10574408409225486,-0.052626639889397905,0.5461293026669264,0.16166819491759798
2008-07-27,0.4860983878337474,-0.11672154846878273,0.7958566415185847,0.0223160951045617,-0.39398547189828376,-0.0527018525809868,0.2547638636750931,0.2313345241586543
2008-07-28,0.0733802980019358,-0.11525547872303,0.7834756592150135,0.02349599922635498,-0.659601202931576,-0.052809363005038565,-0.020694386218276115,0.09407468422021191
2008-07-29,-0.2695757939421791,-0.11377366222748227,0.7660478663643825,0.024400138890395662,-0.825489129936727,-0.05294467007614138,-0.20175945698557243,-0.06781633695660669
2008-07-30,-0.4245336730847872,-0.11227614522879877,0.7449434676603953,0.025037968546440303,-0.844718791714675,-0.053104969386164096,-0.24011847012280235,-0.18441520296198483
2008-07-31,-0.4134721446598532,-0.11076301624174877,0.7213655205450015,0.025417766060189674,-0.714935866652733,-0.05328724144334814,-0.13220283773263883,-0.2812693069272144
2008-08-01,-0.0560028276152061,-0.10923440332610009,0.6962400760379446,0.02554666869797774,-0.47567465041757884,-0.05348941418929184,0.0833882768029515,-0.1393911044181576
2008-08-02,0.4723403499647611,-0.10769050867349729,0.6700888593591554,0.025429426413598646,-0.19142440052511073,-0.05370945731987367,0.3426939192542724,0.1296464307104887
2008-08-03,0.6384160485723033,-0.1061315560733592,0.6430348502177061,0.0250696618828807,0.07215474146463291,-0.053949989758714935,0.5801777077331457,0.058238340839157576
2008-08-04,0.8503688727783596,-0.1045576358533306,0.6148121990839277,0.024475743980401067,0.2691424637576503,-0.05420977009566603,0.7496630008729824,0.10070587190537716
2008-08-05,0.962894853121424,-0.10296885186568738,0.5847268137851607,0.023656159018120543,0.3826785965265346,-0.05448892996792956,0.8336037874961989,0.12929106562522508
2008-08-06,0.9922958710416476,-0.10136527666741857,0.5517079305652373,0.022621160849236432,0.4226997048588798,-0.05478584318858308,0.8408776764173519,0.15141819462429573
2008-08-07,0.8238924784861168,-0.09974696671107894,0.5143999386413919,0.021382261642390668,0.41488194584505306,-0.05509890784440224,0.7958182715733544,0.02807420691276241
2008-08-08,0.6716719805428163,-0.09811392945572356,0.4712799299608223,0.019953604634015305,0.38764901106844774,-0.05542351367196556,0.7253451025355963,-0.05367312199277996
2008-08-09,0.6011209440509766,-0.09646618641434052,0.42078213996514674,0.018349540715320314,0.36266489641232014,-0.05575522337516368,0.649575167303283,-0.048454223252306416
2008-08-10,0.3831802690418258,-0.09480378685894675,0.36146751395607035,0.0165835363846613,0.3520205678988326,-0.05609275256215486,0.5791750788184626,-0.19599480977663686
2008-08-11,0.1608467219450054,-0.09312673183534505,0.29220607110699875,0.014670878275512167,0.3608360029477982,-0.056432882793273596,0.5181533377016905,-0.3573066157566851
2008-08-12,0.2798477557737924,-0.09143501721264474,0.21231814067666918,0.012627330727409604,0.39041686257436514,-0.05677021646173701,0.46715710030406216,-0.18730934453026976
2008-08-13,0.7650925797738368,-0.08972874011584267,0.12170474036908929,0.010465224715327057,0.4383997730713985,-0.057103151899958446,0.4237378461400137,0.3413547336338231
2008-08-14,0.9266144353448518,-0.0880080994632262,0.020979197706803433,0.008193319608382862,0.4955647504574355,-0.05743469784365565,0.37929447046573994,0.5473199648791118
2008-08-15,0.4161915348216058,-0.08627318636090268,-0.08837685974360994,0.005824418245200025,0.5422429608335951,-0.05776368122905762,0.3156536517452249,0.1005378830763809
2008-08-16,0.0483808983032619,-0.08452389482110988,-0.20391904815949707,0.0033783676919681774,0.5474811501860328,-0.05808607079031436,0.2043305041070797,-0.1559496058038178
2008-08-17,-0.0677680950676788,-0.08276015888759347,-0.3224007451939753,0.0008738327564724174,0.4738503751261862,-0.058400952130478814,0.011162351670611012,-0.0789304467382898
2008-08-18,-0.4705224734480768,-0.08098197708132684,-0.43992764245026017,-0.0016725060176717016,0.2905349123220437,-0.058708508925519175,-0.2907557221527341,-0.1797667512953427
2008-08-19,-0.9434884500179171,-0.07918925834333607,-0.5520896181816822,-0.004240566314599535,-0.009554724774809367,-0.059004522626177495,-0.7040786902406048,-0.23940975977731238
2008-08-20,-1.105150015429117,-0.0773818841168184,-0.6542489000087383,-0.00680919523325816,-0.397756020443334,-0.05928176496710222,-1.1954777647692512,0.09032774934013421
2008-08-21,-1.5428253972903023,-0.07555982677546305,-0.741876977288976,-0.009360675174740856,-0.8091938393886422,-0.05953591065019736,-1.6955272292780195,0.15270183198771714
2008-08-22,-2.11195231400929,-0.07372298496167012,-0.8107983573149802,-0.011875126503172889,-1.1557441124707768,-0.05976095652943845,-2.1119015377800388,-5.0776229251425775e-05
2008-08-23,-2.4084427968805966,-0.07187123625183818,-0.8575131229423303,-0.014332393909454181,-1.3514548150255359,-0.05995146764656283,-2.3551230357757214,-0.05331976110487524
2008-08-24,-2.4583311281900952,-0.07000456066353022,-0.8795280055276714,-0.01671633072547564,-1.3411986924129704,-0.06010540617022957,-2.367552995499877,-0.09077813269021817
2008-08-25,-2.0388611477939405,-0.06812304430409453,-0.875550590350619,-0.019014975885407577,-1.1206798277946377,-0.06022578387287335,-2.143594222207632,0.10473307441369162
2008-08-26,-1.5167412421571358,-0.06622693886575316,-0.8456697741247641,-0.02122219393623475,-0.7399707528601861,-0.06031737115782363,-1.7334070309447616,0.21666578878762577
2008-08-27,-1.1437669860385875,-0.06431656192929677,-0.7913064983920275,-0.023334432684163124,-0.2875614890277474,-0.060387660050916774,-1.2269066420841517,0.08313965604556417
2008-08-28,-0.8053328440213015,-0.06239221750117466,-0.7151317063179476,-0.02534773255194684,0.13868721540340348,-0.06044119964982695,-0.7246256406174927,-0.08070720340380877
2008-08-29,-0.4500483710051127,-0.06045422565695353,-0.620884961157997,-0.02725906097856233,0.46216926595790103,-0.06048333786847252,-0.3069123197040844,-0.1431360513010283
2008-08-30,-0.1707462833993565,-0.058502925432106404,-0.5131198150282228,-0.029066575620718443,0.6482823585558325,-0.06052041473063672,-0.012927372255851922,-0.15781891114350458
2008-08-31,0.0618704164721225,-0.056538633686743306,-0.3968943337632279,-0.030768190258564445,0.7077781716786589,-0.06055620972334138,0.16302080424678186,-0.10115038777465937
2008-09-01,0.2944331254844223,-0.05456164119894509,-0.2774153660370626,-0.032361704083334046,0.6823748018902044,-0.0605935208988486,0.257442569672014,0.03699055581240829
2008-09-02,0.348237184886762,-0.05257221340950666,-0.15969242578236262,-0.033845073402827816,0.6202607317312214,-0.060635263693525634,0.3135157554429987,0.034721429443763274
2008-09-03,0.4859063465301326,-0.05057053751887566,-0.0482256047745084,-0.03521443559058389,0.553287778758613,-0.06068153975551834,0.3585956611191267,0.12731068541100587
2008-09-04,0.5032385626087019,-0.04855680159804641,0.053181735615572205,-0.03646668426499719,0.48534811568311165,-0.06073044027860745,0.3927759251570328,0.11046263745166912
2008-09-05,0.5046856979921709,-0.046531139431368544,0.14163363829260478,-0.037597796509731676,0.3973371990319129,-0.060780478637661485,0.39406142274575595,0.11062427524641494
2008-09-06,0.3552427585732842,-0.04449366272139786,0.21517167086368721,-0.038603651164358016,0.26444028804141667,-0.06082816493193914,0.3356864800874088,0.019556278485875378
2008-09-07,0.2331672556693565,-0.04244443808051449,0.2727774568869834,-0.03947913758103495,0.0769037250859355,-0.0608687098070272,0.20688889650434228,0.026278359165014226
2008-09-08,-0.1283586747120446,-0.04038355102551271,0.31426584978000194,-0.04022030126699233,-0.14714777325047262,-0.06089942948681767,0.025614794750206595,-0.15397346946225118
2008-09-09,-0.4720329367009804,-0.038311030298072694,0.34016558098121735,-0.040821715672301695,-0.3629639745436759,-0.06091701050615694,-0.1628481500389899,-0.3091847866619905
2008-09-10,-0.4210894080117264,-0.03622693786604273,0.35150124435330055,-0.04127960390797504,-0.5154205427483043,-0.06092033349762362,-0.3023461736666451,-0.11874323434508127
2008-09-11,-0.2744728425617446,-0.03413147819673677,0.3495462737383863,-0.04159563704781509,-0.5623985501128725,-0.06091264178740861,-0.34949203340644674,0.07501919084470215
2008-09-12,-0.1300649205814991,-0.03202489661804741,0.3356794580428651,-0.04177348902116099,-0.4933014461033928,-0.060897044147682065,-0.2923174178474182,0.16225249726591912
2008-09-13,0.0430121001381281,-0.029907443321180942,0.3112566219960065,-0.041817724881609404,-0.3343984610220955,-0.06087508303188124,-0.15574209026076055,0.19875419039888864
2008-09-14,0.2268449585918325,-0.02777937970661573,0.2775243621976515,-0.04173406073652234,-0.13786930649357798,-0.060848328935045486,0.009293286325889945,0.21755167226594258
2008-09-15,0.1647206269002578,-0.025640962799291605,0.2355740635392654,-0.04152867012662734,0.040903261705472545,-0.06081701619318419,0.14849067612563482,0.01622995077462297
2008-09-16,-0.0479132156922759,-0.02349238052632074,0.18640452111922332,-0.0412059934537832,0.16745394465367439,-0.06078218110230512,0.22837791069048866,-0.27629112638276454
2008-09-17,0.0196793659436047,-0.02133378424705985,0.13094129386693937,-0.04076958480406925,0.24168207570792774,-0.06074555679609223,0.2497744437276458,-0.2300950777840411
2008-09-18,0.2699009120074218,-0.01916541265610428,0.07002803369185916,-0.040226051246244524,0.2938423568359033,-0.06071008168781632,0.24376884493759732,0.02613206706982446
2008-09-19,0.4975987173732166,-0.01698756349944126,0.004532953310283412,-0.03958412608986785,0.3653097273138742,-0.06068032058597651,0.25259067044887196,0.24500804692434464
2008-09-20,0.1631474537973259,-0.014800525100719629,-0.06453789388035332,-0.038852354692651844,0.48251439609199875,-0.06066040723630064,0.30366321518197337,-0.14051576138464747
2008-09-21,0.3824417059728293,-0.012604404533418677,-0.13591290065133532,-0.03803319940846844,0.6368263035426147,-0.06064790038483169,0.3896278985645606,-0.007186192591731311
2008-09-22,0.3880626912276715,-0.010399465559305581,-0.2081482605893913,-0.037134694172440266,0.7787410219177762,-0.060645377804058154,0.4624132237925808,-0.07435053256490931
2008-09-23,0.4410074038901901,-0.008185890300685523,-0.27952565291798015,-0.03616220759950051,0.8341732929744878,-0.06065322785137688,0.4496463143049448,-0.008638910414754675
2008-09-24,0.3904509896167226,-0.005963861698211405,-0.34812106803871096,-0.0351210784535934,0.7341241123899106,-0.06067205885108546,0.2842460453483094,0.1062049442684132
2008-09-25,0.1910713657678113,-0.0037335221101352585,-0.4118685169144124,-0.03401500133028839,0.4470492112910799,-0.06070058590169115,-0.06326841496544733,0.25433978073325864
2008-09-26,-0.5271937303643872,-0.0014949560023242042,-0.46866713973637386,-0.032845255158013766,-0.0005898346587679109,-0.060733740523025236,-0.564330926078505,0.03713719571411778
2008-09-27,-1.1856051865125978,0.0007519002500559374,-0.5164344772866394,-0.03160777760102117,-0.5246855907315686,-0.060764616381538746,-1.132740561750712,-0.0528646247618858
2008-09-28,-1.7829334886634756,0.0030070666140257296,-0.5533503376431379,-0.030299408200045803,-1.0070689324843618,-0.06078695832968359,-1.6484985700432035,-0.13443491862027201
2008-09-29,-2.3121080993807186,0.005270516263654257,-0.5779802611687193,-0.02891820572204224,-1.3322825912450087,-0.06079581066654688,-1.994706352538663,-0.3174017468420556
2008-09-30,-2.154797580153298,0.0075421745015729685,-0.5893739146572934,-0.027463571567033315,-1.4242724178845974,-0.060786699813935904,-2.094354429421287,-0.06044315073201112
2008-10-01,-1.8360736602851933,0.009821717800933145,-0.5871944501108481,-0.02594313357245811,-1.2700054868725268,-0.06076162638708668,-1.9340829791419867,0.09800931885679343
2008-10-02,-1.3595022857650585,0.012108751467002559,-0.5716705148254009,-0.024366630457122153,-0.9200545720152925,-0.06071975557350659,-1.5647027214043197,0.20520043563926116
2008-10-03,-0.9602216308075732,0.014402811756626133,-0.5434789592950146,-0.022746373079090994,-0.4689917093893963,-0.060664439077004105,-1.0814786690838798,0.12125703827630663
2008-10-04,-0.5832310091045059,0.016703438308790612,-0.5036301449865475,-0.021094467180074107,-0.023427287886552836,-0.06059929259031244,-0.5920477543346963,0.008816745230190381
2008-10-05,-0.1502304226532516,0.01901016254314368,-0.4533541933028977,-0.019423173947696097,0.3292136569862641,-0.060529273138575285,-0.18508282085976133,0.03485239820650973
2008-10-06,-0.0124731867219383,0.0213225052371064,-0.39399554747459964,-0.017744931897777563,0.5406824606756856,-0.06045965134339749,0.08980483519701732,-0.10227802191895562
2008-10-07,0.0877469266739775,0.023640075555507283,-0.3268568072732729,-0.01606867627982531,0.6060578919481239,-0.06039419914097469,0.22637828480955827,-0.13863135813558075
2008-10-08,0.2576183592680573,0.025962491547172815,-0.2531692391387123,-0.014402411845747271,0.5527832529174298,-0.060336926060153694,0.25083716741998935,0.006781191848067969
2008-10-09,0.3461503601188697,0.028289365470540777,-0.17408380386252245,-0.012753767069972347,0.422676797552098,-0.06029096144933831,0.20383763064080568,0.142312729478064
2008-10-10,-0.04979976558427,0.030620347728808443,-0.09066003864859762,-0.011128450047413524,0.2556479897481873,-0.060257588788638,0.12422225999234661,-0.1740220255766166
2008-10-11,0.0268710279189427,0.03295522839844126,-0.0038463611841820385,-0.00952689738639652,0.08112612362409022,-0.06023678796238471,0.04047130548956821,-0.013600277570625513
2008-10-12,0.093834067775282,0.03529366129353315,0.08529160512275573,-0.007953735467443743,-0.08320763691000505,-0.06023163499880874,-0.03080774095996864,0.12464180873525063
2008-10-13,-0.0882398629240383,0.03763531208161692,0.17554564762826025,-0.0064127154381258735,-0.2251021330667242,-0.06024375574920829,-0.0785776445441812,-0.009662218379857104
2008-10-14,-0.1966561981504523,0.03997991644166658,0.2655197563268669,-0.004904662770230505,-0.3309786193876795,-0.06027278213171395,-0.0906563915210904,-0.1059998066293619
2008-10-15,0.0508930999624204,0.042327175197276544,0.3535393551938083,-0.0034310609273270898,-0.3836273625605819,-0.06032038023337719,-0.05151227333020134,0.10240537329262174
2008-10-16,0.2014792610550925,0.044676687218669256,0.4375729831042464,-0.0019961892159015854,-0.3652201949204297,-0.0603876133692338,0.05464567281735057,0.14683358823774195
2008-10-17,0.2689190991838592,0.04702807963862081,0.5153633002998463,-0.0006029671914744364,-0.26332787915584444,-0.06047596233652157,0.23798457125462663,0.03093452792923257
2008-10-18,0.4522766501293042,0.04938101318119501,0.5844991845572676,0.0007473410657701345,-0.07794818507090895,-0.06058457544034309,0.4960947782929807,-0.04381812816367653
2008-10-19,0.6992669372310919,0.051735118221892355,0.6425367718904028,0.002052908776168816,0.17402732200637214,-0.06071328806225844,0.8096388328325778,-0.11037189560148586
2008-10-20,1.014042111442587,0.054090014080296754,0.6871820808911188,0.003311907054150468,0.4591593967253704,-0.06086215771511509,1.1428812410358213,-0.1288391295932343
2008-10-21,1.2932666065725278,0.05644530803104047,0.716495982963911,0.004522470840635152,0.7319616409299157,-0.061032472933466864,1.4483929298320355,-0.1551263232595077
2008-10-22,1.7105424935526177,0.05880062176931718,0.7291113926776496,0.0056835946181457465,0.9422037930629241,-0.06122735276538511,1.6745720493626517,0.03597044418996598
2008-10-23,1.9065303672643072,0.06115555452082117,0.72434896669305,0.006793919487514552,1.0430501981124118,-0.06144931453056829,1.7738993242832293,0.13263104298107797
2008-10-24,1.9211284890949192,0.06350980128928323,0.702383971298008,0.007855554534560084,1.0000735959378078,-0.061698077503296124,1.712124845556363,0.20900364353855627
2008-10-25,1.558139561129506,0.06586313589789987,0.6642932584148382,0.008873396384811168,0.7996541847430174,-0.061973116654900684,1.476710858785666,0.08142870234383981
2008-10-26,1.1454625683387485,0.06821547220961366,0.6120051573128253,0.009857512608507937,0.4565812637337094,-0.06226776748025126,1.0843916383844052,0.06107092995434327
2008-10-27,0.5918022521256068,0.07056676262264662,0.5481361550088236,0.010819662076636333,0.017741406438262518,-0.06257250525217847,0.5846914808941905,0.007110771231416235
2008-10-28,-0.2598797091028315,0.07291699831266531,0.47583652297339,0.011773316476424763,-0.44031593959429927,-0.06287910051568447,0.057331797652496394,-0.3172115067553279
2008-10-29,-0.6516192407769875,0.07526624193260044,0.3985418145220647,0.012735112452138639,-0.8232301836258356,-0.0631766540570123,-0.399863668776044,-0.2517555720009435
2008-10-30,-0.6220120542644882,0.07761439734877182,0.31959595432026583,0.013717066390637942,-1.0414292568403933,-0.06345615147331114,-0.6939579902540289,0.07194593598954069
2008-10-31,-0.5847328290820919,0.07996119983871602,0.24203741639417153,0.014725865342360634,-1.0371271700248392,-0.06371700395326603,-0.7641196924028572,0.17938686332076526
2008-11-01,-0.5072055676011561,0.08230634257956698,0.16843263744793394,0.015766930748927373,-0.80755155329323,-0.0639645192997304,-0.6050101618165322,0.09780459421537613
2008-11-02,-0.0459021748436712,0.08464949945955531,0.100686404164433,0.01684490165070415,-0.41516775421534957,-0.06420618658109316,-0.27719313552175023,0.23129096067807903
2008-11-03,-0.161669177805141,0.08699024209771604,0.03986958989807508,0.01796086113417826,0.02280926984825272,-0.06445022508979602,0.10317973788842606,-0.26484891569356706
2008-11-04,0.2449886746513868,0.08932832432854983,-0.01367453140142369,0.019121938470709858,0.36795283308725335,-0.06470002132347291,0.39802854316161645,-0.15303986851022966
2008-11-05,0.6412348788559623,0.09166335400909184,-0.060439821621324,0.020330130013339956,0.5048646249525673,-0.06496226276726126,0.4914560245864139,0.1497788542695484
2008-11-06,0.3208545590932931,0.09399495247018665,-0.1016245006452633,0.02158841360584606,0.38486145159025914,-0.06523598010502928,0.33358433691599926,-0.012729777822706179
2008-11-07,-0.115037382129617,0.0963229400457758,-0.13885938851486643,0.022907345676805132,0.05014843907455212,-0.06551004638743534,-0.034990710105168715,-0.08004667202444829
2008-11-08,-0.1755271677446727,0.09864713309237635,-0.1740354914896452,0.02429788018614553,-0.3749725388478013,-0.06577546173739654,-0.49183847879632114,0.31631131105164845
2008-11-09,-0.8124819970962742,0.10096720222297316,-0.2091702013389688,0.025766823594852117,-0.7243709969397633,-0.06602439581671064,-0.8728315682776173,0.0603495711813431
2008-11-10,-1.342432398828908,0.10328295584321295,-0.24602618450790975,0.02732628787543625,-0.8477842366012285,-0.06624493511356315,-1.0294461125040522,-0.3129862863248558
2008-11-11,-1.087980279135138,0.10559414117351021,-0.2859500465408929,0.02898635971061683,-0.6682194016861629,-0.06643063664493179,-0.8860195839878605,-0.20196069514727755
2008-11-12,-0.5185260623697084,0.10790024966515635,-0.3297795668742865,0.030748216387670863,-0.21503225786102514,-0.06658544088507821,-0.47274879956756266,-0.04577726280214578
2008-11-13,0.1265352031838757,0.11020067290516579,-0.37768938532699636,0.03260965840457718,0.3824600421359589,-0.06671354090687312,0.0808674472118324,0.04566775597204331
2008-11-14,0.6486790451266345,0.11249475926818002,-0.42902680137755544,0.03456653264702743,0.9382824365745895,-0.06682670087267985,0.5894902262395617,0.059188818887072836
2008-11-15,1.1412707859449067,0.1147818917469116,-0.48232814099411137,0.03661578518931749,1.2746435802756546,-0.06693636232349537,0.876776753894277,0.2644940320506297
2008-11-16,1.1862142859231626,0.11706146949550364,-0.5354340407648631,0.038755024819781894,1.2836584409116125,-0.0670511010595924,0.8369897934024425,0.3492244925207201
2008-11-17,0.5116913533669194,0.1193330284114805,-0.58557477456435,0.04098660437523578,0.9635796930818714,-0.0671759245245229,0.4711486267797147,0.0405427265872047
2008-11-18,-0.4388172466912597,0.12159632857645251,-0.6295457202207478,0.04332040141220855,0.41591421230199294,-0.06731150414088136,-0.11602628207097518,-0.32279096462028456
2008-11-19,-0.980232602325441,0.12385124604409668,-0.6640930151116218,0.045770080865170634,-0.19447634968093103,-0.06744974770169504,-0.7563977855849806,-0.22383481674046035
2008-11-20,-1.625852096111626,0.12609755120700997,-0.6862632760918751,0.04834479941891426,-0.6989631934111645,-0.06758552796062851,-1.2783696468377441,-0.34748244927388194
2008-11-21,-1.6823237869897685,0.12833506344210244,-0.6936081888158182,0.05105417028089684,-0.9793445285319603,-0.06771287070100923,-1.5612763543257886,-0.12104743266397988
2008-11-22,-1.420251303135597,0.1305634531132056,-0.684523336316471,0.05390139069435312,-0.9994671476709778,-0.06782645019458029,-1.5673520903744704,0.14710078723887343
2008-11-23,-0.9021578716805432,0.13278231051255135,-0.6583418614389439,0.05688544312909733,-0.8031288713433947,-0.067921545641456,-1.3397245247821459,0.4375666531016027
2008-11-24,-0.6957167127306674,0.13499114706523166,-0.6153597095089649,0.060001522705738726,-0.4848394538993728,-0.06799544072557714,-0.9732019343629446,0.2774852216322772
2008-11-25,-0.5013541569790417,0.13718955744585207,-0.556712845579946,0.06324716530146728,-0.14827421061634433,-0.06804240430685342,-0.5725927377558244,0.07123858077678269
2008-11-26,-0.377489149703205,0.13937710891572117,-0.48429000938576316,0.06661889158031026,0.1278728077657906,-0.06805780605258246,-0.21847900717652358,-0.15901014252668144
2008-11-27,0.0521299735894524,0.14155334006080283,-0.40053738501248587,0.07011249698128047,0.3057760376387831,-0.06804015585119025,0.04886433381719027,0.00326563977226213
2008-11-28,0.0279769956017518,0.14371765448780488,-0.3082899269143336,0.07371951379553537,0.38348599486252494,-0.06799436189716841,0.2246388743343632,-0.1966618787326114
2008-11-29,0.0516403032489138,0.14586956984777733,-0.21046732401399942,0.07743572106402409,0.37882466599875897,-0.06792201780495108,0.3237406150916099,-0.2721003118426961
2008-11-30,0.1579733959206994,0.14800858049346388,-0.1099404192187538,0.0812561607158796,0.31170972300266175,-0.06782464557901292,0.3632093994142385,-0.20523600349353913
2008-12-01,0.2410376645473945,0.15013415841540997,-0.009364376057629124,0.08517499456443531,0.19670103859621574,-0.06770341499946443,0.35494240051896747,-0.11390473597157297
2008-12-02,0.3106838728041486,0.1522457857141409,0.08897173067916533,0.08918646798684145,0.04749524708854584,-0.06755927084373697,0.31033996062495656,0.00034391217919205186
2008-12-03,0.9223127473746802,0.1543429427857153,0.18321281458510916,0.09328461432907262,-0.11306473171625328,-0.06739287455282933,0.25038276543081445,0.6719299819438658
2008-12-04,0.7809529509297919,0.15642493593820672,0.2718960948519232,0.09745723501828804,-0.24801348893102645,-0.06721085320905124,0.2105539236683402,0.5703990272614516
2008-12-05,0.3464116097286022,0.15849129507085644,0.35407456009097255,0.1016997151931281,-0.3112066043451532,-0.06701129378113084,0.23604767222867307,0.11036393749992912
2008-12-06,0.04151322509053,0.16054162560735608,0.4292147861641019,0.10600977206839478,-0.2665917572113207,-0.06679129643454654,0.3623831301939855,-0.3208699051034555
2008-12-07,0.0858426564135062,0.1625754927477955,0.49703462255047676,0.11038334044427381,-0.11118700465926666,-0.06654898053395876,0.5922574705493207,-0.5064148141358145
2008-12-08,0.2431160916142734,0.1645923622185935,0.5573565480953507,0.1148125224551692,0.11164732176854533,-0.06628407474977313,0.8821246797878856,-0.6390085881736122
2008-12-09,0.8686149798471431,0.16659166341436238,0.6100450037099677,0.11928790755236275,0.3195006381172116,-0.06599765897269011,1.1494275538212144,-0.28081257397407133
2008-12-10,1.6407271597283406,0.16857268225771335,0.6548803816484795,0.12379500794786188,0.41905985403470036,-0.06569613458807597,1.3006117913006792,0.34011536842766144
2008-12-11,2.0804271828168823,0.17053466529181754,0.6915103746372209,0.12831818379715088,0.3467940652247476,-0.06538436278744479,1.271772926163492,0.8086542566533903
2008-12-12,1.4420047269311256,0.17247694909683337,0.7195089534443194,0.13284516663538473,0.10381738554335074,-0.06506613951807177,1.0635823152018162,0.37842241172930935
2008-12-13,0.6274871309251246,0.17439919053810868,0.7384671141506207,0.13737505018905657,-0.2325982336005418,-0.06473701377104848,0.7529061075061958,-0.12541897658107115
2008-12-14,0.3100390440863054,0.1763010989469813,0.7478965909441048,0.1419088125183965,-0.5317430543835399,-0.06439237065329442,0.4699710773726482,-0.1599320332863428
2008-12-15,0.1960752622828255,0.1781822340385207,0.747181850495293,0.14644217896381162,-0.6585018634206872,-0.06403278978572922,0.3492716102912089,-0.1531963480083834
2008-12-16,0.1647956127346359,0.18004209882990746,0.7357046866986924,0.15096851300042827,-0.5291783743117983,-0.06366303671143779,0.4738738875057922,-0.3090782747711563
2008-12-17,0.6555545694196103,0.18188018757107127,0.7129370930353084,0.1554804794465114,-0.15149600667054797,-0.06328711505072314,0.83551463833162,-0.17996006891200966
2008-12-18,1.212219394071182,0.18369585064850072,0.6785053000316359,0.15996527473119143,0.3694369912935717,-0.06291359161450055,1.3286898250903993,-0.11647043101921728
2008-12-19,2.1398874192183266,0.18548843919126326,0.6323398557665666,0.16440993762884795,0.8656424853969166,-0.06254866628697792,1.7853320516966165,0.35455536752171013
2008-12-20,2.2450352957067996,0.1872572006964172,0.5747636087983552,0.1687977470471129,1.1671614288224077,-0.06220418113965891,2.035775804224634,0.2092594914821655
2008-12-21,1.7902713248311894,0.18900164906601397,0.5066594692418047,0.17312148457097437,1.167489294167369,-0.06188082953123111,1.9743910675149308,-0.18411974268374132
2008-12-22,1.675397109888593,0.19072147984222182,0.4294465456336919,0.17738052995538084,0.8636255980819225,-0.0615726603570485,1.5996014931561684,0.07579561673242452
2008-12-23,1.586548334846243,0.1924162942392136,0.34490005283641145,0.1815713826281973,0.3550493487950224,-0.06127504062169653,1.0126620378771483,0.5738862969690948
2008-12-24,0.0633833474942859,0.19408568054424813,0.2551013838857421,0.18569026582491363,-0.19587651155135677,-0.06098502689128362,0.3780157918122635,-0.31463244431797766
2008-12-25,-0.5424290546440683,0.19572966200700812,0.16243209685036503,0.18974888894713937,-0.6251583936694768,-0.06068111669239175,-0.13792886255735604,-0.4045001920867123
2008-12-26,-0.5342495691333972,0.19734797365447002,0.06915563146211827,0.19374900760613742,-0.8294892305178891,-0.06035122756958733,-0.4295878453647508,-0.10466172376864635
2008-12-27,-0.3463829042393478,0.19894015923913588,-0.02270196116921963,0.19768569125324484,-0.7975751718346233,-0.059988827862442584,-0.4836401103739048,0.137257206134557
2008-12-28,-0.4052800678542901,0.2005056856971582,-0.11138035810717892,0.2015511814967297,-0.6018015124442949,-0.059594568615795464,-0.3707195719733814,-0.034560495880908704
2008-12-29,-0.0872463534373272,0.20204407449367234,-0.19545389296109514,0.20533995937572416,-0.3564366960430179,-0.05916657535735002,-0.20367313049206656,0.11642677705473936
2008-12-30,0.0150645538754392,0.20355470614740473,-0.2738994851798353,0.20904151931326875,-0.1638638271565391,-0.058713174592444954,-0.0838802614681459,0.0989448153435851
2008-12-31,0.0480364010010237,0.20503701271958938,-0.3460293232775493,0.21264719996498802,-0.0710794146578643,-0.05824336225984622,-0.05766788751068244,0.10570428851170614
2009-01-01,-0.2076093158527126,0.2064904422601691,-0.4114752003357978,0.21614906925271846,-0.057214109284574356,-0.05776440959539217,-0.10381420770287678,-0.10379510814983584
2009-01-02,-0.3830516487680575,0.20791454681484542,-0.4700995945971341,0.21954282844312706,-0.05463649906317452,-0.05727517626495423,-0.1545538946672904,-0.2284977541007671
2009-01-03,-0.145093412889282,0.20930887493802902,-0.5218827075601078,0.2228232214763338,0.0072635542844858,-0.05677685337023791,-0.1392639102314971,-0.005829502657784896
2009-01-04,0.1570485934865367,0.21067288354892377,-0.5668979933917764,0.2259814550592895,0.15832084247865988,-0.05626890385870467,-0.02819171616360791,0.1852403096501446
2009-01-05,0.2802835008968486,0.2120060247444615,-0.6051279890037382,0.22900797430585207,0.3658642699367402,-0.05575245041109118,0.1459978295722244,0.1342856713246242
2009-01-06,0.3936892447065544,0.21330782202162393,-0.6363749975828069,0.23189537372052574,0.544998663242312,-0.05522647281474174,0.298600388586913,0.09508885611964141
2009-01-07,0.2234284980630133,0.214577808932525,-0.6602450288774194,0.2346364755286315,0.5960846813688127,-0.05469143985010381,0.3303624971024459,-0.10693399903943263
2009-01-08,-0.0249076341363381,0.21581560330378896,-0.6761554240083617,0.23722747519010504,0.45308391765616235,-0.05414437807833048,0.17582719406336417,-0.20073482819970226
2009-01-09,-0.4064188844805657,0.2170208434700379,-0.6834265986084186,0.2396656868230137,0.11947214564172945,-0.0535819632280331,-0.16084988590167063,-0.24556899857889505
2009-01-10,-0.6640001532586983,0.21819319640985038,-0.6813763076942415,0.24194974334335273,-0.324332824458543,-0.05300200683431326,-0.5985681992338946,-0.06543195402480373
2009-01-11,-0.919909266964502,0.21933226628437033,-0.6694796489066326,0.24407654033364712,-0.746715290516073,-0.05240654029059526,-1.0051926730952834,0.08528340613078134
2009-01-12,-0.8707855881142537,0.22043763422980298,-0.6474840502438596,0.24604266422857773,-1.0125441937288806,-0.05179860344990582,-1.2453465489642652,0.37456096085001156
2009-01-13,-0.9763285333237168,0.2215087819685254,-0.6155363394952276,0.2478415279914319,-1.033719821384062,-0.051183610913003066,-1.2310894618323351,0.2547609285086183
2009-01-14,-0.8872157891781162,0.22254523024756903,-0.5741526538121401,0.24946792457107608,-0.8006158395291555,-0.050566956959931166,-0.9533222954825817,0.06610650630446557
2009-01-15,-0.5695548766605311,0.2235464343663558,-0.5242656232940953,0.25091461258215203,-0.38388168124495614,-0.049955094940715566,-0.48364135253125917,-0.08591352412927189
2009-01-16,-0.191787614882247,0.22451177942289688,-0.46716278486343094,0.25217209010666775,0.09385163392253668,-0.049355726772323985,0.05401699181634638,-0.2458046066985934
2009-01-17,0.2114212977705669,0.22544064335833286,-0.4043688618540065,0.25323075340711654,0.5032985742218853,-0.04877448495532283,0.5288266241780053,-0.3174053264074384
2009-01-18,0.6065020490942312,0.22633240827566,-0.33751356075236894,0.2540814671375109,0.7516142297611174,-0.048214091762891945,0.8463004526590274,-0.2397984035647962
2009-01-19,0.9084781747401346,0.2271864584950494,-0.26817788817170707,0.25471578538605577,0.807062162325553,-0.04767577617455342,0.9731107418603977,-0.0646325671202631
2009-01-20,1.0781514598899762,0.22800221549319946,-0.19776290656858359,0.25512725337422587,0.6981812146601012,-0.04715719574582234,0.9363905812131206,0.1417608786768556
2009-01-21,1.493791188748682,0.2287791569974156,-0.12734903012261797,0.2553116038171492,0.4915105579094457,-0.04665683532129315,0.8015954532800994,0.6921957354685827
2009-01-22,0.888198459226976,0.22951670417810444,-0.057688986241553705,0.25526290231162696,0.26003079663493256,-0.0461772669173581,0.6409441499657521,0.24725430926122394
2009-01-23,0.4860188408709929,0.2302145978806686,0.010946619547955904,0.25498645417654275,0.058996648083340125,-0.045713632684868444,0.5094306870036389,-0.02341184613264602
2009-01-24,0.297399243730455,0.23087253728753487,0.0785413593688454,0.25448612582552194,-0.08611455922250948,-0.04526278765036058,0.4325226756090321,-0.13512343187857712
2009-01-25,0.1758999627300688,0.23149017026628943,0.14524183112965594,0.25376372390831303,-0.17417470560689044,-0.0448251576380542,0.4114958620593139,-0.23559589932924507
2009-01-26,-0.33284118109314,0.2320671360685283,0.21120766501022953,0.2528208387404922,-0.2135389076637205,-0.044397378702717503,0.43815935345281204,-0.7710005345459521
2009-01-27,0.3024206299143053,0.23260318691200615,0.2765478386626651,0.25166306842554487,-0.20824939156513045,-0.04397018884672319,0.5085945135883624,-0.2061738836740571
2009-01-28,1.02718008213282,0.233097719869143,0.3410537186941456,0.250283609107796,-0.15618363603881946,-0.04354748207850735,0.6247039295537578,0.40247615257906233
2009-01-29,1.3814965452841526,0.23355009618954323,0.40426880431039813,0.24867431377465693,-0.055429229836769525,-0.04313698011120932,0.7879270043266193,0.5935695409575332
2009-01-30,1.2848657952925664,0.23395978635728348,0.46549465839927245,0.24683111990213322,0.08287764518389056,-0.04274186487488633,0.9864213449676935,0.2984444503248729
2009-01-31,1.2456935175023358,0.23432639140092412,0.5238495309454003,0.2447546435333384,0.2248979242099742,-0.04236453564103491,1.185463954448602,0.060229563053733726
2009-02-01,1.249593351646234,0.23464950234609666,0.5782648482450108,0.24244512255985604,0.31587700460298207,-0.042011569134381525,1.329224908619564,-0.07963155697332991
2009-02-02,0.927106704206882,0.23492871267038226,0.6275456031666726,0.23990311159599426,0.29717171909448303,-0.041689634181569304,1.357859512345963,-0.4307528081390809
2009-02-03,0.7912913534210257,0.23516374152406927,0.6705029934995579,0.2371338430211,0.13275460934512703,-0.04140004268105019,1.2341551447088042,-0.4428637912877784
2009-02-04,0.8591604231472673,0.2353542847494732,0.7060007972716608,0.23414180512199614,-0.16770275284044076,-0.04114523382152268,0.9666489004811668,-0.10748847733389955
2009-02-05,0.8481909959116677,0.2355000107126992,0.7330381177254216,0.23093045276032834,-0.5396945519324327,-0.04092914667429689,0.6188448825917195,0.22934611331994814
2009-02-06,0.5762728283844585,0.23560064879681017,0.7508243412787935,0.22750548332760345,-0.8759614363753305,-0.04075138760625945,0.29721764942161727,0.2790551789628412
2009-02-07,0.4660155744826062,0.23565603953906736,0.7588369706401737,0.22387648735545046,-1.0584842795995386,-0.04060664038293873,0.11927857755221413,0.34673699693039206
2009-02-08,0.420886578841652,0.23566599148071687,0.7567629826090551,0.22005212110747294,-1.000220757621693,-0.040488676089731335,0.17177166148582051,0.24911491735583147
2009-02-09,0.2451725867549314,0.23563029154687187,0.7445123060037583,0.21604045436836522,-0.6796583237602504,-0.04039339171550076,0.4761313364432442,-0.2309587496883128
2009-02-10,0.4862864408236244,0.23554876488572132,0.7222113413526264,0.21185103292093593,-0.1545883540251439,-0.04031717527567859,0.9747056098584612,-0.48841916903483684
2009-02-11,1.1800581688451028,0.23542110694425786,0.6901054909618266,0.2074890674678923,0.45052135827088385,-0.040263368912485574,1.5432736547323749,-0.36321548588727204
2009-02-12,2.1149330250802123,0.2352468853347885,0.6485179007937152,0.20295553658399706,0.9814086079854936,-0.04024082951581147,2.0278881011821825,0.08704492389802976
2009-02-13,2.498406139069825,0.2350256160630892,0.5978771290107437,0.19824961325063262,1.3021650022804234,-0.04026340428904865,2.2930539563158403,0.2053521827539848
2009-02-14,2.7157635600662826,0.23475701776435293,0.5387805497331162,0.19337772524413277,1.338143139718699,-0.04033760238345637,2.264720830076844,0.4510427299894384
2009-02-15,2.2792456864675334,0.234440886095896,0.47195038384047155,0.18834941647803033,1.0970479590218642,-0.040466927072955086,1.951321718363307,0.3279239681042265
2009-02-16,1.3574986388766417,0.23407724369459068,0.3982910534018334,0.1831825647293705,0.6639016475934256,-0.040645273528420296,1.4388072358907997,-0.08130859701415805
2009-02-17,0.3963283867444518,0.2336662777123979,0.31889863228023785,0.17790089163288678,0.1711595323395189,-0.04086186131135468,0.8607634726536867,-0.4644350859092349
2009-02-18,0.0546252340647779,0.2332081982574841,0.23501539267273322,0.17252899329062202,-0.2443801336376441,-0.041105468492267164,0.3552669820909281,-0.3006417480261502
2009-02-19,-0.2437666916172579,0.23270304112688003,0.14796275808287748,0.1670852421225547,-0.48303041852778733,-0.04137001688862544,0.023350605915899457,-0.2671172975331573
2009-02-20,0.205322682717014,0.23215084924450738,0.059221728020160735,0.16158772603835567,-0.5076350015580763,-0.04164739063256347,-0.09632208888761593,0.30164477160462994
2009-02-21,0.3162702878368845,0.23155144888366996,-0.029608343157483355,0.1560462265962471,-0.3492481033333716,-0.04193883210714259,-0.03319760311808049,0.349467890954965
2009-02-22,0.2198623524346448,0.23090477599079706,-0.11669328663496939,0.15047390246772932,-0.09031768658331683,-0.04224157593634066,0.1321261293038995,0.0877362231307453
2009-02-23,0.3626534234034986,0.23021083521997704,-0.19999887288047793,0.14488595636241058,0.16414274260910663,-0.04254999327667353,0.2966906680343428,0.0659627553691558
2009-02-24,0.4879644393838837,0.22946957357007647,-0.2773992404828322,0.13929543763871252,0.3186206574185102,-0.04285853514709992,0.36712789299736703,0.12083654638651664
2009-02-25,-0.0776394994777914,0.2286809449786421,-0.346704829088456,0.1337156112524881,0.3143271794644875,-0.0431628178186948,0.2868560887884669,-0.36449558826625833
2009-02-26,-0.1341014473200836,0.22784511211977393,-0.4057041470439254,0.12816720435537232,0.14471958647117278,-0.04345141938057449,0.051576336521819165,-0.18567778384190278
2009-02-27,-0.1739788412090533,0.22696209056022923,-0.45242383461582253,0.12266576770266542,-0.14600151867279176,-0.043719942808190346,-0.29251743783391,0.11853859662485669
2009-02-28,-0.7057410104650941,0.22603190537268306,-0.48522967305609277,0.11722709254173255,-0.47606257390354784,-0.0439641351287668,-0.6619973841739919,-0.04374362629110218
2009-03-01,-1.0969334523387022,0.22505472781447808,-0.5028734435343378,0.11187147546157539,-0.7490457342027182,-0.04418121549925146,-0.959174189960254,-0.13775926237844816
2009-03-02,-0.9570674916197468,0.22403070100277792,-0.5047398360933997,0.10661788464294242,-0.8821489580850354,-0.04436887538246517,-1.1006090839151799,0.14354159229543306
2009-03-03,-0.8915428149301494,0.22295982106363038,-0.49097448064412785,0.10147948195093151,-0.8313192830563432,-0.044530279813689524,-1.0423847404995987,0.1508419255694493
2009-03-04,-0.7196219792800519,0.2218421106509001,-0.46247890242393436,0.09646987765179414,-0.6055627392796856,-0.044664414701089505,-0.7943940681020152,0.07477208882196329
2009-03-05,-0.4012054978878795,0.2206775443738939,-0.4208632912818542,0.09160019758583159,-0.26754439262957036,-0.04477457207156562,-0.4209045140232647,0.01969901613538516
2009-03-06,-0.0327305129378638,0.2194660483089748,-0.36836659753458295,0.08687904506537902,0.08235914320692887,-0.04486704063299091,-0.024529401586291175,-0.008201111351572622
2009-03-07,0.309579307451864,0.21820753981619453,-0.3077177137017534,0.08231383040532536,0.3355720164584675,-0.04494833838988158,0.2834273345883524,0.02615197286351162
2009-03-08,0.4145781515873696,0.21690195689747377,-0.24196537676416036,0.07791187792529176,0.4103599594865723,-0.04502344752755819,0.41818497001761923,-0.0036068184302496253
2009-03-09,0.0920554775535797,0.21554932554070863,-0.17424731009309205,0.07368238618267411,0.2815568835231919,-0.045098387384123535,0.3514428977693591,-0.25938742021577943
2009-03-10,-0.2648971319927541,0.21414984080225385,-0.1076557413604187,0.0696393260899295,-0.0059517092838824864,-0.04517159488386235,0.1250101213640198,-0.3899072533567739
2009-03-11,0.0568647804165261,0.21270373613483878,-0.04517447528780737,0.06579701417860714,-0.34714045006647914,-0.045237298948343364,-0.15905147398918396,0.21591625440571005
2009-03-12,-0.1207261663841038,0.21121104974826732,0.01033106572861936,0.062162135962321785,-0.6086684983492736,-0.045293864416122806,-0.37025811132618797,0.24953194494208417
2009-03-13,-0.3153438137664043,0.2096719786871783,0.05635594196142756,0.05874561527329046,-0.6709700013223494,-0.0453353922070088,-0.3915318576074619,0.0761880438410576
2009-03-14,-0.0098618772161344,0.20808673709343173,0.09073860904637165,0.055557746917627604,-0.4703421667732321,-0.045353150111051586,-0.1613122238268527,0.1514503466107183
2009-03-15,0.5018475491766334,0.20645537676739367,0.11169034796735806,0.052601962168719055,-0.024321399793745202,-0.04534610002732534,0.30108018708240025,0.20076736209423318
2009-03-16,0.6570561803804205,0.2047778784014027,0.11791872333952393,0.04987796618124618,0.5702992624696852,-0.04531991426589954,0.8975539161259585,-0.240497735745538
2009-03-17,1.3983426868758295,0.2030543392517245,0.10877120327544043,0.047388121332643224,1.1662833873150182,-0.04528041588530968,1.4802166352895165,-0.081873948413687
2009-03-18,1.679561095520559,0.20128469711912264,0.08416889787863541,0.04512822760986701,1.6099402494074606,-0.045239192843907795,1.8952828791711778,-0.21572178365061867
2009-03-19,1.7769639408521667,0.1994690457807451,0.044791288467785934,0.043098856049311504,1.788527001547634,-0.04520262857886683,2.0306835632666096,-0.2537196224144429
2009-03-20,1.9682737337825835,0.19760755208274808,-0.007902478026796105,0.041302519929302006,1.6611595410255808,-0.045176112382104255,1.8469910226287307,0.1212827111538528
2009-03-21,1.6265173795108772,0.1957003925023579,-0.07173682171701766,0.0397416560071462,1.264813411166636,-0.045160913199168214,1.3833577247599542,0.24315965475092294
2009-03-22,0.6654406061131484,0.19374793400126608,-0.14376663847417714,0.03842483562981458,0.6962139028078967,-0.04515090277091544,0.7394691311938848,-0.07402852508073643
2009-03-23,0.2591839466522878,0.1917507384941318,-0.22032911046011444,0.03736670386465446,0.07694048945735792,-0.045137610063433455,0.040591211292596276,0.2185927353596915
2009-03-24,-0.3209605824590358,0.1897092157709234,-0.29735808680750303,0.03657577489189898,-0.48482470041504366,-0.045119025091685326,-0.6010168216514096,0.28005623919237377
2009-03-25,-1.1906500902799846,0.18762385397438217,-0.37051572157332063,0.03606209279490322,-0.9188955270778346,-0.04509008519261193,-1.1108153870744817,-0.0798347032055029
2009-03-26,-1.7159625829010814,0.18549523654448127,-0.4354115438459853,0.03583755011398777,-1.2000494424187234,-0.045044585731759,-1.4591727853379985,-0.25678979756308284
2009-03-27,-1.8267380229289207,0.1833238393424266,-0.4879355629093181,0.03590858151044944,-1.339029940941388,-0.0449831268464965,-1.6527162098443264,-0.1740218130845943
2009-03-28,-1.8921099958127867,0.1811100261930754,-0.5245655442921344,0.036276007208866395,-1.3640535676722298,-0.04490714770640221,-1.7161402262688248,-0.17596976954396193
2009-03-29,-1.5965197342611648,0.17885414757196869,-0.5425204801275118,0.036938076008119505,-1.3032261428306244,-0.044820186490303886,-1.674774585868352,0.07825485160718726
2009-03-30,-1.4232729085583244,0.176556434324304,-0.5400029889955343,0.037887181550373294,-1.1764493595641934,-0.04472863477388371,-1.5467373674589342,0.12346445890060975
2009-03-31,-1.3058558611519024,0.17421713632525576,-0.5162960187994237,0.03911525704789029,-0.9963922441505156,-0.04463236331433877,-1.3439882328911321,0.038132371739229676
2009-04-01,-1.00567036203656,0.17183649498594672,-0.4717959622726927,0.04061268662232931,-0.7756884409380803,-0.044529306098957847,-1.0795645277014547,0.07389416566489482
2009-04-02,-0.6131831417541288,0.1694146743986877,-0.40800105508501316,0.042365904940075624,-0.5329661945389383,-0.04442020542836799,-0.7736068757135561,0.16042373395942733
2009-04-03,-0.4921889369496121,0.16695180021946457,-0.3274095377752499,0.04435887988149703,-0.29197384144571004,-0.0443067279064332,-0.4523794270264315,-0.03980950992318055
2009-04-04,-0.2750110371347253,0.16444808737459785,-0.23331176744535165,0.04657736958001858,-0.07368257905874646,-0.04418847476589881,-0.1401573643153805,-0.1348536728193448
2009-04-05,0.1882575736645141,0.16190374791819429,-0.1296190894641,0.0490053676292289,0.11268088104367213,-0.0440688301155441,0.14990207701145122,0.03835549665306287
2009-04-06,0.3930286601593721,0.15931895936943166,-0.02066212174132776,0.05162394479914689,0.2740647826364376,-0.0439555577025819,0.4203900073611065,-0.027361347201734387
2009-04-07,0.5597174805411297,0.15669401844684852,0.08909186748182334,0.05441679514648931,0.4294513964105043,-0.043854244432651825,0.6857998330530136,-0.12608235251188393
2009-04-08,0.955813335439168,0.15402927076772788,0.1952204079289548,0.05736815671504382,0.5963621254954408,-0.04376850209396068,0.9592114588132066,-0.003398123374038553
2009-04-09,1.3269491533552502,0.15132501730821782,0.2935222983039509,0.060459751496013917,0.775288524387201,-0.04370413988081588,1.236891451614568,0.09005770174068228
2009-04-10,1.4073279417353828,0.14858158271580646,0.38021490466962315,0.06367353904520602,0.9417782692367596,-0.04366541032095214,1.4905828853464431,-0.08325494361106034
2009-04-11,1.6801851021367418,0.14579938721872876,0.45213151140123625,0.06699423761054117,1.0520462257938406,-0.043655667294084384,1.673315694730262,0.006869407406479677
2009-04-12,1.751884406541664,0.14297880431848745,0.5067164740952855,0.07040503931997932,1.061144642801167,-0.04367552567418404,1.7375694348607351,0.01431497168092899
2009-04-13,1.7667029366752007,0.1401202670418261,0.5421892610921498,0.0738908728270668,0.9477668749389786,-0.043726614826489776,1.6602406610735316,0.1064622756016691
2009-04-14,1.613585016899976,0.137224249340637,0.5575723572236169,0.07743748935103345,0.7318330015329705,-0.043811992800630715,1.4602551046476273,0.1533299122523486
2009-04-15,1.275455889484871,0.13429131294337404,0.552738813196646,0.08103260122315403,0.4748740206922345,-0.04393719208690503,1.1989995559685036,0.07645633351636749
2009-04-16,0.9256913959069176,0.13132211956001244,0.5283433456435663,0.08466683358854521,0.25941572427727716,-0.044102021045082464,0.9596460020243187,-0.03395460611740109
2009-04-17,0.7104316565346018,0.12831736575297142,0.48580004321619,0.08833101187359739,0.15400380216620901,-0.04430794101348969,0.8121442819954782,-0.10171262546087634
2009-04-18,0.4618246317796315,0.12527774206270617,0.4271746838594667,0.09201505327557352,0.17921730626622567,-0.044554063286846246,0.779130722177126,-0.31730609039749447
2009-04-19,0.5361380593980783,0.12220395777148928,0.355138245363585,0.09570900261082596,0.2915941972929653,-0.04483731090394551,0.8198080921349201,-0.28367003273684177
2009-04-20,1.046787528086873,0.11909662888307151,0.2728198833148108,0.0993995192126717,0.39479489475574703,-0.04515406046882516,0.8409568656974757,0.2058306623893973
2009-04-21,0.9583243845045256,0.11595625094589274,0.18374220514013312,0.10306834735316606,0.3770900686417224,-0.04550829222886328,0.7343485798520509,0.22397580465247469
2009-04-22,0.5680072589925474,0.1127835404376395,0.09181225982453808,0.1067041731833029,0.161945649175056,-0.045898376234692506,0.427347246385844,0.14066001260670347
2009-04-23,0.0249638381633022,0.10957935406424077,0.0011402293565992948,0.11029967190801443,-0.25254045726628654,-0.04632206812948116,-0.07784327006691322,0.10280710823021541
2009-04-24,-0.5079225029324067,0.10634464919196637,-0.08418716041597948,0.11385021897952062,-0.7824149278403361,-0.04677684607829761,-0.6931840661631261,0.1852615632307194
2009-04-25,-1.3467540424647255,0.1030804172252716,-0.16035150899316672,0.11735170435404942,-1.2824753272272535,-0.04726186357842349,-1.2696565782195226,-0.07709746424520292
2009-04-26,-1.8655083740347704,0.09978776451435278,-0.2240340755351288,0.12080384490112077,-1.598163483122119,-0.047769061191891726,-1.649375010433666,-0.21613336360110447
2009-04-27,-1.910722539050029,0.09646769105709886,-0.27267328032223376,0.12420238435111303,-1.6257246687316462,-0.04829367392359488,-1.726021547569263,-0.18470099148076602
2009-04-28,-1.5580354221113886,0.09312103052487257,-0.30465228752807094,0.1275372488720661,-1.3539847980693136,-0.048833456850278775,-1.4868122630507248,-0.07122315906066379
2009-04-29,-1.2341809167165807,0.08974847288557453,-0.31935448724401805,0.1307932104046026,-0.8698356671710296,-0.04938898626894882,-1.0180374573938193,-0.21614345932276136
2009-04-30,-0.5474202374508532,0.0863507031789707,-0.3170827476823852,0.13395449428654188,-0.3241803272044005,-0.04996184908566391,-0.47091972650693703,-0.07650051094391619
2009-05-01,0.2133704796278795,0.0829282893058241,-0.29902931522253523,0.13700117270766105,0.12665038014517285,-0.05055796945207047,-0.0030074425159477003,0.2163779221438272
2009-05-02,0.6995220059498386,0.07948177462070542,-0.2671047992901905,0.139912895235295,0.3810196383453207,-0.051183042240012036,0.2821264666711186,0.41739553927872
2009-05-03,0.7140483980674133,0.07601178805684387,-0.2236905040671035,0.14267300715828052,0.42770130456619476,-0.051840097075767526,0.37085549863844813,0.34319289942896514
2009-05-04,0.4513576682024303,0.07251909778430728,-0.17139775041052913,0.14527078838444973,0.3422220800618259,-0.052527961113380796,0.33608625470667297,0.11527141349575731
2009-05-05,0.1424820691903023,0.06900454825561414,-0.11288193058452728,0.14769951477571955,0.24587121293868247,-0.053243214040774624,0.29645013134471426,-0.15396806215441197
2009-05-06,-0.1147096412618742,0.06546899393509635,-0.05068361122950163,0.14995427993394284,0.24620603937544902,-0.05398120899178606,0.35696449302320055,-0.47167413428507476
2009-05-07,-0.0044060117541592,0.06191326730836484,0.012941994235521635,0.1520303903536873,0.3855621544256287,-0.054741357828549914,0.5577064484946525,-0.5621124602488117
2009-05-08,0.6628491378267078,0.05833809556191645,0.07607250415560966,0.15392015467943038,0.6198755211661516,-0.05552895220948384,0.8526773233536243,-0.1898281855269165
2009-05-09,1.2516273231720203,0.05474404646474731,0.13713626224377654,0.15561074261230806,0.8373697561207051,-0.05635822816561577,1.1285025792759211,0.12312474389609918
2009-05-10,1.7357277351068712,0.05113173459832155,0.1949510216095128,0.15709107081119678,0.9096639918643931,-0.05724388114702328,1.255593937736401,0.48013379737047024
2009-05-11,1.778122254172139,0.04750184845114565,0.24864212536722435,0.15835229407604448,0.7515833441711249,-0.058199748006533,1.1478798640590064,0.6302423901131327
2009-05-12,1.1332788056040577,0.0438552669011811,0.29753872831629063,0.15939181748862297,0.3646663936782597,-0.0592322251485986,0.8062199812357558,0.3270588243683019
2009-05-13,0.0963880513624721,0.04019312682953799,0.3410684043925125,0.16021549360423498,-0.1549500469614846,-0.06033917968116648,0.32618779818363436,-0.22979974682116228
2009-05-14,-0.5721110672948087,0.036516745346673464,0.37855381779876135,0.1608348082215852,-0.6484600937140423,-0.061508298219970406,-0.1340630205669927,-0.43804804672781594
2009-05-15,-0.9030078755405864,0.03282737261831699,0.40903028485261606,0.16125818212087867,-0.9532922663495068,-0.0627277054322146,-0.41290413218990973,-0.49010374335067663
2009-05-16,-0.607063504450743,0.029126172468003628,0.43119534359414774,0.16149074215594433,-0.9639580603431769,-0.0639860546501395,-0.4061318567752207,-0.2009316476755223
2009-05-17,-0.0670679990756867,0.025414111457123807,0.44341647324142464,0.16153065655236407,-0.6719784334237514,-0.06527749796584835,-0.10689469013868723,0.03982669106300053
2009-05-18,0.6855952117045765,0.021692072787325812,0.4439030513122427,0.16137324927284874,-0.16881866121365238,-0.06659853310475941,0.3915511790540055,0.294044032650571
2009-05-19,1.296210567857397,0.017960860425629926,0.43092084696086336,0.16101142655801184,0.3871385804025634,-0.06795002954686925,0.9290816848001994,0.3671288830571976
2009-05-20,1.483804814777469,0.01422131620682676,0.40306258418591046,0.16044010381712706,0.8264638134017984,-0.06933157510586932,1.3348562425057933,0.14894857227167568
2009-05-21,1.6161581772726925,0.010474420554230805,0.35954242564345484,0.1596595206135923,1.025274382245109,-0.07073964537199745,1.4842111036843895,0.13194707358830304
2009-05-22,1.15853714274579,0.0067211972353289845,0.3003893382273779,0.15867166056902005,0.9415742658050911,-0.07217298414893421,1.3351834776878837,-0.1766463349420937
2009-05-23,0.5584455327960514,0.0029628813015119084,0.22665375525955378,0.15748605558482826,0.6217532917319528,-0.07362602986658628,0.9352299540112605,-0.37678442121520916
2009-05-24,0.3025691999204846,-0.0007992193910545579,0.1403767951865093,0.15611526827156713,0.17602296249726865,-0.07508964273999369,0.3966261638242969,-0.0940569639038123
2009-05-25,0.0248025500943784,-0.0045638890469115335,0.044516387346355754,0.15456891284969088,-0.26435152996781075,-0.07656131577708258,-0.14639143459575824,0.17119398469013664
2009-05-26,-0.7985984554182711,-0.008329895777241641,-0.057163988129915,0.15285738981198266,-0.5900366843335939,-0.07804111381898844,-0.5807142922477564,-0.21788416317051473
2009-05-27,-0.7705972422649242,-0.012095838174951795,-0.1603098658256384,0.1509974511687248,-0.7427327849479604,-0.0795226976592453,-0.843663735439071,0.07306649317414682
2009-05-28,-0.5746678814259658,-0.015860588274984058,-0.2604182217437885,0.148996353397792,-0.7248500837645115,-0.08101369044482486,-0.9331462308303169,0.3584783494043511
2009-05-29,-0.7154026657606859,-0.019623071721712213,-0.35309982705048426,0.14685905827868004,-0.5857807001604807,-0.0825272541686917,-0.8941717948226888,0.17876912906200293
2009-05-30,-1.2070215009814085,-0.02338210446945986,-0.4343835155045613,0.1445937658886734,-0.39548012171693187,-0.08407178640758754,-0.7927237622098671,-0.4142977387715414
2009-05-31,-0.7357135315465126,-0.02713638804678298,-0.5010236283919232,0.1422119923126111,-0.21704566112935528,-0.08564747221063464,-0.6886411574660849,-0.04707237408042775
2009-06-01,-0.5078212408614372,-0.030884912448419847,-0.550846904668624,0.1397141646741246,-0.08887741139920043,-0.08726233504091618,-0.6181573988830359,0.11033615802159868
2009-06-02,-0.4913163937661962,-0.03462658966182485,-0.582747314519317,0.13710265533819305,-0.01693297812759838,-0.0889159193508471,-0.5861201463213943,0.09480375255519813
2009-06-03,-0.8146510611617335,-0.03836027540944311,-0.596679003735476,0.13438117345937084,0.01876075533929928,-0.0906017814951395,-0.5724991318413885,-0.24215192932034502
2009-06-04,-0.4575167030219481,-0.042084726759112,-0.5935197675295601,0.13155607609223208,0.049508077228742745,-0.09230942188163087,-0.5468497628493282,0.0893330598273801
2009-06-05,-0.305633463877939,-0.04579890743642239,-0.5750033485951703,0.12862585381293964,0.10049217906723931,-0.0940362543099227,-0.4857204774613364,0.1800870135833974
2009-06-06,-0.4234584210664699,-0.04950172107255612,-0.5433839790616718,0.12559073435077517,0.18014589254159813,-0.09577807650344994,-0.38292714974530456,-0.04053127132116535
2009-06-07,-0.3528954825692562,-0.053191981669426444,-0.5011553998289074,0.12245357547517585,0.2766549428553752,-0.09752972046785362,-0.2527685836356364,-0.10012689893361976
2009-06-08,-0.0424661616724495,-0.056868545898580446,-0.4508436411774303,0.11921513988195584,0.36224692706319994,-0.09929137967545693,-0.12554149980631185,0.08307533813386235
2009-06-09,-0.0772077486432792,-0.060530324792369056,-0.39484643017175636,0.11587431454644939,0.4039822979973448,-0.10106305213385763,-0.0365831945541889,-0.0406245540890903
2009-06-10,-0.2940870423121868,-0.06417612451351731,-0.335180017234745,0.11243356911765276,0.37699806196070557,-0.1028440363860399,-0.012768547055943824,-0.281318495256243
2009-06-11,0.0389454748283793,-0.06780469812141972,-0.2734343801119036,0.10889738514500788,0.27402330800548236,-0.10463334934968305,-0.06295173443251609,0.10189720926089539
2009-06-12,-0.0595098805352628,-0.0714149575533307,-0.21089806936165797,0.1052652935008314,0.10814556210331686,-0.10643124631422682,-0.1753334176250672,0.11582353708980442
2009-06-13,-0.2160651944624833,-0.07500567982815869,-0.1484592575165064,0.10154157956877576,-0.08955498755518602,-0.10823505192630892,-0.3197133972573843,0.103648202794901
2009-06-14,-0.2952945813854488,-0.07857562022766668,-0.0867676352708616,0.09773127776776372,-0.2795837394921813,-0.11004214405856655,-0.4572378612815124,0.1619432798960636
2009-06-15,-0.4309034690631037,-0.08212355587087461,-0.026401596820697173,0.09383856241912061,-0.42550303295716935,-0.11184944800317558,-0.552039071232796,0.12113560216969238
2009-06-16,-0.8455180988029264,-0.08564824170760851,0.03201616440517867,0.08986812872535951,-0.5029986887103225,-0.11365077593111474,-0.5804134132185076,-0.2651046855844188
2009-06-17,-0.7407662106380234,-0.08914836458616045,0.08778564391500078,0.08582654858109202,-0.5036391087920191,-0.11544041325898924,-0.534615694141076,-0.20615051649694738
2009-06-18,-0.5760925460791223,-0.09262279516978973,0.1399299868011722,0.08171429535167281,-0.43370594603923296,-0.11721393151310065,-0.42189839056927836,-0.15419415550984394
2009-06-19,-0.3249243590621868,-0.09607046447892456,0.18730270894793932,0.07752986001085758,-0.3073422716259302,-0.11896906633051024,-0.2575492334765681,-0.0673751255856187
2009-06-20,0.0005039922744743,-0.09949037051411022,0.22866438286391028,0.07326970082289347,-0.13977936746414582,-0.12070628598195517,-0.058041940273407464,0.05854593254788176
2009-06-21,0.5975378563814452,-0.10288157672483748,0.2628068959711627,0.0689284168892979,0.05607668134600973,-0.12242983323785772,0.16250058424377511,0.4350372721376701
2009-06-22,0.57206737017349,-0.10624325836210431,0.28866074122873947,0.06449719393108513,0.2676739403769945,-0.12414735011927339,0.39044126705544147,0.1816261031180485
2009-06-23,0.5527082289587524,-0.10957441058996448,0.30555420992576576,0.05997359613684872,0.47827620310925967,-0.12586090623469467,0.6083686923472149,-0.05566046338846253
2009-06-24,0.7326684190452738,-0.11287402858754605,0.3132620389751624,0.055355216224644344,0.6608645607245998,-0.12757316305376956,0.7890346242830909,-0.0563662052378171
2009-06-25,0.8171693632084519,-0.11614116466979843,0.31207301810925103,0.05063748821682644,0.7776747815819454,-0.1292905028984007,0.8949536203398237,-0.07778425713137183
2009-06-26,0.4725025263361317,-0.11937482347866811,0.30282955968146513,0.04581742936508866,0.7884097404639163,-0.13101476342887616,0.8866671426029259,-0.4141646162667942
2009-06-27,0.6707562015778578,-0.12257385891928552,0.2869442496405561,0.04089715081234556,0.6652741437778317,-0.13273985117711104,0.7378018341343368,-0.067045632556479
2009-06-28,0.5550357644127212,-0.1257372911041346,0.26623082277184246,0.03587277479046534,0.4077487106769361,-0.13446689395253827,0.44964812318257097,0.10538764123015021
2009-06-29,0.2388419008077977,-0.12886404911334243,0.24286219073778367,0.030743504102443434,0.05305185813336549,-0.13619387525263785,0.06159962860761234,0.17724227220018537
2009-06-30,-0.2849104692874785,-0.13195300317346897,0.2191652734261301,0.025510852581747526,-0.3274532054721888,-0.1379133670126656,-0.35264344965044575,0.06773298036296727
2009-07-01,-0.4556481195273815,-0.13500297449053528,0.19745788341547937,0.020178112928322348,-0.6462621577526974,-0.13961726056608387,-0.7032463964655147,0.2475982769381332
2009-07-02,-0.9139672638945806,-0.13801291200315569,0.1797871944261047,0.014744441726018812,-0.8278095549789434,-0.14130230943787853,-0.912593140267854,-0.00137412362672662
2009-07-03,-0.974811374332834,-0.14098169530964236,0.167815312549659,0.00921197534164131,-0.8343516642321561,-0.14296010295775657,-0.9412661746082547,-0.033545199724579366
2009-07-04,-1.0277447064712684,-0.14390834993855628,0.16262850833569234,0.003578267993477935,-0.6812873015060426,-0.1445867558816962,-0.8035756309971248,-0.22416907547414355
2009-07-05,-0.65205037335731,-0.14679193266725238,0.16472131591837322,-0.0021597097548741034,-0.4317794500454064,-0.14618021035392148,-0.5621899869030811,-0.08986038645422889
2009-07-06,-0.4433240384698744,-0.14963166931669708,0.17394264098857687,-0.008010070722797386,-0.1733355424314564,-0.14774551947057019,-0.3047801609529442,-0.1385438775169302
2009-07-07,-0.0898435085120829,-0.15242677069921975,0.18959719712642362,-0.013979409731261758,0.016859051833346544,-0.1492866250490001,-0.10923655651971144,0.019393048007628533
2009-07-08,0.1270870736440696,-0.1551765268665042,0.21051056111074262,-0.0200760276727574,0.10161807268244409,-0.1508110383226573,-0.013934959068732211,0.1410220327128018
2009-07-09,0.1172409115970337,-0.15788020818328072,0.23516341345467773,-0.026306155841492623,0.09707605715467303,-0.15232338512352067,-0.00427027853894324,0.12151119013597694
2009-07-10,-0.0131331006589903,-0.16053702851763732,0.2618414219038452,-0.03267287129650592,0.06242661947124242,-0.15382490745237948,-0.022766765891435115,0.009633665232444815
2009-07-11,0.1048796178409621,-0.1631461586497543,0.2887493454523565,-0.0391768285087085,0.06989268161970495,-0.1553128889469008,0.001006150966697844,0.10387346687426426
2009-07-12,0.076269852728858,-0.1657068363770673,0.3141188457311031,-0.0458204429736788,0.16767561691964236,-0.15678805847355476,0.11347912482644462,-0.03720927209758662
2009-07-13,0.1948099112170945,-0.1682182388825528,0.3363429401215877,-0.05260343798451639,0.3535618663518986,-0.15824786373628755,0.31083526587012966,-0.11602535465303515
2009-07-14,0.5833029145508961,-0.1706795812287733,0.3540333617587518,-0.059526419888767564,0.5702431050151725,-0.15969162892089814,0.5343788367354853,0.04892407781541086
2009-07-15,0.6072948739203803,-0.173090163837245,0.3660616149656262,-0.06659215765594403,0.7265908376389786,-0.1611217290390128,0.691848402072403,-0.08455352815202266
2009-07-16,0.5514427644269451,-0.1754491873321218,0.37166326522112536,-0.07379886789632419,0.7372730839762313,-0.16253695559898354,0.6971513383699272,-0.1457085739429821
2009-07-17,0.5950283456420409,-0.17775584182429666,0.3703967024083939,-0.08114315944076239,0.5621914665945232,-0.16393424033867124,0.5097549273991868,0.08527341824285406
2009-07-18,0.2064596010595603,-0.18000936393949984,0.3621041673917439,-0.08862193042443714,0.22926926985387253,-0.16531076411956458,0.15743137876211488,0.04902822229744541
2009-07-19,-0.3221957099111507,-0.18220888195163007,0.3469504846778494,-0.09622701204830376,-0.16968859925511887,-0.16666006516517623,-0.26783407374237955,-0.054361636168771155
2009-07-20,-0.488951139170283,-0.18435350864541472,0.325333480564434,-0.10394841386922288,-0.5111692988369243,-0.16797397764039043,-0.6421117184275184,0.15316057925723536
2009-07-21,-0.7259960562788202,-0.18644250718488345,0.2977785331288826,-0.11177994075288594,-0.6869617681208381,-0.16924814065546592,-0.8566538235851908,0.13065776730637058
2009-07-22,-0.9785742031973002,-0.18847517180612777,0.26494800833491233,-0.11971465568239745,-0.6456096566796379,-0.17047679848944958,-0.8593282743227004,-0.11924592887459973
2009-07-23,-0.7725895839894047,-0.19045086145319778,0.22762698611765175,-0.1277458705304425,-0.4126343770024214,-0.17165612282126547,-0.6748602456896753,-0.0977293382997294
2009-07-24,-0.2929931031610529,-0.1923691343310507,0.18664176927569304,-0.13587169339325184,-0.08111216899298909,-0.17278732325418575,-0.3954985506957843,0.1025054475347314
2009-07-25,-0.1949880523353556,-0.19422967594662802,0.14288508230192531,-0.14409275894588497,0.22447913037995554,-0.17387574994452892,-0.14483397215516106,-0.050154080180194544
2009-07-26,-0.2149952377650976,-0.19603208290416155,0.09739023631156098,-0.15240504681270636,0.3960236611424396,-0.17492428257203194,-0.029947514834899297,-0.1850477229301983
2009-07-27,-0.1100908895553229,-0.19777592578571912,0.051284454236459935,-0.16080237567436861,0.38041482856781406,-0.17593529570481006,-0.1028143143606238,-0.0072765751946990975
2009-07-28,-0.1268864015956111,-0.19946080794959864,0.005754098015642736,-0.169278986702112,0.1951856996271045,-0.17691464772979704,-0.34471464473876046,0.21782824314314936
2009-07-29,-0.7483110956025608,-0.20108628937309117,-0.03797370294143717,-0.17782677730124313,-0.08313042532877053,-0.17786580110603561,-0.6778829960505777,-0.07042809955198315
2009-07-30,-0.9802134552800836,-0.20265175585285491,-0.07861559341006692,-0.1864306430483172,-0.35156988247391446,-0.1787843048859197,-0.9980521796710732,0.017838724390989547
2009-07-31,-1.0823459277974978,-0.20415673430651843,-0.1149899481504245,-0.19507930544593538,-0.5214008969231035,-0.1796684203569668,-1.2152953051829487,0.13294937738545087
2009-08-01,-1.2194549417533982,-0.20560082358531764,-0.1460250639348854,-0.20376287591039383,-0.5474586789833136,-0.1805168988650747,-1.2833643412789852,0.06390939952558705
2009-08-02,-1.4460219428850662,-0.20698365242470468,-0.1708001379693216,-0.21247101499083232,-0.43717426427294853,-0.18132439189667238,-1.2087534615544797,-0.23726848133058653
2009-08-03,-1.107012942907004,-0.20830487065995953,-0.188552184757301,-0.22119286110334266,-0.23852141832781013,-0.18208523780090435,-1.0386565726493178,-0.06835637025768615
2009-08-04,-0.8494397682375325,-0.2095643490073058,-0.19878210157916953,-0.22992396741834947,-0.015592903340080483,-0.18280190095616936,-0.8366652223010747,-0.012774545936457882
2009-08-05,-0.5760233826034667,-0.2107619771912017,-0.2012165517187359,-0.23865920779820748,0.17801497165606217,-0.18347738326350496,-0.6561001483155878,0.08007676571212108
2009-08-06,-0.475640004444377,-0.21189768469302353,-0.19585101947583117,-0.24739350984789207,0.31461423100122515,-0.18411554146271256,-0.5246435244782341,0.04900352003385716
2009-08-07,-0.324743802760476,-0.21297137084557677,-0.18295502469613556,-0.2561196695230998,0.3931559404787698,-0.18471909505559317,-0.44360921964163547,0.11886541688115948
2009-08-08,-0.3386492285619586,-0.21398296925531038,-0.1631029847468267,-0.26483093654307965,0.42757133777758427,-0.18529432652574765,-0.3996398792933801,0.06099065073142146
2009-08-09,-0.5151740420573018,-0.2149323702440103,-0.13718272277131913,-0.2735183095973798,0.432076323780647,-0.1858453735459152,-0.37940245237797754,-0.13577158967932423
2009-08-10,-0.6727118388665037,-0.2158194195373874,-0.10640927551162571,-0.2821704960885603,0.4114108612202146,-0.18637276561985552,-0.3793610955372144,-0.29335074332928923
2009-08-11,-0.3718705304652855,-0.2166439762493517,-0.07231905551474815,-0.2907761404935919,0.3607456831036103,-0.18687777456492555,-0.405871263719007,0.03400073325372149
2009-08-12,-0.3716886474396493,-0.21740604438496858,-0.03679472615052164,-0.29932820038588287,0.27382193145316636,-0.18736558954071794,-0.46707262900892466,0.09538398156927536
2009-08-13,-0.4758785566706662,-0.21810554459889442,-0.0019328255435812156,-0.3078154696618163,0.15465054695505082,-0.1878340613910402,-0.5610373542402813,0.08515879756961514
2009-08-14,-0.4145692672217705,-0.21874238392964782,0.030038833394813447,-0.31622491512966205,0.022683598068281796,-0.18827789458803096,-0.6705227621842456,0.25595349496247505
2009-08-15,-0.5223065943766856,-0.21931654495331923,0.05686163849557622,-0.32454490553258775,-0.09180277269776492,-0.1886945501841848,-0.7674971348722804,0.24519054049559486
2009-08-16,-1.0475033337040802,-0.21982800451813644,0.07642565470511556,-0.33276227151823085,-0.1599081753356818,-0.18908297226071732,-0.8251557689276509,-0.22234756477642936
2009-08-17,-1.195654878833437,-0.22027666135546387,0.0869170950693759,-0.3408596074879212,-0.16837157280799153,-0.18943775517469352,-0.8320285017566942,-0.3636263770767427
2009-08-18,-1.0993964173458075,-0.22066256561248185,0.0868643603414484,-0.3488236544738742,-0.12898083841720476,-0.18975727882744403,-0.8013599769895565,-0.298036440356251
2009-08-19,-0.895455197443929,-0.22098587786352578,0.07529905181028818,-0.35664424745769013,-0.07535121354359664,-0.19004556880088022,-0.7677278558554046,-0.1277273415885244
2009-08-20,-0.5321827823085964,-0.2212468276284419,0.05184968648449724,-0.36431265357903414,-0.048459712492833054,-0.1903083007055795,-0.7724778079213913,0.24029502561279492
2009-08-21,-0.4126948549281328,-0.22144572348829197,0.016767171841441275,-0.3718217280266968,-0.07749028634079018,-0.19054996754576037,-0.844540533560098,0.43184567863196516
2009-08-22,-0.6753467946880318,-0.2215828395829488,-0.029005359995487014,-0.37916205931143354,-0.16452820791780487,-0.1907730819145077,-0.9850515487221819,0.3097047540341501
2009-08-23,-1.0090908050640517,-0.22165837983084533,-0.08387433895572001,-0.3863205989378874,-0.28157302312389665,-0.19097620309604593,-1.1644025439443955,0.15531173888034377
2009-08-24,-1.5776173891919472,-0.22167256749323078,-0.14575005307735478,-0.39328377505541035,-0.3821662614213677,-0.19115483468831604,-1.3340274917356796,-0.24358989745626758
2009-08-25,-1.9467194750083572,-0.22162559259426914,-0.21215968060963933,-0.4000359179298982,-0.4217661785229663,-0.19130104912701396,-1.446888418783787,-0.49983105622457025
2009-08-26,-1.8614947058423976,-0.22151773642981198,-0.2804680645907859,-0.40656368647346286,-0.3785975831783797,-0.1914075236195181,-1.4785545942919585,-0.38294011155043917
2009-08-27,-1.3463945522889296,-0.22134944555874508,-0.3480795603173744,-0.4128589023515717,-0.2643584736493299,-0.19147127834819555,-1.4381176602252166,0.09172310793628702
2009-08-28,-1.1945909291622858,-0.22112132808805407,-0.41260898723784356,-0.4189183379257658,-0.11942666816899031,-0.19149379505422398,-1.3635691164748778,0.16897818731259195
2009-08-29,-1.1193653813388522,-0.22083391292750795,-0.4719420700670966,-0.42473535324876943,0.0059376108105553636,-0.1914730427746249,-1.3030467682074436,0.18368138686859137
2009-08-30,-0.8477117460298431,-0.22048773068529137,-0.5243945838400693,-0.4303027771312221,0.07385888535913225,-0.19140608463552472,-1.2927322909329753,0.44502054490313214
2009-08-31,-1.2147529675844146,-0.2200833920474743,-0.5688216506430944,-0.4356157651101982,0.075283955486105,-0.19129229565150568,-1.3405291479661678,0.1257761803817532
2009-09-01,-1.6942897468519678,-0.21962133618356325,-0.6045435748958244,-0.4406630741364185,0.03400247743846101,-0.19112540220651553,-1.4219509099838605,-0.2723388368681072
2009-09-02,-1.768755955469064,-0.219101986690548,-0.6313943542557472,-0.44543256467204917,-0.006068012852461374,-0.19089785154789016,-1.4928947700186956,-0.2758611854503683
2009-09-03,-1.508317453128313,-0.21852591792961626,-0.6497059597105336,-0.4499169251747304,-0.002882027096576069,-0.19060715342838055,-1.511637983339837,0.0033205302115240087
2009-09-04,-1.695010454049572,-0.21789384084269475,-0.6601815094021057,-0.4541129521428906,0.06344684185668296,-0.1902546341179598,-1.458996094648968,-0.2360143594006041
2009-09-05,-1.358927574430897,-0.2172063696009142,-0.6636421151463985,-0.45801345426947737,0.1817017251786593,-0.18983824012653633,-1.3469984539646673,-0.011929120466229737
2009-09-06,-0.9693694696296512,-0.2164643069326139,-0.6609916820797659,-0.46161714594308706,0.3134976757878086,-0.18936030159151554,-1.2149357607591735,0.24556629112952233
2009-09-07,-0.9724907923932417,-0.21566850697852333,-0.6529613785932443,-0.4649241240757568,0.4110947812716244,-0.1888281752613129,-1.111287403637213,0.13879661124397125
2009-09-08,-1.0333993137748023,-0.21481972007427558,-0.6399473000195479,-0.4679302407683488,0.4389203471200025,-0.18824540161188963,-1.0720223153540593,0.03862300157925702
2009-09-09,-1.0477909295345915,-0.21391868587914992,-0.6219724890161883,-0.47063051225891517,0.38779163104674824,-0.18761512132072064,-1.1063451774282258,0.05855424789363428
2009-09-10,-1.3271959023602673,-0.21296616063334625,-0.5987017074281555,-0.47301991155093354,0.27648704599531215,-0.1869386809064682,-1.1951394145235914,-0.1320564878366759
2009-09-11,-1.4492840388055916,-0.21196283028960392,-0.5694488814103498,-0.4750901099117442,0.14080337956112987,-0.18621276181869328,-1.3019112038692613,-0.14737283493633035
2009-09-12,-1.3575004301476457,-0.21090943915956878,-0.5333488496227413,-0.47683388696269924,0.015040271646563956,-0.1854322228664476,-1.391484126964893,0.03398369681724733
2009-09-13,-1.4160345307265167,-0.20980681882937102,-0.4894959966643105,-0.47824660651555867,-0.0834199828806455,-0.1845954262640167,-1.4455648311539022,0.02953030042738547
2009-09-14,-1.3985964531329662,-0.2086557838870369,-0.4370838252307502,-0.4793225369904529,-0.1586844251202812,-0.18370096688680415,-1.4674475381153254,0.06885108498235915
2009-09-15,-1.4261578035809532,-0.20745719877268623,-0.3756255099931078,-0.48005729478651993,-0.22919658060029546,-0.1827502054315339,-1.4750867895841435,0.04892898600319029
2009-09-16,-1.6054251379020208,-0.20621193556573642,-0.30512918178806914,-0.4804465930484991,-0.3122269167550189,-0.18174523803895537,-1.485759865196279,-0.1196652727057419
2009-09-17,-1.5571678348393254,-0.20492084670694893,-0.2262403521076781,-0.4804852158916994,-0.40907437865755153,-0.1806868073738377,-1.5014076007377155,-0.05576023410160991
2009-09-18,-1.4941346403836326,-0.20358488454920431,-0.14039736709940703,-0.4801707529231718,-0.4998335874526541,-0.17957458433648696,-1.503561176360924,0.009426535977291373
2009-09-19,-1.5271809549177644,-0.20220503958832287,-0.0498043686383248,-0.4795016830109173,-0.5501015870115273,-0.17840693469147664,-1.460019612940569,-0.06716134197719548
2009-09-20,-1.206016897272771,-0.20078231205139024,0.04265406954980371,-0.4784763440936158,-0.5274117663384275,-0.17718009994749115,-1.3411964528811209,0.13517955560834993
2009-09-21,-0.982342385517938,-0.19931786966253193,0.13353780488453104,-0.477098439940845,-0.4196478888543547,-0.17589758591073199,-1.1384239794839326,0.15608159396599464
2009-09-22,-0.8674307312070587,-0.19781289480566966,0.21912466303649347,-0.47537180796468476,-0.24426221687401717,-0.1745646489863041,-0.8728869055941822,0.005456174387123536
2009-09-23,-0.6319846534129683,-0.19626855243874516,0.2956899043427647,-0.47329985198535174,-0.04421965336612084,-0.17318927705942133,-0.5912874305068743,-0.04069722290609401
2009-09-24,-0.3575595875773684,-0.19468604015971253,0.35972485865261655,-0.4708871520807918,0.1284800080801023,-0.17178010216082343,-0.3491484276686089,-0.008411159908759513
2009-09-25,-0.4070256017617282,-0.19306656295103056,0.4082264366152382,-0.46813877187094965,0.23481612216237718,-0.17034830242784482,-0.18851107847220966,-0.21851452328951854
2009-09-26,-0.2590729975674259,-0.19141121217044996,0.43896965499453605,-0.46505627229398067,0.26578443677704505,-0.16890447080570425,-0.12061786349855377,-0.13845513406887214
2009-09-27,0.0611437343549559,-0.1897211217338139,0.45055310896794665,-0.4616425818553593,0.24484878884140246,-0.1674564594615888,-0.12341826524141286,0.18456199959636876
2009-09-28,-0.1419007570963636,-0.18799749647415365,0.4425091253294604,-0.4579026029734489,0.21565024620019133,-0.16601160663314807,-0.1537523345510989,0.011851577454735307
2009-09-29,-0.249819833534008,-0.1862414131429661,0.41543861253024583,-0.4538363168133509,0.22073397050308668,-0.16457210606802283,-0.16847725299100733,-0.08134258054300067
2009-09-30,0.041438770311943,-0.18445400430206144,0.37089000051409216,-0.4494451154204891,0.2793892568280148,-0.1631392586832107,-0.14675912106365427,0.18819789137559728
2009-10-01,0.1092976917114898,-0.18263654215647607,0.3112075099175992,-0.4447346498635642,0.37688547027868263,-0.16171323961244033,-0.10099145143619875,0.21028914314768854
2009-10-02,-0.1626043877571936,-0.18079024974535987,0.23950147282804785,-0.43970887561098276,0.4709566981671695,-0.1602923640522855,-0.07033331841341076,-0.09227106934378285
2009-10-03,-0.1314214957788917,-0.17891624394637345,0.15945652464412188,-0.4343682562991229,0.5111452817574915,-0.15886899631541115,-0.10155169015929408,-0.029869805619597622
2009-10-04,-0.3333742740018616,-0.1770157302288692,0.0750625246432824,-0.4287169485802139,0.4615358098345966,-0.15743953063766056,-0.22657387496886475,-0.10680039903299685
2009-10-05,-0.7070103569634684,-0.17508983724156366,-0.00954118291646166,-0.42275712636886725,0.3180743405954084,-0.1559989226737473,-0.4453127286052314,-0.26169762835823696
2009-10-06,-0.7195319173336499,-0.17313963498190038,-0.09029697234120931,-0.4164894387105175,0.11063051524486996,-0.1545401223639323,-0.7238356531526895,0.004303735819039645
2009-10-07,-0.872530892330398,-0.17116630724251108,-0.16347363027797765,-0.40991900559013833,-0.11060290634981745,-0.15306274826399285,-1.0082245977244373,0.13569370539403924
2009-10-08,-1.2631229159012756,-0.16917100403823057,-0.22577917056257593,-0.4030501892527238,-0.2957331778461486,-0.1515678903466664,-1.2453014320463451,-0.01782148385493043
2009-10-09,-1.217091681626692,-0.16715480487324574,-0.2745320474248699,-0.39588486969496034,-0.41392903949818166,-0.15005130551045656,-1.4015520670017143,0.1844603853750224
2009-10-10,-1.3202096605475164,-0.1651189308812371,-0.30784773119273523,-0.3884298263763997,-0.4617982603368397,-0.14851197883200898,-1.4717067276192208,0.1514970670717044
2009-10-11,-1.5659679641320463,-0.16306457364608712,-0.3246197955645083,-0.3806910693582914,-0.45614608347883795,-0.1469500626951734,-1.4714715847428983,-0.09449637938914801
2009-10-12,-1.598389684763023,-0.1609928808776197,-0.32458230500377633,-0.3726731735132407,-0.4180884125942195,-0.14536184712199712,-1.4216986191108534,-0.17669106565216963
2009-10-13,-1.2278481228240163,-0.15890505950264164,-0.3083301966315551,-0.36438307744061815,-0.35808313275942094,-0.14374486546679277,-1.3334463318010286,0.10559820897701222
2009-10-14,-1.2827694329166404,-0.15680244002817756,-0.2772707397157002,-0.35583249113149296,-0.27056385778854397,-0.14210294619575994,-1.2025724748596747,-0.0801969580569657
2009-10-15,-0.9927733186482324,-0.15468622479533115,-0.23343558737645034,-0.34702912574582245,-0.14099618207655173,-0.14043707049872417,-1.0165841904928798,0.023810871844647474
2009-10-16,-0.8574787321988309,-0.15255771948561062,-0.17946073006635688,-0.3379845844659864,0.035778048927476054,-0.13875046462766571,-0.7729754497181436,-0.08450328248068728
2009-10-17,-0.6030854176845974,-0.15041818895928688,-0.11835832605683924,-0.32870948900231534,0.23968721294902198,-0.1370457077128126,-0.4948444987822321,-0.10824091890236537
2009-10-18,-0.207842656608043,-0.1482689446243176,-0.05337625697238544,-0.31921642340270817,0.4209914695009634,-0.13532731142425428,-0.23519746692270213,0.02735481031465914
2009-10-19,0.0485094473045746,-0.14611135022623895,0.01218385981986049,-0.30951999415338677,0.5141431572838704,-0.13360077635903977,-0.06290510363493462,0.11141455093950922
2009-10-20,0.0986212137941922,-0.14394673236091649,0.07520249225359033,-0.2996338186565294,0.46632500624068035,-0.13187021296514756,-0.03392326548832275,0.13254447928251495
2009-10-21,-0.1454207556978442,-0.14177634943094397,0.13294471141668618,-0.2895695903559593,0.2676651172657626,-0.13013810004385368,-0.1608742111483082,0.015453455450463977
2009-10-22,-0.2934018563209041,-0.13960136029213238,0.1832411855807943,-0.2793360731258624,-0.03231384585989892,-0.1284048543613968,-0.3964149480584962,0.1030130917375921
2009-10-23,-0.7028223897674543,-0.13742293869092503,0.22455352384144708,-0.26894293545530584,-0.3337445766943932,-0.12667026551726057,-0.6422271925164376,-0.0605951972510167
2009-10-24,-0.8395861558370904,-0.13524217599880803,0.2560958197001356,-0.258397308087226,-0.5199733088154576,-0.12493053302908143,-0.7824475062304374,-0.05713864960665305
2009-10-25,-0.8075980944346891,-0.13306025714652467,0.2778339740579952,-0.24771024956874116,-0.5056427226402778,-0.12318989925433659,-0.731769154551885,-0.07582893988280415
2009-10-26,-0.6023746481857367,-0.13087841825513558,0.2904525308790181,-0.23689529570571843,-0.2775641376697944,-0.12145755070015411,-0.4763428714517844,-0.12603177673395233
2009-10-27,-0.2951690842961253,-0.12869793760457485,0.2952333864271738,-0.22596790277061163,0.0901056898430959,-0.11974362777803008,-0.08907039188294687,-0.20609869241317846
2009-10-28,0.2060676578120487,-0.12652011271955865,0.29392446866129535,-0.21494458493876462,0.45628809449282864,-0.11805938790921505,0.29068847758658567,-0.08462081977453698
2009-10-29,0.5576681786623078,-0.12434628092617635,0.288565610633265,-0.20384396043153943,0.6635212239423002,-0.11642159057177287,0.5074750026460766,0.05019317601623119
2009-10-30,1.0844661477251036,-0.12217768713323696,0.28122279197546546,-0.19268132735382562,0.6004499686199598,-0.11483580505087573,0.4519779410574869,0.6324882066676167
2009-10-31,0.4941868541613728,-0.12001560439271314,0.2737353739395045,-0.18147267756265473,0.2498136823337214,-0.11330335679668464,0.10875741752117336,0.38542943664019946
2009-11-01,-0.6163934976232913,-0.11786096029501761,0.26768891575386844,-0.1702220568907542,-0.29615245570593446,-0.1118151175631736,-0.42836167470101144,-0.18803182292227988
2009-11-02,-1.240717189304337,-0.11571452048197262,0.2641540435926246,-0.15892819871933328,-0.8642543652070254,-0.11035871997840749,-0.9851017607941142,-0.2556154285102228
2009-11-03,-1.6143748150723052,-0.1135771926326244,0.2634065555046635,-0.14759503457158618,-1.2611755570024437,-0.1089257181134943,-1.3678669468154852,-0.24650786825682003
2009-11-04,-2.088972471188911,-0.11144997481055065,0.26493145862234885,-0.13623028718035202,-1.3415792688087793,-0.10751437133342792,-1.431842443510761,-0.65713002767815
2009-11-05,-1.203636548830423,-0.10933383326677937,0.2674712452952018,-0.12484124660666564,-1.0583231165184497,-0.10611998534356402,-1.1311469364402569,-0.07248961239016616
2009-11-06,-0.0645118978797286,-0.10723014102459981,0.26901363585326626,-0.1134503011012279,-0.47814442095190485,-0.10475046431454417,-0.5345616915390105,0.47004979365928184
2009-11-07,0.585438606356012,-0.10514035661389311,0.2672024347833498,-0.10208374863666103,0.24612623203882583,-0.10341862949975744,0.20268593207186408,0.3827526742841479
2009-11-08,1.304460791445543,-0.1030657947620201,0.2597529556100116,-0.09076350027064983,0.9309003003734349,-0.10213353069001951,0.894690430260757,0.40977036118478605
2009-11-09,1.6691837723651262,-0.10100777024974324,0.24475051152167676,-0.07951208486741286,1.420832782188016,-0.10090501914035585,1.384158419452181,0.2850253529129452
2009-11-10,1.2089652795512102,-0.09896746353351012,0.2210643547374653,-0.0683479002234407,1.6314553875691493,-0.09974181472799193,1.5854625638216717,-0.3764972842704615
2009-11-11,0.8665118387001784,-0.09694577518524786,0.188643669391757,-0.05727937485613749,1.5610134916503056,-0.09864187037172417,1.496790140628953,-0.6302783019287745
2009-11-12,0.991493392450461,-0.09494359269705185,0.1485501913478408,-0.04631421123167837,1.2705158837369985,-0.09759933733923877,1.1802089338168704,-0.18871554136640944
2009-11-13,0.6188557216597866,-0.09296188397402506,0.10294716873380103,-0.035463003078220284,0.8475758524734679,-0.09660911559761119,0.7254890185574123,-0.10663329689762568
2009-11-14,0.2223836710393578,-0.09100141642517647,0.05512748228866751,-0.024729722618301822,0.3731739129398501,-0.09566230170452883,0.21690795448051048,0.005475716558847321
2009-11-15,0.1632478739967079,-0.08906289778463718,0.00919795486589892,-0.014116787236964128,-0.0974191899664177,-0.09475141760693466,-0.28615233772905474,0.4494002117257626
2009-11-16,-0.1675341088448897,-0.08714707600393613,-0.030342025550950613,-0.0036290143993010704,-0.5332412219335851,-0.09387420237877259,-0.7482335402665456,0.5806994314216559
2009-11-17,-1.2687970106818962,-0.08525457251988632,-0.05896167514650835,0.0067320914040716745,-0.9112244547672664,-0.09303007779663243,-1.141738688826222,-0.12705832185567423
2009-11-18,-1.556281508498114,-0.08338575672151022,-0.07253458378315092,0.016973095623238642,-1.199286217659945,-0.09221355018946274,-1.4304470127308302,-0.1258344957672839
2009-11-19,-1.6909130142153583,-0.08154124235490522,-0.06802480032701903,0.02709176740675718,-1.3535193135133443,-0.09142498707325651,-1.5674185758617678,-0.12349443835359053
2009-11-20,-1.8505886129633151,-0.07972170488860592,-0.04378266427662708,0.03708354766640301,-1.3291918168661738,-0.09066240974137471,-1.5062750481063785,-0.34431356485693665
2009-11-21,-1.4436673283339017,-0.07792785165175142,0.0002720052620229056,0.04694269323213507,-1.103625328100931,-0.08992293733483345,-1.2242614185933578,-0.21940590974054386
2009-11-22,-0.5869457141924217,-0.07616058946582319,0.06250108035374277,0.056656486618640256,-0.6989386443137462,-0.08920662513066713,-0.7451482919378535,0.15820257774543178
2009-11-23,0.0092933138022569,-0.07442096621865006,0.13970502800607726,0.06620659722960393,-0.18959488634210434,-0.08852002564817507,-0.1466242529732483,0.1559175667755052
2009-11-24,0.4484815362648076,-0.07270992708109474,0.2274473238133869,0.07557778605073032,0.31236484563382355,-0.08786560457678547,0.45481442384006054,-0.006332887575252966
2009-11-25,1.1991214193498794,-0.07102834118209299,0.32043237231821287,0.08475704999668099,0.6896650991135596,-0.08724640957148602,0.9365797706748744,0.26254164867500496
2009-11-26,1.5100829504743498,-0.06937712639856618,0.4128949736507612,0.09372916111672397,0.8580830827136829,-0.0866718576299664,1.2086582334526357,0.30142471702171414
2009-11-27,1.1366731046471297,-0.06775700303354727,0.49911759021107577,0.1024854529626926,0.7964661856946852,-0.08614532492460229,1.244166900910304,-0.10749379626317435
2009-11-28,0.7662902667180204,-0.06616843147135812,0.5738844324305399,0.11102625792773774,0.5536816285755319,-0.0856613995817646,1.086762487880687,-0.3204722211626666
2009-11-29,0.5660804332941802,-0.06461183585355654,0.6327884407333203,0.11935282592338368,0.22864870175570476,-0.08521762377552472,0.8309605087833274,-0.26488007548914716
2009-11-30,0.4350223132125088,-0.06308765204202416,0.6724538013314854,0.12746570146189562,-0.06699207962704269,-0.08481255576640666,0.5850272153579075,-0.1500049021453987
2009-12-01,0.3869787120344292,-0.061596305406056165,0.6906875953860001,0.13536589904560942,-0.24848917942641752,-0.08444128682688357,0.43152672277225235,-0.04454801073782316
2009-12-02,0.7416885285247387,-0.06013823670571645,0.6865640097973879,0.14305399557808665,-0.28421287531131245,-0.08409987636434504,0.4011670169941005,0.34052151153063814
2009-12-03,0.7574744478425944,-0.05871399833644885,0.6603593473963886,0.15052674441717787,-0.19880700177162391,-0.08378942822873219,0.46957566347676144,0.287898784365833
2009-12-04,0.8715324539134882,-0.05732401548515316,0.6135116826144188,0.15778540151286954,-0.05228625775781601,-0.08350563255741891,0.5781811783269002,0.293351275586588
2009-12-05,0.599885862490814,-0.05596873548543337,0.5484240415645977,0.16483024871820862,0.09173472003748002,-0.0832487398766583,0.6657715349581947,-0.06588567246738075
2009-12-06,0.3741216985576743,-0.054648484801477736,0.46829526232948976,0.17166544659972865,0.19572715063349308,-0.0830185859360416,0.6980207888251921,-0.32389909026751784
2009-12-07,0.3825897969400546,-0.05336358546074847,0.3768138041435434,0.17829474074581694,0.26053633688175826,-0.08281663265187246,0.6794646636584977,-0.29687486671844304
2009-12-08,0.4810538604033813,-0.05211439254113623,0.2778626433279294,0.18472012466353577,0.31655359069728484,-0.08264284276716152,0.6443791233804523,-0.16332526297707106
2009-12-09,0.4094817125594174,-0.05090125765873723,0.17532934553368232,0.1909430457926561,0.3989638635284509,-0.08249694212568229,0.6318380550703698,-0.22235634251095243
2009-12-10,1.026640430046044,-0.049724441021736954,0.07293056907996434,0.19696764443675083,0.5196231824163642,-0.08237400026438713,0.6574229546469552,0.3692174753990889
2009-12-11,1.1452746572265655,-0.048584365752062264,-0.026032054208254662,0.202791668035056,0.6487311176614922,-0.08227586777635625,0.694630497959875,0.45064415926669055
2009-12-12,0.8779219252034353,-0.047481259855406306,-0.1186489328498748,0.20841897399642195,0.7196615948185976,-0.08220024021991723,0.6797501358898212,0.198171789313614
2009-12-13,0.4638494276438008,-0.04641521373276269,-0.20251023094269643,0.2138578397365001,0.6532445909859578,-0.08214339512071107,0.5360335909262877,-0.07218416328248684
2009-12-14,0.1690879654298519,-0.04538625668493205,-0.27580346869814365,0.2191181920888578,0.39340337778451445,-0.08210301603166285,0.20922882845863366,-0.040140863028781754
2009-12-15,-0.7021044462349418,-0.04439441507253478,-0.3373926284547295,0.2242093272600817,-0.06084255001327547,-0.0820778756967162,-0.3004981419771743,-0.40160630425776755
2009-12-16,-1.23216339266199,-0.043439497695101505,-0.3867598545262488,0.22914746709819533,-0.6404470114994014,-0.08205804871344101,-0.9235569453359974,-0.3086064473259925
2009-12-17,-1.6656765234898363,-0.04252138475389414,-0.42409803546485647,0.23394554622435398,-1.2192173752157445,-0.0820359343017249,-1.533927183511866,-0.13174933997797034
2009-12-18,-1.664870917353512,-0.04163995377241213,-0.4502306521940268,0.23861543435635055,-1.648692779513074,-0.0820055476069378,-1.9839534987301002,0.3190825813765883
2009-12-19,-1.8976640628945975,-0.04079518078212323,-0.46661410123657254,0.2431646124468119,-1.8049928174938121,-0.08196133850130931,-2.1511988255670054,0.2535347626724078
2009-12-20,-1.7969978245851248,-0.039986957436067,-0.4751538366556205,0.2476024762314916,-1.6291294679127273,-0.08189266962726449,-1.9785604554001877,0.18156263081506285
2009-12-21,-1.4189034428078455,-0.039215288565400706,-0.4780916915270674,0.25193306924018566,-1.1484385864846092,-0.08179728440064958,-1.4956097817375413,0.0767063389296958
2009-12-22,-0.7956508638683809,-0.038480289380229925,-0.47783580273607557,0.2561554391446531,-0.4694336091832571,-0.08168059649483196,-0.8112748586497414,0.01562399478136045
2009-12-23,-0.3963725312107709,-0.03778216245803352,-0.4767915472848684,0.2602646974566188,0.25443700682301973,-0.08155016078063763,-0.08142216624390107,-0.3149503649668698
2009-12-24,0.3511754205764517,-0.03712105447985297,-0.47706689991781454,0.26425680850889643,0.868821903600708,-0.08141499395790484,0.537475763754032,-0.18630034317758037
2009-12-25,0.8415141291087629,-0.036497235760413964,-0.48033392775087447,0.2681224325946358,1.2606026501737992,-0.0812945792077159,0.9305993400494307,-0.08908521094066779
2009-12-26,1.067184899279805,-0.03591088198496533,-0.4876715446621706,0.27185506707990137,1.3847378463370916,-0.08120172089460963,1.0518087658752473,0.01537613340455768
2009-12-27,0.9029652439298068,-0.03536204226819684,-0.4994704918878612,0.27545198538801874,1.2666509482080426,-0.08114009123639176,0.9261303082036116,-0.023165064273804825
2009-12-28,1.0485119327812291,-0.03485060098476709,-0.5153610299866309,0.27891534008440394,0.9830431182397248,-0.08110727739804711,0.6306395499546836,0.4178723828265455
2009-12-29,0.4676842841259341,-0.0343764838224927,-0.5343283058727926,0.2822446437696496,0.6298278228215939,-0.0811045382966869,0.2622631385992713,0.2054211455266628
2009-12-30,-0.2304955718646472,-0.03393933827508916,-0.5547154606962633,0.2854478096621385,0.2929277844361951,-0.08112430829140672,-0.09140351316442553,-0.13909205870022168
2009-12-31,-0.5633642552584003,-0.03353873640022252,-0.5744586052163335,0.2885341043522868,0.028383909868001246,-0.08115817018165476,-0.37223749757792274,-0.19112675768047754
2010-01-01,-0.6044368503294038,-0.03317433499738022,-0.5913484919379403,0.2915084126545359,-0.14186709304369344,-0.08120308096327111,-0.5560845882877491,-0.04835226204165466
2010-01-02,-0.87105186341428,-0.03284585905007255,-0.6032478382896134,0.2943715892051994,-0.22086670535881628,-0.08125953540458382,-0.6438483488978867,-0.2272035145163933
2010-01-03,-0.5730597484715126,-0.03255295716214894,-0.6082445718399111,0.2971256205047116,-0.22230302698201204,-0.08132428667400243,-0.6472992221533629,0.07423947368185024
2010-01-04,-0.3900041823735086,-0.03229543786199117,-0.6049251555609116,0.29976551789661915,-0.16159052784063843,-0.08139604968262734,-0.5804416530495494,0.19043747067604083
2010-01-05,-0.3405093194432194,-0.032073057799822786,-0.5923642680142338,0.3022859846052338,-0.053910085467677595,-0.08147447129251179,-0.45753589796901223,0.11702657852579285
2010-01-06,-0.2677801500548861,-0.03188550952852609,-0.5701662063091529,0.3046818218389774,0.07957835502546003,-0.08156084439508945,-0.29935238336833103,0.03157223331344494
2010-01-07,-0.2422812911031335,-0.03173246203974705,-0.5385065173071524,0.30694701483222875,0.2042421297506902,-0.08165613681831238,-0.1407059715822928,-0.1015753195208407
2010-01-08,-0.1985308354001056,-0.031613545456715506,-0.4980750867070848,0.3090754366971847,0.2715794960225051,-0.08176104380628105,-0.030794743250391526,-0.16773609214971408
2010-01-09,-0.1073871469235723,-0.031528378152996354,-0.4499658326951816,0.31105967025794384,0.2302357811911282,-0.08188100425341993,-0.02207976365252584,-0.08530738327104646
2010-01-10,-0.0290693514886931,-0.0314765677095209,-0.395606472138838,0.3128915320129685,0.04684143956474817,-0.08202000872465366,-0.14937007699529586,0.12030072550660276
2010-01-11,-0.3088253224266032,-0.03145770200373866,-0.33663794785364026,0.314562673055396,-0.2717707534312713,-0.08217902357857279,-0.40748275381182697,0.09865743138522376
2010-01-12,-0.6821184157506656,-0.031471251269802804,-0.2747253400566933,0.31606773527887355,-0.6664205350224395,-0.08235668436965782,-0.7389060754397199,0.056787659689054304
2010-01-13,-0.9577299443273766,-0.0315166331681244,-0.21149418867994846,0.31740203814448764,-1.033716970776053,-0.0825502668601329,-1.041876021339771,0.08414607701239452
2010-01-14,-1.1244937550261298,-0.03159326932583937,-0.1484925983004062,0.31855981082815743,-1.2551598109852833,-0.08275559410691366,-1.1994414618902849,0.07494770686415508
2010-01-15,-1.2945149913620475,-0.03170059547027756,-0.08711894240007072,0.31953358251410036,-1.238696367408713,-0.08297123066075959,-1.1209535534257205,-0.17356143793632706
2010-01-16,-1.0731009597249683,-0.031838009766104215,-0.02860322505279477,0.3203158960635214,-0.9569768178237691,-0.08319409843315907,-0.7802962550123057,-0.2928047047126626
2010-01-17,-0.420835073839143,-0.03200500163450354,0.025954032775541345,0.32089485156572334,-0.4661483612819149,-0.08342421157828055,-0.23472869015343428,-0.1861063836857087
2010-01-18,0.4893923816637886,-0.032201178861438695,0.07557606720012693,0.3212534402463467,0.10626583480789781,-0.08366575952835585,0.3872284038645769,0.10216397779921171
2010-01-19,1.3310351364051702,-0.03242621779782459,0.11943493964266319,0.32137130539833536,0.6026834265705108,-0.08392727415172846,0.9271361796619562,0.4038989567432141
2010-01-20,1.4168743764584988,-0.032679764052635216,0.15686242914859774,0.3212285783406185,0.891709100521641,-0.0842156793138061,1.252904664644416,0.16396971181408282
2010-01-21,1.367510185376847,-0.032961234376476696,0.18743232714141278,0.32081281840477105,0.9176677498704324,-0.08453186220095313,1.3084197988391864,0.05909038653766063
2010-01-22,1.0936258048307286,-0.0332699829623521,0.21084989693067555,0.3201131368401013,0.7210554984618753,-0.08487455251459913,1.133873996755701,-0.04024819192497242
2010-01-23,0.6924466732705519,-0.033605281161041244,0.226975416144124,0.31912034456448307,0.4221721597736534,-0.08524603213260501,0.8494166071886142,-0.15696993391806235
2010-01-24,0.1295180354782142,-0.033966338198027635,0.23573500718215248,0.3178266777538601,0.17222826212513054,-0.08564536589522619,0.6061782429678892,-0.4766602074896751
2010-01-25,0.4138318656767495,-0.034352283543547094,0.237115065295042,0.31622607376385636,0.0912479287014468,-0.08606905314912344,0.5241677310676747,-0.11033586539092516
2010-01-26,1.0121504914376818,-0.0347624723598327,0.23104109995001834,0.3143035225670586,0.21689102308462976,-0.08652199337116916,0.6409511798707048,0.37119931156697694
2010-01-27,1.1255391184725452,-0.03519634124282595,0.21746038467604487,0.3120404103862964,0.488364813586084,-0.08701378142101336,0.8956554859845859,0.2298836324879593
2010-01-28,1.0760511907108512,-0.0356531433747793,0.19641366826832193,0.30942417996973903,0.7715054936287927,-0.08754347862186074,1.1541467198702138,-0.07809552915936258
2010-01-29,1.3679696144781466,-0.03613203663455072,0.16805475788115512,0.3064448420398801,0.9138193357373017,-0.08810846462892495,1.2640784343948612,0.10389118008328535
2010-01-30,1.1373154119521292,-0.036632237997479465,0.1326054498896576,0.3030897991349595,0.808058266659075,-0.08871078442972816,1.1184104932564845,0.0189049186956447
2010-01-31,0.5098400221672629,-0.03715276363847199,0.09045130337524497,0.29935316594318867,0.4397461820655123,-0.08934747589439926,0.7030504118510746,-0.19321038968381177
2010-02-01,0.0509322656594596,-0.03769246315378725,0.04211691978301214,0.29523459774542005,-0.10326606083091068,-0.09001081786939946,0.10638217567433478,-0.055449910014875176
2010-02-02,-0.4512234618860535,-0.03825019319592913,-0.011806655341468655,0.2907334067859064,-0.6623792435389485,-0.09069288773342647,-0.5123955730238663,0.06117211113781279
2010-02-03,-0.8725166264540942,-0.038824782526968374,-0.07060677620053712,0.285849996076308,-1.0665189356267923,-0.09138584265878119,-0.9814863409367711,0.1089697144826769
2010-02-04,-1.263476510149569,-0.03941508861927923,-0.13343571385474357,0.28058421378822407,-1.1944961955514461,-0.09208162204231654,-1.1788444062795616,-0.08463210387000752
2010-02-05,-1.2413432665310304,-0.04002000042615222,-0.19922435018701423,0.2749352956385689,-1.016434093566074,-0.09277344221761791,-1.0735165907582895,-0.1678266757727409
2010-02-06,-0.9421598019169845,-0.04063856739976604,-0.2666460198620279,0.2688977746780872,-0.6000291360541493,-0.0934593970219505,-0.7318753456598066,-0.21028445625717784
2010-02-07,-0.0533908467198792,-0.04126997490741285,-0.33399096298729936,0.26246250956089434,-0.08085408020426746,-0.0941442188072078,-0.28779672734529316,0.23440588062541395
2010-02-08,0.327439173015549,-0.04191362015538432,-0.39915249725230173,0.2556143811360055,0.3877975330036649,-0.09483839750003824,0.10750739923194609,0.2199317737836029
2010-02-09,0.5375032649635945,-0.042568759378750494,-0.4594548570461905,0.24834445432619312,0.6861852982113372,-0.09554775165435535,0.336958384458234,0.20054488050536046
2010-02-10,0.4731695893817942,-0.04323458892257411,-0.5117152227762102,0.24064687825116482,0.758456121384725,-0.09627843506341925,0.3478747528736862,0.12529483650810802
2010-02-11,0.097206513496021,-0.04391018745904266,-0.5523688749130884,0.23252089348275032,0.61594942612402,-0.09703212958584495,0.15515912764879436,-0.05795261415277336
2010-02-12,-0.6647617082371422,-0.044594483348564695,-0.5776758966219924,0.22397171520221132,0.31734435631730135,-0.09780430989809961,-0.17875861834914408,-0.4860030898879981
2010-02-13,-0.93140462062561,-0.04528622845871587,-0.5839844041008792,0.215010996361221,-0.06081667640433708,-0.09858537894956439,-0.5736616915522755,-0.3577429290733345
2010-02-14,-1.0038575518757236,-0.04598428721010909,-0.5681442406064794,0.2056465628489821,-0.44941589924606296,-0.09937431334664265,-0.9572721775603119,-0.046585374315411654
2010-02-15,-1.093094475313426,-0.04668755538543448,-0.5278589398213215,0.19588571337274285,-0.7962706895475261,-0.10017037331850821,-1.2751018447000473,0.18200736938662132
2010-02-16,-1.031336684043093,-0.04739491461503004,-0.4619788221341305,0.18573664568648907,-1.0620312322986016,-0.10097273106247431,-1.4866410544237476,0.4553043703806545
2010-02-17,-1.2393254580077528,-0.04810530231721689,-0.37075858434841813,0.17520584731386732,-1.2113705174130862,-0.10178493810856509,-1.5568134948734191,0.3174880368656663
2010-02-18,-1.3921181222050691,-0.04881758683272037,-0.25595947049520584,0.1643026018993122,-1.2089228845633928,-0.10260867832863445,-1.4520060183206411,0.05988789611557199
2010-02-19,-1.2340449426218725,-0.04953065389594795,-0.12093548007362159,0.153036223639624,-1.0274553317825665,-0.10344123841455365,-1.1483264805270657,-0.08571846209480682
2010-02-20,-0.9826628138578112,-0.050243496363778596,0.029511791563740394,0.14141245393467272,-0.6648657378542664,-0.10428535638807392,-0.6484703451077057,-0.33419246875010544
2010-02-21,-0.3006441644785131,-0.05095514033533105,0.18940857290034865,0.12943632893854623,-0.1596179734228105,-0.10514389926689822,0.003127888813855076,-0.30377205329236817
2010-02-22,0.4238383799629802,-0.05166475997324986,0.35195243404896837,0.11710857367682574,0.4058025707038841,-0.10602393276482062,0.7171748856916077,-0.2933365057286275
2010-02-23,1.2409218069286052,-0.05237157300824784,0.5100092446390257,0.10442974541376866,0.9214033550405901,-0.1069321779453214,1.3765385941398154,-0.13561678721121018
2010-02-24,2.197295853007687,-0.05307484916978653,0.6566083869666889,0.09140020782244888,1.2816013761711873,-0.10787478688066081,1.8686603349098776,0.32863551809780955
2010-02-25,2.712786345204903,-0.053773914593094024,0.785461716313081,0.07801992223103477,1.420672530271422,-0.10886009509790522,2.1215201591245387,0.5912661860803641
2010-02-26,2.3433513230555616,-0.05446796847335155,0.891481336845928,0.0642949752304468,1.3363906193438784,-0.10989248483794059,2.127806478108961,0.21554484494660064
2010-02-27,2.268470166366296,-0.05515593314742018,0.9711979946676168,0.050242617418660096,1.0891000204204853,-0.11096912095744726,1.9444155784018948,0.32405458796440123
2010-02-28,1.4834916095860504,-0.05583678299117996,1.022839275450799,0.03587944733492566,0.7735640922615432,-0.11209014973659193,1.6643558823194957,-0.1808642727334453
2010-03-01,0.6811522234439205,-0.05650924907386198,1.0465464017473738,0.021231228071613747,0.47926099799188765,-0.11325237564673286,1.3772770030902801,-0.6961247796463597
2010-03-02,0.3002908428058086,-0.05717202421044063,1.0441660060514133,0.006326080271231056,0.2532330909927445,-0.11444967980718927,1.132103473297759,-0.8318126304919504
2010-03-03,1.075467500690239,-0.05782389541062676,1.0190008928475442,-0.00881069221605859,0.08491782725533562,-0.1156803581723929,0.9216037743038017,0.1538637263864373
2010-03-04,1.0717995401874243,-0.05846395839046081,0.9753568180253883,-0.024164020479217715,-0.08011718855442912,-0.11694943603358292,0.6956622145676977,0.37613732561972657
2010-03-05,0.8192404973697306,-0.05909105462995121,0.9183740715480707,-0.03970946909601291,-0.30091506630803744,-0.11825212693106894,0.40040635458300017,0.4188341427867304
2010-03-06,0.4830295227667772,-0.05970394001139698,0.853525872071559,-0.055419197890022004,-0.6005631366931181,-0.11958287200051695,0.018256725476504948,0.4647727972902722
2010-03-07,0.0118384585638707,-0.06030132420968933,0.7861067417402438,-0.07126349222149764,-0.9419612556604327,-0.12093483215132,-0.4083541625026959,0.42019262106656663
2010-03-08,-1.1089384829184106,-0.06088187122364021,0.7207870114685461,-0.08721071484334478,-1.233512604868959,-0.12229946037241132,-0.7831176398398093,-0.32582084307860126
2010-03-09,-1.7428222671359068,-0.061444068400128574,0.661320371977522,-0.1032228594515524,-1.3637068171869287,-0.12366528049182472,-0.9907186535529123,-0.7521036135829945
2010-03-10,-1.3190230718544966,-0.06198658050441567,0.6101376903307371,-0.11926813666244132,-1.251722638688041,-0.12502970115236797,-0.9478693666765288,-0.37115370517796786
2010-03-11,-0.653393321795909,-0.06250842165987545,0.5680895187172241,-0.13532661437104576,-0.8883386226705832,-0.12639618279091083,-0.6444803227751911,-0.00891299902071796
2010-03-12,-0.1832232069544578,-0.06300872243979792,0.5345739138037535,-0.15138181355857097,-0.3465024329396935,-0.1277655816217521,-0.154084636756061,-0.0291385701983968
2010-03-13,0.7519981158789943,-0.06348660278104,0.507809380369521,-0.16741658884363692,0.242946248705645,-0.12913749397421143,0.3907149434762776,0.36128317240271673
2010-03-14,1.5528535026644334,-0.06394135473495682,0.48505662580467185,-0.1834196146020378,0.739713372063771,-0.13051629094415082,0.8468927375872973,0.7059607650771361
2010-03-15,1.2961944502322305,-0.06437223308057807,0.4630946788395434,-0.19937818497697027,1.0474081959856014,-0.13190510399789718,1.1148473527696994,0.18134709746253108
2010-03-16,0.8516204897016898,-0.06477814974369885,0.43878369512651605,-0.21526774661817544,1.1466821069077853,-0.1332983905531072,1.1721215151193198,-0.32050102541763004
2010-03-17,0.6705111049545688,-0.06515792211372586,0.4093696933901655,-0.23106069003856783,1.0911184077120595,-0.13469082390561335,1.069578665044318,-0.3990675600897492
2010-03-18,0.7912344551015129,-0.06551039659659527,0.3727482648553073,-0.24673046715843636,0.9707528759560548,-0.136077372640035,0.8951829044162953,-0.10394844931478242
2010-03-19,0.459955746015289,-0.06583448442399813,0.32773283032320166,-0.2622525653270468,0.8613330828120418,-0.13745631976825498,0.7235225436159435,-0.2635667976006545
2010-03-20,0.6253853111241328,-0.06612896012864751,0.2742870840116773,-0.2775970948911409,0.7849403807272638,-0.13882215326210173,0.5766792564570509,0.04870605466708189
2010-03-21,0.7745209388658375,-0.066392755097696,0.21342332862982144,-0.292738917730449,0.6993622903192216,-0.14017358958022672,0.4134803565406713,0.3610405823251662
2010-03-22,0.5004410800199168,-0.06662482499609879,0.14720282561817188,-0.30765322051684485,0.5253417361747492,-0.1415136227783098,0.15675289350166766,0.3436881865182492
2010-03-23,-0.5015770604387065,-0.06682404622317449,0.07858799207722444,-0.3223116387189964,0.19732093105021273,-0.1428463565103903,-0.256073118325124,-0.2455039421135825
2010-03-24,-1.03096017028371,-0.06698910485672353,0.011135260178337377,-0.33667815206157914,-0.2874166823518315,-0.14416580612013025,-0.8241144852119271,-0.2068456850717828
2010-03-25,-1.3314239464794475,-0.06711886333209321,-0.05148461391874133,-0.3507223808671432,-0.8483440743891952,-0.14547064085906197,-1.463140573366235,0.13171662688678754
2010-03-26,-1.9670595605912269,-0.06721229998962724,-0.105832454045545,-0.36441759142430113,-1.3400492604192038,-0.14676189393395922,-2.0242734998126366,0.057213939221409715
2010-03-27,-2.2415266700121985,-0.06726833453370926,-0.1490023456245467,-0.37773476329319855,-1.6053440211946526,-0.14803456835502354,-2.3473840330011306,0.10585736298893211
2010-03-28,-2.4244123935316275,-0.06728602744598794,-0.17900315521237725,-0.3906500589505776,-1.5423876699293397,-0.1492836466759774,-2.32861055821426,-0.09580183531736752
2010-03-29,-2.2004796776767837,-0.06726450212159082,-0.19490058223403414,-0.40314275605154143,-1.1532092733271664,-0.1505057794597731,-1.9690228931941058,-0.2314567844826778
2010-03-30,-1.4160145959815102,-0.06720302906940841,-0.19696481674827657,-0.41519812216549773,-0.5517616549005396,-0.15170018646452765,-1.38282780934825,-0.033186786633260246
2010-03-31,-0.7040336807773668,-0.06710106627998993,-0.18666852230471048,-0.42680888863702676,0.07525546027677987,-0.15287147615984148,-0.7581944931047888,0.05416081232742198
2010-04-01,-0.2747511248281953,-0.06695806115414178,-0.16650514774925151,-0.4379682505714238,0.5403926516613329,-0.15402235792982943,-0.28506116574331364,0.010310040915118335
2010-04-02,-0.0054484593689037,-0.06677338227218124,-0.13973750275092814,-0.4486675674678354,0.7287301109559868,-0.155155218016565,-0.08160355955152293,0.07615510018261923
2010-04-03,-0.0328139463229705,-0.06654633163413942,-0.1101669717669761,-0.4588967338114888,0.640850161000731,-0.15627103956091323,-0.15103091577278657,0.11821696944981608
2010-04-04,-0.2782896455346885,-0.0662761013825044,-0.08183981928888695,-0.46864263394583683,0.38715520111517837,-0.1573675572932474,-0.3869709107952972,0.10868126526060873
2010-04-05,-0.6687137096037066,-0.06596180950819822,-0.058780210611903354,-0.47789007008053613,0.1353357658028445,-0.1584388299232575,-0.6257351543210506,-0.04297855528265593
2010-04-06,-0.7625916084935404,-0.06560253780839288,-0.044721957877418284,-0.4866228202949824,0.03417023314302187,-0.15947630972142138,-0.722253392559193,-0.04033821593434739
2010-04-07,-0.6664712816982477,-0.06519748711687405,-0.04292877455629558,-0.4948285569199309,0.14675752701195666,-0.1604718918751398,-0.6166691834562836,-0.04980209824196402
2010-04-08,-0.3650805756388767,-0.0647459775083235,-0.05595954187877111,-0.5024984491498723,0.4233803285029046,-0.16141938668816155,-0.36124302672222386,-0.003837548916652833
2010-04-09,-0.2994262309434944,-0.06424746194094146,-0.085486413966845,-0.5096273053763944,0.7250695365179433,-0.16231577354588272,-0.09660741831212033,-0.20281881263137408
2010-04-10,-0.5371328910985276,-0.06370138394690927,-0.13210372738223009,-0.5162087392533992,0.8877708991687088,-0.1631579508434428,0.012599097742727439,-0.5497319888412551
2010-04-11,0.1561526428489427,-0.06310714319925037,-0.19523161056410648,-0.5222343774825083,0.7976625625332873,-0.16394453065023987,-0.14685509936281785,0.3030077422117605
2010-04-12,0.0876523889325765,-0.06246444396665068,-0.27329341711675625,-0.5277057188267695,0.4432993148848121,-0.16468188985284107,-0.5848461548782053,0.6724985438107819
2010-04-13,-0.8046475304577397,-0.06177278466740998,-0.36355088395206625,-0.5326166372394423,-0.0739961380493348,-0.16536909900055374,-1.1973055429088069,0.39265801245106713
2010-04-14,-2.0264147407766644,-0.061031439953434186,-0.4622355253640309,-0.5369526667797871,-0.5803416039439395,-0.16599438566615593,-1.8065556217073477,-0.21985911906931666
2010-04-15,-2.2857295079176168,-0.060239630294434535,-0.5647654222213618,-0.5406969413652046,-0.9011438230057969,-0.16654343780782432,-2.2333892546946226,-0.05234025322299418
2010-04-16,-2.964350044391629,-0.059396923501806524,-0.6661228378467489,-0.5438439904351164,-0.933594157576397,-0.16701209343157217,-2.3699700027916406,-0.5943800415999885
2010-04-17,-2.751845929808525,-0.05850281688349007,-0.7609256163946335,-0.5463854505041358,-0.6854462457873447,-0.1673937889332155,-2.2186539185028193,-0.5331920113057058
2010-04-18,-1.999734637900896,-0.05755711526797477,-0.8438427922763759,-0.5483235335956121,-0.27010916842695976,-0.16769326023062278,-1.8875258697975452,-0.11220876810335079
2010-04-19,-0.8335208202538459,-0.056559800491046856,-0.909832491964519,-0.5496667848650092,0.14261910748704104,-0.16792200739655933,-1.5413619772300933,0.7078411569762474
2010-04-20,-0.7798617272843599,-0.05551097289501487,-0.9544223860537927,-0.5504281211279631,0.39570788499729126,-0.1680944469408811,-1.3327480420203606,0.5528863147360007
2010-04-21,-1.088192655384537,-0.054410381716408114,-0.973827137029221,-0.5506082786288373,0.405809719235711,-0.1682095166983735,-1.341245594837129,0.253052939452592
2010-04-22,-1.7033591442464822,-0.05325768592130848,-0.9652721257757222,-0.5502049194576689,0.18759401184031715,-0.16826544276472102,-1.5494061620791033,-0.15395298216737885
2010-04-23,-2.2459932899488844,-0.05205249559170878,-0.9272660642110041,-0.5492134866352629,-0.1627071584142157,-0.16825804103791908,-1.8594972458901107,-0.3864960440587737
2010-04-24,-2.7166584999672696,-0.050794512146217774,-0.8598249945700321,-0.5476318537918425,-0.5148347783131785,-0.1681856010010902,-2.141271739822361,-0.5753867601449087
2010-04-25,-2.45833548374551,-0.04948353485969647,-0.76458738670626,-0.545460235316085,-0.7589518835393918,-0.16804557415162075,-2.2865286145730543,-0.17180686917245547
2010-04-26,-2.068222803025732,-0.04811966950044105,-0.6448647324054176,-0.5427085365004728,-0.8437550269806089,-0.1678428722548595,-2.2472908376418,0.1790680346160678
2010-04-27,-1.515624737662208,-0.046703134227662604,-0.5054231022376635,-0.5393898250868183,-0.7816294012693958,-0.16758322435428097,-2.0407286871758212,0.5251039495136132
2010-04-28,-1.3685926404208562,-0.045234241783708704,-0.35220837262821775,-0.5355200485737823,-0.6246899864327289,-0.16727281784034267,-1.7249254672587804,0.3563328268379242
2010-04-29,-1.4635822345190828,-0.04371320422694881,-0.19191937452508445,-0.5311111189690074,-0.42606082853544475,-0.16690919886236166,-1.3597137251188471,-0.10386850940023562
2010-04-30,-1.1714602413107689,-0.04214019014097097,-0.03153804934697475,-0.5261731391560676,-0.20931126986173515,-0.1664892638884396,-0.975651912394188,-0.19580832891658084
2010-05-01,-0.8168537651579302,-0.04051550321280285,0.12207613797605123,-0.5207204378170449,0.038227967214609374,-0.16601436933268096,-0.5669462051718681,-0.24990755998606207
2010-05-02,-0.3621165558812762,-0.038839480323817864,0.26270686630571904,-0.5147678134033811,0.34679133230933556,-0.16548701825478895,-0.10959611336693331,-0.2525204425143429
2010-05-03,0.4615906339731686,-0.037112508316595016,0.38518046807670175,-0.5083305481883761,0.7296385628706097,-0.16490893839236145,0.4044670360499789,0.05712359792318966
2010-05-04,1.2247785532007465,-0.03533512304156662,0.48571466033097405,-0.5014281532980044,1.1522597502484195,-0.16429202668180265,0.9369191075580199,0.2878594456427266
2010-05-05,1.6245707595182504,-0.03350785569674078,0.5621330732665546,-0.4940787380618377,1.5247259741560804,-0.16364757558039908,1.3956248780836575,0.22894588143459282
2010-05-06,1.6388029633831358,-0.031631136541969994,0.6139504118641662,-0.48629562997160314,1.7238774054427024,-0.16298294889327158,1.656918101900024,-0.018115138516888285
2010-05-07,1.4606697447135786,-0.02970527105504735,0.6422373763118864,-0.478086572448561,1.6382857113277756,-0.16229769299634142,1.610433551139712,-0.14976380642613352
2010-05-08,1.0489046915888989,-0.02773049878820748,0.6493521273725901,-0.4694561629154417,1.2174454811693842,-0.16158811382335336,1.2080228330149718,-0.15911814142607295
2010-05-09,0.371876566701615,-0.025706980450381636,0.638529269291208,-0.46040500115965627,0.5037794424735698,-0.16084161696352509,0.4953551131912147,-0.12347854648959972
2010-05-10,-0.3756152044333372,-0.023634826064531378,0.6135015023054218,-0.45093131634536293,-0.368333132178263,-0.16004845103446425,-0.3894462233171998,0.013831018883862622
2010-05-11,-0.9365068434514916,-0.02151415627599874,0.5779583899199487,-0.4410329616918718,-1.2083829956109227,-0.15919877946634858,-1.2521705031251928,0.31566365967370125
2010-05-12,-1.6894207520116962,-0.01934521641155389,0.5350696590444428,-0.4307111442421553,-1.8273365448131282,-0.15828696922707639,-1.9006102156494709,0.2111894636377747
2010-05-13,-2.2815236911291703,-0.017128288991625093,0.487185185173614,-0.4199674386616495,-2.094280552291327,-0.15731057902641493,-2.2015016737974027,-0.08002201733176761
2010-05-14,-2.390136794186594,-0.014863794629962979,0.4355603054509517,-0.40880760447980174,-1.9723167423432777,-0.1562723369839727,-2.1167001729860635,-0.27343662120053036
2010-05-15,-1.8263104783447903,-0.01255236845893328,0.3802038990486273,-0.39724379911353713,-1.520873172805572,-0.15517391871413425,-1.7056393600435495,-0.12067111830124078
2010-05-16,-1.1616059171229831,-0.010194915944248234,0.32002930521373096,-0.3852969159340909,-0.8664125121104623,-0.15402426465043884,-1.0958993034255093,-0.06570661369747377
2010-05-17,-0.4550431796474994,-0.007792402070198217,0.2532105901214344,-0.37298956603135636,-0.1552069472684932,-0.15283222772894284,-0.43561055297755624,-0.019432626669943165
2010-05-18,0.2433153532830404,-0.005345811761934566,0.17758284156432894,-0.3603445035635979,0.49046901580640856,-0.15160405835740887,0.15075748368779618,0.09255786959524423
2010-05-19,0.9253304197659616,-0.002856133548163892,0.09111400802772969,-0.34738375052199655,0.9971408814547399,-0.1503443762117333,0.5876706292005758,0.33765979056538586
2010-05-20,1.1464187943762407,-0.0003243517794093362,-0.007635492699736582,-0.334128242217901,1.3400774779999332,-0.14905754639982088,0.8489318449030654,0.29748694947317533
2010-05-21,0.7143079515331691,0.002248680781612185,-0.11907037150927835,-0.3205931871506356,1.524803734520715,-0.14774456074023148,0.9396442959021818,-0.22533634436901273
2010-05-22,0.5033090816544467,0.004862300411969925,-0.24225027990467532,-0.3067861218867625,1.5629601832800117,-0.1464036867430672,0.8723823951574767,-0.3690733135030301
2010-05-23,0.6406692055578039,0.007515774728292334,-0.374867580790674,-0.2927160107634451,1.4558042761145715,-0.14503956249558284,0.650696896793162,-0.010027691235358072
2010-05-24,0.0834988437470515,0.01020826663476533,-0.5133340376985867,-0.278394150563408,1.1953654142664067,-0.14365906523407357,0.2701864274051039,-0.1866875836580524
2010-05-25,-0.4642963146848524,0.012939142945876735,-0.6528346010013544,-0.2638235283460615,0.7815565316286365,-0.142261259388578,-0.2644237141614807,-0.1998726005233717
2010-05-26,-0.4805486208933727,0.015707757830639196,-0.7877309078094932,-0.249006493366697,0.2414010209970486,-0.1408437586135077,-0.9204723809620101,0.4399237600686374
2010-05-27,-1.1387559333567243,0.018513271207945766,-0.912046773257126,-0.23395097580547172,-0.3602124235674212,-0.13940757252260635,-1.6271044739446794,0.48834854058795507
2010-05-28,-2.3501093802614124,0.021354998677906866,-1.0198096981687452,-0.21865837864032933,-0.9252036488222162,-0.13794225129429286,-2.2802589782476765,-0.06985040201373582
2010-05-29,-2.8367545762527646,0.024232379024410087,-1.105472465394557,-0.20312558779918194,-1.3461703007586432,-0.13643380972843325,-2.7669697846564056,-0.06978479159635897
2010-05-30,-3.203897224227303,0.027144588115614553,-1.164471979038227,-0.18735883559006503,-1.5405414191696596,-0.1348794650448895,-3.0001071107272264,-0.2037901135000766
2010-05-31,-3.3244413677643467,0.0300907240999513,-1.1934964843452494,-0.17136736535131505,-1.4777684703925587,-0.1332804236829823,-2.945822019672154,-0.3786193480921929
2010-06-01,-2.7376284756077203,0.033069789586522666,-1.1907542394063189,-0.1551637777153346,-1.1906655126653753,-0.1316362884836204,-2.6351500286841265,-0.10247844692359376
2010-06-02,-1.9272077773015897,0.03608054560646629,-1.1560858274184413,-0.13876914412325353,-0.7656024006178436,-0.12995324714556197,-2.1543300736986337,0.22712229639704407
2010-06-03,-1.514668530614231,0.03912164645313955,-1.090856980281197,-0.12220793611632677,-0.3141393523074262,-0.1282399924794241,-1.6163226147312346,0.10165408411700372
2010-06-04,-0.9879321212704314,0.042191822892723795,-0.9977370816322175,-0.1055012522374963,0.06174991273546543,-0.12650024695706844,-1.125796845198593,0.13786472392816151
2010-06-05,-0.4801340124799698,0.04528973620671178,-0.8805411706482492,-0.08867150663575561,0.2964655673187265,-0.12473467899188989,-0.7521920527504566,0.27205804027048686
2010-06-06,-0.5505483488687701,0.048414019570886604,-0.7438808430131122,-0.07174138629016914,0.3727505456878858,-0.12294564838696026,-0.5174033124314692,-0.033145036437300934
2010-06-07,-0.7636186580223411,0.05156345193466001,-0.592779258738289,-0.05472795131191296,0.31692219551826306,-0.1211333966534087,-0.40015495925068756,-0.3634636987716535
2010-06-08,-0.4507777199334764,0.05473684224016934,-0.4324574148187377,-0.03764650740453314,0.1810005585039765,-0.1192962941890158,-0.35366281566814073,-0.09711490426533564
2010-06-09,-0.3699051900042789,0.057932833860470455,-0.26816502936271386,-0.020517277571045975,0.02172127443224316,-0.11743595744565302,-0.3264641560866992,-0.0434410339175797
2010-06-10,-0.2477936590486978,0.061150123516024994,-0.10484244708931878,-0.0033580804102487944,-0.11353848972351599,-0.11555448350444245,-0.276143377211501,0.02834971816280321
2010-06-11,0.0573161049009697,0.06438737534871565,0.052993134548627044,0.013813022379898583,-0.19323151025329086,-0.11365410878782296,-0.17569208676387255,0.23300819166484224
2010-06-12,-0.0215903534730135,0.06764317638482324,0.2013465559916385,0.03097639431889994,-0.20086200329866272,-0.11173695928233919,-0.01263283588564025,-0.008957517587373249
2010-06-13,0.2372465017089196,0.0709161956903565,0.336927518118371,0.04811608949983964,-0.13108759519580365,-0.10980397914944927,0.21506822896331423,0.022178272745605354
2010-06-14,0.5245584287803424,0.07420496198699118,0.4571204550540173,0.06521195713332704,0.010589405649010272,-0.10786338630097331,0.49926339352237253,0.02529503525796989
2010-06-15,0.7126199446731468,0.0775079751165234,0.5600104979487917,0.08224364015738642,0.20614069507775024,-0.10592225612821224,0.8199805521722394,-0.1073606074990926
2010-06-16,0.8801644313819265,0.08082374282306684,0.6444140128586059,0.09919160457147935,0.42259827983947873,-0.10398785970755646,1.1430397803850743,-0.2628753490031478
2010-06-17,1.6802062823201591,0.08415076654187448,0.7098363660298564,0.11603654615873435,0.6134996010751316,-0.10206709272392724,1.4214561870816695,0.2587500952384896
2010-06-18,1.6918729788048188,0.08748736581964077,0.7563348409650976,0.13275329321135815,0.7271297625821541,-0.1001697594093642,1.6035355031688863,0.08833747563593253
2010-06-19,1.7003696849000904,0.0908321220198028,0.7846302536370917,0.1493262049845093,0.7237810700886392,-0.09829367995151167,1.6502759707785313,0.05009371412155916
2010-06-20,1.5314874413104005,0.09418363189915954,0.7959550938985501,0.16574056926335695,0.5914952785705327,-0.09643609310776328,1.5509384805238362,-0.019451039213435717
2010-06-21,1.260184070314783,0.09754056423558646,0.7919517454478796,0.1819848563872244,0.35613818457006313,-0.09458894189402184,1.3330264087467316,-0.07284233843194854
2010-06-22,0.906226998160692,0.10090162437773446,0.7745541282228359,0.19804956203359336,0.07813564246846592,-0.09274156624910715,1.0588993908535222,-0.15267239269283028
2010-06-23,0.8027325875374612,0.10426552300229919,0.7458776398065377,0.21392606403542935,-0.16495466304422934,-0.09088511993602212,0.8082294438640147,-0.005496856326553501
2010-06-24,0.6482015839045194,0.10763086267526736,0.7080435010598447,0.22960281792556209,-0.3050369070293892,-0.08901561853566547,0.6512246560956194,-0.0030230721910999847
2010-06-25,0.568534551001584,0.11099623681913821,0.6630915388473345,0.24506870686968363,-0.30800074065364097,-0.08712928952898429,0.6240264523535312,-0.05549190135194715
2010-06-26,0.9568335470202292,0.11436019900746282,0.6128843393202489,0.2603115807040684,-0.1869244910734566,-0.0852254443658343,0.7154061835924891,0.24142736342774007
2010-06-27,1.0964790206468753,0.11772115130207543,0.5589863868730842,0.27531434655643205,0.0023923181947642647,-0.08330898864481247,0.8711052142815434,0.22537380636533189
2010-06-28,0.9850721765394648,0.12107757383951485,0.5027128764543431,0.2900630365539055,0.183817058549306,-0.08138081400433161,1.016289731392738,-0.031217554853273155
2010-06-29,0.9604350536873952,0.12442802702187888,0.445163099235408,0.30454671698326563,0.290391781872611,-0.07944042234156108,1.0850892027716024,-0.12465414908420713
2010-06-30,0.90222354503461,0.1277710446836642,0.3872149351216235,0.31875400880335514,0.2891957352371534,-0.07748855921104436,1.0454471646347518,-0.14322361960014185
2010-07-01,0.6339817754788473,0.13110515214627694,0.32961560265742823,0.3326740617034084,0.1920710219523806,-0.07552733546054577,0.9099385029989484,-0.27595672752010114
2010-07-02,0.6916591837122796,0.13442892190673972,0.27307046968316084,0.3462988374323297,0.04761325495412599,-0.07355600566866825,0.7278554783076879,-0.036196294595408296
2010-07-03,0.7043139178741864,0.13774081106333014,0.2182608203288479,0.3596174086732099,-0.08249853204309834,-0.0715773503834054,0.5615431576388842,0.14277076023530222
2010-07-04,0.7096163032726521,0.14103928234319796,0.1659348967830358,0.37262017443803036,-0.15059419260649132,-0.06959200203931323,0.45940815891845954,0.2502081443541926
2010-07-05,0.5736583841629812,0.14432280172119305,0.11694122431873888,0.38529860150619943,-0.14311075576945947,-0.06759945852848905,0.4358524132481828,0.1378059709147984
2010-07-06,0.6148242186598375,0.14758989765485636,0.0722359989836929,0.39764703339236895,-0.0846841086322852,-0.06559594955608239,0.46719287184255054,0.14763134681728696
2010-07-07,0.3327796951580505,0.15083906073514028,0.03282442172046568,0.4096589492268329,-0.025693477353154318,-0.0635806013805522,0.5040483529487323,-0.1712686577906818
2010-07-08,0.3082785281676378,0.15406889581420757,-0.00026026431032445674,0.4213322445440546,-0.017933139957059398,-0.06154918692496178,0.49565854916591656,-0.18738002099827877
2010-07-09,0.2666172347474033,0.15727793612069704,-0.026125381263154515,0.4326628961475609,-0.09125751087371288,-0.059499745264234835,0.4130581948671557,-0.14644096011975244
2010-07-10,0.2930201614859329,0.16046470820434508,-0.04408253730179143,0.44364719389686497,-0.2391956843849009,-0.05743173970654382,0.26340194070797385,0.02961822077795906
2010-07-11,-0.0258606267171139,0.1636276975945954,-0.05376882729969891,0.45428063110383365,-0.42044621637056095,-0.055345356879205276,0.08834792814896392,-0.11420855486607781
2010-07-12,0.0401543278852812,0.16676548174336236,-0.055182669312042416,0.4645622624688902,-0.5740569222336618,-0.05323631388459495,-0.05114816121804657,0.09130248910332778
2010-07-13,0.0840446513946684,0.1698765079137149,-0.0488033315967359,0.4744867329613637,-0.6430628124315787,-0.051105275819058146,-0.09860817897229417,0.18265283036696256
2010-07-14,0.0895660834163141,0.17295922910452802,-0.03555459096359325,0.48404878192674283,-0.5943392210621968,-0.04895243382237128,-0.021838234816890546,0.11140431823320465
2010-07-15,0.1724963674271692,0.17601211895796823,-0.016759432566003103,0.49324365951524907,-0.42878646713835955,-0.04677730628825814,0.1769325724805965,-0.004436205053427289
2010-07-16,0.5093573025463811,0.17903363209081793,0.005940270821873567,0.5020657733752933,-0.178766483564754,-0.04458230645718688,0.46369088626604404,0.045666416280337074
2010-07-17,0.7306199354458427,0.1820221494857501,0.03066225953652208,0.5105070259841111,0.10466965737870805,-0.04237346748799556,0.7854876248970958,-0.05486768945125309
2010-07-18,0.9209222245902744,0.1849760920111298,0.055465260497380306,0.5185607632501301,0.3690373887024327,-0.04015778436519708,1.087881720095876,-0.16695949550560152
2010-07-19,1.1873328528638467,0.18789389241808613,0.07847516504815996,0.5262209148427165,0.5740204867152215,-0.037945105594583174,1.328665353429601,-0.1413325005657542
2010-07-20,1.4122905552355485,0.19077396574395247,0.0979868131572879,0.5334809122298207,0.6975511843334627,-0.03574903843003798,1.4840438370344857,-0.07175328179893725
2010-07-21,1.6464954446948803,0.19361477165627777,0.11254565719495409,0.5403357288372765,0.7343795234988302,-0.033581159773848436,1.54729452141349,0.09920092328139019
2010-07-22,1.6916991765990856,0.19641480739953843,0.12100508455065136,0.546781502403192,0.6898610406209268,-0.0314515567023277,1.522610878271981,0.1690882983271047
2010-07-23,1.5122814040235388,0.19917266942572448,0.12256625336205615,0.55281774037262,0.5740991412620371,-0.029365363916746576,1.419290440505691,0.09299096351784786
2010-07-24,1.2269181231610369,0.20188706718026314,0.11677721692900507,0.5584477041542042,0.3994838243737375,-0.027321418669542644,1.2492743939676672,-0.022356270806630274
2010-07-25,1.0708794895328244,0.20455678658681367,0.10349260304607798,0.5636771227435386,0.1823177098788936,-0.025312620000231042,1.028731602255093,0.042147887277731444
2010-07-26,0.8495941590457123,0.20718059004928135,0.08284639062135009,0.5685105158386851,-0.05367865218131272,-0.023334247525980536,0.7815245968020231,0.06806956224368921
2010-07-27,0.3170690610839494,0.20975726046654486,0.055249240803833186,0.5729526171479746,-0.2751309679252554,-0.021383132412506268,0.5414450180805911,-0.2243759569966417
2010-07-28,0.1985801204287028,0.21228567823072017,0.02138707604239326,0.5770108822876081,-0.44181635311833983,-0.01945365694447008,0.3494136264979116,-0.15083350606920878
2010-07-29,0.3001965261878143,0.214764600571799,-0.01786555126980359,0.5806875160420372,-0.5165347585303474,-0.017546860357547517,0.2435049464561377,0.05669157973167657
2010-07-30,0.326249940968764,0.21719272026664038,-0.06141258995159568,0.5839812304688663,-0.4773835770609424,-0.015670397837448065,0.2467073858855205,0.07954255508324348
2010-07-31,0.2982015087169971,0.21956877358117263,-0.1079346558640096,0.5868912288473787,-0.3285549656100486,-0.0138292967940848,0.3561410841604083,-0.05793957544341122
2010-08-01,0.6749280152138826,0.2218915425020504,-0.15588267952350832,0.5894171684911615,-0.10503311360735282,-0.01202699087817668,0.5383659269841741,0.1365620882297085
2010-08-02,0.8201952377235923,0.22415971816868713,-0.20354638020563398,0.5915544666634437,0.13211972608101363,-0.010270555737999886,0.7340169749695107,0.08617826275408158
2010-08-03,0.892430731229877,0.22637208965683348,-0.249027963687464,0.5933010577178756,0.31164752137326307,-0.00856356863255956,0.8737291364279485,0.018701594801928567
2010-08-04,0.7535957003460688,0.22852749890929602,-0.29036080644251294,0.594656122251324,0.3730135319176773,-0.006904044456056001,0.8989323021797284,-0.1453366018336596
2010-08-05,0.671327388378459,0.2306248759066986,-0.32557527380779167,0.5956210102670338,0.2868383168871023,-0.005287409765371161,0.7822215194876719,-0.11089413110921298
2010-08-06,0.6373816708125565,0.23266315846490349,-0.3528657337860759,0.5961963367346208,0.066941693185941,-0.003709551068168326,0.5392259035312211,0.09815576728133535
2010-08-07,0.2159216254296093,0.23464129438478695,-0.37073276211741163,0.5963818935764367,-0.23026118679509353,-0.0021671173046055557,0.22786212174411288,-0.011940496314503585
2010-08-08,-0.0953679898814418,0.23655838034791551,-0.37807459975423435,0.5961813393471211,-0.5198648390865921,-0.000652225106670318,-0.06585194425246013,-0.029516045628981663
2010-08-09,-0.1201677321651246,0.23841350890611882,-0.37434930938303973,0.5955968457346044,-0.7139193745779068,0.0008413217045584796,-0.2534170076156648,0.13324927545054022
2010-08-10,-0.1987486930603729,0.24020570572485922,-0.35965032386586737,0.5946270559457145,-0.7490764272099573,0.002315221339592464,-0.27157876806565845,0.07283007500528554
2010-08-11,-0.2531155661338976,0.24193402446994736,-0.3346646789194425,0.5932706324812113,-0.6071058575038839,0.003770685049784496,-0.10279519442238329,-0.1503203717115143
2010-08-12,0.151663967934256,0.24359752209845104,-0.300616929758366,0.5915257233456915,-0.3220456686568885,0.005209250195174522,0.21766989722406258,-0.06600592928980659
2010-08-13,0.5415902596010217,0.24519511508640573,-0.2591669790869591,0.5893850977282167,0.02907412435526192,0.006625593410377311,0.6111129514933025,-0.06952269189228077
2010-08-14,0.9721052816600436,0.2467257192547586,-0.21217350606854127,0.5868412098665396,0.3507029529811517,0.008013050249761865,0.9801094262836706,-0.008004144623626974
2010-08-15,1.332428266258037,0.24818824175583123,-0.1614976308402942,0.5838859996771322,0.5588974327228772,0.0093651872918154,1.238839230607362,0.093589035650675
2010-08-16,1.5098493995572049,0.249581627885014,-0.10877588397882137,0.5805123045507667,0.6075383888591697,0.010676950114090577,1.3395333874302198,0.1703160121269851
2010-08-17,1.432944664757637,0.2509049030543509,-0.05521663342930811,0.576715033520115,0.5013559047917278,0.01194433442684642,1.285703542363732,0.14724112239390497
2010-08-18,1.0679673701654036,0.2521572089814658,-0.0014490786718671551,0.5724921855834137,0.29127873165016704,0.013164140172535583,1.127643187715715,-0.05967581755031137
2010-08-19,0.7147972842126413,0.25333783471389243,0.05253472587917649,0.5678458256726566,0.05416919811843844,0.014335940481374506,0.9422235248655386,-0.2274262406528973
2010-08-20,0.6371332015566795,0.25444613225268614,0.10732184519839462,0.5627789388880864,-0.13552890195746564,0.01545776407804289,0.8044757784597443,-0.16734257690306475
2010-08-21,0.7232095494828275,0.2554814312640846,0.16391577605725327,0.5572927854110256,-0.2310475684045279,0.01652540955445767,0.7621678338822933,-0.0389582843994658
2010-08-22,0.8752739191987813,0.2564430495801367,0.22355552713362986,0.5513876238867881,-0.22578097425089727,0.017533462663292382,0.8231386890129498,0.05213523018583144
2010-08-23,1.1165222327436224,0.25733030651416916,0.2874639885131284,0.5450633513881661,-0.14938181825307045,0.018478248562955428,0.9589540767253487,0.15756815601827368
2010-08-24,1.283571552523014,0.2581425109342662,0.3565852175910665,0.5383188375590063,-0.05035556686350637,0.019356822390379728,1.1220478216112126,0.1615237309118014
2010-08-25,1.2881698510430315,0.258879008568536,0.43136920993067474,0.5311534153448837,0.026985631984608807,0.020167533956166713,1.2685547997848698,0.019615051258161653
2010-08-26,1.282671590770734,0.2595392221945699,0.511596501524562,0.5235679419370934,0.060791849841892114,0.020910183566387536,1.376405699064505,-0.09373410829377105
2010-08-27,1.3985405923538774,0.26012263306529415,0.5962360898541585,0.5155637918414844,0.05742471282912671,0.02158554124165556,1.4509327688317193,-0.05239217647784189
2010-08-28,1.5216784537683152,0.26062875176564426,0.6833926113459061,0.5071419005432278,0.043336887221914665,0.022194502812537036,1.5166946536892298,0.004983800079085388
2010-08-29,1.629924157069807,0.2610571298766023,0.7703923105461437,0.4983034593457739,0.04814532222246336,0.02273580002661925,1.6006340220176025,0.02929013505220457
2010-08-30,1.7093815110571222,0.26140735864983294,0.853907178357052,0.4890502562160469,0.08735976534401307,0.023208101576317173,1.714932660143262,-0.0055511490861397395
2010-08-31,1.7317495330934385,0.2616790681640906,0.9301587887574383,0.47938502349957507,0.15346983203703612,0.02361195569185654,1.8483046681499968,-0.11655513505655835
2010-09-01,1.8536720489805036,0.2618719164747532,0.9952181690124324,0.4693111975564759,0.21969382604363097,0.02394596046983525,1.9700410695571278,-0.11636902057662413
2010-09-02,2.011387507231734,0.26198554760954407,1.0452759856716347,0.45883169116171524,0.25409653849193004,0.02420721455873827,2.0443969774935624,-0.03300947026182843
2010-09-03,2.0667990715378712,0.262019635732583,1.0769481441090059,0.44795035620207707,0.23707345670690944,0.02439421244614049,2.048385805196716,0.018413266341155143
2010-09-04,2.132365146215822,0.26197394145757624,1.0875724462431382,0.4366739855561932,0.172864216207874,0.024508558547061392,1.983593148011843,0.14877199820397924
2010-09-05,2.396753370900307,0.26184827629070107,1.0754401332641494,0.4250107176637276,0.08847807022447557,0.02454896462977422,1.875326162072828,0.5214272088274787
2010-09-06,1.9051335867015036,0.2616424661196175,1.0398760707214583,0.4129686849635728,0.02031113974566598,0.024513753964955816,1.7593121155152702,0.14582147118623334
2010-09-07,1.420251120134678,0.26135664139905584,0.9813919878538775,0.40056586766426666,-0.0038030072381431065,0.024409909793667958,1.6639213994727247,-0.24367027933804675
2010-09-08,1.114386871581534,0.26099098127896453,0.9015327648914376,0.3878213857015976,0.01932938973046583,0.02424388352558035,1.5939184051280457,-0.4795315335465118
2010-09-09,1.1503561568247125,0.26054564279635983,0.8026978907879483,0.37475324443270375,0.065182901493279,0.024020635437401756,1.5272003149476927,-0.3768441581229802
2010-09-10,1.1126711672611107,0.2600207005678008,0.6879117072125258,0.3613764588890465,0.09342600980081234,0.023742891826224032,1.4264777682964096,-0.3138066010352989
2010-09-11,1.568053114008391,0.2594162565052425,0.5606485878158498,0.3477071456156764,0.07042219998164598,0.023413714793077193,1.2616079047114919,0.3064452092968992
2010-09-12,1.639311991096805,0.25873226492545487,0.42452088211951816,0.33375674641966674,-0.010090806096418617,0.023031799799871622,1.0299508871680927,0.6093611039287123
2010-09-13,1.3212955149095615,0.2579688098902059,0.28317139472869585,0.3195414025040208,-0.1166001741195874,0.022599770150366547,0.7666812031537017,0.5546143117558598
2010-09-14,0.6648390685922663,0.25712611423323223,0.1400988907132879,0.30508195573110086,-0.188803341799905,0.022122516910886923,0.535626135788603,0.1292129328036633
2010-09-15,0.1467939232912727,0.2562045263450496,-0.0015060825770626517,0.2904035936778278,-0.16301295522624967,0.021608836562974302,0.40369791878253936,-0.25690399549126663
2010-09-16,-0.1437259658014648,0.25520437002432445,-0.13889890017282336,0.27553045690520284,-0.0041656160624899494,0.021065364678468958,0.40873567537268296,-0.5524616411741478
2010-09-17,0.0301574683642444,0.2541259187349959,-0.26981652770714826,0.26048462217686585,0.270723908558816,0.020495539863924023,0.5360134616274536,-0.5058559932632092
2010-09-18,0.3993155023091608,0.2529693322654506,-0.39247283354019075,0.24528393838905807,0.588771320221811,0.019898386199918128,0.7144501435360471,-0.3151346412268863
2010-09-19,1.088310741578363,0.2517347468456561,-0.5054148758347119,0.22994493884441725,0.8415536354977877,0.019268714042401675,0.8370871593955509,0.25122358218281216
2010-09-20,1.5215460011580706,0.2504222600218958,-0.6074392161282585,0.2144823867874006,0.9222016440711309,0.018598898223242247,0.7982659729754111,0.7232800281826595
2010-09-21,0.9310525708446344,0.2490321240350775,-0.6974071024657997,0.19891588618636097,0.7664085942934438,0.017885231806281484,0.5348347338553638,0.3962178369892706
2010-09-22,0.016780018662645,0.24756498299175755,-0.7740355914674285,0.18327773153889448,0.38058014074226604,0.01713206035303324,0.05451932415852281,-0.03773930549587781
2010-09-23,-0.6119722238195765,0.2460216597521822,-0.835971998686171,0.16760571757826198,-0.15611193391527345,0.016348336984897845,-0.5621082182861026,-0.04986400553347392
2010-09-24,-1.41069916055466,0.24440295717814337,-0.8819078094575921,0.15193636415488582,-0.7155544979164674,0.015543281694507477,-1.1855797043465226,-0.22511945620813734
2010-09-25,-2.4288200421534207,0.2427097704462536,-0.9105685175863223,0.13630851168661784,-1.160711256345158,0.014726499625522055,-1.6775349921730867,-0.7512850499803341
2010-09-26,-2.0114341744396653,0.24094307664618544,-0.9208209603536033,0.1207630569661726,-1.3886322215324403,0.013908590743757545,-1.9338384575299281,-0.07759571690973721
2010-09-27,-1.4945055959082527,0.23910341832980656,-0.9120299953841589,0.10532539824987666,-1.3624516236552784,0.013088425897223959,-1.9169643765625302,0.42245878065427744
2010-09-28,-1.3281989275475756,0.23719130075280995,-0.8840055075488001,0.09001902940959762,-1.1169599559258816,0.012264524783487652,-1.6614906085287866,0.333291680981211
2010-09-29,-1.1205490723347655,0.23520731757504437,-0.8370408020360646,0.07486988260186218,-0.7415167102261666,0.011437837548475356,-1.2570424745368491,0.1364934022020836
2010-09-30,-0.7759867143131108,0.23315203142900445,-0.7720275670485583,0.05990208815917057,-0.348115391971786,0.01060707790554751,-0.8164817615266219,0.04049504721351105
2010-10-01,-0.7647969038480799,0.2310259730871281,-0.6905008022617579,0.045137605584158566,-0.03564467227031242,0.009769116204502788,-0.44021277965628086,-0.324584124191799
2010-10-02,-0.3806595383387364,0.22882979514890928,-0.594552884036238,0.030601126992998218,0.1378450921541643,0.008921142980106395,-0.18835572676005977,-0.19230381157867663
2010-10-03,-0.1318783299761389,0.22656406091911596,-0.4868767183125367,0.016312672719685367,0.1653426507784041,0.008054230121349698,-0.07060310377398157,-0.061275226202157335
2010-10-04,0.0140588322510447,0.2242294110401656,-0.3706257508648294,0.0022931785759885137,0.08539169136684732,0.007159607123964642,-0.05155186275786332,0.06561069500890801
2010-10-05,0.249616491744933,0.22182656426536904,-0.24934226227942727,-0.011435184832626594,-0.036393585024114536,0.006233386599024424,-0.06911108127177494,0.31872757301670795
2010-10-06,0.2283489281300875,0.21935624033514134,-0.12683982447983735,-0.024851639782440177,-0.1308046127678302,0.005271618461540309,-0.05786821823342608,0.2862171463635136
2010-10-07,-0.2266068893799908,0.21681927459280856,-0.007036105738718441,-0.03793278392401361,-0.1452270425719594,0.004276207159257788,0.0308995495173749,-0.2575064388973657
2010-10-08,-0.0442615366328183,0.21421667025812557,0.10623521712151973,-0.05065110256665609,-0.05645875947094029,0.0032529350733243334,0.21659496041537324,-0.2608564970481915
2010-10-09,0.4212548911095557,0.211549274951954,0.20921896797141218,-0.06298621137202291,0.12450494944964485,0.0022020291160569274,0.48448901011704504,-0.06323411900748932
2010-10-10,0.7584055398619527,0.20881788945493496,0.2984169690142722,-0.0749213295713359,0.35818633158209384,0.0011211555963359244,0.7916210160763011,-0.033215476214348394
2010-10-11,1.0495905021511729,0.2060233888431573,0.37076755553864366,-0.08643924180518879,0.5889358268428263,8.722249114377007e-06,1.0792962516685527,-0.02970574951737981
2010-10-12,1.4642223087001385,0.20316668804527155,0.4237384776169974,-0.097523471332813,0.760045711996107,-0.0011369955243167376,1.288290410801246,0.1759318978988924
2010-10-13,1.5834054726429154,0.20024868722607486,0.4553719495320382,-0.10815979556711607,0.8288022686429908,-0.0023161262298004573,1.3739469836041873,0.2094584890387281
2010-10-14,1.364593090602159,0.19727038790992338,0.4644114570486887,-0.11833190187471648,0.7787713375589902,-0.0035233626633314795,1.3185979179795542,0.045995172622604885
2010-10-15,1.0713846552619375,0.19423288904332967,0.45038737535781326,-0.1280215601990132,0.6248944505379007,-0.004752320769138992,1.1367408339708915,-0.06535617870895405
2010-10-16,0.7914398318166307,0.19113732356391952,0.41358575751750687,-0.1372107251544104,0.40938480051642656,-0.0059946106918225914,0.8709025457516198,-0.07946271393498916
2010-10-17,0.526995454233855,0.18798482710864148,0.3550635014113073,-0.1458827280661125,0.18912264794189268,-0.007244256050279871,0.5790439923454491,-0.052048538111594156
2010-10-18,0.3090884283202715,0.18477654332102134,0.2766332927328697,-0.1540223476808333,0.017583149569403322,-0.008498649971621917,0.31647198797083914,-0.007383559650567639
2010-10-19,0.1161910375310737,0.18151363851767152,0.18079024588758,-0.161615647043678,-0.07316498100251642,-0.009755713649646431,0.11776754270941066,-0.0015765051783369621
2010-10-20,-0.1133050074730697,0.1781973153760761,0.07063059543200026,-0.16864985121805626,-0.08371060441036712,-0.01101339791610245,-0.014545942736449461,-0.09875906473662023
2010-10-21,-0.3537394153356439,0.17482881779101825,-0.050259891340876384,-0.17511293052613974,-0.046838647168486625,-0.01226729303344032,-0.10964994427792482,-0.24408947105771908
2010-10-22,-0.3212856504671472,0.17140941044088218,-0.17793738923596641,-0.18099427265792895,-0.014634810979791087,-0.01351089663044271,-0.21566795906324698,-0.1056176914039002
2010-10-23,0.163961820567026,0.16794028906211309,-0.3082725996011571,-0.18628777613509387,-0.03745267884052071,-0.014738269224395206,-0.3788110347390538,0.5427728553060798
2010-10-24,-0.2622940300578991,0.1644225116765162,-0.4370880231713436,-0.1909941397038065,-0.1422970742903128,-0.015949495268408817,-0.6219062207573556,0.3596121906994565
2010-10-25,-0.9109751701718318,0.16085741124185227,-0.5601187561040586,-0.19510655188276763,-0.31796792355300063,-0.01713954239092058,-0.9294753626888952,0.018500192517063363
2010-10-26,-1.3180161630014655,0.1572464057240581,-0.6732655984635858,-0.1986173274240463,-0.5173516985519497,-0.018302972467232694,-1.2502911911827566,-0.06772497181870896
2010-10-27,-1.646786286142142,0.15359086498342744,-0.7728361353133059,-0.2015225814205392,-0.6744396647287535,-0.019437289854251624,-1.5146448063334228,-0.13214147980871926
2010-10-28,-2.5126570633992995,0.1498921587784999,-0.8557208808799531,-0.20382040582755467,-0.7294108332909783,-0.020539333449640207,-1.6595992946696265,-0.853057768729673
2010-10-29,-2.023956433697971,0.14615183110554134,-0.9194820148896454,-0.20550491536041132,-0.6520141670472653,-0.021600494277578992,-1.6524497604693595,-0.3715066732286114
2010-10-30,-1.0769666674290803,0.14237102011282834,-0.9627472170771428,-0.206586105414603,-0.45663625302726824,-0.022622401924491633,-1.5062209573306775,0.4292542899015972
2010-10-31,-0.5394743315411297,0.1385507145088742,-0.9851661264212292,-0.20708102661526281,-0.1971463611098481,-0.023611437999949216,-1.274454237637415,0.7349799060962854
2010-11-01,-0.5812693313971828,0.1346919909669693,-0.9872917745312424,-0.2070054180817959,0.05385829074889903,-0.024574939563033547,-1.0303218504602034,0.44905251906302057
2010-11-02,-0.7925924717546163,0.13079606031579336,-0.9705351183218972,-0.20637170901398927,0.23258211475365015,-0.025516224144501276,-0.8390448764109442,0.04645240465632783
2010-11-03,-1.1352301004642775,0.1268641708259049,-0.9371215501692058,-0.20519243088922065,0.3073681206220942,-0.026433817611704727,-0.7345155072221321,-0.4007145932421454
2010-11-04,-1.317571822382679,0.12289761037917371,-0.8899004716041451,-0.20348031002137465,0.2893110290922304,-0.02732213795160647,-0.7084942801057221,-0.6090775422769568
2010-11-05,-1.0686908210052672,0.11889761924535328,-0.8321250504501163,-0.20125144586934798,0.2251334446568591,-0.0281766815493966,-0.7175221139666484,-0.3511687070386188
2010-11-06,-0.4957914658768595,0.11486534429371369,-0.7672366212995655,-0.198527000391028,0.17551416325526872,-0.028991381049798107,-0.7043754951914093,0.20858402931454978
2010-11-07,-0.084789428111211,0.11080186996479478,-0.6984864634278517,-0.19533266903248175,0.18798417138805734,-0.029767315267383396,-0.6248004063748648,0.5400109782636537
2010-11-08,-0.1775002929187256,0.10670835901871585,-0.6286113007155235,-0.1916932647478915,0.2754974289301796,-0.030507502152301726,-0.4686062796668213,0.2911059867480957
2010-11-09,-0.3413519769362609,0.1025861481720669,-0.5595959183601088,-0.18762884050260853,0.4089460916107123,-0.031211766556120235,-0.26690428563605834,-0.07444769130020257
2010-11-10,-0.3435141909096312,0.09843660637286383,-0.4925979187028314,-0.183159227131658,0.5263051845038336,-0.03188124934685488,-0.08289660430464696,-0.26061758660498424
2010-11-11,-0.3509236914440976,0.09426103955327145,-0.42795568251973065,-0.17830668179610357,0.5562260344194383,-0.03252027947235991,0.01170443018451562,-0.3626281216286132
2010-11-12,-0.0237674020384627,0.09006073779190768,-0.365274655220279,-0.17309375735692978,0.4474731950876511,-0.033129273454523815,-0.03396375315217381,0.01019635111371111
2010-11-13,-0.0408683178637303,0.08583687080526675,-0.3035973546603025,-0.16754713316690673,0.19206821516238556,-0.03371009626245754,-0.22694949812201448,0.18608118025828418
2010-11-14,-0.2158392423930404,0.08159069193194868,-0.24148377582471595,-0.16169117419477283,-0.16527013192502873,-0.03426586577680264,-0.5211202557893715,0.30528101339633107
2010-11-15,-0.5855031751738174,0.07732349160130886,-0.1773114789886041,-0.15554934857117533,-0.5374656171407507,-0.03479854414527639,-0.8278014972444977,0.24229832207068025
2010-11-16,-1.195168183591239,0.07303661375665935,-0.10953673319260093,-0.14914374145131434,-0.821191258830086,-0.03530787755826656,-1.0421429972756084,-0.15302518631563067
2010-11-17,-1.4986721715005185,0.06873146991912461,-0.03692891654235315,-0.14249467915548425,-0.9303757749492282,-0.035792263119248865,-1.07686016384719,-0.4218120076533285
2010-11-18,-1.1333403207322956,0.06440935894476335,0.04114714832275948,-0.1356266175588425,-0.8263575131843032,-0.0362537580624385,-0.8926813815380613,-0.2406589391942343
2010-11-19,-0.4970928036609165,0.060071361270213036,0.12450904343590677,-0.12857105835420257,-0.5333657733255692,-0.03669479620564621,-0.5140512231792982,0.016958419518381673
2010-11-20,0.2344793121757401,0.05571846326437232,0.21223437563542288,-0.12136297588518194,-0.1330114283758719,-0.037123604465590536,-0.02354516982684917,0.25802448200258926
2010-11-21,0.8310577200192941,0.05135164026743247,0.30272183864541014,-0.11403805738817133,0.2601107978985513,-0.03755003808089833,0.4625961813423242,0.3684615386769699
2010-11-22,0.7531807921494315,0.046971941393101915,0.39382063448512583,-0.10662935096562776,0.5344338814426373,-0.03797901734857295,0.8306180890066643,-0.07743729685723288
2010-11-23,0.8936208292422108,0.04258065896090638,0.4831084709736404,-0.09916166430372883,0.6176003681544225,-0.03840928282285611,1.0057185509623843,-0.11209772172017352
2010-11-24,1.0164828571852638,0.03817906312414686,0.568005599160928,-0.09166096812492909,0.498907956201323,-0.03884409792152194,0.9745875524399469,0.041895304745316886
2010-11-25,0.5450923808537156,0.03376846511356113,0.6459710289278956,-0.08415147364867727,0.2328603066532497,-0.03928302575096987,0.7891653012950594,-0.24407292044134377
2010-11-26,0.5328064764128432,0.029350366624919393,0.7147742817626155,-0.07665000092760524,-0.07877349598145111,-0.039717517335871866,0.5489836341426066,-0.01617715772976347
2010-11-27,0.586631634678558,0.02492612677532328,0.7725588387683409,-0.06917772323832826,-0.3228295847329577,-0.04014552505854741,0.36533213251383073,0.2212995021647272
2010-11-28,0.3991670438394143,0.020497067766196763,0.8180071972161098,-0.06175635619174232,-0.4132116634660102,-0.04056734447477366,0.32296890084978036,0.07619814298963395
2010-11-29,0.2022575857318045,0.016064557167776345,0.8504353563120255,-0.05440477979005774,-0.32012659457292114,-0.04097933816602599,0.4509892009507969,-0.24873161521899242
2010-11-30,0.6828095696676394,0.011629931374564844,0.8698362520208608,-0.047141936822544105,-0.08001995393798453,-0.04138086470959878,0.7129234279252982,-0.030113858257658777
2010-12-01,1.0693493757340766,0.007194301571966326,0.8767849382564448,-0.039993643735622114,0.2178369216880544,-0.04177950341627383,1.0200430143645696,0.04930636136950706
2010-12-02,1.2282651301991834,0.002758793052859894,0.872457228551315,-0.03298393578109232,0.46552491711240934,-0.04217960621487757,1.2655773967206143,-0.03731226652143094
2010-12-03,1.3664420583052157,-0.0016754169623755507,0.8585769729819693,-0.026133868091150467,0.5767156386641801,-0.04258382815748332,1.3648994984351401,0.001542559870075566
2010-12-04,1.5499626765403434,-0.006107155639637529,0.8372806580717528,-0.01946365522003561,0.5181545697373003,-0.0429971828580965,1.2868672340912837,0.2630954424490597
2010-12-05,1.2853403489713693,-0.010535257739835031,0.8109133036477764,-0.012992532691648968,0.32075917432199713,-0.04342200277076263,1.0647226847675269,0.22061766420384243
2010-12-06,0.6215477752451253,-0.014958418850968744,0.7819226630170548,-0.006733827785945744,0.06625705748009211,-0.04385538118240831,0.7826320926778242,-0.1610843174326989
2010-12-07,0.3911884520272584,-0.019375214968268377,0.7527064470810089,-0.0006959689447389311,-0.1466360869808166,-0.04429463788996777,0.5417045382972172,-0.15051608626995883
2010-12-08,0.2708730679085772,-0.023784330337084544,0.725318764787892,0.0051096512085759965,-0.24329214573400848,-0.04474130636453602,0.41861063356083905,-0.14773756565226187
2010-12-09,0.3465347090483449,-0.028184450457125917,0.701346530401661,0.010672300091981987,-0.202898834029538,-0.04519613677364424,0.4357394092333347,-0.08920470018498983
2010-12-10,0.3509228743871931,-0.03257430146523538,0.6817833094220176,0.01598068444057732,-0.06612560807084383,-0.045660735308759776,0.553403349017756,-0.2024804746305629
2010-12-11,0.5843146410500485,-0.036952570790067474,0.6669903027130304,0.021025750131267007,0.083522191493236,-0.046134517503683074,0.6884511560437828,-0.10413651499373433
2010-12-12,1.2240555166839588,-0.041318001270080736,0.6566587336823048,0.02579711490660974,0.15625274475390488,-0.04662069902398184,0.7507698930487569,0.473285623635202
2010-12-13,1.1676682887240442,-0.04566945769555683,0.6497996203786822,0.030281127370401548,0.09605584446868631,-0.04712628660507434,0.6833408479171389,0.48432744080690526
2010-12-14,0.48164190631049,-0.050005607776568345,0.644957737410207,0.03447216231439486,-0.09146204548224836,-0.04765168723514801,0.49031055923063716,-0.00866865292014718
2010-12-15,0.1739571912640061,-0.05432494899710343,0.6403408238220658,0.038371596591545834,-0.3381051343965156,-0.048193455589865285,0.23808888143012738,-0.06413169016612127
2010-12-16,-0.0145769371386388,-0.05862611942967573,0.6338577839822525,0.04197689359415949,-0.539828078906103,-0.04875558387556179,0.028624895365071394,-0.043201832503710194
2010-12-17,-0.6733999238304016,-0.06290781677237085,0.6232811927959718,0.045284882013378575,-0.5984371599100007,-0.0493403729502034,-0.042119274823224605,-0.631280649007177
2010-12-18,-0.3518214483026028,-0.06716862585750644,0.6065313450650774,0.04829736503530975,-0.4623408407773036,-0.04994611741365015,0.075373126051927,-0.4271945743545298
2010-12-19,0.4060725546899918,-0.07140744131610613,0.5816794433107947,0.05100626340481858,-0.1519421342491626,-0.05057970686988386,0.35875642428046073,0.04731613040953109
2010-12-20,1.1270162018671066,-0.07562328794186625,0.5471839550601981,0.05339956830368432,0.2451249570883117,-0.051250874007746916,0.718834318502581,0.40818188336452566
2010-12-21,1.488281044498082,-0.07981517053820056,0.5020758197444739,0.05546684988855935,0.6051684004960277,-0.051965414744683136,1.0309304848461773,0.45735055965190474
2010-12-22,1.635865965464803,-0.08398196671397026,0.44611956149789406,0.05720270113346464,0.813637325534899,-0.05272581994706929,1.1802518015052181,0.45561416395958476
2010-12-23,1.1071031863533565,-0.08812245234658087,0.37981041935480564,0.05860594925694848,0.8062538835537889,-0.05353051143535455,1.1030172883836076,0.004085897969748897
2010-12-24,0.5162587388470596,-0.09223517153248911,0.3044007623323893,0.05968418056309188,0.5913044674180299,-0.054372225791579694,0.8087820129894422,-0.29252327414238255
2010-12-25,-0.2634573695582698,-0.09631862526381092,0.22168924183987404,0.060447509860645426,0.24338635788944832,-0.05524126737723927,0.3739632169489176,-0.6374205865071874
2010-12-26,-0.4119296387439588,-0.10037124631813527,0.13388808069020533,0.06090917882850162,-0.12597181846908848,-0.05612780930279185,-0.08767361457130864,-0.3242560241726502
2010-12-27,-0.3953826229011748,-0.10439165847127255,0.04330810633879412,0.061076724759528245,-0.4100630928960433,-0.05702790405034238,-0.46709782431933583,0.07171520141816101
2010-12-28,-0.379143337155924,-0.1083785550593127,-0.04777650356615465,0.060956181509297436,-0.542274057437209,-0.05794011840190034,-0.6954130529552793,0.3162697157993553
2010-12-29,-0.447626422380485,-0.11233065093871374,-0.13728702405873805,0.060553718907384285,-0.5135939812227278,-0.05886219713609849,-0.7615201344488939,0.3138937120684089
2010-12-30,-0.4037054529407832,-0.1162466710965825,-0.22343450194859898,0.05987578300890542,-0.36726589753088235,-0.059793915664083847,-0.7068652032312422,0.30315975029045905
2010-12-31,-0.673452130521753,-0.1201254119513522,-0.30484172643863044,0.05892702858178521,-0.17533493844283152,-0.06073646435118688,-0.6021115126022158,-0.07134061791953716
2011-01-01,-0.7993871540942007,-0.12396560519158767,-0.3805177409243289,0.05771488426096619,-0.007476237621326176,-0.06168696842714251,-0.5159316679034192,-0.28345548619078154
2011-01-02,-0.754003429732477,-0.12776605042633002,-0.44988690618998506,0.05624487520210458,0.09320246292247159,-0.06264207894653122,-0.4908476974382702,-0.2631557322942068
2011-01-03,-0.4207280940057653,-0.13152562930919898,-0.5127041207417204,0.054519994829220125,0.11993294837103265,-0.06360134461285177,-0.5333781514635185,0.11265005745775325
2011-01-04,-0.487657902978443,-0.13524333100354613,-0.5689838931074528,0.05254003359124819,0.09543976845329992,-0.06456562382312882,-0.6208130458895796,0.13315514291113661
2011-01-05,-0.8224730697213872,-0.13891804615294703,-0.6187915830989192,0.05030877316291288,0.05491517401389741,-0.06553184144720167,-0.7180175235222576,-0.10445554619912967
2011-01-06,-0.8655398475289177,-0.1425486122585817,-0.6621484246344027,0.04783246486795037,0.02638550251921235,-0.06649583568496334,-0.7969749051907851,-0.0685649423381326
2011-01-07,-0.5659992285172739,-0.14613397330064332,-0.699030792772953,0.04511434673372301,0.017983761141755573,-0.0674561352046195,-0.8495227934027372,0.28352356488546326
2011-01-08,-1.0843471566885186,-0.14967318802691218,-0.7293354885187382,0.04215425788920174,0.017874733569561044,-0.0684133917234096,-0.8873930768102971,-0.19695407987822144
2011-01-09,-1.0964616182936866,-0.15316507218131337,-0.7527302968017215,0.03896080651524636,0.00601024975032681,-0.06935909080251261,-0.9302834035199743,-0.1661782147737123
2011-01-10,-0.7941325951935513,-0.15660859617609016,-0.7688221267958322,0.035537286184196756,-0.03296015315970223,-0.07029143167743362,-0.9931450216248614,0.19901242643131012
2011-01-11,-0.904380263097994,-0.16000281680040426,-0.7771937863809868,0.03188411874312293,-0.09856977523621036,-0.07121208668759424,-1.0750943463620728,0.17071408326407878
2011-01-12,-1.2864994859954637,-0.16334666862329414,-0.7773872504247982,0.028006407339056905,-0.1717352196741032,-0.0721194494596753,-1.156582180842814,-0.12991730515264965
2011-01-13,-1.050543882513966,-0.1666390214031109,-0.7689945004213338,0.02391219409823482,-0.22268187123899036,-0.07301123631955067,-1.207414435284751,0.156870552770785
2011-01-14,-1.3212942654458693,-0.1698789552197951,-0.7518545612440072,0.019603387672999628,-0.22524839416911077,-0.07389039863962814,-1.2012689215995416,-0.12002534384632768
2011-01-15,-1.3094961359467168,-0.17306543098270352,-0.7259690481244775,0.015087340297335286,-0.16769852625588383,-0.07475383037739915,-1.1263994954431287,-0.1830966405035881
2011-01-16,-1.053763635754716,-0.1761975410135828,-0.6916211910202602,0.010368239310566393,-0.058875306848592185,-0.07560036273093972,-0.9919261623028085,-0.06183747345190749
2011-01-17,-0.7385504643649061,-0.17927448674020066,-0.6493670557182765,0.005447592134432577,0.07566695701806989,-0.07642958802376348,-0.823956581329738,0.08540611696483191
2011-01-18,-0.7109302384767858,-0.1822955084927205,-0.5999820138822416,0.0003266299346731394,0.20447136868807586,-0.0772382267451974,-0.6547177504974104,-0.05621248797937539
2011-01-19,-0.3869708420053852,-0.1852597742668282,-0.5443190902814727,-0.004990409822419925,0.3023258001408968,-0.0780218661334428,-0.5102653403632668,0.12329449835788159
2011-01-20,-0.2809750094425375,-0.1881665357867353,-0.483317196687248,-0.010501868703093789,0.3566932099799395,-0.07877960239907802,-0.4040719935962156,0.12309698415367809
2011-01-21,-0.2552981928916247,-0.19101497671884785,-0.4178636509781668,-0.016203660982968424,0.3677015908320309,-0.07951227973355013,-0.3368929775815023,0.08159478468987758
2011-01-22,-0.3919373948964808,-0.19380425865493905,-0.3487875281985936,-0.022090514183899873,0.34087804637583186,-0.08022179499362686,-0.30402604965522745,-0.08791134524125332
2011-01-23,-0.3834082913177525,-0.19653349968092051,-0.2768240903066028,-0.028155313051747954,0.27840758153116507,-0.08091224549860392,-0.3040175670067102,-0.07939072431104233
2011-01-24,-0.3932810133945925,-0.19920186243986723,-0.20271431816152727,-0.03439166497837379,0.17422325711595085,-0.0815874324896321,-0.3436720209534495,-0.049608992441142974
2011-01-25,-0.4815084692426448,-0.20180852364309884,-0.1272257025020058,-0.040792749350383406,0.0177350689291992,-0.08225189211258642,-0.4343437986788753,-0.047164670563769495
2011-01-26,-0.5951799757079597,-0.20435264328774272,-0.051251559596759186,-0.04734984157999776,-0.19507054301415447,-0.08290476990011064,-0.5809293573787648,-0.01425061832919483
2011-01-27,-0.7290847796969149,-0.2068333780704367,0.024127140858394118,-0.054053192126889624,-0.4485155872918384,-0.08354361348556305,-0.7688186301163337,0.03973385041941879
2011-01-28,-0.9369531717031572,-0.20924989189094073,0.09758121173359036,-0.06089268099100539,-0.6995269300133644,-0.08416647903769478,-0.956254770199415,0.019301598496257788
2011-01-29,-1.0992952599860837,-0.21160135232331992,0.16750277907301694,-0.06785767835243983,-0.8816918279528417,-0.08477170821647445,-1.078419787772059,-0.02087547221402475
2011-01-30,-0.971114060702856,-0.21388696724334658,0.23199409395995788,-0.07493808061908305,-0.922938396993776,-0.0853562295770701,-1.0651255804733177,0.09401151977046174
2011-01-31,-0.864327715969362,-0.2161060817253415,0.28895583416419734,-0.08212783350679434,-0.7720714327620786,-0.08592274045906508,-0.8672722542890822,0.0029445383197201913
2011-02-01,-0.4830869175665231,-0.21825809942262436,0.33628362525301464,-0.08942192415967874,-0.42356262683832396,-0.08647706679617696,-0.4814360919637894,-0.0016508256027337187
2011-02-02,0.0765258443171392,-0.22034257129777676,0.3720232280992488,-0.09681872113475692,0.06904981989370387,-0.08702671643610463,0.03688503912431437,0.03964080519282483
2011-02-03,0.637999336185774,-0.22235916458551994,0.3946392358645916,-0.10431876397702419,0.599802275623789,-0.08758039407854239,0.580183188847294,0.05781614733847995
2011-02-04,0.8790870151803939,-0.22430759149064552,0.40328360957399306,-0.11192238846419728,1.036987270674013,-0.08814527300371351,1.0158956272894497,-0.13680861210905582
2011-02-05,1.1640692448189471,-0.22618749253711995,0.39804990678088287,-0.11962577379298567,1.2622234654325484,-0.08872394155740032,1.2257361643259252,-0.06166691950697811
2011-02-06,0.9921142853227276,-0.227998526606921,0.38003750137930975,-0.12742370558309302,1.207750569322668,-0.08931387378974685,1.143051964722217,-0.15093767939948943
2011-02-07,0.7225013989368864,-0.22974021344846293,0.3514892205491411,-0.1353047598790827,0.8799572358694243,-0.08990961791843291,0.776491865172587,-0.053990466235700585
2011-02-08,0.3793717661849377,-0.231412016613974,0.3156291439826883,-0.14325412231385443,0.35839019550236106,-0.09050256832425684,0.20885063223296407,0.1705211339519736
2011-02-09,-0.23237730828109,-0.2330133696559204,0.27645932972913745,-0.1512545827824661,-0.2286426032739218,-0.09108626107262181,-0.42753748705579264,0.19516017877470265
2011-02-10,-0.8797175049516511,-0.23454363107822124,0.23842979631227662,-0.15928482551906573,-0.7433611226394795,-0.09165379604983127,-0.9904135789743211,0.11069607402267001
2011-02-11,-1.2591614828287805,-0.23600215827693322,0.20598638689744325,-0.16732242600575814,-1.0793620405732118,-0.09220049982351812,-1.3689007377819782,0.1097392549531977
2011-02-12,-1.4858504163970163,-0.23738840401344508,0.1830415837283227,-0.17534717149327333,-1.1894019364740747,-0.09272222030701997,-1.5118181485594904,0.025967732162474055
2011-02-13,-1.8246944988759728,-0.23870190462429758,0.17257574780462637,-0.1833410568737432,-1.0908293079392302,-0.09321761032718172,-1.4335141319598264,-0.39118036691614644
2011-02-14,-1.622752329478414,-0.2399421908194886,0.17630334650275342,-0.19128532887307656,-0.8489253735349638,-0.09368205250235091,-1.1975315992271265,-0.4252207302512876
2011-02-15,-0.856678003253567,-0.24110898701620856,0.19440185490278897,-0.1991677538469374,-0.5476089877729211,-0.0941171615804782,-0.8876010353137563,0.030923032060189315
2011-02-16,-0.3735881425030227,-0.24220222385293583,0.22545313082181548,-0.20698287647260039,-0.2582482476246074,-0.09453116216282384,-0.576511379291152,0.20292323678812935
2011-02-17,-0.1524045141639263,-0.24322178319657775,0.2666598637602112,-0.21472308274493354,-0.018181573243575885,-0.09493139708105953,-0.3043979725059355,0.15199345834200917
2011-02-18,0.3924740293338793,-0.24416750612085886,0.31409393265159363,-0.22237864825594225,0.17255260606242456,-0.09532419120362016,-0.07522380686640308,0.4676978362002824
2011-02-19,0.4098958057183895,-0.2450393689547414,0.36297897262181567,-0.22994362235567456,0.3379258831481494,-0.09571829765335718,0.13020356680619194,0.2796922389121976
2011-02-20,0.00603610303199,-0.2458372113864322,0.40821319000988365,-0.23740629584003486,0.5060739792126026,-0.09611216822302213,0.334931493772997,-0.32889539074100704
2011-02-21,0.0741874387315013,-0.24656076554792927,0.4448627202203256,-0.24475067988387508,0.6901328098805298,-0.09649939166859745,0.5471846930004536,-0.4729972542689523
2011-02-22,0.4778955592325279,-0.24720990851900457,0.4684892997871657,-0.2519651190347353,0.8780913555951133,-0.09687345669374556,0.7505321711347935,-0.2726366119022656
2011-02-23,0.8523567409452353,-0.2477846271556518,0.47560461094438383,-0.25904112859892986,1.0366448667211452,-0.09723121639910473,0.9081925055118427,-0.05583576456660744
2011-02-24,0.9669853601056208,-0.24828490475563064,0.46404208998317586,-0.265969355197919,1.1249940694935197,-0.09757137496754247,0.9772105245556035,-0.010225164449982782
2011-02-25,1.4936859025575484,-0.24871064073969112,0.4331715037872566,-0.2727367245362986,1.1110760438405873,-0.09789235439007817,0.9249078279617761,0.5687780745957723
2011-02-26,1.06499636495225,-0.24906186698013927,0.3838563775307178,-0.2793335449050251,0.9822045325108953,-0.09819979162556365,0.7394657065308851,0.32553065842136497
2011-02-27,0.5829317969517128,-0.2493383475874111,0.3185083807688539,-0.2857396718921051,0.7494633861134725,-0.09849513238258233,0.4343986150202279,0.1485331819314849
2011-02-28,-0.1728028159164504,-0.24953983467612892,0.24068211354985303,-0.2919335774389113,0.4412510319332537,-0.09877877368035035,0.04168095968771621,-0.2144837756041666
2011-03-01,-0.5646139798482778,-0.24966600609051673,0.15473485244558224,-0.2978906330955332,0.09393397276383599,-0.09904794435604897,-0.3979357583326807,-0.16667822151559708
2011-03-02,-1.5367744851474927,-0.2497166785455727,0.06531394536511384,-0.303590370419598,-0.2574403791474695,-0.09930166939819457,-0.8447351521457209,-0.6920393330017718
2011-03-03,-1.505472999081218,-0.2496915183040604,-0.022965722616122064,-0.3090067767866317,-0.582279700249472,-0.09952992092667846,-1.2634736388829646,-0.2419993601982533
2011-03-04,-1.2467411782237583,-0.24959051778904437,-0.10610282897339424,-0.3141248915195677,-0.8560752262249619,-0.09972827000931032,-1.6256217345162784,0.37888055629252015
2011-03-05,-1.5368851056693968,-0.24941378833958994,-0.18088601720028064,-0.31893376157419,-1.0573997995632543,-0.09989730594500938,-1.9065306726223243,0.3696455669529275
2011-03-06,-1.7250977778383645,-0.2491613455273267,-0.24503874928067523,-0.32341849425186403,-1.1664184322548028,-0.10003343529691597,-2.0840704566115846,0.35897267877322014
2011-03-07,-1.7338805689350392,-0.24883330839251905,-0.2974204280180263,-0.327567213689262,-1.168602260368956,-0.10013457098217345,-2.142557781450937,0.4086772125158977
2011-03-08,-2.083583647034327,-0.24842992101878397,-0.33802896055270926,-0.3313721090564845,-1.0602782346939759,-0.10020241891714783,-2.0783116442391014,-0.00527200279522555
2011-03-09,-2.687856721551492,-0.2479513979336566,-0.36783061893390046,-0.33482421377916144,-0.8526768103428801,-0.10023821008183612,-1.9035212510714348,-0.7843354704800571
2011-03-10,-2.312739054661816,-0.24739793131635884,-0.3885992463892487,-0.337913808069534,-0.572443368608355,-0.1002398619943717,-1.6465942163778682,-0.6661448382839479
2011-03-11,-1.6306129735327688,-0.24677002788306637,-0.40279951410587317,-0.34064260355950243,-0.2576446119139811,-0.1002124926601855,-1.3480692501226086,-0.2825437234101602
2011-03-12,-0.6960338474812933,-0.24606828545673257,-0.4131704553643712,-0.34301637786547234,0.052732319467224065,-0.10016452726725072,-1.0496873264866027,0.3536534790053094
2011-03-13,-0.0009017031385263,-0.24529337515602398,-0.4224072216730195,-0.345044140238899,0.32858002517699003,-0.1001070272169757,-0.7842717391079282,0.7833700359694019
2011-03-14,0.0659509496365843,-0.24444587802945103,-0.43283677986405134,-0.3467323058172104,0.554243343619148,-0.10004610519244334,-0.5698177252840082,0.6357686749205925
2011-03-15,-0.337675542396484,-0.24352616907467736,-0.4461327690883277,-0.3480805972016194,0.7267871211682018,-0.09998122946902058,-0.41093364366544316,0.07325810126895915
2011-03-16,-0.6843756557833811,-0.24253449535664476,-0.4631693550896056,-0.34908445219305984,0.8478960741912415,-0.09991103398460385,-0.30680326243267275,-0.37757239335070836
2011-03-17,-0.981993897882189,-0.24147114270241948,-0.4840635088431332,-0.34974021523013965,0.9144846426967207,-0.09983314778356825,-0.2606233718625399,-0.7213705260196491
2011-03-18,-0.7685717638494071,-0.24033643293857485,-0.5081899330687726,-0.3500449751798922,0.914741039221724,-0.09974281570155748,-0.283573117667073,-0.48499864618233407
2011-03-19,-0.474998110157983,-0.23913086471921588,-0.5342802105467427,-0.35000171245333084,0.8317312293722183,-0.09963997033849885,-0.39132152868556996,-0.08367658147241303
2011-03-20,-0.1672277837000815,-0.23785499042556782,-0.5604587635031725,-0.34961521586312067,0.6548822104573461,-0.09952808253485232,-0.5925748418693672,0.42534705816928564
2011-03-21,-0.2830012596276005,-0.2365093806112676,-0.5844040518689352,-0.3488907402112381,0.3923393457395318,-0.09940971286892084,-0.8768745398208299,0.5938732801932294
2011-03-22,-0.9354033268875386,-0.23509448752713724,-0.6034638941661047,-0.34782942477553846,0.07779764233521762,-0.09928316725492205,-1.207873331388485,0.2724700045009465
2011-03-23,-1.5344826905561386,-0.23361062834596988,-0.6148200356690551,-0.34642773412114236,-0.23404521953860077,-0.0991453392460704,-1.5280489569208384,-0.006433733635300198
2011-03-24,-1.961652691772908,-0.2320581761170797,-0.6157961162594858,-0.34468366036757153,-0.4836536991995207,-0.0989954099849855,-1.7751870619286434,-0.18646562984426462
2011-03-25,-2.168854923350948,-0.23043759632058058,-0.6041109971269901,-0.34259775933861636,-0.6272177908445067,-0.09883219800576654,-1.9031963416364601,-0.2656585817144881
2011-03-26,-2.168736941684844,-0.22874946252278175,-0.5780628881108391,-0.34017398596116427,-0.6530743782949121,-0.0986557828758615,-1.8987164977655584,-0.2700204439192855
2011-03-27,-1.831424882027734,-0.22699445905648455,-0.5366615860214115,-0.33742015738268805,-0.5860940874476958,-0.09847079559655333,-1.785641085504833,-0.04578379652290088
2011-03-28,-1.6633472062074672,-0.22517339479662973,-0.47979633492116325,-0.3343485410834081,-0.4773756302181092,-0.0982815129837509,-1.6149754140030612,-0.04837179220440602
2011-03-29,-1.5048283822443942,-0.22328704270295482,-0.4082140462827597,-0.3309707659523918,-0.382333195894454,-0.09808947622676648,-1.442894527059327,-0.06193385518506722
2011-03-30,-1.178895463709164,-0.22133616991808155,-0.3235674146009317,-0.3272987817561229,-0.33784507944312925,-0.09789111391078122,-1.3079385596290465,0.1290430959198825
2011-03-31,-0.6318374372266194,-0.2193215854069013,-0.22835993367467955,-0.323346709125345,-0.34796504643688875,-0.09768260903234126,-1.2166758836761558,0.5848384464495363
2011-04-01,-0.8455449077705732,-0.21724415981305742,-0.1258067341300384,-0.31913166993351416,-0.3844577413941218,-0.09746514552219991,-1.1441054507929318,0.29856054302235857
2011-04-02,-1.1734644721479657,-0.2151045387975733,-0.019556484522385564,-0.31466349696056806,-0.40079895318384173,-0.097235194092861,-1.0473586675572297,-0.12610580459073595
2011-04-03,-1.1792711679661163,-0.21290335182684555,0.0864082149283013,-0.30995144753052595,-0.35570596409815686,-0.09698840129652386,-0.8891409498237509,-0.2901302181423654
2011-04-04,-1.0372660995541538,-0.21064136546481652,0.18798266625247292,-0.3050095676977307,-0.23340192145992225,-0.09672897169138965,-0.6577991600613862,-0.37946693949276766
2011-04-05,-0.9250186671475698,-0.20831942719992044,0.281178480508414,-0.29985415258543985,-0.050923742564255664,-0.096461898587457,-0.374380740428659,-0.5506379267189108
2011-04-06,-0.10721045020609,-0.2059384218202371,0.362419355630898,-0.29450205960869275,0.14993207128190278,-0.09619309464095338,-0.08428214915708246,-0.022928301049007546
2011-04-07,0.6410694687455083,-0.20349947785021102,0.4286999066826421,-0.28897771960581475,0.3208900372830986,-0.09593521609649365,0.1611775304132213,0.479891938332287
2011-04-08,0.9161430580611384,-0.20100371616800888,0.47790617223754733,-0.28330440128747003,0.4291565436840962,-0.09570032409644615,0.3270542743697185,0.5890887836914198
2011-04-09,0.8660442631904997,-0.1984521114633656,0.5089882769970261,-0.27749897369424903,0.4707296712526706,-0.09549108853075272,0.40827577456132935,0.4577684886291703
2011-04-10,0.2927518488004719,-0.19584554710277458,0.5220506453290783,-0.27157417825457786,0.46877869380519255,-0.09530856804406351,0.4281010457328549,-0.135349196932383
2011-04-11,-0.0650591241727549,-0.19318475062125032,0.5183360009464671,-0.26553634324360764,0.4592738232450926,-0.09514808761926415,0.42374064270743766,-0.48879976688019255
2011-04-12,-0.197666799148375,-0.19047050853292075,0.4999877971416663,-0.25939244809319056,0.4698600153408458,-0.09500058400133336,0.4249842718550675,-0.6226510710034425
2011-04-13,0.238592744484733,-0.1877036879982073,0.469932511725554,-0.2531515419840783,0.5039850770913976,-0.09486308030267832,0.4381992785319877,-0.1996065340472547
2011-04-14,0.5878354804485991,-0.18488535482992027,0.43163749919411404,-0.24682902266721335,0.5369831054685676,-0.0947475205652762,0.44215870660027184,0.14567677384832728
2011-04-15,0.8687267786385946,-0.1820165570681019,0.3888655114482865,-0.24043840737681488,0.5274973735109069,-0.09466499235589423,0.39924292815838236,0.46948385048021224
2011-04-16,0.7981675420855218,-0.1790983103008305,0.3453606739600121,-0.23399061851296402,0.43729120528607296,-0.0946202037955761,0.27494274663671436,0.5232247954488074
2011-04-17,0.17783970588001,-0.1761315219083312,0.30466490233547977,-0.22749199374701942,0.2513450480940396,-0.0946167786153399,0.05776965615882887,0.12007004972118113
2011-04-18,-0.5049431414517579,-0.17311692082286947,0.2698443425323005,-0.22094150454939335,-0.011163904428191596,-0.0946479120138516,-0.2300258992820055,-0.2749172421697524
2011-04-19,-1.0837715620495358,-0.1700552018480023,0.24321683979018047,-0.2143360962788267,-0.3005181977954478,-0.09470072214257456,-0.5363933782746708,-0.547378183774865
2011-04-20,-0.9947906010813348,-0.16694708440379727,0.22621657828531877,-0.20767344949771308,-0.5521197984674692,-0.094763385091683,-0.7952871391753438,-0.199503461905991
2011-04-21,-0.8696723747494575,-0.16379351229562333,0.21929759559227582,-0.20095916915817097,-0.7083189156670171,-0.09483801005990036,-0.9486120115884359,0.07893963683897842
2011-04-22,-0.6424417008954826,-0.16059546309036593,0.22198089297686144,-0.19419973864741644,-0.7360695100731252,-0.09492877864144073,-0.9638125974754868,0.3213708965800042
2011-04-23,-0.7207305407014702,-0.15735396989984748,0.2329355578651801,-0.1874030837618892,-0.636140798592742,-0.09504135371916968,-0.8430036481084682,0.12227310740699793
2011-04-24,-0.5465649633005235,-0.154069997952162,0.25017998950451237,-0.18057382168204572,-0.44037879206298064,-0.09517569406558106,-0.620018316258257,0.07345335295773348
2011-04-25,-0.2224595723458764,-0.1507446191773441,0.2712502078391977,-0.17371904471499672,-0.20107011294430024,-0.09533283719986332,-0.3496164061973067,0.1271568338514303
2011-04-26,-0.1718453727839564,-0.14737895972968804,0.2934510374987905,-0.16684640199541215,0.024443008300552887,-0.09551040546721198,-0.0918417213929688,-0.0800036513909876
2011-04-27,-0.3273048942015606,-0.1439740661659932,0.3142013447547017,-0.15995989264229082,0.1882167223208174,-0.09570300070906769,0.10278110755816737,-0.430086001759728
2011-04-28,0.148894933011588,-0.14053091632469858,0.3312590889529416,-0.15306029815105124,0.2609412685647042,-0.09590265548266713,0.20270648755922882,-0.05381155454764083
2011-04-29,0.3352109357253682,-0.13705067841979113,0.34282554765953915,-0.14615429655231654,0.23491252744429236,-0.09611031318097649,0.19842278695074736,0.13678814877462084
2011-04-30,0.110161318307084,-0.13353443115560068,0.34777048551554707,-0.13924473636017426,0.12475987241159953,-0.09632520687794302,0.10342598353342863,0.0067353347736553715
2011-05-01,-0.1553734405038897,-0.12998312181011737,0.34567817183613125,-0.1323289955996001,-0.035955905416113196,-0.0965399752813193,-0.04912982627101871,-0.106243614232871
2011-05-02,0.2727075450385205,-0.1263976925274138,0.3367996939151325,-0.12540328204863443,-0.20155666401626746,-0.09674690812582062,-0.21330485280300385,0.4860123978415244
2011-05-03,-0.2083824574808345,-0.12277930718494784,0.3218792984236006,-0.1184705387835313,-0.3242322174633956,-0.09694573178480477,-0.3405484967930789,0.1321660393122444
2011-05-04,-0.464317539132357,-0.11912885995951036,0.30220080804283045,-0.11152361154626823,-0.36363962050659676,-0.09712704770047109,-0.389218331670016,-0.075099207462341
2011-05-05,-0.7249937445920677,-0.11544732155888211,0.27926098690434514,-0.10455732620444438,-0.300098558166127,-0.0972837975367608,-0.33812601656186914,-0.38686772803019853
2011-05-06,-0.3651443526574138,-0.11173568459466789,0.2546099168844182,-0.09756683595629359,-0.14281027862324988,-0.0974132645028132,-0.19491614679260633,-0.17022820586480747
2011-05-07,-0.2400614268574756,-0.10799515091618861,0.2295474848423859,-0.09055406994017284,0.06875978693722451,-0.09752049039472155,0.002237560528527416,-0.24229898738600303
2011-05-08,0.6058196054392216,-0.10422687756994976,0.2050386951837931,-0.08351885748227554,0.2754239354575214,-0.09760880654824904,0.19510808904084015,0.4107115163983815
2011-05-09,0.4242485553835978,-0.10043227172254227,0.1814758787674491,-0.07646916458498611,0.4155330615332096,-0.09769060009029033,0.32241690390284,0.10183165148075779
2011-05-10,0.3714373141209384,-0.09661245672072115,0.15883432752154036,-0.06940289974380284,0.448430362764507,-0.09777192242513787,0.3434774113963855,0.0279599027245529
2011-05-11,0.3870424102604889,-0.09276860431914431,0.13649131670966502,-0.06231938995866339,0.3693455164868404,-0.0978590486236421,0.2528897902950556,0.13415261996543332
2011-05-12,0.1265129686464182,-0.08890190578920767,0.11329501129201065,-0.05521882256682465,0.21325819380959068,-0.09795903879249789,0.08447343795307112,0.04203953069334708
2011-05-13,-0.4015691312733495,-0.08501345633481595,0.08772283103177057,-0.04809862966795621,0.043937613942608124,-0.09807685507945658,-0.09952849610785006,-0.3020406351654994
2011-05-14,-0.0605251086763269,-0.08110424551792501,0.058006360226923376,-0.04095315873595246,-0.06920282867186879,-0.09821076549916191,-0.2314646381979848,0.1709395295216579
2011-05-15,-0.1569300325631283,-0.07717550411896627,0.022189888009700946,-0.03378572723798976,-0.07851678342530001,-0.09836352258206466,-0.26565164935461977,0.10872161679149148
2011-05-16,-0.5031836057618579,-0.07322830619636463,-0.021496509079951882,-0.02659476311982559,0.024961668838511995,-0.09852788172249922,-0.19488579128012934,-0.3082978144817286
2011-05-17,-0.33925972511598,-0.06926364459016678,-0.07441404374526148,-0.019376314643180837,0.2080705307140009,-0.09869193877328158,-0.05367541103788981,-0.2855843140780902
2011-05-18,-0.0391123545389742,-0.06528267700898237,-0.13736817949750338,-0.01213255910890678,0.4078817888439084,-0.09885174950230155,0.09424662372621434,-0.13335897826518855
2011-05-19,0.3682195322237294,-0.061286603355442344,-0.2104136413733756,-0.004867296752734451,0.5562539524120458,-0.09900488977456907,0.18068152115592434,0.18753801106780504
2011-05-20,0.79794158945276,-0.05727665567793804,-0.29274737728640393,0.002414479365964728,0.6045600100482239,-0.09915009963774292,0.15780035681210375,0.6401412326406561
2011-05-21,0.395732527348164,-0.05325407994518553,-0.3826383516955332,0.009707035865992107,0.5388415732770458,-0.09929131288743283,0.013364864614886382,0.3823676627332776
2011-05-22,-0.3397657923127574,-0.04921987620820253,-0.4773732562175919,0.01701269108334419,0.38069042378429524,-0.09943053044602027,-0.2283205480041753,-0.11144524430858208
2011-05-23,-0.7780072137035835,-0.045174931568914646,-0.5735460114245668,0.024337711178174813,0.17290324414867905,-0.09956079649063095,-0.5210407841572585,-0.256966429546325
2011-05-24,-1.3985743974890408,-0.041120227298034724,-0.6673248733447702,0.03168471857932793,-0.041135725693430124,-0.09967748912039678,-0.8175735968773039,-0.5810008006117369
2011-05-25,-1.711025635262463,-0.03705670865565927,-0.7546329926971862,0.039056769191038905,-0.23306425369058156,-0.09977914031632201,-1.0854763261687101,-0.625549309093753
2011-05-26,-1.292004955414853,-0.03298542767372981,-0.8315593759675569,0.04645266053516371,-0.3954932800413553,-0.0998655424299858,-1.3134509655774642,0.021446010162611273
2011-05-27,-0.849019779444298,-0.028907666817975082,-0.8947374699970847,0.05386280846690557,-0.535960718559593,-0.09993832488595433,-1.5056813717937017,0.6566615923494037
2011-05-28,-0.9645079895569826,-0.024824744117198115,-0.9414576931004641,0.06127532468417378,-0.6626149259571983,-0.10000532435224908,-1.667627362842936,0.7031193732859533
2011-05-29,-1.4634941453921495,-0.020737834457409336,-0.9698391415513712,0.06868248992028382,-0.7713435101268781,-0.10007186755595869,-1.7933098637713334,0.3298157183791839
2011-05-30,-2.000954079008914,-0.01664800265149718,-0.9790629599811106,0.07608004123448403,-0.8422340407978309,-0.10013361943954026,-1.861998581635495,-0.13895549737341928
2011-05-31,-2.3970395693334847,-0.012556314988397863,-0.969442458602333,0.08346281562985285,-0.8468184556699553,-0.10018603453505603,-1.8455404481658895,-0.5514991211675953
2011-06-01,-2.239218167241922,-0.008463887390889355,-0.9424251290258312,0.09082300086754137,-0.7618500699971662,-0.10022473747648486,-1.7221408230228301,-0.5170773442190917
2011-06-02,-1.8739429087044923,-0.004372001426351169,-0.9005291794491342,0.09814612302516182,-0.5826720023724014,-0.10024654962164478,-1.4896736098443697,-0.3842692988601226
2011-06-03,-1.074168646797501,-0.0002820006127887923,-0.8470359293345128,0.1054141833304511,-0.32811748570224847,-0.10025125725873232,-1.1702724895778314,0.09610384278033046
2011-06-04,-0.2956735933813159,0.0038046366239419204,-0.7857077383686046,0.11260328804666357,-0.035721152318520605,-0.10024452033535373,-0.8052654863518734,0.5095918929705576
2011-06-05,0.1559143638183712,0.007886435876626477,-0.7203889304815624,0.11968884896435333,0.251317409939168,-0.100231985116922,-0.44172822081833657,0.5976425846367077
2011-06-06,0.0737819880246931,0.01196202380483771,-0.654584486711972,0.12664893994232881,0.49764609780846514,-0.10021869008628922,-0.11854611524262956,0.19232810326732266
2011-06-07,-0.0774541042723388,0.01603019445126652,-0.5911055840600004,0.13346686497901783,0.68293786289858,-0.10020687286900967,0.14112246539985437,-0.2185765696721932
2011-06-08,0.0171494877083991,0.02008977314539061,-0.5319031440358689,0.14012701409175798,0.7991291427063656,-0.10019552846449675,0.32724725744314853,-0.31009776973474945
2011-06-09,0.0069086638470966,0.02413952835717867,-0.47790737007491746,0.14661150765508824,0.8413572615742029,-0.10018708916695765,0.4340138383445947,-0.42710517449749813
2011-06-10,0.2895281944205594,0.02817829041765153,-0.4289275932363531,0.15290434545108175,0.8000519510421249,-0.10018219835183573,0.45202479532266937,-0.16249660090211
2011-06-11,0.4635058609016937,0.03220482127332283,-0.3837563891233111,0.15898724165582476,0.6594943845862675,-0.10018314775858644,0.36674691063351755,0.09675895026817616
2011-06-12,0.5903838312131775,0.036217930219250516,-0.3402503001611997,0.16484357268896244,0.40753007086952187,-0.10019350369235454,0.16814776992418057,0.42223606128899693
2011-06-13,-0.0166279558736934,0.04021645441557269,-0.2955815613842308,0.17045774663692148,0.051495456441092755,-0.1002192980380811,-0.13363120192872496,0.11700324605503157
2011-06-14,-0.3552723276078482,0.04419947242237493,-0.24653450901696414,0.17582319297970117,-0.36704281646374004,-0.10025451535330063,-0.4938091754319287,0.1385368478240805
2011-06-15,-0.8735188822370922,0.048165985152046654,-0.18996296535703308,0.18093105377167756,-0.7713398773776783,-0.10029617971521818,-0.8325019835262053,-0.04101689871088687
2011-06-16,-1.1391344811125022,0.05211505645223726,-0.1231097521036153,0.18577482720557142,-1.0639528435224936,-0.10033940476034157,-1.0495121167286419,-0.08962236438386029
2011-06-17,-1.3451722395772925,0.05604568081209188,-0.04401595694961741,0.19034588774876784,-1.1567330048156468,-0.10037807459545714,-1.0547354677998617,-0.29043677177743077
2011-06-18,-0.8336423299713294,0.05995683394050197,0.04826534171117475,0.19463515094783612,-1.004137614765464,-0.10040446058838176,-0.8016847487543328,-0.031957581216996545
2011-06-19,-0.4692762437112284,0.0638472565767331,0.15350149408034858,0.19862522193188686,-0.627235955398406,-0.10042316366911108,-0.3116851464785486,-0.15759109723267978
2011-06-20,0.3886196440960253,0.06771571884619909,0.270334338266704,0.20230011995167813,-0.11396169347975046,-0.10043731536867705,0.32595116821615366,0.06266847587987162
2011-06-21,1.1573873057850814,0.07156081790959427,0.39632826599929716,0.20563846126882296,0.4040536996624114,-0.10045757255560382,0.977123672284522,0.1802636335005594
2011-06-22,1.8623786561852544,0.07538116390739918,0.528261949424713,0.20861993587727595,0.7938558089992632,-0.10049776371717332,1.5056210944914783,0.35675756169377615
2011-06-23,1.965153842402457,0.07917539648649395,0.6623763513112308,0.21122606075463873,0.9651417568196685,-0.10057104760166555,1.8173485177703665,0.1478053246320905
2011-06-24,1.7836779741055295,0.08294236180949728,0.7947349200479393,0.2134463302121265,0.8998683022131491,-0.1006830237904084,1.8903088904923038,-0.10663091638677424
2011-06-25,1.3834317728811718,0.08668102523303971,0.9215138614396631,0.21527463495979227,0.6542678601589286,-0.10083928918683939,1.776898092604584,-0.3934663197234123
2011-06-26,1.351358613403545,0.09039047365392062,1.0392169868523538,0.21670932856143318,0.33387059570378674,-0.10104062002585579,1.5791467647456385,-0.22778815134209363
2011-06-27,1.2677973491920536,0.09406973991500321,1.1447935425253117,0.21774705428832125,0.05110919397578754,-0.10128731594312812,1.4064322147612955,-0.13863486556924198
2011-06-28,1.4314740939890531,0.09771791553364255,1.2358483047447133,0.2183864305003116,-0.1156214886037116,-0.10157972292626896,1.3347514392486868,0.09672265474036634
2011-06-29,1.746369498006464,0.10133404738293243,1.3106559674767804,0.21862481451364768,-0.14710435773466504,-0.101921056404027,1.3815894152346686,0.3647800827717953
2011-06-30,1.8396321315066724,0.1049171598080517,1.3681330316912839,0.21845958674647603,-0.08265893328055955,-0.10231330224323569,1.5065375427220162,0.33309458878465614
2011-07-01,1.6622448209263732,0.10846635266624853,1.407826339324677,0.21789169183193177,0.0038802075567765486,-0.1027570367832971,1.635307554596337,0.026937266330036236
2011-07-02,1.5911742132684203,0.11198081077350257,1.4297867346239337,0.21692638861395308,0.039266416857959535,-0.10325045885542541,1.6947098920139232,-0.10353567874550285
2011-07-03,1.365168561079963,0.11545969072397143,1.4343571254383953,0.21556947283893735,-0.018441202139188064,-0.10379173988814923,1.643153346973967,-0.2779847858940039
2011-07-04,1.28347451569142,0.11890220301690153,1.4220435564064535,0.21382985152928505,-0.1645230701817072,-0.10437678692933065,1.4858757538416023,-0.2024012381501823
2011-07-05,1.1859065407897478,0.12230751700521811,1.3933362052105782,0.21171609252256474,-0.35316984562137615,-0.10500287170584177,1.2691870974111432,-0.08328055662139544
2011-07-06,1.083562512286853,0.12567480252463914,1.3486211134716248,0.20923776438443703,-0.5180122978417441,-0.10566686366216022,1.0598545188767965,0.023707993410056583
2011-07-07,0.971380953124934,0.12900322291965163,1.2881387201710257,0.20640493453890016,-0.597765516139802,-0.10636639740990915,0.9194149640798661,0.051965989045067884
2011-07-08,1.1081736564541338,0.1322919350022635,1.212008367073311,0.20322800986327144,-0.5558495236481693,-0.10710094145485745,0.8845778468358193,0.2235958096183145
2011-07-09,1.1491950210632131,0.13554001919949188,1.1202584784945422,0.19971545070532143,-0.38798964704882044,-0.10787188011210117,0.9596524212384338,0.1895425998247794
2011-07-10,1.25671949301191,0.13874659319863006,1.013001208253457,0.19587757508285653,-0.11729235806040328,-0.1086797006447026,1.1216533178298376,0.13506617518207253
2011-07-11,1.3414508562815624,0.1419107767461649,0.890565230458733,0.19172526045608135,0.21616511594395804,-0.10952493547363223,1.330841448131305,0.01060940815025746
2011-07-12,1.3717797276742651,0.1450317250252733,0.7536760738229502,0.18727088739166528,0.5651289582666392,-0.11040866047170463,1.5406989840348233,-0.16891925636055816
2011-07-13,1.4219148197384182,0.14810865237631077,0.6035790398324882,0.1825293495452084,0.8800176496578963,-0.11132840626744261,1.702906285144461,-0.2809914654060428
2011-07-14,1.4525162834613092,0.15114080697563279,0.4421518845096969,0.17751707110765086,1.1097869188353477,-0.11228153448222464,1.7683151469461038,-0.3157988634847946
2011-07-15,1.582652702572594,0.15412748152970954,0.27195514125838827,0.17225242119005768,1.2039530820247728,-0.11326516789298785,1.6890229581099405,-0.10637025553734647
2011-07-16,1.658826239566238,0.15706797475848847,0.09618535065373755,0.16675461147658968,1.1204100253857763,-0.11427638946287158,1.4261415728117204,0.2326846667545177
2011-07-17,1.2946399641896542,0.15996163783881812,-0.08141512406507892,0.16104547924457333,0.8404922343878637,-0.11530917185819538,0.9647750555479808,0.3298649086416734
2011-07-18,0.7582422292100616,0.1628079804411634,-0.2566542690609145,0.15515287786207502,0.3862405277877039,-0.11635414690718897,0.3311929701228388,0.42704925908722274
2011-07-19,-0.2803952003734808,0.16560658478531035,-0.42513925308225464,0.14910755825588667,-0.17045999172644732,-0.11740140930865747,-0.3982865110761624,0.1178913107026816
2011-07-20,-1.3457243522539757,0.16835720464871437,-0.582467501491462,0.1429461168055772,-0.7144195618621553,-0.11843908906945473,-1.1040228309687803,-0.2417015212851954
2011-07-21,-2.0439764843012065,0.17105962415440185,-0.7245354772985027,0.1367057485478952,-1.1142032295506559,-0.11945687976176181,-1.6504302139086235,-0.39354627039258294
2011-07-22,-2.2029173802837247,0.17371353242640752,-0.8478107218270969,0.13041970556194007,-1.2628250149449745,-0.12044870663754922,-1.926951205421273,-0.2759661748624518
2011-07-23,-2.1218606824446375,0.17631846326459066,-0.9495072801777102,0.1241149346583083,-1.1179109088705323,-0.12141515777538842,-1.888399948900732,-0.23346073354390562
2011-07-24,-1.4217116667528882,0.17887387893455256,-1.0276459210668714,0.11781500318391357,-0.7242081868311772,-0.12235903889898303,-1.5775242646785654,0.15581259792567725
2011-07-25,-0.6986148426076968,0.18137904004605274,-1.0811274183222002,0.11153605214087162,-0.20755364073708626,-0.12328649483418726,-1.1190524617065494,0.4204376190988526
2011-07-26,-0.3942526718182118,0.18383317727710607,-1.1095979790812265,0.10529284425929897,0.26298169455569137,-0.12420172759508884,-0.6816919905842189,0.28743931876600715
2011-07-27,-0.3121497270514424,0.186235628767651,-1.1132746162034108,0.09910333082924226,0.5319459458585707,-0.12510540880624604,-0.42109511955419293,0.10894539250275054
2011-07-28,-0.5375191969854186,0.18858578715413762,-1.0928568861032357,0.09298682521487278,0.5121723857283274,-0.12599683696729572,-0.42510872497319363,-0.11241047201222498
2011-07-29,-0.9660707212636764,0.19088314618597085,-1.049434883325713,0.08696552722611768,0.21676063786391397,-0.12687097603247083,-0.6816965480821813,-0.28437417318149516
2011-07-30,-1.3170147090299855,0.1931272915724003,-0.9844396780659593,0.08106378545349857,-0.24558693652257488,-0.12771993159178874,-1.0835554691544242,-0.23345923987556128
2011-07-31,-1.5200727750053291,0.1953178190527243,-0.8996504439624102,0.075304867852076,-0.7110033357145376,-0.12853840968811664,-1.468569502460264,-0.05150327254506504
2011-08-01,-1.627425609935286,0.19745430353197557,-0.7972420947144354,0.06971003084359996,-1.0208511291999305,-0.12932337474708264,-1.680252264285873,0.05282665435058709
2011-08-02,-1.4906648549308106,0.19953630792096042,-0.6798517163402498,0.06429903146585851,-1.0784063924973208,-0.13007114642674436,-1.624493915877496,0.13382906094668545
2011-08-03,-1.086152920857273,0.2015633202651634,-0.5506351470756434,0.05908770922695712,-0.8798778483482673,-0.13078269134044335,-1.3006446572722334,0.21449173641496033
2011-08-04,-0.6475589478748724,0.20353473627451152,-0.4133220048944218,0.05408752998146894,-0.5078077959603682,-0.13146267238831488,-0.7949702069871244,0.14741125911225195
2011-08-05,-0.3369619389184102,0.20544992089407285,-0.27219053200498045,0.04930791746058931,-0.09087817135609827,-0.13211672875364766,-0.24042759376006423,-0.09653434515834597
2011-08-06,-0.0217590005635165,0.2073082642067526,-0.1319796852601823,0.044758008170622796,0.2514932379549844,-0.13275051467718285,0.23882931039499466,-0.26058831095851115
2011-08-07,0.3520077144326792,0.20910915862288748,0.002227507404106696,0.04044563789685848,0.4555694830241092,-0.13336992660635108,0.5739818603416109,-0.22197414590893172
2011-08-08,0.7914796484490039,0.21085197864968117,0.12523292832707203,0.03637650034757639,0.5317393784956979,-0.1339851155808498,0.7702156702391776,0.021263978209826284
2011-08-09,1.1128963624364652,0.21253609415504404,0.2319671524263919,0.032554856693521275,0.5484604328896939,-0.13460565218551124,0.8909128839791398,0.22198347845732536
2011-08-10,1.313004024739035,0.21416093471434913,0.317822692048065,0.02898580167527283,0.5906948212629973,-0.1352373564193218,1.0164268932813625,0.2965771314576726
2011-08-11,1.3487231815939078,0.21572598718802766,0.3789885789871906,0.02567522393887603,0.712459732906429,-0.13588308449107847,1.1969664385294447,0.15175674306446307
2011-08-12,1.372325506211255,0.21723080087951407,0.41277074474385,0.022630148866783453,0.9058479504323755,-0.13654360406191726,1.4219360408606059,-0.049610534649350946
2011-08-13,1.2840009009682745,0.21867495937927564,0.41778691808644053,0.019858017180928597,1.1004934102775965,-0.13721318306395147,1.6196001218602896,-0.3355992208920151
2011-08-14,1.178497526873703,0.2200581070061975,0.3942008739574088,0.017366968086435605,1.1939779769886545,-0.13788661844129532,1.6877173075974012,-0.5092197807236982
2011-08-15,1.33415514748682,0.22137993759392507,0.34376868982733066,0.015165269423941738,1.0987958644671174,-0.13855876493094402,1.5405509963813708,-0.20639584889455076
2011-08-16,1.605587757652539,0.22264011995887312,0.2697443554380143,0.013258579431858944,0.7844931186219166,-0.13922628496079303,1.15090988848987,0.45467786916266895
2011-08-17,1.0550923675487924,0.22383833907640363,0.17673166819736402,0.011651201743819867,0.29662316573001624,-0.13988754841223125,0.5689568263353725,0.48613554121341995
2011-08-18,0.3169686752333318,0.22497456197371843,0.0705406498656548,0.010355313933866517,-0.25544474391319916,-0.1405370363621002,-0.09011125450205959,0.40707992973539137
2011-08-19,-0.6571977427766166,0.22604882902120668,-0.0422961361563633,0.00938441611697921,-0.7386272031340276,-0.1411668043939719,-0.686656898546177,0.029459155769560375
2011-08-20,-1.497488999791995,0.22706124660303634,-0.15495064393656496,0.00875321700110726,-1.0441998537744595,-0.14176648630801497,-1.1051025204148959,-0.39238647937709903
2011-08-21,-1.9143276348885496,0.2280118645386891,-0.26079187868997916,0.00847352754683739,-1.1244726586533915,-0.14232643679128654,-1.2911055820491306,-0.623222052839419
2011-08-22,-1.558894962210918,0.22890058550672931,-0.353835132397769,0.008551044167040472,-1.0030331315601326,-0.1428405869773386,-1.2622572212614704,-0.2966377409494476
2011-08-23,-1.032155317093732,0.22972706780302082,-0.4291359450606455,0.008981654284018398,-0.7565294132656375,-0.14330915986513273,-1.0902657961043765,0.05811047901064437
2011-08-24,-0.422106904996456,0.23049091574737288,-0.4829521269672252,0.009757669373471556,-0.47737444177865335,-0.14373452529563113,-0.8638125089206653,0.4417056039242093
2011-08-25,-0.2324155514072454,0.23119171012794415,-0.5128634366832271,0.010868985002760984,-0.23681170203109553,-0.14412079037760628,-0.6517352339612237,0.4193196825539783
2011-08-26,-0.316547484541564,0.23182915992210204,-0.5177330734997432,0.012308467461946221,-0.06359832338852849,-0.14446956122578183,-0.4816633307300052,0.16511584618844122
2011-08-27,-0.4032273245950082,0.232403060416357,-0.4976681499828379,0.01407076740505045,0.0531787039492774,-0.14478007361762668,-0.34279569182977976,-0.06043163276522845
2011-08-28,-0.4111457829201347,0.23291321281772634,-0.45391556850817194,0.01614977641051807,0.14234866737153762,-0.14505126557320186,-0.20755517748159177,-0.20359060543854293
2011-08-29,-0.3167682552778831,0.23335939991476268,-0.388681442569844,0.018537979799807258,0.22376943670617366,-0.14528228567745696,-0.05829691182655736,-0.2584713434513257
2011-08-30,-0.0716904137237619,0.23374138325725352,-0.3049120195322112,0.021226241323257983,0.2911923977733967,-0.1454730628724875,0.09577493994920952,-0.16746535367297144
2011-08-31,0.2085730258510436,0.2340588934824409,-0.20606392179056995,0.024203407335825877,0.3137791033708405,-0.1456259285760748,0.22035155382246255,-0.011778527971418956
2011-09-01,0.3333615626624207,0.2343116668874488,-0.09586884017813133,0.027457698440350287,0.25509295774233,-0.1457452658951393,0.2752482169968585,0.0581133456655622
2011-09-02,0.3032111176937639,0.23449950407366135,0.021860321877658587,0.030979081722216473,0.09870925248455772,-0.14583395797067294,0.24021420218742123,0.06299691550634268
2011-09-03,0.3420993086294321,0.23462226887903134,0.1433621825207164,0.034759226614417243,-0.134183998467762,-0.14589369240889963,0.1326659871375034,0.2094333214919287
2011-09-04,0.2128188578594744,0.234679813685444,0.2649777700162855,0.038789007387470376,-0.3855169312506655,-0.14592743078012618,0.00700222905840811,0.2058166288010663
2011-09-05,-0.1139010314028241,0.23467205012526066,0.3831954031175905,0.0430608874924239,-0.5795321480180681,-0.14593524300905938,-0.06453905029185239,-0.0493619811109717
2011-09-06,-0.1632937478701993,0.23459895851526727,0.4946491256792756,0.047568910754111696,-0.6523155975849162,-0.14591375878421928,-0.021412361420480835,-0.14188138644971846
2011-09-07,0.0725539423437115,0.23446042812350906,0.5960749011014304,0.05230278852708943,-0.5777280879796762,-0.14586543678844038,0.1592445929839123,-0.0866906506402008
2011-09-08,0.3456320658861515,0.2342562550168339,0.6842848212376603,0.057248118572242324,-0.37616318186227843,-0.14579503505125654,0.4538309779132016,-0.10819891202705012
2011-09-09,0.7289800331849395,0.23398622010376727,0.7562321268922421,0.062389261650479894,-0.10236529225874766,-0.14570699927053732,0.8045353171172043,-0.07555528393226474
2011-09-10,1.2138227594756874,0.23365007541678598,0.8090726889005774,0.06770907831656674,0.18061255857873193,-0.1456057390392887,1.1454386621733734,0.06838409730231398
2011-09-11,1.5454106013368152,0.23324755198413274,0.8402747977784866,0.07318936127705035,0.42824645816631624,-0.14549653607946142,1.4294616331265249,0.11594896821029033
2011-09-12,1.7033207250330922,0.23277845553285637,0.8477612423231646,0.07881422062436025,0.6286880384237953,-0.14538125599706925,1.6426607009071073,0.060660024125984924
2011-09-13,1.7539846312627043,0.23224267247319852,0.8300592609612649,0.08457014105682843,0.7968452323678163,-0.14526138656102633,1.7984559202980819,-0.04447128903537756
2011-09-14,1.9136548076017577,0.23164014892984858,0.7864110751705656,0.09044506021442639,0.9524355137368318,-0.14513970113535188,1.9157920969163205,-0.002137289314562807
2011-09-15,2.0012892387241137,0.23097082620146495,0.7168297961327376,0.0964262470026013,1.0946378563283048,-0.14502070130507172,1.9938440243600366,0.00744521436407708
2011-09-16,2.075572410245698,0.23023469756066925,0.6221709350101994,0.10250244870908674,1.1889544310390827,-0.14490671741982436,1.9989557948992138,0.07661661534648423
2011-09-17,1.9537099925407684,0.22943178635071176,0.5041428453028275,0.1086634405614229,1.1749098970482834,-0.14479743020321345,1.8723505390600317,0.0813594534807367
2011-09-18,1.3477966965170658,0.22856220844880815,0.365309620287693,0.114902103827175,0.9936281816962768,-0.14468879872988755,1.5577133155300653,-0.20991661901299952
2011-09-19,0.9405233662407748,0.22762626072694586,0.2090557886699499,0.12121755291426196,0.6228004735459074,-0.14457131581703064,1.0361287600400346,-0.09560539379925981
2011-09-20,0.4019013910271919,0.22662421047346615,0.03937224488580458,0.1276079448381024,0.10039268583990286,-0.14443651637133448,0.3495605696659415,0.0523408213612504
2011-09-21,-0.4944963414851985,0.22555637896209094,-0.13924218737649746,0.13407312875911903,-0.4745835281310803,-0.14427828331291556,-0.39847449109928335,-0.09602185038591515
2011-09-22,-1.050137772215617,0.22442319417401888,-0.3219310738726921,0.14061616513660835,-0.9689420417093872,-0.14409352028641328,-1.0699272765578653,0.019789504342248243
2011-09-23,-1.1671312693486458,0.2232249670904612,-0.5037867285040002,0.1472357745737094,-1.2612832161069158,-0.14388546001744698,-1.5384946629641925,0.3713633936155467
2011-09-24,-1.5753530883916411,0.22196186796304468,-0.6800836855961667,0.15392562401663665,-1.2866459071000749,-0.14365765802373207,-1.7344997587402924,0.15914667034865126
2011-09-25,-1.8264963145955784,0.22063413813052865,-0.8462909559558255,0.16068087342929688,-1.060467421975489,-0.1434134471991365,-1.6688568135706254,-0.15763950102495294
2011-09-26,-1.7236370747163308,0.21924196697698292,-0.9982644004930373,0.1674938312231391,-0.6732605798655298,-0.14315618898342253,-1.4279453711418677,-0.29569170357446306
2011-09-27,-1.4995933608635486,0.21778545640857908,-1.1323761503723009,0.17435275928216243,-0.2567382708576399,-0.14288538176260132,-1.1398615873018005,-0.359731773561748
2011-09-28,-0.8415901940124554,0.2162646966217318,-1.24549296732485,0.1812440624276936,0.06425436947490505,-0.14259902940993904,-0.9263288682104586,0.08473867419800318
2011-09-29,-0.5925796807647428,0.21467966242269548,-1.335014587684539,0.18814870684425414,0.21288077975446962,-0.14230123483520304,-0.8616066734983229,0.2690269927335801
2011-09-30,-0.6717176290399943,0.21303047645990972,-1.3988253727231688,0.19505184698654876,0.18023668607139495,-0.14198955243817432,-0.9524959156434896,0.28077828660349524
2011-10-01,-0.9259496648743388,0.21131737969332978,-1.4353227190489413,0.20194191417835072,0.016210835401738687,-0.14165807913679948,-1.1475106689123213,0.2215610040379825
2011-10-02,-1.2736708960820562,0.20954067871306023,-1.4434725712386622,0.20880887390622593,-0.2003291636202893,-0.14130133980709123,-1.3667535220467566,0.0930826259647004
2011-10-03,-2.1130727703048144,0.2077007313496146,-1.4228990384557891,0.21564374048636886,-0.3960143962086033,-0.14091323294554928,-1.5364821957739583,-0.5765905745308562
2011-10-04,-1.952922184075536,0.2057980642997044,-1.3739035290617647,0.22244249154152118,-0.5257132983661951,-0.14048453409568393,-1.6118608056824182,-0.3410613783931178
2011-10-05,-1.674058249160761,0.20383291316672106,-1.2977244993980694,0.22919025390184186,-0.5778491492220124,-0.14001714522862752,-1.5825676267801465,-0.09149062238061445
2011-10-06,-1.2935517192795314,0.20180548818534544,-1.1964842540144685,0.2358705575210286,-0.5600091641716226,-0.13951458470614334,-1.4583319571858604,0.164780237906329
2011-10-07,-1.000397128508433,0.19971597502873334,-1.0731779368189962,0.2424652223691834,-0.4801646574590276,-0.1389841398957676,-1.2501455367758747,0.2497484082674417
2011-10-08,-0.4741681733738121,0.19756458660773016,-0.9316156427461396,0.2489563773036291,-0.335749053703882,-0.13843406001525244,-0.9592777925539149,0.48510961918010276
2011-10-09,-0.3977303181669672,0.19535148362482904,-0.7763765913441429,0.2553236347734722,-0.11876113713764232,-0.1378737186136495,-0.5823363286971335,0.1846060105301663
2011-10-10,-0.2568386386543402,0.19307699197923292,-0.6125596848276438,0.2615514706045404,0.16776711571495936,-0.13730688545283584,-0.12747099198174694,-0.12936764667259326
2011-10-11,-0.0962860141971633,0.1907414434401199,-0.44562670922872116,0.2676236635913288,0.49108956948471894,-0.13673803092172776,0.3670899363657186,-0.46337595056288194
2011-10-12,0.3885085134986203,0.18834518749911205,-0.2811530046870448,0.27352382369668343,0.7839316615644898,-0.13617055917717175,0.8284771088960687,-0.4399685953974484
2011-10-13,0.9410211661024116,0.18588849588902906,-0.12457269304905047,0.2792322301308024,0.9605081652245077,-0.1356103974710781,1.1654458007242106,-0.22442463462179896
2011-10-14,1.372209329433831,0.1833716344393728,0.01916513617535856,0.2847285823894125,0.9508104968633548,-0.1350652621571623,1.3030105877103364,0.0691987417234945
2011-10-15,1.6769263245686252,0.18079492651072726,0.14589228178871766,0.28999439238719465,0.7376090774346784,-0.13454155045395202,1.219749127667366,0.45717719690125924
2011-10-16,1.665700267328693,0.17815875339036025,0.25248241288035317,0.29501287542835114,0.37673907873960655,-0.13404716772483835,0.9683459527138328,0.6973543146148601
2011-10-17,0.9381375737736312,0.1754636277224717,0.3370103576871733,0.2997717660087882,-0.012806135500801272,-0.13358416732012376,0.6658554485975081,0.27228212517612305
2011-10-18,0.2176520519385993,0.17271030711153496,0.3989019362323322,0.30426691623586277,-0.28959874892028903,-0.13314778623310736,0.45313262442633356,-0.23548057248773427
2011-10-19,-0.1795151322243105,0.16989957086743918,0.4388430324772684,0.3084942367539021,-0.34806284973870516,-0.13273404136115433,0.43643994899875027,-0.6159550812230608
2011-10-20,0.0313372569572506,0.16703211647142455,0.45865704816954017,0.31244588595294054,-0.16790379829524835,-0.13234346974533878,0.637887782553318,-0.6065505255960674
2011-10-21,0.7778914464772061,0.1641084760199278,0.461078762361795,0.31610764207736336,0.16841329209233297,-0.13197914189108403,0.977729030660335,-0.1998375841831289
2011-10-22,1.6333081061071288,0.16112902244473915,0.4495778092324321,0.3194591046838282,0.5014658448306643,-0.13164988771503286,1.2999818934766307,0.3333262126304981
2011-10-23,2.1956068716735984,0.1580941102249112,0.4281570809719124,0.32247870468342055,0.656386848688357,-0.13136443846304846,1.4337523061055526,0.7618545655680458
2011-10-24,1.63687969650205,0.15500421519401228,0.4011260274387392,0.3251486071624576,0.5156545025629254,-0.13112662811342976,1.2658067242447046,0.37107297225734537
2011-10-25,0.6841261001326993,0.15186017356813222,0.3729489426248893,0.32746277682646124,0.07322607089410815,-0.13093424339631965,0.7945637205172713,-0.11043762038457205
2011-10-26,-0.3080823886430496,0.14866295959980982,0.34781466819507095,0.32941977437914194,-0.5557144213041034,-0.13078116353712782,0.1394018173327915,-0.4474842059758411
2011-10-27,-0.816387117394121,0.14541357248593104,0.3293163734780128,0.33101869711845855,-1.1730880581807444,-0.1306614303385964,-0.4980008454369384,-0.31838627195718255
2011-10-28,-1.1921024740319082,0.14211287879870765,0.3201390685125522,0.3322537446478737,-1.5703450363434497,-0.13057163665857613,-0.9064109810428922,-0.28569149298901597
2011-10-29,-0.6256301731462296,0.13876169454996978,0.3219530007232764,0.33311705607324105,-1.6050004440639418,-0.13051022335241216,-0.9416789160698668,0.31604874292363716
2011-10-30,-0.1950450201901312,0.13536055692692406,0.335213824205703,0.3335909822636201,-1.252834931093338,-0.13047989853696207,-0.579149466234053,0.38410444604392174
2011-10-31,0.2939812630013121,0.1319100663875462,0.3593775928165384,0.333659149049105,-0.6126832927024889,-0.1304837377290751,0.08177977782162568,0.21220148517968643
2011-11-01,0.7360400413019376,0.1284108410227603,0.39298058836908506,0.3333048977124885,0.1330535357472629,-0.13052634906953942,0.8572235137820573,-0.12118347248011974
2011-11-02,1.114947778578852,0.12486353799209822,0.4338494828051896,0.3325120473520162,0.7858856910816113,-0.13061704785849748,1.5464937113724178,-0.4315459327935658
2011-11-03,1.6546141202918332,0.12126886986705938,0.47930519571344693,0.33126581117070475,1.1982532671835893,-0.1307658677853371,1.9993272761494634,-0.3447131558576302
2011-11-04,2.221321410450388,0.11762754272935806,0.5263595508705303,0.3295511279739355,1.3142029344983301,-0.13098114973432298,2.156760006337831,0.06456140411255706
2011-11-05,2.601241993635702,0.11394029095018535,0.5719849624972957,0.32735421590831026,1.1717073943024567,-0.13126712124778858,2.05371974241046,0.5475222512252422
2011-11-06,2.1129699560500956,0.11020793773725891,0.6134095198136461,0.32466469890319133,0.8707893612947696,-0.1316237889114602,1.7874477288374055,0.3255222272126901
2011-11-07,1.634677574843958,0.1064316084306286,0.648420056551422,0.3214829668299882,0.5259261208510708,-0.13204016113265443,1.4702205915304551,0.16445698331350278
2011-11-08,0.9488015822581054,0.10261245831674842,0.675430771241358,0.3178106337781601,0.22282883521250255,-0.13250532068158033,1.1861773778671887,-0.23737579560908328
2011-11-09,0.3857248826850505,0.09875172240705173,0.6936272628387723,0.3136522026574055,-0.0008189424381358166,-0.13301008609358256,0.9722021593715113,-0.5864772766864608
2011-11-10,0.3378536165151397,0.09485061377153321,0.7029443894027575,0.3090117342584535,-0.14882482454850693,-0.13354851219849118,0.8244334006857463,-0.48657978417060666
2011-11-11,0.8545495772234766,0.09091021197777872,0.7039684884021311,0.30388911419240083,-0.2428203333722937,-0.13411930146466283,0.7218281797353541,0.1327213974881225
2011-11-12,1.1861699835968382,0.0869314454529885,0.6978312636110254,0.29827965476611373,-0.2971474807823025,-0.13472543980161755,0.6511694432462076,0.5350005403506306
2011-11-13,1.0587302831172811,0.08291531587522963,0.6861684132928694,0.29218190221230944,-0.3062265440708359,-0.13536836617983494,0.6196707211297378,0.43905956198754337
2011-11-14,0.8905683887874031,0.07886298372834945,0.6709877101628123,0.28560020728616176,-0.2514476377274053,-0.13604840475083085,0.6479548586990873,0.24261353008831577
2011-11-15,0.525873623584876,0.07477564681765804,0.6543825191754565,0.27854066029096675,-0.12204980725672007,-0.1367662749405315,0.7488827440868298,-0.22300912050195376
2011-11-16,0.3360460664443137,0.07065458201334589,0.6383173844671851,0.2710127366150118,0.06486790375350782,-0.13752048951933393,0.9073321173297167,-0.5712860508854031
2011-11-17,0.7310086457652121,0.06650102600789971,0.6243706687949224,0.26302518801007313,0.25739952050896686,-0.13831110364483887,1.0729852996770233,-0.3419766539118112
2011-11-18,1.4357222685718818,0.06231605830938145,0.6135030062686884,0.2545820200237219,0.3818011185006098,-0.1391418481761291,1.1730603549262726,0.2626619136456092
2011-11-19,1.290876451509979,0.05810069143751821,0.6059819784312002,0.24568586087638997,0.3718086476966183,-0.14001631980221063,1.141560858639516,0.14931559287046303
2011-11-20,1.0374672458985,0.05385622815442354,0.6014834066156143,0.23635031121784536,0.2012393536819168,-0.14092658163121252,0.9520027180385874,0.08546452785991254
2011-11-21,0.9398131518529182,0.049584033632806904,0.5990482499210946,0.22659164783022825,-0.09886415329344095,-0.14186451795717786,0.634495260133511,0.30531789171940726
2011-11-22,0.3434414821371166,0.045285454483882374,0.597153879356218,0.21642573546681942,-0.44556011313520094,-0.1428266630791889,0.2704782930925299,0.07296318904458671
2011-11-23,-0.4192228127409512,0.0409619995939497,0.5939264073828467,0.20587453902238212,-0.7306615486350597,-0.14380627225692125,-0.03370487489280241,-0.3855179378481488
2011-11-24,-0.3341086864832595,0.03661523180261736,0.5872726695554209,0.19496235001703222,-0.8601367019090739,-0.14479428085711465,-0.18608073139111803,-0.14802795509214145
2011-11-25,-0.1578069594266236,0.03224645420406485,0.5750022207496859,0.18370462334483448,-0.7896121668350997,-0.1457918721915236,-0.14445074072803812,-0.01335621869858547
2011-11-26,0.01386823714477,0.02785692494362744,0.5551532712689171,0.17211581290158115,-0.5388456192694504,-0.14680233623764477,0.06947805360703058,-0.055609816462260576
2011-11-27,0.4598903865314442,0.023447885492746883,0.5262213394218631,0.1602106904994101,-0.18237735726083062,-0.14782822686496833,0.37967433128822115,0.08021605524322306
2011-11-28,1.1344213861077972,0.01902049757294189,0.4873286507343386,0.14800174207194372,0.17895185939354544,-0.14887574452442234,0.6844270052483473,0.44999438085944987
2011-11-29,1.0187439082006209,0.014575870607835589,0.43831423824424487,0.13550046621042233,0.4537590527412874,-0.14994933837070565,0.8922002894330846,0.12654361876753628
2011-11-30,0.642044916767382,0.010115356760691708,0.37992341745198555,0.12272745537195559,0.5892296145823804,-0.1510464777429863,0.9509493664240269,-0.308904449656645
2011-12-01,0.76908786759804,0.005640416704747308,0.3136953496524364,0.1097072353132756,0.5807163278984121,-0.15216224649845278,0.8575970830704186,-0.08850921547237856
2011-12-02,0.4586838742287341,0.0011524056646085906,0.24172462575993195,0.09646049049921952,0.4621731712408519,-0.15329533019381864,0.6482153629707932,-0.1895314887420591
2011-12-03,0.0180309182607018,-0.003347156043667576,0.16656601161807405,0.083013506034991,0.2866745640144768,-0.15443926269762195,0.3784676629262522,-0.3604367446655504
2011-12-04,0.0915877280746521,-0.00785669238991682,0.09096982092167565,0.06939438495798832,0.10435130002936374,-0.15558888085995004,0.10126993265916084,-0.009682204584508747
2011-12-05,0.5835080121748516,-0.012374756926580405,0.017516343610911582,0.05562675663652375,-0.051860089724490264,-0.1567428420911115,-0.14783458849474684,0.7313426006695984
2011-12-06,0.0592290090903502,-0.016900019455266636,-0.05160969975662722,0.04173029698700247,-0.1676494330345938,-0.15790457936838184,-0.35233343462786704,0.41156244371821726
2011-12-07,-0.6450790325096792,-0.02143085054186083,-0.11464062904389946,0.02773538182232213,-0.23829218781703232,-0.15906951190601074,-0.5056977974864812,-0.139381235023198
2011-12-08,-0.936418566877821,-0.025965572486695235,-0.17047775923961164,0.013674563847721762,-0.26052670319350646,-0.16023080358839834,-0.6035262746604899,-0.3328922922173311
2011-12-09,-0.7836714471440958,-0.030502634993998214,-0.2188041291200722,-0.0004240307586018191,-0.2290770176201331,-0.16138717159628924,-0.6401949840890946,-0.14347646305500117
2011-12-10,-0.9218978665922872,-0.035040622149873094,-0.2600606002763031,-0.014537092009430189,-0.13988982921905066,-0.16254228262755396,-0.6120704262822111,-0.30982744031007614
2011-12-11,-0.7802066075892249,-0.039578032559123184,-0.295253485972588,-0.02863841832467752,0.0026519418580250864,-0.16369621923337388,-0.5245142142317375,-0.2556923933574874
2011-12-12,-0.253501640410555,-0.044113451167537676,-0.3258530413387932,-0.04270498307579822,0.17801861585265918,-0.16485048462541407,-0.399503344354884,0.146001703944329
2011-12-13,0.2594880060707888,-0.04864556792438218,-0.35358696185821215,-0.05671781636684349,0.349206202444578,-0.166008311115196,-0.27575245482005584,0.5352404608908446
2011-12-14,0.1170154355002228,-0.05317306371806289,-0.38013887031309684,-0.07065814422470605,0.4719719056894197,-0.16717347000125543,-0.19917164256770153,0.31618707806792434
2011-12-15,-0.2374637820925062,-0.05769442739292705,-0.40686821651986144,-0.0845007165612448,0.5102469231846014,-0.16834256782511267,-0.20715900511454463,-0.03030477697796158
2011-12-16,-0.3663058503747024,-0.062208083401473276,-0.43469629596177417,-0.09821831793767286,0.4494586032661081,-0.16950771915376056,-0.31517181318857274,-0.05113403718612969
2011-12-17,-0.7097310630368068,-0.06671252047487666,-0.4640187772438644,-0.1117864942492558,0.3023019811691087,-0.1706625353316116,-0.5108783461304998,-0.19885271690630701
2011-12-18,-1.2300127599064397,-0.07120617504931774,-0.4945798796517819,-0.12517942579646493,0.10466428281125868,-0.17180022765424444,-0.7581014253405503,-0.4719113345658894
2011-12-19,-1.2227343320537123,-0.07568743422166167,-0.5255026448440763,-0.1383698735300019,-0.09805240896489734,-0.17291146351058417,-1.0105238250712214,-0.2122105069824909
2011-12-20,-0.95606653200543,-0.0801548317627247,-0.5554381724153263,-0.15133638075784892,-0.26814287948413823,-0.17399283324669876,-1.229065097666737,0.272998565661307
2011-12-21,-1.1496982672072384,-0.08460697078215576,-0.5826775588307564,-0.16406044723154944,-0.3867701604103854,-0.17504414275775929,-1.3931592800126065,0.24346101280536803
2011-12-22,-1.2648781071687456,-0.08904232220129073,-0.6052518611487108,-0.17651936093697873,-0.4547816224420267,-0.1760626712627808,-1.5016578379917878,0.23677973082304216
2011-12-23,-1.444176823391245,-0.09345939299432326,-0.6212063781029566,-0.1886922616515842,-0.48535855138758216,-0.17704989912327462,-1.5657664832597211,0.12158965986847603
2011-12-24,-1.639364781433707,-0.09785668997225125,-0.6288096625405816,-0.20055888826191498,-0.4912389115327766,-0.17800844648150524,-1.5964725987890298,-0.04289218264467709
2011-12-25,-1.8803261568755756,-0.10223275281567634,-0.6267528208478619,-0.2121003964006606,-0.4747851965231343,-0.17894064190549955,-1.5948118084928327,-0.2855143483827429
2011-12-26,-1.7533689372521162,-0.10658615291538165,-0.6142437118956482,-0.22329962270746012,-0.42635472474132824,-0.17985139206264536,-1.5503356043224636,-0.20303333292965253
2011-12-27,-1.436233970418511,-0.11091559740148059,-0.5911388404163184,-0.23414472838595318,-0.3325547651158527,-0.18074668425023335,-1.4495006155698382,0.01326664515132725
2011-12-28,-1.257197398120122,-0.11521986990310276,-0.5579034020802508,-0.24462722877719553,-0.18885788235636927,-0.1816313224862326,-1.288239705603151,0.03104230748302883
2011-12-29,-0.9700022249849978,-0.11949773030538102,-0.5154939289519063,-0.25473857756851437,-0.009627283702527425,-0.1825061296925114,-1.0818636502208405,0.11186142523584275
2011-12-30,-0.7320751169281577,-0.12374798345558635,-0.4652567580132621,-0.2644728694159292,0.17031502738176377,-0.18337254680019732,-0.8665351303032112,0.13446001337505342
2011-12-31,-0.7210896845875063,-0.12796942266843048,-0.4087568510697142,-0.27382510611826816,0.3060703716150473,-0.18423203101620192,-0.6887130392575674,-0.03237664532993889
2012-01-01,-0.6242956108582782,-0.13216077076024832,-0.3476063951013428,-0.282789208330815,0.3608578780095264,-0.18508495177900453,-0.5867834479618842,-0.03751216289639403
2012-01-02,-0.5503725590950153,-0.13632077018950478,-0.28339652383424635,-0.2913608106601924,0.323168872450308,-0.1859311876203868,-0.5738404198540223,0.023467860759007086
2012-01-03,-0.6886083120207063,-0.14044815984814513,-0.21755560630016915,-0.2995365828234634,0.21498494658803777,-0.18677429293933004,-0.6293296953230699,-0.059278616697636344
2012-01-04,-0.6504616390573688,-0.14454160818222317,-0.1512948125304761,-0.3073116610585424,0.08557904268033388,-0.18761656996298032,-0.7051856090538882,0.054723969996519406
2012-01-05,-0.7656356909241384,-0.14859983812699704,-0.08567598845721497,-0.31468369245084327,-0.008338795995415836,-0.18846141651170434,-0.7457597315421755,-0.01987595938196296
2012-01-06,-0.8438456730899522,-0.1526215391896654,-0.021632090242880157,-0.32164967998448546,-0.02660504376969786,-0.18931025043909985,-0.7118186036258287,-0.13202706946412346
2012-01-07,-0.6445030902061767,-0.15660542329676494,0.039932423825637046,-0.3282081004765211,0.035831967252111525,-0.1901646597734235,-0.599213792468961,-0.045289297737215684
2012-01-08,-0.251463846426836,-0.16055027523947638,0.0979829354364422,-0.3343606086990293,0.14526604988432693,-0.1910224588581761,-0.44268435747591267,0.19122051104907667
2012-01-09,-0.2765421810064382,-0.16445495362273035,0.15134045342549,-0.34011251324180947,0.24339382183804664,-0.19188614477061788,-0.30171933637162107,0.02517715536518289
2012-01-10,-0.3290776872373127,-0.16831819478054877,0.19868561199126375,-0.3454656764456828,0.27404446839151825,-0.19275298834283222,-0.2338067791862818,-0.09527090805103089
2012-01-11,-0.1913343197885728,-0.17213872961254897,0.23851900870802986,-0.3504223538367247,0.2092795065322336,-0.19361917820767252,-0.2683817464166828,0.07704742662810998
2012-01-12,-0.4106946492341219,-0.17591536537794292,0.26919539512329504,-0.3549877543008265,0.06420645028547585,-0.1944842435070083,-0.39198551777700685,-0.018709131457115058
2012-01-13,-0.5946178613753441,-0.1796468348220357,0.2890786512552923,-0.3591643647704114,-0.10612948133438463,-0.1953452535120602,-0.5512072831835997,-0.04341057819174443
2012-01-14,-0.6875048889560107,-0.18333190931444726,0.29662915794680095,-0.36295572570960544,-0.22891883860211637,-0.19619951474299466,-0.6747768304223628,-0.01272805853364789
2012-01-15,-0.6638640376627483,-0.18696941570648815,0.29059163581387176,-0.3663673655597012,-0.24440639475467751,-0.19704877148828115,-0.7042003116952762,0.04033627403252793
2012-01-16,-0.6799129603316038,-0.19055822962532487,0.2701506557182885,-0.3694065197828148,-0.1324628109967461,-0.1978963448629207,-0.620173249549518,-0.05973971078208573
2012-01-17,-0.3141886560054671,-0.19409720793984156,0.2351167980361159,-0.37208008071335946,0.07679401153116895,-0.19874494778877716,-0.4530114268746933,0.13882277086922623
2012-01-18,-0.3847030792904269,-0.1975853098675262,0.18603478512898666,-0.37439913578402023,0.3123059326838717,-0.1996041428578069,-0.2732478706964949,-0.11145520859393199
2012-01-19,-0.2908656931727957,-0.20102133663080488,0.12431904258195645,-0.3763696752303024,0.4894016712241008,-0.2004764263734928,-0.16414672442854286,-0.12671896874425284
2012-01-20,-0.1122609801918908,-0.2044041212149325,0.05216593810071566,-0.3779988355914645,0.540914690654518,-0.2013612053362142,-0.1906835333873776,0.07842255319548679
2012-01-21,-0.1735806412378437,-0.20773251865119535,-0.027497353728985173,-0.3792946288431098,0.4414026233806761,-0.20225653945509645,-0.3753784172977107,0.201797776059867
2012-01-22,-0.8119646609542158,-0.21100532495652755,-0.11111481797298237,-0.3802629449900017,0.2145239456701432,-0.20315719986270098,-0.6910163421120694,-0.12094831884214641
2012-01-23,-1.0286863210503638,-0.21422118538106072,-0.1946744448025204,-0.38090414544668494,-0.07858405731833733,-0.20405128019817945,-1.0724351131467829,0.04374879209641902
2012-01-24,-1.4209718690210686,-0.21737890689424957,-0.27407778711983477,-0.3812237172130384,-0.3651438512360689,-0.20493163625312838,-1.44275589871632,0.021784029695251395
2012-01-25,-1.7758715984547846,-0.2204772779903581,-0.3453381296503153,-0.3812260760803333,-0.5860442324304376,-0.2057912684375717,-1.738876984589016,-0.03699461386576863
2012-01-26,-2.1054656843518647,-0.22351513749252447,-0.40487004186791725,-0.3809169697625965,-0.7125476428755944,-0.20662730366831633,-1.928477095666949,-0.17698858868491563
2012-01-27,-2.039927682119308,-0.22649136099653172,-0.4497645607279386,-0.380302869239816,-0.7475791635739661,-0.20743716858544645,-2.011575123123699,-0.02835255899560929
2012-01-28,-1.9987856705070344,-0.2294049709151522,-0.47803614205005623,-0.3793949705093256,-0.7140904038668121,-0.20822251753755455,-2.0091490048789007,0.010363334371866317
2012-01-29,-1.8082853050875756,-0.23225501155865177,-0.48870535679360505,-0.3782048439272796,-0.6369407710144109,-0.20898461173804617,-1.9450905950319934,0.13680528994441787
2012-01-30,-1.5935803490173075,-0.23504060602725446,-0.4818763214023116,-0.37674610872964287,-0.5295493741627003,-0.20972458245462014,-1.8329369927765296,0.23935664375922205
2012-01-31,-1.6153104618910623,-0.2377609149114969,-0.4586884972867003,-0.37503284924771524,-0.3908745008940144,-0.21044122178626426,-1.6727979841261913,0.057487522235128985
2012-02-01,-1.5706771619793105,-0.24041506243901187,-0.42115595423976654,-0.37307691765927686,-0.21335895835063523,-0.21113001228219536,-1.4591369049708858,-0.11154025700842474
2012-02-02,-1.4110263807679997,-0.24300223270506766,-0.3720298893467214,-0.37089072223642483,0.0030825437551957567,-0.21178437553542254,-1.1946246760684407,-0.216401704699559
2012-02-03,-1.152636054056706,-0.24552168222328263,-0.31453775811702983,-0.3684878525883166,0.2406235399046904,-0.21240037147372132,-0.9003241244976601,-0.2523119295590459
2012-02-04,-0.8245709140323274,-0.2479727198267332,-0.2521241151138885,-0.36588231291326456,0.46328757179329677,-0.21297506731367893,-0.6156666433742684,-0.20890427065805905
2012-02-05,-0.0126370204772027,-0.2503547014716535,-0.1881614408484411,-0.3630883500026786,0.6281189732908947,-0.21350910247690022,-0.3869946215087787,0.374357601031576
2012-02-06,0.035559212864807,-0.25266715131204853,-0.12573572676179862,-0.36012460009797176,0.7022363007970759,-0.21401223150111431,-0.2503034088758574,0.2858626217406644
2012-02-07,-0.0371770426908693,-0.2549093726296002,-0.067295565998267,-0.3570005637346395,0.6791505575839802,-0.21448956912834904,-0.21454451390687546,0.17736747121600616
2012-02-08,-0.1351436526190413,-0.2570806451143474,-0.014603485944581822,-0.3537232522035403,0.5818657767628205,-0.2149461710374805,-0.2584877775371296,0.1233441249180883
2012-02-09,-0.4675643801032656,-0.25918025018150886,0.03131514319665211,-0.3502983087251183,0.45260724332661195,-0.2153877599454065,-0.3409439323287696,-0.126620447774496
2012-02-10,-0.984185606260803,-0.2612074113667478,0.07017750323979627,-0.3467280120363172,0.3331275298914157,-0.2158177842945857,-0.42044817456643874,-0.5637374316943642
2012-02-11,-0.7492301703851302,-0.26316130438037383,0.10233990545048156,-0.34301198947287737,0.24454614459889895,-0.21623622557142846,-0.4755234693752992,-0.27370670100983097
2012-02-12,-0.4891153828074434,-0.2650413358110294,0.12855724366208168,-0.3391573703032342,0.17658001398658163,-0.2166495025399469,-0.5157109510055471,0.026595568198103714
2012-02-13,-0.2848322037328932,-0.2668469175182472,0.14988843393769785,-0.3351709088108135,0.095211717998765,-0.21706011066965578,-0.5739777850622536,0.2891455813293604
2012-02-14,-0.3668294092418752,-0.2685774666235448,0.16755796156002925,-0.3310588763592388,-0.0360196075339337,-0.21747024767974307,-0.6855682366364311,0.3187388273945559
2012-02-15,-0.5151644739099556,-0.270232328158519,0.1827971065331374,-0.32682421817170443,-0.22996015041712506,-0.2178769344132099,-0.8620965246274209,0.34693205071746536
2012-02-16,-1.034116844001988,-0.27181084518555454,0.19667053502875256,-0.32246879911073584,-0.45891316621448314,-0.21827466249805738,-1.0747969379800784,0.04068009397809047
2012-02-17,-1.4713983371253574,-0.2733122829344738,0.2100006713285959,-0.3179906397956557,-0.6560623101213735,-0.21865526018542164,-1.2560198217083287,-0.21537851541702868
2012-02-18,-1.7963106833748972,-0.27473596970311037,0.22320998977388895,-0.31338883382891114,-0.7388564816740743,-0.21901239221358304,-1.32278368764579,-0.4735269957291073
2012-02-19,-1.4261171321759782,-0.2760812954231463,0.23626249947799227,-0.30866378818790685,-0.6450329044938986,-0.21934112351638915,-1.2128566121433486,-0.21326052003262963
2012-02-20,-1.0919680178488247,-0.277347890086944,0.2486158383151364,-0.3038237579052163,-0.36711716298600144,-0.21964649275861117,-0.9193194654216365,-0.17264855242718824
2012-02-21,-0.2955949415882787,-0.27853539914870046,0.2593461217837526,-0.29887691028303376,0.032843415185183175,-0.2199340178036436,-0.505156790266442,0.2095618486781633
2012-02-22,0.3771219118069522,-0.2796436178699779,0.2671751359021389,-0.293835888973644,0.4349098484714857,-0.22021221427505974,-0.09160673674505695,0.46872864855200913
2012-02-23,0.5256212472551447,-0.28067231233978307,0.27069583442936523,-0.2887114405636981,0.7001341795580324,-0.22048844841681361,0.18095781266710284,0.34466343458804183
2012-02-24,0.2041420089688552,-0.28162109967938376,0.2685694062801084,-0.283507989651892,0.7219983232176951,-0.22076489739094493,0.20467374277558278,-0.0005317338067275801
2012-02-25,-0.2170388802821033,-0.2824894772386843,0.2596579010068233,-0.27822433827784987,0.4702573149651811,-0.22104012688106509,-0.05183872642559487,-0.16520015385650844
2012-02-26,-0.7953859470965968,-0.2832769326971566,0.24306700598571596,-0.2728571756013205,0.009138947394075286,-0.2213090369849522,-0.525237191903638,-0.2701487551929588
2012-02-27,-1.5689668915825823,-0.2839829589056694,0.21827814873791784,-0.26740185295506474,-0.5182958563907567,-0.22156898311299295,-1.072971502626566,-0.49599538895601625
2012-02-28,-1.589202447509837,-0.2846070427114843,0.18516805617613075,-0.2618518612261993,-0.9359068820975303,-0.2218138442130972,-1.5190115740721803,-0.07019087343765662
2012-02-29,-1.4266442120359255,-0.28514895945518304,0.1439218586603456,-0.2562091507193303,-1.0953402934576764,-0.2220428248498677,-1.7148193698217118,0.2881751577857863
2012-03-01,-1.1104882361517447,-0.2856086008649825,0.09514908492963943,-0.25047869566493636,-0.9271364860519455,-0.22225785354845526,-1.59033255120068,0.4798443150489353
2012-03-02,-1.0361051981825635,-0.2859859660355303,0.03992006575630852,-0.24466852600305045,-0.4654281359659983,-0.22246562373033354,-1.178628185978604,0.14252298779604056
2012-03-03,-0.651795803061559,-0.2862810144727319,-0.020228467429924405,-0.238784532028767,0.16357558943580905,-0.22266700980046178,-0.6043854342960759,-0.0474103687654831
2012-03-04,-0.2515174104947284,-0.28649381775722155,-0.0833562832660155,-0.2328362557182676,0.7831622677552552,-0.22286598815631783,-0.042390077142567234,-0.2091273333521612
2012-03-05,0.112389728933905,-0.28662447493077164,-0.14712057457269886,-0.2268340783665564,1.224039947563098,-0.2230700026277289,0.34039081706534235,-0.22800108813143735
2012-03-06,0.1974102078239234,-0.28667308612088965,-0.20892442340312345,-0.22078752801884244,1.376661188799232,-0.22328089454837974,0.43699525670799666,-0.23958504888407325
2012-03-07,0.306462275977639,-0.28663968250870014,-0.2660073319811977,-0.21470287336013313,1.220754029738954,-0.22349468194094715,0.22990945994797593,0.07655281602966305
2012-03-08,0.075628131821213,-0.286524326609482,-0.3156263014097363,-0.20858656788918717,0.8231433802262785,-0.22370768378584258,-0.21130149946796958,0.2869296312891826
2012-03-09,-0.5810162201942304,-0.28632701389462784,-0.35519371009993017,-0.2024415754397322,0.3089086839933951,-0.2239137447755074,-0.7589673602164024,0.17795114002217205
2012-03-10,-1.2801374205073988,-0.2860476278488916,-0.3824672821499653,-0.19626593801992567,-0.18232679249867756,-0.22410138285252643,-1.2712090233699864,-0.008928397137412336
2012-03-11,-1.6642068738157865,-0.2856860395122301,-0.3957838164142491,-0.19005663585672505,-0.5387484022139907,-0.2242572205623736,-1.6345321145595684,-0.029674759256218097
2012-03-12,-1.8960843091382913,-0.28524222355491446,-0.39427303978821293,-0.18381374141328458,-0.7031949292083829,-0.22437004360805288,-1.7908939775728479,-0.10519033156544344
2012-03-13,-1.8635435355190892,-0.28471622781769734,-0.37791310005437534,-0.17753994431765596,-0.6779763194927647,-0.22443702331841825,-1.7425826150009116,-0.12096092051817764
2012-03-14,-1.6897280350584387,-0.28410820203958687,-0.34763940912540314,-0.1712414361971902,-0.5112581168449202,-0.22446075829516926,-1.5387079225022695,-0.1510201125561692
2012-03-15,-1.2646753664536576,-0.2834183708497034,-0.305357453314081,-0.16492654083557873,-0.27331960996986077,-0.22444409419117595,-1.2514660691603998,-0.013209297293257816
2012-03-16,-0.7258641791820497,-0.28264707951433493,-0.2538512643156373,-0.15860718991234596,-0.033590936283029456,-0.22439320542361604,-0.9530896754489637,0.22722549626691402
2012-03-17,-0.5200255531946046,-0.28179474779041785,-0.19659560476837634,-0.15229706960478473,0.1546965636530447,-0.22431448565076065,-0.7003053441612949,0.18027979096669022
2012-03-18,-0.4455780550929181,-0.2808617178591673,-0.13749824954738732,-0.14600601715036507,0.2601772090680741,-0.22420384296009066,-0.5283926184489363,0.08281456335601817
2012-03-19,-0.5937199703081822,-0.2798483315400313,-0.08057425369756138,-0.13974309746591204,0.270923039590317,-0.22405756544709923,-0.45330020856028697,-0.14041976174789528
2012-03-20,-0.5764307616189657,-0.2787549041798437,-0.029604855554830216,-0.13351560755996,0.1901589211902955,-0.2238732183852252,-0.47558966448956363,-0.10084109712940204
2012-03-21,-0.8325413870302203,-0.27758183919491014,0.012100157209231611,-0.12733277312524477,0.03334281114892194,-0.22365100526237428,-0.5831226492243756,-0.24941873780584467
2012-03-22,-0.7386647703303671,-0.27632950319082705,0.04204326423416067,-0.12120170195640519,-0.17110274548417165,-0.22339391805217412,-0.7499846044494173,0.011319834119050132
2012-03-23,-0.7628690982406018,-0.27499840779303986,0.05863263530445459,-0.11513327934522118,-0.38209038908192233,-0.22310868660056274,-0.9366981275162916,0.17382902927568977
2012-03-24,-0.8604255628039645,-0.27358906724886456,0.061350069774942936,-0.10913717024786777,-0.5487337468710253,-0.2227994959066552,-1.0929094104994699,0.23248384769550534
2012-03-25,-1.1925544227518718,-0.27210199828641773,0.05076076678806517,-0.10322222759890189,-0.6201988061388055,-0.2224668484997592,-1.167229113735819,-0.02532530901605279
2012-03-26,-1.2060306635744171,-0.2705376768808501,0.02848831963882488,-0.09739545395452795,-0.5606970052555362,-0.22210926461169447,-1.122251081063784,-0.08377958251063311
2012-03-27,-1.177549103837655,-0.2688967025460874,-0.003035154066767208,-0.0916674134787184,-0.3655807277114706,-0.22172393343200356,-0.9509039312350471,-0.22664517260260797
2012-03-28,-0.6071841016711305,-0.2671797237630824,-0.040728303910063955,-0.08605001553419386,-0.0697295896289292,-0.2213089135985498,-0.6849965464348191,0.07781244476368865
2012-03-29,-0.2005784635124901,-0.2653875801753907,-0.08117799555953831,-0.08056174955435405,0.2557339081573494,-0.22086963199923015,-0.39226304913116383,0.19168458561867374
2012-03-30,-0.1796250527937591,-0.26352108165244065,-0.12085809283046528,-0.07521964276611325,0.5220003049241575,-0.22040910159103805,-0.15800761391589974,-0.021617438877859357
2012-03-31,-0.2507796721456934,-0.2615809306831193,-0.15639991768717376,-0.07003639783069199,0.6498554502101263,-0.2199250297946783,-0.05808682578553706,-0.19269284636015635
2012-04-01,-0.0685598249680523,-0.25956781797304296,-0.18485873402685554,-0.06502409740897988,0.5965209751613555,-0.21942009322524514,-0.13234976747276805,0.06378994250471576
2012-04-02,-0.5580234543210384,-0.2574825180195484,-0.20403319004178866,-0.06019694945424191,0.3724961765569056,-0.21889922026248204,-0.3681157012211554,-0.189907753099883
2012-04-03,-0.5867361481465257,-0.2553256095183295,-0.21256964105900564,-0.055560883513521564,0.04261475801371316,-0.21835429239803708,-0.6991956684751807,0.11245952032865492
2012-04-04,-0.7023881113697743,-0.2530978345272485,-0.21016791164760867,-0.05112607763925345,-0.2937371187891028,-0.21777977149794928,-1.0259087141011627,0.3235206027313884
2012-04-05,-1.0613268092829768,-0.2507999444017721,-0.1975007679565533,-0.04690157915249102,-0.5330509094807654,-0.21716945738881774,-1.2454226583803996,0.18409584909742271
2012-04-06,-1.5600548031054045,-0.24843264988276031,-0.17610532062890083,-0.04289339453920987,-0.6005419165449376,-0.21651286401549757,-1.2844861456113064,-0.2755686574940981
2012-04-07,-1.2582789738782747,-0.24599665384104735,-0.14817725976940047,-0.039106065709892474,-0.47386702813927134,-0.21580031971909464,-1.1229473271787063,-0.13533164669956843
2012-04-08,-1.0986632730404722,-0.24349294036700503,-0.11641232551186861,-0.03555282599628762,-0.1902186396704547,-0.2150339444410463,-0.8007106759866622,-0.29795259705380994
2012-04-09,-0.6031521289365537,-0.24092248693344234,-0.08356796536294804,-0.032245730083014956,0.16797091467977635,-0.21421909022943306,-0.40298435792906206,-0.2001677710074916
2012-04-10,0.2071188218884648,-0.23828640017335062,-0.05217495512772735,-0.02920054978360062,0.4994462777652711,-0.21336947496372666,-0.03358510228313416,0.24070392417159897
2012-04-11,0.8965490062484927,-0.23558588114788084,-0.02426156630690853,-0.026435220768376233,0.7149796949565161,-0.21249897860781283,0.2161980481255377,0.680350958122955
2012-04-12,0.3557988338099572,-0.23282209105374999,-0.0010214362409420308,-0.023965052437062068,0.7620256118428237,-0.21161856455102532,0.29259846756004426,0.06320036624991293
2012-04-13,0.0102569769773781,-0.2299958035735799,0.01748248231946927,-0.021790439583369098,0.6361825070120014,-0.21072314969607667,0.19115559647844502,-0.18089861950106692
2012-04-14,-0.2554422267341976,-0.22710784894439873,0.03220791247538137,-0.01991220758834575,0.3742586915255242,-0.20980848624606935,-0.05036193877790823,-0.20508028795628935
2012-04-15,-0.6874774398217692,-0.22415908874174895,0.04504989238262977,-0.018330577915231017,0.03815083432791835,-0.208869362986808,-0.3681583029332398,-0.3193191368885294
2012-04-16,-1.0177090162141698,-0.2211503649408436,0.058672296176679545,-0.01704337601153086,-0.30453130859232685,-0.2078997110997949,-0.6919524644678167,-0.3257565517463531
2012-04-17,-0.717656575109423,-0.21808260142984887,0.07616626990071593,-0.016049549635705762,-0.5966748826975445,-0.20689638370509322,-0.9615371475674764,0.2438805724580534
2012-04-18,-0.7070533930101048,-0.21495697000565514,0.10064029797878504,-0.015355480799993354,-0.800261408279086,-0.2058681539423003,-1.1358017150482498,0.42874832203814495
2012-04-19,-0.970042198328844,-0.211774587332244,0.13491511757482239,-0.014964643031867564,-0.8954857161855379,-0.2048219742534745,-1.1921318032283015,0.2220896048994575
2012-04-20,-1.1542482064586836,-0.20853651119249672,0.1811334128552993,-0.014877400455054451,-0.8767810563210785,-0.20376055623260464,-1.122822111345935,-0.03142609511274874
2012-04-21,-1.1517373682422352,-0.20524384481613936,0.2404149605989839,-0.015094981596352697,-0.7494278861778246,-0.20268858055281405,-0.9320403325441469,-0.2196970356980883
2012-04-22,-0.7755379666789436,-0.20189775853560726,0.31259177131943433,-0.015620218235117916,-0.528558633344273,-0.20161105707210228,-0.6350958958676661,-0.14044207081127746
2012-04-23,-0.3597382722357546,-0.19849955676773273,0.39605982434354303,-0.016459411215686087,-0.2405485349045092,-0.20053393797390967,-0.25998161651829466,-0.09975665571745995
2012-04-24,0.2001510055735828,-0.19505058570385853,0.4878356318497429,-0.01761876113763941,0.07672060565104173,-0.19945974404996145,0.1524271466093252,0.047723858964257626
2012-04-25,0.6170159270732287,-0.19155226101679063,0.5837332150103848,-0.019105535064153134,0.37689926663762985,-0.1983913429370926,0.5515833426299782,0.06543258444325051
2012-04-26,0.9516722399077584,-0.1880059776552972,0.6787267790857211,-0.02092519577972604,0.6139394405166254,-0.1973334595913709,0.8864015865759522,0.06527065333180615
2012-04-27,1.0800903540143798,-0.18441312196472742,0.76733311996838,-0.0230816457256606,0.7540029836089424,-0.19629249090809478,1.1175488449788396,-0.037458490964459745
2012-04-28,1.141761569149658,-0.18077501121944958,0.8440363238563212,-0.025574940494501264,0.7865491599246687,-0.1952690882660012,1.228966443801038,-0.08720487465137983
2012-04-29,1.2813644395023698,-0.17709293845852406,0.9037616830550043,-0.028403352889723482,0.7286552265227743,-0.19426491440474836,1.2326557038247827,0.048708735677587045
2012-04-30,1.3332895699269238,-0.17336821922350976,0.9422887070195256,-0.03156518096059896,0.6195049928718005,-0.19328587083377283,1.1635744288734446,0.16971514105347918
2012-05-01,1.1878810111391822,-0.16960213593595158,0.9565974803941912,-0.03505665306986597,0.5060743409487899,-0.1923368295268573,1.0656762028103064,0.12220480832887581
2012-05-02,0.9016249602228824,-0.16579589134116995,0.9451144741560339,-0.03887040576419715,0.42460098778000543,-0.19141745779918204,0.9736317070314902,-0.07200674680860775
2012-05-03,0.8747043138845677,-0.1619506403599922,0.9078840398474883,-0.04299716552965144,0.38530142721622423,-0.1905310798255749,0.897706581348494,-0.023002267463926307
2012-05-04,0.5491253674738465,-0.1580676037285258,0.8464637000617876,-0.047429129534007755,0.36724869379546343,-0.18968131883294886,0.8185343417617685,-0.269408974287922
2012-05-05,0.4533926734064049,-0.15414790702595157,0.7638450468030613,-0.052153942170965875,0.3279006454816619,-0.18886446530409334,0.6965793777837124,-0.2431867043773075
2012-05-06,0.5375159018798882,-0.15019275247088626,0.6641688261561223,-0.057160554475254935,0.22218563084028017,-0.1880774083190442,0.4909237417312171,0.04659216014867107
2012-05-07,0.4652390529013687,-0.14620340545739513,0.5524175435295777,-0.06243869089118677,0.025375998168702067,-0.18731851765389898,0.18183292769579892,0.28340612520556974
2012-05-08,-0.0779673004845538,-0.14218108984872035,0.43404758064783183,-0.06797477003592876,-0.2503021922243235,-0.1865797369508164,-0.21299020841195718,0.13502290792740337
2012-05-09,-0.3728470081608812,-0.13812692329218787,0.3146823314572266,-0.07375001178493232,-0.5534212754047708,-0.18585261846119536,-0.6364684974858598,0.2636214893249786
2012-05-10,-0.944800731959554,-0.1340421355543543,0.1996178137961523,-0.07974792549159483,-0.8085452788246055,-0.18513265083962893,-1.0078501769140313,0.06304944495447729
2012-05-11,-1.5167961431100223,-0.129927892507025,0.09351753884256578,-0.08594837837296103,-0.941415777141397,-0.18440911065267432,-1.2481836198314917,-0.2686125232785306
2012-05-12,-1.5588137600672882,-0.1257853986998546,0.0001556540582698107,-0.09233162732763403,-0.9067273196952964,-0.18367406396300953,-1.3083627556275248,-0.2504510044397634
2012-05-13,-1.4564093743202635,-0.12161605703948622,-0.07781653051641267,-0.09888389042768529,-0.7068979099972187,-0.18292714283300504,-1.188141530813808,-0.2682678435064556
2012-05-14,-0.9866243549100118,-0.11742132932814038,-0.1389019099234772,-0.10559258172635351,-0.39303587668549583,-0.18216839039324365,-0.9371200880567105,-0.049504266853301226
2012-05-15,-0.2778720191041752,-0.11320279460192925,-0.18272597992061776,-0.11244878919006092,-0.04903075088678141,-0.1814038705977888,-0.6388121851971782,0.360940166093003
2012-05-16,-0.2660022346710644,-0.10896211272465717,-0.2099168136379596,-0.11944568916094497,0.23630784753397258,-0.18064383527720512,-0.3826606032667943,0.11665836859572992
2012-05-17,-0.1915397514536309,-0.10470072458756952,-0.22185479980306244,-0.12656780866133924,0.39903653964588176,-0.1798885435417486,-0.233975336947838,0.04243558549420712
2012-05-18,-0.0046094099595648,-0.10042007748162672,-0.22054180895194542,-0.13379929184710354,0.41818252065582967,-0.1791395965323039,-0.21571825415714993,0.21110884419758513
2012-05-19,-0.2356608437036682,-0.09612163178177975,-0.20842106405835087,-0.14112417675476902,0.31864785825844966,-0.17839827768206679,-0.30541729201851675,0.06975644831484856
2012-05-20,-0.9466869663359524,-0.09180671294905939,-0.1881405665605184,-0.1485209102955934,0.15878991742566204,-0.17765879832054624,-0.44733707070005535,-0.49934989563589705
2012-05-21,-0.6434404063666255,-0.08747652035887975,-0.1623470990127751,-0.15596312855436706,0.007335400509606841,-0.17691508544742557,-0.5753664328638406,-0.06807397350278488
2012-05-22,-0.548281609765291,-0.08313257926537566,-0.1337572398799266,-0.16343544338062446,-0.0822395179353664,-0.1761730200251306,-0.6387378004864237,0.09045619072113276
2012-05-23,-0.7339966323817634,-0.07877636347853866,-0.10492413191223957,-0.17092023807968407,-0.08621238128459857,-0.17543392715550465,-0.6162670419105656,-0.1177295904711978
2012-05-24,-0.6065876623142578,-0.07440928212876662,-0.07810311850127999,-0.17839747195793687,-0.014005352956089501,-0.17469837206452654,-0.5196135976085996,-0.08697406470565816
2012-05-25,0.0125227263524217,-0.07003284211689832,-0.0552631332882494,-0.18585040932824887,0.09945472234790907,-0.17396929765965424,-0.3856609600451418,0.39818368639756346
2012-05-26,-0.0460675335938964,-0.06564868930601761,-0.03806217158654675,-0.1932668603338381,0.20901045701412038,-0.17325034552275537,-0.2612176097350375,0.2151500761411411
2012-05-27,-0.3085132387139634,-0.06125826699929403,-0.027627337488969478,-0.20062733449840212,0.2767450640494792,-0.17253839351772127,-0.18530626845490772,-0.12320697025905569
2012-05-28,-0.2349120364688697,-0.0568629728682881,-0.02456320418817591,-0.20791050974703545,0.282658691968425,-0.17183184433833182,-0.17850983917340624,-0.056402197295463474
2012-05-29,-0.3966126665910982,-0.05246432235028944,-0.029039709441197804,-0.21509860964924246,0.2279230906894087,-0.17113180488523808,-0.23981135563655906,-0.1568013109545391
2012-05-30,-0.5484749067182008,-0.048063781168413436,-0.04071637747627932,-0.22217178404246785,0.13261100863809805,-0.17043819356516152,-0.348779127614224,-0.19969577910397673
2012-05-31,-0.4488936390534221,-0.043662825597353724,-0.05880032280521839,-0.22911034795764523,0.028000080674172725,-0.1697503153686517,-0.4733237310546964,0.024430092001274273
2012-06-01,-0.5640253002008075,-0.03926299740069959,-0.08211424884899773,-0.23589707600645382,-0.05294870995588127,-0.1690687499988036,-0.579291782210836,0.015266482010028448
2012-06-02,-0.4364327664115701,-0.034865752646003646,-0.1091128688833703,-0.2425120759286334,-0.08414103991440086,-0.1683894317678067,-0.6390211691402149,0.2025884027286448
2012-06-03,-0.349765328823272,-0.030472600226355992,-0.1380388780785841,-0.24893755063159154,-0.05463625399679062,-0.16770803831339093,-0.6397933212467131,0.29002799242344107
2012-06-04,-0.6596270727322928,-0.02608502369987618,-0.16700021667895634,-0.2551551283192044,0.02638948810161546,-0.16701989433254258,-0.588870774928964,-0.07075629780332882
2012-06-05,-0.8217482198331181,-0.021704379449057235,-0.19407366305100027,-0.2611424111569014,0.12879649329446938,-0.16631821067587965,-0.5144421710383691,-0.307306048794749
2012-06-06,-0.389923115523808,-0.01733206829359499,-0.21754676276597043,-0.2668787425222269,0.20550691205270785,-0.16559939637106943,-0.4618500579001539,0.07192694237634589
2012-06-07,-0.7364479006395711,-0.012969667025181762,-0.2361473368784458,-0.27234968713670515,0.20376936231038334,-0.16486626976168567,-0.48256359849163505,-0.25388430214793606
2012-06-08,-0.6805634366731894,-0.008618502534649455,-0.24903110012932417,-0.27753222845685743,0.08433398617462856,-0.1641124621995556,-0.6149603071457581,-0.0656031295274313
2012-06-09,-0.4940560061010625,-0.004280010174680676,-0.25600775233050277,-0.2824075212756657,-0.1612063659660189,-0.16333758606753845,-0.8672392358144065,0.37318322971334406
2012-06-10,-0.9953495404063654,4.435737851742247e-05,-0.2575872525080274,-0.2869575567636242,-0.4972548393369762,-0.16254086218153813,-1.2042961534116485,0.20894661300528317
2012-06-11,-1.70173188446157,0.004353367042806134,-0.2548650475350299,-0.29115707164579385,-0.8434583036956492,-0.16171508709058152,-1.5468421429242483,-0.15488974153732182
2012-06-12,-1.7531438504080092,0.00864584862639925,-0.2495075125392622,-0.2949791721043624,-1.0923675995838653,-0.1608528405548387,-1.7890612761559292,0.035917425747920007
2012-06-13,-1.931413500797726,0.012920420207199109,-0.24371416794074013,-0.2984050915598476,-1.141896171440648,-0.15995710691280096,-1.8310521176468375,-0.1003613831508885
2012-06-14,-1.921376687210968,0.017175725610178435,-0.23998019587182529,-0.3014155150994616,-0.9309885531390402,-0.15902603664747508,-1.614234575147624,-0.3071421120633442
2012-06-15,-1.1063247928469884,0.021410319423495867,-0.24085263178129332,-0.3039948756975285,-0.4686165228886192,-0.15806154984022322,-1.1501152607841683,0.04379046793717989
2012-06-16,-0.3944080986944463,0.025622491552704366,-0.24876162654177536,-0.3061371525782584,0.15729108188664012,-0.1570701985867307,-0.52905540426742,0.13464730557297372
2012-06-17,0.121294234868097,0.029810540937504414,-0.26561833404923735,-0.307836322445724,0.7992263116183209,-0.15605592898563939,0.09952626707522458,0.02176796779287242
2012-06-18,0.7087611733380073,0.033972821783774046,-0.2925554834947923,-0.30908477197193596,1.2914033445044037,-0.15501826908402147,0.568717641737428,0.14004353160057925
2012-06-19,0.9137518096892412,0.038107675016489456,-0.329727662266205,-0.3098762118457121,1.5004901153230947,-0.15396140293771604,0.7450325132899511,0.16871929639929006
2012-06-20,0.3970546477668323,0.04221360082389072,-0.37620582711920003,-0.31019945659332715,1.3692515465277915,-0.15288287798212544,0.5721769856570296,-0.17512233789019727
2012-06-21,-0.0433117194775188,0.0462893615403861,-0.4299222843065203,-0.3100352648054926,0.9359712545256126,-0.15177521095344673,0.090527856000539,-0.1338395754780578
2012-06-22,-0.456682579467121,0.05033374233122831,-0.4879060293102219,-0.30936473784285434,0.3209814297901599,-0.15063279855624465,-0.5765883935879327,0.1199058141208117
2012-06-23,-1.4190384946857404,0.05434554926205825,-0.5464938207598073,-0.30816953986558177,-0.31298454982598656,-0.14945336293742476,-1.2627557241267424,-0.15628277055899797
2012-06-24,-1.9018824959592129,0.05832376949314567,-0.6015868268678308,-0.3064261596491459,-0.8122897650636077,-0.14822830881791285,-1.8102072909053517,-0.09167520505386118
2012-06-25,-2.036341907237869,0.062267237437900184,-0.6490912083092643,-0.3041177418612568,-1.0790586463101293,-0.1469555111562582,-2.1169558701990083,0.08061396296113932
2012-06-26,-2.0572881281142106,0.06617467661516371,-0.6852491371352882,-0.3012326574309883,-1.0936270246066684,-0.14563448123049597,-2.1595686237882776,0.10228049567406705
2012-06-27,-1.985295516918496,0.07004476417905964,-0.7068852949921139,-0.2977624672292091,-0.9076514609927351,-0.14426652943252097,-1.9865209884675195,0.0012254715490234158
2012-06-28,-1.5583285544466934,0.07387614582085412,-0.7116582814044633,-0.29370130988836757,-0.6138808628921524,-0.14285247129080636,-1.6882167796549354,0.12988822520824206
2012-06-29,-1.3607032817104006,0.07766736189073534,-0.6982559296823987,-0.28904850251618924,-0.3072648968718425,-0.14139637776681802,-1.3582983449465131,-0.002404936763887422
2012-06-30,-1.0933905674288409,0.08141702480406927,-0.6664133865511331,-0.2838023894704491,-0.05290426753050913,-0.13990090268001434,-1.0616039214280364,-0.0317866460008045
2012-07-01,-0.9970622886798964,0.0851237270681985,-0.6169643710547678,-0.2779634943063975,0.12548796074724827,-0.13837098595332922,-0.8226871634990477,-0.17437512518084874
2012-07-02,-0.7354230502785892,0.0887861226650657,-0.5517672542267663,-0.27153172211767307,0.23672347618870096,-0.1368094435088678,-0.6345988209995406,-0.10082422927904866
2012-07-03,-0.5017376920655867,0.09240281930764253,-0.4736136081034737,-0.2645101071310207,0.3001167437755672,-0.1352210182489921,-0.48082517040027684,-0.02091252166530988
2012-07-04,-0.1405241467772403,0.09597243633032136,-0.3860270825609257,-0.25690278597374355,0.32541574273682217,-0.13360921845087342,-0.35515090791839915,0.21462676114115886
2012-07-05,-0.1549151768080452,0.09949355895647229,-0.29305577375577285,-0.24871662863816593,0.3055241655806432,-0.13197731539307006,-0.26873199324989333,0.11381681644184813
2012-07-06,-0.2262332260102036,0.10296488840330313,-0.1989492046321354,-0.23995604305524243,0.2269180149066946,-0.1303242324130151,-0.23934657679039517,0.013113350780191574
2012-07-07,-0.3966899955741453,0.10638514573573606,-0.10792600242314138,-0.23062627730173635,0.08971951881015229,-0.1286479100116918,-0.2710955251906812,-0.1255944703834641
2012-07-08,-0.4721917505535423,0.10975309257916258,-0.023902137486181682,-0.2207328051754309,-0.074370740157724,-0.12694475677223196,-0.336197347012406,-0.1359944035411363
2012-07-09,-0.4308031959323607,0.11306747582194968,0.04973827926935398,-0.21028334224891418,-0.20012116478117054,-0.12521244144366775,-0.37281119338244884,-0.05799200254991188
2012-07-10,-0.2264920706972358,0.11632701698457659,0.11035115581346847,-0.1992879696191771,-0.20817724666639714,-0.12344995617672795,-0.30423699966425716,0.07774492896702137
2012-07-11,0.132900659249345,0.11953039218330089,0.15619516537542336,-0.1877596855107407,-0.04059053505025098,-0.1216584796405754,-0.07428314264284284,0.20718380189218782
2012-07-12,0.4756616470043846,0.12267623177519846,0.18654299289228715,-0.1757142968555711,0.30292454738170904,-0.1198420526671739,0.31658742252644967,0.15907422447793496
2012-07-13,0.7155307787555317,0.12576317832211334,0.2017347142844927,-0.16316832083175625,0.7466635102049038,-0.11800532729370716,0.7929877546860464,-0.0774569759305147
2012-07-14,0.9176894953073548,0.12878991555557875,0.2031484596603351,-0.15013783950997764,1.1511098200244954,-0.11615287945450783,1.2167574762759237,-0.2990679809685689
2012-07-15,1.2345348758335768,0.13175516378057403,0.19308209419688752,-0.13663902267298844,1.3557667705604535,-0.11429116659848113,1.4296738392664454,-0.19513896343286863
2012-07-16,1.322202713418267,0.1346576596654076,0.17453641241971196,-0.1226892823042779,1.2386931226718392,-0.11242947740711878,1.312768435045562,0.009434278372705052
2012-07-17,1.1089281861648344,0.13749626399823794,0.150983583655777,-0.10830365671416053,0.7700256975482003,-0.11057561369306967,0.839626274794985,0.2693019113698494
2012-07-18,0.284044006460981,0.1402699733861677,0.12605951446089858,-0.09349440692521617,0.03546698765642516,-0.10873524867262409,0.09956681990565121,0.1844771865553298
2012-07-19,-0.6436906667715119,0.14297800472526725,0.1032754728072785,-0.07826843374423163,-0.7822571590600833,-0.10691075429550097,-0.7211828695672702,0.0774922027957583
2012-07-20,-1.3971629041934734,0.14561963190258265,0.08558490910969675,-0.06263254501680443,-1.460857687255513,-0.10510022010706005,-1.397385911367098,0.0002230071736246675
2012-07-21,-1.9192035818583577,0.14819407584830904,0.07505994384674215,-0.04659699328592215,-1.8133040512279188,-0.103299404229929,-1.7399464290487185,-0.17925715280963916
2012-07-22,-1.93072871559182,0.15070048034951433,0.07269524225385306,-0.030176541897291326,-1.7515647059172172,-0.10150365247480622,-1.6598491776859474,-0.2708795379058726
2012-07-23,-1.2291696138793269,0.15313783147029678,0.07829872764795395,-0.01339369487074299,-1.314958759444171,-0.09971284362257618,-1.1966287388192394,-0.032540875060087515
2012-07-24,-0.3330939054096763,0.15550491400278882,0.09047504401667843,0.0037198453582830693,-0.651939424936951,-0.09793009099296467,-0.5001697125521654,0.16707580714248904
2012-07-25,0.3193062890455229,0.15780047295228594,0.10686819649467481,0.021128505032397285,0.03749922438874953,-0.09616154862038133,0.22713485024772623,0.09217143879779666
2012-07-26,0.8676804548612396,0.16002335738295226,0.12448272183693451,0.03879764012274757,0.5745226455696169,-0.09441543346183484,0.8034109314504163,0.06426952341082326
2012-07-27,1.0740663276571798,0.16217249222714702,0.13996265344141182,0.05669289650269857,0.8598610994111857,-0.09270035912027971,1.1259887824621633,-0.051922454804983476
2012-07-28,1.190915715540424,0.16424694804610482,0.14996941978627168,0.07478301518582409,0.8968410344770769,-0.09102273066571726,1.1948176868295601,-0.0039019712891361635
2012-07-29,1.063728723224762,0.16624585564925742,0.15149097333400247,0.09303741957576153,0.7716190853703617,-0.08938740467304658,1.0930059292563366,-0.029277206031574465
2012-07-30,0.9346762009589368,0.16816844572904052,0.14218176039281252,0.11142774638810472,0.6030830624463897,-0.0877961650436271,0.9370648499127202,-0.0023886489537834343
2012-07-31,0.8860697157140518,0.17001397699245846,0.12058809726280045,0.1299254132059301,0.4852521571895434,-0.08624904350161114,0.8195306011491214,0.06653911456493045
2012-08-01,0.7736846085584929,0.17178170918162455,0.08632613616819232,0.14850065672994883,0.4481363223920087,-0.08474669488060237,0.769998129591172,0.003686478967320883
2012-08-02,0.6486188849800167,0.17347095561613338,0.040163997817078495,0.16712447257496366,0.4529665502626436,-0.08328696857241351,0.7504390076984057,-0.10182012271838892
2012-08-03,0.683171646598992,0.1750810802043683,-0.016005946990997076,0.18576821649059627,0.421085999007135,-0.08186680180719844,0.6840625469039041,-0.0008909003049121234
2012-08-04,0.4753690838571024,0.17661145451646645,-0.07932727296805905,0.20440202641761152,0.2811636952654664,-0.08048343402320797,0.5023664692082773,-0.026997385351174907
2012-08-05,0.2761594961673726,0.1780615709585825,-0.14615262634789894,0.22299876822090836,0.012340809071741156,-0.0791318368155953,0.1881166850877378,0.08804281107963483
2012-08-06,-0.2436137662537166,0.179430965634734,-0.21238699406640835,0.24153148605918884,-0.33830714712599363,-0.07780546012344124,-0.20753714962192038,-0.03607661663179623
2012-08-07,-0.6207029353210111,0.1807193131045798,-0.2737880122989572,0.2599766139203475,-0.6707591918830244,-0.07649314447159683,-0.5803444216286511,-0.04035851369235999
2012-08-08,-0.8033090932232537,0.18192627343406867,-0.32635629316177633,0.27830870244192085,-0.8738534483707778,-0.07518521476646832,-0.815159980423033,0.011850887199779225
2012-08-09,-0.7060530056325017,0.18305147097357327,-0.36665479982172344,0.29649986512708437,-0.8734999058174192,-0.07387441466690832,-0.8344777842053934,0.1284247785728917
2012-08-10,-0.7279952482828654,0.1840944660114133,-0.3920733397065086,0.314518972250647,-0.6659697961001357,-0.07255723496170825,-0.6319869325062923,-0.0960083157765731
2012-08-11,-0.0819594136679568,0.18505487117050626,-0.4009373579323129,0.3323356777151524,-0.32095994276517764,-0.07123255235574746,-0.27573930416757936,0.19377989049962258
2012-08-12,0.1039734471431945,0.18593212271820267,-0.39269042478878663,0.34991260776521815,0.04494639954053526,-0.0699084757551831,0.11819222947998635,-0.014218782336791858
2012-08-13,0.1715531751363091,0.1867258293692608,-0.36775626557448604,0.3672176091957343,0.3156220424209118,-0.068590448770316,0.43321876664110487,-0.26166559150479574
2012-08-14,0.451011484665661,0.18743567124439597,-0.32750213965924696,0.38422032985598253,0.4194036910083547,-0.06728431593706592,0.5962732365124203,-0.14526175184675927
2012-08-15,0.7533303010417965,0.1880613086076475,-0.2741570524672414,0.40088917105346383,0.3528114517468131,-0.06599681581461933,0.6016080631260636,0.15172223791573292
2012-08-16,0.4496767836776555,0.18860243593521922,-0.21060466504741965,0.4171932929735197,0.17561434066463175,-0.06473389539241525,0.5060715091335358,-0.05639472545588031
2012-08-17,0.5242747334939168,0.18905894797391937,-0.14008526788075373,0.4331086044729915,-0.01881872832253736,-0.06349755499699158,0.3997660012466282,0.12450873224728864
2012-08-18,0.5566027452399855,0.1894306372727707,-0.0661150043553276,0.44860748973509545,-0.14556432506887917,-0.062293466246286656,0.3640653313373727,0.19253741390261286
2012-08-19,0.4712888166837213,0.1897173203231543,0.007793233897975741,0.4636631154988641,-0.16079895574021685,-0.061127101396521104,0.4392476125832562,0.032041204100465126
2012-08-20,0.4634031666213193,0.18991886624409515,0.07835828479618849,0.47825045683369855,-0.07362077077228943,-0.06000204990735091,0.6129047871943418,-0.14950162057302252
2012-08-21,0.7684814137513858,0.19003515848037883,0.14270668164224012,0.49234477377718955,0.06594465266395912,-0.058920198460111296,0.8321110681036563,-0.06362965435227053
2012-08-22,0.9909623917482028,0.19006604502295282,0.19852347251995983,0.5059196340518233,0.19496481104503727,-0.05788324874190075,1.0315907138978724,-0.040628322149669605
2012-08-23,1.1719202144991272,0.19001145889546692,0.24426589176139513,0.5189508640615464,0.2678138032330029,-0.056892411878167105,1.1641496060732444,0.007770608425882841
2012-08-24,1.2089085910138222,0.18987140593386173,0.2792624158575181,0.53141602437877,0.2733767470437328,-0.05595163217258832,1.2179749610412944,-0.009066370027472237
2012-08-25,1.1897494713051209,0.18964599346873592,0.30372552614814774,0.5432957728945814,0.23311197122020957,-0.05506420043919892,1.2147150632924757,-0.024965591987354818
2012-08-26,1.1156936517800495,0.1893353840601955,0.3186916423414914,0.554572523104655,0.1826754063872585,-0.05423432297074157,1.1910406329228587,-0.07534698114280913
2012-08-27,1.181932542130162,0.18893979845307945,0.32589130327822247,0.5652306173001161,0.14830683347375243,-0.05346446503971008,1.1749040874654606,0.007028454664701478
2012-08-28,1.3337184460961495,0.18845945714639276,0.32755740144538514,0.5752543638710302,0.1304840534279706,-0.052756718808222615,1.168998557082556,0.16471988901359347
2012-08-29,1.35946526835279,0.1878945968269741,0.3261970427418424,0.5846289377261739,0.10376578657990089,-0.05210824596483826,1.150378117910053,0.20908715044273696
2012-08-30,1.138051031186929,0.1872455221214421,0.3244198442488889,0.5933418574597896,0.03255618170070735,-0.051514485664734905,1.0860489198660932,0.052002111320835764
2012-08-31,0.8724177514916107,0.18651265082690255,0.32471519653977415,0.6013845116536248,-0.10579836808053915,-0.0509680616166862,0.955845929323076,-0.08342817783146528
2012-09-01,0.5709016070832379,0.18569644629535723,0.3292099976182935,0.608749768814471,-0.3030773369731105,-0.05046305118478926,0.770115824570222,-0.1992142174869841
2012-09-02,0.3074376130805524,0.1847974130367057,0.33945560004808656,0.6154317679010872,-0.5167053887086079,-0.04999436094580805,0.5729850313314635,-0.2655474182509111
2012-09-03,0.3250873578577871,0.18381607548122952,0.3562640276836704,0.6214249703258309,-0.6837464274657336,-0.04955926108099277,0.4281993849440045,-0.10311202708621742
2012-09-04,0.4927428297718635,0.18275290844322428,0.379577980556462,0.6267215866017058,-0.7465867513985073,-0.049159385480538546,0.39330633872234644,0.09943649104951707
2012-09-05,0.7406089336635964,0.18160837131159888,0.4084612615511926,0.6313127286482014,-0.6779823795614086,-0.04879938014106114,0.49460060180852317,0.2460083318550732
2012-09-06,0.9851519699052986,0.18038293245519368,0.44113912506853115,0.6351896778081533,-0.4940300627595952,-0.048482392002662376,0.7141992805696206,0.27095268933567807
2012-09-07,1.1187874001895115,0.17907709324050072,0.47515622199545526,0.638344791510148,-0.24851626061749393,-0.048210755924193605,0.9958510902044164,0.12293630998509508
2012-09-08,1.1355204191335388,0.17769142278512626,0.5076063585653027,0.6407727102829587,-0.01068301631876406,-0.04798653010319138,1.267400945211432,-0.13188052607789325
2012-09-09,1.2626857181405609,0.1762265674925782,0.5353755244633511,0.6424708917156872,0.16371473771182904,-0.04780951276233023,1.4699782086211155,-0.20729249048055465
2012-09-10,1.3489929594660577,0.17468318441338762,0.5553973451148808,0.6434373270552378,0.2549283039726061,-0.04767933506523734,1.5807668254908749,-0.2317738660248172
2012-09-11,1.5851414025834645,0.17306198711552223,0.5649710812311697,0.6436718794315109,0.28570288307046715,-0.04759528789435533,1.6198125429543146,-0.03467114037085017
2012-09-12,1.6714872077927312,0.1713636879810345,0.5620107396144385,0.6431742974276551,0.30788719551390176,-0.04755798122471654,1.6368779393123134,0.03460926848041779
2012-09-13,1.8053843251063015,0.16958908745890716,0.5453047610561081,0.6419474480358,0.3757810196775931,-0.047565083805284264,1.6850572324231239,0.12032709268317765
2012-09-14,1.8998625751114568,0.1677390107657556,0.5146697502784651,0.6399951162802116,0.5168990498158434,-0.047614426668347996,1.7916885004719276,0.10817407463952922
2012-09-15,2.0777648513761475,0.1658143367570734,0.4710631057458753,0.6373228962259502,0.7139036826359666,-0.047705310404191,1.9403987109606744,0.13736614041547313
2012-09-16,2.054076278408873,0.16381596088744793,0.41656613371771406,0.6339370266310042,0.9054646153565485,-0.04784094398433433,2.0719427926083807,-0.017866514199507577
2012-09-17,2.0099950696718256,0.16174488730977685,0.35428665183501074,0.629847629081406,1.0070214286705137,-0.04802395596777983,2.1048766409289277,-0.09488157125710206
2012-09-18,1.946410400037989,0.15960216514352962,0.28811321636473375,0.6250664400004713,0.9426107282794572,-0.04825945915031879,1.9671330906378734,-0.02072269059988452
2012-09-19,1.5897418130808634,0.15738889014014065,0.22236240387446127,0.6196071614680241,0.6760591205523607,-0.048550012783492615,1.6268675632514942,-0.0371257501706308
2012-09-20,1.077888688516897,0.1551062750484045,0.1614317279878671,0.6134878428661814,0.22957902651731782,-0.048893195376366584,1.1107116770434042,-0.032822988526507224
2012-09-21,0.3310718750674279,0.15275559728846866,0.10937847027246966,0.606728755446619,-0.31794490375933027,-0.049284176431450076,0.5016337428167769,-0.17056186774934895
2012-09-22,0.1152870193930909,0.15033822161667318,0.06954396646819484,0.5993529264921491,-0.8515794632301104,-0.04971510359198744,-0.08205945224508066,0.19734647163817154
2012-09-23,-0.4895696887302292,0.14785537927543796,0.044127980337496625,0.5913782227728371,-1.2534915662293697,-0.0501803899018689,-0.520310373745467,0.030740685015237745
2012-09-24,-0.638898793312268,0.14530843386656714,0.03410300953796993,0.5828261280775826,-1.434597848810362,-0.050671854000360665,-0.7230321313286029,0.08413333801633494
2012-09-25,-0.7348085234326777,0.14269862087955423,0.03902359263441962,0.5737125736885782,-1.358342781110052,-0.05118820899339842,-0.6540962029008982,-0.08071232053177946
2012-09-26,-0.3275735934657008,0.14002717907045795,0.05711408457554708,0.5640523775159512,-1.0470367647210508,-0.05172931133388748,-0.33757243489298205,0.009998841427281246
2012-09-27,0.0203108922392908,0.13729521570560496,0.08537550922073911,0.5538548972498213,-0.5728688073665561,-0.052297556264546484,0.1513592585450628,-0.131048366305772
2012-09-28,0.7696053399576982,0.13450387268140354,0.11996158545278279,0.5431299923940976,-0.03622142694406497,-0.052894105142408346,0.7084799184418107,0.06112542151588751
2012-09-29,1.3314917406639648,0.1316541890889948,0.15652483872502038,0.5318831475208747,0.4589914666642846,-0.053527067852011403,1.225526574147163,0.10596516651680177
2012-09-30,1.718726718846542,0.12874728897783516,0.19067041083110728,0.5201223590112811,0.8282465549550462,-0.054201523652608816,1.613585090122661,0.10514162872388111
2012-10-01,1.713869475766804,0.12578436919749864,0.2183475410995424,0.5078583013779453,1.0208561665629026,-0.05491837501382492,1.8179280032240641,-0.10405852745726007
2012-10-02,1.645081207199084,0.1227667622116866,0.23625242701088287,0.4951063367946598,1.025223883419147,-0.05567542966377633,1.8236739797726,-0.17859277257351613
2012-10-03,1.5359883277040378,0.1196958352551008,0.24208237304762834,0.4818826824978657,0.8650360737660818,-0.05647371783063025,1.6522232467360463,-0.11623491903200844
2012-10-04,1.410686094687192,0.11657301017955539,0.23463871923156893,0.46820547749370856,0.5899627663655972,-0.05730796568678407,1.3520720075836459,0.0586140871035461
2012-10-05,1.1084107348258645,0.11339975088698429,0.2138896842553482,0.45409407537578816,0.26328112953379046,-0.05816996448363276,0.9864946755682783,0.1219160592575862
2012-10-06,0.9110182443394812,0.11017760931626436,0.18092576485001216,0.43957018204629117,-0.05090417995844025,-0.059049552557724844,0.6207198236964027,0.29029842064307854
2012-10-07,0.3693739673639746,0.10690813856120351,0.13773930427878187,0.42465472304187196,-0.2995952701746054,-0.059937032287604795,0.30976986341964713,0.05960410394432747
2012-10-08,-0.0559564185262976,0.10359302610089795,0.08699103591814107,0.4093726890891928,-0.4489779550786654,-0.0608149610918342,0.09016383493773217,-0.14612025346402976
2012-10-09,-0.2621165989960395,0.10023392478723495,0.031704970616220636,0.39374695470309934,-0.48925318480500657,-0.061671101241846556,-0.02523843594029824,-0.23687816305574128
2012-10-10,-0.1364344529002701,0.09683242516611848,-0.025064207418642605,0.3777975157066995,-0.4338630284129266,-0.06249690739989143,-0.046794202358642664,-0.08964025054162743
2012-10-11,-0.0235206413295177,0.09339001665386604,-0.08051079093144417,0.3615402974472011,-0.3137050212206436,-0.06328926671163412,-0.0025747647626546966,-0.020945876566863003
2012-10-12,0.092382956438936,0.08990819408436358,-0.13225236852558975,0.3449910395726718,-0.1673030341675396,-0.06404680695227323,0.07129702401163278,0.021085932427303222
2012-10-13,0.4265514935552496,0.08638846065794824,-0.17848247178719817,0.3281655253436111,-0.030492569697293026,-0.06476981518940178,0.14080912932766637,0.2857423642275832
2012-10-14,0.1129936508063663,0.08283226514881131,-0.21807956711252965,0.31107746243694484,0.07169515340326935,-0.06546222927184364,0.1820630846046522,-0.06906943379828591
2012-10-15,0.2576710011341233,0.07924126213439917,-0.2505012537074177,0.29374731930903575,0.1301760915409662,-0.06612470052551125,0.18653871875147218,0.0711322823826511
2012-10-16,0.2735877965327842,0.07561697929812558,-0.27587489453576364,0.2761908016028985,0.1497316413843016,-0.0667639608228389,0.1589005669267231,0.11468722960606109
2012-10-17,0.0828905590463413,0.07196099129631095,-0.29482587116839687,0.25842474950479477,0.1450084263113441,-0.06738678945179379,0.11318150649225918,-0.030290947445917885
2012-10-18,-0.3571160163158684,0.06827494369280691,-0.30833598692678277,0.24046798793612384,0.13421934084584158,-0.06799669331277723,0.06662959223521232,-0.42374560855108073
2012-10-19,-0.0300431381783335,0.06456057179667445,-0.31756322874215276,0.22234193561582632,0.13328677239307876,-0.06859247618678983,0.034033574876636954,-0.06407671305497045
2012-10-20,0.1337102127412935,0.06081940564851198,-0.3238066888544972,0.2040606829840755,0.150859690589412,-0.06917398000920996,0.02275911035829231,0.11095110238300118
2012-10-21,0.208043552859686,0.05705305286691849,-0.3281882959327499,0.18564047902028646,0.18800243303421932,-0.06973771879007452,0.03276995019859984,0.17527360266108616
2012-10-22,0.2439751766041789,0.05326317393553827,-0.3315029736995739,0.16709888406597312,0.23835841518888157,-0.07028014044683395,0.056937359043985114,0.18703781756019378
2012-10-23,0.1392463319388839,0.04945145851136399,-0.33413063781267976,0.14845400288329072,0.28895032683871635,-0.07079956208217285,0.08192558833851847,0.05732074360036542
2012-10-24,0.139839108363152,0.045619635885399364,-0.3360038344448182,0.12972502787115509,0.3214671851428074,-0.07129584995059565,0.08951216450394803,0.05032694385920397
2012-10-25,-0.2928633085885992,0.04176938109723539,-0.3366419238199572,0.11092881104102328,0.31404621830084256,-0.07177714604437542,0.05832534057476858,-0.3511886491633678
2012-10-26,-0.3682409972171059,0.037902497051593535,-0.33522320686703466,0.0920866186291969,0.24586208959139466,-0.07224492508866141,-0.031616926683510974,-0.33662407053359494
2012-10-27,-0.0886627432004436,0.03402067826319783,-0.3308112056539165,0.0732158800727878,0.10245030498446724,-0.07270025282610353,-0.19382459515956715,0.10516185195912356
2012-10-28,-0.1121980482636686,0.030125509742766246,-0.3224812846596545,0.054330062225446424,-0.11666056839555725,-0.07314610564752483,-0.4278323867345239,0.3156343384708553
2012-10-29,-0.6699768215048627,0.026218679628292062,-0.30939673231923226,0.03544608012175479,-0.39077539058846694,-0.07357914484632269,-0.712086508003975,0.04210968649911229
2012-10-30,-0.7514384120609644,0.02230205093901792,-0.29092613663058875,0.016586676863963777,-0.6762300112721842,-0.07398792551086064,-1.002255345610652,0.2508169335496876
2012-10-31,-1.2003568976058605,0.01837733914304918,-0.2668784556254031,-0.0022307877538655704,-0.9135485649422502,-0.07436609792605428,-1.238646567104524,0.038289669498663415
2012-11-01,-1.7366821441313995,0.014446360294170044,-0.2374894933228964,-0.020985540503793844,-1.040002403428013,-0.0747036976367184,-1.3587347745972516,-0.377947369534148
2012-11-02,-1.607461511161784,0.0105109347626585,-0.20348743381384343,-0.03965666221166916,-1.0079821801888231,-0.07499039092056722,-1.3156057323722443,-0.2918557787895397
2012-11-03,-1.0119238235184576,0.006572657002402854,-0.16614140879160957,-0.05823123940016383,-0.80266943594523,-0.0752250336896778,-1.0956944608242782,0.08377063730582068
2012-11-04,-0.6199622875637782,0.0026329609989252487,-0.12714675462563657,-0.07670199195109748,-0.45078844143801944,-0.07541311322270054,-0.7274173402385287,0.10745505267475042
2012-11-05,-0.1665283271417863,-0.0013066761082810112,-0.08841637739799979,-0.09505996747522258,-0.016653506802546535,-0.07555857868824833,-0.2769951064722983,0.110466779330512
2012-11-06,0.3733896651721555,-0.005244827397406161,-0.05191792726776842,-0.11329799491919074,0.4129359809519604,-0.07567173136836601,0.16680349999922905,0.20658616517292644
2012-11-07,0.6003073036317916,-0.009180107215205555,-0.019536300370611423,-0.1314101308732518,0.7519963669381619,-0.07576428048874118,0.5161055479903519,0.08420175564143972
2012-11-08,0.4987269783920846,-0.013111047199857872,0.007134149779752519,-0.14938717347129146,0.9393832906324443,-0.07584433677777194,0.7081748829632756,-0.209447904571191
2012-11-09,0.4105579809545907,-0.017036086137616997,0.026893739867317266,-0.1672159157775924,0.9544544131868716,-0.07591207779170549,0.721184073347274,-0.3106260923926833
2012-11-10,0.6383608987114882,-0.02095367514086412,0.0390402115496642,-0.1848833750732493,0.8190486869405237,-0.0759705904364523,0.5762812578396221,0.062079640871866015
2012-11-11,0.5297261243603734,-0.024862341342731582,0.04335433420949447,-0.2023788918842785,0.5860849684020311,-0.07602429442293611,0.32617377496157934,0.20355234939879402
2012-11-12,0.1277910080460895,-0.028760491666400056,0.040187654229536796,-0.21968758316874284,0.3205311734834,-0.07607591215979864,0.03619484071799525,0.09159616732809425
2012-11-13,-0.2795850556685551,-0.03264642576336899,0.030371912461859933,-0.2367908721417522,0.0786423915196158,-0.07612524316329003,-0.2365482370869355,-0.04303681858161962
2012-11-14,-0.5156889670295371,-0.036518430262624614,0.015086685273377936,-0.2536700505585092,-0.10635886958852972,-0.07617394190649691,-0.4576346070427825,-0.05805435998675462
2012-11-15,-0.6342888263871876,-0.04037482737526601,-0.004333980555907657,-0.27030761538152737,-0.22729236265073266,-0.07622100449680615,-0.6185297904602398,-0.01575903592694783
2012-11-16,-0.775699692991993,-0.044213972895712626,-0.02653133563171818,-0.2866871951976119,-0.29527202180860856,-0.0762624099366049,-0.7289669354702561,-0.04673275752173689
2012-11-17,-0.964768389160769,-0.048034221541616864,-0.050210868224434865,-0.30279240943680485,-0.3265306812904376,-0.07629089115400853,-0.8038590716473027,-0.16090931751346627
2012-11-18,-0.7121291877361954,-0.051833925850272196,-0.07418970606430886,-0.31860703824438,-0.33113587619241347,-0.07630081320012266,-0.8520673595514971,0.13993817181530177
2012-11-19,-0.6558159836773776,-0.055611596104302136,-0.09750106919199716,-0.33412051603008974,-0.3095102582518581,-0.07629574249587297,-0.8730391820741201,0.21722319839674253
2012-11-20,-0.946506557307726,-0.05936570643166176,-0.11938314214227976,-0.34932090160254425,-0.25618897619150954,-0.07627806785884586,-0.860536794226841,-0.085969763080885
2012-11-21,-0.7961518037534313,-0.06309464458944031,-0.13927340816215286,-0.3641931203744979,-0.1694576236689535,-0.07624689099395474,-0.8122656877889994,0.016113884035568127
2012-11-22,-0.6714588393437491,-0.06679695317955928,-0.1568851193227754,-0.3787273335500843,-0.06108502406561446,-0.07620730465019593,-0.7397017347682293,0.06824289542448025
2012-11-23,-0.829288454363536,-0.0704711909107671,-0.1721548811568525,-0.3929137514826988,0.04246796864359914,-0.07616175807428886,-0.6692336129810081,-0.1600548413825279
2012-11-24,-0.6191737607639174,-0.07411584706134397,-0.18520549305615688,-0.406739298124177,0.10806142946477387,-0.07610253653109789,-0.6341017453080018,0.014927984544084394
2012-11-25,-0.7749996056118208,-0.07772955223439332,-0.19631369775767998,-0.42019529014002105,0.10961933460627786,-0.07602709779795107,-0.6606463033237675,-0.1143533022880533
2012-11-26,-1.178444051283748,-0.08131085264837833,-0.20577383218164463,-0.43326943200159873,0.043599086576546105,-0.07592938311865076,-0.7526844133737263,-0.4257596379100217
2012-11-27,-0.6193046871877901,-0.08485824862324932,-0.2138582271452682,-0.44594709377842684,-0.06429664066083841,-0.0758008764284403,-0.884761086636223,0.2654563994484329
2012-11-28,-0.4242770749521192,-0.08837055355953657,-0.2208937577900756,-0.45822413735648193,-0.16633087466593083,-0.07564475807567468,-1.0094640814476996,0.5851870064955804
2012-11-29,-0.9987190398745184,-0.09184649299630175,-0.22702254075079337,-0.4700935815890019,-0.20891785723436704,-0.07546743796230626,-1.0733479105327703,0.07462887065825197
2012-11-30,-1.1445718656698354,-0.09528457212672971,-0.23217614332117936,-0.48154064054410856,-0.15542470709716916,-0.0752664880362464,-1.0396925511254331,-0.10487931454440225
2012-12-01,-0.868046629398439,-0.09868343398938902,-0.2362068443419554,-0.4925552501018774,-0.006653115808663106,-0.07504181516585574,-0.9091404594077407,0.04109383000930167
2012-12-02,-1.078200372726829,-0.10204185657515331,-0.23886433324789547,-0.5031322227232106,0.19349949285546672,-0.07479808524350351,-0.7253370049342961,-0.3528633677925329
2012-12-03,-1.0058883344044958,-0.10535848193722486,-0.23970983471925905,-0.5132614776276619,0.3708970559859589,-0.07453392252052517,-0.5619666608187122,-0.4439216735857836
2012-12-04,-0.6288020207632016,-0.10863205048075732,-0.23824384408601057,-0.522935662841248,0.44621811791245103,-0.07424742958593177,-0.4978408690814966,-0.13096115168170497
2012-12-05,-0.3277126662256485,-0.1118614064789528,-0.23393148972751882,-0.5321503064504882,0.36561049494752595,-0.07393789645639641,-0.5862706041658302,0.2585579379401817
2012-12-06,-0.4095817029123035,-0.11504540679241068,-0.226159899243996,-0.5409008152282495,0.12460026141913738,-0.0736096625016753,-0.8311155223471941,0.4215338194348906
2012-12-07,-0.8598903585706548,-0.11818282836066321,-0.21429832980682278,-0.5491788216353545,-0.22494762075585747,-0.07326456719004482,-1.179872167748743,0.31998180917808816
2012-12-08,-1.509955825267097,-0.12127236684747655,-0.19779918206073768,-0.5569719582551762,-0.588390921798564,-0.0728976500584389,-1.5373320790203933,0.02737625375329622
2012-12-09,-1.8195057244278872,-0.12431268481597986,-0.17628242528645305,-0.5642659780629838,-0.8575806578205536,-0.07249998307008719,-1.7949417290560574,-0.02456399537182974
2012-12-10,-2.02739997557555,-0.127302583831897,-0.14963117187707686,-0.5710512718056305,-0.945509447351028,-0.07206892657623795,-1.8655634014418705,-0.16183657413367958
2012-12-11,-2.144371191801629,-0.13024092679426583,-0.11802373819332104,-0.5773201680625879,-0.812818131253429,-0.07160205712070022,-1.7100050214243039,-0.43436617037732494
2012-12-12,-1.7482545696710798,-0.1331266341972736,-0.0819369747160842,-0.5830668328913343,-0.4785467847289856,-0.07109650461233324,-1.3477737311460112,-0.40048083852506866
2012-12-13,-0.8258592425327603,-0.1359588126404253,-0.042134071803486994,-0.588292034122861,-0.012995227294180237,-0.0705574651180401,-0.8499376109789936,0.024078368446233234
2012-12-14,-0.0775483170018846,-0.13873675926734683,0.0004081555323512537,-0.5930031699868099,0.48396771353516377,-0.0699994057626359,-0.3173634659492776,0.23981514894739303
2012-12-15,0.4991151363136752,-0.14145974836500835,0.04464422823826291,-0.5972061900406683,0.9107264754784012,-0.06943485446117681,0.14726991084981067,0.35184522546386454
2012-12-16,1.0160702348395028,-0.14412701635696043,0.08953171208464106,-0.6009047507129497,1.1869954859084548,-0.06887107127951636,0.4626243596436694,0.5534458751958333
2012-12-17,0.725082525742813,-0.14673779208484294,0.13413354698573965,-0.604101619138455,1.2669908643172083,-0.06831615272984082,0.5819688473498092,0.1431136783930037
2012-12-18,0.1168225582345733,-0.14929106413683568,0.17774104194101198,-0.6067902747944854,1.1429800786623174,-0.067768145893937,0.49687163577807136,-0.38004907754349804
2012-12-19,-0.2608315870101664,-0.15178572903014176,0.21983472077170335,-0.6089600640744126,0.83987142518128,-0.06721991539712456,0.23174043745130446,-0.49257202446147086
2012-12-20,-0.4162459133192309,-0.1542207440227315,0.26000523025363215,-0.6106019783662731,0.40695178740203464,-0.06666503412719853,-0.16453073886053632,-0.25171517445869457
2012-12-21,-0.8540522960701675,-0.15659514341244238,0.2979357625603956,-0.6117095390200276,-0.08915414032306762,-0.06610260505339673,-0.6256256652485387,-0.22842663082162884
2012-12-22,-0.8666972916007096,-0.1589078910579745,0.3333605126592205,-0.612273335558194,-0.5701853089877902,-0.06552754491096346,-1.0735335678557014,0.2068362762549918
2012-12-23,-0.8255292196352139,-0.16115810640582293,0.36591264255861783,-0.6122890407877135,-0.9549965482946532,-0.06493966633444491,-1.4274707192640166,0.6019414996288027
2012-12-24,-1.2506033125202731,-0.1633449519887732,0.39508587036661075,-0.6117535650900988,-1.1711228051129794,-0.06433842884843283,-1.6154738806736735,0.36487056815340035
2012-12-25,-1.738686218134814,-0.16546748957562404,0.420237324863405,-0.6106598248415547,-1.1703445195268378,-0.06371701755386408,-1.5899515266344757,-0.14873469150033825
2012-12-26,-1.6941349095167624,-0.16752481342323186,0.4405293447725285,-0.6090013579075412,-0.9458332696329447,-0.06306813248648177,-1.344898228677671,-0.34923668083909143
2012-12-27,-1.1215043987831363,-0.16951622126726593,0.45487951171874585,-0.6067785291143455,-0.5431600362545973,-0.06239036415901409,-0.926965639076477,-0.19453875970665935
2012-12-28,-0.4482890656057581,-0.17144120502745092,0.46202013861232905,-0.6039984901737154,-0.05722199670192509,-0.061688757100432756,-0.4323303103911951,-0.01595875521456297
2012-12-29,-0.058515140535132,-0.17329931625926492,0.46062047844734677,-0.6006702291984893,0.38796573556654507,-0.06096787636349049,0.013648792192647086,-0.07216393272777909
2012-12-30,0.3343085643015756,-0.17509004761780525,0.44946778679298494,-0.5968006735087509,0.6728778839793823,-0.060231579758525416,0.2902233698872857,0.044085194414289874
2012-12-31,0.7594968301624649,-0.1768128986502124,0.4275126395504188,-0.5923967776460558,0.7193931524751784,-0.05948139193193798,0.3182147237973911,0.44128210636507387
2013-01-01,0.2004793429689249,-0.17846739273334175,0.39396961164278943,-0.5874658268962973,0.5193287301176909,-0.0587175705288633,0.08864755160197789,0.111831791366947
2013-01-02,-0.697574955949036,-0.18005278066943017,0.3485386253308863,-0.5820049720386884,0.14404163768121753,-0.05793119654000995,-0.3274086862360247,-0.37016626971301125
2013-01-03,-1.020474756844755,-0.18156823858205748,0.29138687955085385,-0.5760082049073704,-0.273508156324458,-0.05711175306800316,-0.7968094733310352,-0.22366528351371973
2013-01-04,-1.060157460848247,-0.18301314531432536,0.22306464039636387,-0.5694761196720984,-0.5790048991481281,-0.05625596639790029,-1.1646854901360884,0.10452802928784144
2013-01-05,-1.445035449844194,-0.1843870038120079,0.14455874491527992,-0.5624132932691094,-0.6457039781112459,-0.05536567098182453,-1.3033112012589076,-0.14172424858528632
2013-01-06,-0.9096186205338948,-0.18568924765161104,0.057339770675603835,-0.5548214973538353,-0.4170250528384647,-0.054438257050722624,-1.1546342842190298,0.24501566368513505
2013-01-07,-0.3256534270517144,-0.1869196210704635,-0.036838833047457706,-0.5467126278090212,0.06936086497751381,-0.05347531835566075,-0.7545855353050894,0.428932108253375
2013-01-08,-0.1357733059397892,-0.1880779307874521,-0.13580920694512033,-0.5381003731716388,0.6889961276213105,-0.05248121613018817,-0.22547259941308892,0.08969929347329972
2013-01-09,-0.0792459238458733,-0.18916390728578839,-0.23695625677648458,-0.5289952828246866,1.2654877238594158,-0.051459516999086144,0.25891275997337015,-0.33815868381924347
2013-01-10,0.1009717050499706,-0.19017726749974717,-0.3373295473132712,-0.5194065269598145,1.621927983262054,-0.05041098346914717,0.5246036580200738,-0.4236319529701032
2013-01-11,0.3062177667746313,-0.1911177847938353,-0.4337339092262637,-0.5093444127137983,1.6337723097981411,-0.049337098587790215,0.45023910447645366,-0.14402133770182235
2013-01-12,-0.028341173975711,-0.19198525496384328,-0.5227617809970031,-0.4988197046454689,1.2673204147906698,-0.048244731542176685,0.005508942642178043,-0.033850116617889045
2013-01-13,-0.4837198967835923,-0.1927793030917883,-0.600886873882638,-0.4878366401867024,0.5922898284906384,-0.047132581129917236,-0.7363455698004076,0.25262567301681527
2013-01-14,-1.2101794615935115,-0.1934995159701903,-0.6646514262458103,-0.47639765436495923,-0.2368011168423782,-0.04599614902859681,-1.6173458624519348,0.40716640085842326
2013-01-15,-1.9774655517396873,-0.19414540626000423,-0.7108003375757893,-0.46450228295730794,-1.0230611044103053,-0.04482742501332154,-2.4373365562167284,0.4598710044770411
2013-01-16,-3.262441132845678,-0.19471649885976144,-0.7364717917173974,-0.45215020370814407,-1.5819695798672144,-0.04361862605181504,-3.0089267002043325,-0.25351443264134543
2013-01-17,-3.590160808140433,-0.19521219344751506,-0.7393358948349135,-0.4393363941616221,-1.7914462234679203,-0.042354466447120834,-3.2076851723590916,-0.38247563578134125
2013-01-18,-3.3288008776400986,-0.19563223103139007,-0.7179047511590257,-0.4260677573203123,-1.6258731809045033,-0.04103248240497095,-3.0065104028202025,-0.32229047481989603
2013-01-19,-2.5736524296398726,-0.19597658194835035,-0.6716593977180069,-0.41235899213207694,-1.1603989449602212,-0.03965441298013673,-2.480048329738792,-0.09360409990108076
2013-01-20,-1.778433388340669,-0.19624542474675252,-0.601117885280493,-0.39823196799839866,-0.5468212487132971,-0.03822739561828857,-1.78064392235723,0.0022105340165607945
2013-01-21,-0.8322146672322602,-0.19643900072747283,-0.5078109804924684,-0.38371095759049234,0.03255797080229991,-0.03676178513535962,-1.0921647531434935,0.25995008591123325
2013-01-22,-0.3016202295674571,-0.1965576451528989,-0.3942989156083013,-0.36882345160802504,0.4186700267624422,-0.03527173187918814,-0.5762817174859713,0.27466148791851425
2013-01-23,-0.1114875760069091,-0.19660160634184556,-0.2640917842398592,-0.353593214757965,0.5225376925978273,-0.033763529116594845,-0.3255124418584373,0.2140248658515282
2013-01-24,-0.5047963242637116,-0.19657106881863995,-0.12154362382116554,-0.33804120310453173,0.3497701449610566,-0.03223945748255891,-0.33862520826583953,-0.16617111599787204
2013-01-25,-0.7174141968359689,-0.19646607500210658,0.028329189158592952,-0.32218310203615896,-0.0038185344245112926,-0.03069761085200404,-0.5248361331561879,-0.19257806367978092
2013-01-26,-0.8599283923770551,-0.19628675899642328,0.17992458938292716,-0.30603718561781573,-0.38571071187662537,-0.02913730791573471,-0.7372473750236719,-0.12268101735338321
2013-01-27,-0.8502886219788585,-0.1960333090816865,0.32727379146721053,-0.28962298547775855,-0.6369888054381796,-0.027555330503460984,-0.8229266390338752,-0.027361982944983265
2013-01-28,-0.6167649080078946,-0.1957059957250123,0.464324688963336,-0.27296277091900273,-0.6446226870689217,-0.025951562008328245,-0.674918326757929,0.058153418750034325
2013-01-29,-0.2175985808987391,-0.19530518868366054,0.5852150993555432,-0.25608210460120107,-0.3785254086552692,-0.024327995399320693,-0.2690255979839083,0.0514270170851692
2013-01-30,0.3304608329658821,-0.19483133970079958,0.6845828061461576,-0.2390091662176616,0.09897685478807544,-0.022687774950724247,0.3270313800650476,0.003429452900834462
2013-01-31,1.0836651456697968,-0.19428497059137326,0.7578669940799808,-0.2217744707017535,0.6542492606988595,-0.02103571551715753,0.975021097968556,0.10864404770124081
2013-02-01,1.367461450165202,-0.1936666821599251,0.80156885810433,-0.20441111485962882,1.1267453474292273,-0.019378878317980488,1.510857530196023,-0.14339608003082094
2013-02-02,1.757042769376027,-0.19297694088276215,0.8135229158677215,-0.18694694357807853,1.3821998647364386,-0.01771640878619111,1.7980824873571284,-0.04103971798110129
2013-02-03,1.9785948956405612,-0.19221626265370903,0.7930247014118881,-0.16941118123812232,1.3541902660693388,-0.016054276677036034,1.7695332469123595,0.20906164872820177
2013-02-04,1.4055532510386992,-0.19138510307227657,0.7408696040357321,-0.15183028145435645,1.0623786462215992,-0.014396665211047967,1.4456362005196504,-0.04008294948095115
2013-02-05,0.896724086480704,-0.19048366270313707,0.6593425897610005,-0.1342208820864697,0.6015705785069374,-0.012737340699424555,0.9234712827789066,-0.026747196298202547
2013-02-06,0.3468822330492477,-0.18951217052914576,0.5519794903751934,-0.11659987472202107,0.10505705387478621,-0.011075054284909458,0.3398494447139034,0.00703278833534432
2013-02-07,-0.2529740850056198,-0.18847085401602043,0.4233089041656211,-0.09898348724935815,-0.30068479309804935,-0.00941136921101506,-0.1742415994088219,-0.07873248559679791
2013-02-08,-0.592014031444594,-0.1873599228220593,0.27847966271210933,-0.08138668214875372,-0.5342797197153267,-0.007742119923113136,-0.5322887818971436,-0.0597252495474504
2013-02-09,-0.6453884392341606,-0.18617969290945183,0.12292538405728318,-0.06382786945320142,-0.5781121226424509,-0.006066887159296286,-0.7112611881071172,0.06587274887295669
2013-02-10,-0.9071637377387028,-0.18493060517897417,-0.037949887750489186,-0.04632954675644181,-0.4723355598221809,-0.0043892811737247595,-0.7459348806818108,-0.16122885705689205
2013-02-11,-0.6045312415022743,-0.183613065632176,-0.19899471625957244,-0.02891265817971618,-0.28958049097938815,-0.002707874534578574,-0.7038088055854312,0.09927756408315691
2013-02-12,-0.4650338842496896,-0.18222767883147659,-0.35557968337599893,-0.011604820396866306,-0.10474375211267849,-0.001025802140486142,-0.6551817368575064,0.19014785260781675
2013-02-13,-0.5288582437982318,-0.18077503746951237,-0.5036073467330969,0.0055671460474259055,0.030204541635670747,0.0006538251920048994,-0.6479568713275078,0.11909862752927602
2013-02-14,-0.791794399342193,-0.17925570557157086,-0.6395688285451354,0.022578176658496235,0.09546280292875745,0.002331135385761922,-0.6984524191436907,-0.09334198019850226
2013-02-15,-0.9216431577119086,-0.1776702161689461,-0.760507111979739,0.0394048150662743,0.09694253507061132,0.004006605593674892,-0.7978233724181244,-0.12381978529378423
2013-02-16,-0.9390232254541336,-0.17601916217992336,-0.8639891382461277,0.056022045141934804,0.05076163764088837,0.005677757418182261,-0.9275468602250456,-0.011476365229088015
2013-02-17,-1.1869484130053805,-0.1743031862086121,-0.9480190829624958,0.0724038677530109,-0.030448127922090222,0.007340931136247713,-1.0730255982039394,-0.11392281480144106
2013-02-18,-1.399127645607293,-0.17252286342578377,-1.010915804690343,0.08852743326525872,-0.14176651729672773,0.008996749777395898,-1.2276810023701998,-0.17144664323709313
2013-02-19,-1.285747677222475,-0.17067876848474622,-1.0512727423534398,0.1043705263112698,-0.2803866298908121,0.010647403119453835,-1.3873202112982743,0.10157253407579936
2013-02-20,-1.2762531817053226,-0.16877156471264343,-1.0679610709608423,0.11990856090769461,-0.4347387220586953,0.012293197609048855,-1.5392695992154377,0.26301641751011506
2013-02-21,-1.515483314026762,-0.16680187533843344,-1.0601127342220091,0.13511922979870528,-0.5763052500382916,0.013937984740164474,-1.6541626450598645,0.13867933103310248
2013-02-22,-1.629844237913977,-0.16477024609729393,-1.0271632461026148,0.14998372840255683,-0.6626393347429427,0.015587684567163359,-1.689001413973131,0.05915717605915405
2013-02-23,-1.672170810276758,-0.16267727571054072,-0.9690056243757761,0.16448227089411793,-0.6530688533014006,0.017244347820537596,-1.6030251346730622,-0.06914567560369589
2013-02-24,-1.5527667815547512,-0.16052362233369194,-0.8861213710887902,0.17859425327254844,-0.5296543174935106,0.018906775662315547,-1.3787982819811289,-0.17396849957362237
2013-02-25,-1.3608430232868125,-0.15831003715421396,-0.779731673570183,0.19229744190656503,-0.31294798743766844,0.020572600387929466,-1.038119655867571,-0.32272336741924157
2013-02-26,-0.9200422514848736,-0.1560373470394478,-0.6518702147967222,0.2055687925292525,-0.0620288801171234,0.022239544354008923,-0.642128105070032,-0.2779141464148416
2013-02-27,0.0359337468865678,-0.15370651752759543,-0.50542031937316,0.21838232733064883,0.14420204976494924,0.02390294830145761,-0.27263951150369975,0.30857325839026756
2013-02-28,0.3244616012781017,-0.15131872674266084,-0.3440950056293382,0.23070671770372303,0.23875535687456498,0.02555471263328097,-0.00039694516043006084,0.32485854643853174
2013-03-01,0.4635515905711057,-0.14887498815084851,-0.17214460477132335,0.24251794332633497,0.19929256218606295,0.027192729067887358,0.14798364165811342,0.3155679489129922
2013-03-02,0.3437112277181259,-0.14637629412128034,0.005766340928013683,0.2537941650123361,0.06262559546644503,0.02881544984360877,0.20462525712912322,0.13908597058900268
2013-03-03,0.1121044784976529,-0.14382358000141623,0.18480072983265897,0.2645168137874432,-0.08597372246843746,0.030421228752318452,0.2499414699025669,-0.137836991404914
2013-03-04,-0.206744953184926,-0.14121775568279912,0.36014784710227626,0.2746696018472675,-0.1478134664832891,0.032009716536893947,0.37779594332034955,-0.5845408965052755
2013-03-05,0.3319530987851445,-0.13855970236263535,0.5272576687155912,0.2842384549909919,-0.05618069760239285,0.03358092147443615,0.650336645215991,-0.3183835464308465
2013-03-06,1.085482369356634,-0.1358505589759474,0.6819394989087761,0.29320168332131286,0.186906128451457,0.03512579699382142,1.0613225486994202,0.024159820657213782
2013-03-07,1.8569957617917432,-0.13309152743638203,0.8206172588053693,0.30153681044568537,0.5033168989701468,0.03663254432398665,1.529011985108806,0.3279837766829372
2013-03-08,2.3785977563963976,-0.13028380464610803,0.9404878084521847,0.3092228748709552,0.7651513076389939,0.03808828288489435,1.9226664692009199,0.4559312871954777
2013-03-09,2.0642714076620616,-0.1274284965881147,1.0396453908999528,0.3162433093622363,0.8468816546904367,0.03947953129814223,2.1148213896626533,-0.05054998200059169
2013-03-10,1.9062489973966403,-0.12452643297699734,1.1171286641123728,0.322592675217438,0.6825494642931461,0.040802454753353076,2.0385468253993126,-0.1322978280026723
2013-03-11,1.924100574531482,-0.12157846866874111,1.1727152894822055,0.3282665053396733,0.3009321602445324,0.042056533748449906,1.72239202014612,0.20170855438536206
2013-03-12,1.0800120930962471,-0.11858549705353609,1.2068282542133066,0.3332607866632327,-0.17605840093478356,0.043243030344865076,1.2886881732330846,-0.20867608013683747
2013-03-13,0.5815823710232447,-0.11554814869401114,1.220571188451883,0.33758215442281,-0.5739734298315018,0.04437089629743877,0.9130026606466188,-0.3314202896233741
2013-03-14,0.88281957117699,-0.11246715376162748,1.2154291611786732,0.34123539699277816,-0.7341156225853809,0.04544821961871372,0.7555300014431566,0.12728956973383332
2013-03-15,0.9175403824603776,-0.10934349387723363,1.1930985170493191,0.34421828135079324,-0.5789434405412619,0.04647663650927108,0.895506500490888,0.022033881969489633
2013-03-16,1.0425201000399444,-0.10617809459177127,1.1555481774912495,0.3465322733119033,-0.1461591587434761,0.04745845250182816,1.2972016499697339,-0.2546815499297894
2013-03-17,2.062455222071674,-0.10297193066676998,1.1048949500297933,0.3481792462513096,0.42093223596083057,0.048395781719598976,1.8194302832947624,0.24302493877691145
2013-03-18,2.5774636611359725,-0.09972627383625979,1.0432734056649968,0.349152853536024,0.9250954321475495,0.04928041338428326,2.267075830896594,0.31038783023937855
2013-03-19,2.388131693724373,-0.09644226524726904,0.9729715539221123,0.3494536479407664,1.1911034047892193,0.05010866185433008,2.4671950032591594,-0.07906330953478635
2013-03-20,2.4289893561953098,-0.0931208461166891,0.8964441106240842,0.3490913151270002,1.1314139808451302,0.050881270086092015,2.3347098305656178,0.094279525629692
2013-03-21,1.8558175639104264,-0.08976301459165405,0.8161382944559832,0.3480756299836063,0.7748235560463024,0.051597879616505395,1.900872345510743,-0.04505478160031662
2013-03-22,1.1461926390650414,-0.0863695664146991,0.7345615308907043,0.3464249037907617,0.24995770626264519,0.0522619449119494,1.2968365194413616,-0.15064388037632015
2013-03-23,0.5368826606487677,-0.08294122596252276,0.6540955421735848,0.3441616898014666,-0.27133862885318144,0.05288315540469786,0.6968605325640452,-0.15997787191527757
2013-03-24,0.3143404049664079,-0.07947873395513572,0.5768882438582086,0.34130927530495614,-0.644018737086012,0.05347149590361678,0.2481715440256338,0.06616886094077412
2013-03-25,-0.154540688881849,-0.07598295467542757,0.5047210748046363,0.3378879147657263,-0.80319942979288,0.054033685159079525,0.01746029026113466,-0.17200097914298365
2013-03-26,0.0010550609348774,-0.07245470063774864,0.43902168580813494,0.33392064037389174,-0.7777202598814451,0.05457602513318448,-0.022656609203982617,0.023711670138860018
2013-03-27,0.257761604384032,-0.06889498706155604,0.38066084326241867,0.32942465551966027,-0.6625357235447855,0.055101338991203334,0.0337561271669407,0.2240054772170913
2013-03-28,0.1482301099471304,-0.06530488098389582,0.32999645414518697,0.32441649700461633,-0.5619243319003289,0.055612309194546045,0.08279604746012467,0.06543406248700573
2013-03-29,0.1122924628056742,-0.06168535424551836,0.2869396908147844,0.3189171454554627,-0.5328389254513978,0.05611552713158399,0.06744808370491498,0.044844379100759224
2013-03-30,0.2388468526455065,-0.058037410756561165,0.25094922313482876,0.312947407174946,-0.5565948665122066,0.05661466200940256,0.00587901505040965,0.23296783759509687
2013-03-31,-0.0870702214514899,-0.054362116391182845,0.22105833678548378,0.3065270499558761,-0.551301013212189,0.0571106930298968,-0.020967049832115225,-0.06610317161937468
2013-04-01,-0.3429869243715298,-0.050660416921501555,0.1960174871474529,0.29968122201308756,-0.4188131596340138,0.0576076876804441,0.08383282028546923,-0.426819744656999
2013-04-02,0.2499610488779348,-0.04693328967223339,0.17431993258739764,0.2924351195719961,-0.1053778507163348,0.058107388511957354,0.3725513002827828,-0.12259025140484803
2013-04-03,0.8858665414633997,-0.043181982857629156,0.1542040419167207,0.28480560109179753,0.3548801392814867,0.05860088651690793,0.8093086859492838,0.07655785551411587
2013-04-04,1.377841881769188,-0.03940776146717185,0.13383680248214713,0.2768099461051404,0.8384778562655086,0.05907917246774901,1.2687960158533733,0.10904586591581467
2013-04-05,1.5767376955530783,-0.03561184068213455,0.11145442707355299,0.26846789753167455,1.1749973118992798,0.059533620705911484,1.5788414165282842,-0.002103720975205947
2013-04-06,1.5704873896332732,-0.03179533645209454,0.08546584000362671,0.2598032733615955,1.2177275496611184,0.05995829188860491,1.591159618462851,-0.020672228829577755
2013-04-07,1.4110110805771527,-0.027959288282860928,0.054494659458084384,0.2508431888900752,0.9119386875054115,0.06035186195773775,1.2496691095284478,0.16134197104870496
2013-04-08,0.81301210219099,-0.024104668750155118,0.01742268122504745,0.2416176951499524,0.3299382915703932,0.06071864876396716,0.6255926479592051,0.18741945423178485
2013-04-09,-0.1677711578261124,-0.020232305659831473,-0.026523982767018974,0.23216236194790962,-0.3447812662878085,0.06106942712934844,-0.09830576563740087,-0.06946539218871153
2013-04-10,-0.6682168164127127,-0.016342910529888097,-0.07776760409821566,0.22251727897350812,-0.881443418335434,0.0614208912070596,-0.6916157627829701,0.023398946370257412
2013-04-11,-0.998224984524764,-0.0124373515780817,-0.13645894287096608,0.21271745545619264,-1.0900008504357834,0.06178465548099405,-0.9643950339476445,-0.03382995057711957
2013-04-12,-1.0103347453879437,-0.008516570505613523,-0.2024208736826085,0.20279555598629065,-0.8956892073135161,0.062167766815887024,-0.8416633286995605,-0.16867141668838315
2013-04-13,-0.7124998578617763,-0.004581646238050461,-0.2751467700783998,0.1927795004175256,-0.37093011754106303,0.06256698161140532,-0.39531205182858237,-0.3171878060331939
2013-04-14,-0.0377473860722295,-0.0006337720802609741,-0.3538685846310933,0.18269367570158018,0.2898775888223709,0.0629783920770387,0.18104729988963553,-0.21879468596186502
2013-04-15,0.7074616182897597,0.0033257303809347554,-0.43756768959344566,0.17255843150914021,0.8428660908076012,0.06339705694459923,0.6445796200488297,0.06288199824092999
2013-04-16,1.4118019802776454,0.007295508200836385,-0.5249200735988201,0.16239308725537316,1.0863215099066585,0.06381650347171999,0.7949065352357679,0.6168954450418774
2013-04-17,0.8687576623363238,0.011274229934126261,-0.6142922368643068,0.15221742807597416,0.9348072694524517,0.06422937451891736,0.5482360651171627,0.32052159721916107
2013-04-18,0.0840688551586791,0.015260978086318851,-0.7036567502826117,0.14206515563688024,0.44881281700765385,0.06464385773980828,-0.03287394181195037,0.11694279697062947
2013-04-19,-0.8661168127519527,0.019254927356480597,-0.7907369767884954,0.13197222692080568,-0.19342190004473606,0.06506711133195854,-0.7678646112239866,-0.0982522015279661
2013-04-20,-1.854856720472972,0.023255318626499773,-0.8731313727115062,0.12197577986488321,-0.7654401118643868,0.0655071878300026,-1.4278331982545074,-0.4270235222184646
2013-04-21,-2.4097969573569347,0.02726141092579868,-0.9484481880845428,0.11211229079202777,-1.075916365809602,0.0659732420790909,-1.8190176100972275,-0.5907793472597072
2013-04-22,-2.039033624069444,0.031272327552850414,-1.0144819307136648,0.10241225635822665,-1.033974999306592,0.06647293152192837,-1.8482994145872516,-0.19073420948219244
2013-04-23,-1.2312589537172098,0.035286904897606684,-1.0693592828280223,0.09289477021661105,-0.6733846705278138,0.06700715844173089,-1.5475551197998874,0.3162961660826775
2013-04-24,-0.4769211648885861,0.03930384310038902,-1.111532810513613,0.08357253300947294,-0.1295436841500595,0.06757323380207415,-1.0506268847517364,0.5737057198631503
2013-04-25,-0.2097573789998324,0.04332185445340531,-1.13974841602558,0.07445706480983262,0.4163287869057379,0.06816797220057061,-0.5374727376560335,0.32771535865620116
2013-04-26,-0.3136798868818164,0.047339796037594084,-1.1530141363903936,0.06556355390401365,0.801499216785141,0.06879174471804576,-0.16981982494559916,-0.14386006193621725
2013-04-27,-0.2828522146192188,0.05135663532337371,-1.1506423448620575,0.0569099506153244,0.9297969248014138,0.06944848006357116,-0.04313035405837454,-0.23972186056084424
2013-04-28,-0.2891630192481019,0.05537128170519926,-1.1323205690412432,0.048511418726533716,0.7892294419784167,0.07013956165738663,-0.16906886497370702,-0.12009415427439488
2013-04-29,-0.61395398358157,0.05938262866614062,-1.0981055981663743,0.040382054227225433,0.4399259385647664,0.07086616849116362,-0.4875488082170784,-0.12640517536449164
2013-04-30,-0.8945308463921005,0.0633896408337922,-1.0484036745528373,0.03253785856960409,-0.017114986767219308,0.07163334271425773,-0.8979578192024027,0.0034269728103022423
2013-05-01,-1.1881048317913494,0.06739124646909007,-0.9840060280502221,0.02499263078840365,-0.4753753290606349,0.07244493936682035,-1.294552540486543,0.1064477086951936
2013-05-02,-1.6241457644040744,0.07138635558074165,-0.9060739288261884,0.017758511950132935,-0.8479057869773428,0.07330419917012586,-1.5915306491025307,-0.03261511530154371
2013-05-03,-1.9075702409859605,0.0753738964197983,-0.8160903665677562,0.01084714225070213,-1.07751849443837,0.07421348857608173,-1.733174333759544,-0.1743959072264165
2013-05-04,-1.4271901086460566,0.07935274204922542,-0.7158708614944063,0.004267042450164807,-1.1359035664861084,0.07517365589759417,-1.6929809875835302,0.26579087893747366
2013-05-05,-1.370140331242913,0.08332151932810607,-0.6075481085621677,-0.0019831887004997384,-1.0191084147098208,0.07617294322134276,-1.4691452494230395,0.09900491818012647
2013-05-06,-1.085928974374258,0.08727898124902811,-0.4934017981404004,-0.007901371022241144,-0.7434294334406346,0.07720524685204178,-1.0802483745022062,-0.005680599872051717
2013-05-07,-0.550933844344603,0.09122381274542238,-0.37585927778723816,-0.01348852881882208,-0.34760114864308705,0.0782629929356889,-0.567462149568036,0.01652830522343296
2013-05-08,0.0662870792039366,0.09515463203091971,-0.25741599061318027,-0.0187491443461245,0.10560824277272743,0.07933585519970918,0.003933595044051552,0.06235348415988505
2013-05-09,0.1640519395509409,0.09907003782571341,-0.14052924174428275,-0.02368950800077821,0.5342863565439423,0.08041108404386375,0.5495487286684585,-0.3854967891175176
2013-05-10,0.903598542401112,0.1029688044242071,-0.027509799138501875,-0.028310582761372438,0.8528563877401261,0.0814858367258378,0.9814906469902966,-0.07789210458918461
2013-05-11,1.306560277871012,0.10684952222434405,0.07944724682540497,-0.03262088526828136,0.9935475661693406,0.08255012160725785,1.2297735715580662,0.07678670631294571
2013-05-12,1.4762995323034918,0.11071089289927796,0.1784485390329558,-0.036626093360535475,0.9305084612923524,0.08359713376321395,1.2666389336272648,0.209660598676227
2013-05-13,1.1253805695301675,0.11455170610358681,0.26791171948559084,-0.040329314919200804,0.692256289032174,0.0846280352106082,1.119018434912759,0.0063621346174085325
2013-05-14,0.8964367864196123,0.1183709114779992,0.3466795879901021,-0.04372892583290296,0.35635602359817065,0.08564845201739059,0.8633260492507596,0.03311073716885271
2013-05-15,0.618970752427768,0.12216743327186387,0.413947750410248,-0.04682512038819417,0.024646915683085104,0.08666381281187363,0.6006007917888764,0.018369960638891625
2013-05-16,0.5519744551143815,0.12594021847495526,0.4692924996425439,-0.049618344709287596,-0.2107367063265254,0.08767960992848566,0.42255727701017176,0.12941717810420972
2013-05-17,0.2522365676070999,0.12968814614690685,0.5126442852290078,-0.05211269690130717,-0.298488219706512,0.08869470318631283,0.38042621795440834,-0.12818965034730845
2013-05-18,0.1737590045166826,0.13341016540966613,0.5442887885015458,-0.054310953575234897,-0.24237537547364976,0.08970916145283224,0.4707217863151596,-0.296962781798477
2013-05-19,0.6585074616197947,0.13710516366082157,0.5647606599674322,-0.05621889155087603,-0.0944679163367593,0.09072302656724679,0.6419020423078652,0.016605419311929492
2013-05-20,0.9453950406211632,0.14077184669307982,0.5748206777083019,-0.057849629697775504,0.07021249106354029,0.09172587642603247,0.819681262193179,0.12571377842798415
2013-05-21,0.9808566534372158,0.14440897704369732,0.5754928626785788,-0.05921502777411074,0.18705695277454154,0.09270854799636798,0.9404523127190748,0.04040434071814103
2013-05-22,1.1356114723509494,0.1480154141040878,0.5680082401118091,-0.06032409477486038,0.22651706702204277,0.09366915354883244,0.9758857800119117,0.15972569233903766
2013-05-23,1.0088778388270498,0.15159000665246322,0.5537551723129125,-0.06118713254125767,0.1998949357194443,0.09460478778559768,0.9386577699291601,0.07022006889788979
2013-05-24,0.7405006014170255,0.15513171527676442,0.5342701917474477,-0.06181146677665331,0.14623746851444894,0.09551577681008086,0.8693436855720886,-0.12884308415506318
2013-05-25,0.6846425177063672,0.15863957258229563,0.51113377982558,-0.06220254564857303,0.10671879447136688,0.09640776401523037,0.8106973652458999,-0.12605484753953267
2013-05-26,0.7335513186279666,0.16211257939919654,0.4858692752614936,-0.062367666877607295,0.10024881163535088,0.09728707154752292,0.7831500709659567,-0.04959875233799005
2013-05-27,0.6377852749436016,0.16554971727473952,0.45992654111914544,-0.06231571437132839,0.11334779522290958,0.09815580078854205,0.7746641400340082,-0.1368788650904066
2013-05-28,0.9313234079125996,0.16895001304597435,0.4346426642755228,-0.06205455245178165,0.10892047313337211,0.0990152131703797,0.7494738111734673,0.18184959673913226
2013-05-29,0.8570746779354406,0.172312380765916,0.4111083671871387,-0.06159608411560294,0.04820799320585693,0.09986370917166545,0.6698963662149742,0.1871783117204664
2013-05-30,0.6594491632452545,0.1756358470547013,0.39022117729637934,-0.060948335509364196,-0.0835820234831963,0.10070378065372898,0.5220304460122491,0.13741871723300536
2013-05-31,0.1343908763600073,0.17891946232975958,0.37262294416901276,-0.06011817284136586,-0.26386261762501506,0.10153924530681599,0.32910086133920746,-0.19470998497920017
2013-06-01,-0.0182742212925126,0.18216236432376803,0.3586913703987185,-0.05910885448794988,-0.4377370781317555,0.10237890914507113,0.1463867112478523,-0.1646609325403649
2013-06-02,0.0020782586386983,0.18536355728698864,0.3484709204588566,-0.05792788154893505,-0.5415307473877428,0.10322544596949586,0.03760129477866332,-0.03552303613996502
2013-06-03,0.1097912877551716,0.1885219823875712,0.34169450797454975,-0.0565846748794155,-0.5321368074557983,0.10407879073372739,0.045573798760634554,0.06421748899453704
2013-06-04,0.2168106626944832,0.19163655237676933,0.33783477835911824,-0.05508969010208674,-0.40898701436037205,0.10493457217598912,0.1703291984494179,0.0464814642450653
2013-06-05,0.4513931945238226,0.1947061905872627,0.3361507215345556,-0.05345332468812662,-0.21720083070413582,0.10578454582377128,0.3659873025533271,0.08540589197049547
2013-06-06,0.5463030412873975,0.19772980516145258,0.33569148267034626,-0.05168674402676163,-0.029506802449788205,0.1066187280639137,0.5588464694191627,-0.012543428131765233
2013-06-07,0.7015006906108049,0.2007063908094165,0.3353418801168056,-0.049798203141993264,0.08617625278236354,0.10743334219207114,0.6798596627586635,0.021641027852141392
2013-06-08,0.556871148378753,0.20363494970251983,0.33388251730666,-0.04779604799096794,0.09792429005309608,0.10822219320746625,0.6958679022787743,-0.1389967539000213
2013-06-09,0.5519740364014545,0.20651460543200084,0.3300323974255622,-0.04568434342480128,0.02623097394454709,0.10898680777520481,0.6260804411525136,-0.07410640475105912
2013-06-10,0.6950597681621415,0.2093444620306993,0.32247811709937163,-0.04346806633973374,-0.06402576992190334,0.1097279033341771,0.534056646202611,0.1610031219595306
2013-06-11,0.6187434089816911,0.21212359362756653,0.30995269973585177,-0.04115367119224285,-0.09198335140912506,0.11044252784522529,0.4993817986072757,0.1193616103744154
2013-06-12,0.4978299733410301,0.21485115112699285,0.29134107637391254,-0.038745237020814435,0.002587662560113165,0.11112959224387299,0.5811642452840772,-0.0833342719430471
2013-06-13,0.8266342965300915,0.21752632024434204,0.2657379601187724,-0.03624583847034417,0.22971629013214107,0.11179051305437422,0.7885252450792856,0.0381090514508059
2013-06-14,0.859917643038183,0.22014817374654916,0.23250930514483542,-0.033662882826769755,0.5402136389450863,0.11242136490426949,1.0716295999139707,-0.2117119568757877
2013-06-15,1.1924217549428195,0.2227159021540868,0.19145755672673614,-0.030999824689978986,0.8431142512342122,0.11302321435548834,1.3393110997805444,-0.14688934483772487
2013-06-16,1.6309847252710403,0.2252286462940384,0.1428203673461153,-0.02826181598092313,1.0395869829695286,0.11359809426038878,1.4929722748891479,0.13801245038189247
2013-06-17,1.752245257489278,0.22768555021691375,0.08739520599919509,-0.025454153710691874,1.0610237106180271,0.11414408128998632,1.4647943944134305,0.28745086307584744
2013-06-18,1.2119564324620515,0.23008589251153802,0.02658510152375372,-0.022577521301877373,0.8947753501173704,0.11466211068726735,1.2435309335380522,-0.03157450107600068
2013-06-19,0.886955234503415,0.23242917976164726,-0.037602579838785365,-0.019624457331442732,0.5869029740329859,0.11516024139250275,0.8772653580169079,0.009689876486507099
2013-06-20,0.4009911744694384,0.23471486376861062,-0.10272809512287127,-0.016589143403115875,0.2205949902615434,0.11564208373404372,0.45163469923821054,-0.05064352476877215
2013-06-21,-0.0695248993041455,0.23694243443639218,-0.1659859794819744,-0.013464148338055357,-0.11702074818677738,0.11610843805451705,0.056579996484102085,-0.12610489578824757
2013-06-22,-0.4378672502969821,0.23911137558700263,-0.22442416310880225,-0.010241818581422674,-0.3669060996417441,0.11656230753907176,-0.2458983982058946,-0.1919688520910875
2013-06-23,-0.3145634221571113,0.241221139067465,-0.2750940130807832,-0.0069158106053170965,-0.5151829149763003,0.1170041369564694,-0.4389674626384662,0.1244040404813549
2013-06-24,-0.4111485666973675,0.2432710384551714,-0.3152640473492468,-0.0034853538339223583,-0.5898007870194651,0.11742737573004292,-0.54785177401742,0.13670320732005253
2013-06-25,-0.5374463558830219,0.24526048568709916,-0.3425310734063844,5.278412179753056e-05,-0.6387988125689812,0.11783079848297576,-0.6181858176834931,0.0807394618004712
2013-06-26,-0.7397737092884776,0.24718894584524262,-0.3549878239659969,0.0037022883939108464,-0.7034238674230376,0.11821632433438777,-0.6893041328154933,-0.050469576472984334
2013-06-27,-0.836837582350031,0.24905594018904706,-0.3513187230473949,0.007467211859397929,-0.7974728376562041,0.11858548476498276,-0.7736829238901713,-0.06315465845985968
2013-06-28,-0.9211990936409468,0.2508609797384869,-0.3309462759097687,0.011350280252083178,-0.9019702560380365,0.11894088197421679,-0.8517643899830183,-0.06943470365792848
2013-06-29,-0.8359753664405535,0.252603574646128,-0.2940798004725503,0.015353511093460837,-0.9756526133131328,0.11928535075042222,-0.8824899772956719,0.04651461085511843
2013-06-30,-0.7482069119176872,0.2542831742744131,-0.24175581755553693,0.01947620675617808,-0.9754236122678953,0.11961830910320795,-0.8238017396896331,0.07559482777194593
2013-07-01,-0.6191120135372159,0.25589921426889106,-0.17582924790959345,0.023716838289430053,-0.8757903837022473,0.11993957401246974,-0.6520640050410498,0.03295199150383388
2013-07-02,-0.39512414069446,0.2574511076457426,-0.09892404649440908,0.028072496299162912,-0.6788921443788499,0.12024772815166623,-0.3720448587766873,-0.023079281917772698
2013-07-03,-0.1595175981569584,0.25893824810561783,-0.014345233680301953,0.03253854721929394,-0.4113309200800767,0.12053928730838864,-0.013660071127078233,-0.14585752702988017
2013-07-04,0.3091671872861166,0.2603600542457623,0.0740624778786908,0.03710982260042433,-0.11080615890822317,0.1208103429776075,0.3815365387942618,-0.07236935150814522
2013-07-05,0.8074402432861797,0.2617159152743099,0.1620526496423738,0.04177861696224456,0.1891049571171831,0.12105564888437503,0.7757077878804863,0.03173245540569336
2013-07-06,1.2786533094347097,0.26300524924845553,0.24522831544514653,0.04653654797881375,0.4686200542428828,0.12126724620247546,1.144657413117774,0.13399589631693565
2013-07-07,1.542777323331983,0.26422752780017406,0.3192456622772072,0.051375747007438695,0.7208686857392229,0.12143907664903404,1.477156699473077,0.0656206238589061
2013-07-08,1.80953509503635,0.26538232966912284,0.38006968048727924,0.056290774466377494,0.942338033246939,0.12156818616998705,1.7656490040397057,0.04388609099664431
2013-07-09,1.979444669150198,0.2664692798947026,0.42417143529116774,0.06127670557864953,1.1207354940110992,0.1216528750930513,1.9943057898686702,-0.014861120718472343
2013-07-10,2.0820822850347427,0.2674880818835873,0.44873682866068737,0.06633054188205978,1.2291835138072293,0.1216941787816114,2.133433145015175,-0.05135085998043243
2013-07-11,2.0324563083881095,0.2684385078664718,0.4518239817076281,0.07145100875210054,1.2313377605503906,0.12169515071056876,2.14474640958716,-0.11229010119905025
2013-07-12,1.9227125999455208,0.2693204157692535,0.4324930878830673,0.07663926769164459,1.0968417881711072,0.12165970874683989,1.9969542682619124,-0.07424166831639156
2013-07-13,1.7803699141321414,0.270133716005339,0.3908222842960344,0.08189808083131202,0.8200336017789921,0.12159364333308116,1.6844813262447584,0.09588858788738297
2013-07-14,1.2558703299679708,0.2708783480541222,0.32788348475084556,0.08723105371534887,0.43256518731005367,0.12150280839237146,1.240060882222742,0.015809447745228855
2013-07-15,0.6390748433007493,0.27155437790082476,0.24569842498951908,0.09264586113918744,0.002503737406382836,0.12139603274451669,0.7337984341804308,-0.09472359087968152
2013-07-16,0.3879251298323648,0.2721619068380108,0.1470579627155856,0.0981509679945501,-0.38314516742728827,0.12128320232112547,0.2555088724419837,0.1324162573903811
2013-07-17,0.0748618785415962,0.27270092885306285,0.03530623643248705,0.1037503061427347,-0.6463850875769227,0.121168578859731,-0.11345903728890715,0.18832091583050337
2013-07-18,-0.4339388989858624,0.27317145405098425,-0.08578170007598808,0.10944727281710795,-0.7445340726914736,0.12105327738094784,-0.3266437685184217,-0.10729513046744071
2013-07-19,-0.4815744655970673,0.2735735423072746,-0.21217137700882094,0.11524585106602628,-0.6848578833154488,0.12093749990007181,-0.3872723670508971,-0.09430209854617017
2013-07-20,-0.3268166904974113,0.2739071048175867,-0.3398181624363137,0.12114366889765857,-0.5212511889890561,0.12081572486334899,-0.34520285284677554,0.018386162349364243
2013-07-21,-0.3000876113285673,0.2741719970323311,-0.46477997216542194,0.12713523801010254,-0.3319991668577837,0.12068304025168014,-0.2747888637290919,-0.025298747599475424
2013-07-22,-0.4219330410801231,0.2743681213210039,-0.5832690028704317,0.13321555054657613,-0.18855151467955827,0.12053953956505487,-0.24369730611735507,-0.178235734962768
2013-07-23,-0.275238188650558,0.2744954400011205,-0.6917060174853888,0.13938046991977499,-0.12884620055971854,0.12039085724112411,-0.28628545088308777,0.011047262232529775
2013-07-24,-0.1995686335649944,0.27455386517326574,-0.7868025080673717,0.14562269349180132,-0.14667614822864328,0.1202438536404144,-0.3930582439905335,0.1934896104255391
2013-07-25,-0.4357029221372147,0.2745433632091341,-0.8655344329981444,0.1519353936309124,-0.2002764206901132,0.12010735970189355,-0.5192247371463174,0.08352181500910277
2013-07-26,-0.6213369123643555,0.27446401696667483,-0.9251344600520899,0.1583143654235227,-0.236742922346211,0.11999029846186882,-0.6091087015462345,-0.012228210818120977
2013-07-27,-0.704612466624601,0.2743159178130471,-0.9631970781934924,0.16475424147199766,-0.2212639163436514,0.11989678374861551,-0.6254940515034835,-0.0791184151211175
2013-07-28,-0.5502959738166636,0.27409915307614646,-0.977795556947094,0.17124825122724427,-0.15639036079587243,0.11982765485447734,-0.5690108585850983,0.018714884768434636
2013-07-29,-0.4992391182856686,0.2738137543150531,-0.9676290357328879,0.177786914887033,-0.08227576412298934,0.1197806141714673,-0.4785235164823239,-0.020715601803344696
2013-07-30,-0.4021151665136503,0.27345979426736033,-0.9321078696712553,0.1843613918988548,-0.056466594641347775,0.11975313543893287,-0.411000142707455,0.008884976193804683
2013-07-31,-0.4997811972513284,0.273037343012108,-0.8715081967381058,0.19096206430993068,-0.12298215006376034,0.11974324769223203,-0.41074769178759535,-0.08903350546373306
2013-08-01,-0.4857306238193424,0.272546538238274,-0.7870535360569566,0.19758122473665315,-0.28410607374707647,0.11975435266421636,-0.48127749416488946,-0.004453129654452936
2013-08-02,-0.6138359645344049,0.27198747417804964,-0.6809665782858872,0.2042092270537588,-0.48982443918299307,0.11978771413243154,-0.5748066021046404,-0.039029362429764514
2013-08-03,-0.5435609701710852,0.27136028234657333,-0.5564141893310707,0.21083715610827747,-0.6505022576232475,0.11984529573114054,-0.6048737127683269,0.06131274259724173
2013-08-04,-0.4300905998250986,0.2706650327942329,-0.41744887132166386,0.21745342927384614,-0.6706113518622391,0.11992701833602026,-0.4800147427798037,0.0499241429547051
2013-08-05,-0.0683010857471279,0.2699017760521465,-0.2687950545050266,0.22404524283412142,-0.48931702561444174,0.120030074806716,-0.14413498642648442,0.07583390067935653
2013-08-06,0.4851544601519626,0.269070483210835,-0.11562710167413062,0.23059666684077157,-0.11173535525976488,0.12014746788876468,0.3924521610064758,0.09270229914548683
2013-08-07,0.952938117128374,0.2681710744439056,0.03674070570839911,0.2370894545864383,0.3839421293705314,0.1202680123895136,1.046211376498788,-0.09327325937041397
2013-08-08,1.5273827277146583,0.26720352154299243,0.18320016730132926,0.24350660539086047,0.8682231439010079,0.12038048216559727,1.6825139203017874,-0.15513119258712904
2013-08-09,2.1573406514612707,0.2661678045874408,0.3191147829533321,0.24983115359835367,1.2033063338848407,0.12047503133827836,2.158895106362246,-0.0015544549009751663
2013-08-10,2.390628784917432,0.26506393564961567,0.44058348932044444,0.2560470152492599,1.2920467526061246,0.1205442185953513,2.374285411420796,0.016343373496635838
2013-08-11,2.2690543889439314,0.26389209811657566,0.5447056413344827,0.2621433798123887,1.1141323386028743,0.12058371655786028,2.305457174424182,-0.036402785480250444
2013-08-12,2.0661697039825797,0.262652647244466,0.6296257149825302,0.26811506139372654,0.7343062443240986,0.12059866295305871,2.0152983308978802,0.05087137308469947
2013-08-13,1.6701342360387328,0.26134599896700006,0.6945293023687319,0.27395851067878446,0.2793245677414635,0.12059508041746092,1.629753460173441,0.040380775865291874
2013-08-14,1.326073510785256,0.2599726540536523,0.7395626793965612,0.27967249128132327,-0.10707280760821972,0.12058045576554388,1.292715472888861,0.03335803789639491
2013-08-15,1.1133245531800504,0.2585331210981757,0.7656531023787647,0.2852552547913199,-0.31498619536839856,0.12056097961277301,1.1150162625126345,-0.0016917093325841126
2013-08-16,1.2357074114335669,0.25702788991963077,0.7742990974360461,0.29070374197001214,-0.30552097317667076,0.12054236536174684,1.137052121510765,0.09865528992280193
2013-08-17,1.367323046324859,0.2554573471993824,0.7673716834927728,0.2960106235247446,-0.12136377107764831,0.12052315790344581,1.3179990410426974,0.04932400528216152
2013-08-18,1.5005945198204536,0.2538218863148605,0.7469278471036502,0.30116841566440217,0.13281712175220095,0.12050407070901296,1.5552393415441268,-0.05464482172367324
2013-08-19,1.5026562359487432,0.2521219014420619,0.7150796622928541,0.30616929013230376,0.3307696925166775,0.12048501698685972,1.724625563370757,-0.2219693274220138
2013-08-20,1.5417251434846098,0.25035782787507843,0.6738860347963865,0.31100672218762265,0.3707469078782961,0.12046757568897282,1.7264650684263565,-0.18473992494174674
2013-08-21,1.5443588957482892,0.2485300903261421,0.6252470798389261,0.3156740138512336,0.21017475048904447,0.12045437631930288,1.5200803108246492,0.02427858492363999
2013-08-22,1.4274494215970228,0.24663913217207217,0.5708815462590873,0.3201652594941776,-0.12179881520560926,0.12044873771327778,1.1363358604330056,0.2911135611640172
2013-08-23,0.7321934354231265,0.24468544634781697,0.5123388869957319,0.3244762793292613,-0.5365729179402732,0.12045362809515911,0.6653813228276961,0.0668121125954304
2013-08-24,0.3956566353034229,0.24266971885701263,0.4510609041594201,0.328609443554849,-0.9163638247601432,0.12047596252576792,0.22645220433690633,0.16920443096651655
2013-08-25,-0.0325591674663572,0.2405925460233293,0.3882848116925759,0.33256375310847486,-1.1525540680372788,0.1205169913835635,-0.07059596582933517,0.038036798362977964
2013-08-26,-0.3239932372233337,0.2384545738199374,0.32512705801539843,0.33633926817559234,-1.1763107598643572,0.12057575762779496,-0.15581410222563405,-0.16817913499769963
2013-08-27,-0.4538621715383822,0.23625642993726792,0.26256498782919147,0.3399347050720393,-0.9752210820247221,0.1206496030864879,-0.015815356099735473,-0.43804681543864676
2013-08-28,0.3247096347610819,0.2339987084808297,0.20145506169277172,0.34334697562335237,-0.5924586596434271,0.12073489189475789,0.30707697804828454,0.017632656712797345
2013-08-29,0.8560040710132183,0.23168174263538452,0.1424764805209108,0.34656322990999655,-0.11261056940021062,0.12081903406481785,0.7289299177308991,0.1270741532823192
2013-08-30,1.3515600438201671,0.2293059583060221,0.08629424628598122,0.34957304010239215,0.3624741346472433,0.12089257962699806,1.148539958968637,0.20302008485153022
2013-08-31,1.584124064411713,0.22687180447315466,0.03355452626109894,0.3523661074062902,0.7371375472377599,0.12094656647725877,1.4708765518555627,0.11324751255615029
2013-09-01,1.7300851629027076,0.22437983043805843,-0.015096692438248148,0.3549350471117927,0.9416981531881861,0.12097657634491739,1.6268929146447064,0.10319224825800122
2013-09-02,1.4663777376080869,0.22183063908962905,-0.05902923000708467,0.35727344451222864,0.9449949559459927,0.12097874261670054,1.5860485521574663,-0.11967081454937945
2013-09-03,1.1577742206594708,0.21922499269593582,-0.09762696225751477,0.35937964738917005,0.7598405820987165,0.12095535362386381,1.3617736135501715,-0.20399939289070068
2013-09-04,0.8006140757910676,0.2165636984606989,-0.1303719852319378,0.36125303618775456,0.4397458606952211,0.12091173111542731,1.0081023412271641,-0.20748826543609655
2013-09-05,0.6885155340185516,0.21384760508603295,-0.15688580514942763,0.36289402439890606,0.06816660415829248,0.12085556485526847,0.6088779933490723,0.07963754066947926
2013-09-06,0.5093024534832955,0.21107750418285617,-0.17697251583614124,0.36430039499296335,-0.2597567051797807,0.12078853983965794,0.2594372179995555,0.24986523548374
2013-09-07,0.1969517101805219,0.20825423386186853,-0.19064634645178793,0.3654712046746498,-0.45946833981980284,0.12071321002067367,0.044323962285601176,0.15262774789492073
2013-09-08,0.0609651616647322,0.20537869149109622,-0.1981562095220562,0.366407250402673,-0.47956214970837746,0.12063239063800058,0.014699973301336156,0.04626518836339604
2013-09-09,0.0953345554932443,0.20245173904699632,-0.2000407856508398,0.3671075749697808,-0.3181823053794329,0.12054493912807884,0.17188116211458332,-0.07654660662133903
2013-09-10,0.2356671975503466,0.1994742181626879,-0.19713627420037802,0.36756967818553044,-0.026081355897536344,0.12044694098680254,0.4642732072371065,-0.22860600968675993
2013-09-11,0.49560331472478,0.19644697209212703,-0.19057051762878444,0.36779049492518645,0.3065446695021858,0.12033592466412858,0.8005475435548434,-0.3049442288300634
2013-09-12,1.0509286463996133,0.1933708309637768,-0.18170061154318934,0.36776584791049355,0.5769851834706223,0.1202085426996538,1.0766297935013571,-0.02570114710174387
2013-09-13,1.4588812630117425,0.19024655729146817,-0.1720440867348108,0.36748851291676365,0.7026905988450848,0.12005763705110124,1.2084392193696072,0.2504420436421353
2013-09-14,1.5480615410996768,0.1870749805167006,-0.16312863107294368,0.36695311902893735,0.6491846076040925,0.1198779422460685,1.1599620183228554,0.38809952277682136
2013-09-15,1.0894008325012436,0.18385704117524612,-0.15636751515267727,0.36615813009650144,0.4415440338760975,0.11966969510638788,0.9548613851015556,0.13453944739968804
2013-09-16,0.6453325983163906,0.1805938557216487,-0.15289439866689084,0.36510791218554883,0.15457896936663518,0.11943777692635771,0.6668241155332996,-0.021491517216909006
2013-09-17,0.1427955543492062,0.17728654610230876,-0.15351320727643386,0.3638066779689971,-0.1162470351134334,0.1191851424032238,0.3905181240846624,-0.2477225697354562
2013-09-18,-0.1441669476874283,0.17393625949061423,-0.158604980407245,0.3622592096997323,-0.2909109075958132,0.1189152167401658,0.20559479792745416,-0.3497617456148825
2013-09-19,-0.0283028973370851,0.1705440835204234,-0.16807578381591712,0.36046766023090626,-0.33487093557570097,0.11862769561169476,0.14669271997140634,-0.17499561730849145
2013-09-20,0.364818680555742,0.16711098798388763,-0.18133071418490088,0.35842949937073143,-0.2704905267513492,0.11831678058164986,0.19203602700001882,0.1727826535557232
2013-09-21,0.3593464171400634,0.16363785447466553,-0.19725048147205865,0.3561388264411719,-0.1649272769417048,0.11797392353796314,0.2755728460400371,0.08377357110002626
2013-09-22,0.4552157830001445,0.16012567583571463,-0.2141400523863597,0.353593501676463,-0.09929584301340852,0.1175957045146176,0.31787898662702696,0.13733679637311752
2013-09-23,0.6095195608487701,0.15657541579320222,-0.22987216087643986,0.3507904334016721,-0.13383728716373194,0.11718137543717377,0.2608377765918763,0.34868178425689383
2013-09-24,0.2040894284368278,0.1529880132921454,-0.24197977082891065,0.34772574658626393,-0.2820767239607112,0.11673044195775364,0.09338770704654112,0.1107017213902867
2013-09-25,-0.435581842833507,0.14936457352514584,-0.24773901733959097,0.34440131101480054,-0.5047890763632981,0.11624822336105577,-0.1425139858018869,-0.2930678570316201
2013-09-26,-0.4802312041558241,0.14570628416179796,-0.2444060295355395,0.3408214419279192,-0.7275533812835157,0.11574196881080154,-0.3696897159185365,-0.1105414882372876
2013-09-27,-0.6260965865213908,0.14201417655529386,-0.22957670326297705,0.33698479256095165,-0.8733443227888857,0.11521635198560706,-0.5087057049500102,-0.11739088157138056
2013-09-28,-0.8429629253180198,0.13828932565551108,-0.20131813615662802,0.33289113237987633,-0.8934645695716102,0.11467622226383706,-0.5089260254290138,-0.334036899889006
2013-09-29,-0.5132404956360805,0.1345328502918278,-0.15841178317365698,0.32854135675622204,-0.7852867381573705,0.11412809094480507,-0.36649622333817256,-0.14674427229790798
2013-09-30,0.2722932248914015,0.13074572243404423,-0.10060730819780436,0.3239308258236014,-0.5890523237691088,0.11357201059079422,-0.1214110731184733,0.39370429800987483
2013-10-01,0.7118810323025233,0.12692878552478173,-0.02875593827770099,0.3190504865900939,-0.3644827824105549,0.11300425979449169,0.16574481122111145,0.5461362210814118
2013-10-02,0.5728688634651045,0.12308298341620952,0.05525291593710832,0.31389477816245875,-0.15869448675793243,0.11242266407896007,0.4459588548368042,0.12691000862830026
2013-10-03,0.4884218409349277,0.11920942944449762,0.14856667135124482,0.30846399548426895,0.01763559453054226,0.1118284681533967,0.7057041589639503,-0.21728231802902265
2013-10-04,0.7752193048447737,0.11530921506410008,0.24744606007612416,0.3027575984644663,0.19347117541957332,0.1112185300102489,0.9702025790345126,-0.19498327418973882
2013-10-05,0.967769087735553,0.11138332811269092,0.3474093152189114,0.29677180158311706,0.4186295810682511,0.11058911266342816,1.2847831386463986,-0.31701405091084556
2013-10-06,1.352212069011262,0.10743278141093077,0.44363591891430354,0.2905036251354908,0.7313861654956472,0.10993357024110798,1.6828920611974802,-0.33067999218621824
2013-10-07,2.382240933107334,0.10345854278640665,0.5312751238700449,0.28394864976154366,1.1261216228216198,0.10924224480749851,2.1540461840471132,0.22819474906022075
2013-10-08,2.988016834364747,0.09946140350758105,0.6057603036118885,0.2770966708374998,1.5378778422506758,0.10849902059126532,2.6286952407989106,0.3593215935658365
2013-10-09,3.267571447996363,0.0954423115652208,0.6632558571439457,0.2699438136283569,1.855254349319173,0.1076974593897662,2.991593791046463,0.27597765694989995
2013-10-10,3.20920230022367,0.09140233507116406,0.7009989550672171,0.2624909906157054,1.9563661627762134,0.10683248969582154,3.1180909332261217,0.09111136699754807
2013-10-11,2.6841822291087745,0.0873426954881342,0.7174835123576381,0.2547452292674669,1.7561776909758648,0.10590598496916438,2.9216551130582684,-0.23747288394949395
2013-10-12,2.0819819955028347,0.08326480635602665,0.7125792203689528,0.2467208913678382,1.2460170827814956,0.10492672510133765,2.3935087259756505,-0.31152673047281576
2013-10-13,1.5616696266956644,0.07917014917183549,0.6874618912808905,0.2384352947773432,0.5074186996840891,0.10390546916778969,1.6163915040819479,-0.054721877386283424
2013-10-14,0.7439756011717045,0.07506022295988662,0.644484425917684,0.22990637263682684,-0.30647728854449247,0.10284930757322976,0.7458230405431348,-0.0018474393714302817
2013-10-15,0.013737662555307,0.07093665706154009,0.5869720648875373,0.2211564184080649,-1.0162460210137054,0.10176755581515104,-0.03541332484141216,0.04915098739671916
2013-10-16,-0.325882086878881,0.06680108061215467,0.5188414030374113,0.21220781222391127,-1.4732750360301838,0.10067203682037737,-0.5747527033363292,0.24887061645744823
2013-10-17,-0.5993149594733437,0.0626550040301776,0.4442796650057373,0.20307849865140024,-1.606507584511342,0.09956718369111975,-0.796927233132907,0.19761227365956335
2013-10-18,-0.8770597567499744,0.0584999097332903,0.3674394672623378,0.1937853191226129,-1.4408622125511266,0.09845588037135539,-0.7226816360615302,-0.15437812068844414
2013-10-19,-0.5048414820052788,0.0543372586370881,0.2921147325990357,0.1843448203013154,-1.0820640266112909,0.09734451770252876,-0.4539226973713229,-0.05091878463395588
2013-10-20,-0.2492482849653456,0.050168280969044694,0.22143045953995089,0.17476626371102638,-0.6752952038953082,0.09623502522385753,-0.1326951744514287,-0.1165531105139169
2013-10-21,-0.1056930132804107,0.04599420616344429,0.15781061874864222,0.16505940711850017,-0.35214916344762187,0.09512673650376412,0.11184180508672896,-0.21753481836713967
2013-10-22,0.0279104550682423,0.04181627577583451,0.10286085053873709,0.1552351785222977,-0.18851011453407016,0.0940187803842861,0.2054209706870852,-0.1775105156188429
2013-10-23,0.6625680256353518,0.037635725416211324,0.057314596562841685,0.1453049859615472,-0.1874975286286312,0.092909334560255,0.14566711387222403,0.5169009117631278
2013-10-24,0.0560825279350172,0.03345363767000608,0.020988051633643236,0.1352756518712603,-0.2916323684047618,0.09179071203436717,-0.010124315195485012,0.06620684313050221
2013-10-25,-0.1470678011838728,0.029271478500757543,-0.0069633165373491485,0.1251680263996823,-0.41334305682875616,0.09066944288828495,-0.1751974255773805,0.02812962439350769
2013-10-26,-0.2205995266020912,0.025090590918372572,-0.028134371127839758,0.11499924580494075,-0.47494547626913114,0.08954805887468088,-0.2734419517989767,0.05284242519688548
2013-10-27,-0.258997427590406,0.0209122760221608,-0.04469611050865235,0.10478534370859087,-0.4357456430747842,0.08842775361356069,-0.2663163802391242,0.00731895264871818
2013-10-28,-0.5802309895248488,0.016737825719613828,-0.05920889918207483,0.09454235550396639,-0.29891512538741544,0.08731070021693076,-0.15953314312897926,-0.4206978463958695
2013-10-29,-0.1462886718395146,0.01256861032669226,-0.07435713050930617,0.08428897417311335,-0.09819041337522466,0.08619976306008477,0.010509803675359544,-0.15679847551487414
2013-10-30,0.1333418210931594,0.008405757109986985,-0.09285194897417075,0.07403534549904511,0.12446601020280536,0.08508774012534734,0.19914290396301404,-0.06580108286985464
2013-10-31,0.5381371016570984,0.004250436085132824,-0.11712287137885188,0.06379331010514018,0.34091390795464366,0.0839722657571152,0.37580704852318,0.1623300531339184
2013-11-01,0.991879941718026,0.00010377350526882562,-0.14913140151954893,0.05357359460774634,0.5443589746633535,0.08285374610166618,0.5317586873584859,0.4601212543595401
2013-11-02,0.9205281895572328,-0.004033139541606918,-0.1901109079255139,0.043385784102389066,0.7413094237191741,0.08172860201126647,0.6722797623657089,0.24824842719152396
2013-11-03,0.6835758636019669,-0.008159048747898632,-0.2403582803446975,0.03324550769973524,0.9341494524539851,0.08060016416088153,0.7994777952220058,-0.11590193162003892
2013-11-04,0.780798440257934,-0.012272632722808192,-0.29917648143470205,0.023171075722891905,1.1040236437443018,0.0794751491557247,0.8952207544654082,-0.11442231420747417
2013-11-05,0.6316833881700382,-0.016372651382741462,-0.3649229691179826,0.013178173836042112,1.206004831408664,0.07835765155210764,0.9162450362960897,-0.28456164812605145
2013-11-06,0.3302385010530259,-0.020457780804687454,-0.43499589776123804,0.0032854166908941745,1.1827306452901183,0.07725115918233816,0.8078135425974251,-0.4775750415443992
2013-11-07,0.2254673811994299,-0.024526628697891385,-0.5060442331487484,-0.006486028018420853,0.9900439275188297,0.07616246956903329,0.5291495072228025,-0.30368212602337263
2013-11-08,0.7389454539726531,-0.028577844626548048,-0.5742576453500919,-0.016116437636223724,0.6233132488144586,0.07509698521190206,0.07945830641349699,0.6594871475591562
2013-11-09,0.0195230187647751,-0.03261026137347628,-0.6357134360160758,-0.025592484731258983,0.1311499359452227,0.07405248167374037,-0.488713764501848,0.5082367832666231
2013-11-10,-0.8202810388384101,-0.0366223414798925,-0.6864759133662894,-0.03488809963147188,-0.38977858733783843,0.0730364482532827,-1.0747284935622097,0.2544474547237996
2013-11-11,-1.6497284190966692,-0.04061250700967437,-0.7230965748067159,-0.043975798154204236,-0.824562246655435,0.07205991541482211,-1.5601872112112074,-0.08954120788546183
2013-11-12,-1.9485669579459173,-0.044579198224736515,-0.7429139765572358,-0.052829159891320636,-1.0794802267293064,0.07113198679147778,-1.8486705746111216,-0.09989638333479567
2013-11-13,-2.6014219497478837,-0.04852104630382737,-0.7443424267576572,-0.0614291448210926,-1.1162782780729326,0.0702522373426187,-1.900318658612891,-0.7011032911349926
2013-11-14,-2.22683497123808,-0.052436598870935595,-0.7269282986017045,-0.06975469499475934,-0.9645721975713981,0.0694226658656468,-1.7442691241731507,-0.4825658470649292
2013-11-15,-1.359851768396808,-0.05632473512667446,-0.6915652141136163,-0.07779711296045606,-0.7101694801868267,0.06863641011154088,-1.4672201322760325,0.10736836387922444
2013-11-16,-0.6079492233244909,-0.06018449933346731,-0.64033874688674,-0.08555451085277278,-0.45931563490654304,0.06788232267596939,-1.1775110693035535,0.5695618459790627
2013-11-17,-0.5664420234481492,-0.0640149192251174,-0.5762535099010458,-0.09302543361954464,-0.295552583815872,0.06715022723953534,-0.9616962193220445,0.3952541958738953
2013-11-18,-0.6352792591229104,-0.06781483151199522,-0.5028927869668841,-0.10020253953257899,-0.24741238654322023,0.06643725885260529,-0.8518852857020732,0.21660602657916284
2013-11-19,-0.7629461986581342,-0.07158305883938267,-0.4241835356346662,-0.10707866596506155,-0.28176325073848363,0.06574329424802691,-0.818865216929567,0.05591901827143286
2013-11-20,-1.0519563950147557,-0.07531842748556428,-0.3440672949344334,-0.11364763226901162,-0.3235584197621697,0.06506901552218447,-0.7915227589289945,-0.2604336360857612
2013-11-21,-1.2165070248686574,-0.07901975462113113,-0.2661756897312096,-0.11990360433207424,-0.29342472232077976,0.0644154734857272,-0.6941082975194676,-0.5223987273491898
2013-11-22,-0.8831319053091004,-0.08268592456666754,-0.19364063045183508,-0.12584339469793865,-0.14691404248028334,0.06378655472633343,-0.4852974374703911,-0.39783446783870924
2013-11-23,-0.0326755011783936,-0.08631600311299625,-0.128909058208625,-0.1314707690834187,0.10216273908420062,0.06318039013680103,-0.1813527011840383,0.1486772000056447
2013-11-24,0.3392293781043259,-0.08990924530678603,-0.07362020515054898,-0.13679644546460484,0.38503737645090724,0.06258905104442958,0.14730053157339695,0.19192884653092895
2013-11-25,0.723563358208185,-0.09346478337758365,-0.02844552347355056,-0.14182708310297368,0.6071036837953455,0.062009240562252016,0.4053755344034896,0.31818782380469535
2013-11-26,0.9081718298009934,-0.09698176283667742,0.006812262268049477,-0.1465701390034177,0.687588495506664,0.06143658274649266,0.5122854386811111,0.39588639111988233
2013-11-27,0.567897871112864,-0.10045928132786869,0.033110724556343125,-0.15103158705543657,0.5948676529923906,0.06086822577009976,0.43735573493552826,0.1305421361773358
2013-11-28,-0.1681929698875619,-0.1038962777729111,0.05197622808391142,-0.15521171801272174,0.3617463186274599,0.06031251627166316,0.21492706719740162,-0.38312003708496356
2013-11-29,-0.3037700015922883,-0.10729158379799786,0.06530236146101392,-0.15910764273969302,0.07377108762054793,0.05978012414679142,-0.0675456533093376,-0.2362243482829507
2013-11-30,-0.5586999325092369,-0.11064424617396432,0.07498284478881495,-0.16272444205268982,-0.16461219481028502,0.05927276537879701,-0.3037252728693272,-0.2549746596399097
2013-12-01,-0.526357568912568,-0.11395331210800487,0.0827745903487922,-0.1660676822005635,-0.26911223686010266,0.05879077428784498,-0.40756786653203386,-0.11878970238053416
2013-12-02,-0.2072174349421025,-0.11721793216153825,0.09006283695297207,-0.16914705136025057,-0.2068289769685472,0.05833201370008341,-0.34479910983728057,0.13758167489517806
2013-12-03,0.1438983005851882,-0.1204373648443099,0.0977582829488004,-0.17197660509726925,-0.006098401175109347,0.05788956713120231,-0.1428645210366858,0.286762821621874
2013-12-04,0.4081110457047581,-0.12361090148395405,0.1062712823618088,-0.17457171894885765,0.2575812217809017,0.057455471661912914,0.12312535537181171,0.2849856903329464
2013-12-05,0.4303861237676925,-0.12673781505733012,0.11554798312212569,-0.17694739691666872,0.4919875601928245,0.05702200951426772,0.36087234085521913,0.06951378291247334
2013-12-06,0.2672062153929226,-0.12981730174451256,0.12513078767484473,-0.17911611067001995,0.6220389989988523,0.056586897230237174,0.4948232714894017,-0.2276170560964791
2013-12-07,0.2720560434314425,-0.1328485111852287,0.13427643496802558,-0.1810890347961489,0.6135461019073798,0.05614853224619666,0.4900335231402244,-0.2179774797087819
2013-12-08,0.2860166465807143,-0.13583064831503966,0.14204849912085643,-0.18287980074384066,0.478943916169883,0.055701326274453004,0.3579832925063121,-0.07196664592559782
2013-12-09,0.1046237302521904,-0.1387629117623956,0.14744619341113346,-0.18450239529431395,0.2661086949786228,0.05524195172794014,0.14553153306098682,-0.04090780280879641
2013-12-10,-0.0142338752885533,-0.14164443219723352,0.14954054228397418,-0.1859687270901096,0.036741294407842615,0.054775290076787234,-0.0865560325187391,0.0723221572301858
2013-12-11,-0.0055124985928439,-0.14447436420531873,0.14762573293610437,-0.18729226955229247,-0.15621521552741902,0.05430353867082379,-0.28605257767810205,0.28054007908525813
2013-12-12,-0.3279219298080382,-0.14725190078460718,0.1413026954860128,-0.18848827012445857,-0.2827745862577184,0.05382760473813476,-0.4233844569426366,0.09546252713459841
2013-12-13,-0.6631640592177334,-0.14997613286778202,0.13059058900286796,-0.1895686491484914,-0.3378479219101803,0.05335312710443074,-0.493448987819155,-0.16971507139857833
2013-12-14,-0.7590938280072699,-0.15264613864392115,0.11590194276211453,-0.1905449140572828,-0.33456685235368006,0.05288807555199311,-0.5089678867407763,-0.25012594126649357
2013-12-15,-0.4878200734973544,-0.15526106986982677,0.09801890616578432,-0.19143129834246939,-0.29368933040921963,0.052434319707652895,-0.4899284727480786,0.002108399250724202
2013-12-16,-0.5048704271422164,-0.15782019192247196,0.07798357670161957,-0.1922457379550305,-0.23480852200534252,0.05198929051793705,-0.4549015846632884,-0.04996884247892802
2013-12-17,-0.1763482395656252,-0.16032268594886634,0.05707332528102768,-0.19300310777704116,-0.17196038780940037,0.05155197885772908,-0.4166608773965511,0.2403126378309259
2013-12-18,-0.1924382182211964,-0.162767861532446,0.03659831743493929,-0.19372218060848165,-0.11562478496669451,0.051116030941724504,-0.38440047873095834,0.19196226050976195
2013-12-19,-0.2276056523268206,-0.1651549694457344,0.01783538341986095,-0.19441849819921775,-0.07490441516906249,0.05067874055974334,-0.36596375883441035,0.13835810650758976
2013-12-20,-0.5240504196088691,-0.16748330427046912,0.0018705664438446526,-0.19510787795107729,-0.05902112143077855,0.05023821758148158,-0.36950351962699873,-0.15454689998187038
2013-12-21,-0.6177135457265415,-0.16975212366936765,-0.01046790518213686,-0.19580365276540165,-0.07465676196000003,0.04979672347063175,-0.40088372010627443,-0.21682982562026704
2013-12-22,-0.79207616949601,-0.1719608019547225,-0.018716603459560197,-0.19652182474097524,-0.12176768741678551,0.04935406752268334,-0.45961285004936014,-0.33246331944664986
2013-12-23,-0.7313677047170277,-0.17410873581366507,-0.022780665834595183,-0.19727765536916694,-0.18941694326712358,0.04891256763720299,-0.5346714326473477,-0.19669627206968
2013-12-24,-0.2785304296432092,-0.17619542977609018,-0.022922562422280506,-0.19808920715644174,-0.256522244367864,0.04846943512276935,-0.605260008599907,0.32672957895669785
2013-12-25,-0.2205196260458525,-0.17822053410978383,-0.019729431345774026,-0.198978713671271,-0.297812343175195,0.048015354775561854,-0.646725667526462,0.4262060414806095
2013-12-26,-0.3935741936242826,-0.18018359885240925,-0.013965043999658422,-0.19996370956093895,-0.29227671820575934,0.04754584700175697,-0.638843223617009,0.24526902999272637
2013-12-27,-0.5938720418388598,-0.18208411170029987,-0.006513410468386717,-0.20105816770110133,-0.23225362766534485,0.047062502884814277,-0.5748468146503185,-0.01902522718854127
2013-12-28,-0.5606886362538256,-0.18392154862651774,0.0017165245532427455,-0.20227472036561783,-0.12765689148647644,0.04656824293647273,-0.4655683929888966,-0.09512024326492902
2013-12-29,-0.891032305129279,-0.18569544521366552,0.00985553743390171,-0.20362710766904768,-0.002839239820810413,0.04606439396176771,-0.33624186130785416,-0.5547904438214248
2013-12-30,-0.5377698059301441,-0.187405226127907,0.01721644318091265,-0.20512388791468564,0.11385873040437361,0.04555642526426076,-0.2158975151930456,-0.32187229073709855
2013-12-31,-0.0677185022891729,-0.18905053425450197,0.023241689404539165,-0.20677974124304704,0.20072249229683753,0.045040437532221096,-0.1268256562639512,0.05910715397477831
2014-01-01,0.2542621308924486,-0.1906310474052974,0.027604772301199138,-0.2086090649073786,0.25181536978833197,0.04451014784048279,-0.0753098223826621,0.3295719532751107
2014-01-02,0.4205651905554839,-0.1921464153233294,0.030272498058048884,-0.2106235911720361,0.2782981949876303,0.043956848200191634,-0.05024246524949472,0.47080765580497863
2014-01-03,0.1612963734049665,-0.19359626859018864,0.03147430163730414,-0.21283223331800782,0.30125507362874204,0.043372939611607764,-0.030326187030542517,0.19162256043550902
2014-01-04,-0.2850909697008575,-0.19498012520275126,0.03168671679338064,-0.21523765073827053,0.3398475361621677,0.04275995584468566,0.004076432859212151,-0.2891674025600697
2014-01-05,-0.4048637412539949,-0.19629746136538298,0.03157647468525173,-0.21783873695827496,0.3995394408220785,0.042126900083035296,0.0591066172667076,-0.46397035852070245
2014-01-06,0.2349829713135314,-0.1975478933938268,0.031971164972611835,-0.22063727939231972,0.46613957524305993,0.04147587743903446,0.12140144486855975,0.11358152644497166
2014-01-07,0.2376077906562668,-0.19873128175164,0.03373770270077256,-0.22364108988247075,0.5090267684071756,0.04080611546488563,0.16119821493872308,0.07640957571754373
2014-01-08,0.0547196319871461,-0.19984730656761565,0.037973154669680514,-0.2268496328078586,0.49412413562639984,0.04012209966435399,0.1455224505849601,-0.090802818597814
2014-01-09,0.1801874741695006,-0.20089560867300604,0.045942366777725764,-0.23025902356310857,0.3974599666389796,0.03942529221141825,0.051672993392009016,0.12851448077749159
2014-01-10,0.1646685635952279,-0.2018759303980731,0.05894139116039452,-0.23386661079916185,0.2154906073815451,0.03871306188546187,-0.12259748076983348,0.2872660443650614
2014-01-11,-0.5828292074328805,-0.20278797546938232,0.07826001024182265,-0.2376659138855007,-0.03104030963406116,0.037985960085906746,-0.3552482286612148,-0.22758097877166567
2014-01-12,-0.8151059368418286,-0.20363123649281833,0.1051623886501518,-0.24164071421756328,-0.30190355727681345,0.03725262798525322,-0.6047604913517901,-0.21034544549003853
2014-01-13,-0.8185585199920118,-0.20440538778788744,0.14062720279666657,-0.2457787078758607,-0.5507067767124368,0.03651569966471714,-0.8237479699148013,0.005189449922789469
2014-01-14,-0.8332037132580281,-0.20511021237982793,0.18526041085523282,-0.25006883514688627,-0.7379002643392594,0.03577487202505001,-0.9720440289856908,0.13884031572766264
2014-01-15,-0.962812961679978,-0.20574553727168832,0.23921991795539843,-0.2544990689429255,-0.8404057290885146,0.03502908952443675,-1.0264013278232933,0.06358836614331531
2014-01-16,-0.8857521321995978,-0.2063111941180289,0.3021431674808388,-0.2590555059231375,-0.8551302294510912,0.03427764231442982,-0.9840761196969888,0.09832398749739102
2014-01-17,-0.9411676808861678,-0.20680711768430962,0.3730656858646649,-0.2637262289998521,-0.7965290968200879,0.0335151917855404,-0.8604815658540443,-0.08068611503212342
2014-01-18,-0.6725199857774941,-0.20723322561274576,0.4504059539378457,-0.26849699579944586,-0.6890888348372658,0.032742217093361066,-0.6816708852182506,0.009150899440756532
2014-01-19,-0.4514831635667933,-0.20758954511431535,0.5319512069047405,-0.2733561801172511,-0.5596244743685395,0.03195908629547713,-0.47665990639988837,0.025176742833095067
2014-01-20,-0.4306265681696511,-0.20787609675788957,0.6149830571065166,-0.27829110449747646,-0.43012451233511473,0.031167744364869975,-0.2701409121190942,-0.16048565605055692
2014-01-21,-0.3052735693787639,-0.208092858274887,0.6963842349126167,-0.2832863995486791,-0.31359980210272764,0.030374639858865564,-0.0782201851548115,-0.22705338422395238
2014-01-22,0.0592449784619038,-0.20823987000665384,0.772742847797583,-0.2883275534417101,-0.21315766467787872,0.029585143654386012,0.09260290332572634,-0.03335792486382254
2014-01-23,0.5575950595285154,-0.20831727976643422,0.8405185302545632,-0.29340276609093024,-0.12274998518846292,0.028797878556390717,0.24484637776512658,0.3127486817633888
2014-01-24,0.560589493625044,-0.208325304566481,0.8961973500511308,-0.29850126734569643,-0.028890514946857765,0.028010329902450337,0.3884905930945459,0.17209890053049803
2014-01-25,0.5647360823670321,-0.2082640502261852,0.9365503196889716,-0.30360696515974506,0.08678250645078855,0.02722410136434516,0.5386859121181751,0.02605017024885703
2014-01-26,0.8235784243000004,-0.20813365883887433,0.9587480326214127,-0.30870345653091597,0.24176614245232034,0.0264408385677074,0.7101178982716502,0.11346052602835022
2014-01-27,0.8516269836106736,-0.207934379103621,0.9605238860185843,-0.3137767619634889,0.4455716047079835,0.025657219122493052,0.910041568781951,-0.0584145851712774
2014-01-28,0.8666337463437469,-0.2076664011724848,0.9403524604152745,-0.3188094813745113,0.6932303975898694,0.0248743768602377,1.1319813523183855,-0.2653476059746386
2014-01-29,1.0429910488399432,-0.20732992134732708,0.8975593919633114,-0.3237833718918495,0.960220483341833,0.02409193335961411,1.350758515425582,-0.3077674665856387
2014-01-30,1.4077244605159964,-0.20692518172670643,0.832364367226249,-0.32868085187718876,1.202622857023178,0.023307187042212234,1.522688377687744,-0.11496391717174759
2014-01-31,1.585890300280442,-0.20645246650846047,0.7458864395614466,-0.33348511325991315,1.3644575224975963,0.022516017828634768,1.592922400119304,-0.007032099838861994
2014-02-01,2.2028758516783595,-0.20591198231728197,0.640121405824611,-0.33817578072216387,1.391866691180135,0.021720462525476644,1.5096207964907766,0.6932550551875829
2014-02-02,1.4381697357639276,-0.20530407382890276,0.5178073881254205,-0.3427364018289808,1.2490958099639895,0.020916477449622356,1.239779199881149,0.19839053588277866
2014-02-03,0.6793471572960299,-0.20462867484148892,0.38247951146454107,-0.3471350380741621,0.9348551994443588,0.020115735218478047,0.785686733211727,-0.1063395759156971
2014-02-04,0.0852839544167111,-0.2038857404748117,0.23815137831301586,-0.3513395286621832,0.48692903759013473,0.019327815933543532,0.1891829626996992,-0.10389900828298809
2014-02-05,-0.5777033948120678,-0.203075306841358,0.089094173342906,-0.3553195901856645,-0.022962792800807562,0.018558393441982454,-0.4737051230429416,-0.10399827176912618
2014-02-06,-1.6935339354117809,-0.20219742272351193,-0.06035986187924028,-0.3590444624659696,-0.5044900034213367,0.017814795401696164,-1.1082769550883624,-0.5852569803234184
2014-02-07,-1.6426051814837273,-0.20125203606938116,-0.20593879225598344,-0.36247959795689644,-0.8704960215346911,0.01710749601224858,-1.6230589518047036,-0.01954622967902364
2014-02-08,-1.638788522261628,-0.2002394808251623,-0.34377569365162736,-0.3656041348332563,-1.061087997756669,0.016432978946091567,-1.9542743281206234,0.3154858058589953
2014-02-09,-1.740700206759224,-0.19916009482272612,-0.4704233029604057,-0.3683976309488779,-1.0575350742681309,0.0157917135293283,-2.0797243894708126,0.3390241827115885
2014-02-10,-1.919090337437365,-0.1980142075312335,-0.5829278465267911,-0.3708397566542345,-0.8861605756252465,0.015186740956834326,-2.022755645380671,0.1036653079433063
2014-02-11,-1.8340550363552912,-0.1968021537707056,-0.6788835955464358,-0.3729109897420537,-0.610189542808206,0.014620179885928827,-1.8441661019814723,0.010111065626181137
2014-02-12,-1.934609658667826,-0.19552436362008854,-0.7565483957391246,-0.3745956124486655,-0.31255606766716887,0.014093308890464085,-1.6251311305845835,-0.3094785280832426
2014-02-13,-1.4964419509470843,-0.1941812303902678,-0.8148275000862935,-0.37587704941256117,-0.07377392824706709,0.013610393718139812,-1.4450493144180496,-0.051392636529034696
2014-02-14,-1.3963355660836017,-0.19277334766842855,-0.8533822346950692,-0.37674592027726345,0.04684733849258785,0.01316895972982192,-1.3628852044183515,-0.03345036166525017
2014-02-15,-1.3684570578074138,-0.1913012502520728,-0.8725465928516394,-0.3771910150470418,0.025054962651071627,0.01276870389560192,-1.4032151916040803,0.03475813379666648
2014-02-16,-1.5858681724774788,-0.18976549589270633,-0.8733669227981075,-0.3772021090258776,-0.1250787273776037,0.012409653022104837,-1.5530036020721902,-0.03286457040528856
2014-02-17,-1.6325754272447102,-0.18816661236177126,-0.8575726567297695,-0.37676804740398606,-0.35643851657701153,0.012095391348578826,-1.7668504417239594,0.13427501447924928
2014-02-18,-2.024411574468967,-0.18650523677555952,-0.8275734319053046,-0.3758814927484266,-0.6015282804525065,0.011827220434319462,-1.9796612214474778,-0.044750353021489
2014-02-19,-2.1027622204807797,-0.18478196078695344,-0.7863141229501475,-0.3745337200045519,-0.7873843802735351,0.011608989838744876,-2.1214051941764427,0.018642973695663034
2014-02-20,-2.083256400663279,-0.18299752014176937,-0.7372378616929995,-0.3727212820894453,-0.8518135497295973,0.011442327457022703,-2.133327886196789,0.05007148553350982
2014-02-21,-1.8944465704622064,-0.18115273153250838,-0.6840964133430154,-0.37044374632057014,-0.7558318978400107,0.011329636690736184,-1.9801951523453682,0.08574858188316181
2014-02-22,-1.625859688976495,-0.17924852819337544,-0.6307447318643719,-0.3677047746483386,-0.4917866756143829,0.011272415661834876,-1.658212294658634,0.032352605682139046
2014-02-23,-1.3685643128774914,-0.17728592748677563,-0.58085821927994,-0.36451149471669386,-0.08566458863548138,0.01126891022853624,-1.1970513198903547,-0.17151299298713663
2014-02-24,-0.9177553777662788,-0.1752659772989459,-0.5376665857534364,-0.36087285721134155,0.40651125453096254,0.011317598979071922,-0.6559765667536894,-0.2617788110125894
2014-02-25,-0.1856041082427138,-0.17318980313390128,-0.5037124400312946,-0.3568014156617412,0.9073942214204895,0.011414501732834863,-0.11489493567361264,-0.07070917256910117
2014-02-26,0.6058880655318359,-0.17105862216883563,-0.48062776960867715,-0.35231380247855326,1.3314572640816262,0.01155136986139605,0.3390084396869564,0.26687962584487956
2014-02-27,0.8462601884020652,-0.16887365013878972,-0.4689512491930818,-0.34742765672810216,1.600773969030222,0.011718895027715327,0.6272403079979637,0.21901988040410147
2014-02-28,0.8091253670071588,-0.1666358934973971,-0.46801991080069544,-0.3421540757549678,1.6607002432793674,0.01191771286280434,0.6958080760891113,0.11331729091804743
2014-03-01,0.4964197638020674,-0.16434626149093592,-0.47600312109009,-0.33650132251067266,1.4908583201886187,0.012148040593080951,0.5261556556900011,-0.029735891887933685
2014-03-02,-0.021665971354281,-0.16200557523984888,-0.49008545587443975,-0.33047463841189956,1.1103196690239192,0.012412553244390695,0.14016655274212172,-0.16183252409640272
2014-03-03,-0.6509041780027659,-0.15961459280730986,-0.5067444977493135,-0.32407705209350846,0.5751916594803045,0.012717019306244732,-0.40252746386358257,-0.24837671413918333
2014-03-04,-1.161343541371772,-0.1571740579500425,-0.5220776521115887,-0.317310983844206,-0.0311588743407631,0.013067411969426257,-1.014654156277174,-0.14668938509459806
2014-03-05,-1.570555279894381,-0.15468478134299257,-0.5321890161888063,-0.31018096868281164,-0.6135364227026713,0.013467886091880132,-1.5971233028254015,0.026568022931020563
2014-03-06,-1.7005844180339378,-0.15214762316715982,-0.533570404993698,-0.30269302821985217,-1.0824837808535428,0.01392603739526068,-2.056968799838992,0.35638438180505405
2014-03-07,-1.9827380951954725,-0.1495635526386128,-0.523419769776284,-0.2948569421797439,-1.3709134590097911,0.014449132983612476,-2.3243045906208195,0.341566495425347
2014-03-08,-2.556063047977338,-0.14693353610850385,-0.49979492616190413,-0.28668254472687416,-1.4454911914257973,0.01504337217234551,-2.363858826250734,-0.192204221726604
2014-03-09,-2.553552382462835,-0.14425849499549276,-0.4617371022685312,-0.2781782845766563,-1.3114769093539658,0.015714993775983562,-2.179935797418662,-0.37361658504417283
2014-03-10,-1.843160884936116,-0.1415395758604345,-0.40940240799669864,-0.26936064790547865,-1.0109496022882931,0.01645957017906043,-1.8147926638718446,-0.028368221064271504
2014-03-11,-1.084120149178106,-0.13877817854701535,-0.3440399274350398,-0.26025471753686497,-0.6129808241220526,0.01726647221829846,-1.3387871754226741,0.25466702624456805
2014-03-12,-0.8520819394567966,-0.13597574853487332,-0.26772264428830883,-0.2508870156056572,-0.19799960745313838,0.018124242135599166,-0.8344607737463786,-0.01762116571041794
2014-03-13,-0.4584704711504998,-0.13313360587463738,-0.18299926517956308,-0.24127979599370333,0.1590986201670443,0.01902109973474443,-0.3792929471461151,-0.07917752400438471
2014-03-14,0.0577605888307152,-0.1302531327366101,-0.09276756495398188,-0.2314567888590926,0.4021568484258737,0.01994780501235581,-0.03237283311145507,0.09013342194217028
2014-03-15,0.0076041552798491,-0.1273357544800761,-1.2814564362241716e-05,-0.22144209665379178,0.5027582031443459,0.020900626861021676,0.17486816430713747,-0.16726400902728839
2014-03-16,0.1152490454165378,-0.12438274332640493,0.0925497857435306,-0.2112535486482359,0.46345933899169783,0.021881498802095486,0.2422543315626831,-0.1270052861461453
2014-03-17,0.2602532610173366,-0.12139543140690782,0.18254803353223564,-0.2009100269886585,0.31305272950358204,0.022891307926991525,0.19618661256724285,0.06406664845009374
2014-03-18,0.3949219279319369,-0.11837515434373548,0.2680306623548,-0.19042938845299964,0.09820426841099414,0.023935591185863723,0.08136597915492275,0.3135559487770142
2014-03-19,0.1509560498605949,-0.11532325609687114,0.3475432436960988,-0.17982914958471377,-0.12709052709491198,0.02501593569146509,-0.049683753388933,0.2006398032495279
2014-03-20,-0.1050141344786824,-0.11224098907790386,0.4201281661837651,-0.169123244114693,-0.31127175446938066,0.026130759645618624,-0.14637706183259383,0.041362927353911436
2014-03-21,-0.5842617998028594,-0.10912961371195556,0.48512473083009616,-0.15832516600730576,-0.41364499176858543,0.027278874736579146,-0.16869616592117145,-0.415565633881688
2014-03-22,-0.4298093151765499,-0.10599036249447351,0.5420994139651295,-0.14744687274778812,-0.40929056509922807,0.028456035133984578,-0.09217235124237562,-0.3376369639341743
2014-03-23,0.0633045725550794,-0.10282469982208053,0.5905885141168093,-0.1365075467866253,-0.2924505377390205,0.029650673208889797,0.08845640297797279,-0.025151830422893387
2014-03-24,0.645083781822651,-0.09963421886764515,0.630029647123007,-0.1255302380741357,-0.07640814746993624,0.03084887738093462,0.35930592009222456,0.28577786173042646
2014-03-25,0.8052145658339035,-0.0964205507838572,0.6597365297799136,-0.11453871055993073,0.20827412926209582,0.03203964350220875,0.6890910412004303,0.1161235246334732
2014-03-26,1.1377984785209727,-0.09318521338195157,0.6790041778902106,-0.10355247338059734,0.5173882127133334,0.0332156038360839,1.0328703076770789,0.10492817084389383
2014-03-27,1.5463709744097196,-0.08992976055818565,0.6870612261099887,-0.09259185604628069,0.7975741207697296,0.034373351184640744,1.3364870814598924,0.20988389294982723
2014-03-28,1.5028008537997255,-0.08665575383258675,0.6832127403612479,-0.08167712529097906,0.9942889468549821,0.035510379079890686,1.544679187172555,-0.041878333372829424
2014-03-29,1.2935669730413042,-0.08336462185349908,0.6670419727988961,-0.07082312945699629,1.0626404174027584,0.03662782286593859,1.6121224617570977,-0.31855548871579353
2014-03-30,1.3389198663799715,-0.0800577501129884,0.6384783125380344,-0.060041958816459046,0.97786480380869,0.037729651523109524,1.5139730589403866,-0.17505319256041507
2014-03-31,1.2871618326325165,-0.07673660688508212,0.5978536274299517,-0.049347323892922346,0.7433421526022681,0.03881703072705354,1.253928879981269,0.033232952651247594
2014-04-01,0.819011600431487,-0.0734026448560772,0.5460235331229373,-0.038751151934154786,0.39394731758493345,0.03988864547254828,0.867705699390187,-0.04869409895870003
2014-04-02,0.6578387533426834,-0.07005719179583843,0.4843577660048474,-0.0282593668359321,-0.008556549498823694,0.04095102910587218,0.4184356869801254,0.23940306636255798
2014-04-03,0.170115236086535,-0.0667016575175613,0.4146203285494875,-0.01787963012208623,-0.3893158705001644,0.042008602767185516,-0.017268226823138916,0.18738346290967392
2014-04-04,-0.3773366716938199,-0.06333732702162041,0.33896175149141783,-0.00761476380161691,-0.6775945955432678,0.043068114777532335,-0.36651682009755504,-0.010819851596264862
2014-04-05,-0.7684016114890168,-0.05996544289531204,0.2597260008442538,0.0025344180342177017,-0.8248537515052573,0.04413813697105621,-0.5784206385510416,-0.1899809729379751
2014-04-06,-0.685698430000185,-0.05658729091661185,0.17929486562394942,0.01256586507683027,-0.8169086316963906,0.04522169368537604,-0.6364134982268468,-0.04928493177333826
2014-04-07,-0.7393807101466933,-0.053204300437145705,0.09993317509199484,0.02247238858819873,-0.676118454088138,0.04630902272368919,-0.5606081681214009,-0.17877254202529236
2014-04-08,-0.3313274820066959,-0.04981783774065105,0.02367020339769091,0.03224924536330414,-0.4516691183291785,0.04739453853140743,-0.398172968777427,0.06684548677073116
2014-04-09,0.0989491141029714,-0.046429410173617965,-0.04784157148724112,0.04188698523537758,-0.20374181146030843,0.04846732457875025,-0.20765848330703968,0.3066075974100111
2014-04-10,0.1890311689031442,-0.043040542456314904,-0.11329579642834196,0.051375646755142904,0.015090913561884538,0.049512981049281396,-0.04035679751834803,0.22938796642149223
2014-04-11,-0.0023818604959154,-0.03965264537524481,-0.1717418166890961,0.06070973605036041,0.17347529491657768,0.05052666023102695,0.0733172291336241,-0.0756990896295395
2014-04-12,-0.3080166259776042,-0.03626703772241212,-0.2225400327192355,0.06988722505682414,0.26500556935813374,0.051510274948258515,0.12759599892156878,-0.43561262489917296
2014-04-13,-0.2775177827863768,-0.03288499904330242,-0.26531370397976023,0.0789076583626528,0.3020326614773147,0.05246941613340305,0.1352110329503079,-0.4127288157366847
2014-04-14,0.1817922807861038,-0.0295079112470567,-0.2999148852529895,0.08776730050862516,0.3030026563709219,0.05340619641830828,0.11475335679780914,0.06703892398829465
2014-04-15,0.5097037051981749,-0.02613727818732696,-0.32638898388340637,0.0964586785497035,0.2801666113085522,0.05432084069218664,0.07841986847970896,0.43128383671846593
2014-04-16,0.3524443387029604,-0.022774555907340913,-0.3448471048312793,0.10497620590740976,0.23366653266102005,0.055213905208665835,0.026234983038475455,0.32620935566448495
2014-04-17,0.2423638930607754,-0.01942104674585558,-0.3554189374550417,0.11332000506021105,0.15381178059024944,0.05608988496645281,-0.051618313583984,0.2939822066447594
2014-04-18,-0.2715823647782625,-0.016078087070116896,-0.3583124690945747,0.1214892672016083,0.0295457937956033,0.05694573906324573,-0.16640975610423425,-0.10517260867402822
2014-04-19,-0.6515995811700799,-0.012746898567933023,-0.35387645006573926,0.12948766048681143,-0.13925886587089453,0.05778392726312652,-0.31861062675462887,-0.332988954415451
2014-04-20,-0.957061922597952,-0.009428753816800927,-0.34269818592008316,0.13731695470794958,-0.3340337326292653,0.058603166008158215,-0.4902405516500415,-0.4668213709479105
2014-04-21,-0.8841328838500184,-0.006124949598123544,-0.32565646213440264,0.14497788334299594,-0.5170372927527929,0.059402153948360244,-0.6444386671939628,-0.23969421665605561
2014-04-22,-0.6828320958245107,-0.002836887203473472,-0.30399020320754616,0.1524672453897089,-0.6404528897269995,0.060180017238070635,-0.7346327175102396,0.051800621685728965
2014-04-23,-0.3169991680362423,0.0004340133639409868,-0.27922622200475383,0.15978057512610652,-0.6611591367768596,0.060938504165295775,-0.7192322661262701,0.40223309809002783
2014-04-24,-0.2241139433404527,0.0036863037068239164,-0.2530577055347974,0.16691136802131606,-0.5564521954988855,0.06167598283893333,-0.5772362464666096,0.35312230312615694
2014-04-25,-0.1437160243902783,0.006918642486384092,-0.22719158751323673,0.173856074798591,-0.333677075136326,0.062394117426773484,-0.31769982793781415,0.17398380354753584
2014-04-26,0.0668887372902154,0.010129701136827199,-0.20324428165028519,0.18061095418349382,-0.031117188408969963,0.063093539627797,0.019472724888862883,0.047416012401352514
2014-04-27,0.2356313853189567,0.01331810801636908,-0.18262278699066986,0.18717039353500992,0.291181150948206,0.06377175635561895,0.37281862186453407,-0.13718723654557738
2014-04-28,0.3441898387828972,0.016482509933237372,-0.16638305643450185,0.1935290794082008,0.5674707069607698,0.06442594884926928,0.6755251887169755,-0.3313353499340783
2014-04-29,0.5422999473365103,0.019621588148279853,-0.1551428579779393,0.19968264018760287,0.7430854784625489,0.06505521987421442,0.8723020686947067,-0.3300021213581964
2014-04-30,0.7145350249605049,0.022734009194984417,-0.1490342525487467,0.20562582578512748,0.7865308016321664,0.06565677931993598,0.9315131633834676,-0.21697813842296265
2014-05-01,0.98486238249866,0.02581846281260875,-0.14769222806369434,0.21135400959549525,0.6943448986841526,0.06622793222634364,0.8500530752549059,0.13480930724375406
2014-05-02,0.9862339187706204,0.028873627137443767,-0.15031892779128478,0.2168620494401879,0.48822190252986747,0.06676500597394605,0.6504036572901605,0.3358302614804599
2014-05-03,0.847658285427378,0.03189827586213846,-0.15575404582272664,0.22214826111818753,0.2079111493958984,0.06726904849036476,0.3734726890438625,0.4741855963835155
2014-05-04,0.1253924517651179,0.03489123134368988,-0.1626034623659748,0.22721263389119345,-0.09775223384576484,0.06774138554808917,0.06948955457123285,0.055902897193885054
2014-05-05,-0.3112170378574275,0.0378515227315991,-0.16936569934618556,0.2320622771797221,-0.37789223537924566,0.06819316572247418,-0.20915096909163583,-0.10206606876579166
2014-05-06,-0.6232901089448349,0.04077811233979228,-0.17465025322805255,0.23670136798566893,-0.5863192429265897,0.06863062259686836,-0.41485939323231263,-0.2084307157125223
2014-05-07,-0.7475088014672029,0.04366995121238414,-0.1773112750269665,0.2411331032244296,-0.6861030827215552,0.0690602470651443,-0.5095510562465637,-0.23795774522063917
2014-05-08,-0.7673564838554268,0.04652596515891494,-0.1765175039619946,0.24535876040714963,-0.6548725512287225,0.06948568247220663,-0.4700196471524458,-0.29733683670298094
2014-05-09,-0.1922514434164176,0.04934509159852976,-0.17179097027431875,0.2493789219510836,-0.4906877981733056,0.06991182448187885,-0.2938429304161322,0.1015914869997146
2014-05-10,0.2236544130304996,0.05212610584562293,-0.16299271962233408,0.25318732299300484,-0.2175916214048334,0.07033277924049752,-0.004938132948042184,0.22859254597854178
2014-05-11,0.3595763022511931,0.054867864842105075,-0.15020477948293695,0.2567799379422911,0.11456289472315959,0.07074799781438328,0.3467539158390021,0.012822386412190967
2014-05-12,0.9142658708352336,0.05756933146403137,-0.13356533383908464,0.26015554861800344,0.4366083708604807,0.07115736434650696,0.6919252814499378,0.22234058938529577
2014-05-13,1.0520423987233551,0.06022935866228586,-0.11326440906558363,0.2633087524000554,0.6734487909844408,0.07155776121604367,0.955280254197242,0.09676214452611309
2014-05-14,1.0410592147886126,0.06284692072268595,-0.08932607335944809,0.2662382277191487,0.7642628673385388,0.07194843568136002,1.0759703781022854,-0.03491116331367272
2014-05-15,0.864569605326041,0.06542103603153408,-0.06159529173440984,0.26894430774321165,0.680512727416775,0.07233170218675687,1.0256144816438677,-0.1610448763178267
2014-05-16,0.6295657227782787,0.06795078115988917,-0.02969494919851825,0.27142895752808516,0.4363367918254465,0.07270999567231524,0.8187315769872179,-0.18916585420893917
2014-05-17,0.2979689278903474,0.0704352740671226,0.006908292720764427,0.2736951667052291,0.08603692058100507,0.07308757898050419,0.5101632330546254,-0.212194305164278
2014-05-18,0.4451478010443807,0.07287368192573687,0.048837780056400604,0.2757470589060925,-0.2913641874659704,0.07346771686045958,0.17956205028271913,0.2655857507616616
2014-05-19,0.0406700667915619,0.07526506090425598,0.09658135385839604,0.2775842696092482,-0.6162980581358409,0.07384984252743951,-0.09301753123650117,0.13368759802806307
2014-05-20,-0.0855408897542232,0.07760867919695763,0.15045706467059633,0.2792128777864688,-0.8303956971239027,0.07423987017845113,-0.24887720529142876,0.16333631553720557
2014-05-21,-0.3148571575068237,0.07990375051557616,0.2103666917764703,0.2806362270256762,-0.911113734729959,0.07463949054612214,-0.2655675748661142,-0.049289582640709484
2014-05-22,-0.3714845602966421,0.08214953314916987,0.27569865424136347,0.2818585785261915,-0.8706896825877439,0.07504997839555431,-0.15593293827546478,-0.21555162202117734
2014-05-23,-0.193302925010525,0.08434524130216252,0.3452043713295472,0.28288199290218535,-0.7427046322462953,0.07546998163691204,0.045196954924511756,-0.23849987993503677
2014-05-24,0.3122256749759229,0.0864900162967588,0.4169843950635035,0.2837053798214161,-0.5622248888912845,0.07589418565059329,0.30084908794098714,0.01137658703493577
2014-05-25,0.8103332412103661,0.08858289448632498,0.4885205886872728,0.2843237420595433,-0.3495230778547895,0.07631614058994081,0.5882202879682925,0.22211295324207359
2014-05-26,1.2642182488339082,0.09062290873637012,0.5568676106431095,0.2847317194184901,-0.10494081899795343,0.07673146844151822,0.9040128882415345,0.36020536059237374
2014-05-27,1.3849571711030453,0.09260910393091011,0.6189031215809375,0.28492381801610184,0.1818610153627652,0.07713470664776,1.2554317655384746,0.1295254055645707
2014-05-28,1.3748961832673865,0.09454063344696452,0.6716173237143818,0.284897877900447,0.51361276957057,0.0775230786957965,1.64219168332816,-0.2672955000607735
2014-05-29,1.7354763445721144,0.09641670769511754,0.7123217307399201,0.2846538368788389,0.8671872971393538,0.0778991591158626,2.038478731569093,-0.30300238699697846
2014-05-30,2.0969133153871407,0.09823643300116501,0.738867522871327,0.28418800103901126,1.1862196797033657,0.07825980775429109,2.38577144436916,-0.28885812898201957
2014-05-31,2.605355952290489,0.0999989292276816,0.749887131441217,0.28349713789393133,1.392072649666848,0.07859937944637735,2.6040552276760556,0.001300724614433424
2014-06-01,2.8621125428840775,0.10170329530809093,0.7448704264776517,0.2825776632456226,1.4095383855597554,0.07891205491145278,2.617601825502573,0.24451071738150443
2014-06-02,2.7623551102832513,0.10334874272635423,0.7242372417724181,0.2814302106583569,1.198685592224964,0.07919651588844191,2.386898303270535,0.37545680701271644
2014-06-03,2.1717795217570677,0.10493464779954506,0.6893089069946229,0.2800607011678093,0.7782021903383528,0.07945401583148291,1.931960462131813,0.23981905962525474
2014-06-04,1.3434857131261837,0.10646060369720046,0.6421811354197146,0.2784816921934328,0.2291216409134213,0.07968848779962415,1.3359335600233935,0.007552153102790227
2014-06-05,0.3719330558512838,0.10792635367242939,0.5854408304438593,0.27670993050161974,-0.3253908097121168,0.07990724923387804,0.7245935541396696,-0.35266049828838586
2014-06-06,-0.1020755425640099,0.109331758811487,0.5218873294046862,0.2747647369949206,-0.7575176863597008,0.08011847738443417,0.2285846162358272,-0.3306601587998371
2014-06-07,-0.2323561130580342,0.11067658980965234,0.45416210948584235,0.27266077281754636,-0.9764608012920436,0.08032636154764417,-0.05863496763135834,-0.17372114542667585
2014-06-08,0.0635066038245456,0.11196054941559723,0.3845245059278147,0.2704088621648327,-0.9567798044061291,0.08053170991137848,-0.10935417698650607,0.17286078081105166
2014-06-09,0.2164683924037159,0.11318323122194808,0.3146510528906239,0.2680147997126162,-0.7433424474607199,0.08073215410792428,0.03323879047239259,0.18322960193132332
2014-06-10,0.4642615653724523,0.11434427435665462,0.24560657016187976,0.26548500653039797,-0.43029613617581614,0.08092760544929514,0.27606732032241144,0.18819424505004084
2014-06-11,0.6756285317597646,0.11544328304793734,0.17781589691941282,0.26282395530394814,-0.12446776452668497,0.08111730929453378,0.5127326800391471,0.1628958517206175
2014-06-12,0.5853819543576825,0.11647986823126964,0.11115538663437287,0.2600356692037843,0.0929728654374694,0.08130089471109982,0.661944684217996,-0.07656272986031354
2014-06-13,0.4304991861671823,0.1174537272109342,0.04513390545749103,0.25712652904588534,0.19111995463856968,0.08147945495982331,0.6923135713127037,-0.26181438514552136
2014-06-14,0.5115706496460227,0.11836458921810847,-0.02097912060430513,0.25410353474625497,0.19079945023539863,0.0816573720404743,0.6239458256359312,-0.11237517598990843
2014-06-15,0.6274931230563457,0.11921212482340932,-0.08795718744772701,0.2509705504034902,0.1447604621433805,0.08183393141733677,0.5088198813398898,0.11867324171645599
2014-06-16,0.361262230879789,0.11999602568082218,-0.1564264417522122,0.2477310545041194,0.10769995128691773,0.08200915546275196,0.401009745182399,-0.03974751430261003
2014-06-17,0.3260231397680242,0.12071612748996469,-0.22662087096055133,0.24439220030994815,0.11001127949387386,0.08218361937474933,0.3306823557079847,-0.004659215939960493
2014-06-18,0.3880414615337476,0.12137223296200846,-0.29834863375716625,0.24095857716188407,0.14560649481822174,0.08235325219606808,0.2919419233810161,0.09609953815273148
2014-06-19,0.3481099984654606,0.12196414923978456,-0.3709215895110194,0.2374333570574984,0.17996163123661313,0.08250980219121593,0.25094735021409265,0.09716264825136794
2014-06-20,0.0701648583942516,0.12249175235875918,-0.4431625103774645,0.23382095188084906,0.17242517545072572,0.08264683543426028,0.16822220474712973,-0.09805734635287813
2014-06-21,0.1124469084115945,0.12295502500522672,-0.513452168054702,0.23012847733615566,0.100922673581342,0.08276159151835429,0.0233155993863767,0.0891313090252178
2014-06-22,-0.2293083544776451,0.12335388524067936,-0.5799095327796545,0.2263596384741944,-0.02399791169819056,0.08284987013567012,-0.17134405062730118,-0.05796430385034393
2014-06-23,-0.496672261914556,0.1236883958455705,-0.6404552427096559,0.22252199791534238,-0.16074500869771055,0.08291441678301924,-0.37207544086343436,-0.12459682105112163
2014-06-24,-0.6022721323182242,0.12395861970842537,-0.6930062464137114,0.2186219158222803,-0.25559067458525075,0.0829586285640473,-0.5230577569042092,-0.07921437541401499
2014-06-25,-0.4355393632795746,0.12416458715039248,-0.7356275574384191,0.2146632468975041,-0.26825969056071963,0.08298396794128028,-0.582075446009962,0.14653608273038737
2014-06-26,-0.5566092997714218,0.12430625731649199,-0.7666869987506497,0.21064592337222002,-0.192405477863493,0.08298857823285082,-0.54115171769258,-0.015457582078841847
2014-06-27,-0.3050953407893969,0.12438368947951907,-0.7849057259443779,0.2065719112451655,-0.060456998137996903,0.08297281297448156,-0.4314343103832087,0.1263389695938118
2014-06-28,-0.2958219482450025,0.12439685171169483,-0.7895234514477273,0.2024384980390073,0.06775793508386417,0.0829322847711416,-0.31199788184201943,0.01617593359701691
2014-06-29,-0.3552791084251296,0.1243458165855303,-0.7802885127743321,0.19824504022193298,0.13020599486045434,0.08286522629642362,-0.24462643480999074,-0.11065267361513886
2014-06-30,-0.348775943471058,0.12423071978434612,-0.7575122814024252,0.19399142679224426,0.08842429279733449,0.08277165144839474,-0.26809419058010564,-0.08068175289095236
2014-07-01,-0.3031202370589495,0.12405172300902023,-0.7220771223393411,0.18967670833066116,-0.056390975780201455,0.08265112498258848,-0.38208854179727264,0.07896830473832311
2014-07-02,-0.5610859532831941,0.1238090220855202,-0.675401352068789,0.18529941783830775,-0.26337207221848424,0.08250310790649525,-0.54716187645695,-0.01392407682624408
2014-07-03,-0.7213270544345575,0.12350294818741596,-0.6193451885625747,0.18086119121573344,-0.46713833709364366,0.0823315861970722,-0.6997878000559967,-0.021539254378560746
2014-07-04,-0.720702118299522,0.12313383823209201,-0.5561521753024452,0.17636215307568925,-0.6020940487010822,0.08213824107740818,-0.7766119916183379,0.05590987331881592
2014-07-05,-0.821238523701285,0.12270201951680972,-0.4883503422659336,0.17180049810571704,-0.6244018811638303,0.08192353653791702,-0.7363261692693202,-0.08491235443196488
2014-07-06,-0.6037965548045129,0.1222078862017064,-0.41857574388322866,0.16717510016187304,-0.5234377426538662,0.0816884102184491,-0.5709420899550663,-0.03285446484944654
2014-07-07,-0.2395192329121184,0.12165177147926583,-0.34947663376675486,0.1624811702557035,-0.3209980644057375,0.08143115113994785,-0.30491060529757524,0.06539137238545684
2014-07-08,0.0745598831144864,0.12103398943094104,-0.2835107201607526,0.15771172665563876,-0.0598413367606657,0.08114619412642453,0.016539853291586012,0.05802002982290039
2014-07-09,0.4392062049872872,0.12035489959328995,-0.2227892487296725,0.15286030262959974,0.21108222524609102,0.08083042863053838,0.34233860736984656,0.09686759761744063
2014-07-10,0.7448242643374178,0.11961486729343378,-0.16894270275842926,0.14791979311755354,0.44773007512979135,0.08048142111308709,0.6268034538954365,0.11802081044198132
2014-07-11,0.6467785081301417,0.11881429421190812,-0.12298563693332593,0.14288358290061404,0.6159249429251923,0.08009717260454,0.8347343557089285,-0.1879558475787868
2014-07-12,0.7461175177302746,0.11795372136805178,-0.08520550133626295,0.1377493190537704,0.6915691416085589,0.07967957434927878,0.9417462550433969,-0.19562873731312236
2014-07-13,0.8254811980155491,0.11703364372093993,-0.05522930256388331,0.13251278063546207,0.6590205029940003,0.07922979055390106,0.93256741534042,-0.10708621732487089
2014-07-14,0.7655095453963836,0.11605457092673224,-0.032019298973627035,0.1271698493044718,0.5136701266954081,0.07874784720397399,0.8036230951569592,-0.03811354976057557
2014-07-15,0.683595822589601,0.11501706374309725,-0.013943410096326214,0.121717686264269,0.2682999611807374,0.07823243807298326,0.5693237391647608,0.1142720834248403
2014-07-16,0.5489987580687792,0.1139217008924028,0.0010478513676368123,0.11615374207839638,-0.04058396461593444,0.07768223561805983,0.26822156534056135,0.28077719272821783
2014-07-17,0.1320955402730951,0.11276909405265756,0.015238784604113226,0.1104762039162886,-0.3520439804145984,0.07709697716213929,-0.03646292067939971,0.16855846095249483
2014-07-18,-0.1317683197161789,0.11155996415644222,0.03096290785693639,0.10468649826370766,-0.5903937932709954,0.07648041842451801,-0.26670400456939114,0.13493568485321225
2014-07-19,-0.5200750235077746,0.11029500407225962,0.05034008777996588,0.09878436128883698,-0.6863795827588852,0.07583440413478136,-0.3511257254830414,-0.16894929802473319
2014-07-20,-0.5737858434329547,0.10897497046357658,0.07509208731662187,0.09277104200462218,-0.6021830096527849,0.07516461861101352,-0.2501802912569508,-0.3236055521760039
2014-07-21,-0.2141035713327013,0.1076005407834511,0.10634720801385913,0.08664425186046014,-0.3515951473215446,0.07447362180441369,0.023470475140639435,-0.23757404647334074
2014-07-22,0.3035773829062512,0.10617228702969855,0.1445368459443489,0.08039726372222955,-0.003844365812260525,0.07375883395978158,0.40102086484379806,-0.09744348193754687
2014-07-23,0.7945274640375976,0.10469075052458231,0.1893986455736182,0.07402154965643912,0.33376874160458725,0.07301391753657088,0.7748936048957977,0.019633859141799825
2014-07-24,1.334740744854686,0.10315650555929658,0.24000355589676392,0.0675095144739031,0.550314010984487,0.07223507440026239,1.033218661314713,0.301522083539973
2014-07-25,1.5297161629305014,0.10157012943560656,0.294853082209048,0.060853627369748545,0.5708468772594979,0.07141799310812189,1.0995417093820228,0.4301744535484786
2014-07-26,1.0481628440440065,0.09993232083631334,0.3520687382031495,0.05405055157666577,0.38670966022438896,0.07056081044810006,0.9633220812886175,0.08484076275538899
2014-07-27,0.6005318280792175,0.09824400656337619,0.4095831720477618,0.04710495567190666,0.06308219237764073,0.06966967707769552,0.687684003738381,-0.08715217565916356
2014-07-28,0.2101474661393553,0.09650612481407067,0.4652459998000209,0.040021902671068,-0.2818163041693778,0.06875042967217296,0.3887081527879547,-0.17856068664859936
2014-07-29,-0.082924034861991,0.09471962259263723,0.5170072780920835,0.03280668670497028,-0.5174842754485424,0.06780862189788174,0.19485793383903027,-0.2777819687010213
2014-07-30,-0.1012632339239536,0.09288544397347455,0.5630944098233446,0.025464291170767595,-0.5478013321753998,0.06684811537008087,0.2004909281622678,-0.3017541620862214
2014-07-31,0.536163674013706,0.0910044762877658,0.6021300535120403,0.017997680809727665,-0.3462263393008865,0.06587073365072979,0.430776604959377,0.10538706905432904
2014-08-01,1.021484533993911,0.08907742274070496,0.6332093010754242,0.010403687118018347,0.033619671743870025,0.06487106980275893,0.8311811524807764,0.19030338151313453
2014-08-02,1.4215081098809643,0.08710505231838109,0.6560559936284551,0.002682039962921212,0.4771584378957023,0.06384627466880022,1.28684779847426,0.13466031140670442
2014-08-03,1.7343606507174243,0.08508818455394797,0.6710379489914358,-0.005165198791138505,0.8479733885936639,0.06279383550694972,1.661728158854859,0.07263249186256537
2014-08-04,1.9202456279846007,0.08302769766833969,0.6791038174842193,-0.01313312047400448,1.0328983210730727,0.06171362029218805,1.8436103360438152,0.07663529194078555
2014-08-05,1.802428783951446,0.08092453815497234,0.6816804931431149,-0.021213453986574794,0.9766680573226142,0.06060731014700514,1.7786669447811316,0.02376183917031427
2014-08-06,1.526007547774173,0.07877978762347489,0.6805077074441471,-0.029392343006531485,0.6949174893438712,0.05948221290064472,1.4842948543056065,0.04171269346856654
2014-08-07,0.8751677094542886,0.07659461291559817,0.6774268298405195,-0.03765238480474153,0.26265494858395294,0.058346594507758635,1.0373706010430876,-0.16220289158879908
2014-08-08,0.4180404994131649,0.07437032347111394,0.6741704439832538,-0.04597062923997663,-0.21417007539360247,0.05721158247928862,0.5456116453000772,-0.12757114588691232
2014-08-09,0.1159372482077824,0.07210819225310153,0.6720536617445224,-0.054324767112916394,-0.633003442915833,0.05608591152376358,0.11291955549263805,0.003017692715144349
2014-08-10,-0.3882480644837327,0.06980946687720432,0.6717746937167096,-0.06269307261019103,-0.9209646663441802,0.054976362312744,-0.1870972160477133,-0.20115084843601944
2014-08-11,-0.4274864914958121,0.06747545434066989,0.6733379896031915,-0.07105163125833985,-1.045929181860675,0.05388739262540719,-0.32227997654974627,-0.10520651494606581
2014-08-12,-0.0913673224286342,0.06510731206489928,0.675882768786843,-0.0793813849002457,-1.0134454919814908,0.05281778973047429,-0.29901900629952,0.20765168387088578
2014-08-13,0.2017094547034243,0.0627060703019407,0.6777124739695345,-0.08766738950710937,-0.852851147851991,0.05176248799188834,-0.14833750509573682,0.3500469597991611
2014-08-14,0.176503104588414,0.06027275412531486,0.6764737465130701,-0.09589469818732459,-0.6011417210932726,0.050716300158572286,0.09042638151636015,0.08607672307205386
2014-08-15,0.4331576589435212,0.05780846658323158,0.6693994994058186,-0.10404543801452625,-0.2920074438147903,0.04967707620664131,0.38083216036637485,0.05232549857714636
2014-08-16,0.5736869094396003,0.05531422108355773,0.6535088524906129,-0.11210481452000341,0.04632064433767332,0.04864069072318459,0.6916795941150251,-0.11799268467542479
2014-08-17,0.8449661980482236,0.052791079409501514,0.6259535695675396,-0.12005636615151925,0.38825315787899684,0.047607592606881424,0.9945490333114001,-0.1495828352631765
2014-08-18,0.9969093659892336,0.05024007564970535,0.5843345392208986,-0.12788489528682168,0.705437160613948,0.04657637497028322,1.2587032551680135,-0.2617938891787799
2014-08-19,1.2684948112545793,0.04766230343031773,0.5270296597579057,-0.13557366339528276,0.9644321325110434,0.04554526973003974,1.449095702034024,-0.18060089077944474
2014-08-20,1.6151190669565936,0.04505885215275538,0.4533828273912644,-0.14310647753417616,1.1286322155945059,0.04451119024223149,1.528478607846581,0.0866404591100125
2014-08-21,1.6356109548651214,0.04243081917635785,0.36382752565392346,-0.1504668403567889,1.1648804764147649,0.04347278577626041,1.4641447666645178,0.17146618820060366
2014-08-22,1.4370045286301267,0.03977942072589443,0.25999601879949147,-0.15763427604879895,1.0523177067875344,0.04242995878535762,1.236888829049479,0.20011569958064768
2014-08-23,1.0198993847837234,0.037105962517047175,0.14462199573688883,-0.1645853374620439,0.7894639308643133,0.04138334478885457,0.84798989644506,0.17190948833866349
2014-08-24,0.4570090575808483,0.03441182861151816,0.02135209582577556,-0.17129401449541076,0.39813022608040366,0.04033319890512392,0.32293333492741055,0.13407572265343776
2014-08-25,-0.449410507252958,0.03169846664977878,-0.10557876216744283,-0.17773225601250348,-0.07672916423605843,0.039283618673041004,-0.289058097093185,-0.16035241015977303
2014-08-26,-1.1311012745121565,0.02896744199973111,-0.23165096452626463,-0.1838685407523516,-0.5707474681402839,0.03824218091519297,-0.9190573505039761,-0.2120439240081804
2014-08-27,-1.6262145039314877,0.026220260266211378,-0.3525012905096135,-0.18967413030110053,-1.0083247341165746,0.03721505403473561,-1.4870648406263416,-0.1391496633051461
2014-08-28,-2.05207784886104,0.02345837796995181,-0.4642762303782531,-0.19512288177087173,-1.3134977175099034,0.036208499729075874,-1.9132299519600005,-0.13884789690103938
2014-08-29,-2.115584759009629,0.02068324262939135,-0.5639364214168243,-0.2001898350079524,-1.4237006961108114,0.03523375157033934,-2.1319099583358576,0.016325199326228557
2014-08-30,-1.9842001833938077,0.01789618374140156,-0.6494554266997741,-0.20485542076193933,-1.3054211628090997,0.034296436302171295,-2.1075393902272404,0.12333920683343269
2014-08-31,-1.569543752488673,0.015098459776858034,-0.7199156268642255,-0.20910383219922218,-0.967108068868379,0.03339890495961015,-1.8476301631953584,0.2780864107066854
2014-09-01,-1.3745428884323772,0.012291226878489676,-0.7755309265847469,-0.21292397373079203,-0.4651221331496937,0.03254123041606988,-1.408744576170673,0.034201687738295794
2014-09-02,-0.9790974672999542,0.00947568051004198,-0.8174619889482991,-0.21630453567149194,0.1028996782715749,0.03172425250572114,-0.8896669133324531,-0.0894305539675011
2014-09-03,-0.5126387415807642,0.006652928830130705,-0.8476551393731094,-0.21923831999112506,0.6172577135432743,0.03094477898151572,-0.4120380380093138,-0.10060070357145035
2014-09-04,0.0819803233637169,0.003824038884535887,-0.8685550597040037,-0.2217205206029886,0.9664763536107204,0.030198001227521747,-0.08977718658421435,0.17175750994793126
2014-09-05,-0.1671389218149069,0.0009900286309126967,-0.8827907590896681,-0.22374897254877912,1.0794406439271795,0.029476857933171667,0.0033677988528166766,-0.17050672066772357
2014-09-06,-0.2834666019927487,-0.0018478246333214995,-0.892741230846889,-0.2253135197541343,0.9494884841701398,0.02878224139366286,-0.14163184967054215,-0.14183475232220655
2014-09-07,-0.4066985731250121,-0.0046882695591994325,-0.9003755009440861,-0.22640607928682951,0.6372262223571517,0.02811346055572898,-0.46613016687723435,0.059431593752222234
2014-09-08,-0.7750090335926973,-0.007530037341597833,-0.9070335650662263,-0.22701921669527278,0.2520132541682622,0.027470574586819944,-0.8620989903480148,0.0870899567553175
2014-09-09,-1.3410538442600788,-0.010371773586299251,-0.9132762081846146,-0.22714389420537923,-0.08415744380332782,0.02685746756107926,-1.2080918522185418,-0.13296199204153702
2014-09-10,-1.2666569825250735,-0.01321205872066845,-0.9188548046674194,-0.22677034116345426,-0.27843668952373835,0.02628131484126026,-1.41099257923402,0.14433559670894658
2014-09-11,-1.2750160229876666,-0.0160496677761613,-0.9228675487993583,-0.2258971383965122,-0.2994358476936553,0.025744194360643104,-1.438506008305044,0.16348998531737746
2014-09-12,-1.343419772121709,-0.018883364669474566,-0.9238033993583228,-0.22452387140716867,-0.18475859896541713,0.025250201626330845,-1.3267190327740523,-0.01670073934765659
2014-09-13,-1.4121123828181772,-0.021711918085164268,-0.9197131584826721,-0.22265183861440058,-0.0226705657258858,0.02480213266931598,-1.161945348238807,-0.2501670345793703
2014-09-14,-1.056686297383599,-0.024534113739963347,-0.9084535697893306,-0.22028446892567455,0.08586862400820228,0.024401646701050158,-1.043001881745716,-0.01368441563788303
2014-09-15,-1.0046812074358848,-0.027348887420858604,-0.8879812856432053,-0.2174319680333347,0.06916218586595593,0.024043298615222225,-1.0395566566162207,0.034875449180335805
2014-09-16,-1.117915533251918,-0.030155110853487002,-0.8564979346111903,-0.21410393960432297,-0.08496303424530131,0.023720196589623543,-1.161999822724678,0.04408428947276
2014-09-17,-1.196819220824583,-0.03295162107787601,-0.81273081919899,-0.21031002578521563,-0.3251712404665227,0.02343024312917359,-1.357733463399431,0.160914242574848
2014-09-18,-1.490453864392376,-0.03573728752242984,-0.7561125926421292,-0.20606226550099296,-0.5595842835499668,0.023172787232296748,-1.534323641983222,0.04386977759084609
2014-09-19,-1.691454730316588,-0.03851094320248335,-0.6868345955412857,-0.2013726906901699,-0.6951097822776475,0.022949904685298617,-1.5988781070262879,-0.09257662329030025
2014-09-20,-1.7207243683050255,-0.041271470758929216,-0.605906394879601,-0.1962562395313128,-0.6771122834429188,0.022764795295107467,-1.4977815933176544,-0.22294277498737114
2014-09-21,-1.3622604789415556,-0.04401781830535754,-0.5151102421717185,-0.19073130137708516,-0.5115472747928912,0.02262133934374137,-1.238785297303311,-0.12347518163824445
2014-09-22,-0.930248026618159,-0.0467490729447052,-0.416853094591206,-0.18482264004384275,-0.260695865920883,0.022513916596408005,-0.886606756904229,-0.04364126971393001
2014-09-23,-0.1756388423044017,-0.049464350731417146,-0.3139853255554114,-0.17855712807646656,-0.014212124291145309,0.022435276251404988,-0.5337836524030354,0.3581448100986337
2014-09-24,-0.0448690537077131,-0.05216285902381647,-0.2096343562266046,-0.17196586801907338,0.1500734749999807,0.022374672515928517,-0.2613149357535852,0.21644588204587212
2014-09-25,-0.1498251422073032,-0.054843612958523164,-0.10689137335484,-0.1650741489507993,0.19982184113048349,0.022326726216232277,-0.10466056791744668,-0.04516457428985651
2014-09-26,-0.0985013321024495,-0.057505566884851034,-0.008682920401865121,-0.15790561287856492,0.15894247508053821,0.0222874281423539,-0.042864196942388966,-0.05563713516006054
2014-09-27,-0.0974001472230378,-0.060147726382112535,0.08229506979952661,-0.15048575325418223,0.09253909484425607,0.022255692675946157,-0.013543622316565914,-0.08385652490647189
2014-09-28,-0.1531702625419492,-0.06276909240030595,0.1637411529009605,-0.1428404285121665,0.07410279292275002,0.022230743752698776,0.054465168663936844,-0.20763543120588607
2014-09-29,-0.0634718605998434,-0.06536866622303396,0.23381287890103586,-0.13499585731523733,0.14964108662859707,0.02221243688375454,0.2053018788751162,-0.2687737394749596
2014-09-30,0.4616528699042472,-0.06794550565486876,0.29111511844787347,-0.12698037036705928,0.31527452310196824,0.022202305702716647,0.4336660712306303,0.02798679867361692
2014-10-01,1.0251789082440932,-0.07049880097903427,0.3346691367254818,-0.11882723551000143,0.5184538014404124,0.02220080970665819,0.6859977113835167,0.33918119686057646
2014-10-02,1.214518851227215,-0.07302775757564241,0.36398788327724524,-0.11057097403874688,0.6825724093225305,0.022204654152230382,0.8851662151376168,0.3293526360895981
2014-10-03,0.7541603078636837,-0.07553147138748803,0.37908988168884167,-0.10224262312005093,0.7425600830826689,0.022211680109045194,0.9660875503730167,-0.21192724250933304
2014-10-04,1.035883729663892,-0.07800883811751419,0.38049085745208316,-0.09386640730345461,0.6746268863389685,0.022224606402882385,0.9054671047729652,0.13041662489092687
2014-10-05,0.7532371487146492,-0.08045895813716658,0.3689952278037905,-0.08547365335495515,0.5048622332335186,0.022238930239013268,0.7301637797842007,0.023073368930448535
2014-10-06,0.2094991056724049,-0.08288074380144875,0.3458357395576463,-0.0770890593815772,0.29740400729803196,0.022254281906203162,0.5055242255788555,-0.29602511990645053
2014-10-07,-0.0503245980123036,-0.0852730186290894,0.3125796617980297,-0.06873352779855785,0.12378344495118922,0.02227471459457437,0.30463127491614606,-0.35495587292844966
2014-10-08,0.4939909472368846,-0.0876346773652034,0.2710076042593362,-0.0604296065013156,0.029475741324097582,0.02230554935510159,0.17472461107201634,0.3192663361648682
2014-10-09,0.1549641439988751,-0.08996486160451368,0.22302185914256434,-0.052207506265631594,0.013627457162279817,0.022345155914037653,0.11682210434873655,0.03814203965013854
2014-10-10,0.0171181102122148,-0.0922624671406981,0.17081633251043396,-0.044087965911066763,0.033603603722084395,0.022398498715472958,0.09046800189622645,-0.07334989168401165
2014-10-11,0.1290312916151305,-0.09452647075474253,0.11669283325061393,-0.03609357346403273,0.02695703064840673,0.022465585354685083,0.035495405034930476,0.09353588658020001
2014-10-12,0.2507298559426951,-0.09675593741812157,0.06298313118628579,-0.028249059841661962,-0.055942004490555586,0.022541748053808396,-0.09542212251024493,0.34615197845294
2014-10-13,-0.5004426727148849,-0.09894995653948464,0.012006500489825496,-0.020578747571249466,-0.22501629635825227,0.02262064523427232,-0.30991785474488853,-0.19052481796999632
2014-10-14,-0.7146859652483011,-0.10110737617152794,-0.033910678865870715,-0.013097101511172396,-0.44181566961306296,0.022705263869481046,-0.567225562292153,-0.14746040295614804
2014-10-15,-0.664198956891869,-0.10322724569265491,-0.07266591100093714,-0.005824158519587896,-0.6363942225419775,0.02279081945516102,-0.7953207182999965,0.13112176140812748
2014-10-16,-1.089445957851999,-0.1053087348846636,-0.1024580810024775,0.00121770029760436,-0.7380491662966675,0.022872685127091213,-0.921725596759113,-0.16772036109288602
2014-10-17,-1.314008787522668,-0.1073509167894259,-0.12175845408641747,0.008011405917264028,-0.707081666296382,0.0229534921931049,-0.9052261390618564,-0.4087826484608116
2014-10-18,-0.529262881315711,-0.10935296576022947,-0.12943349606868199,0.014538146439773261,-0.5547938962527271,0.02303503211858177,-0.7560071795232836,0.22674429820757258
2014-10-19,-0.0978667202496595,-0.11131439289764782,-0.12487057864672838,0.02076912857987248,-0.341143757655211,0.023109219833498763,-0.5334503807862159,0.4355836605365564
2014-10-20,-0.1515685703056553,-0.11323461459213476,-0.10784121503707186,0.02668081465569322,-0.14854403582907577,0.02317432488731762,-0.31976472591527155,0.16819615560961626
2014-10-21,-0.2598099968337454,-0.11511290931702274,-0.07847037516013798,0.03225637577186498,-0.046830388046270335,0.023233151657034868,-0.1849241450945312,-0.0748858517392142
2014-10-22,-0.4428813798398175,-0.11694854554914891,-0.03728591745156574,0.03748117486466829,-0.06410863687506205,0.023286991284747354,-0.15757493372636105,-0.28530644611345646
2014-10-23,-0.6173953681508564,-0.11874077236446737,0.014755716586116286,0.04234347330611085,-0.17515854484310336,0.023339269191837077,-0.21346085812350654,-0.4039345100273498
2014-10-24,-0.4296943755321835,-0.12048884851269362,0.07628242396706708,0.046833336778545426,-0.3128596777645324,0.023392267334771732,-0.28684049819684176,-0.14285387733534172
2014-10-25,0.1076708445626111,-0.12219215529388285,0.14549385080618088,0.05093835143535387,-0.39755301363051143,0.023440355931368798,-0.29987261075149074,0.40754345531410185
2014-10-26,0.2161405007870444,-0.12385018690364058,0.22013352027094013,0.05464452232456263,-0.3707392117097043,0.023478341093524358,-0.19633301492431776,0.41247351571136215
2014-10-27,0.2851595207744137,-0.12546232434075089,0.2976531850036206,0.05794411439344413,-0.2183251590887448,0.023507292464913735,0.03531710843248276,0.24984241234193094
2014-10-28,0.2828921335120048,-0.12702795683516385,0.3752885346437827,0.06083084222398809,0.02408494573202663,0.02352500146924043,0.35670136723387397,-0.07380923372186915
2014-10-29,0.2225760750669986,-0.12854645808350415,0.4501343070991252,0.06330074415052248,0.2869899870734347,0.02353156079674178,0.69541014103632,-0.4728340659693214
2014-10-30,0.297495246640644,-0.13001719442554244,0.5192745851756092,0.0653519854286087,0.4958446313838522,0.023529120947730388,0.973983128510258,-0.6764878818696141
2014-10-31,1.3710863828185351,-0.1314395809373004,0.5799459331256078,0.06698232492358712,0.6002356845611133,0.023514841968000164,1.139239203641008,0.23184717917752717
2014-11-01,1.5553152127451697,-0.13281332695280482,0.6295685917256415,0.06818053432297144,0.5908837650898386,0.023475741089098934,1.1792953052747457,0.376019907470424
2014-11-02,1.347905425788595,-0.13413786102916173,0.6661059061361053,0.06894668430239424,0.5018092380368335,0.023410561545184227,1.1261345289913556,0.22177089679723938
2014-11-03,1.085158132481537,-0.1354125054875496,0.6881688692691735,0.0692862376216615,0.3927049577225974,0.02331924047408993,1.0380667995999726,0.04709133288156431
2014-11-04,1.2284806516732645,-0.13663657320516912,0.6950365522874291,0.06920709533580026,0.3224856923003701,0.023205097099692443,0.9732978638181229,0.2551827878551416
2014-11-05,0.7547698286895043,-0.13780951426031263,0.6866746579033256,0.06871465326962226,0.32479768051212676,0.023069693820183656,0.9654471712449456,-0.21067734255544135
2014-11-06,0.653175337934171,-0.13893061081070116,0.6639090378286204,0.06782240169531875,0.396596400161729,0.022920517745685116,1.012317746620652,-0.35914240868648106
2014-11-07,0.9791851503945626,-0.13999928163709524,0.6282966970937027,0.06654141219363541,0.4996119906719156,0.022760428464221587,1.0772112467863801,-0.09802609639181759
2014-11-08,1.2241265366550382,-0.14101509026887796,0.5820279554970799,0.06488026625933531,0.5759080129310128,0.02259209758120804,1.104393241999758,0.11973329465528026
2014-11-09,0.9425233019356348,-0.14197759332205734,0.5279223750679596,0.06284997184864598,0.5701637479173454,0.022418410669852652,1.0413769121817462,-0.09885361024611139
2014-11-10,0.8790481682572051,-0.14288621692139594,0.4693827336510505,0.060467723929546954,0.44947722093290976,0.022239556347585735,0.858681017939697,0.02036715031750813
2014-11-11,0.8444569927064635,-0.14374047393218659,0.4100701105969933,0.05774951916515399,0.2129708110095652,0.02205142285818182,0.5591013896977077,0.28535560300875573
2014-11-12,0.2926304420059059,-0.1445398990174267,0.35367888249278834,0.05471231876072624,-0.10866986889107576,0.02185119497548782,0.17703262832049993,0.11559781368540595
2014-11-13,-0.310338990229406,-0.14528388124367134,0.3037652596747251,0.051379512282195394,-0.46265622785507987,0.02164261521956597,-0.2311527219222647,-0.07918626830714129
2014-11-14,-0.6865600747478402,-0.14597181604202253,0.263437256620246,0.04777569087714281,-0.789706188219857,0.02143248913602805,-0.6030325676284628,-0.0835275071193774
2014-11-15,-0.91291431959835,-0.14660319310847703,0.2350633673584479,0.043923901392755815,-1.0391550236663758,0.02123249129513094,-0.8855384567285182,-0.027375862869831846
2014-11-16,-1.0455638604904844,-0.14717758669428332,0.2201165649277877,0.03984589519554947,-1.1792147332944587,0.021057588355585844,-1.045372271509819,-0.00019158898066540253
2014-11-17,-1.0327535014170697,-0.1476946546092593,0.2191005087108417,0.03556167371366099,-1.200778854913175,0.020919358496102835,-1.0728919686018288,0.04013846718475911
2014-11-18,-1.097975871361267,-0.14815416363396264,0.23151396467737562,0.031088286736944623,-1.114904175362143,0.02082108262806784,-0.9796350049537176,-0.11834086640754948
2014-11-19,-0.9038029343112302,-0.14855590318485093,0.2558705001132361,0.026442760981949476,-0.9451326276548887,0.02076413661695918,-0.7906111331275949,-0.11319180118363525
2014-11-20,-0.679150712227253,-0.1488997763430043,0.2897417725960901,0.021638810452978552,-0.718254849677897,0.02074668833997517,-0.5350273546318575,-0.14412335759539552
2014-11-21,-0.0999735943186923,-0.1491857265667502,0.329973736316342,0.016689000095361076,-0.45525553319005013,0.020762842924226345,-0.23701568042087087,0.13704208610217858
2014-11-22,0.3215475887495138,-0.14941382626426014,0.37283739518607706,0.011602120887143172,-0.1665805273876214,0.020805015769397455,0.08925017819073615,0.23229741055877762
2014-11-23,0.771459826650311,-0.1495841178076775,0.41433522057444694,0.006389034819228659,0.14773918677641823,0.020871708009663776,0.4397510323720801,0.3317087942782309
2014-11-24,0.8215628758183653,-0.14969667290245756,0.45050165497615924,0.0010603163233697671,0.49088227183156624,0.020959759984536974,0.8137073302131748,0.007855545605190528
2014-11-25,1.0124838959078075,-0.14975145738210807,0.4777369398658617,-0.0043691956075357224,0.8584564671478693,0.02106690037302708,1.2031396543971142,-0.19065575848930671
2014-11-26,1.2304464695030013,-0.1497484898066275,0.49295290281834203,-0.009885692000636881,1.226745611895461,0.021189591964666132,1.5812539248712048,-0.35080745536820346
2014-11-27,1.6437954791842544,-0.14968780162774226,0.49378425959944566,-0.015475335230400455,1.547521131669902,0.021322642605617528,1.8974648970168224,-0.253669417832568
2014-11-28,2.064680902963662,-0.14956948589201957,0.47869855429234753,-0.02112618927949443,1.7530349591112147,0.021456988220512167,2.0824948264525602,-0.017813923488898098
2014-11-29,2.4947865693763287,-0.14939364031071675,0.44704872608190854,-0.026826047596599872,1.773144032119273,0.02158570577541835,2.0655587760692837,0.42922779330704497
2014-11-30,1.9423473311311965,-0.14916036010540887,0.3990598444400528,-0.032562248896247516,1.5601330157475324,0.02170566824965918,1.799175919435588,0.14317141169560843
2014-12-01,1.202172275956975,-0.14886943753388587,0.3358988479451983,-0.03831151962620607,1.114088386999287,0.0218251120686252,1.2846313898530186,-0.08245911389604355
2014-12-02,0.6933277732347076,-0.14852060859514593,0.25943868947965454,-0.044048304078741427,0.49524184426729356,0.02195709014189655,0.5840687112149573,0.10925906201975033
2014-12-03,-0.1213608894953244,-0.14811369017002848,0.17206503335216905,-0.04974973743218434,-0.18214551377348465,0.02211107509083449,-0.18583283293269393,0.06447194343736952
2014-12-04,-1.1623934696691205,-0.14764841540079046,0.07652725968771325,-0.05538984703243319,-0.775319524959583,0.022300534903733377,-0.87952999280136,-0.2828634768677605
2014-12-05,-1.3573522305122117,-0.147124481823888,-0.024271082286048806,-0.060941145812529844,-1.1535696698141482,0.02254011437994189,-1.363366265356673,0.00601403484446128
2014-12-06,-1.4232160764977404,-0.14654189202448736,-0.1275861060764787,-0.06638651805826822,-1.2410079065710262,0.022832891067058773,-1.5586895316632017,0.13547345516546128
2014-12-07,-1.6871936501499918,-0.1459007382358242,-0.23090360552494626,-0.07171192398489311,-1.0428855576161697,0.023177225872763347,-1.46822459948907,-0.21896905066092187
2014-12-08,-1.445961797795429,-0.14520109047636418,-0.33205417286090244,-0.07690233983636385,-0.6465550065691511,0.023576461128206206,-1.1771361486145755,-0.2688256491808536
2014-12-09,-0.5325616020103451,-0.14444321689771042,-0.4293547438528426,-0.08194948110916628,-0.19540678786357318,0.024030659513382343,-0.8271235702099102,0.29456196819956515
2014-12-10,-0.3876884103099512,-0.14362763621592314,-0.5216381077203138,-0.08685361867297887,0.15796296973444107,0.024534525497528412,-0.5696218673772464,0.1819334570672952
2014-12-11,-0.4620609020857648,-0.1427546796689101,-0.6080221791025887,-0.09160862776453102,0.304085780911057,0.025089249187786905,-0.513210456437186,0.05114955435142121
2014-12-12,-0.7515394232655911,-0.14182464515652365,-0.6879225833231273,-0.0962071819439033,0.21159924996213725,0.025700117372881606,-0.6886550430885355,-0.06288438017705555
2014-12-13,-0.9597002428648086,-0.1408378110264232,-0.760944482168509,-0.10064124326545112,-0.06546259075956243,0.026372929541925744,-1.04151319767802,0.08181295481321149
2014-12-14,-1.5165983890101005,-0.13979453007198772,-0.8268217169573417,-0.10490517543764041,-0.4113653728879385,0.027110806505608296,-1.4557759888493,-0.06082240016080043
2014-12-15,-1.8394803241705977,-0.13869508918776113,-0.8852813292002832,-0.10899088876494936,-0.6928002208571755,0.02791997943023191,-1.7978475485799374,-0.041632775590660254
2014-12-16,-2.1537363054238345,-0.13753988137939105,-0.936041003843439,-0.11289379288919432,-0.8079600478894436,0.028804895012415902,-1.9656298309890519,-0.18810647443478268
2014-12-17,-1.9960276646802624,-0.13632934762280724,-0.9787010672380019,-0.11661097544649755,-0.7199822701500325,0.02976656324471909,-1.92185709721262,-0.07417056746764228
2014-12-18,-1.572578155202426,-0.13506410299099478,-1.012792684253112,-0.1201454938766045,-0.4644854286844745,0.03080161308002797,-1.7016860967251577,0.12910794152273164
2014-12-19,-1.3865363988087265,-0.13374487155087067,-1.0377313727819406,-0.12350433187521467,-0.12890875181623546,0.03190192078895821,-1.3919874072353033,0.005451008426576864
2014-12-20,-1.1410315499289745,-0.13237233364060572,-1.0527833149907375,-0.12669294245117882,0.18560486677127613,0.033060851458902904,-1.0931828728523432,-0.04784867707663132
2014-12-21,-0.7664147870973971,-0.13094721436777662,-1.0571687846766862,-0.1297179230597086,0.4019387600093212,0.034273493524528326,-0.8816216685703218,0.11520688147292468
2014-12-22,-0.4865133846105371,-0.1294703041869116,-1.050134007281426,-0.13258761788973106,0.4901708011210006,0.035535466391643525,-0.7864856618454245,0.29997227723488734
2014-12-23,-0.7679225647296193,-0.1279423932014403,-1.0310098357375845,-0.13530939475303375,0.4685453232502438,0.03684661360077064,-0.7888696868410441,0.0209471221114248
2014-12-24,-1.0735444167636867,-0.12636413961488385,-0.9992099741020359,-0.13788512792859617,0.3847729953480268,0.038211728746971915,-0.8404745175505173,-0.23306989921316945
2014-12-25,-1.1198362256554404,-0.12473621406769544,-0.954374434572531,-0.14031635160755446,0.2874115031314697,0.039635914724176054,-0.8923795823921352,-0.22745664326330517
2014-12-26,-0.94766114537222,-0.1230593837634219,-0.8964543133433891,-0.14260743265047418,0.20291890986817573,0.0411185481008273,-0.9180836717882823,-0.029577473583937697
2014-12-27,-1.0487788039221893,-0.12133450251387635,-0.8257736413711685,-0.14476507392675028,0.12878855905196065,0.04265502670172635,-0.9204296320581081,-0.12834917186408112
2014-12-28,-1.0142692247588327,-0.1195623535152037,-0.7429974835623239,-0.14679327802420952,0.044565060293935574,0.044240663576007706,-0.9205473912317939,-0.09372183352703889
2014-12-29,-0.529855299364572,-0.11774375481064128,-0.6492313351781465,-0.14869692498399628,-0.06799403423981869,0.04587244283117653,-0.9377936063814261,0.4079383070168541
2014-12-30,-0.6134402554065038,-0.11587967303960277,-0.5460255768879537,-0.15048581310183007,-0.20652443392729003,0.04754190937252541,-0.971373587584151,0.3579333321776472
2014-12-31,-0.9299671452889088,-0.11397091061578284,-0.4352503101983719,-0.15216347561363117,-0.34077388258067737,0.04925053075623283,-0.9929080482522304,0.06294090296332167
2015-01-01,-1.0980128002435798,-0.1120182112445722,-0.3190652331174482,-0.15373106221163688,-0.4237546211602801,0.051004087235459065,-0.9575650404984785,-0.14044775974510137
2015-01-02,-1.1999526407346937,-0.11002239269848782,-0.19988230382489963,-0.1551918682136464,-0.41491058016404336,0.05280687238446365,-0.8272002725166135,-0.3727523682180801
2015-01-03,-1.0287610685694668,-0.10798433488921208,-0.08024914529234427,-0.15655088240888537,-0.30314540296509884,0.05466043201984026,-0.5932693335357002,-0.4354917350337666
2015-01-04,-0.133786495616017,-0.10590504905153118,0.03723004831338749,-0.15781685865140824,-0.11819879862990613,0.056562474869572985,-0.2881281831498851,0.1543416875338681
2015-01-05,0.1890732791141651,-0.10378581575714778,0.1499659102291587,-0.15900690611793317,0.07670800391945874,0.05850202498421817,0.02238321725775467,0.16669006185641044
2015-01-06,0.5177490926934027,-0.1016277780469716,0.25565627077472036,-0.16013211883413414,0.21107835629741348,0.06047492426134623,0.26544965445237434,0.2522994382410284
2015-01-07,0.7054829369688869,-0.0994320991809822,0.35233598493525886,-0.16120298680499345,0.23717745815473854,0.06247876721821043,0.39135712432223224,0.3141258126466546
2015-01-08,0.3905151813991793,-0.09719991966371451,0.4385157023969482,-0.1622281279639541,0.15247508389102413,0.06450913214974668,0.3960718708100504,-0.0055566894108711185
2015-01-09,0.0523522013786734,-0.09493223822787485,0.5132546431049431,-0.163210158780574,0.0027523947832012938,0.06656498377610977,0.32442962465580527,-0.27207742327713186
2015-01-10,-0.0124344023276192,-0.09263004639044439,0.5760856591341581,-0.16415035059564517,-0.13782866177315667,0.06864714881336789,0.25012374918827973,-0.26255815151589895
2015-01-11,0.0829044698728375,-0.0902944242932988,0.6269779912383933,-0.16505244317611317,-0.20057315231246461,0.07075047183311771,0.24180844328963436,-0.15890397341679685
2015-01-12,0.437633215298211,-0.08792650904655001,0.666278107570027,-0.16592154481915672,-0.15464899729922837,0.07286537515815508,0.330646431563247,0.10698678373496395
2015-01-13,0.6497617580807218,-0.08552751822192445,0.6945635103120191,-0.16676453919824943,-0.02343180555567946,0.0749835311614407,0.49382317849760654,0.15593857958311524
2015-01-14,0.8424365435515982,-0.08309863460332856,0.7126118742223663,-0.16758626553799716,0.12442364385873687,0.0770989206426481,0.6634495385824255,0.17898700496917275
2015-01-15,0.8225294752613522,-0.08064104042183344,0.7212755649509136,-0.16839072107499162,0.2054018727754965,0.0792067693312016,0.7568524455607867,0.06567702970056555
2015-01-16,0.6660048670048664,-0.07815586333926929,0.7213872637698913,-0.1691790778653044,0.1610613953278619,0.08130621502381649,0.716419932916996,-0.05041506591212963
2015-01-17,0.4048071644445148,-0.07564420508811479,0.7136573174487895,-0.1699507441326761,-0.01097773169147595,0.08339855032856917,0.5404831868650918,-0.13567602242057697
2015-01-18,0.2205935510488785,-0.07310715311290882,0.6986271917012246,-0.17070421609642025,-0.2493644955171979,0.08548211274200285,0.2909334397167004,-0.07033988866782187
2015-01-19,-0.0992807089383639,-0.07054581548688779,0.6765689818732947,-0.17143824342774142,-0.4497734888574034,0.08755592037838777,0.07236735447964993,-0.1716480634180138
2015-01-20,0.1866582667154386,-0.06796125937835737,0.6475085525325726,-0.17214991713506983,-0.5061368740696998,0.08962042684364896,-0.009119071206905471,0.19577733792234406
2015-01-21,0.4060955961698758,-0.06535474145189,0.6111730331780605,-0.17284274797705668,-0.3570021614737895,0.09166879345350887,0.10764217572883317,0.2984534204410426
2015-01-22,0.2605014267161064,-0.06272749800115873,0.5671334606835466,-0.17351928858519083,-0.014966979895624656,0.09369569048311589,0.4096153846846883,-0.1491139579685819
2015-01-23,0.5441220221050863,-0.0600806472189785,0.5149496374887057,-0.1741778010090691,0.43205071325974703,0.09570107095228246,0.8084429734726876,-0.26432095136760125
2015-01-24,1.171812195342862,-0.05741542132350861,0.4542208594408935,-0.17482047592759117,0.8485455964440531,0.09768102326273753,1.1682115818965846,0.0036006134462773787
2015-01-25,1.498898929614454,-0.05473314645549873,0.3847565989872066,-0.1754526273646035,1.0997836001900645,0.09962659969593908,1.353981025053108,0.144917904561346
2015-01-26,1.1883195488171026,-0.05203504235387148,0.3067693863901403,-0.17607529503452923,1.101572714291441,0.10153368674782866,1.2817654500410094,-0.09344590122390684
2015-01-27,1.1613391478368351,-0.049322112793859424,0.22101624024405753,-0.17668139560271864,0.851099832034135,0.10340756952867795,0.9495201334102924,0.21181901442654272
2015-01-28,0.5990241543611745,-0.04659543410246272,0.12876173132806737,-0.17726565266087987,0.42612241655150657,0.10525141960110802,0.4362744807173394,0.16274967364383514
2015-01-29,-0.1862599930198148,-0.043855921334710966,0.03188026842153033,-0.1778161691768817,-0.043361598701085746,0.1070742398857438,-0.1260791809054043,-0.06018081211441051
2015-01-30,-0.9373601216108808,-0.041104422893499463,-0.06723367676927298,-0.17831784823190922,-0.42223687729272147,0.10888720993451188,-0.6000056152528913,-0.33735450635798947
2015-01-31,-0.9593943054440068,-0.038341799613031156,-0.1658004022994153,-0.17875539035967092,-0.616485986250943,0.11070020828936811,-0.8886833702336923,-0.07071093521031457
2015-02-01,-0.9539072689019256,-0.035569146226995814,-0.2608798100090504,-0.17912108309601182,-0.601930883423168,0.11251312202915588,-0.9649878007260703,0.011080531824144702
2015-02-02,-0.6838013297837209,-0.032787572536228056,-0.3494892393985891,-0.17940714281601433,-0.4242808030228782,0.11432685232321932,-0.8716379054504904,0.18783657566676948
2015-02-03,-0.7336437875997278,-0.02999830438019757,-0.4287705107577986,-0.17960963588551024,-0.17534463665062378,0.11613299835194829,-0.6975900893221818,-0.03605369827754601
2015-02-04,-0.5428737772502652,-0.027202509314008902,-0.4961488402138508,-0.1797217899621193,0.045213149598229654,0.11792736613361206,-0.5399326237581372,-0.002941153492127979
2015-02-05,-0.3125301041798357,-0.024401462635202466,-0.5495453047270317,-0.17973985245511453,0.16477037256144933,0.11970489520663945,-0.46921135204925984,0.15668124786942417
2015-02-06,-0.3488489190916782,-0.021596478981475146,-0.5874369494489564,-0.17966120344625003,0.15858104163482645,0.12145918995094969,-0.5086544002909054,0.15980548119922716
2015-02-07,-0.8718724020437034,-0.018788812817027285,-0.6088735595349434,-0.1794812145086483,0.05013009313953856,0.12318492781454544,-0.6338285659065349,-0.2380438361371685
2015-02-08,-0.9009106993988784,-0.015979558479885303,-0.6135153602276197,-0.17918967096054994,-0.10620948227521027,0.12488834680031176,-0.7900057251429534,-0.11090497425592494
2015-02-09,-0.8790264135489585,-0.013169945669040395,-0.6016598673242817,-0.1787819017944952,-0.25204741366358185,0.12656828477516188,-0.9190908436762371,0.04006443012727856
2015-02-10,-0.9643615632415274,-0.010361196176507605,-0.5741457767086666,-0.17825382360214384,-0.34684004489500564,0.12822293519592481,-0.981377906186399,0.017016342944871532
2015-02-11,-1.1687466729242744,-0.007554481481534411,-0.5322785987210016,-0.1776001009444693,-0.37852866078513114,0.12985435346804927,-0.9661074884640871,-0.20263918446018725
2015-02-12,-0.8685181252284422,-0.004750934032836881,-0.4777591224076055,-0.17681397986684605,-0.36060407921917614,0.13147051986951333,-0.8884575956569513,0.019939470428509076
2015-02-13,-0.6420176247472452,-0.0019518572502918326,-0.41264061053559054,-0.17589461189255046,-0.31984407745318083,0.13307422831678958,-0.7772569288148241,0.1352393040675789
2015-02-14,-0.4548359509584147,0.0008414549842051283,-0.33915731755868755,-0.17484103735415812,-0.2797691993776964,0.13466738264236724,-0.6582587166639697,0.203422765705555
2015-02-15,-0.4983400851294187,0.003627716099603041,-0.2596407275590709,-0.173652415790641,-0.24923573228187612,0.13624922089270736,-0.5426519386392776,0.044311853509858945
2015-02-16,-0.4085554317283942,0.006405708204536272,-0.17644786214542169,-0.17232583304075916,-0.21949618677691726,0.13781884845426184,-0.42404532530430006,0.015489893575905855
2015-02-17,-0.2284731110918594,0.00917418534386206,-0.09194984459265171,-0.17086027926424852,-0.17057561216612172,0.13936907908158291,-0.284842471597577,0.056369360505717586
2015-02-18,-0.2499911499090837,0.01193190541738107,-0.008534596801502176,-0.1692553835901026,-0.08218526794685023,0.14089283505735445,-0.10715050786371949,-0.1428406420453642
2015-02-19,-0.3420631773186091,0.014677707666821617,0.07142945692183125,-0.1675082427624352,0.05564517721373813,0.14238915395141372,0.11663325299136951,-0.4586964303099786
2015-02-20,0.1194784456964827,0.01741045672004015,0.14562257877257878,-0.16561526167892837,0.23565744117085657,0.14386018936796174,0.3769354043525089,-0.2574569586560262
2015-02-21,0.9703359511683598,0.02012885226294031,0.21179001939882341,-0.16357895407533093,0.4322415918135305,0.14530170465712647,0.6458832140570897,0.3244527371112701
2015-02-22,1.167064866636551,0.022831478944838075,0.2678412156392936,-0.16140564722121423,0.607357270100137,0.14670780074384238,0.8833321182068967,0.28373274842965435
2015-02-23,1.3587454273583413,0.025517122660691307,0.31212786442667095,-0.15909484039740868,0.7214026302016094,0.1480764630964766,1.0480292399880395,0.3107161873703017
2015-02-24,1.3253061584335335,0.02818459950938575,0.3434817317316777,-0.15664543869138864,0.743230752252997,0.14940459482984197,1.1076562396325136,0.21764991880101991
2015-02-25,0.9764467353440546,0.030832831845311156,0.36133727044165725,-0.15405296053373568,0.6596695746332126,0.15069280222003426,1.0484795186064797,-0.07203278326242513
2015-02-26,0.3795729978521999,0.033460882942771025,0.3658106313168805,-0.15130835692795166,0.4812242508591552,0.15194827204479536,0.8811356802356505,-0.5015626823834506
2015-02-27,0.3214305388655893,0.03606793800493102,0.3577501942415623,-0.14839928718192752,0.2421578085308149,0.1531804293517952,0.6407570829471759,-0.3193265440815866
2015-02-28,0.2674896762567104,0.03865305048132773,0.33862797434627245,-0.14531880723583757,-0.006610429830084956,0.15439211982218487,0.37974390758386256,-0.11225423132715218
2015-03-01,0.1926448553722756,0.04121528104769931,0.31054105254532954,-0.14206022641012805,-0.20913834616847532,0.1555834267394945,0.15614118775391994,0.03650366761835566
2015-03-02,0.4179917688819564,0.04375370705792166,0.2760788478504543,-0.13861676253658878,-0.32063813936978797,0.15675339476634387,0.017331047768343044,0.40066072111361334
2015-03-03,0.3665439790144973,0.04626731920947314,0.23809846303991267,-0.13498493807529685,-0.3236943171756686,0.15789805507745366,-0.016415417924125986,0.3829593969386233
2015-03-04,0.1074191879943946,0.04875518378471581,0.1995826038295159,-0.13115868257692354,-0.23729855824778706,0.15901592961857822,0.03889647640809932,0.06852271158629528
2015-03-05,-0.0955509866288406,0.051216430474308704,0.1633875117503135,-0.1271298278007054,-0.1152997700348468,0.1601089233158096,0.13228326770487958,-0.22783425433372018
2015-03-06,0.1038054156825103,0.05365017926394414,0.1319476305496322,-0.12289056939759509,-0.03157310487003217,0.16118372282685303,0.19231785837280213,-0.08851244269029183
2015-03-07,-0.0378312724839597,0.0560554256914778,0.10705229863816237,-0.11843773007934437,-0.054532084074512266,0.1622447099439334,0.15238262011971693,-0.19021389260367663
2015-03-08,-0.2213140408894108,0.05843126503272287,0.08980716746096312,-0.11376525645142906,-0.2176153649296892,0.16329890004385467,-0.01984328884357761,-0.2014707520458332
2015-03-09,-0.380303863410644,0.0607768038146896,0.0805598186096097,-0.10886787290137266,-0.4992891741535949,0.16434809450057397,-0.30247233013009434,-0.07783153328054965
2015-03-10,-0.394512829914128,0.06309116663965518,0.07885921111890577,-0.10374062406882857,-0.8208482194867373,0.16539584002996768,-0.6172426257670373,0.22272979585290925
2015-03-11,-0.5118147678034393,0.06537346863683023,0.08355954279219419,-0.09838012604330096,-1.0664684989937203,0.1664436824580914,-0.8494719311499054,0.3376571633464661
2015-03-12,-0.8466439678150273,0.0676228958559152,0.0930182188433824,-0.09278184680855096,-1.1206514675823411,0.16749345671975505,-0.8852987429718395,0.03865477515681226
2015-03-13,-0.7640041935174,0.0698387264565167,0.10533731644865142,-0.08693951006114073,-0.911495517779832,0.16854490187544519,-0.6547140830603593,-0.10929011045704073
2015-03-14,-0.2237718785099157,0.07202014079858217,0.11846621187709055,-0.0808509674165543,-0.44433956796597346,0.1695969268461207,-0.16510725586073433,-0.058664622649181375
2015-03-15,0.4548946339417121,0.07416619896781836,0.1304540417029071,-0.07451905551524482,0.18961447166127657,0.17064385312016978,0.49035950993692695,-0.03546487599521486
2015-03-16,0.9796409643081064,0.0762759351294852,0.13970195423028606,-0.06794841146176614,0.8350992286875177,0.17167787741816568,1.1548065840036885,-0.1751656196955821
2015-03-17,1.617297697044446,0.07834844956185905,0.14513626515495603,-0.06114206341479675,1.31886922221523,0.1726946368105156,1.653906510327764,-0.036608813283318
2015-03-18,1.9717245014400095,0.08038282589785645,0.14626317456428797,-0.05410415929492058,1.5041770501635399,0.17369036610779104,1.8504092574385549,0.12131524400145466
2015-03-19,1.6803961002571235,0.08237824947227693,0.14321672032902216,-0.04683590218969405,1.335731376432983,0.17466542067710605,1.6891558647216942,-0.008759764464570718
2015-03-20,1.3374896148008468,0.0843341055055678,0.1367335080336107,-0.03933232348003518,0.8582794359743224,0.1756244228517751,1.215639148885241,0.12185046591560589
2015-03-21,0.6405923801193564,0.0862497977470196,0.12791649498322008,-0.03158857135041815,0.20140006728499638,0.17657039486293868,0.5605481835277566,0.08004419659159978
2015-03-22,-0.098202199159462,0.0881248443318587,0.1180495336854138,-0.023596791656388325,-0.4615252804435401,0.1775086529510438,-0.10143904113161212,0.0032368419721501146
2015-03-23,-0.6877381731216389,0.08995880217517847,0.10830709974315514,-0.015349173462509164,-0.9664645678937452,0.17844654310632896,-0.6051012963315918,-0.08263687679004705
2015-03-24,-0.8616186882757999,0.09175121548649057,0.09954025519712564,-0.006840373582327933,-1.2044085972898733,0.1793884567585354,-0.8405690434300496,-0.021049644845750337
2015-03-25,-0.9316110473617736,0.09350154711860495,0.09205784983773382,0.0019299405018390475,-1.1450299770020076,0.18033591506976998,-0.7772047244740597,-0.15440632288771383
2015-03-26,-0.528095978474006,0.09520926192397972,0.08557821721952907,0.010959782147369174,-0.8324240911755652,0.1812882374684535,-0.45938859241623375,-0.06870738605777227
2015-03-27,0.0425632756165939,0.09687371194121043,0.07916802134187292,0.02024117241159297,-0.3598970578437056,0.1822406407058061,0.018626488556776788,0.02393678705981711
2015-03-28,0.6693544550303583,0.09849422687988188,0.07137899754299593,0.02976349663052083,0.16485163799703853,0.18318652265312083,0.547674881703558,0.12167957332680024
2015-03-29,1.2806054934368545,0.10007014596921084,0.06041643875511548,0.039515035686216435,0.649009957082622,0.18412016319302227,1.033131740686187,0.2474737527506674
2015-03-30,1.5099150923846352,0.10160082284348694,0.044381333209863455,0.049483550973475676,1.0293006634913693,0.18503555453053938,1.4098019250487348,0.10011316733590037
2015-03-31,1.347759840928193,0.1030857422484283,0.021556866517966605,0.05966066709086067,1.2713022275193198,0.18593202676227902,1.6415375301388544,-0.2937776892106614
2015-04-01,1.7315783968984584,0.10452452782446812,-0.009326399452797837,0.0700417364058298,1.3589821228714067,0.18681140521599945,1.7110333928649064,0.020545004033551972
2015-04-02,1.4124817207567522,0.105916654499618,-0.048996128554271885,0.08061589547266124,1.2835278324966621,0.18766814728762948,1.6087324012022988,-0.1962506804455466
2015-04-03,1.030149298255696,0.1072618345314615,-0.09737187724397774,0.09137965937200407,1.042682463266723,0.18850616840160084,1.3324582483278116,-0.30230895007211567
2015-04-04,1.1917377414734298,0.10855981619264414,-0.15355148152220743,0.10232947593018418,0.6471542442274322,0.18932839455466177,0.8938204493827149,0.29791729209071494
2015-04-05,0.9506032241945784,0.10981020251155385,-0.2159037166044107,0.11345512715485026,0.13124880785244183,0.1901307665971476,0.3287411875115828,0.6218620366829957
2015-04-06,-0.5290420135650306,0.11101273841539809,-0.28207974403138786,0.12475006346979287,-0.439164254449292,0.1909164708614776,-0.2945647257340114,-0.23447728783101918
2015-04-07,-1.0325306497135085,0.11216755842435067,-0.3490686889537399,0.13621972534175064,-0.9709933892036919,0.19170295185602362,-0.8799718425353069,-0.15255880717820158
2015-04-08,-1.24927816849855,0.11327450511474794,-0.41365265195015477,0.1478574704393747,-1.3657777921937087,0.1924957910588743,-1.3258026775308664,0.07652450903231656
2015-04-09,-1.8323261253398715,0.11433334600404177,-0.4725797675557809,0.15965209678705633,-1.5463561843891491,0.19329924159604067,-1.5516512675577914,-0.2806748577820801
2015-04-10,-1.724660313858025,0.11534396324912902,-0.5227126564596776,0.17159453737021513,-1.4811761090879976,0.19412269688401265,-1.5228275680443184,-0.20183274581370658
2015-04-11,-1.141787134875362,0.11630601929209036,-0.561300428489852,0.1836656925959833,-1.1974743933864684,0.19496138316616712,-1.2638417268220794,0.1220545919467173
2015-04-12,-0.52200176622553,0.1172190430588546,-0.5861493397346087,0.19583967371872502,-0.7736741861396559,0.1958047336693676,-0.8509600754273174,0.3289583092017875
2015-04-13,-0.3170368773123627,0.11808256693706999,-0.5956936681619786,0.20808887053036956,-0.31412695649499134,0.1966429327730552,-0.3870062544164752,0.0699693771041125
2015-04-14,0.0295071490769427,0.1188962711195567,-0.5890049071435182,0.22038917825619977,0.08412323420932932,0.19747205545618735,0.031875831897754975,-0.002368682820812276
2015-04-15,0.2219443095334779,0.11965983083428891,-0.5658703610120469,0.2327144530989311,0.3586752575941999,0.19828769815894212,0.3434668786743151,-0.12152256914083717
2015-04-16,0.4277694518162874,0.12037300642752904,-0.5267636220861434,0.24503987607455166,0.49499167778733505,0.19909007304933957,0.5327310112526119,-0.10496155943632451
2015-04-17,0.4298692624363781,0.12103556733316682,-0.47281028311668033,0.2573395278723598,0.5201832551741968,0.19987782683584973,0.6256258940988929,-0.19575663166251484
2015-04-18,0.8557339707923752,0.1216473526632991,-0.40570411212268187,0.26958862783136545,0.48269483337343205,0.20064959348045044,0.6688762952258651,0.18685767556651012
2015-04-19,0.763218597602512,0.12220808094844926,-0.3276959138438124,0.28175678712873803,0.426755480899494,0.20139627173524613,0.704420706868115,0.05879789073439701
2015-04-20,0.7098226086626154,0.12271763735570317,-0.24141481243205914,0.2938185827082166,0.3756857520394631,0.20211503241482365,0.7529221920861474,-0.04309958342353204
2015-04-21,0.9567115989790026,0.12317590695593349,-0.14982716190127254,0.3057479954274797,0.32756263941396024,0.20280382965792368,0.8094632095540245,0.1472483894249781
2015-04-22,1.083064610209062,0.12358270402118553,-0.056148716411046115,0.3175158611474476,0.2653826415346501,0.2034595190823088,0.8537920093745459,0.22927260083451606
2015-04-23,0.5961736506288721,0.12393790533155116,0.036354835069505494,0.3290942616473911,0.17545748187618385,0.20408081459618982,0.8689252985208213,-0.2727516478919493
2015-04-24,0.5351603409573529,0.12424160029833153,0.12457687787665112,0.3404618455387614,0.0631826006709264,0.2046732901597857,0.8571362145444561,-0.3219758735871032
2015-04-25,0.8242852531309341,0.12449378057831964,0.20559843372472172,0.3515928893175265,-0.04409622937879455,0.20523818889488735,0.8428270631366607,-0.018541810005726522
2015-04-26,1.0731648366226834,0.12469436837723963,0.27684711404846457,0.36245806868551733,-0.10654033034145446,0.20577318353807403,0.8632324043078411,0.20993243231484227
2015-04-27,1.010810228044138,0.12484333629930258,0.3362992797486237,0.3730287532585286,-0.09019671628284626,0.20627580064450252,0.9502504536681111,0.06055977437602689
2015-04-28,1.2384794112525446,0.1249407916862738,0.3826500440035566,0.3832800214935582,0.014161082894504745,0.2067451515870473,1.1117770916649408,0.1267023195876038
2015-04-29,1.464216300936964,0.12498680157533355,0.41532066181484484,0.39318470760333607,0.18043160572813455,0.20717743295054586,1.3211012096721948,0.14311509126476918
2015-04-30,1.4776974659184288,0.12498147967782398,0.43453384538215306,0.4027165669971495,0.3524862304062505,0.2075691957136093,1.5222873181769863,-0.044589852258557494
2015-05-01,1.3706810193590555,0.12492503929416665,0.44131903459481214,0.4118525961995158,0.4630887807481434,0.20792010256408397,1.649105553400722,-0.27842453404166645
2015-05-02,1.6575127436266195,0.12481776389230878,0.43742032495818517,0.4205720148517422,0.45874770254854413,0.2082316473861785,1.6497894536369588,0.007723289989660653
2015-05-03,1.3841087584740246,0.12465984705689793,0.4250824925939728,0.42885086797348565,0.32015904487397223,0.20850268799516353,1.507254940493492,-0.12314618201946748
2015-05-04,1.1810234162302822,0.12445166927053349,0.4069690666031273,0.43667187351054493,0.0717796899527334,0.20873864663143715,1.2486109459683763,-0.06758752973809412
2015-05-05,0.9866366189586556,0.12419358761627863,0.3858791983489091,0.44401720583533577,-0.22640480663731077,0.20894156019090857,0.9366267453541213,0.05000987360453435
2015-05-06,0.909603572854524,0.12388596261889248,0.3645102849965881,0.45086941977274486,-0.49894435550206695,0.2091123181539389,0.6494336300400975,0.2601699428144265
2015-05-07,0.5038525005807378,0.12352913326684839,0.34520309114390907,0.4572108883692637,-0.6795024269959407,0.20925333698464085,0.4556940227687214,0.04815847781201643
2015-05-08,0.6631851463265336,0.12312354391903714,0.3298407079543573,0.46302798306902637,-0.7297438972092216,0.2093688315096596,0.3956171692428587,0.26756797708367486
2015-05-09,0.4318382675636079,0.12266947991527624,0.3196083982226776,0.46830192253159025,-0.6480868833062751,0.20945732406204806,0.47195024142531705,-0.04011197386170917
2015-05-10,0.4776899661239885,0.12216736567654732,0.3150326126225613,0.4730193437554583,-0.46336730580714336,0.20952459048068584,0.6563766067281094,-0.17868664060412087
2015-05-11,0.4964797590464264,0.12161755342684563,0.31594518438472324,0.477164955701058,-0.22157889463195263,0.2095730534076159,0.90272185228829,-0.40624209324186367
2015-05-12,0.9611470746899924,0.12102041305699127,0.3216350629079656,0.48072450157864555,0.030237716308689974,0.2096011683357671,1.1632188621880595,-0.2020717874980671
2015-05-13,1.4415315461528229,0.12037620831117941,0.33090434815639447,0.4836809698836563,0.25447677725060003,0.20960544264928885,1.399043746251119,0.042487799901703927
2015-05-14,1.9057449731383345,0.11968521938330294,0.34234596498221914,0.48601878388882147,0.42660902471543144,0.209579685165144,1.584238678134919,0.32150629500341554
2015-05-15,1.937922478826264,0.11894776032485395,0.35455309755121134,0.48772441047023407,0.5318128243819932,0.20951517947998663,1.702553272208279,0.23536920661798488
2015-05-16,1.9293373808962089,0.11816431588464475,0.36633446032830186,0.4887911788654735,0.5599654587006826,0.20940795857999822,1.742663372359101,0.18667400853710792
2015-05-17,1.7081492620587253,0.11733541757038829,0.37680839572647945,0.4892150320845514,0.5026182416856587,0.2092542465266319,1.6952313335937097,0.012917928465015605
2015-05-18,1.4679260258182292,0.11646169566614524,0.3854864155889803,0.4889965022538646,0.35628891307176935,0.20905369824123213,1.5562872248219917,-0.08836119900376249
2015-05-19,1.0864945621613715,0.1155438231487319,0.3922395203415592,0.48813880197640536,0.12984427531642462,0.20880961537305126,1.3345760361561723,-0.24808147399480074
2015-05-20,0.8367690849689339,0.11458253064882089,0.39728928049275547,0.4866480587343841,-0.14780172482921874,0.20852392419286467,1.0592420692396063,-0.2224729842706724
2015-05-21,0.7496809485061577,0.11357852599010462,0.401020574740189,0.484530980453482,-0.4260045523842113,0.20820003314567462,0.7813255619452388,-0.03164461343908109
2015-05-22,0.5379289896936684,0.11253247431825535,0.40383662927001357,0.4817940868267854,-0.63964754729497,0.20784172879663637,0.5663573719167208,-0.02842838222305233
2015-05-23,0.3971417063320444,0.11144508260945574,0.4060456452703011,0.4784463939201666,-0.724819974083841,0.2074558925661,0.4785730402821825,-0.08143133395013813
2015-05-24,0.8074015391896263,0.11031704018345236,0.4077172888026432,0.4744972761294609,-0.6391208323769617,0.20705012851899404,0.5604609012575889,0.24694063793203747
2015-05-25,1.3217563402541992,0.10914888134476948,0.40854637114605985,0.46995156220432666,-0.3789632729719124,0.20662805676331616,0.8153115984865599,0.5064447417676393
2015-05-26,1.354207571060014,0.10794112389871836,0.4079058019396903,0.4648140133190869,0.014450555819806667,0.20619084476876537,1.2013023397460676,0.1529052313139465
2015-05-27,1.3800680393775149,0.10669445402983407,0.40498016558000266,0.45909544834859706,0.4628685362657458,0.2057395885458992,1.6393781927700788,-0.2593101533925639
2015-05-28,1.815981708338781,0.10540959332026092,0.3987868839615935,0.45280828803646955,0.8693602279084013,0.2052718200256749,2.0316368132524003,-0.21565510491361928
2015-05-29,2.1126687981763186,0.10408718456624501,0.3882065437554449,0.44596296410279346,1.1427213732393204,0.20478227536701366,2.2857603410308176,-0.17309154285449901
2015-05-30,1.9206614728092533,0.10272796090491038,0.37219288148089363,0.43857375434310353,1.2210177625516874,0.20426686280880108,2.338779222089396,-0.41811774928014267
2015-05-31,2.137051752020682,0.10133285876902996,0.34993693618817434,0.4306627911019268,1.0859227644544183,0.20372689847832887,2.171582248991878,-0.03453049697119592
2015-06-01,2.190005751400274,0.09990274216421453,0.3208296977392655,0.42225087598581657,0.7632901389839566,0.20316318673862716,1.8094366416118803,0.38056910978839387
2015-06-02,1.7756646916682588,0.09843855056571209,0.28462174591812806,0.41336244971165587,0.31429868899532293,0.20257567051015443,1.3132971057009735,0.46236758596728533
2015-06-03,0.8535494239729533,0.09694137902385591,0.24147432075970496,0.4040282456718796,-0.18030117012741292,0.20196539454663232,0.76410816987466,0.08944125409829329
2015-06-04,0.2490020806884086,0.09541248353002388,0.19186941263359109,0.39428574951559703,-0.6373023316760364,0.2013418251328507,0.24560713913602628,0.003394941552382319
2015-06-05,-0.425631123364799,0.09385299999471129,0.13647679916223965,0.3841687933272899,-0.9858478102661451,0.20070738551940503,-0.17064183226249918,-0.25498929110229984
2015-06-06,-0.6194563982224304,0.09226406990969575,0.07608447162370993,0.3737117120785447,-1.1756264492592143,0.20006586621201258,-0.4335003294352514,-0.18595606878717896
2015-06-07,-0.764408455307846,0.09064668428856144,0.01142638337963518,0.3629436086483655,-1.1817806654451375,0.19942017681419455,-0.5173438123143808,-0.2470646429934652
2015-06-08,-0.372782944489722,0.08900181758958331,-0.05681755126391298,0.3518925866409876,-1.0062575631410022,0.19877496117986895,-0.42340574899447536,0.05062280450475337
2015-06-09,0.0137568626700145,0.08733027976687274,-0.12809265722610852,0.34058044655043807,-0.6789755826249365,0.19812909987978847,-0.18102841365394576,0.19478527632396025
2015-06-10,0.2428921421985805,0.08563288088567798,-0.2019151405594638,0.32902863787747116,-0.2559330873795705,0.1974824492190455,0.15429574004316038,0.08859640215542011
2015-06-11,0.6244308661758224,0.08391047297416979,-0.2778223012697623,0.3172597605282003,0.18617481412436293,0.19683580459690195,0.5063585509538727,0.11807231522194972
2015-06-12,0.6802320670110416,0.08216385402493134,-0.35536725674256303,0.305294416355237,0.5608609174899936,0.1961882968308765,0.7891402279584754,-0.10890816094743383
2015-06-13,0.8523032311045564,0.08039390488134347,-0.4339756452932804,0.2931556956223967,0.7897745753203237,0.19553765173751286,0.9248861822682963,-0.07258295116373992
2015-06-14,0.8015137762438359,0.07860147726761255,-0.5129894724734213,0.2808654411820052,0.8224458401480319,0.19488198392343908,0.8638052700476675,-0.06229149380383159
2015-06-15,0.7890192265212096,0.07678751133747352,-0.5915818888996631,0.2684477461951846,0.6535014141697307,0.1942214488670543,0.60137623166978,0.18764299485142955
2015-06-16,0.2171060817654764,0.07495296607206697,-0.6687868540648421,0.2559264606173344,0.3288108735479908,0.19355685251069327,0.18446029868324332,0.03264578308223309
2015-06-17,-0.3143934244692989,0.07309899516901502,-0.7434518874737587,0.24333130503199457,-0.062436852025812686,0.19289435678283903,-0.29656408251572275,-0.01782934195357616
2015-06-18,-0.7523409015181858,0.07122676754260107,-0.8144085117306948,0.23069195933461828,-0.41166361217327346,0.19224405434874034,-0.7319093426780087,-0.02043155884017711
2015-06-19,-1.20171435559896,0.06933743776677044,-0.8805227543072935,0.21803647494049813,-0.6225508793121344,0.1916132446601758,-1.0240864762519835,-0.17762787934697655
2015-06-20,-1.2366636829925506,0.06743216493156919,-0.9407932277144384,0.205392444598496,-0.6403882729785106,0.19101037159993522,-1.1173465195629486,-0.11931716342960197
2015-06-21,-1.0780344392701282,0.06551195921342186,-0.9944611244813969,0.19278162020295264,-0.46934916680636,0.1904363706575091,-1.0150803412138731,-0.06295409805625507
2015-06-22,-0.5553585117598656,0.06357775938475342,-1.0410578218009219,0.180222401389218,-0.16969366105636052,0.18988985973269937,-0.7770614623506117,0.22170295059074607
2015-06-23,-0.387324784861535,0.06163037961862312,-1.0804317795154672,0.16772766686955423,0.16341551909682578,0.18936350001384522,-0.4982947139166189,0.1109699290550839
2015-06-24,-0.1668100179700463,0.0596707229011692,-1.112661079231996,0.15531266838968383,0.4332615027783876,0.18885433450829775,-0.27556185065445754,0.10875183268441124
2015-06-25,-0.1448270693964801,0.05769966864957164,-1.1380446284209584,0.1429909200540605,0.5726175795582291,0.18836044319934844,-0.17637601695974878,0.031548947563268676
2015-06-26,-0.1967862989783339,0.05571816547275512,-1.1569790300546052,0.13077695495652447,0.5629035611172392,0.1878838268564706,-0.21969652165161574,0.022910222673281827
2015-06-27,-0.5441972087518901,0.05372718675853307,-1.1698391492752402,0.11868463318101494,0.4337391446121719,0.1874260723221056,-0.3762621124014146,-0.16793509635047554
2015-06-28,-0.7813913097555597,0.05172780160582001,-1.1768384126927967,0.10672969384029388,0.24499762494708324,0.1869917254437563,-0.5863915668558431,-0.19499974289971655
2015-06-29,-0.903064723189094,0.049721063270892825,-1.177975026792742,0.09492554588782481,0.05867067721673215,0.18658429106771673,-0.7880734493495754,-0.11499127383951868
2015-06-30,-0.9537867417446808,0.047708001931392297,-1.1729592489936178,0.08328303128157706,-0.08621989794750223,0.18620565238994188,-0.9419824613382087,-0.011804280406472079
2015-07-01,-0.992247486856384,0.04568963341117669,-1.1611920592407856,0.07181122614573761,-0.18562750576799414,0.1858589106805447,-1.043459794771321,0.051212307914936916
2015-07-02,-0.8437775983198557,0.04366697494858144,-1.1417683746505276,0.06051792101500923,-0.26505482656679974,0.18554750846608303,-1.1170907967876538,0.2733131984677981
2015-07-03,-1.0087012933354391,0.04164099010411696,-1.1135781739640669,0.049407804214000796,-0.360295474764977,0.1852743762549325,-1.1975504781559936,0.18884918482055446
2015-07-04,-1.2720046509217806,0.03961272190477252,-1.0753518648163076,0.03848733562082804,-0.49281850667962984,0.18504521941806631,-1.3050250945522706,0.03302044363048995
2015-07-05,-1.543993632970532,0.03758322318128882,-1.02580795276539,0.027762179468350877,-0.65285030724502,0.1848633445292189,-1.4284495128315515,-0.11554412013898041
2015-07-06,-1.5740813573164207,0.035553537202155386,-0.9638523630747504,0.017236598277584683,-0.7974119122427938,0.18473237080181362,-1.5237417690359907,-0.05033958828043006
2015-07-07,-1.790555528337179,0.033524611083538686,-0.8887849176125179,0.00691077431117402,-0.8651101595736348,0.18465533508651616,-1.5288043567049239,-0.26175117163225514
2015-07-08,-1.546428280471275,0.03149741274913926,-0.8003585220050132,-0.00321517310718835,-0.8008745895896034,0.18463529010860233,-1.3883155818440633,-0.15811269862721167
2015-07-09,-1.013398970077399,0.029472737821011837,-0.6989387669750261,-0.013147981083217913,-0.581999655804055,0.1846679206914639,-1.0799457453498233,0.06654677527242425
2015-07-10,-0.5396904328381313,0.02745127375931411,-0.5855542730290272,-0.02289862853719481,-0.23237150986903665,0.18474936342498147,-0.628623774250963,0.08893334141283171
2015-07-11,-0.0281694493647837,0.02543369213186874,-0.46177897958284364,-0.03247923152578538,0.18077894770002514,0.1848740295838532,-0.10317154169288192,0.07500209232809822
2015-07-12,0.6448560606812915,0.023420624972224836,-0.32962537233746647,-0.04190389371785595,0.5662428634391186,0.18503209524766587,0.4031663176036868,0.2416897430776047
2015-07-13,0.948094199926082,0.02141264524500312,-0.19142952700199983,-0.05118904482691268,0.8375309145202584,0.18521296392887657,0.8015379518652256,0.14655624806085643
2015-07-14,0.992512348178079,0.019410437772734556,-0.0496054359471103,-0.0603474150871965,0.940795206830393,0.1854114471858362,1.0356642407546568,-0.04315189257657781
2015-07-15,0.9866559627092204,0.01741475949507944,0.09356744213904644,-0.06938953113913926,0.8704181125140894,0.18562122558253527,1.0976320085916114,-0.11097604588239096
2015-07-16,0.6844443988037331,0.015426394712599333,0.23606465558526657,-0.07832513071531262,0.6677130916253079,0.18583640969078724,1.0267154208986484,-0.34227102209491533
2015-07-17,0.703556470749661,0.013446234814971526,0.376255262529994,-0.08716030594123542,0.40468150428363703,0.18605564920510467,0.8932783448924717,-0.18972187414281072
2015-07-18,0.792208828171067,0.011475085152351697,0.5128942662470874,-0.09590423568895243,0.15821161397653327,0.1862747543034614,0.7729514839904814,0.019257344180585556
2015-07-19,0.9644018247514896,0.009513743636885489,0.6451524780316094,-0.10456652904274454,-0.01379902011519754,0.18648967135977695,0.7227903438703298,0.2416114808811598
2015-07-20,1.0361217497569857,0.007562999192604259,0.7725558955575691,-0.11315733657301333,-0.08752759353711115,0.1866970740980884,0.7661310387381373,0.2699907110188484
2015-07-21,1.1033972293883514,0.005623684961475848,0.8949172815529552,-0.1216855785391391,-0.07497900710065687,0.18689464589941335,0.8907710267740485,0.21262620261430287
2015-07-22,0.9363795002133104,0.0036966565082199097,1.0121967653108321,-0.1301597232852919,-0.01402335096078243,0.18707993446807034,1.058790282041048,-0.12241078182773757
2015-07-23,1.01761929480702,0.0017828658621259848,1.124377533726552,-0.13858522321059996,0.04887036202219272,0.1872526819331678,1.2236982203334383,-0.20607892552641838
2015-07-24,1.141015320405503,-0.00011679501746058872,1.231248387361976,-0.1469695303905822,0.07530353466258145,0.18741053383631948,1.346876130452834,-0.20586081004733114
2015-07-25,1.287253982045226,-0.0020014434759446005,1.3322980032425054,-0.15532006474502852,0.04696320221192499,0.18755082816816257,1.40949052540162,-0.12223654335639389
2015-07-26,1.5369497682469608,-0.0038702140102149845,1.426635123118066,-0.16364428942918138,-0.030947111195352796,0.18766964958688465,1.4158431580702016,0.12110661017675928
2015-07-27,1.5822670322590104,-0.00572229565613086,1.5129458662703843,-0.17195085534164317,-0.1344300751963946,0.1877604228861008,1.3886030629623165,0.19366396929669394
2015-07-28,1.45022907083598,-0.007556845337784695,1.5895455668350136,-0.18024605206642022,-0.2301597144969968,0.18781966071841988,1.3594026156522319,0.0908264551837481
2015-07-29,1.3367959401102083,-0.009372995573721024,1.6544780524972431,-0.18853396519074792,-0.286703906372174,0.18784605878402735,1.3577132441446276,-0.02091730403441927
2015-07-30,1.373232393499907,-0.011169908150963507,1.70563019994682,-0.1968181520952391,-0.2838296348240265,0.18783954990621482,1.4016520547828057,-0.028419661282898856
2015-07-31,1.4470494838306398,-0.012946806217995344,1.740879920324155,-0.20510256800580295,-0.2174421879842883,0.18780156208632057,1.4931899202023888,-0.04614043637174903
2015-08-01,1.6066004982499689,-0.014702934268276888,1.7583018286923164,-0.21339004563623312,-0.09941400800308511,0.18773574222375022,1.6185305830084713,-0.011930084758502435
2015-08-02,1.7192325535256787,-0.016437565584948313,1.7563671741473459,-0.22168306498308732,0.04636329184898459,0.18764295899264202,1.7522527944209372,-0.03302024089525846
2015-08-03,1.811289614134688,-0.018149948226014644,1.734088501139595,-0.22998205563484164,0.19051976395640444,0.18752424614488009,1.8640005073800234,-0.05271089324533551
2015-08-04,1.8378450177041856,-0.019839306012254213,1.6911095739159963,-0.2382856045819658,0.30508484463981467,0.18738058745661013,1.9254500954182012,-0.0876050777140156
2015-08-05,2.0522560791974604,-0.02150482817993089,1.6277539058479746,-0.24659005024329197,0.3693458371105413,0.18721288108873937,1.9162177456240326,0.13603833357342787
2015-08-06,1.9027419395622795,-0.02314575363698847,1.544976856734304,-0.25489236506922114,0.3731522636045128,0.18701929308810214,1.8271102947207092,0.07563164484157037
2015-08-07,1.7126715242482278,-0.024761213937019303,1.4443639943751092,-0.2631845335771799,0.31847514386572395,0.18680081397474363,1.6616942047013776,0.05097731954685014
2015-08-08,1.439729334060564,-0.026350350980945837,1.3279871014609195,-0.2714572554481738,0.2174406701433932,0.18655767284699867,1.4341778380221917,0.005551496038372239
2015-08-09,1.2201282963589737,-0.027912314757956143,1.1982554315712572,-0.27969942920933455,0.08911517541482644,0.1862930081729837,1.1660518711917767,0.05407642516719702
2015-08-10,0.7145471000954003,-0.029446307520015893,1.0577835722742757,-0.28790010351447876,-0.044412787440286566,0.18600845851844264,0.8820328323179369,-0.1674857322225366
2015-08-11,0.4739905577645262,-0.030951477469916347,0.9093193676317073,-0.2960451345978662,-0.1608632656366562,0.18570556183734457,0.6071650517646131,-0.1331744940000869
2015-08-12,0.346977775604991,-0.03242707245575342,0.7555320740642466,-0.30412230471327906,-0.24061304776906778,0.18538616290469778,0.3637558120308442,-0.016778036425853182
2015-08-13,0.2853590401595722,-0.03387238561606547,0.5989686010867726,-0.3121199311649526,-0.26797893481652757,0.18505174193959376,0.17004909142882077,0.11530994873075143
2015-08-14,0.108416329420533,-0.03528673391993793,0.4420341839230848,-0.32002646268129314,-0.23261035219374462,0.18470125244416016,0.03881188757226928,0.06960444184826373
2015-08-15,-0.0701788924125868,-0.03666940056865979,0.2869784014714264,-0.32782824417695167,-0.13153773703641244,0.18433552612350304,-0.024721454187094483,-0.04545743822549232
2015-08-16,0.1165536346313243,-0.03801967215882292,0.13586424550798518,-0.3355104297318914,0.02751957617285604,0.18395918758247087,-0.02618709262740221,0.1427407272587265
2015-08-17,0.1530678544715256,-0.039336954340417875,-0.0094357240217306,-0.3430611359654504,0.2227504812203824,0.18357410956690517,0.014490776459688687,0.1385770780118369
2015-08-18,-0.0966393059391736,-0.04062061388870985,-0.14714338590658424,-0.3504659309785335,0.41817203305884093,0.1831841904143353,0.06312629269934861,-0.1597655986385222
2015-08-19,-0.2202507478143499,-0.04186993283846639,-0.27552450939352086,-0.3577064122952262,0.5674271399693268,0.18279552380770026,0.0751218092498136,-0.2953725570641635
2015-08-20,0.0670635309821717,-0.04308422778208215,-0.39292846505877554,-0.3647643112148397,0.622229055743539,0.18241224343573853,0.0038642951235801637,0.06319923585859154
2015-08-21,-0.0968568471783391,-0.04426292262233962,-0.49784748116118166,-0.3716240998351562,0.5452203484179086,0.182035403763757,-0.18647875143701192,0.08962190425867282
2015-08-22,-0.4924110185678124,-0.04540530167382167,-0.5888169289111707,-0.3782647083115779,0.3249191087245761,0.18166605444512296,-0.5059017757268712,0.013490757159058842
2015-08-23,-0.9369123859258034,-0.04651057457555741,-0.6645382147879307,-0.38466158907042225,-0.014907744406210672,0.18130711753544954,-0.9293110053046716,-0.007601380621131804
2015-08-24,-1.3626246661739128,-0.047577952629878316,-0.7239934351521075,-0.3907891747996858,-0.41490660892023806,0.18096147735268475,-1.3963056941492247,0.03368102797531192
2015-08-25,-1.738144129546761,-0.048606685607948355,-0.7665595855471358,-0.39662211211446236,-0.7909543570387423,0.18063231766409024,-1.8221104226441986,0.08396629309743764
2015-08-26,-2.121473095630774,-0.04959609413392773,-0.7920866052740732,-0.4021364872190913,-1.0546732939333194,0.18032055593022733,-2.118171924630184,-0.0033011710005896866
2015-08-27,-2.2466979945741756,-0.050545550918493796,-0.800969381473793,-0.40730918614018685,-1.138123445802813,0.1800281226051883,-2.2169194417300986,-0.029778552844077044
2015-08-28,-2.0055636810430504,-0.05145456314108263,-0.7941955201300545,-0.41212090227747805,-1.0153030301442383,0.17975448690797907,-2.0933195287848743,0.08775584774182388
2015-08-29,-1.773922883589136,-0.052322796042859256,-0.773351453304582,-0.4165570968360407,-0.7122775450309969,0.17949742922381703,-1.7750114619906618,0.0010885784015257638
2015-08-30,-1.6137984935885523,-0.053149953937777626,-0.7405039010304288,-0.42060411577935025,-0.3012473699430739,0.17925559017962975,-1.3362497505110007,-0.2775487430775516
2015-08-31,-0.9872498872184444,-0.05393574962609892,-0.6980832414355118,-0.42424830147085846,0.11963984101662362,0.17902871365994627,-0.8775987378558991,-0.10965114936254527
2015-09-01,-0.5375841180246693,-0.054680050369034304,-0.6488363217216004,-0.4274810902100089,0.4543627760639672,0.17881525924866973,-0.49781942698800685,-0.03976469103666247
2015-09-02,-0.1354016995155944,-0.05538268265654887,-0.595582895487634,-0.4302925700804118,0.6376547230628666,0.17861550056933012,-0.2649879245923979,0.1295862250768035
2015-09-03,0.0440628399110892,-0.05604346638148132,-0.5410745197141009,-0.43267273027492203,0.6524726213264862,0.1784294147806263,-0.19888868026339174,0.24295152017448093
2015-09-04,-0.0158692956264266,-0.056662150334025496,-0.4878432003402266,-0.43460925827309305,0.5315245682249962,0.178260150473418,-0.26932989024893095,0.25346059462250436
2015-09-05,-0.3914432497484278,-0.057238412787278585,-0.43808162638913656,-0.4360875265763884,0.3421047209339654,0.17811396871828497,-0.4111888761005532,0.0197456263521254
2015-09-06,-0.7385012738358072,-0.057771864629653384,-0.39351554702893576,-0.43709072969053103,0.16018337421649517,0.177995604897777,-0.550199162234848,-0.18830211160095922
2015-09-07,-0.8285231234141941,-0.05826215687276829,-0.355422322068411,-0.4376031732134774,0.04287319159611422,0.1779097251393759,-0.6305047354191666,-0.19801838799502747
2015-09-08,-0.8339676144601235,-0.05870905528788768,-0.3246223528029796,-0.43761289189940755,0.009843141739214073,0.177858259828555,-0.6332428984225057,-0.20072471603761777
2015-09-09,-0.7411968948259858,-0.059112393301389066,-0.3014456177833982,-0.4371100401604945,0.040533203182417064,0.1778413189752053,-0.5792935290876594,-0.16190336573832642
2015-09-10,-0.5100413689530204,-0.059472072843347525,-0.2857426517523492,-0.43608706309769385,0.08698913678811451,0.17785617732550396,-0.5164564735797721,0.006415104626751655
2015-09-11,-0.1293205550228374,-0.05978805538570039,-0.2769424038906562,-0.434538447181598,0.09694961946774663,0.17790060338517139,-0.49641868360503655,0.36709812858219915
2015-09-12,-0.3405358237329895,-0.06006036088852275,-0.2740924794968683,-0.4324608813476225,0.037764025166090245,0.17797078836735156,-0.5508789081995717,0.21034308446658223
2015-09-13,-0.4748880461372647,-0.060288842020287114,-0.27584500571190607,-0.42984557748050245,-0.08777710682407042,0.17806774586011512,-0.6756887861766511,0.20080074003938636
2015-09-14,-0.7748732584699688,-0.06047338725529397,-0.2806474598155541,-0.4266852734883233,-0.24232210505159216,0.17819168246334915,-0.8319365431474144,0.05706328467744559
2015-09-15,-1.3658428040986188,-0.06061384473970801,-0.2868473698076557,-0.42297155382198315,-0.3688100495167813,0.17834696018897556,-0.9608958576971525,-0.40494694640146633
2015-09-16,-1.330147727951978,-0.060709996291483444,-0.2927826223647575,-0.41869418648463946,-0.4143693387750843,0.17853986644066674,-1.008016277475298,-0.3221314504766799
2015-09-17,-0.9633918501958892,-0.060761838907296355,-0.29703028945094295,-0.4138508683147793,-0.3543975694734072,0.17877090027930295,-0.9472696658671229,-0.01612218432876633
2015-09-18,-0.7663044530143162,-0.060769497323698636,-0.298478205183202,-0.40844425946987495,-0.20439405439202563,0.17903786737533042,-0.7930481489934708,0.026743695979154603
2015-09-19,-0.5476889208137048,-0.060733073356244525,-0.2963228530757515,-0.4024769903757117,-0.01519068269788166,0.17933816198881328,-0.5953854375167762,0.0476965167030714
2015-09-20,-0.035913644790814,-0.06065269111631015,-0.29014863036114413,-0.3959532320884953,0.14624337094544557,0.17966849882849392,-0.4208426837920102,0.3849290390011962
2015-09-21,-0.1743675742124272,-0.06052857021590872,-0.2799948886430919,-0.3888810228620855,0.22372936878826175,0.18002494706020264,-0.32565016587262163,0.15128259166019442
2015-09-22,-0.4460039077549922,-0.060360743743705,-0.2662111860814633,-0.38126245871216,0.19699169010885134,0.1804099522794565,-0.3304327461490206,-0.11557116160597164
2015-09-23,-0.7148625148747804,-0.060149210833001114,-0.24949533921192352,-0.3730987545611574,0.09151336186347675,0.18082893931963673,-0.4104010034229686,-0.3044615114518118
2015-09-24,-0.5521083116986713,-0.059893982937065056,-0.23086597831036185,-0.3643916593057698,-0.029960331477369328,0.18128996142624368,-0.5038219906043223,-0.04828632109434894
2015-09-25,-0.4913558079153781,-0.059595242217207973,-0.21162118506862662,-0.35514875175390337,-0.092667366887351,0.181795588378038,-0.537236957549051,0.0458811496336729
2015-09-26,-0.2811927345218064,-0.05925319070999026,-0.1931865203688681,-0.3453780966133959,-0.04110797643466474,0.18234813467314612,-0.45657764945377277,0.1753849149319664
2015-09-27,-0.1536690795710972,-0.058868115771914024,-0.1770617250016636,-0.3350905420725388,0.13436528880352028,0.18295061571133892,-0.25370447833125725,0.10003539876016004
2015-09-28,-0.0655560173195493,-0.05844032090397883,-0.16465741356827904,-0.3242976531739231,0.38837012775485663,0.18360606106022723,0.02458080116890285,-0.09013681848845215
2015-09-29,0.0375605096037459,-0.05797013533259385,-0.15717821513033212,-0.31301209815020525,0.6329498741650111,0.18431634117129259,0.28910576672317245,-0.25154525711942655
2015-09-30,0.3504696695527505,-0.05745791423073156,-0.1555143187271164,-0.30124797162104866,0.7683422777014389,0.18508057005737266,0.439202643179915,-0.08873297362716448
2015-10-01,0.3560561880167308,-0.05690407556543232,-0.1602028615812407,-0.2890219245918165,0.7206714541322441,0.1858970319583653,0.40043962435211977,-0.04438343633538899
2015-10-02,0.4157087604083955,-0.056308940595081534,-0.17131339235177778,-0.2763475284326672,0.4727483746843196,0.18676765306156307,0.1555461663663562,0.2601625940420393
2015-10-03,0.0932656059328473,-0.05567285904728098,-0.18847306317111803,-0.2632394394044524,0.07375221640028277,0.18769159749596726,-0.24594154772660137,0.33920715365944865
2015-10-04,-0.5376608958089937,-0.05499608791093069,-0.21087928133126346,-0.2497088027018852,-0.375025935557707,0.18867169988876367,-0.7019384076130227,0.16427751180402905
2015-10-05,-1.2437582055066847,-0.05427881268080879,-0.2374315333432978,-0.23576356141554003,-0.7547986516078664,0.1897192327224321,-1.0925533263250808,-0.15120487918160386
2015-10-06,-1.664235445885738,-0.05352124171253281,-0.26682574347213617,-0.22141212667247795,-0.9707168365897985,0.19084410889427078,-1.3216318395526747,-0.3426036063330633
2015-10-07,-1.7640435467987463,-0.05272373202128459,-0.2977009454626825,-0.20666789776294772,-0.9839349363885694,0.19204780963691312,-1.3489797019985712,-0.4150638448001751
2015-10-08,-1.1849053907393734,-0.051886779220661365,-0.3288168393139102,-0.19154859760002899,-0.8214045885618126,0.19333191080131262,-1.2003248938951003,0.015419503155726932
2015-10-09,-0.7070449365408027,-0.05101112439587882,-0.35916254123572244,-0.1760803222089101,-0.560837104597051,0.1946911011508951,-0.9523999912866674,0.24535505474586472
2015-10-10,-0.5112975912115768,-0.050097526245405734,-0.38787473895094315,-0.16029006527311843,-0.29622236559710713,0.19611383670877616,-0.6983708593577983,0.1870732681462215
2015-10-11,-0.3024224011366878,-0.049146691053002685,-0.4142950701799995,-0.14420281248022293,-0.10042352707202859,0.19759143197696524,-0.5104766688082885,0.20805426767160068
2015-10-12,-0.3700876396682445,-0.04815935324284174,-0.43803349724931573,-0.1278440054161867,-0.00039271636535145003,0.19911924460241995,-0.41531032767127574,0.04522268800303125
2015-10-13,-0.3624544902864733,-0.0471361980221706,-0.4588437835438959,-0.11123732326198885,0.026293249087871267,0.20069034513643239,-0.3902337106037518,0.027779220317278475
2015-10-14,-0.6203048850461597,-0.046077959833578465,-0.47663032188018867,-0.0944080188823539,0.032283621167616953,0.20229391633228644,-0.3825387630962177,-0.23776612194994196
2015-10-15,-0.4857168445227237,-0.044985302501743464,-0.4914118624702346,-0.0773782514148191,0.0700423165956602,0.20392816665423186,-0.3398049331369052,-0.1459119113858185
2015-10-16,-0.3176050626601815,-0.04385901970093727,-0.503308195540274,-0.06017428005909259,0.1632151747344861,0.20559065067414956,-0.23853566989166813,-0.07906939276851338
2015-10-17,-0.0806675593564401,-0.042699929801423626,-0.5123814320786646,-0.04282334001239155,0.29538336869814247,0.20727547567075733,-0.09524585752358,0.014578298167139903
2015-10-18,0.0614827039423977,-0.04150887187566292,-0.5186402361809599,-0.025352910569345948,0.41987298796426603,0.20898268619627625,0.04335365553457354,0.018129048407824158
2015-10-19,0.1271601729237133,-0.040286654503526746,-0.5219558937573834,-0.007789063554669091,0.48595374390188517,0.21071813336027842,0.12664026544658433,0.0005199074771289613
2015-10-20,0.2775723488041333,-0.03903407031572667,-0.521989762115525,0.009842736549743991,0.4677022730997152,0.21248639699793678,0.1290075742161443,0.14856477458798897
2015-10-21,0.133395919120478,-0.03775195739874182,-0.5181936070374246,0.02751547444483087,0.3805510884965269,0.21428539438183827,0.06640639288702962,0.06698952623344837
2015-10-22,0.304434926696905,-0.03644107854691836,-0.5098369430485967,0.04520525156420653,0.27688262084713955,0.21611614996836007,-0.008073999215808952,0.31250892591271395
2015-10-23,-0.1665049881544426,-0.03510231181419496,-0.49612206448123203,0.06288461457909339,0.21989048212346307,0.21797419559583547,-0.030475083997035024,-0.13602990415740757
2015-10-24,-0.2445903925143828,-0.03373635648164419,-0.4761423546639769,0.08053273242532225,0.2501674682607008,0.21985952813602833,0.04068101767643023,-0.28527141019081304
2015-10-25,0.0126416927166499,-0.032344031958509996,-0.44911748607218316,0.09812508611795492,0.35782751277097763,0.22177081968154364,0.196261900539783,-0.18362020782313312
2015-10-26,0.5191741885120296,-0.03092625947648255,-0.4144977530526469,0.11563444659461712,0.478315416707452,0.22371042829463889,0.37223627906757856,0.146937909444451
2015-10-27,0.2343666032747819,-0.029484064567556003,-0.37194632304418196,0.13303029587263396,0.5155041387428337,0.2256738905821935,0.4727779375859233,-0.2384113343111414
2015-10-28,0.5668749172850229,-0.028018249177515338,-0.3212662907694215,0.15029011706278608,0.38515920137782883,0.2276620303825618,0.4138268088762399,0.15304810840878302
2015-10-29,0.46132902392745,-0.026529802809380287,-0.2626324441181246,0.16738529753084086,0.05691456606162888,0.22967207693903058,0.16480969360399544,0.29651933032345457
2015-10-30,-0.1304360186286607,-0.025019598234776286,-0.1964265528224817,0.18429136260024342,-0.41965436448114807,0.2317012219022659,-0.22510793103589669,0.09467191240723599
2015-10-31,-0.8234326688303321,-0.023488358169382075,-0.12324699771700065,0.200989124368021,-0.922233599182231,0.23375076789428517,-0.6342290628063076,-0.18920360602402442
2015-11-01,-0.8751454360514436,-0.02193675420618266,-0.04397448163940973,0.21746121423632242,-1.2956982260191026,0.23582730121400186,-0.9083209464143706,0.033175510362926985
2015-11-02,-0.9962535300790272,-0.02036566244618822,0.0402153499339602,0.233682781011268,-1.4104060776418048,0.237925624289352,-0.9189479848534128,-0.07730554522561439
2015-11-03,-0.5105292319271286,-0.018775965285822028,0.12792466258822163,0.24962911426709083,-1.2136821045603636,0.2400403576048204,-0.6148639353860528,0.10433470345892415
2015-11-04,-0.0818882018935847,-0.01716875988926416,0.21745655231167443,0.2652687852856618,-0.7558120183007726,0.24216276622930943,-0.04809267436339115,-0.03379552753019355
2015-11-05,0.4798733535811744,-0.015545159504353956,0.3069596299100099,0.2805704835639765,-0.17571217131753775,0.24428477984592947,0.6405575624980242,-0.1606842089168498
2015-11-06,0.9083329033339586,-0.013906349787876917,0.3944753378830459,0.2955011657557426,0.34718835937027054,0.24639469378887435,1.2696532070100564,-0.3613203036760978
2015-11-07,1.8699919247922108,-0.012253487059922241,0.47799972625927456,0.31002980473467046,0.6579776434859236,0.24848345917773837,1.6822371465976846,0.18775477819452613
2015-11-08,2.0898191239054955,-0.01058787347761654,0.555448010545498,0.32412119271424167,0.6813470470078504,0.25053971442534156,1.800868091215315,0.2889510326901805
2015-11-09,1.9529741585131168,-0.008910569744208608,0.6249001986964284,0.33774899357739263,0.44828840813305765,0.25255621954785523,1.6545832502105253,0.2983909083025915
2015-11-10,1.4243689529857286,-0.007222505258018872,0.684593529048626,0.35089181553508364,0.08081822102881811,0.25452621320391716,1.3636072735584264,0.06076167942730226
2015-11-11,1.115838311299873,-0.005524460560083345,0.7329168116220219,0.3635341409243511,-0.2561849861585124,0.2564502644976775,1.0911917703254548,0.02464654097441832
2015-11-12,0.5337597641348573,-0.0038172713331729577,0.768373258068101,0.3756594643685246,-0.41750005400156315,0.25833041044548727,0.9810458075473767,-0.44728604341251943
2015-11-13,0.7368652721857483,-0.0021017105726032375,0.7897422615522277,0.38725413567234007,-0.3281698172420312,0.2601678920874499,1.1068927614973831,-0.37002748931163487
2015-11-14,1.258630984302023,-0.0003788080341970361,0.7959847841888983,0.3982967766457606,-0.0064989354069142575,0.26195941824799396,1.4493632356415418,-0.19073225133951888
2015-11-15,2.237591598716106,0.0013502849499294573,0.7864069990053238,0.4087630215695712,0.4500129172946027,0.263700619505222,1.9102338423246492,0.3273577563914569
2015-11-16,2.866116188190422,0.0030842563397802513,0.7607888820983465,0.41862400126490606,0.904981107527784,0.2653804818113172,2.352858729042134,0.5132574591482877
2015-11-17,2.8891012318186906,0.004821906418380375,0.7195710726475909,0.42785573259997967,1.2332386597807468,0.26699176777548556,2.652479139222183,0.23662209259650746
2015-11-18,2.6314077227589556,0.0065622427862460884,0.6639541963518766,0.4364420988821701,1.3592616157957997,0.26853260549360447,2.734752759309697,-0.10334503655074156
2015-11-19,2.4473027627585036,0.00830439490321282,0.5958577556284688,0.444371830623839,1.2711854774162044,0.27000408770244916,2.5897235462741737,-0.1424207835156701
2015-11-20,1.7989372605553329,0.010047511935632844,0.5177927755516135,0.45163523087788726,1.0099288564117408,0.27141021111146213,2.2608145858883364,-0.4618773253330035
2015-11-21,1.4905369714613732,0.011790921964544291,0.43281457003483764,0.4582294405780134,0.6437388656707133,0.27276147347576263,1.819335271723871,-0.3287983002624979
2015-11-22,1.6620720409550656,0.013533880922689446,0.3442422459257716,0.464150022476555,0.23982723025173572,0.2740688753105052,1.335822254887257,0.32624978606780863
2015-11-23,1.1339378418108117,0.015275505315858352,0.25550427464877323,0.46938835521609157,-0.15251012616604206,0.2753342303818845,0.8629922393965657,0.27094560241424603
2015-11-24,0.6177983167981964,0.017015134823046747,0.1700981976638994,0.4739439709475027,-0.5021021767358943,0.2765602815981261,0.4355154082966806,0.1822829085015158
2015-11-25,0.1974763012286847,0.018752125848884842,0.09129642730749081,0.4778174114750373,-0.7876118731560734,0.2777459605100708,0.07800005198541032,0.11947624924327438
2015-11-26,-0.2626562830811348,0.02048582851159891,0.02191280530859418,0.4810098840479874,-0.9873719275937302,0.2788923332486903,-0.18507107647685944,-0.07758520660427537
2015-11-27,-0.6556241695605237,0.022215617086365793,-0.03580167011967028,0.4835240327185224,-1.0768262872358707,0.28000114368962653,-0.3268871638610263,-0.32873700569949743
2015-11-28,-0.4289502653020951,0.023940861794210747,-0.08028421618906494,0.4853630612593429,-1.0373703753240058,0.28107758776994934,-0.3272730806895677,-0.10167718461252745
2015-11-29,-0.2764920753869434,0.02566075133434987,-0.11075121673232974,0.48652450966523486,-0.8723286183893506,0.2821239515808652,-0.18877062254123045,-0.08772145284571298
2015-11-30,0.1235508069396426,0.027374490442244766,-0.1270447440100997,0.48700686027578033,-0.6182002713742574,0.2831415786081844,0.05227791394185238,0.07127289299779022
2015-12-01,0.628058875985646,0.029081193174447795,-0.1295634050480155,0.48680588900407795,-0.34399608404704995,0.2841243104105594,0.3264519034940197,0.3016069724916263
2015-12-02,0.5020585934638548,0.030779931198300924,-0.1191329486994914,0.4859166104969256,-0.13286630661566154,0.28506118862555563,0.5497584750056292,-0.0476998815417744
2015-12-03,0.6402742359526412,0.03246997629296299,-0.09682285028615047,0.4843421843096034,-0.05068541933470497,0.28595000392884207,0.6552538949105531,-0.014979658957911868
2015-12-04,0.7559929281582813,0.034150515249455934,-0.06393509138027924,0.48208445870860245,-0.11661821291937466,0.2867873326532154,0.62246900231162,0.1335239258466614
2015-12-05,0.5719009932521336,0.035820729853233334,-0.021886345807062658,0.4791468852723444,-0.2869857674852058,0.2875708000482962,0.4936663018816055,0.07823469137052813
2015-12-06,0.0448377643529709,0.03747989335376417,0.02788396025673891,0.47553757447857936,-0.4637901517544183,0.28830208735241,0.36541336368707417,-0.3205755993341033
2015-12-07,0.1168805927116549,0.03912739242456263,0.08396341753344505,0.4712695660593571,-0.5282721840383098,0.28898508776169324,0.35507327974074826,-0.23819268702909335
2015-12-08,0.5338398452820264,0.0407624456702441,0.14483582770907458,0.4663509107190533,-0.3891293311412409,0.2896176262227469,0.5524374791798781,-0.01859763389785163
2015-12-09,1.3029258067568823,0.04238419048862794,0.20888011762967995,0.46078757223172284,-0.02428644809825881,0.2901958885501659,0.9779613208019378,0.32496448595494454
2015-12-10,1.6737108767588682,0.04399168745378015,0.27438279458746034,0.45458324988253895,0.5002934101532334,0.2907119185788617,1.5639630606558748,0.10974781610299345
2015-12-11,2.2137387252411136,0.045584140344180596,0.3396536549568109,0.44774689097960674,1.0458388598205262,0.2911577637745079,2.169981309875632,0.04375741536548139
2015-12-12,2.6494022189332833,0.04716072492455891,0.4029286993603599,0.44028739887331114,1.444653306617264,0.2915262538612544,2.6265563836367485,0.022845835296534833
2015-12-13,2.648227773723863,0.048720660640361534,0.4624614390807538,0.4322162473838708,1.5596560444192096,0.2918118955747309,2.7948662870989267,-0.14663851337506362
2015-12-14,2.4224639001710675,0.05026331336937959,0.5166612494897885,0.42355079190749323,1.3364585208852755,0.2920121882409351,2.618946063892872,-0.1964821637218046
2015-12-15,2.120567724539972,0.05178814114751728,0.5641643124146567,0.4143121919193621,0.8270271050854826,0.29212678562546374,2.1494185361924827,-0.0288508116525108
2015-12-16,1.6427661106350575,0.0532946629673941,0.603906489550939,0.4045242450771527,0.17561189762963025,0.2921588143105158,1.5294961095356319,0.11327000109942564
2015-12-17,1.1241342732664998,0.054782485922904925,0.635250721367073,0.39421421307879123,-0.4285666357626895,0.29211410086309975,0.9477948854691793,0.1763393877973205
2015-12-18,0.7368490208315065,0.05625126597812659,0.6580508452851735,0.3834113065019632,-0.8153569629416628,0.2920000906989097,0.5743565455225104,0.16249247530899613
2015-12-19,0.3132259375027399,0.05770066401738457,0.6726524322219678,0.37214510940535583,-0.8909371729250216,0.2918267525812459,0.5033877853009324,-0.1901618477981925
2015-12-20,0.5835354703001318,0.059130380539800693,0.6799125117101031,0.360446756964238,-0.6673883030926938,0.2916052312721191,0.723706577393567,-0.14017110709343528
2015-12-21,0.8777739160311346,0.06053991988659606,0.6810320394379314,0.3483411056033661,-0.255921535159002,0.291341976233021,1.1253335060019125,-0.24755958997077787
2015-12-22,1.720555693494085,0.061928789758563904,0.6775130254708396,0.33585369090167017,0.17504673234268092,0.29104679764224345,1.541389036115998,0.179166657378087
2015-12-23,2.0053992512334,0.06329633207438075,0.6710035595393898,0.32300438716211055,0.458183009545895,0.29071943908500436,1.8062067274067806,0.19919252382661945
2015-12-24,1.880422241949472,0.06464205918020291,0.6632708714860803,0.3098191557982077,0.483887314122506,0.2903594477325715,1.8119788483195685,0.06844339362990359
2015-12-25,1.5621808868759264,0.06596561618157187,0.6559667036775739,0.2963290602996669,0.233253186739385,0.2899691423544543,1.541483709252652,0.020697177623274277
2015-12-26,1.146570709702149,0.06726672379574739,0.6503850709495236,0.28256847215257436,-0.22076567097659816,0.2895554946577488,1.0690100905789959,0.07756061912315304
2015-12-27,0.2947475507415847,0.06854514433201583,0.6473164956405784,0.2685734113044277,-0.7414518183108422,0.2891240760240081,0.5321073089901878,-0.23735975824860306
2015-12-28,-0.0465723609671539,0.06980078092109304,0.6469589217600402,0.254384760245711,-1.1733813323931404,0.28868273483890305,0.0864458653726069,-0.1330182263397608
2015-12-29,-0.2059688851571465,0.07103339647643102,0.6486887307169513,0.2400384442626305,-1.3901695766290623,0.2882378466419182,-0.14217115853113116,-0.06379772662601535
2015-12-30,-0.1099578195521567,0.07224270805675122,0.651119822818497,0.22556824948458162,-1.3274729717120928,0.2877951200788226,-0.09074707127344028,-0.01921074827871641
2015-12-31,0.3618777172664386,0.07342835136711962,0.6522247825746692,0.2110040343482625,-0.9951573265834462,0.28735226825072213,0.2288521099573273,0.13302560730911128
2016-01-01,0.9958827564905032,0.07458984349122724,0.6494523665549446,0.19637071284109045,-0.4680774903752832,0.2869019167852979,0.739237349297277,0.25664540719322615
2016-01-02,1.3589175585826774,0.0757266582243759,0.6399340154170334,0.18169116379973213,0.13882485698333186,0.2864391702762384,1.3226158647007116,0.0363016938819658
2016-01-03,1.866370717105165,0.07683835008798055,0.6208198007410162,0.16699040105537977,0.701876482566501,0.2859614554509881,1.8524864899018658,0.013884227203299071
2016-01-04,2.1293771055336728,0.07792444524558417,0.5894698776871055,0.15229197619932514,1.116792812949006,0.2854677447012632,2.2219468567822838,-0.092569751248611
2016-01-05,2.260229344884466,0.07898457618909156,0.5437618642319123,0.13762224682256893,1.3197218628142637,0.2849604265130711,2.365050976570908,-0.10482163168644165
2016-01-06,2.0476843839612706,0.08001845586338306,0.4823112057519043,0.12300891948600506,1.2971073101136026,0.28443882760368555,2.266884718818581,-0.21920033485731016
2016-01-07,1.8552313801711176,0.08102595340362748,0.40458996280853654,0.1084839562576632,1.0850791649180769,0.2839064443470855,1.9630854817349896,-0.1078541015638721
2016-01-08,1.582762051155031,0.08200697489217146,0.3109424238518117,0.09407946958723419,0.7583350592412731,0.2833665153858721,1.5287304429583624,0.054031608196668746
2016-01-09,1.4008003892800744,0.08296147763333335,0.202587965479467,0.07982815112373398,0.41167432108041013,0.28282145028961314,1.0598733656065575,0.3409270236735169
2016-01-10,0.7880360162812858,0.08388941513558237,0.08149511072474366,0.06576154130052216,0.13639853169904442,0.2822747586895643,0.6498193575494569,0.13821665873182898
2016-01-11,0.3840003635902822,0.08479088563501835,-0.0496738411488337,0.051915014285443845,-0.0028095861180685317,0.2817353642514019,0.36595783690496186,0.01804252668532036
2016-01-12,0.2232363811988602,0.08566593078978212,-0.18779060755889693,0.0383207515027396,0.013239747208384878,0.28121076745738544,0.23064658939939509,-0.007410208200534896
2016-01-13,0.0024340995924549,0.08651452616086172,-0.32942371730504894,0.02500712044984324,0.15168030769784777,0.28070541187739995,0.21448364888090374,-0.21204954928844882
2016-01-14,-0.032781217101609,0.08733667124924416,-0.47094316799864605,0.012001384116567732,0.33671557880250313,0.28022008051360114,0.24533054668327015,-0.2781117637848791
2016-01-15,0.2816216427969835,0.0881323192574291,-0.6087305126186224,-0.0006725449517270415,0.4725517701800294,0.2797528669196379,0.23103389878674696,0.050587744010236524
2016-01-16,0.3939509516391089,0.08890132918025914,-0.7393623371004641,-0.012995625243012704,0.4747067718392278,0.2792995350935045,0.09054967376951478,0.30340127786959414
2016-01-17,-0.2303004206329855,0.08964362936746251,-0.8596630839017261,-0.024948212858207364,0.3002908613706007,0.278857066435955,-0.21581973958591527,-0.014480681047070232
2016-01-18,-0.8201007050323064,0.09035938087548191,-0.9667636990823003,-0.036504317870320824,-0.03442380660263796,0.2784305922320851,-0.6689018504476921,-0.15119885458461424
2016-01-19,-1.2355860562812564,0.09104874405081691,-1.0583064579371104,-0.047639495336253126,-0.4576647216569466,0.2780276709778587,-1.1945342599016346,-0.04105179637962175
2016-01-20,-1.6427104034438629,0.09171182435166779,-1.1325156988004808,-0.05833281515683551,-0.8646349284714371,0.277653332054943,-1.6861182860221424,0.043407882578279544
2016-01-21,-1.894918203170548,0.09234872800437334,-1.1882418235354784,-0.06856477394727252,-1.1514531010116607,0.2773146647089088,-2.0385963057811294,0.14367810261058134
2016-01-22,-1.971447971772108,0.09295950776470988,-1.2249785689344144,-0.07831927744546131,-1.2488306088462873,0.2770164962927105,-2.1821524511687427,0.21070447939663461
2016-01-23,-2.065107383398655,0.0935441473138459,-1.242833719350731,-0.08758451212274468,-1.1424927468610782,0.2767574688395476,-2.102609362181161,0.03750197878250594
2016-01-24,-2.0545576431809143,0.09410263502244931,-1.2424959366013495,-0.09635033417670644,-0.8729694924920796,0.27653743467908387,-1.8411756935686021,-0.21338194961231216
2016-01-25,-1.803654877190365,0.09463493331622218,-1.2251781916943398,-0.10460942933550277,-0.5165282320908174,0.2763573035683449,-1.475323616236093,-0.3283312609542721
2016-01-26,-1.3300038684542594,0.09514092700142944,-1.1925027364286176,-0.1123593570913444,-0.15578270561608162,0.2762134264375235,-1.0892904456970907,-0.24071342275716878
2016-01-27,-0.7125922979254591,0.09562042711048226,-1.1463753059147128,-0.11960243777359049,0.14750514914083532,0.27609783826177825,-0.7467543291752075,0.03416203124974837
2016-01-28,-0.1651667534960263,0.09607319996116336,-1.0888635864066938,-0.12634415904075103,0.3663712749934196,0.27600391036681615,-0.4767593601260456,0.3115926066300193
2016-01-29,0.1336918866103937,0.09649901929466764,-1.021998173162332,-0.13259128620321808,0.5050919446662401,0.2759242746967493,-0.277074220707893,0.41076610731828667
2016-01-30,0.1169828471315565,0.09689772329227346,-0.94763517807171,-0.13834974090556573,0.5821376040577471,0.27585415887102044,-0.13109543275623486,0.24807827988779135
2016-01-31,-0.1428519394084301,0.09726923922901393,-0.8673335042730301,-0.14362392787846995,0.6099334254102607,0.27578962486625797,-0.027965142645967334,-0.11488679676246277
2016-02-01,-0.3230550817235045,0.09761358723556997,-0.7823357354560557,-0.14841651527949862,0.5829521257399071,0.2757313550959588,0.025544817335881542,-0.34859989905938604
2016-02-02,-0.3861754189870698,0.09793078235466837,-0.6935910116309882,-0.15273208728817367,0.4808042857876935,0.27567862536430937,0.008090594587509325,-0.39426601357457913
2016-02-03,-0.2916283233968476,0.09822082391871391,-0.6018341805758421,-0.1565772995694451,0.28556553850182553,0.27563089388133927,-0.09899422384340856,-0.19263409955343902
2016-02-04,-0.1683014874746227,0.09848366763145225,-0.5076726103907648,-0.15996181642118212,0.0037302017998877036,0.27558354490834713,-0.2898370124722599,0.1215355249976372
2016-02-05,-0.2762683276219072,0.09871926489506899,-0.4117475297499434,-0.16289637807872687,-0.31963514918465796,0.2755354204171059,-0.5200243717011533,0.24375604407924617
2016-02-06,-0.3885288505332064,0.09892762408275363,-0.31482110007869996,-0.16539075443578816,-0.6044610760164028,0.275487842332928,-0.7102574641152092,0.3217286135820028
2016-02-07,-0.3229890003784319,0.09910873969434675,-0.2179176616777524,-0.1674564463278177,-0.759275874374671,0.27544037653340064,-0.7701008661524937,0.4471118657740618
2016-02-08,-0.6719803472984466,0.09926253569855804,-0.12243082067290599,-0.16910873764304662,-0.7160979095954013,0.2753885629974061,-0.6329863692153898,-0.038993978083056824
2016-02-09,-0.8616209206985918,0.09938905883445805,-0.030089948849902976,-0.17035997424576832,-0.4611194494839279,0.27533269837877705,-0.28684761536636405,-0.5747733053322277
2016-02-10,-0.4060327653287879,0.0994883206061066,0.057035798702992004,-0.17122529989207053,-0.04875202912169776,0.2752709397865101,0.21181773008184043,-0.6178504954106283
2016-02-11,0.6628343895405626,0.09956015595026628,0.1366143409363964,-0.17172739934502132,0.4104030735286851,0.2751935730020227,0.7500437440723491,-0.08720935453178646
2016-02-12,1.702751717125532,0.09960423947887173,0.20623136998787497,-0.17189536380130355,0.7852741023768014,0.27508633251872505,1.1943006805609695,0.5084510365645625
2016-02-13,1.8245858860896311,0.09962028864410491,0.263706510000428,-0.17175745893703775,0.9705494246542534,0.27493756281009935,1.437056327171848,0.3875295589177832
2016-02-14,1.750611222751374,0.0996083413832536,0.307459259671372,-0.17133165979681397,0.9247382344123921,0.2747453933319486,1.4352195690021523,0.3153916537492216
2016-02-15,1.3888093490186175,0.09956853396365799,0.33662426430370723,-0.17063311300565548,0.6827095887117853,0.2745111241526865,1.2227803981261816,0.16602895089243597
2016-02-16,0.4339574535296634,0.09950111910817376,0.3511978501721228,-0.1696733195518769,0.34006279780418075,0.27424039191954475,0.8953288394521451,-0.4613713859224817
2016-02-17,-0.2960163210345223,0.09940654961568432,0.352110819806387,-0.16845703948900723,0.01514762931078855,0.2739481803818992,0.5721561396257518,-0.8681724606602741
2016-02-18,0.1796555023509435,0.09928521748681024,0.34113042111817715,-0.1669917012517403,-0.19717296059671952,0.27364453829346164,0.3498955150499892,-0.17024001269904573
2016-02-19,0.6912832918378454,0.0991371608063264,0.32060115657002813,-0.16529718402711924,-0.2605129852970961,0.27332722798139897,0.26725537603353816,0.42402791580430726
2016-02-20,0.7661021691952556,0.09896241447569584,0.29336954570006196,-0.16339326678683364,-0.20500911680208067,0.27299535239108313,0.2969249289779266,0.46917724021732904
2016-02-21,0.9709324226296456,0.09876115808884586,0.26261108262796395,-0.1612947686476873,-0.10940254185653178,0.27265081390410484,0.3633257441166956,0.60760667851295
2016-02-22,0.5009464149566215,0.09853356612334781,0.23146769348917862,-0.15901674277821798,-0.0660174480585664,0.27229439495581426,0.3772614637315563,0.12368495122506523
2016-02-23,-0.1614091941950199,0.09828003869917198,0.2028261581561202,-0.15656604479865033,-0.14095518799778342,0.271935185298681,0.27552014935753943,-0.4369293435525593
2016-02-24,-0.6521868242743563,0.09800102564491353,0.1790039329704157,-0.15394745503995128,-0.3478429447263023,0.27158137442875635,0.04679593327783205,-0.6989827575521883
2016-02-25,-0.6405013926413627,0.0976969132356193,0.16149995404272616,-0.15116766378491692,-0.6426507464190993,0.2712356101446498,-0.26338593278102085,-0.3771154598603419
2016-02-26,-0.6279929600777164,0.09736792357990569,0.15079203382240852,-0.14823837817875612,-0.9396602592621064,0.27089719876683616,-0.5688414812717121,-0.059151478806004354
2016-02-27,-0.2922247237200683,0.09701424704817366,0.14641729381737906,-0.14517201325883733,-1.1399153053840387,0.2705619897378789,-0.7710937880394445,0.4788690643193762
2016-02-28,-0.2595566850847212,0.09663596989825045,0.1470259737703,-0.14198432373281597,-1.162593503723361,0.2702221733053246,-0.7906937104823019,0.5311370253975807
2016-02-29,-0.2198406658076137,0.09623328120696241,0.15063466574354592,-0.1386870896211469,-0.9671875358749309,0.26987633140040856,-0.5891303471451609,0.3692896813375472
2016-03-01,-0.0553650885268944,0.09580637148033921,0.15487731993856121,-0.13529191119278822,-0.5634731787699603,0.26952256612640263,-0.1785588324174454,0.12319374389055102
2016-03-02,0.0631209472069619,0.09535540937560842,0.15728582209171554,-0.13181095092333323,-0.008230518442706489,0.26915878490448314,0.3817585470057674,-0.31863759979880546
2016-03-03,0.2256115620763881,0.09488059041623186,0.15562345633411076,-0.12825517227339905,0.6073932405049534,0.26878220393356356,0.9984243189154605,-0.7728127568390724
2016-03-04,1.204574406710632,0.09438210397809046,0.1481198166931015,-0.12463510845263961,1.1746228917960773,0.2683901181366613,1.560879822151291,-0.35630541544065886
2016-03-05,2.0087672840951587,0.0938599040995235,0.13358191296030186,-0.12096886718330457,1.5844258086072645,0.26797092174548787,1.9588696802292733,0.049897603865885376
2016-03-06,2.629990081702244,0.09331402603954683,0.11163244625218867,-0.11727116322598541,1.7473464438564021,0.2675141415796072,2.1025358945017594,0.5274541872004845
2016-03-07,2.260280057820838,0.09274459254532193,0.08272954684646336,-0.11355304354996675,1.6119587004220695,0.26700996964483853,1.9408897659087265,0.31939029191211166
2016-03-08,1.764082990101805,0.09215206592461608,0.04815387616487417,-0.10981314987438584,1.181783215424933,0.2664594845619577,1.478735492201995,0.28534749789980984
2016-03-09,0.6890883296345415,0.09153698509824948,0.009725947024488375,-0.1060469877980533,0.5232181504410538,0.26586545725752425,0.7842995520232625,-0.09521122238872104
2016-03-10,-0.2095037575651252,0.09090009356715548,-0.0303844006630146,-0.10224242616917661,-0.23784969285746504,0.26523770496624816,-0.01433872115625262,-0.1951650364088726
2016-03-11,-1.1200576809601273,0.09024209998052117,-0.07003394093362769,-0.0983879160369416,-0.9377709984098019,0.2645880918516792,-0.7513626635481709,-0.3686950174119563
2016-03-12,-1.2762762419240927,0.08956371059291078,-0.10730540111628922,-0.09447172362166883,-1.4117333725451437,0.2639279657564014,-1.2600188209337897,-0.01625742099030303
2016-03-13,-1.4053887380256835,0.08886539231008694,-0.14079947934315354,-0.09049000126604838,-1.5394428181258493,0.2632629989522003,-1.418603907472764,0.013215169447080566
2016-03-14,-1.0818931334486843,0.08814759703864676,-0.16963125172681015,-0.08643933816064836,-1.2835571336404692,0.2625985679647558,-1.1888815585245252,0.10698842507584083
2016-03-15,-0.5897091313505485,0.08741064601059492,-0.19349859444563886,-0.08232092938790553,-0.7092094483700452,0.2619364988721055,-0.6356818273208891,0.045972695970340594
2016-03-16,0.0777742255999742,0.08665481137401834,-0.21255675700577964,-0.07813784176422227,0.027414985269189632,0.2612743516015701,0.08464954947477615,-0.006875323874801956
2016-03-17,0.8383101529656597,0.08588032602829485,-0.22730542028487072,-0.07389439233671308,0.7204075426877931,0.260608113108761,0.7656961692032651,0.07261398376239458
2016-03-18,1.3217904082079666,0.08508740931675718,-0.23840550391178691,-0.06959525189999774,1.1745261632468649,0.25993162012819004,1.2115444368800274,0.11024597132793912
2016-03-19,1.2007946655236637,0.08427637151904244,-0.24647152322366314,-0.06524156267548513,1.2653844567909442,0.25924025136537465,1.2971879937762132,-0.09639332825254954
2016-03-20,0.9761286696355564,0.08344770947672832,-0.2518834618118801,-0.060827638663095665,0.9781514644001166,0.2585329337440458,1.0074210071459149,-0.031292337510358426
2016-03-21,0.4991931334900656,0.08260196290936841,-0.25476541351923254,-0.05634614958371823,0.40980118817307587,0.2578088218300489,0.4391004098095424,0.06009272368052321
2016-03-22,-0.4091699848497356,0.08173975643639703,-0.25494239509971267,-0.05178690675054678,-0.26475345455028676,0.2570694787293913,-0.23267352123475787,-0.17649646361497773
2016-03-23,-0.8753595502004885,0.0808618559952039,-0.25194350056720455,-0.047135267898606864,-0.851235925258256,0.25632022213616407,-0.8131326155926994,-0.06222693460778905
2016-03-24,-0.9741658321145078,0.07996891220334094,-0.2452059022140934,-0.04238121334530259,-1.199268829182291,0.2555642657221362,-1.1513227668162098,0.17715693470170202
2016-03-25,-1.0448990112147176,0.07906147655880348,-0.2341745611935105,-0.03751906632979225,-1.2457188274549778,0.2548025495466553,-1.1835484288728217,0.13864941765810412
2016-03-26,-1.1618824358368298,0.0781400997727595,-0.2183777709665972,-0.03254406331126678,-1.0244346028692284,0.2540365875182634,-0.9431797498560693,-0.21870268598076048
2016-03-27,-0.5678607972318961,0.0772053538913675,-0.1975258518692568,-0.02745149154316245,-0.6418327853696905,0.25326914288989216,-0.5363356320008501,-0.03152516523104598
2016-03-28,-0.0719905412334316,0.07625759798137854,-0.17169141630260487,-0.02224463364474645,-0.23088047002218526,0.25249742893298965,-0.09606149305516837,0.02407095182173677
2016-03-29,0.3542181109735381,0.07529721319570548,-0.1412416360162625,-0.01692649108299118,0.09958218957137507,0.2517196718646931,0.26843094753251995,0.08578716344101817
2016-03-30,0.518778980855528,0.07432458096073409,-0.10681362962795045,-0.011500398489899775,0.29801790124895244,0.25093174309809324,0.5049601971899296,0.013818783665598411
2016-03-31,0.5766470751289857,0.07334014241764786,-0.06925308934526352,-0.005967927887915295,0.3759815050272011,0.2501303557552652,0.6242309859669354,-0.04758391083794966
2016-04-01,0.7761255099293216,0.07234437065464691,-0.029575969607289344,-0.0003298438039888475,0.3870699525699568,0.24931527389744834,0.6788237837107738,0.09730172621854782
2016-04-02,0.8695929278795883,0.07133768846274936,0.011135606180536328,0.005410711970024672,0.39145727870054753,0.2484812066825566,0.7278224919964145,0.14177043588317384
2016-04-03,0.5920551311176973,0.07032055288657302,0.05183643039689935,0.011251211223435522,0.4238254961867203,0.2476233507490591,0.8048570414426872,-0.21280191032498996
2016-04-04,0.7865670720338683,0.06929355536311152,0.09158948174216915,0.017193329231864292,0.47838344293977075,0.24674637275928615,0.9032061820362018,-0.11663911000233351
2016-04-05,0.9671552530111472,0.06825714472180752,0.12954961826703654,0.023233258884172502,0.51513405456849,0.24585042378703706,0.9820245002285436,-0.014869247217396353
2016-04-06,0.8819807153691958,0.06721174102853811,0.1650665628008957,0.02936578971019131,0.4851401522014767,0.2449313261256517,0.9917155718667535,-0.10973485649755776
2016-04-07,0.8217234487113896,0.06615782973352417,0.19764182800629498,0.03558819738942388,0.36000275788904373,0.24399351669214445,0.9033841297104311,-0.08166068099904156
2016-04-08,1.2463731539853948,0.0650958759966042,0.22691295594306174,0.04189664586986815,0.15064890496263875,0.24304107608316536,0.7275954588553382,0.5187776951300567
2016-04-09,0.6447036387761597,0.0640261876619484,0.2525853393882411,0.04828104919872162,-0.09315761891142786,0.24206892338210553,0.5138038807195888,0.13089975805657084
2016-04-10,0.2389935993174114,0.06294940232369738,0.27452810975571945,0.05474199169599691,-0.30007230782426764,0.241084220973992,0.33323141692513814,-0.09423781760772673
2016-04-11,0.1927818098567057,0.061866137412485034,0.29257711054113816,0.0612781723995699,-0.40783291058362603,0.24009489012436117,0.24798339989392823,-0.055201590037222525
2016-04-12,0.1698940938212162,0.060776937990562864,0.30651873199457547,0.06788405404514684,-0.38928673469438774,0.23910273438031085,0.2849957237162083,-0.11510162989499209
2016-04-13,-0.0484268625684929,0.05968236940461348,0.316105251480414,0.07455351897690768,-0.2625453849253579,0.23810967042630507,0.42590542536288234,-0.4743322879313752
2016-04-14,0.5121121825987993,0.05858306929846957,0.3210885003271194,0.08128203801194517,-0.08157915558996015,0.2371221532065502,0.6164966052541242,-0.10438442265532488
2016-04-15,1.148636342273354,0.057479437846765694,0.32117231301059024,0.08805599027131666,0.08693230251052755,0.23613956245145082,0.789779606090651,0.3588567361827031
2016-04-16,1.2506762623143923,0.05637183320938243,0.3161910763616408,0.09485986491172124,0.19252798918384567,0.23516031967969434,0.8951110833462845,0.3555651789681078
2016-04-17,0.9841208978442,0.05526074932240687,0.30626618186152665,0.10168283889642726,0.22067600323514244,0.23418969255348202,0.9180754658689853,0.06604543197521473
2016-04-18,0.8083939770252146,0.05414677140312802,0.2918879775915111,0.1085169079021166,0.19398761199311015,0.23323521418709794,0.8817744830769638,-0.07338050605174917
2016-04-19,0.7737723616871267,0.05303044278996228,0.2739263222623422,0.11535214958677734,0.15558380447076878,0.23229988991693762,0.8301926090267883,-0.056420247339661556
2016-04-20,0.7230205180303373,0.05191225507458463,0.2536085046388477,0.12217667119255984,0.14378499444305046,0.2313843082747472,0.8028667336237899,-0.07984621559345262
2016-04-21,0.684982288997466,0.05079271262279664,0.23249021355862354,0.12897848530293532,0.17039211087837802,0.23048831380876988,0.8131418361715034,-0.12815954717403732
2016-04-22,0.6571518236667352,0.049672333735394,0.21235757134638472,0.1357451986293472,0.21293320422002668,0.22960955231364652,0.8403178602447992,-0.18316603657806396
2016-04-23,0.8339758720029703,0.04855164210205277,0.19506619409386353,0.1424640564776084,0.2251828330176816,0.22874435999551293,0.8400090856867192,-0.006033213683748873
2016-04-24,0.9391436754860052,0.04743110769422836,0.18230681786911493,0.14912030042702776,0.16104886996355586,0.2278902743326556,0.7677973702865826,0.17134630519942262
2016-04-25,0.7940304260044455,0.04631123399289172,0.17546360377533707,0.1556999642294308,0.001273267929427762,0.22704781220696352,0.6057958821340509,0.18823454387039462
2016-04-26,0.4340543582822075,0.045192602302589195,0.1754875305773865,0.1621914290926968,-0.23053088324300852,0.22621939184754,0.378560070577204,0.05549428770500353
2016-04-27,0.177671173530261,0.04407584670670126,0.1827659280546855,0.16858485040546756,-0.4709938267651266,0.22540784177616288,0.14984064017789064,0.027830533352370346
2016-04-28,-0.0590649019615611,0.04296156256712471,0.19698229827419267,0.17486908658169686,-0.6391444757275557,0.22461682324144017,0.00028529493689866126,-0.05935019689845976
2016-04-29,-0.0653613931780303,0.041850330517191746,0.21712773494476392,0.18103231757027013,-0.6680516267787788,0.22385014353162302,-0.004191100214929966,-0.06117029296310034
2016-04-30,-0.0730420471405623,0.040742638612044996,0.24155986786624445,0.1870593924733766,-0.5331395978921198,0.22310695175679104,0.15932925281633728,-0.2323712999568996
2016-05-01,0.350086034138979,0.03963895293365083,0.2681608349224688,0.19293445734548142,-0.2639230606280659,0.2223855091590551,0.4591966937325902,-0.10911065959361121
2016-05-02,0.9835902731660228,0.03853959856793181,0.294463688375252,0.19863700530112216,0.0651969626178137,0.22168226190935125,0.818519516771471,0.16507075639455182
2016-05-03,1.4313953305548628,0.03744481490889286,0.3179591488055922,0.20414365437347093,0.3628703620119572,0.22098769632558907,1.1434056764255023,0.2879896541293605
2016-05-04,1.2572425047502165,0.036354883924139096,0.3363658812141201,0.209433088091097,0.5553909542909706,0.2202945021550359,1.3578393096753627,-0.10059680492514622
2016-05-05,1.4962415489631735,0.03527027416258409,0.3478946657674079,0.21449126343020586,0.6132482211280543,0.2196041268662993,1.4305085513545517,0.06573299760862183
2016-05-06,1.2990637776448308,0.034191328496335244,0.3513156480839201,0.2193005420648942,0.5570322253532617,0.21891425156149472,1.3807539955599062,-0.08169021791507536
2016-05-07,1.0627022912633826,0.03311852210951651,0.34617487635856875,0.22384869101684496,0.44406315087345893,0.21822660250367415,1.2654318428620632,-0.20272955159868067
2016-05-08,1.1040753635885137,0.03205235076293112,0.3327600529616515,0.2281252091135886,0.3388522439989529,0.21754584335479588,1.14933570019192,-0.04526033660340634
2016-05-09,1.320187162782145,0.030993231944053026,0.312058891646749,0.23211734955777447,0.2820103931359797,0.2168699163451377,1.074049782629694,0.24613738015245112
2016-05-10,1.0682529432973211,0.029941544781505534,0.28562000655337066,0.23581186012852792,0.271845154525448,0.21619629936695925,1.0394148653558113,0.028838077941509832
2016-05-11,1.0237392855358969,0.02889781901739835,0.2554406134986347,0.23920174652365572,0.26691777901370756,0.21552977138947862,1.005987729442875,0.017751556093021925
2016-05-12,0.9595549199440592,0.027862524670493122,0.2236994155124294,0.2422785890632563,0.20658780204048874,0.2148709694126013,0.9152993006992689,0.04425561924479027
2016-05-13,0.5215693302666301,0.026836151859488077,0.19253254870453823,0.2450354339442459,0.04282585501492178,0.21422180771452654,0.7214517972377206,-0.19988246697109047
2016-05-14,0.3088699256475001,0.02581930243637871,0.1638482113744429,0.24747027507395827,-0.2315549379429515,0.21358824131773305,0.4191710922595614,-0.1103011666120613
2016-05-15,-0.0221613616903615,0.024812495415169843,0.13908028239910375,0.24957907828284284,-0.5719565665617236,0.21296981643394078,0.054485105969333675,-0.07664646765969518
2016-05-16,-0.1390148813984331,0.02381627502336587,0.11907303716970033,0.2513595255652347,-0.8917111781070044,0.21236451392543815,-0.28509782642326537,0.14608294502483227
2016-05-17,-0.1888777559541118,0.02283111090907311,0.10392535246609014,0.25280793312504385,-1.0908320677389385,0.21177031431089957,-0.4994973569278318,0.31061960097372
2016-05-18,-0.4138172474999488,0.021857428515503267,0.09300828046296788,0.2539202359917039,-1.0914979491002184,0.21118519715990636,-0.511526806970137,0.09770955947018817
2016-05-19,-0.454899184315447,0.02089567757336214,0.08506019779485043,0.25469431977756013,-0.8668540657812729,0.2106105037913613,-0.29559336684413895,-0.15930581747130806
2016-05-20,-0.0836688511168082,0.01994621640673773,0.07829056512299816,0.25512607542268667,-0.45293290759969596,0.21004756087355866,0.11047751022628524,-0.19414636134309343
2016-05-21,0.422125108035971,0.01900924691116819,0.07056495133940928,0.25520703315024934,0.061097561403977055,0.2094957670261067,0.6153745598309106,-0.19324945179493963
2016-05-22,0.9904244232254592,0.018084897080414324,0.05971949068332057,0.2549270510519234,0.5604016807202196,0.2089520187042064,1.1020851382400842,-0.11166071501462504
2016-05-23,1.6045634538009743,0.01717325504641301,0.04383888209358396,0.254275625608556,0.9383212690568504,0.20841227296926432,1.4620213047746677,0.14254214902630657
2016-05-24,2.0439662177494395,0.01627439661555974,0.02151664151618001,0.25324280509034247,1.124690837188492,0.20787199278561233,1.6235966731961866,0.4203695445532529
2016-05-25,1.705033128002174,0.015388470608736417,-0.007899856649892525,0.251821869739754,1.1001284982486474,0.20732673674179117,1.5667657186890365,0.13826740931313752
2016-05-26,1.1059476486046158,0.014515885377826429,-0.04411894148539969,0.2500158424414668,0.893890062556157,0.20677779249622877,1.3210806413862795,-0.21513299278166365
2016-05-27,0.9194515529638424,0.013657150558873473,-0.08596962057755511,0.24783228857258063,0.5673571764907746,0.20622936329514246,0.949106358339816,-0.029654805375973647
2016-05-28,0.3164488169468865,0.01281267422390961,-0.13157509114893745,0.24527640648177448,0.19220878961609975,0.20568412213898152,0.524406901311828,-0.2079580843649415
2016-05-29,-0.1292081665464348,0.011982995126084507,-0.17841085591126565,0.2423591875782646,-0.1667116756636013,0.20515069051720744,0.1143703416466896,-0.2435785081931244
2016-05-30,-0.0415709241479709,0.011168576032542564,-0.22358490739969294,0.2390904533787703,-0.46229517936410125,0.2046345499227398,-0.23098650742974156,0.18941558328177066
2016-05-31,-0.2555471143184474,0.010369683020967205,-0.26415324723035555,0.2354749186523294,-0.6673653747588333,0.20413610117863687,-0.4815379191372553,0.2259908048188079
2016-06-01,-0.8373602270530859,0.009586633246655527,-0.29726842761259,0.2315206030212078,-0.7700894064985049,0.2036571698914319,-0.6225934279517996,-0.21476679910128627
2016-06-02,-0.3054816721571285,0.008819806991351,-0.320406615493706,0.22723898728638062,-0.7693692902943846,0.20319903171052953,-0.6505180797998295,0.34503640764270094
2016-06-03,-0.5165843445652787,0.008069208863698241,-0.3317574465613356,0.2226293907578039,-0.674195697709718,0.20274713638883046,-0.572507408260721,0.05592306369544231
2016-06-04,-0.5328277471121393,0.007335060329840778,-0.3301925184185146,0.21769933946743925,-0.5016972179197611,0.20229566162189536,-0.4045596749191003,-0.12826807219303904
2016-06-05,-0.3085236292352842,0.006617523191325407,-0.315469631931379,0.2124547345007696,-0.2792065293285491,0.20183835981719161,-0.17376554375064152,-0.1347580854846427
2016-06-06,0.0677851947584471,0.0059166933630989465,-0.2882708983639756,0.20689964970365488,-0.04324849846058423,0.2013700713562981,0.0826670175984921,-0.014881822840044995
2016-06-07,0.033702241119717,0.005232622680511418,-0.2501330026089223,0.20103723321523725,0.16554917983828335,0.2008869277926103,0.32257296091772003,-0.28887071979800305
2016-06-08,0.4642632087174482,0.004565485811778715,-0.2032616142899472,0.1948757577210667,0.3115099145151178,0.20039268133794993,0.5080822250959659,-0.043819016378517706
2016-06-09,0.7532781824001357,0.003915310661128528,-0.15044827844157457,0.1884193622925299,0.37204190144436206,0.1998882756260647,0.6138165715825106,0.1394616108176251
2016-06-10,1.059052543109254,0.0032821556896345657,-0.09474615274970502,0.18167402960424933,0.3447901119924127,0.19937298579819893,0.6343731303347905,0.4246794127744634
2016-06-11,0.6855685036816435,0.0026660884635524022,-0.03926255697486294,0.17464662508783296,0.24849298284111906,0.1988456151490458,0.5853887545666874,0.10017974911495608
2016-06-12,0.6195504331979655,0.0020674051852612304,0.013194729117503945,0.16735180980767544,0.11860643786662813,0.19830706348489663,0.49952744546196537,0.12002298773600018
2016-06-13,0.2302115586968126,0.001486345327899586,0.06018082915114282,0.15980234003001115,-0.0035195639783348436,0.19775591073623175,0.41570586126695047,-0.18549430257013788
2016-06-14,-0.0310984451990122,0.0009232696004524309,0.0998861610583384,0.15201503891820808,-0.08093512165618066,0.19719172151923756,0.3690810694400558,-0.40017951463906803
2016-06-15,0.002584444767876,0.000378513749448166,0.13116766599164204,0.14400629573328272,-0.0906898952903325,0.19661595615353525,0.38147853633757567,-0.37889409156969966
2016-06-16,0.605367562627284,-0.00014770806606909887,0.15362389013058897,0.13578907443885402,-0.029032041657112886,0.19602482519496994,0.45625804004123094,0.14910952258605303
2016-06-17,0.6996372657078876,-0.0006553956137406914,0.16753760363364678,0.12737028488546995,0.0880630967865425,0.1954103561200308,0.5777259458119494,0.12191131989593829
2016-06-18,1.1416984838166877,-0.001144432875752405,0.17394004158615772,0.11876222683615026,0.2299358362653981,0.1947715289954284,0.716265200807382,0.4254332830093057
2016-06-19,1.147255399812583,-0.0016148476507826563,0.17438251725080314,0.10997367136294588,0.35681714988145047,0.1941053052700364,0.8336637961144533,0.31359160369812966
2016-06-20,0.8595892692939949,-0.002066559562180618,0.17086424812994927,0.10101814433278655,0.4290077579741162,0.19341275094130808,0.8922363418159794,-0.03264707252198451
2016-06-21,0.5561278551486333,-0.0024993951015214568,0.16558069402690934,0.09191291903075047,0.4157653853445834,0.19269992326408283,0.8634595265648045,-0.30733167141617124
2016-06-22,0.3784972381675108,-0.0029131639811795823,0.1606451016237544,0.08267611851908542,0.3036037642064825,0.1919755349693224,0.7359873553374652,-0.3574901171699544
2016-06-23,0.3203095145354327,-0.003307723450201235,0.15788023700436563,0.07332428038090015,0.10250636075236297,0.1912434961157448,0.5216466508031723,-0.20133713626773958
2016-06-24,0.3545799362586396,-0.003682976662930761,0.1586149265083491,0.06387250430867486,-0.1523609672270028,0.19050483454863096,0.25694832147572133,0.09763161478291826
2016-06-25,0.355638101504254,-0.0040388642626073825,0.16353747639218696,0.05433476502661484,-0.40581387928033186,0.18975986894238892,-0.0022206331817485048,0.3578587346860025
2016-06-26,-0.0378840822500432,-0.004375339595308494,0.17264990188618215,0.04472499788827339,-0.5950858453660149,0.18900829158202154,-0.1930779936048464,0.1551939113548032
2016-06-27,-0.1615070566479602,-0.0046922689328716734,0.18532436461900656,0.035060775580944316,-0.6670432621190869,0.18825172780225377,-0.26309866304975393,0.10159160640179374
2016-06-28,-0.3262556246101372,-0.004989617548004181,0.20027087025452184,0.025356791200662344,-0.5964411975409784,0.18749083207363074,-0.1883123215601676,-0.13794330304996957
2016-06-29,-0.1797796753026923,-0.005267346009862005,0.2157148395459466,0.01562808615561219,-0.3963682852194226,0.18672743514045786,0.01643472961273207,-0.19621440491542436
2016-06-30,0.0150777067852145,-0.005525515196723669,0.22953711213040795,0.0058865301192251186,-0.11758235597958469,0.18596083591073023,0.29827660698405495,-0.2831989001988404
2016-07-01,0.7243275071521161,-0.005764202956369285,0.23950588820818636,-0.003856357892289123,0.1658914012020672,0.18519103977716048,0.5809677683387556,0.1433597388133605
2016-07-02,1.1780656099964608,-0.005983636264410636,0.24341985417410078,-0.013594144332429435,0.3794008412998586,0.18441528351548275,0.7876581983926021,0.3904074116038587
2016-07-03,0.8012682352063374,-0.006183969503973213,0.23942709413427118,-0.023317974482747337,0.47273478845115585,0.18363048607518045,0.866290424673887,-0.06502218946754956
2016-07-04,0.6771355001600559,-0.006365107172653286,0.2262295176503126,-0.033010134193489964,0.4367251103544888,0.18284141405961143,0.8064208006982695,-0.12928530053821363
2016-07-05,0.7079874459857098,-0.006527027318216567,0.20304267298118792,-0.042655353139666195,0.30329887830812946,0.18205017045958685,0.6392093412910215,0.06877810469468837
2016-07-06,0.4168097499345111,-0.006669746610191291,0.16963651575293998,-0.0522395069622842,0.1318857793996574,0.1812580943405372,0.42387113592065906,-0.007061385986147972
2016-07-07,-0.1379603007487109,-0.006793190671357974,0.12638271300159193,-0.06174489439656991,-0.013070424353499154,0.1804687471220125,0.22524295070217737,-0.3632032514508883
2016-07-08,0.1769178463033549,-0.006897209168100291,0.07414619644057294,-0.07115038625615275,-0.08518604040645825,0.17969145003572884,0.0906040106455905,0.08631383565776439
2016-07-09,0.2601945657781068,-0.006981919957078883,0.014049355888257028,-0.08044349174600134,-0.07115758281311799,0.17892875573459002,0.03439511710664886,0.22579944867145793
2016-07-10,0.1073476130595482,-0.007047387443242928,-0.052503580443796015,-0.08960914719279522,0.011077359884509336,0.17818559190416988,0.04010283670884504,0.06724477635070315
2016-07-11,0.0251926669765176,-0.0070936274492479495,-0.12394548374894572,-0.098629775482832,0.12540798498997824,0.17746930086618615,0.07320839917513872,-0.04801573219862112
2016-07-12,0.3605737636058603,-0.007120689955476666,-0.198689274197036,-0.10748839297792015,0.23545277836445244,0.1767866155687122,0.09894103680273184,0.26163272680312843
2016-07-13,0.0627049431939314,-0.007128767312481932,-0.27523158069378867,-0.11617257382802752,0.31857114714678647,0.17613761047524384,0.0961758357877322,-0.0334708925938008
2016-07-14,-0.2492020248316089,-0.007117881616907587,-0.35208582545829836,-0.12466328651433478,0.37104420427649054,0.17552805916876443,0.06270526985571426,-0.31190729468732314
2016-07-15,-0.257404436422417,-0.007088068838167395,-0.42787689084936853,-0.13294135008285995,0.39989406439398745,0.17496378985066482,0.006951544474256471,-0.26435598089667345
2016-07-16,-0.1094177847151011,-0.0070394732121776835,-0.5013522509899592,-0.1409910215744118,0.4089892058898876,0.1744456554001443,-0.06594788448651676,-0.04346990022858434
2016-07-17,-0.1402832374605444,-0.006972290032899978,-0.5713331361369987,-0.14879812014675886,0.388417129179428,0.17397332547857963,-0.1647130916586499,0.024429854198105477
2016-07-18,0.0750998403691687,-0.006886658501889066,-0.6366141599208273,-0.15634652875976257,0.3141233227823858,0.17354815502746956,-0.3121758693726236,0.38727570974179226
2016-07-19,-0.1733763939042842,-0.006782787719835305,-0.6959709926331864,-0.1636226591818983,0.15871755757922995,0.1731690649037309,-0.5344898170519592,0.36111342314767503
2016-07-20,-0.8298726870214207,-0.006660749753359559,-0.748048944639838,-0.1706082692472493,-0.08913364880746161,0.17283878420816134,-0.841612828239747,0.011740141218326339
2016-07-21,-1.482331460520879,-0.006520504222252405,-0.7913952353881616,-0.17728115665097519,-0.40860227308224173,0.17256438977525398,-1.2112347795683769,-0.27109668095250217
2016-07-22,-1.8489640465700576,-0.006362039456856351,-0.8245693950636869,-0.18361986918406947,-0.7432030959900009,0.17235267884989458,-1.5854017208447189,-0.2635623257253388
2016-07-23,-2.076326933344491,-0.0061854600005388964,-0.8462934819284962,-0.1896065706651426,-1.0139883561106482,0.1722101005624165,-1.8838637681424093,-0.19246316520208162
2016-07-24,-2.0726247342768684,-0.005990950053472869,-0.855528343202506,-0.1952261061149182,-1.1458558992379706,0.17214102912307364,-2.0304602694857943,-0.04216446479107416
2016-07-25,-1.792544668292058,-0.0057788007790045975,-0.8515851924578393,-0.2004672844068756,-1.0973724786075982,0.17214447184179063,-1.9830592844095272,0.19051461611746912
2016-07-26,-1.4930365346525272,-0.005549411346272447,-0.8342478541140488,-0.2053230120193248,-0.8805261049687191,0.17221590427110356,-1.7534304781772614,0.2603939435247342
2016-07-27,-1.3374179175027157,-0.005303212165979939,-0.8038210794284318,-0.20978751614747626,-0.5600940211187407,0.1723502216108469,-1.4066556072497822,0.06923768974706657
2016-07-28,-1.1472393354773238,-0.0050406230479610415,-0.7611350710242857,-0.21385478562916097,-0.23133232610728185,0.17254166102859214,-1.0388211447800975,-0.10841819069722636
2016-07-29,-0.767059086951298,-0.004762098022082444,-0.7075593296996106,-0.2175200965986637,0.015800368282437707,0.17278353637577798,-0.741257619662141,-0.025801467289157
2016-07-30,-0.5686933441155801,-0.004468157848831674,-0.6449881009401007,-0.2207808544586805,0.1316888370294457,0.1730716771397512,-0.5654765990784161,-0.0032167450371640705
2016-07-31,-0.5912818560546228,-0.004159284267984228,-0.5756474801799608,-0.22363311242228923,0.12671955991354525,0.1734030088565931,-0.5033173081000959,-0.0879645479545269
2016-08-01,-0.5408218672975342,-0.00383589620089699,-0.5019176414730709,-0.22607121582998216,0.06554023929184918,0.1737736473197914,-0.4925108668923095,-0.048311000405224735
2016-08-02,-0.4100874751981316,-0.003498423527449226,-0.4262206833459153,-0.2280904371690227,0.03746759568695324,0.17417986493380794,-0.44616208342162605,0.03607460822349445
2016-08-03,-0.2591119611886462,-0.0031473157617004093,-0.3508510475747579,-0.22968727288278887,0.11566184254628817,0.1746176150982262,-0.2934061785747328,0.03429421738608657
2016-08-04,0.0169007725674476,-0.002783033608444214,-0.2778099236333422,-0.23085914231193827,0.32216152173858575,0.17508230527871094,-0.014208272536428035,0.031109045103875636
2016-08-05,0.2845669814071588,-0.0024060813835429526,-0.20871866566208366,-0.2316053973346165,0.6138476237363194,0.1755706391402485,0.3466881184963248,-0.062121137089166
2016-08-06,0.6065129293223284,-0.0020169795024458184,-0.14472400038821806,-0.2319263939421864,0.8964354694990577,0.17607997735145867,0.693848073017666,-0.08733514369533768
2016-08-07,1.0486643944983518,-0.0016162863162361048,-0.08648189508045184,-0.23182422206302616,1.0608979887373917,0.1766061742202567,0.9175817594979343,0.1310826350004175
2016-08-08,1.0606232808593647,-0.0012046052560726313,-0.0342224184794792,-0.2313028623537301,1.0277209073014826,0.17714569247516515,0.9381367136873657,0.12248656717199902
2016-08-09,0.6732178692888641,-0.0007824159472361271,0.012263055060375495,-0.23036280585306043,0.7813202866616324,0.17769598652759636,0.7401341064493078,-0.0669162371604437
2016-08-10,0.4335712024885812,-0.0003500696938788621,0.053489423500889366,-0.22900105011762475,0.3791657643883661,0.17825568070263212,0.3815597487803839,0.05201145370819732
2016-08-11,0.0422288338512517,9.205828819921305e-05,0.09002434568837021,-0.22721623690824577,-0.06814404527233779,0.17882415750762856,-0.026419720696385568,0.06864855454763727
2016-08-12,-0.5910402234606342,0.000543651913298133,0.1223775690732278,-0.22500598848375486,-0.43633572860514935,0.17940344785844156,-0.35901704824393676,-0.23202317521669746
2016-08-13,-0.7360179624792175,0.0010044663303788335,0.15091413308703605,-0.2223667926359363,-0.6315761257754224,0.17999487482145435,-0.5220294441724895,-0.21398851830672794
2016-08-14,-0.4814382143261755,0.0014741073015692894,0.1756593091367941,-0.21930149197093077,-0.6224871440053151,0.18059573886712119,-0.4840594806707613,0.0026212663445858153
2016-08-15,-0.0840964347865813,0.0019520444728824244,0.19629436200132,-0.2158188194458157,-0.4465780872872691,0.18119922004015981,-0.28295128021872257,0.19885484543214127
2016-08-16,0.1806445888135248,0.002437690984506481,0.21222331491275465,-0.2119304356361446,-0.1906713954909276,0.18179951912327907,-0.0061413061065320185,0.18678589492005682
2016-08-17,0.3736992374011511,0.0029304867322380596,0.22273893482328008,-0.20764833814020417,0.04514494995537992,0.18239103425137165,0.24555706762206553,0.12814216977908555
2016-08-18,0.3076078416262849,0.0034298846701390088,0.22715460591933997,-0.2029852268910968,0.18441563248145681,0.18296864152490902,0.39498353770474803,-0.08737569607846313
2016-08-19,0.4401603454771474,0.003935409393396731,0.2249796402938988,-0.19795213062050243,0.19822712887236343,0.1835310185612216,0.4127210665003781,0.027439278976769288
2016-08-20,0.0893196247718123,0.004446526300551265,0.21600511090768362,-0.1925626646253096,0.10724993208684568,0.1840783932864292,0.31921729795620013,-0.22989767318438784
2016-08-21,-0.0405192057561111,0.00496283710532154,0.200546404491151,-0.1868265452336309,-0.03460956280960037,0.18461301958397375,0.168686153137215,-0.2092053588933261
2016-08-22,-0.0554517465290993,0.005483859328599287,0.17940750119579554,-0.1807567611565184,-0.1684396354666938,0.1851346984558911,0.02082966235707373,-0.07628140888617303
2016-08-23,0.1078457731176123,0.006009050530167075,0.15389653879646403,-0.17436850179332236,-0.2552322023239448,0.1856424050918584,-0.08405270969877762,0.19189848281638994
2016-08-24,0.1201718810271569,0.006537791184077013,0.12575086846425235,-0.16767973474203268,-0.28823969585420844,0.18613530835147626,-0.1374954625964355,0.2576673436235924
2016-08-25,0.0128822856677153,0.007069485355635612,0.09708186403592384,-0.16070813028844327,-0.288405650465423,0.18661316311218643,-0.15834926825012038,0.17123155391783568
2016-08-26,-0.285661167776451,0.007603552359725894,0.07022696109839577,-0.15347152896500765,-0.2875544465756209,0.18707392262619643,-0.17612153945631048,-0.10953962832014053
2016-08-27,-0.2547162001060287,0.008139466404189227,0.04753698389987441,-0.14598645297936685,-0.3078179610332245,0.18751862700721417,-0.21060933670131354,-0.044106863404715146
2016-08-28,-0.3996425253942959,0.008676612435270077,0.031088558469895652,-0.1382732235112046,-0.3479294062823812,0.18794810223535102,-0.2584893566530691,-0.1411531687412268
2016-08-29,-0.5773725981294102,0.009214438602937053,0.02257684389313721,-0.1303511723372972,-0.38089900343100974,0.18836276993533202,-0.29109612333690066,-0.28627647479250956
2016-08-30,-0.3191189517006911,0.0097524180180813,0.023131877839633677,-0.12223999116166084,-0.36548565186819276,0.18876082387858617,-0.2660805232935525,-0.05303842840713863
2016-08-31,0.1491057620363183,0.010289932987287894,0.033102595059787354,-0.11396367894763587,-0.2657872601134158,0.18913971678594185,-0.1472186942280346,0.2963244562643529
2016-09-01,0.2314393107381233,0.010826337928860244,0.05207488302056225,-0.10554892952341781,-0.06936264393043982,0.18949173048569568,0.07748137798126054,0.15395793275686276
2016-09-02,0.4696490640571582,0.011361143037530943,0.07894881819642839,-0.09701853467684834,0.2035759364579273,0.18981212497271216,0.3866794879877504,0.0829695760694078
2016-09-03,0.7643216160118689,0.011893841497890393,0.1119640068517521,-0.08839720006269708,0.5022247024022857,0.19009313217069543,0.7277784828599265,0.03654313315194235
2016-09-04,0.949307642115386,0.012423935562667634,0.1488275878028954,-0.07971013560075937,0.7597704644745042,0.19032926445792586,1.0316411166972337,-0.0823334745818477
2016-09-05,1.03355592115086,0.012950960182092443,0.1869531224741418,-0.07098199759306088,0.9145167710763731,0.19051531098976865,1.233954167129315,-0.20039824597845501
2016-09-06,1.0972568231214554,0.013474478411170748,0.2236706418149707,-0.06223656188448104,0.9297984979482676,0.1906495616441974,1.2953566179341256,-0.19809979481267015
2016-09-07,1.2178118475462272,0.013994057938103523,0.25647988232388613,-0.05349758121947245,0.8058705393559089,0.1907309904872324,1.2135778888856588,0.004233958660568415
2016-09-08,1.1591623122820571,0.01450925427798002,0.2832739422326214,-0.04478912899461523,0.5799064843124547,0.1907597684509932,1.023660320279434,0.13550199200262303
2016-09-09,0.8985394390921371,0.015019680694041972,0.3025840138155409,-0.036133134812023376,0.31443394658540746,0.1907380209418298,0.7866425272247968,0.1118969118673403
2016-09-10,0.7662651749922175,0.015525020545218019,0.3137241496750755,-0.02754866099165023,0.07742707820677294,0.19067144673191871,0.569799034167335,0.19646614082488245
2016-09-11,0.5375744018100376,0.016024930345694483,0.31684597681266014,-0.019055282385674478,-0.07976423883851219,0.1905641636686466,0.4246155496028145,0.11295885220722307
2016-09-12,0.3029937820240315,0.016519098652240886,0.3129841281651294,-0.01067095627599781,-0.13863826980073807,0.19041868586612676,0.37061268660676117,-0.06761890458272968
2016-09-13,0.1767519310672985,0.017007223641089777,0.3039545882924547,-0.0024125767107506524,-0.1194345664788985,0.19023772809378484,0.3893523968376801,-0.21260046577038158
2016-09-14,0.164555900330267,0.017488983613620876,0.29222348466897974,0.005702675891361201,-0.07399708013212385,0.19002014760497227,0.43143821164681023,-0.2668823113165432
2016-09-15,0.3294720687987141,0.017964040789340406,0.2807153562265664,0.013657231752420937,-0.06705435353526315,0.18976070330468395,0.43504297853774854,-0.10557090973903444
2016-09-16,0.4906181220797919,0.01843203183382033,0.2725281143533099,0.021433261953400798,-0.15160041630361268,0.18945654569083242,0.3502495375277508,0.1403685845520411
2016-09-17,0.3607617310919017,0.018892623799394614,0.2706980143124924,0.029014462861597833,-0.3461118327989874,0.18910870260903187,0.1616019707835293,0.19915976030837237
2016-09-18,-0.0063515152839062,0.019345583805272043,0.27800102423963646,0.03638817974348299,-0.6220592399339039,0.18871930068988757,-0.09960515145562482,0.09325363617171861
2016-09-19,-0.1156747979249032,0.019790758255679504,0.29666586328123323,0.04354503264750046,-0.907869698564925,0.18829425901665273,-0.3595737853638591,0.24389898743895588
2016-09-20,-0.579322743916438,0.020227921575240195,0.3280767292910673,0.050473807098457835,-1.1099952833173874,0.18783985228582298,-0.5233769730667991,-0.05594577084963892
2016-09-21,-0.6873648922553072,0.02065694505497611,0.3727194097906127,0.057166882883384104,-1.1437863942856477,0.18736128563802049,-0.5058818709186543,-0.18148302133665284
2016-09-22,-0.4777002031732932,0.021077582995929947,0.4299899967436354,0.06361287980258298,-0.966538833766011,0.18685617619750078,-0.2650021980263619,-0.21269800514693132
2016-09-23,0.1093775969306371,0.021489500385314646,0.49814369111415446,0.06979784329536434,-0.5981980853023952,0.18632079098840734,0.17755374048084557,-0.06817614355020847
2016-09-24,0.6166043672808438,0.021892253188657826,0.5743617287804884,0.07570472919713533,-0.12137372674538861,0.18574926151445156,0.7363342459353446,-0.1197298786545008
2016-09-25,1.359209102088881,0.022285423062171468,0.6549861895707602,0.08131805172467704,0.3424535377174292,0.1851353954598569,1.2861785975348947,0.0730305045539863
2016-09-26,1.9414563555610371,0.022668533592927215,0.7357001220968546,0.08662104017941877,0.6726920751220373,0.18447205491718538,1.7021538259084235,0.23930252965261367
2016-09-27,2.2341912199858034,0.023041167453865096,0.8118875648166911,0.09159969061647286,0.793367057606013,0.18375257483258947,1.9036480553256314,0.330543164660172
2016-09-28,1.8981204442840085,0.023403007903077668,0.8789847009594897,0.09624434904072533,0.7032182528902097,0.18297188947323823,1.8848222002667405,0.01329824401726798
2016-09-29,1.5164931490231623,0.023753953265706455,0.9328525465272187,0.10055360245365641,0.4796877847461866,0.18213144538655135,1.7189793323793197,-0.2024861833561573
2016-09-30,1.3628620289855828,0.024093947388127243,0.9700183350542755,0.10452846298431405,0.25168805965853136,0.1812349897796444,1.5315637948648924,-0.16870176587930952
2016-10-01,1.1604001684121013,0.02442288337269448,0.9879418992977638,0.10816909851400071,0.15051757728120535,0.1802827237607976,1.4513341822264618,-0.29093401381436057
2016-10-02,1.500043979967657,0.02474069470034735,0.9852388453932416,0.11147814541763713,0.2566910239135514,0.1792775206206247,1.5574262300454023,-0.05738225007774522
2016-10-03,2.0783090323915565,0.025047163712805402,0.9617857655918773,0.11445371736772122,0.5617425249289345,0.17821222312421534,1.8412413947255537,0.2370676376660028
2016-10-04,2.6888535596397736,0.02534202479985114,0.9187708938000098,0.11709313948904934,0.9632248665270389,0.17707603875644326,2.2015069633723923,0.4873465962673813
2016-10-05,2.3631913609603927,0.025625028036769547,0.8586383688686268,0.11939530650657874,1.2962501974857086,0.17585791434158307,2.475766815239267,-0.11257545427887417
2016-10-06,2.4969122174988607,0.025896247595078487,0.7849980736274245,0.12137131725623002,1.3927913877744214,0.17455947938486716,2.4996165056380217,-0.002704288139161015
2016-10-07,1.9760535139423532,0.026155658080867346,0.7021627625881044,0.12302980398005695,1.1443265389221449,0.173181576579292,2.1688563401504655,-0.1928028262081123
2016-10-08,1.1289386462110116,0.0264034748463207,0.6148792189394823,0.12438893427696329,0.5493321127620203,0.17173962491964204,1.4867433657444287,-0.3578047195334171
2016-10-09,0.3057789082784649,0.026640026350283546,0.5278943250609437,0.12547181963494797,-0.27742561471822585,0.1702547419385376,0.5728352982664868,-0.26705638998802195
2016-10-10,0.2090957397026797,0.026865629317942112,0.4454972710118803,0.1263018778973766,-1.1372208730435662,0.1687462263891152,-0.36980986842725205,0.5789056081299317
2016-10-11,-0.7935103972815852,0.027080363854893732,0.3710436315671299,0.12689510103599633,-1.8108620210155986,0.16722430457603668,-1.118618619981542,0.32510822269995676
2016-10-12,-1.4910275924456369,0.02728455264891702,0.3068862216442664,0.1272763056194832,-2.1277798845814804,0.16570080314130944,-1.5006320015275043,0.009604409081867438
2016-10-13,-1.4392272068293204,0.027478415438981243,0.25399214167319645,0.1274671427566662,-2.021085558278824,0.16418359644085453,-1.4479642619691255,0.008737055139805161
2016-10-14,-1.0740941359098888,0.027661933296105844,0.2118488630103065,0.1274807869091575,-1.5453171481107133,0.16266854561505556,-1.0156570192800878,-0.058437116629801
2016-10-15,-0.9745278865414746,0.027834997498443675,0.17858430587053045,0.1273269940370929,-0.8514804209854343,0.16114694595437645,-0.35658717762499087,-0.6179407089164837
2016-10-16,0.0784645660063889,0.02799760208266235,0.15125220647422846,0.12701845950124624,-0.13104964170182326,0.15961182188330603,0.3348304482396198,-0.2563658822332309
2016-10-17,0.951719144229316,0.028149499884925454,0.12596353899680038,0.1265587815748613,0.4470227019997265,0.15805127153241244,0.8857457939887261,0.06597335024058992
2016-10-18,1.6632725131089583,0.028290531817256104,0.0984609507085567,0.1259535688497794,0.7871621168700075,0.15645316490101546,1.1963203331466152,0.46695217996234306
2016-10-19,1.5637442408658353,0.028420627051408093,0.06452034252286107,0.12521099219845933,0.8851266374072276,0.15480956523887177,1.2580881644188278,0.30565607644700754
2016-10-20,1.514566971834896,0.028539992759077138,0.020433478917096612,0.12434867854553106,0.8116722820076792,0.15312512610123716,1.1381195583306212,0.3764474135042748
2016-10-21,1.0367154965054013,0.028648828174261485,-0.03670094289582277,0.12338377388301563,0.6700279278416921,0.1514044088290308,0.9367639958321773,0.099951500673224
2016-10-22,0.2654035170810775,0.028747456881607483,-0.1086095446032436,0.12233768058493678,0.5498291963894176,0.14965560374293763,0.741960392995656,-0.47655687591457846
2016-10-23,-0.2222637481080254,0.028836284537744197,-0.1956515206285399,0.12123434432301555,0.4944914216296898,0.14788795250398323,0.5967984823658928,-0.8190622304739182
2016-10-24,0.4403403553504625,0.028915630291238878,-0.29680767473965575,0.12009422503876203,0.49356106467699484,0.14610727658033773,0.49187052184767777,-0.05153016649721526
2016-10-25,0.5948357579922516,0.028985483432503595,-0.40980491769325555,0.11892562081661662,0.49972381100537805,0.14430824099398737,0.3821382385552301,0.21269751943702153
2016-10-26,0.2988787289397551,0.02904602251409313,-0.5310491793786359,0.1177425242389374,0.46235218655832533,0.14249175267437664,0.22058330660709657,0.07829542233265852
2016-10-27,0.5686757754742833,0.02909758441264262,-0.6558542343167802,0.11656350438423854,0.3562586953290376,0.14066114172706118,-0.01327330846380026,0.5819490839380835
2016-10-28,0.0343383283066786,0.02914035072586386,-0.7789297584576091,0.11540163068328298,0.19326034093150088,0.13881813293500977,-0.3023093031819516,0.3366476314886302
2016-10-29,-0.599097289670699,0.029174736262703223,-0.8945469033546358,0.11427777981765913,0.015831898346455694,0.13696930091423482,-0.5982931880135829,-0.0008041016571160853
2016-10-30,-1.047902527788212,0.02920116156478583,-0.9970406040325762,0.1132128787051303,-0.12678566198601138,0.13511978525066498,-0.8462924404980066,-0.20161008729020535
2016-10-31,-1.4741479125979489,0.029219965327182337,-1.0812650429730521,0.11222477142350457,-0.204706518082311,0.13327261488380382,-1.0112542094208727,-0.4628937031770761
2016-11-01,-1.5602312584991438,0.02923146778449769,-1.1429711865033279,0.11133043570507663,-0.22256689691926368,0.1314355320264286,-1.0935406479065886,-0.46669061059255523
2016-11-02,-1.092413497100406,0.029235878118614975,-1.1791177100922463,0.110542082334987,-0.2174283613385136,0.1296137126232855,-1.1271543983538723,0.034740901253466294
2016-11-03,-1.0564269082932658,0.029233259094619723,-1.188121157638914,0.10986538127714619,-0.24014371226798525,0.1278095561138801,-1.161356673421253,0.10492976512798724
2016-11-04,-0.9585542669805694,0.029223831941635366,-1.1698179329886667,0.10930952752846465,-0.32826085458896126,0.12602805521758217,-1.2335173728899458,0.27496310590937634
2016-11-05,-1.0469345489701016,0.02920782647491291,-1.1255543566775088,0.10888239607290082,-0.4860928673892316,0.12427414201518547,-1.3492828595037412,0.30234831053363953
2016-11-06,-0.99904393140367,0.02918554540117643,-1.0580733490789576,0.10859281978024929,-0.6790408442168941,0.12255356038556717,-1.4767822677288587,0.4777383363251887
2016-11-07,-1.4686247885526695,0.02915725978740044,-0.9714000231398415,0.10844725559607477,-0.8459341019572708,0.12087112839229688,-1.5588584813213402,0.09023369276867066
2016-11-08,-1.984460183747324,0.029123370398581254,-0.8705007655366093,0.10845568289829152,-0.92195177594945,0.11923303971889274,-1.5356404484702937,-0.44881973527703023
2016-11-09,-1.9771258368683584,0.02908424634766838,-0.7610772417216375,0.10862657923057557,-0.86387188363219,0.11764583124780596,-1.3695924685277776,-0.6075333683405808
2016-11-10,-1.287349629220521,0.029040039177907206,-0.6492673905376996,0.10896034776953632,-0.6658355707351876,0.11610758637305452,-1.0609949879523892,-0.22635464126813187
2016-11-11,-0.8850306438736822,0.02899064942358134,-0.5412694112251077,0.10944803975032548,-0.3592772433986435,0.11460761892696036,-0.647500346522884,-0.23753029735079823
2016-11-12,0.0508449812081945,0.02893603951870295,-0.4428210790390233,0.11008217807659305,0.0020504635011504707,0.11313877976417946,-0.1886136181783974,0.2394585993865919
2016-11-13,0.9747164130022384,0.02887601690364513,-0.3589239509849142,0.1108492039199887,0.36086314025019595,0.11169401553014756,0.25335842561906313,0.7213579873831752
2016-11-14,1.1331871450128232,0.028810412634146722,-0.29336589547630787,0.11173497243434675,0.673119593390981,0.1102653558135003,0.6305644387966669,0.5026227062161563
2016-11-15,1.1433649170451858,0.0287393276400639,-0.24835166869244027,0.11273331552740215,0.9148098195429739,0.10885270850033828,0.916783502518338,0.22658141452684788
2016-11-16,0.7772251786376229,0.02866294229438537,-0.2244122178233828,0.11383956511612872,1.0760734285218951,0.10745663492469414,1.1016203530337205,-0.32439517439609766
2016-11-17,0.4267262333058593,0.028581571066703965,-0.2203422559295426,0.11505237814417582,1.1503807342968175,0.10607729717140392,1.1797497247495587,-0.7530234914436995
2016-11-18,0.4417532269831122,0.02849553407844737,-0.23336723266819406,0.11636949515058428,1.1251698831036543,0.10471043461800925,1.141378114282501,-0.6996248872993889
2016-11-19,0.7259145503506557,0.02840505694200124,-0.2594746783935871,0.11778477455168156,0.9812331870276039,0.10334957936170847,0.971297919489408,-0.24538336913875236
2016-11-20,1.3635819247078678,0.028310297032762038,-0.2937705146639137,0.11928891679272015,0.7028227596548817,0.10198580910049548,0.6586372679169457,0.7049446567909221
2016-11-21,1.2290762269436328,0.02821132541954094,-0.33098040533251216,0.12086910153717195,0.2933818486784913,0.10061139437663884,0.21209326467933093,1.0169829622643018
2016-11-22,0.0415138157736855,0.028108464902172947,-0.36580314733798913,0.12252055940778016,-0.20985937452932452,0.0992286963801692,-0.32580480117719135,0.36731861695087686
2016-11-23,-1.244365962183054,0.028002356226944036,-0.3933679371915989,0.12424867429261044,-0.7330242932445772,0.0978486115699617,-0.8762925883466599,-0.36807337383639416
2016-11-24,-1.8422148574982165,0.027893657701186594,-0.4098554724509656,0.12605897225189766,-1.1787375974388232,0.0964847036259658,-1.3381557363107388,-0.5040591211874776
2016-11-25,-2.2642522178647826,0.027782786777771417,-0.4129702928015824,0.12794851920210432,-1.450996733696721,0.09514601017601065,-1.613089710342417,-0.6511625075223655
2016-11-26,-1.927717334492621,0.02767005562886589,-0.40205388867784664,0.12991022672527877,-1.4824909540539222,0.0938364157351263,-1.633128144642498,-0.29458918985012317
2016-11-27,-0.9425151775451678,0.02755550370794475,-0.3781971027808886,0.13192715550199818,-1.2571182941061174,0.0925519345209978,-1.3832808031560653,0.4407656256108975
2016-11-28,-0.3080792247109727,0.02743895141850337,-0.3441035535416189,0.1339747647250321,-0.8175368922910243,0.09128885922094239,-0.9089378704681654,0.6008586457571927
2016-11-29,0.225604263567946,0.027320290282102394,-0.3035532373077158,0.13603050201097522,-0.25459926811815903,0.09004343983723373,-0.3047582732955635,0.5303625368635094
2016-11-30,0.0910578160055777,0.027199431050651243,-0.2609481285637811,0.1380720595951935,0.3158430803697895,0.08881039547779812,0.30897683792965125,-0.21791902192407353
2016-12-01,0.2102684140867901,0.027076496542361654,-0.22069449024240304,0.1400843817561345,0.7835111066841675,0.08759110031295815,0.8175685950532188,-0.6073001809664287
2016-12-02,0.7475191278333835,0.02695153107894699,-0.18673087972814514,0.14204996182674498,1.0697693822507173,0.08638206219514037,1.1384220576234043,-0.39090292979002084
2016-12-03,1.4261684302869395,0.026824454805265387,-0.16204117793942838,0.143947718000894,1.144148943441326,0.0851754153173342,1.2380553536253913,0.1881130766615482
2016-12-04,1.3481975378852922,0.02669516265973798,-0.14821041376735958,0.1457562498927902,1.0269600493913003,0.08396259068802349,1.1351636388644923,0.21303389902079983
2016-12-05,0.9525693018181214,0.02656379747001476,-0.14505922226202123,0.14746310325324277,0.7785270274895376,0.08274217281770682,0.8902368787684807,0.062332423049640706
2016-12-06,0.7865819223778696,0.026430616591388536,-0.1506512666191744,0.14906015332253794,0.4770362947391771,0.08151622983290828,0.5833920278668374,0.2031898945110322
2016-12-07,0.6093552328755827,0.026295840037236413,-0.16152185327933002,0.15053823295493635,0.1933570363903742,0.08028702502896118,0.2889562811321781,0.3203989517434046
2016-12-08,-0.1258053046216339,0.026159728441417274,-0.17296572332559818,0.151889493018428,-0.028615822735509736,0.07905726484825867,0.05552494024699604,-0.18133024486862992
2016-12-09,-0.6604297756076256,0.026022752373110452,-0.17949481385154323,0.1531136120473685,-0.18073793931273663,0.07783976764025294,-0.10325662110354797,-0.5571731545040777
2016-12-10,-0.4606411339654284,0.025885331955284977,-0.17549844950193605,0.15420867498367297,-0.2876480727579783,0.07664376936471694,-0.20640874595623948,-0.2542323880091889
2016-12-11,-0.0691130647419134,0.02574766243302841,-0.15593661527187813,0.1551651915651505,-0.3913133388188736,0.07546904376423996,-0.29086805632833285,0.22175499158641945
2016-12-12,-0.2400298709806839,0.02560987297800306,-0.11686329187113247,0.15597165882136235,-0.5273333988680614,0.07431195657770734,-0.3883032023621211,0.14827333138143722
2016-12-13,-0.3276485795720947,0.025472247707095275,-0.055816462331951755,0.1566221512442437,-0.7024482357046726,0.0731719974719843,-0.5029983016133011,0.17534972204120636
2016-12-14,-0.3482067964647143,0.025335021685325157,0.027777899345173128,0.15710934906416735,-0.8840179767064635,0.07204464294560474,-0.6017510636661931,0.2535442672014788
2016-12-15,-0.3801432013843184,0.025198388372905254,0.13244658349570837,0.1574252164887601,-1.0050550646657574,0.07092533864994503,-0.6190595376584388,0.2389163362741204
2016-12-16,-0.7354299688444228,0.025062516554831802,0.2547582735185189,0.15756168115739777,-0.9859636311125267,0.06980848011377219,-0.4787726797680061,-0.2566572890764167
2016-12-17,-0.554244283281371,0.024927655917009687,0.3896139867896169,0.15751424433605882,-0.7665724099450891,0.0686920466285427,-0.12582447627386104,-0.4284198070075099
2016-12-18,0.0596790619835457,0.024793883651992484,0.5305643569787429,0.15727319143330967,-0.3383610409375443,0.06757062876993745,0.44184101989643826,-0.38216195791289254
2016-12-19,1.0090315162576693,0.024661137033970416,0.6704008575919609,0.15682442952233544,0.23886009828161892,0.06643330517829177,1.1571798276081775,-0.1481483113505082
2016-12-20,2.475620915867633,0.024529268600093763,0.8017738735077475,0.15615137545052887,0.8440865728171117,0.06526774092271952,1.8918088312982015,0.5838120845694315
2016-12-21,2.981840684145036,0.024398005342200695,0.9177760512245041,0.15523356243999908,1.3266521451333908,0.06405969942196879,2.4881194635620636,0.4937212205829722
2016-12-22,2.863730181881358,0.024267395894828687,1.0126551595339024,0.15406248263112407,1.5552379451215104,0.06280795019620164,2.809030933377567,0.05469924850379071
2016-12-23,2.477998127985619,0.024137688784487677,1.0822055657253797,0.15263765874814783,1.4635293998941732,0.06151598658297625,2.7840262997351646,-0.30602817174954566
2016-12-24,2.3761818374776547,0.024009213962808234,1.1239470341021258,0.15096285423565897,1.0765861216305381,0.06018880305537635,2.4356940269865075,-0.05951218950885284
2016-12-25,1.6542136016512317,0.023882210946867787,1.1371130145245998,0.14904010969858233,0.5059247884627394,0.058827208344806654,1.8747873319775958,-0.22057373032636418
2016-12-26,0.9590001243729012,0.023757098529183236,1.12266794823579,0.1468788359131236,-0.08512834638152446,0.05743503779295173,1.2656105740895243,-0.3066104497166231
2016-12-27,0.9817951825364616,0.023634277226574428,1.0829822054410458,0.14448869245338292,-0.5371032682887974,0.05601332533917127,0.7700152321713772,0.21177995036508435
2016-12-28,0.9562481976483828,0.02351393266947013,1.0213924766921292,0.1418724951217594,-0.7486011224702435,0.05455681656388005,0.49273459857699536,0.4635135990713874
2016-12-29,0.5662114132842951,0.02339627201087556,0.9419074848114837,0.13903431194984425,-0.7064400984588389,0.05306301209344173,0.4509609824068063,0.11525043087748882
2016-12-30,0.2280397396828598,0.023281612846399045,0.8488670175382875,0.13598245947710788,-0.481921400898095,0.051534461620370176,0.5777441505840697,-0.3497044109012099
2016-12-31,0.5858294047936699,0.02317026498340517,0.7465160936320772,0.13272558597025125,-0.19557004917551785,0.04997851226201207,0.7568204076722277,-0.17099100287855784
2017-01-01,0.7388654959565312,0.02306232912243335,0.6386775441691765,0.12926545739497403,0.03478478673223076,0.048396270639225226,0.8741863880580398,-0.13532089210150866
2017-01-02,1.1328923066280718,0.0229579702852914,0.5286946242365674,0.12560620889368107,0.14208220422536616,0.04678839270215919,0.8661294003430654,0.26676290628500643
2017-01-03,0.9983341500910308,0.022857297212642288,0.4192736470838373,0.12175013958382966,0.13091117547831493,0.04515260580172963,0.7399448651603538,0.2583892849306769
2017-01-04,0.5859667904531177,0.022760600966428852,0.3125714719950909,0.1177058885882034,0.06571264866030371,0.043490877251384154,0.562241487461411,0.02372530299170672
2017-01-05,0.3528598531201822,0.022668276275589268,0.21021626279306016,0.11348575800956075,0.030762235445607536,0.04180716797498623,0.4189397004988039,-0.06607984737862171
2017-01-06,0.2166785037914302,0.022580670723574673,0.11334497917631303,0.10910072275078914,0.08228463132390715,0.04010327410190117,0.3674142780764852,-0.150735774285055
2017-01-07,0.150871220754915,0.022498101385148298,0.022707942275473555,0.10456139478492622,0.21648426272833138,0.0383830201366908,0.40463472131057027,-0.2537635005556553
2017-01-08,0.3756736706573477,0.022420847808464307,-0.06118721440812474,0.09987769831409546,0.368462055510696,0.03664991040329482,0.46622329762842585,-0.09054962697107816
2017-01-09,0.4833036883093257,0.022349086749300032,-0.13798407134144536,0.0950565252557225,0.4427991200011183,0.03490467859117091,0.4571253392558664,0.026178349053459282
2017-01-10,0.5542503245017737,0.02228301339041499,-0.20730729185184643,0.09010561253258459,0.36240478298691314,0.03314502613322968,0.30063114319129597,0.2536191813104777
2017-01-11,0.3378633892436306,0.022222836987895286,-0.2687350072972245,0.08503339356894818,0.1111036917660091,0.031368367263768224,-0.019006717710603707,0.35687010695423427
2017-01-12,-0.395492973310546,0.02216887127744354,-0.3217467174667752,0.07985190215929257,-0.2503306797972339,0.029574524035069577,-0.44048209979220343,0.04498912648165743
2017-01-13,-1.0749299893041129,0.02212160652177846,-0.3657174874844821,0.07457921904894643,-0.6041370179623381,0.027768160952546233,-0.8453855189235491,-0.2295444703805638
2017-01-14,-1.1882065800537758,0.02208153080007317,-0.4000603846357236,0.06923350651593058,-0.8245708410520709,0.025956139771875088,-1.1073600485999158,-0.08084653145386
2017-01-15,-1.2977979679019014,0.022048955014258083,-0.4243562361268324,0.063827272766902,-0.833415076911645,0.024143310185219227,-1.147751775072098,-0.15004619282980336
2017-01-16,-1.1560360546488992,0.02202415258082879,-0.4383221923798278,0.058372403436292214,-0.6354858222042007,0.02233499421879391,-0.9710764643481136,-0.18495959030078568
2017-01-17,-0.638243401254867,0.022007254687354604,-0.44186061000963883,0.052876671302608605,-0.31904531534550284,0.02053090091630446,-0.665491098448874,0.027247697194006992
2017-01-18,-0.2714296495814145,0.021998212769236965,-0.4351027767506348,0.04734268970362014,-0.018896376165522533,0.018726409891234898,-0.3659318405520653,0.09450219097065077
2017-01-19,-0.093436788472581,0.02199696965337656,-0.4183327633996069,0.04177384593540576,0.142509069304136,0.01691802556507168,-0.19513485294161692,0.10169806446903593
2017-01-20,0.0451753619550261,0.022003494052440335,-0.3919707355957454,0.03617513825856419,0.10866748770205718,0.015104290072042758,-0.2100203255106409,0.255195687465667
2017-01-21,-0.2876568888603708,0.022017763332884875,-0.35656360984565594,0.030551645767616598,-0.086422623974032,0.013281629514390417,-0.37713519520479605,0.08947830634442527
2017-01-22,-0.6715056805701437,0.022039922618301316,-0.31274714940473863,0.024913503480957465,-0.33302342521972406,0.011450682543067088,-0.5873664659821368,-0.08413921458800688
2017-01-23,-0.7530872925451569,0.02207016024475891,-0.2613071679152169,0.019271138492092582,-0.4946194491047129,0.009610658496641932,-0.7049746597864365,-0.048112632758720464
2017-01-24,-0.7978412639895702,0.02210860785638724,-0.20327150281561637,0.01363164273787759,-0.46823555616016904,0.007758634126147402,-0.6280081742553731,-0.16983308973419708
2017-01-25,-0.5590394246797029,0.022155414213174518,-0.1398965834443705,0.008001158495979838,-0.2288017409958661,0.005891111686591923,-0.33265064004449035,-0.22638878463521256
2017-01-26,-0.0398226934760456,0.0222106626203182,-0.0727333169654743,0.0023825604957919255,0.16055509513980581,0.004005429050519482,0.11642043034096111,-0.15624312381700672
2017-01-27,0.6298200496981079,0.02227435869795965,-0.0036061815648858395,-0.0032247259068052016,0.576650205438494,0.0020981026977917702,0.5941917593625543,0.03562829033555359
2017-01-28,1.3594638782455395,0.022346471170423942,0.06542802441021013,-0.008822969195571049,0.8890882362994392,0.00016768024032738732,0.9682074429248297,0.39125643532070975
2017-01-29,1.4161943510417576,0.022426951218161795,0.13219338965835223,-0.014415622803473095,1.0134387909502447,-0.0017897292402493156,1.1518537797830364,0.26434057125872124
2017-01-30,1.1932730293832738,0.022515967062714515,0.19456658556168166,-0.01999902966008387,0.9420921343272092,-0.0037712728823870423,1.1354043844091344,0.05786864497413946
2017-01-31,0.8739746156904079,0.022613782404517228,0.25055240567039666,-0.025566637501795456,0.738646209023509,-0.005772839886499323,0.9804729197101281,-0.10649830401972016
2017-02-01,0.6498398305229595,0.02272070448279383,0.29838803456066365,-0.03111071733578328,0.5018823281244653,-0.007790505094605696,0.7840898447375338,-0.1342500142145744
2017-02-02,0.2941740321329852,0.0228370310779968,0.3366408588835147,-0.03662408402003447,0.31733734758327875,-0.0098208006211579,0.6303703529035979,-0.3361963207706127
2017-02-03,0.4750428888518962,0.02296311199140731,0.3643527106904896,-0.04209778819923792,0.2198546320757569,-0.011858352838915252,0.5532143137195006,-0.07817142486760437
2017-02-04,0.608089437042425,0.023099133148805538,0.3810636268998099,-0.047528433162007465,0.18245491885045756,-0.013904303677234095,0.5251849420598315,0.08290449498259356
2017-02-05,0.598360380586108,0.023245293335546806,0.38693690009202086,-0.05291194352892872,0.13727093787459888,-0.015960782379810093,0.4785804053934278,0.11977997519268019
2017-02-06,0.5509440925827527,0.023401835659046893,0.3827494863175016,-0.05824221525002889,0.015226324756136942,-0.018026682395511535,0.34510874908714506,0.20583534349560761
2017-02-07,0.1732585816269455,0.023569006793079876,0.3698405258284831,-0.06351250762338662,-0.21506088174161997,-0.020100636557107036,0.09473550669944936,0.07852307492749613
2017-02-08,-0.252156225828562,0.02374714346636034,0.35003783991344667,-0.0687124066697893,-0.5270100878241343,-0.022177852514163047,-0.24411536362827957,-0.00804086220028244
2017-02-09,-0.758186207920662,0.023936584452863466,0.3254476573334079,-0.07383066146143737,-0.8443111063932072,-0.024249361894001748,-0.5930068879623749,-0.16517931995828716
2017-02-10,-0.815701629660129,0.024137674335595587,0.29829521302989986,-0.07885520323465145,-1.0719942058389198,-0.02630240737784067,-0.8547189290859164,0.039017299425787355
2017-02-11,-0.9573280662046246,0.024350607491410024,0.27071703834340877,-0.08377909462848976,-1.136125082001415,-0.028328894907393102,-0.9531654257024791,-0.004162640502145543
2017-02-12,-0.94313904619568,0.02457559620528651,0.2446787715966913,-0.08859511273669174,-1.012250119611478,-0.030321299809376208,-0.8619121643555681,-0.08122688184011195
2017-02-13,-0.8037063964263396,0.024812776133330564,0.2218364207524053,-0.09329908974065244,-0.7325566883890337,-0.0322789110365732,-0.6114854922805234,-0.19222090414581616
2017-02-14,-0.3532370827619545,0.025062213247325694,0.20343541635845197,-0.09788939962149139,-0.3694172544010728,-0.03420544499153545,-0.27301446940832197,-0.08022261335363251
2017-02-15,0.4372933669475673,0.025323850383560963,0.19024709450826724,-0.10236862820390978,-0.005422132739299958,-0.036110399844325215,0.07166978410429325,0.36562358284327406
2017-02-16,0.4332097849236955,0.025597494843134193,0.18255786724621598,-0.10674350576869504,0.2957295196221992,-0.03800779383828996,0.35913358210456436,0.07407620281913113
2017-02-17,0.5049048735280355,0.025883168542071483,0.18033343697811488,-0.11101255338263255,0.5059125529219431,-0.039903054435488965,0.561213550624008,-0.05630867709597254
2017-02-18,0.9624379060890188,0.026180871872598252,0.18315016277308566,-0.11517410043323481,0.6285722005058904,-0.0417967603258446,0.6809323743924949,0.2815055316965239
2017-02-19,0.6143820529116487,0.02649048898512975,0.19026531605307723,-0.11923001266381239,0.6821459950348391,-0.043693520406651344,0.7359782670025824,-0.12159621409093369
2017-02-20,0.1324656933436872,0.026812150121574455,0.20081876020209266,-0.1231733787966093,0.6831332155828107,-0.04559116129882106,0.7419995858110475,-0.6095338924673603
2017-02-21,0.7710665187044972,0.02714602997765263,0.21377820029257824,-0.12699550253782715,0.6355056270623998,-0.04748575096659587,0.7019486038282076,0.0691179148762896
2017-02-22,0.818151175880629,0.027491955885012548,0.22782520236535225,-0.13069939592560884,0.5327672641144302,-0.049385844784693135,0.6079991816544931,0.21015199422613595
2017-02-23,0.3743957133790965,0.027849927051849924,0.24156954851656487,-0.13428166644257297,0.37336812327914426,-0.051293419614383925,0.45721251279060215,-0.08281679941150566
2017-02-24,0.6146664348695562,0.028220087945439922,0.25356804175843584,-0.13773349382951836,0.17422603379096574,-0.05320523496555328,0.2650754346997698,0.3495910001697864
2017-02-25,0.3649569079015005,0.02860238773306385,0.2622007670551385,-0.1410524683230329,-0.02659372481168174,-0.055121334292720314,0.0680356273607674,0.2969212805407331
2017-02-26,-0.40634593792515,0.028996935283583075,0.26588096896836677,-0.14423064366659621,-0.17842877292596016,-0.05703587333137977,-0.08481738567198632,-0.3215285522531637
2017-02-27,-0.3125055111471086,0.029404002253511394,0.2631166396681933,-0.14725422989263948,-0.23832896540754772,-0.05893500138212029,-0.15199755476060275,-0.16050795638650586
2017-02-28,-0.2354893315883866,0.029823584046446312,0.25246776485277433,-0.1501190393036545,-0.19350972694474572,-0.06081592239383209,-0.12215333974301168,-0.11333599184537493
2017-03-01,-0.1747207402686867,0.030255669017068495,0.23275596370315288,-0.15282112229715483,-0.07026915479682605,-0.06267635854199473,-0.022755002915754233,-0.15196573735293245
2017-03-02,-0.0074882086088137,0.03070022620160233,0.20318025554377758,-0.1553564361295395,0.07328240558164861,-0.06451249475472767,0.08729395644276133,-0.09478216505157504
2017-03-03,0.4120600676158227,0.03115715806868996,0.16341276707012872,-0.15772190766802507,0.16938668387285616,-0.06631949335816473,0.13991520798548504,0.27214485963033763
2017-03-04,0.4729096853581024,0.03162626189574412,0.11368737836950024,-0.15991705658208585,0.16812978807728415,-0.0680958327797725,0.08543053898067014,0.38747914637743225
2017-03-05,-0.0151351153726019,0.03210743208303826,0.054930642284499134,-0.16193713842859522,0.05849151495979485,-0.06983761099337706,-0.08624516009464003,0.07111004472203813
2017-03-06,-0.4492861954204696,0.03260072740933644,-0.011228474711692034,-0.16377094635684805,-0.1278753512346261,-0.07153714788837079,-0.34181119278220057,-0.10747500263826903
2017-03-07,-0.7187648841177039,0.033106196216314825,-0.0826418708606623,-0.1654072854368636,-0.33185241676800886,-0.07318840061546406,-0.619983777464684,-0.09878110665301987
2017-03-08,-1.0764597954348083,0.03362382134467367,-0.1567884867433968,-0.1668374287711224,-0.4921044692104956,-0.07479407202705537,-0.8569006354073965,-0.21955916002741183
2017-03-09,-1.4224534803266693,0.03415359023167785,-0.23098176330070547,-0.16805240635732635,-0.5682410723503664,-0.0763589444947281,-1.0094805962714484,-0.4129728840552209
2017-03-10,-1.0418221936329888,0.03469546033243405,-0.30264993910613563,-0.16904396962810955,-0.5520353919280729,-0.0778861443552724,-1.0669199846851565,0.025097791052167695
2017-03-11,-0.7403696828931474,0.03524912979751504,-0.36966232691515044,-0.1698123983685867,-0.4630144993859817,-0.07938297449263708,-1.0466230693648408,0.3062533864716934
2017-03-12,-0.5860764474239377,0.03581427512284328,-0.4303964796459819,-0.17035847984193217,-0.33056612445963385,-0.08085566520656279,-0.9763624740312673,0.3902860266073296
2017-03-13,-0.7746575702416231,0.036390590567985465,-0.48388383013276226,-0.1706819757442315,-0.17577097348088622,-0.08230356763555667,-0.8762497564254512,0.10159218618382815
2017-03-14,-0.6949894931257491,0.036977850253880035,-0.5298229961703095,-0.17077980528126235,-0.002653776631284903,-0.08371983521777289,-0.7499985630467496,0.05500906992100052
2017-03-15,-0.7733019077677542,0.0375757249865183,-0.5685995062309199,-0.17065267273310905,0.19544123342405353,-0.08510142592999673,-0.5913366464834539,-0.18196526128430035
2017-03-16,-0.7133478129233016,0.038183926086849285,-0.6011205494726715,-0.17030016114383237,0.4203766730845637,-0.08644483468512543,-0.3993049461302163,-0.31404286679308535
2017-03-17,-0.4869783684400968,0.038802121236598756,-0.6286909790886027,-0.1697233769426696,0.6528930876300016,-0.08774701041388357,-0.19446615757855545,-0.29251221086154133
2017-03-18,0.0944165048088574,0.039429926341895384,-0.652790588185204,-0.16892524101299966,0.8476750335660961,-0.08900724032715873,-0.02361810961737093,0.11803461442622833
2017-03-19,0.1044894025642593,0.04006684235026457,-0.6748224471310238,-0.16791275375951223,0.9448704535332633,-0.09023439967963043,0.05196769531336143,0.05252170725089787
2017-03-20,0.1420940229192092,0.040712544623581974,-0.6958056503287162,-0.16668664513698625,0.8957667664172787,-0.09143362793786029,-0.017446612362702105,0.1595406352819113
2017-03-21,-0.0042354534576093,0.04136670420310244,-0.7163127561349774,-0.16524714379358665,0.6877371875033317,-0.09260685705981461,-0.24506286528194451,0.2408274118243352
2017-03-22,-0.5274073439486857,0.042029036314868,-0.7362943667230829,-0.16359258286241474,0.3572551675542535,-0.09375650074751549,-0.5943592464638917,0.066951902515206
2017-03-23,-1.0224324188520777,0.04269935588713336,-0.7550112906627414,-0.16171754745127007,-0.018622598899488283,-0.09488410477015852,-0.9875361858965249,-0.034896232955552775
2017-03-24,-1.3052291576979038,0.04337746868448538,-0.77119084611397,-0.15961628389716598,-0.3512243805974265,-0.09598446329149746,-1.3346385052155747,0.02940934751767088
2017-03-25,-1.7519395412272272,0.04406310748240022,-0.7831528502141442,-0.1572852495808027,-0.5764178398687648,-0.0970493946141333,-1.5698422267954448,-0.18209731443178234
2017-03-26,-1.9887351177384085,0.04475602619193459,-0.7888836033188117,-0.1547202958940137,-0.6801445324476746,-0.09807104603613738,-1.6770634515047027,-0.3116716662337058
2017-03-27,-1.8403769023676444,0.045455890719327076,-0.7862972303031966,-0.1519204818630852,-0.7010870739890929,-0.09904318945499405,-1.6928920848910418,-0.14748481747660258
2017-03-28,-1.5755053532569503,0.04616223352146649,-0.7734927474482421,-0.14888957098575878,-0.7065748587198052,-0.09995920280489597,-1.6827541464372355,0.10724879318028524
2017-03-29,-1.5265029970554094,0.046874518622570006,-0.7488587753454174,-0.14563412499691628,-0.7520840428150118,-0.10081824020437986,-1.7005206647391553,0.17401766768374594
2017-03-30,-1.480841800973206,0.04759224409264912,-0.7112192360406634,-0.14215954331820363,-0.8445751034998483,-0.10161926762593358,-1.7519809063919998,0.2711391054187937
2017-03-31,-1.5507439178107465,0.04831488296719057,-0.6600053607015103,-0.13847214598268556,-0.9300888549854459,-0.10236166734001698,-1.7826131460424681,0.23186922823172162
2017-04-01,-1.639449080099038,0.0490419067018426,-0.5953242667437015,-0.13457818049945888,-0.9139770376727832,-0.1030445669048028,-1.697882145118904,0.05843306501986589
2017-04-02,-1.768864784597466,0.0497727534019623,-0.5179979425072302,-0.13048470102665186,-0.707877581912345,-0.10366713749604806,-1.4102546095403128,-0.3586101750571533
2017-04-03,-1.2210791790328717,0.05050684349053482,-0.42954982571428896,-0.12619905001557527,-0.2824257149588403,-0.10422565541507238,-0.891893402613242,-0.32918577641962965
2017-04-04,-0.343730219803423,0.05124334968097097,-0.3321622713314061,-0.12173726378180266,0.2992747098934641,-0.10472795178742164,-0.20810942732619528,-0.13562079247722772
2017-04-05,0.5219115502292582,0.05198132400536741,-0.22855737873733248,-0.11711890981227631,0.8886478583071434,-0.1051813543129922,0.48977153944990987,0.032140010779348305
2017-04-06,1.2842553346444006,0.052719805764656784,-0.1217461041930101,-0.11236379233476462,1.2999478066184986,-0.10559699992674579,1.012960715928635,0.27129461871576566
2017-04-07,1.503954911970408,0.05345787680609302,-0.014861495182744187,-0.10749025861975771,1.3825211244901225,-0.10598806200256607,1.2076391854911475,0.29631572647926063
2017-04-08,1.0450671919807155,0.05419481057426226,0.08901808337609149,-0.10250992624831977,1.0877588113573693,-0.10636250207554045,1.0220992769838628,0.02296791499685269
2017-04-09,0.3876892543264981,0.054930124140976644,0.18696262386499643,-0.09742553973841801,0.4999777581926502,-0.10671641163187696,0.5377285548283283,-0.15003930050183018
2017-04-10,-0.0155030205494813,0.055663401406422605,0.27627368476095937,-0.09223776697135286,-0.185493158476513,-0.10704930449757552,-0.052843143778059376,0.037340123228578076
2017-04-11,-0.7284283615722674,0.05639415668363169,0.35441501895176175,-0.08694939456216713,-0.7306124377496241,-0.10735835071502667,-0.5141110073914245,-0.21431735418084297
2017-04-12,-0.7581348823960907,0.05712197809194325,0.41915392098724663,-0.08156030955439607,-0.942460200486894,-0.10763537908154569,-0.6553799900436459,-0.10275489235244484
2017-04-13,-0.340423013064812,0.057846211210525335,0.46851865161240797,-0.07607837956400705,-0.7479437815533968,-0.10787832470075022,-0.4055356229952208,0.0651126099304088
2017-04-14,0.2889259464344401,0.058566024355420056,0.50091863806484,-0.07051726521465021,-0.2217667758754765,-0.10808996890732957,0.1591106524228038,0.12981529401163627
2017-04-15,0.7542960045672757,0.059280492838594184,0.5152914838004758,-0.06489360109017728,0.4427553012680274,-0.10827569820683866,0.8441579786100815,-0.08986197404280571
2017-04-16,1.590193149388557,0.05998873270891133,0.5112867373342557,-0.05922250091685462,1.0082153949414903,-0.10844095092343682,1.411827413144366,0.17836573624419105
2017-04-17,1.6339935856250132,0.06068975212413598,0.48930884124270446,-0.05352280635930183,1.2813631327490345,-0.1085967663085552,1.669242153448018,-0.035248567823004784
2017-04-18,1.4761317050803977,0.0613828074653822,0.45072482904054595,-0.04780467839432734,1.1822668703923003,-0.10874773385043658,1.5378220946534644,-0.06169038957306672
2017-04-19,1.1196057984402312,0.062067230303473,0.39779397558202306,-0.04207526168325537,0.7643617543907469,-0.10889503724795581,1.0732526613450317,0.046353137095199504
2017-04-20,0.4319743220642238,0.06274242565048357,0.3336008517956172,-0.03633842501967801,0.1826699582131216,-0.10903432561121237,0.43364048502833197,-0.0016661629641081532
2017-04-21,-0.3446358451935924,0.06340790291391174,0.26194441228707066,-0.03059373275011396,-0.3737227091942784,-0.10915560597340293,-0.1881197327168129,-0.15651611247677952
2017-04-22,-0.6548457222024263,0.06406318667521134,0.18712366295237504,-0.024839590574275906,-0.7552160358767493,-0.10924909847312635,-0.6381178752965653,-0.016727846905861044
2017-04-23,-0.7431838822738267,0.06470764876978924,0.11360042601318468,-0.01907897409667638,-0.900849645868359,-0.10931023622355505,-0.8509307814056165,0.10774689913178981
2017-04-24,-0.7067687170376812,0.06534058991218228,0.04571332674483374,-0.013316733161530727,-0.8445109722146509,-0.10933595075162252,-0.8561097394707881,0.14934102243310687
2017-04-25,-0.7230020198911636,0.06596126860742244,-0.012612956094160355,-0.007558939477990619,-0.6817280426131882,-0.10932640669663933,-0.7452650762745561,0.022263056383392432
2017-04-26,-0.7716906452986164,0.06656894916381012,-0.058142637456900334,-0.001811217865763281,-0.516171627595987,-0.10928445691354498,-0.6188409906683854,-0.15284965463023104
2017-04-27,-0.6998419734032221,0.06716289989833638,-0.08862522687394417,0.0039215028302111606,-0.4123274424751889,-0.10921103397533612,-0.5390793005959217,-0.1607626728073004
2017-04-28,-0.468054079716172,0.06774233543697748,-0.10299141973781618,0.009632906195699328,-0.3747241046450043,-0.10910789138765094,-0.5094481741377946,0.04139409442162262
2017-04-29,-0.4224487482561867,0.06830639360481974,-0.10143029601616868,0.015314630376021864,-0.35927497534324254,-0.10897869510208964,-0.48606294248065923,0.06361419422447251
2017-04-30,-0.3412393912079054,0.06885424541270825,-0.08533311278295205,0.02096018453827393,-0.3064359815133409,-0.10882235089207384,-0.41077701523738464,0.06953762402947922
2017-05-01,-0.0686637828775856,0.06938502192489167,-0.05715268328844163,0.026562205627352044,-0.17779899302856841,-0.10863785401796469,-0.24764230278273103,0.17897851990514543
2017-05-02,-0.0111209262784012,0.06989777165772014,-0.020167855950045506,0.032111076726229204,0.02333944264298108,-0.10842495721277781,-0.0032445221358929077,-0.007876404142508292
2017-05-03,0.0046170606913061,0.07039159582138753,0.021934679044432585,0.037599232098488984,0.2565281922726877,-0.10818382927647269,0.2782698699605241,-0.27365280926921803
2017-05-04,0.4560955404130284,0.07086562227601328,0.0654093539698784,0.043020030271183674,0.46744046710296017,-0.10791498728372517,0.5388204863363103,-0.08272494592328189
2017-05-05,0.6801158622266534,0.07131884908917396,0.10678198166138494,0.048362704453545145,0.6152539284743501,-0.10762560321486313,0.734091860463591,-0.05397599823693755
2017-05-06,1.0226848083931783,0.07175035330731075,0.14326271218020312,0.05361990224898343,0.6896784274563152,-0.10732065526171372,0.8509907399310989,0.17169406846207946
2017-05-07,1.2005076475089551,0.0721591909714218,0.17300654779999317,0.05878372848886192,0.7065680130424581,-0.10701079791322334,0.9035066823895117,0.2970009651194434
2017-05-08,0.9068287697903132,0.07254449434042652,0.19526468873017938,0.06384937637917038,0.6877819645331362,-0.10670335787033909,0.9127371661125734,-0.0059083963222601454
2017-05-09,0.6053805889787366,0.07290555977051057,0.21046378020921352,0.06881801223023949,0.6382059753040286,-0.10640085249495417,0.883992475019038,-0.2786118860403014
2017-05-10,0.8958714909832429,0.07324172159652072,0.2200437959723758,0.07369197875198082,0.5348750183330334,-0.10610466461924367,0.7957478500346671,0.10012364094857584
2017-05-11,0.3502992531027496,0.07355217189782012,0.22615157714513892,0.07846833200232554,0.33783164094487006,-0.10582026676768262,0.6101834552224721,-0.25988420211972246
2017-05-12,0.1584837625726516,0.07383638919819681,0.23147964516619712,0.08315379925445995,0.02132783167789455,-0.10554102149701815,0.3042566437997303,-0.14577288122707868
2017-05-13,0.1684023093889302,0.07409376439694305,0.23876120899423675,0.08775196256426454,-0.3956433280900837,-0.10526132881598244,-0.10029772095062178,0.268700030339552
2017-05-14,-0.1768746764394053,0.07432362450962857,0.2504225984969006,0.09226427360129158,-0.8343078531743978,-0.10497744527334618,-0.5222748018399233,0.34540012540051795
2017-05-15,-0.9133066482739156,0.07452539372559774,0.2683127252343846,0.09669567607249319,-1.1705083578713815,-0.10468216253988386,-0.8356567253787898,-0.07764992289512584
2017-05-16,-0.9264506854064024,0.07469858953263057,0.29345186639870435,0.10105455717830243,-1.2782447802673538,-0.10436547214128589,-0.9134052392990023,-0.013045446107400105
2017-05-17,-0.8074483212370454,0.07484247724345404,0.32572291142740173,0.10534101206807137,-1.0861248319996375,-0.10402358438268218,-0.6842420156433926,-0.12320630559365275
2017-05-18,-0.2873050756733264,0.07495624425683077,0.3639514504012907,0.10955231098794864,-0.6179147332289493,-0.10365891643605331,-0.17311364401893248,-0.11419143165439394
2017-05-19,0.3353994209009587,0.07503893457046844,0.40597031319402993,0.11368039396156006,0.0018074720404497244,-0.10328225366643402,0.49321486010007415,-0.15781543919911545
2017-05-20,1.0906247213962184,0.07508955451994995,0.4488266963005794,0.11771596328087218,0.5857025314289201,-0.10290404122054124,1.1244307043097805,-0.03380598291356218
2017-05-21,1.59551104049811,0.07510708450409403,0.4890731614595449,0.12164866554161531,0.9519931121983038,-0.10253515553269037,1.5352868681708678,0.06022417232724231
2017-05-22,1.859380424556168,0.07509061616547663,0.5231603314840907,0.12547155977757243,0.9962197225458268,-0.10218475531592718,1.6177574746570393,0.2416229498991287
2017-05-23,1.5727592691558268,0.07503937006090357,0.5477209507813987,0.12918198018255916,0.7343759181177045,-0.10185423995160608,1.3844639791909599,0.18829528996486689
2017-05-24,0.9562368340605714,0.07495277630593142,0.5598987689058649,0.13278432713850957,0.29785418482952464,-0.10153607239854973,0.9639539847812808,-0.0077171507207094425
2017-05-25,0.520490695800321,0.07483039672558459,0.5575850967332981,0.13628674343975763,-0.12041722626893542,-0.10122301855068054,0.5470619920790244,-0.02657129627870336
2017-05-26,0.2002733551132276,0.07467176021376663,0.5394890297444922,0.13969539457051655,-0.346485242213154,-0.1009127525088852,0.3064581898067362,-0.10618483469350862
2017-05-27,0.0441028409308861,0.0744763664012175,0.5051730325901992,0.1430149090997674,-0.29739474725192233,-0.10060380342912092,0.3246657574101408,-0.2805629164792547
2017-05-28,0.4510880426419102,0.07424366490737094,0.4550230747766513,0.146247814392075,-0.014194019299672955,-0.10029478094920753,0.5610257538272169,-0.10993771118530665
2017-05-29,0.9737232026637388,0.07397292752425393,0.3901672880697724,0.14938961236702916,0.35826629327674914,-0.09999454026012472,0.8718015809776798,0.101921621686059
2017-05-30,1.1272238700738093,0.07366339850820262,0.3123639256209385,0.15243440040781894,0.637101498584797,-0.09971069457533042,1.0758525285464267,0.05137134152738265
2017-05-31,1.210310588107844,0.07331444530115021,0.22390895488526505,0.15538016353734568,0.6828542589500649,-0.09944468945171381,1.036013133222112,0.1742974548857319
2017-06-01,0.9590633377278024,0.07292546798704967,0.12745228735991027,0.15822538131275335,0.4600375803685116,-0.09919864083393651,0.7194420761942885,0.23962126153351393
2017-06-02,0.2236260813613628,0.07249597589889659,0.025848941158584497,0.1609716942073793,0.0518488035919639,-0.09897297283271708,0.21219244202410723,0.01143363933725558
2017-06-03,-0.4672796449142145,0.07202565145449506,-0.078049610626649,0.16362653611628586,-0.37737067080687275,-0.09875572475521635,-0.3185238186179572,-0.14875582629625728
2017-06-04,-0.8114893269107027,0.07151416231802936,-0.1815405009033472,0.16619603609357925,-0.6551841634680493,-0.09853820914130607,-0.697552675101094,-0.11393665180960877
2017-06-05,-0.9929994205628728,0.0709610762529899,-0.2822228708797272,0.16868189693851032,-0.6759003141478586,-0.0983169383569055,-0.816797150192991,-0.17620227036988179
2017-06-06,-0.7571950021339092,0.07036593486877112,-0.3780591812798961,0.17108392615719087,-0.4442095716192871,-0.09808759578539201,-0.6789064876586132,-0.07828851447529606
2017-06-07,-0.436830733094901,0.06972817486587679,-0.4674083508328729,0.17339719047035698,-0.0704198978242957,-0.09784918278446111,-0.39255206610539595,-0.044278666989505056
2017-06-08,0.1281495483652089,0.06904722725708078,-0.5489410523102022,0.1756153676106873,0.2801158528270992,-0.09760372032728787,-0.12176632494262274,0.24991587330783163
2017-06-09,0.1532127272195132,0.06832248162510697,-0.6215963110261729,0.17772945338206736,0.4586512409387587,-0.09735843257826526,-0.014251567658505049,0.16746429487801825
2017-06-10,0.0106414614488099,0.06755353426609781,-0.6844506140166087,0.17973671910055153,0.39537029470165064,-0.0971139162281252,-0.1389039821764339,0.1495454436252438
2017-06-11,-0.5943682499926247,0.06674005951180108,-0.7367141422355683,0.18163637971817334,0.12390968809637776,-0.09686934100513646,-0.46129735591435256,-0.13307089407827216
2017-06-12,-0.9988229570780602,0.06588188200855549,-0.7776529038006615,0.18343193877436598,-0.23848247485684002,-0.09662363304617518,-0.8634451909207553,-0.1353777661573049
2017-06-13,-1.470283513730131,0.06497877958120675,-0.8067083636064377,0.18512461326128277,-0.5454110296715058,-0.09637692151295775,-1.1983929219484117,-0.27189059178171937
2017-06-14,-1.2713060555733393,0.06403056004261552,-0.8234827349208015,0.18671564424107084,-0.6828060732661752,-0.09612900870028608,-1.3516716126035764,0.08036555703023707
2017-06-15,-1.1249356644992028,0.06303683919065248,-0.8278584414568623,0.18819839306457595,-0.6124746571925185,-0.09588686060156501,-1.2849847269957173,0.16004906249651452
2017-06-16,-0.9549534153531012,0.06199727509769694,-0.8199417063994531,0.1895663927249639,-0.3783281458420519,-0.09565570124138029,-1.0423618856602244,0.08740847030712318
2017-06-17,-0.6810624918650238,0.06091155994427856,-0.8000845224573534,0.1908128601238349,-0.07859761408641595,-0.0954389341991775,-0.7223966506748334,0.04133415880980962
2017-06-18,-0.3323411341961281,0.05977938467045493,-0.7688741288486098,0.19192942388726622,0.18081534782678618,-0.09524189972704661,-0.4315918721911491,0.09925073799502099
2017-06-19,-0.5238075725277556,0.0586004429412762,-0.7271304392362473,0.19290680893691592,0.3293226415327885,-0.0950685914390369,-0.2413691372643036,-0.28243843526345197
2017-06-20,-0.4162420556353163,0.05737460584959951,-0.6757773367079379,0.19374085800158763,0.35305300241313853,-0.0949182246722513,-0.16652709511586355,-0.24971496051945274
2017-06-21,-0.0569716631106203,0.056101654382689194,-0.6158906771733526,0.1944233625258207,0.28633311470836376,-0.09479438774826601,-0.17382693330474489,0.11685527019412459
2017-06-22,0.0217282315105018,0.0547812974061412,-0.5486296883073967,0.1949427969271566,0.1840670329785881,-0.09470401205312666,-0.20954257304863744,0.23127080455913923
2017-06-23,-0.1927299300562105,0.053413354335810695,-0.47511194482025776,0.19529058255373932,0.09119898273481597,-0.09465042793164095,-0.22985945312753275,0.03712952307132225
2017-06-24,-0.1009159849270548,0.05199777604954551,-0.39638107211158546,0.1954619239389189,0.024142659055577907,-0.09462961976630382,-0.21940833283384695,0.11849234790679215
2017-06-25,-0.1406359410682559,0.05053445988801439,-0.3134165810912238,0.19544924535721503,-0.028271640285139225,-0.09464048919428655,-0.19034500532542017,0.04970906425716429
2017-06-26,-0.3117718910839677,0.04902339035809184,-0.2270652765344275,0.195247168731088,-0.086262023226571,-0.09468074957127309,-0.16373749024309178,-0.1480344008408759
2017-06-27,-0.2992317931365135,0.04746462675634133,-0.13805775959406125,0.1948523822430775,-0.1573063212275756,-0.09474728286087117,-0.14779435468308919,-0.1514374384534243
2017-06-28,-0.2662078117902787,0.04585819428442911,-0.04709598741215591,0.19426019223694344,-0.22482478472039946,-0.09483783622672465,-0.12664022183790746,-0.13956758995237123
2017-06-29,-0.19824318757095,0.044204121206653166,0.04513386032975468,0.19346578115894547,-0.25383250516504624,-0.09495194671952173,-0.06598068918921463,-0.13226249838173537
2017-06-30,0.0894060516203578,0.04250242921254372,0.13788675209089987,0.1924642330088236,-0.21140105642520252,-0.09508823588331754,0.0663641220037471,0.023041929616610696
2017-07-01,0.6031643681945904,0.040753068175544215,0.2302945842815225,0.19124821085295907,-0.09036960652028124,-0.09524763882093772,0.2766786179688068,0.32648575022578363
2017-07-02,0.7708126790707859,0.03895592285544294,0.32132112708567595,0.1898081938804158,0.07811957791654275,-0.09543175331688943,0.532773068421188,0.2380396106495979
2017-07-03,0.8869540631778867,0.03711098696316691,0.4098459746464661,0.1881381816491327,0.2323741416108259,-0.09564149670422663,0.771827788165365,0.1151262750125217
2017-07-04,0.8674425413886983,0.035218268792404736,0.49464815647737276,0.18623232994032063,0.30496346859429396,-0.09588266928299352,0.9251795545213986,-0.0577370131327003
2017-07-05,0.7186047372477921,0.033277837396920376,0.5744118552200205,0.18408665475477268,0.2546966392217201,-0.0961600230387589,0.9503129635546748,-0.2317082263068827
2017-07-06,0.5274875061067,0.03128983601296743,0.6477681400190334,0.18169940953302507,0.08950599234390089,-0.09647591525449463,0.8537874626544322,-0.32629995654773214
2017-07-07,0.5184619936007904,0.029254460864871875,0.7133525287136482,0.17907007487053747,-0.13195788589721422,-0.09683298152250677,0.6928861970293365,-0.17442420342854614
2017-07-08,0.6018751000779995,0.02717189284911338,0.7698382051804987,0.17619699390795995,-0.3224493180467919,-0.09723607034524527,0.5535217035455349,0.04835339653246462
2017-07-09,0.7838625475160232,0.025042337474577615,0.8159804394325366,0.1730790729874037,-0.4024071750095086,-0.09768536511653517,0.5140093097684743,0.269853237747549
2017-07-10,0.9332171123576984,0.02286601353024716,0.8507108121429495,0.16971525244538324,-0.334594833749415,-0.09818092893445521,0.6105163154347097,0.3227007969229887
2017-07-11,0.9855208594357406,0.020643183299795236,0.8732315419724186,0.16610543422452587,-0.14085563963278433,-0.09872540977297209,0.8203991100909833,0.16512174934475732
2017-07-12,0.9268094720763872,0.018374175166144893,0.883036056162642,0.16225164647033136,0.10680729795949212,-0.09931900026373607,1.0711501754948742,-0.14434070341848704
2017-07-13,1.0397465802077654,0.01605938843164287,0.8799230366347954,0.1581583550505503,0.31703938726458414,-0.09995792421262077,1.2712222431689522,-0.2314756629611867
2017-07-14,1.1964034502503775,0.013699196134846072,0.8639951147233752,0.15382885996799206,0.417728586103061,-0.10064286558011276,1.3486088913491616,-0.1522054410987841
2017-07-15,1.2605104188821523,0.011293980207141414,0.8356312603853852,0.14926682347455827,0.3858438997684016,-0.10137443994584579,1.2806615238896408,-0.020151105007488512
2017-07-16,1.1187036752425306,0.008844168961604303,0.795455344791903,0.14447780413893693,0.25505200063869493,-0.10214909008505672,1.1016802284460825,0.017023446796448072
2017-07-17,0.9758651348416226,0.006350263912025975,0.7443349364191333,0.1394700316628995,0.09837430478058312,-0.10296117328784223,0.8855683634867996,0.09029677135482306
2017-07-18,0.8186014470754448,0.003812771880846466,0.6833324408440696,0.1342520080428605,-0.005830439291496934,-0.1038068941903105,0.7117598872859692,0.10684155978947563
2017-07-19,0.649962359667782,0.0012322113854740932,0.6136589367181892,0.12883286216805792,-0.008315922492159289,-0.10468151132172718,0.6307265764578347,0.019235783209947344
2017-07-20,0.549498423342468,-0.0013908908307705124,0.5366712726207167,0.12322186487999609,0.09111639597847898,-0.10558273599566344,0.6440359066527578,-0.09453748331028977
2017-07-21,0.594742822797825,-0.004056019199463563,0.4538368170809445,0.11742777991828637,0.2460709634532366,-0.1065104204759192,0.7067691207770846,-0.11202629797925967
2017-07-22,0.8702756082435282,-0.0067626881394865,0.3667046122537845,0.11145833210662684,0.3858808512051711,-0.10746549768282584,0.7498156097432701,0.12045999850025813
2017-07-23,0.9830551970367628,-0.009510454852314647,0.2768868012155917,0.10531960779315885,0.44650542676430754,-0.10844991520763139,0.7107514657131121,0.2723037313236507
2017-07-24,0.5607000049093168,-0.012298791617776259,0.1861060645342749,0.0990202089142969,0.39628374032097174,-0.10946446225162561,0.5596467599001416,0.001053245009175252
2017-07-25,0.0772225845950143,-0.015126960389374082,0.09620813957025072,0.09257542918057525,0.24540119337167274,-0.11050516948714928,0.30855263224597534,-0.23133004765096105
2017-07-26,-0.1034540686976649,-0.017994145613354096,0.00903771537661862,0.0860024374800573,0.035996686699901935,-0.11156730561146468,0.0014753883317590727,-0.10492945702942397
2017-07-27,-0.436267666789807,-0.02089956465362615,-0.07368805068320951,0.07931626761009654,-0.17928874534109981,-0.11265002580413618,-0.30721011887197514,-0.12905754791783186
2017-07-28,-0.85051108655343,-0.023842331857437803,-0.15044151879870327,0.07253459562087829,-0.35810331909698845,-0.11375049964570094,-0.5736030737779522,-0.27690801277547783
2017-07-29,-0.5110371975483912,-0.02682148303978164,-0.2200137974654783,0.0656769038466918,-0.4800508679437192,-0.11486323730461104,-0.7760724819068984,0.2650352843585072
2017-07-30,-0.3800604238832323,-0.029836247088865932,-0.28170966698905453,0.058755340737814805,-0.5454724118619164,-0.11598761437271306,-0.9142505995747352,0.5341901756915028
2017-07-31,-0.9020332221453023,-0.0328857774298793,-0.3352667353408977,0.05178412956353186,-0.5619961137194734,-0.11712062463532956,-0.9954851215620482,0.09345189941674581
2017-08-01,-1.1150809883927768,-0.035969028847859595,-0.3808041941518811,0.04478377754555964,-0.5305330372780234,-0.1182528130632016,-1.0207752957954062,-0.09430569259737065
2017-08-02,-1.1534435653255537,-0.0390850619800476,-0.41888200771519735,0.03777054163703862,-0.44080738103480543,-0.1193783364174918,-0.9803822455105036,-0.17306131981505013
2017-08-03,-1.1802349613161889,-0.04223300801494585,-0.450365471531321,0.030757639758122346,-0.2775041502168012,-0.12049398703273625,-0.859838977037682,-0.3203959842785069
2017-08-04,-0.9083518313605404,-0.04541200811668956,-0.47624984659454905,0.02375724080977033,-0.035246572196522885,-0.12159651541933511,-0.6547477015173263,-0.2536041298432141
2017-08-05,-0.2807663919767037,-0.04862129244773768,-0.49748856612375236,0.016777497509101857,0.26554949793770627,-0.12268771032961365,-0.3864705734542956,0.10570418147759186
2017-08-06,0.0213677296749447,-0.05186018386489021,-0.5147825025535263,0.009822201718651453,0.5724749179558015,-0.12377769422096636,-0.10812326096492993,0.12949099063987463
2017-08-07,0.594962691773225,-0.05512786088996989,-0.5283737468444414,0.0028992348073216268,0.8108343304386308,-0.12487218761126818,0.10535976990027295,0.48960292187295207
2017-08-08,0.3321242081471712,-0.05842353102444549,-0.5380384600957979,-0.0039852767537575315,0.9052828725018677,-0.12597690876730758,0.17885869586055916,0.15326551228661203
2017-08-09,-0.2105462736306048,-0.06174610727257347,-0.5429167716704555,-0.010816035298797017,0.8083748385641415,-0.12709209473104166,0.06580382959127384,-0.27635010322187864
2017-08-10,-0.5092367127882083,-0.06509438573904885,-0.5416939797848034,-0.017574449522286578,0.520553292286074,-0.12821570199014745,-0.23202522475021217,-0.2772114880379961
2017-08-11,-0.608405492215163,-0.06846721380230139,-0.5328910679105221,-0.02424397619992822,0.09423941829148848,-0.12934292168442743,-0.6607057613056906,0.05230026909052754
2017-08-12,-1.2697720635310297,-0.07186350173373941,-0.5150685854693478,-0.03081091368455114,-0.37999151437139134,-0.13047189019266459,-1.1282064054516943,-0.1415656580793354
2017-08-13,-1.5054686009230125,-0.0752819964390554,-0.48700311869235813,-0.03725684345130377,-0.7998258010320285,-0.13159711579002184,-1.5309648754047676,0.025496274481755066
2017-08-14,-1.6880232643601298,-0.07872157263113048,-0.44810645723573295,-0.04356856692661047,-1.0824164680036776,-0.13271414962410297,-1.7855272144212544,0.09750395006112456
2017-08-15,-1.668889946398889,-0.08218111151813065,-0.39858746435304554,-0.049734407412393114,-1.185212634688738,-0.13381780792341008,-1.8495334258957172,0.18064347949682813
2017-08-16,-1.6793582465717156,-0.08565953892049714,-0.33957567219898793,-0.05574622216355618,-1.1112489411990651,-0.13490863457175548,-1.7271390090538619,0.047780762482146244
2017-08-17,-1.476553923931611,-0.0891557486067494,-0.27313750673719595,-0.06159686200073128,-0.8978387874376306,-0.1359899215040548,-1.4577188262863618,-0.018835097645249155
2017-08-18,-1.2167164165869484,-0.09266868334265121,-0.20225024890745902,-0.06728264959833373,-0.5964403020082755,-0.13706829264060463,-1.095710176497324,-0.12100624008962435
2017-08-19,-0.714668187594738,-0.09619730000987814,-0.13060131102538688,-0.0728019965041701,-0.2527631908890527,-0.13815284656567847,-0.6905166449941663,-0.02415154260057173
2017-08-20,-0.3712351231803644,-0.0997406266919278,-0.0623743266031765,-0.07815682388891362,0.10345894408126285,-0.13925114931251542,-0.2760639824152705,-0.09517114076509386
2017-08-21,0.0409829642245095,-0.10329765954609521,-0.0018473917748908567,-0.08334885748851208,0.45679439983568315,-0.14036703865705938,0.12793345236912565,-0.08695048814461614
2017-08-22,0.4449848082403273,-0.10686743223925016,0.04696105061045268,-0.08838183285393254,0.7944219122670871,-0.1415023778131365,0.5046313199712207,-0.05964651173089336
2017-08-23,1.0991895351162733,-0.11044897289901862,0.08070464746515849,-0.09326046396412285,1.0933209556605923,-0.14265826803878673,0.8276578982238225,0.27153163689245075
2017-08-24,1.4004620215135228,-0.11404135814151703,0.09700685367017348,-0.09799245038038171,1.3140190959516789,-0.14383558489264478,1.0551565562073089,0.345305465306214
2017-08-25,1.0414946817006578,-0.11764352709710765,0.09482443098727052,-0.10258231805233871,1.4069340089455897,-0.1450343962179592,1.1364981985654548,-0.09500351686479691
2017-08-26,0.6965335659682826,-0.12125417833281717,0.07461646324021316,-0.10702770316389774,1.3286493259569057,-0.14625049086854747,1.0287334168318565,-0.33219985086357384
2017-08-27,0.642960741774412,-0.12487197268828419,0.03824428690981345,-0.11132622297910981,1.0606400036287422,-0.14748091624774382,0.7152051786234178,-0.07224443684900583
2017-08-28,0.2312392072831288,-0.1284956211004241,-0.011230652443008138,-0.11547807161388633,0.6232703677808036,-0.14872400159187607,0.21934202103160896,0.011897186251519837
2017-08-29,-0.5047312188727057,-0.13212370221829237,-0.06972842432144682,-0.11947964403774702,0.07862295195623031,-0.14997535788504107,-0.39268417650629694,-0.11204704236640872
2017-08-30,-0.8035654362573638,-0.13575468441148225,-0.13254217594842096,-0.12332410696023674,-0.4818024646394261,-0.15122656126273365,-1.0246499932222997,0.2210845569649359
2017-08-31,-1.385760769472035,-0.13938716362546638,-0.1948632170231938,-0.12700962577455965,-0.9606733188530062,-0.15247173037447756,-1.5744050556507037,0.18864428617866857
2017-09-01,-1.9106051434006095,-0.14301965385001034,-0.25211046236728635,-0.13053227365152104,-1.2789768762536635,-0.15370216921009963,-1.958341435332581,0.047736291931971486
2017-09-02,-2.4194120980207328,-0.14665070197897,-0.3003569633945296,-0.13389014725256956,-1.394950779990024,-0.15491066021659894,-2.130759252832692,-0.2886528451880408
2017-09-03,-2.130481696533029,-0.15027888009926954,-0.33663327118799774,-0.13708318303132866,-1.3103731876462021,-0.15609033866114932,-2.0904588606259473,-0.04002283590708178
2017-09-04,-1.8686256837569164,-0.15390301940278842,-0.35919466250561166,-0.14012144944712662,-1.0648561377546495,-0.1572430022533765,-1.8753182713635526,0.006692587606636158
2017-09-05,-1.348381739753046,-0.15752195483144787,-0.36747008512235757,-0.14301634144168074,-0.7194854920996562,-0.1583699509219402,-1.5458638244170828,0.19748208466403683
2017-09-06,-1.170116726197702,-0.16113460931754128,-0.36200783456693175,-0.1457834220431843,-0.33977117752668323,-0.15947493161291354,-1.1681719750672541,-0.001944751130447786
2017-09-07,-0.8323077879588193,-0.16473981368745647,-0.3441965519002014,-0.14843581849264575,0.018215482971109066,-0.1605590814426407,-0.7997157825518353,-0.03259200540698404
2017-09-08,-0.6475404339997267,-0.16833645183126555,-0.31605144690220793,-0.15098889947722832,0.313314270176841,-0.16162575848420951,-0.48368828651807033,-0.16385214748165638
2017-09-09,-0.3107911545931747,-0.17192335680171314,-0.27986413753849226,-0.15345660182333173,0.5195823022876892,-0.16267898946499454,-0.24834078334084247,-0.062450371252332215
2017-09-10,-0.1696972426544752,-0.1754994008081361,-0.23794544037104787,-0.1558541700077469,0.6234077433832708,-0.16372744656712032,-0.1096187143707805,-0.0600785282836947
2017-09-11,0.0392486996048192,-0.17906337600570274,-0.19236739604369812,-0.1581937563368009,0.622578183570821,-0.16477778190510467,-0.07182412672048549,0.11107282632530469
2017-09-12,0.1771685831420458,-0.1826140656723937,-0.14484598409189278,-0.16048707622567782,0.527267679665521,-0.16583659866888345,-0.1265160449933267,0.3036846281353725
2017-09-13,-0.0616706658093745,-0.18615020866242224,-0.09665738506823734,-0.16274417532715785,0.3625146038051711,-0.16690947235672496,-0.24994663760937127,0.18827597179999678
2017-09-14,-0.5864669661572841,-0.18967041766712545,-0.04862204524380975,-0.16497046133662724,0.168324566257883,-0.16799697794512208,-0.4029353359348015,-0.1835316302224826
2017-09-15,-0.8656410949448744,-0.1931732092158361,-0.001226630590152541,-0.16716779440611815,-0.006478479882051363,-0.16909178235538097,-0.5371378964495391,-0.32850319849533527
2017-09-16,-0.6697413523300464,-0.19665717961865908,0.045202159936727965,-0.16934071890358665,-0.11703283972015982,-0.17018638813895684,-0.6080149664446345,-0.061726385885411905
2017-09-17,-0.6855841288119416,-0.2001210877023854,0.09038682302217917,-0.17149959461671066,-0.1373590126437415,-0.17128091900752632,-0.5898737909481847,-0.09571033786375693
2017-09-18,-0.4687784821140506,-0.2035636427495806,0.13408506410213614,-0.17365334094833285,-0.07049946941550575,-0.1723759099860694,-0.48600729899735245,0.017228816883301856
2017-09-19,-0.0003723201843452,-0.20698363271749853,0.17597223232602122,-0.1758139303058413,0.04966582114537404,-0.1734761463461888,-0.3306356558981334,0.3302633357137882
2017-09-20,0.1784244711131721,-0.2103799198807497,0.21562239498474117,-0.17799601166300177,0.16934953404605899,-0.17458960717208383,-0.17799360968503514,0.35641808079820725
2017-09-21,-0.2987664977770781,-0.21375127990465095,0.25259512872981094,-0.18021094040051502,0.2358407841004646,-0.17572083236587396,-0.0812471398407644,-0.2175193579363137
2017-09-22,-0.3043015290877123,-0.21709628951318918,0.28651260595031824,-0.182462633000513,0.21975313963830456,-0.1768647445555978,-0.07015792148067718,-0.23414360760703512
2017-09-23,-0.3042228330461646,-0.2204136621069041,0.3169794693105879,-0.1847591514060876,0.12733405048935034,-0.1780174004871632,-0.13887669420021664,-0.16534613884594795
2017-09-24,-0.3059640700744712,-0.22370210913026803,0.34370147238338516,-0.1871077237388869,-0.0006370923854014609,-0.17917293935730297,-0.2469183922284742,-0.059045677845996986
2017-09-25,-0.1198900340535915,-0.2269603399000313,0.3665369316010085,-0.1895149062283688,-0.10664945982551147,-0.1803271124250742,-0.3369148867779773,0.21702485272438582
2017-09-26,-0.0787836921922004,-0.2301871012317847,0.3854774949726355,-0.19198847791306523,-0.14410827516742378,-0.18148089536219292,-0.3622872547018311,0.2835035625096307
2017-09-27,-0.2822825242744375,-0.23338105964237893,0.40060579053694234,-0.19453314129101174,-0.10202235609911119,-0.18263270757607714,-0.31196347407163666,0.029680949797199152
2017-09-28,-0.4442480074485366,-0.2365407874322454,0.4120390534336482,-0.1971500507770539,-0.01535756873177265,-0.18378168950868087,-0.2207910430161046,-0.223456964432432
2017-09-29,-0.445948958149226,-0.23966485422140815,0.41974786724241153,-0.1998396609692927,0.04582971089145445,-0.18492659545153337,-0.15885353250836826,-0.28709542564085777
2017-09-30,-0.4431270540958205,-0.2427518783640656,0.42341361766651414,-0.20260322578986917,0.006930525815861451,-0.1860654632665696,-0.20107642393812875,-0.24205063015769174
2017-10-01,-0.0908178399892747,-0.24580049762260067,0.4223731810892389,-0.20544140739528344,-0.17242933862548646,-0.18719444046739706,-0.3884925030215287,0.297674663032254
2017-10-02,-0.3993954178776718,-0.24880949064931696,0.4155807080633112,-0.2083584819398927,-0.4690956099305231,-0.18831468954362732,-0.6989975640000489,0.29960214612237707
2017-10-03,-0.7628735048848426,-0.2517774655134501,0.40175393032044493,-0.21135132635346024,-0.7895744893278149,-0.18941861643098457,-1.040367967305265,0.2774944624204224
2017-10-04,-1.2222204247149593,-0.25470304761723095,0.37944419903787374,-0.21441623793111197,-0.9956762942048654,-0.190500078178798,-1.2758514588941325,0.053631034179173254
2017-10-05,-1.443119161279155,-0.2575848640840327,0.34718580310176306,-0.21754810859294516,-0.953781633197607,-0.1915503419391765,-1.2732791447119982,-0.16984001656715675
2017-10-06,-1.466483725575925,-0.26042166813494055,0.3036919893236063,-0.22074494279582357,-0.5914515101284522,-0.19256669341206858,-0.9614928251476785,-0.5049909004282466
2017-10-07,-0.7037462913768754,-0.2632123197109536,0.24809246581489314,-0.2240071099042154,0.06196715072057353,-0.1935507451495562,-0.3707105582292586,-0.3330357331476168
2017-10-08,0.4395298702094221,-0.2659559487887655,0.18010682848823517,-0.2273431477724276,0.867999328657037,-0.1945145245265946,0.36029253605748457,0.07923733415193751
2017-10-09,1.3642050023713206,-0.2686518276820993,0.10028060043457543,-0.23076505515543375,1.6132872306431156,-0.19547461013680248,1.0186763381033554,0.34552866426796514
2017-10-10,1.8342019761994472,-0.27129917874626996,0.010205919861018667,-0.2342817077697198,2.075299739859223,-0.19644776601830247,1.3834770071859495,0.4507249690134978
2017-10-11,1.2552672051285914,-0.2738970716570571,-0.08743844783650613,-0.23789508967448733,2.096777164529015,-0.19744385378854395,1.3001027015724207,-0.04483549644382934
2017-10-12,0.7087512407773301,-0.2764442433641334,-0.18888870895671891,-0.2415944221652421,1.6427477046455272,-0.19846404602795084,0.7373562841314819,-0.028605043354151816
2017-10-13,-0.2075053539787392,-0.2789394208666941,-0.2896955309769758,-0.24536709039407406,0.8164999231477469,-0.1995064797914442,-0.1970085988814414,-0.010496755097297805
2017-10-14,-1.4688049954233298,-0.2813811851491781,-0.38501461451920543,-0.2491943542698738,-0.16916937151275685,-0.20056090050191763,-1.2853204259529318,-0.18348456947039793
2017-10-15,-2.6071551752479847,-0.28376797792205416,-0.4699946190166464,-0.25305223258091303,-1.0580812641743043,-0.20161121428151482,-2.2665073079754325,-0.34064786727255214
2017-10-16,-2.739309365229966,-0.28609825788835996,-0.540244915291174,-0.25691748181959334,-1.6311671549738544,-0.20264261123449656,-2.9170704212074785,0.17776105597751268
2017-10-17,-3.160573125656595,-0.2883707679911853,-0.5923600592531132,-0.2607768802897669,-1.7732417191779346,-0.2036448566546812,-3.118394283366681,-0.04217884228991409
2017-10-18,-3.038635966761978,-0.290584176784888,-0.6239932880835346,-0.2646152442377131,-1.5008822907735642,-0.20460790015706654,-2.884682900036766,-0.15395306672521158
2017-10-19,-2.22911699255894,-0.2927373522555173,-0.6341225036422542,-0.26842459756468734,-0.9480289385845773,-0.20553011820241476,-2.3488435102494507,0.1197265176905109
2017-10-20,-1.328622824150465,-0.2948294298220837,-0.6230799652943311,-0.27220619946353536,-0.31393420819919843,-0.20642212305581867,-1.7104719258349674,0.3818491016845025
2017-10-21,-1.068162716863158,-0.2968596302571806,-0.5924070779557319,-0.2759633115276608,0.20620383516575158,-0.20729501034966336,-1.166321194924485,0.09815847806132694
2017-10-22,-0.6888707711609372,-0.2988270459331486,-0.5445341486550688,-0.2796933760264111,0.4821965365249525,-0.20815504233621626,-0.8490130764258922,0.160142305264955
2017-10-23,-0.922637240583848,-0.3007308570333071,-0.4826087889057103,-0.2833953355284742,0.47982120265190203,-0.2090084534074699,-0.7959222322230595,-0.12671500836078853
2017-10-24,-1.3876220868327171,-0.3025700973461538,-0.41009887628912767,-0.2870614875809565,0.2575994567259812,-0.20985340626965218,-0.9519844107599089,-0.43563767607280823
2017-10-25,-1.6518240452655666,-0.30434374168682854,-0.33055469177149566,-0.2906805469919504,-0.06759933596993538,-0.2106799138752407,-1.2038582302954506,-0.447965814970116
2017-10-26,-1.4718583764192827,-0.30605084666349497,-0.2473612094441832,-0.2942432121966303,-0.3689341054265358,-0.21148141728155562,-1.4280707910124,-0.04378758540688277
2017-10-27,-1.1428022880128792,-0.30769063753450276,-0.16356692579786614,-0.297745447315582,-0.5526491081798556,-0.21226027131611946,-1.533912390143926,0.3911101021310468
2017-10-28,-1.0341896597248736,-0.30926240990293274,-0.0817750711202655,-0.30118452407942015,-0.5811495761226402,-0.21301816161196563,-1.4863897428372241,0.4522000831123505
2017-10-29,-1.0623637273831452,-0.3107654310082518,-0.004025528897333715,-0.30455607295438974,-0.4719801522521897,-0.2137586908802458,-1.3050858759924107,0.24272214860926544
2017-10-30,-1.1992644879426306,-0.31219895681104515,0.06814750543839303,-0.307854937034404,-0.2783116174916527,-0.21448657687938175,-1.0447045827780905,-0.1545599051645401
2017-10-31,-1.036016889736161,-0.3135622189215449,0.1336231832942641,-0.31107503835847794,-0.06161979430714319,-0.21520622427090905,-0.767840092563811,-0.26817679717235
2017-11-01,-0.6948883795799622,-0.3148545332155309,0.19151297511341558,-0.31421315345399425,0.13098096417625157,-0.2159224688817093,-0.5224962162615673,-0.1723921633183949
2017-11-02,-0.3907685516079695,-0.31607525537352144,0.2410732022616138,-0.31726796400313584,0.27802373769994826,-0.21664097923211162,-0.33088725864720686,-0.059881292960762666
2017-11-03,-0.2546804347711905,-0.31722371114818504,0.28162358338705346,-0.3202374715574916,0.3818638915837335,-0.21736275008072461,-0.19133645781561429,-0.06334397695557623
2017-11-04,-0.0420551333255306,-0.3182991880485892,0.31252749785259715,-0.3231183378075376,0.457925142676996,-0.21808628130544302,-0.08905116663197668,0.04699603330644608
2017-11-05,0.1766220126271317,-0.3193010303882706,0.33314628724648965,-0.3259087320595426,0.5217989505430121,-0.218809720377017,-0.009074245035328526,0.18569625766246023
2017-11-06,0.0689693392552726,-0.320228630404031,0.34290626948190206,-0.3286079857940215,0.5810538199265498,-0.21953272134096175,0.05559075186943763,0.013378587385834972
2017-11-07,0.0488823731668746,-0.3210813266685293,0.3414096838193906,-0.33121267015401235,0.634107318363978,-0.2202507304203366,0.10297227494049038,-0.054089901773615785
2017-11-08,0.363736160190887,-0.32185853186796154,0.32851836329371065,-0.33372125204482306,0.6733385512512158,-0.22096276672784995,0.12531436390429188,0.23842179628659513
2017-11-09,0.3487570811593711,-0.3225597929277751,0.3044294186667609,-0.3361362996238092,0.6897489446622483,-0.22167169323544914,0.1138105775419758,0.2349465036173953
2017-11-10,-0.2710062993270549,-0.32318457369055537,0.2698590196458824,-0.3384569191582333,0.6764847818081623,-0.22237543756438719,0.06232687104086884,-0.33333317036792376
2017-11-11,-0.3905661521617956,-0.3237321516800607,0.22613729705651864,-0.34067515286490746,0.6283392267058197,-0.22306131803913642,-0.03299209882176629,-0.3575740533400293
2017-11-12,-0.1506172897759599,-0.32420195774424787,0.17513888213567222,-0.34278830661390164,0.5376439741152864,-0.22372421532004802,-0.17793162342723887,0.02731433365127897
2017-11-13,-0.3350117883949142,-0.32459351808037035,0.11924606758880334,-0.34479694151153595,0.39308534670973566,-0.2243631869889013,-0.38142223228226857,0.04641044388735438
2017-11-14,-0.7096610621370676,-0.32490621340934883,0.06133688566651051,-0.3466964335432411,0.18345449972831748,-0.22497365766047211,-0.6517849192182339,-0.057876142918833695
2017-11-15,-0.7537981409897854,-0.3251393639084321,0.004581607639803052,-0.34847984408734795,-0.09543754239761468,-0.2255514505171001,-0.9900265932706919,0.2362284522809065
2017-11-16,-0.9884614358755602,-0.3252924008465011,-0.04786863570457146,-0.35014347509503285,-0.4324639918018249,-0.22609566587441676,-1.381864169322347,0.3934027334467868
2017-11-17,-1.819565653170183,-0.32536473411332983,-0.09305792221441805,-0.35168204510220297,-0.7944756610625777,-0.22660497456794315,-1.791185337060472,-0.028380316109710924
2017-11-18,-2.450207747853557,-0.3253556405917981,-0.12845027045831536,-0.35308442982600013,-1.126842289998096,-0.22706927493028448,-2.1608019058044943,-0.28940584204906283
2017-11-19,-2.691570188519109,-0.3252645153313288,-0.15221252933304538,-0.3543427184333883,-1.3643066746791075,-0.22748110997688478,-2.423607547753755,-0.2679626407653539
2017-11-20,-2.5044713333617574,-0.32509092485519003,-0.163397586924472,-0.3554541011407658,-1.4478348112415413,-0.22783553353477837,-2.5196129576967476,0.015141624334990222
2017-11-21,-2.3971789957443557,-0.32483462699421645,-0.16200088567949855,-0.3564217776252853,-1.3426244443520199,-0.22813327243055748,-2.4140150070815776,0.0168360113372219
2017-11-22,-2.078125779752881,-0.3244954237967265,-0.1488627983625451,-0.3572501735108722,-1.050405074945349,-0.22837960487751355,-2.1093930754930064,0.031267295740125434
2017-11-23,-1.5584113928135448,-0.32407326009913034,-0.12561002907265736,-0.3579482755317519,-0.6126906777335475,-0.22858869431612852,-1.6489109367532155,0.09049954393967075
2017-11-24,-0.7671024254214411,-0.3235682065208501,-0.09456324530170308,-0.3585281985524109,-0.10218963860347478,-0.22877319466790272,-1.1076224836463415,0.3405200582249004
2017-11-25,-0.6426192926985475,-0.3229804647388296,-0.05853043430897793,-0.359005431673776,0.39456412539257957,-0.22894404123709192,-0.5748962465660958,-0.06772304613245161
2017-11-26,-0.6024576261715995,-0.3223100562825644,-0.02043193072549543,-0.3593885741373324,0.7988731586201475,-0.2291028096357196,-0.13236021216096439,-0.4700974140106351
2017-11-27,0.2601516284412102,-0.32155697800181204,0.016853285100391413,-0.3596845191294986,1.0563718616555406,-0.22924415265874873,0.16273949696587267,0.09741213147533753
2017-11-28,0.546944222167631,-0.32072146895627507,0.05062708250372146,-0.3599078470345863,1.1450779386666743,-0.22936826687604184,0.28570743830349254,0.2612367838641384
2017-11-29,0.2006382148226998,-0.31980358867039216,0.07876523779818995,-0.3600666059776068,1.0765878204976325,-0.22947335704392002,0.24600950660390342,-0.04537129178120361
2017-11-30,-0.0466875203855435,-0.3188032052177075,0.09983139967431394,-0.3601614366464253,0.8878545862307263,-0.22955302339063696,0.07916832065027049,-0.125855841035814
2017-12-01,-0.1123446239611339,-0.3177202386759335,0.11305396532329304,-0.36019366972345446,0.6280847677877599,-0.22960562206709254,-0.16638079735542763,0.05403617339429373
2017-12-02,-0.5058119639378782,-0.3165546792614543,0.1182651968127648,-0.3601655428427654,0.34692803997523947,-0.229628719311225,-0.44115570462744036,-0.06465625931043784
2017-12-03,-0.7640620303821332,-0.315306434368928,0.11587382868759967,-0.36007462938646617,0.08678659262375704,-0.2296098885290613,-0.7023305309730988,-0.06173149940903433
2017-12-04,-0.8979916377747078,-0.3139754906103076,0.10675507151226729,-0.35991984882825173,-0.1219207543714578,-0.22953883930735036,-0.9185998616051001,0.02060822383039229
2017-12-05,-0.8323967417886069,-0.3125619194365127,0.09215388172533408,-0.35970195693104334,-0.26188437003760606,-0.22941219155942985,-1.0714065562392578,0.23900981445065095
2017-12-06,-1.028942805150704,-0.31106590038911136,0.07349784744867702,-0.35942390451316836,-0.3287113112976092,-0.22922911626691703,-1.154932385018129,0.1259895798674251
2017-12-07,-1.5098021834412725,-0.3094875881030483,0.05234565166239533,-0.35908637881890254,-0.32988584073437227,-0.2289904727160907,-1.1751046287100184,-0.33469755473125407
2017-12-08,-1.2773060185542224,-0.30782709374166844,0.03028198292726213,-0.35868729680464084,-0.28390051495377794,-0.2286994074529204,-1.1488323300257455,-0.12847368852847696
2017-12-09,-0.8897642329586911,-0.30608478530668803,0.008663849690906653,-0.35823185324796686,-0.2190135461509385,-0.2283673728999675,-1.1030337079146542,0.21326947495596305
2017-12-10,-1.0009674792129943,-0.30426111123722027,-0.011424856851646886,-0.35772634593359687,-0.16738322483017098,-0.22800452520061854,-1.0688000640532536,0.06783258484025922
2017-12-11,-1.1199513624183477,-0.30235638951488386,-0.029150080822525657,-0.35717097914191975,-0.15637990807908617,-0.22761206834722764,-1.072669425905643,-0.047281936512704625
2017-12-12,-1.1157148947117663,-0.300370951838109,-0.04400144369520004,-0.3565650372407579,-0.20042210610977187,-0.22718821796083472,-1.1285477568446736,0.012832862132907241
2017-12-13,-1.4146001101020316,-0.29830518854298405,-0.055778381642337706,-0.35590894034530374,-0.2946322931488856,-0.2267342567550433,-1.2313590604345543,-0.18324104966747723
2017-12-14,-1.4163249588598854,-0.2961594081029519,-0.06451867344793785,-0.35519946257107693,-0.4131187692374476,-0.22624842676393767,-1.355244740123352,-0.061080218736533354
2017-12-15,-1.4580221983467834,-0.29393402201079627,-0.07051749862705003,-0.35443588583932006,-0.5153338810547876,-0.22573033580251173,-1.4599516233344658,0.0019294249876824487
2017-12-16,-1.3576040599318242,-0.2916294463047905,-0.07419015013103308,-0.35361688560600435,-0.5572434600272909,-0.2251794717796481,-1.5018594138487669,0.14425535391694266
2017-12-17,-1.0523214504676306,-0.289246160118659,-0.07599340079179936,-0.3527427586576287,-0.5054610134042129,-0.22459749641676366,-1.4480408293890636,0.39571937892143305
2017-12-18,-1.066085942087478,-0.2867847277741416,-0.07635945165365354,-0.3518156817610129,-0.34880555899745946,-0.22398402910964615,-1.2877494492959138,0.22166350720843586
2017-12-19,-1.4100578708658162,-0.2842456476639109,-0.07552642437067511,-0.35083440501956864,-0.10263501939219807,-0.22333237198281422,-1.036573868429167,-0.37348400243664925
2017-12-20,-1.1563929995272637,-0.281629353200455,-0.07343705105144953,-0.3497944371819254,0.19450012266965655,-0.22263265757232634,-0.7329933763364997,-0.42339962319076396
2017-12-21,-0.7692394056385246,-0.27893649491264993,-0.06981079882401968,-0.3486973227591483,0.4901338097220296,-0.22187935871380912,-0.4291901654875975,-0.3400492401509271
2017-12-22,-0.2234502723412499,-0.27616782963789555,-0.06403601062700817,-0.3475465350417369,0.731954956207808,-0.2210734894071713,-0.17686890850600379,-0.04658136383524611
2017-12-23,0.3250350400394179,-0.2733242341897898,-0.055202444638289716,-0.34634770396134523,0.8797075605215161,-0.22022364874214106,-0.015390471010049755,0.34042551104946767
2017-12-24,0.6133180645725943,-0.2704066428777895,-0.042175253394576166,-0.34510620915262685,0.9119834212096484,-0.21934081921291593,0.03495449657173988,0.5783635680008544
2017-12-25,0.315646394597442,-0.2674159444000518,-0.023705659204418632,-0.34382346027093386,0.826799163972196,-0.21843050077463727,-0.026576400677845557,0.34222279527528754
2017-12-26,-0.0954030939890657,-0.26435288275074303,0.0015090293811278813,-0.3424942878993773,0.6376331739524481,-0.2174967353209332,-0.1852017026374775,0.08979860864841181
2017-12-27,-0.8503267024556715,-0.2612181749250927,0.03457599909178744,-0.3411114028196946,0.36746906853243944,-0.21654340705575506,-0.4168279171763155,-0.43349878527935604
2017-12-28,-1.250860786546112,-0.2580124122420269,0.07622230394597751,-0.33966215307661934,0.045796990155319864,-0.21556567253989148,-0.6912209437572404,-0.5596398427888717
2017-12-29,-1.5694354531852737,-0.2547362793415313,0.1265849581776463,-0.3381367011820199,-0.2922911529740568,-0.21456158022776384,-0.9731407555477255,-0.5962946976375482
2017-12-30,-1.1774454890564576,-0.2513904891842585,0.18514830357565348,-0.33652600201124416,-0.6044890468735988,-0.21353261221295763,-1.2207898467064058,0.04334435764994815
2017-12-31,-0.8681253793294654,-0.24797597789509773,0.2505878687022754,-0.3348281277758699,-0.842931030787564,-0.21248583107993382,-1.38763309883619,0.5195077195067246
2018-01-01,-0.7909366710154893,-0.2444936706197194,0.32085950818335307,-0.3330396322610786,-0.9597635550333733,-0.2114215965459618,-1.42785894627678,0.6369222752612906
2018-01-02,-0.9434545237004752,-0.24094446897030133,0.3933607418411094,-0.3311552380646262,-0.9197498565717128,-0.2103399486102864,-1.3088287703758172,0.365374246675342
2018-01-03,-0.9845107636772116,-0.23732925226983864,0.46505905916433377,-0.3291675554075049,-0.7159293749666701,-0.20923739577343461,-1.0266045192531146,0.042093755575903
2018-01-04,-1.014293691632075,-0.2336489950694611,0.5326638789366346,-0.32707123372121494,-0.3818485261601774,-0.20811380609294997,-0.6180186821071688,-0.39627500952490624
2018-01-05,-0.8213555649570585,-0.22990474080614084,0.5928678894474972,-0.32486223483788973,0.007914429562108765,-0.20697295188229461,-0.1609576085167192,-0.6603979564403393
2018-01-06,-0.1543867171235308,-0.22609763393710677,0.6425177017034033,-0.3225391573981127,0.3522922099965824,-0.2058194265554683,0.24035369380929789,-0.3947404109328287
2018-01-07,0.4945869943174676,-0.22222898016410542,0.678792902168993,-0.32010552674998843,0.5519575363642473,-0.20466059133334374,0.48375534028580275,0.010831654031664861
2018-01-08,0.9142352332792758,-0.21830009490461905,0.6994713826905327,-0.3175647802408959,0.5439798154434483,-0.2035055843385123,0.5040807386499537,0.4101544946293221
2018-01-09,0.7915630987546611,-0.21431221994398622,0.7030704439141356,-0.3149173520034725,0.32937652285248853,-0.2023610130820415,0.30085638173712403,0.4907067170175371
2018-01-10,0.2874846665708608,-0.2102664270114384,0.6889152951871867,-0.312156913760285,-0.017941121228771412,-0.20122472445542516,-0.0526738912687332,0.34015855783959403
2018-01-11,-0.4554453137376014,-0.20616369964570203,0.6571284192420109,-0.30927289327964513,-0.3677957251503416,-0.2000921241703071,-0.42619602300398496,-0.02924929073361643
2018-01-12,-1.0092379154380888,-0.20200498612898873,0.6085371746076842,-0.3062522761888673,-0.5726823555139476,-0.1989580710482006,-0.6713605142723201,-0.3378774011657687
2018-01-13,-1.034682314675697,-0.19779134201665763,0.5444922552308779,-0.3030844563778001,-0.517805732945554,-0.19782006339529146,-0.6720093395044253,-0.3626729751712716
2018-01-14,-0.5849538761257852,-0.19352403187223774,0.46666967267543885,-0.2997646798977115,-0.16491119632520285,-0.19667874836954272,-0.38820898378925595,-0.19674489233652925
2018-01-15,0.201918864727557,-0.1892044931162294,0.3769582031505986,-0.29629325797633566,0.42650082228371794,-0.19553782643738046,0.12242344790437101,0.07949541682318598
2018-01-16,0.9566815462473706,-0.18483426815547105,0.2773823940727013,-0.29267381130576103,1.1093526412298647,-0.1944037913253275,0.7148231645160065,0.2418583817313641
2018-01-17,1.3362705960558956,-0.1804148758745116,0.17006627934369997,-0.28890899192292463,1.6892055553284093,-0.19328207671133624,1.1966658901633367,0.1396047058925589
2018-01-18,1.31921548839439,-0.17594768587282666,0.05720038506541743,-0.28499610709418044,1.9821716719930589,-0.19217157959051834,1.386256684500951,-0.0670411961065609
2018-01-19,1.2394413804037585,-0.171433926662292,-0.05898140672116099,-0.28092734895250365,1.8716713227666173,-0.1910685848727345,1.1692600555579262,0.07018132484583228
2018-01-20,0.4872771946944741,-0.16687480560259607,-0.17628528051178946,-0.27669371537180526,1.345602325802142,-0.18997069230019836,0.5357778320157528,-0.04850063732127868
2018-01-21,-0.4055208074446667,-0.16227133671580335,-0.29254264048035356,-0.27227884988441,0.5033278263860885,-0.18886860211943993,-0.41263360281391825,0.007112795369251579
2018-01-22,-1.5135913215714374,-0.15762452561251564,-0.40572253562984273,-0.26766533588224456,-0.47172556272188526,-0.18775139259175963,-1.4904893524382476,-0.023101969133189737
2018-01-23,-2.371027046223932,-0.15293536799632604,-0.5139508143472407,-0.26283481772293954,-1.3628982009038362,-0.18660735678054124,-2.4792265577508834,0.1081995115269514
2018-01-24,-3.312855508394925,-0.14820497714540787,-0.6155959227935051,-0.25777290468894837,-1.9796026324133955,-0.1854264299682807,-3.186602867009537,-0.12625264138538794
2018-01-25,-3.588246978697715,-0.14343447057517156,-0.7092278276185017,-0.2524658181607242,-2.2057507086763986,-0.18419691668636168,-3.4950757417171574,-0.09317123698055774
2018-01-26,-3.5553457450288892,-0.1386251918833821,-0.7936893519338443,-0.24690825914336573,-2.025838876318883,-0.18291297644443288,-3.387974655723908,-0.16737108930498135
2018-01-27,-2.771982914978069,-0.13377859039306284,-0.8680125594778973,-0.24109941955848646,-1.520625459017086,-0.18157127906521764,-2.9450873075117503,0.17310439253368148
2018-01-28,-2.2555562804229794,-0.12889634567526193,-0.9314152128822477,-0.23504746579183838,-0.8382084746084657,-0.1801766466134056,-2.3137441455712198,0.05818786514824037
2018-01-29,-1.53910035237544,-0.12398005379006377,-0.9831362343369735,-0.2287585150328566,-0.14865927285405722,-0.17873166361949913,-1.6632657396334503,0.12416538725801018
2018-01-30,-1.0558370587076844,-0.11903138857337929,-1.0224562852585468,-0.22224167349407803,0.40055266383425336,-0.17724370193789116,-1.140420385429642,0.08458332672195756
2018-01-31,-0.971634855906712,-0.11405197882232657,-1.048650879743685,-0.2155043664057369,0.7187393546105381,-0.17572076824480276,-0.8351886386060132,-0.13644621730069872
2018-02-01,-0.9096065723677133,-0.10904335414529566,-1.0610305362868717,-0.20854992749569623,0.7868119750759208,-0.17416623461268213,-0.7659780774646251,-0.14362849490308816
2018-02-02,-0.8553486248611689,-0.10400706214411456,-1.0590802400183528,-0.2013811168233532,0.6510286379938559,-0.17257945005655362,-0.8860192310485182,0.030670606187349292
2018-02-03,-1.0738714171728427,-0.09894468941574182,-1.0425352007923638,-0.1940007317342371,0.40106607486270157,-0.1709595447592214,-1.1053740918388626,0.03150267466601986
2018-02-04,-1.341901102559101,-0.09385777141051768,-1.0114500419258954,-0.18640868561546853,0.14027991659383213,-0.1693026967990154,-1.320739279157065,-0.021161823402036095
2018-02-05,-1.2951852224669116,-0.0887478525624495,-0.9663250559927286,-0.17860434986584664,-0.0438708811831654,-0.16760406022083713,-1.4451521998250272,0.1499669773581156
2018-02-06,-1.5499347747346126,-0.0836166040064893,-0.908220990780664,-0.17059087102311085,-0.1012970462130745,-0.16586289930891213,-1.4295884113322508,-0.12034636340236182
2018-02-07,-1.4531657160821814,-0.07846564140968566,-0.8386862735622428,-0.1623692927617723,-0.02695576878126915,-0.1640810559322806,-1.2705580324472505,-0.18260768363493085
2018-02-08,-0.8989344579153399,-0.07329670426014835,-0.7598239544497207,-0.15394512236327096,0.14327526339280103,-0.16226778825765986,-1.0060583059379988,0.10712384802265895
2018-02-09,-0.4281484962484383,-0.06811166457749242,-0.6742691903249095,-0.14532874607129145,0.3478078527355125,-0.16043497939419699,-0.7003367276323778,0.27218823138393944
2018-02-10,-0.4474473500740759,-0.06291236016987474,-0.5849803495889139,-0.13652988622952048,0.5204303095410312,-0.1585937864308373,-0.4225860728781152,-0.02486127719596065
2018-02-11,-0.3622133744117638,-0.057700452798535896,-0.49501917105840393,-0.12755283622654673,0.6100726818241261,-0.15674902301449614,-0.22694880127385667,-0.13526457313790716
2018-02-12,-0.162169970690553,-0.05247759430695333,-0.40743219133978137,-0.11840242793808853,0.5928201156480137,-0.15490346233671856,-0.14039556027352804,-0.021774410417024964
2018-02-13,-0.2252369361260117,-0.04724543889877087,-0.3250417405654969,-0.10908439447802168,0.4750299171834437,-0.15305895451138848,-0.15940061127023428,-0.06583632485577742
2018-02-14,-0.4199725821577341,-0.04200554202969528,-0.2501991275988501,-0.09960154266886473,0.2873641186055515,-0.15121377659644086,-0.2556558702882995,-0.16431671186943458
2018-02-15,-0.2925644111291957,-0.03675940088398137,-0.18466140549086835,-0.08995494509093933,0.07163086434188293,-0.14936152030230324,-0.3891064074262094,0.09654199629701371
2018-02-16,-0.3466984828498908,-0.03150859880232493,-0.12951811428515048,-0.0801492108817873,-0.1344433926162632,-0.1474992553360917,-0.5231185719216176,0.1764200890717268
2018-02-17,-0.5080205785404341,-0.026254668584111126,-0.08508007406497202,-0.07018771020170597,-0.3077939445266099,-0.14562473290266303,-0.634941130280062,0.1269205517396279
2018-02-18,-0.7548946137068954,-0.020999119716706476,-0.05095485883120316,-0.06007310817525906,-0.44407182988395927,-0.14373259074475322,-0.7198315073518812,-0.035063106355014195
2018-02-19,-0.8258923173412184,-0.01574343978224539,-0.026144546441840655,-0.049807659749646745,-0.5535457596922057,-0.14181406343942146,-0.78705546910536,-0.03883684823585842
2018-02-20,-1.0177855069701285,-0.010489199344096891,-0.00915595907524203,-0.03939729765852342,-0.6512423261395942,-0.13986879797749457,-0.8501535801949511,-0.16763192677517735
2018-02-21,-1.0108461431604512,-0.005237960388417988,0.0018213689255749746,-0.028847820043284726,-0.7446602218721667,-0.1378954425740737,-0.9148200759523681,-0.09602606720808304
2018-02-22,-0.8634152061337221,8.636220374007569e-06,0.00868772804898059,-0.018167650442753664,-0.825497758125452,-0.13589243065113202,-0.9708614749499831,0.10744626881626096
2018-02-23,-0.978385699215384,0.005248876982530837,0.013308676498609968,-0.007367840608606159,-0.8680951152889552,-0.13386318533126074,-0.9907685877476813,0.012382888532297298
2018-02-24,-0.9724952807164974,0.01048108126902975,0.017402105625272488,0.0035420040892131383,-0.8358676331386595,-0.13181155643396045,-0.9362539985891046,-0.03624128212739275
2018-02-25,-0.7476214922688292,0.015703502755024513,0.022342379029926578,0.014550552279058292,-0.6952201632288266,-0.12974013633150172,-0.772363865496319,0.024742373227489733
2018-02-26,-0.2453416806564065,0.020914305553503022,0.029109501854493958,0.025643371005826223,-0.43128605746278204,-0.1276559134141164,-0.48327479246307525,0.23793311180666876
2018-02-27,0.0191787368198394,0.026111555507880663,0.03824278538529881,0.036802513273513464,-0.06008965793522836,-0.12556918644908444,-0.08450199021761987,0.10368072703745926
2018-02-28,0.1599830515041736,0.031293407994001605,0.04991008525294743,0.04801283056823068,0.36832677024080657,-0.12348517261624191,0.37405792143974437,-0.21407486993557076
2018-03-01,0.45796411861998,0.036458093305983846,0.06397961369127927,0.0592610799842518,0.7768544526119651,-0.1214081280551366,0.8151451115383433,-0.35718099291836336
2018-03-02,1.1772753709540025,0.04160383976128582,0.08005266171255422,0.07053345235426889,1.0781552063557627,-0.11934287041564756,1.151002289768224,0.026273081185778535
2018-03-03,1.635409670996018,0.046728789209129075,0.09751442864258712,0.08181276551596736,1.197638482621151,-0.11729767709317303,1.3063967888956616,0.3290128821003564
2018-03-04,1.1887573054632292,0.05183120460366832,0.11568405876157974,0.09308573015208992,1.0972675846242412,-0.11527629356253923,1.2425922845790398,-0.05383497911581059
2018-03-05,0.8657918822504078,0.056909643823766884,0.1339565671072324,0.10434907884020073,0.7917818027024233,-0.11327355009291416,0.973723542380709,-0.1079316601303012
2018-03-06,0.752518489322243,0.06196262828353628,0.15173688420126277,0.11559763322463538,0.3496751246367391,-0.11129040269149218,0.5676818676546814,0.18483662166756154
2018-03-07,0.3095282766179263,0.06698862776392879,0.16840712249691725,0.12682380224776796,-0.12025275232831195,-0.10932864834177934,0.13263815183852268,0.17689012477940363
2018-03-08,-0.5213565931631209,0.07198622108726233,0.18339436259470898,0.13802310408542626,-0.49506156323978207,-0.1073841628612902,-0.20904203833367474,-0.31231455482944614
2018-03-09,-0.4451844203545003,0.07695410119271658,0.19621075548738356,0.14919409749502932,-0.6714348365218744,-0.10544948573541779,-0.35452536808216273,-0.09065905227233756
2018-03-10,-0.1335279064313242,0.08189068707660456,0.2063361513258659,0.1603245055531606,-0.5984326650343748,-0.10352832008189443,-0.2534096411606381,0.11988173472931388
2018-03-11,0.0460697861700059,0.08679434541490187,0.21330594420112686,0.17139929872267362,-0.29525295164211995,-0.10162157589207867,0.07462506080450375,-0.02855527463449785
2018-03-12,0.4437027119972828,0.09166348783621908,0.21686445550341338,0.18240382909263256,0.15035535036787903,-0.09973000077931692,0.5415571220208272,-0.09785441002354439
2018-03-13,1.2734058988825154,0.09649646937234053,0.21701350098247568,0.193320130086252,0.6039905966512822,-0.09786018756219905,1.0129605095301515,0.26044538935236394
2018-03-14,1.369798356499002,0.10129153870177547,0.21404722158158063,0.20412524643606017,0.9225513701862864,-0.09602529308179547,1.3459900838239072,0.023808272675094777
2018-03-15,1.1948752515658805,0.1060472045685357,0.20870991050110538,0.21480444381671268,0.9985665165513204,-0.09422882951918352,1.4338992459184907,-0.23902399435261024
2018-03-16,1.173631751750403,0.11076209938180591,0.20216465228156638,0.22534637679800149,0.7935637408671765,-0.09247242295594446,1.239364446372606,-0.06573269462220299
2018-03-17,1.0620332558599697,0.11543486546272216,0.19586795275108185,0.23573937869456363,0.3508590979059077,-0.09075652001402336,0.8071447748002519,0.25488848105971773
2018-03-18,0.1454064658975041,0.12006422260661034,0.19149336773807343,0.245974055265563,-0.2166403546560008,-0.08907758669905542,0.2518137042551906,-0.1064072383576865
2018-03-19,-0.4397181114531979,0.12464916880801559,0.19087114368211922,0.2560505453984963,-0.7604777497005377,-0.08742164427200338,-0.27632853608390995,-0.16338957536928794
2018-03-20,-0.2852948153548138,0.1291886100864439,0.19568296722485898,0.2659657108250048,-1.1438824078087906,-0.08577942611571723,-0.6388245457882,0.3535297304333862
2018-03-21,-0.492414156328548,0.1336812169694861,0.2072037228978998,0.2757084719170374,-1.283394614645519,-0.08414943074385083,-0.7509506336049466,0.2585364772763986
2018-03-22,-0.9829021054770072,0.13812573993292526,0.2262989266278027,0.2852703622374606,-1.1698195859074936,-0.0825329334696115,-0.6026574905789165,-0.3802446148980907
2018-03-23,-0.6308709962487591,0.14252099387475684,0.2532473911352149,0.2946450108793144,-0.8644860264752287,-0.08093086988030375,-0.2550035004662463,-0.3758674957825128
2018-03-24,0.2313945094514225,0.14686552888103593,0.287500524891164,0.3038163950514347,-0.4730489440694532,-0.07935302280417551,0.1857804819500059,0.045614027501416604
2018-03-25,0.5787464193183214,0.1511577466194389,0.3277135167358485,0.31276241716710074,-0.10489464395126372,-0.07781468422268534,0.6089243523484391,-0.030177933030117732
2018-03-26,1.027489528657832,0.15539622499663697,0.3719206574011633,0.32146600101710543,0.16527014969561477,-0.0763242068159553,0.9377288262945651,0.08976070236326694
2018-03-27,1.6346801431846574,0.1595795408508837,0.41757985900735956,0.32990889405747525,0.3168965334105605,-0.0748869928295378,1.1490778344967414,0.485602308687916
2018-03-28,1.502909994873968,0.16370626192437307,0.46180114412497825,0.3380708908728228,0.380175056787817,-0.07351060421675733,1.2702427494932338,0.23266724538073413
2018-03-29,1.2273233223569546,0.16777523228637772,0.5017005384351076,0.34593987999341774,0.4134232664066103,-0.0721946090150504,1.3566443081064627,-0.12932098574950812
2018-03-30,1.2641156858664315,0.17178538398366466,0.5346050505033333,0.3535054093326716,0.46972255442885524,-0.07093867630244761,1.4586797219460774,-0.1945640360796459
2018-03-31,1.3092005199713284,0.17573560208489825,0.5582645865354078,0.360753873859291,0.5694229074542786,-0.0697484264056448,1.594428543528231,-0.2852280235569027
2018-04-01,1.271535392274405,0.17962482442348685,0.5710953412884411,0.36767236394970665,0.6908843986267166,-0.06862906035575343,1.7406478679325978,-0.4691124756581928
2018-04-02,1.9278320600185768,0.1834520641023567,0.5723468965200424,0.37424980337320973,0.7817784826555706,-0.06758259452792763,1.844244652123252,0.0835874078953247
2018-04-03,1.9416258003449345,0.18721616587825443,0.5621130299105893,0.3804685754453524,0.7844076108404846,-0.06661694928021007,1.8475884327944707,0.09403736755046377
2018-04-04,2.276726178078398,0.19091622834462751,0.5414705309854186,0.3863195213404145,0.666175093378498,-0.06572729635592547,1.7191540776930332,0.5575721003853646
2018-04-05,1.881239034455896,0.1945513065307085,0.5123048299063973,0.3917916761783936,0.4366894818981527,-0.06490905752311031,1.470428236990542,0.4108107974653541
2018-04-06,1.2066560512788045,0.19812072530499478,0.4772766165312456,0.39688303237414724,0.14816641490348573,-0.06414930347411404,1.1562974856397594,0.05035856563904506
2018-04-07,0.5184297195690605,0.20162392673729027,0.4395563356412194,0.4015951165178638,-0.12467551991176994,-0.06343609030136636,0.8546637686832371,-0.33623404911417665
2018-04-08,0.4080857274607096,0.20506038476785435,0.4025054088293884,0.4059300426148705,-0.3145888101241948,-0.0627612629385396,0.6361457631493788,-0.22806003568866917
2018-04-09,0.0989934137039109,0.20842941146458777,0.36933629804545154,0.40988346091116046,-0.3891106114030662,-0.062130543961485075,0.5364080150566485,-0.4374146013527376
2018-04-10,0.3874586568426916,0.21173040220083864,0.342881550625361,0.41345352490535925,-0.3616053622330599,-0.06154718380491122,0.5449129316935878,-0.1574542748508962
2018-04-11,0.6336546647060172,0.21496258901946064,0.32529142602965305,0.416632311763914,-0.28451094054204906,-0.06102098508588541,0.6113544011850933,0.022300263520923846
2018-04-12,0.913616526502234,0.21812524487900115,0.31794102561756304,0.4194130070263619,-0.22484912164156887,-0.06055861715479193,0.6700715387265653,0.2435449877756687
2018-04-13,1.2798242625598948,0.22121766728696024,0.32133369450932553,0.42178946691416885,-0.23491125301865237,-0.06016237145288226,0.66926720423892,0.6105570583209747
2018-04-14,0.8832272359278758,0.2242391691268265,0.33509400033224773,0.4237559213732096,-0.32979942453678857,-0.0598303960395577,0.5934592702559376,0.2897679656719382
2018-04-15,0.3477427090539592,0.22718933537587804,0.3581608901524488,0.4253154039603339,-0.48012984333279185,-0.05955357524844316,0.47098221090742565,-0.12323950185346644
2018-04-16,0.1198104795129829,0.23006783894315647,0.3887985213175702,0.42647340039368953,-0.6248453914272418,-0.059320669151297675,0.3611737000758766,-0.24136322056289372
2018-04-17,0.0094714539504259,0.23287430087581734,0.4246621344145683,0.42723304938195006,-0.6966662479772315,-0.0591225186650348,0.32898071803006934,-0.3195092640796434
2018-04-18,0.0162232890899803,0.23560832727113454,0.4629999901980718,0.42759619787023706,-0.649065596080126,-0.05895630614742093,0.4181826131118966,-0.4019593240219163
2018-04-19,0.4745532646579374,0.23826950807603645,0.500781886231376,0.42756370042432834,-0.4748404261914102,-0.05882295167738431,0.6329517168629464,-0.15839845220500898
2018-04-20,1.244338530520057,0.24085731597026833,0.5347901796909137,0.4271322476828015,-0.20959214171374996,-0.058727858318225544,0.934459743312008,0.30987878720804896
2018-04-21,1.607615214291357,0.24337113664846619,0.5617856477206002,0.42629568032005316,0.08132264978800724,-0.05868022887920137,1.2540948855979255,0.3535203286934314
2018-04-22,1.7560827897701143,0.24581048055848073,0.578739725158625,0.4250525499180367,0.3268214763911163,-0.058686293173600024,1.5177379388526588,0.2383448509174555
2018-04-23,1.8501296414038677,0.24817493934632037,0.5829270763503716,0.42340472399849866,0.47433212547505227,-0.05874758059547871,1.6700912845747642,0.18003835682910352
2018-04-24,1.669125456434889,0.2504641406088286,0.5720224897784029,0.4213558454425607,0.5066838433126407,-0.05886063640374632,1.6916656827386864,-0.022540226303797484
2018-04-25,1.1705736543909977,0.2526777997495904,0.5443193671208966,0.4189124770427399,0.44670932869931,-0.05902442184657786,1.603594550765959,-0.43302089637496133
2018-04-26,1.2510564629853502,0.254815757757482,0.4988540936089237,0.4160850197400938,0.34822732975807574,-0.05923833770178211,1.4587438631627934,-0.20768740017744314
2018-04-27,1.2643437915776004,0.2568777326771483,0.4353748035580676,0.4128789875193969,0.2760911757909868,-0.05950607167413595,1.3217166278714634,-0.05737283629386303
2018-04-28,1.154372678881987,0.2588635138187802,0.35451924679388963,0.40930169286557294,0.2843061627902905,-0.05982992646077155,1.2471606898077618,-0.09278801092577482
2018-04-29,1.404467683638811,0.26077298584490066,0.25790278150122664,0.40536294097787307,0.3963137810068447,-0.060211570474928165,1.260140918855917,0.14432676478289408
2018-04-30,1.6798818066371453,0.2626059976554188,0.14804155337586855,0.4010706910692854,0.5930240392484887,-0.06065103111356911,1.3440912502354925,0.3357905564016528
2018-05-01,1.7692425763753603,0.2643624451770475,0.02837454910848828,0.39643402914342074,0.8136866289954592,-0.0611467905332085,1.4417108618912071,0.3275317144841532
2018-05-02,1.271299031111319,0.26604232764599056,-0.09680119252804506,0.39146547844065893,0.969419770041849,-0.061694813244495314,1.468431570355958,-0.19713253924463903
2018-05-03,1.0023870284493446,0.26764586786234085,-0.22243850032647602,0.38618505789282753,0.9675556148054926,-0.06228763325715476,1.3366604069770303,-0.3342733785276857
2018-05-04,0.9180580672652074,0.26917326708545775,-0.3431239733344188,0.3806121608832936,0.7401158274009589,-0.06291857334146418,0.9838587086938272,-0.06580064142861974
2018-05-05,0.4522583556734797,0.2706247060425058,-0.45338696807790047,0.3747658834067224,0.27126243806958344,-0.06358240983238472,0.3996836496085265,0.052574706064953236
2018-05-06,-0.4400208703192973,0.272000512879858,-0.547973472641969,0.36867040528668016,-0.3854778262113345,-0.06427345473657196,-0.35705383542333735,-0.08296703489595997
2018-05-07,-0.9339793973277714,0.27330118538036596,-0.6222642987523618,0.36235554560942007,-1.1090357201859373,-0.06498043499809324,-1.160623722946606,0.22664432561883474
2018-05-08,-1.6908917521241034,0.27452712784759775,-0.6727436806367046,0.355847234401504,-1.735245334192997,-0.06569609173143216,-1.843310744312032,0.15241899218792865
2018-05-09,-2.380462420004716,0.2756788375985774,-0.6972192510792009,0.3491734578128697,-2.097597421003737,-0.06641312747716331,-2.2363775041486544,-0.14408491585606154
2018-05-10,-2.3180741741646846,0.2767568047183638,-0.6950895326843196,0.3423605546655603,-2.0766763218325437,-0.0671248624870066,-2.2197733576199457,-0.09830081654473899
2018-05-11,-1.796551458887127,0.2777612987366146,-0.6675191661794782,0.3354261893029329,-1.6423679467907863,-0.06782820848853985,-1.764527833419257,-0.032023625467870076
2018-05-12,-0.9298012369927924,0.2786924248257004,-0.6172498802935248,0.3283810233627767,-0.8722333400889253,-0.06853127732399678,-0.9509410495179698,0.02113981252517738
2018-05-13,0.1444446875563653,0.2795501720202531,-0.5483980259540686,0.3212311346887316,0.06180208350058093,-0.06924464856575832,0.04494071568973872,0.09950397186662659
2018-05-14,0.8899027130774735,0.28033445882973984,-0.4660542648561644,0.3139798203611225,0.9374990284417423,-0.06998214472957402,0.9957768980468661,-0.1058741849693926
2018-05-15,1.5483835832612125,0.28104530613136053,-0.3757766081640014,0.3066338476732018,1.5454592373716982,-0.07075503042110529,1.686606752591154,-0.1382231693299414
2018-05-16,2.2211491482077355,0.28168278283246606,-0.2831680599728644,0.2992015754040045,1.7502743542781167,-0.07157263095867611,1.9764180215830467,0.24473112662468877
2018-05-17,1.9833334245918104,0.28224700182377604,-0.1934665224071565,0.29169288267949295,1.530147716045323,-0.07243952006482948,1.8381815580766059,0.1451518665152045
2018-05-18,1.2454705366024024,0.2827384125429046,-0.111030310832885,0.2841288482923543,0.9820244524467732,-0.07334975200059218,1.364511650448555,-0.11904111384615268
2018-05-19,0.767397608375751,0.2831576895687789,-0.03913960716805658,0.27653764305177625,0.2876204379921179,-0.07428860211414219,0.7338875613304743,0.033510047045276714
2018-05-20,0.1554905205820625,0.2835054964460306,0.020071275114913828,0.2689457751834218,-0.3470326715542124,-0.075244255281938,0.15024561990821578,0.005244900673846725
2018-05-21,-0.6440495621590913,0.28378259074183276,0.06567305786334851,0.261381676234853,-0.7559303831631423,-0.07620463531009669,-0.22129769363320473,-0.42275186852588653
2018-05-22,-0.4152679793384626,0.28398982043907706,0.09783599352192288,0.25387550769513106,-0.8608958444249087,-0.07715717245722666,-0.30235169522600447,-0.11291628411245813
2018-05-23,0.3247113507251174,0.284127736681707,0.11746516159977116,0.24644578353099136,-0.688389658106772,-0.07809995902683867,-0.11845093532114118,0.4431622860462586
2018-05-24,0.3918050984916641,0.2841967294646715,0.12601111701174933,0.2391040961338165,-0.34850112353556434,-0.07903895991524172,0.22177185915943132,0.1700332393322328
2018-05-25,0.5084918361119821,0.28419737339503665,0.1253080126913534,0.23186754640049573,0.012757020463572043,-0.07997376886429726,0.5741561840861605,-0.06566434797417842
2018-05-26,0.8007871819292013,0.28413021104535574,0.11718312989279853,0.2247514745800394,0.2661697999879631,-0.08090177058549596,0.8113328449206608,-0.010545662991459537
2018-05-27,0.9242988735026376,0.28399572093070385,0.10322026317656186,0.2177679781107958,0.3404250711032857,-0.08182348323565791,0.8635855500856893,0.06071332341694835
2018-05-28,0.4982844978211834,0.28379443457637515,0.08461484941600744,0.21092985658375088,0.23841264738735268,-0.08273964869855077,0.7350121392649354,-0.23672764144375197
2018-05-29,0.3899929226864688,0.2835270665398476,0.06207576464408304,0.20425520617736723,0.025722677440553385,-0.08364453888484041,0.49193617591701083,-0.10194325323054204
2018-05-30,0.2546796024807332,0.28319425592522623,0.03567706231511339,0.19775814321323493,-0.20201098141524576,-0.08453714910817253,0.23008133093015629,0.024598271550576895
2018-05-31,0.1129357668356504,0.2827966712127095,0.004911717558620868,0.19145230599243845,-0.3555930319685796,-0.08541878071755032,0.03814888207763889,0.07478688475801151
2018-06-01,-0.081312700281391,0.2823349976272982,-0.03125596683844048,0.1853508215318976,-0.380278741309345,-0.08629002891601871,-0.03013891790460836,-0.051173782376782634
2018-06-02,0.1367738326941667,0.28180994315204655,-0.07424135966919726,0.1794665241351244,-0.26661634233419135,-0.08715089440691268,0.03326787087686964,0.10350596181729707
2018-06-03,0.4705792040982709,0.28122209538006315,-0.12569344576283575,0.17380677008667228,-0.04462512962732188,-0.08800651996584503,0.19670377011073276,0.27387543398753816
2018-06-04,0.2557946098068245,0.28057201509430957,-0.18722607492906584,0.16837681353711798,0.2335695064789196,-0.0888621698401721,0.4064300903411092,-0.15063548053428472
2018-06-05,0.4288760455065254,0.27986044149056083,-0.2600790210467385,0.16318712668377572,0.5128005131021198,-0.08971403827991885,0.606055021949799,-0.17717897644327357
2018-06-06,0.7284176544404513,0.27908800696277913,-0.3449253408423203,0.15824311504034694,0.7459727744570764,-0.09056332339638276,0.7478152322214995,-0.019397577781048225
2018-06-07,1.0692542583047226,0.2782553335941782,-0.4416181064756076,0.15354860044319737,0.8983054975057403,-0.09140988140276507,0.7970814436647432,0.27217281463997944
2018-06-08,0.479144932820741,0.2773630479544964,-0.5489515007242006,0.14910621898073173,0.9458143583232671,-0.09225709677661226,0.7310750277576823,-0.2519300949369413
2018-06-09,0.4219307004404083,0.2764120953387239,-0.6644562517404312,0.14492817385235773,0.8743070836480367,-0.09309944251683716,0.5380916585818498,-0.1161609581414415
2018-06-10,0.284228809835871,0.2754032964396687,-0.7845598293413051,0.141020389249897,0.6789889623645802,-0.09394072546960897,0.2169120932432319,0.0673167165926391
2018-06-11,-0.1216888364771304,0.2743375457998016,-0.9046688554469712,0.1373893875654334,0.3704457000486104,-0.09478283887928622,-0.21727906091241211,0.09559022443528171
2018-06-12,-0.7288076987574145,0.2732158515480067,-1.0193640659530019,0.13404349348928718,-0.019477155791191254,-0.09562580867520613,-0.7272076853821053,-0.0016000133753091283
2018-06-13,-1.0896456336413811,0.2720393130546579,-1.1227660870766312,0.13099225003796455,-0.4370655745182709,-0.09646326013117577,-1.2532633586334554,0.16361772499207428
2018-06-14,-1.6683225855729231,0.27080896283344613,-1.2089452116711756,0.12824066861059102,-0.8152823981806127,-0.09729195863088032,-1.7224699370386314,0.05414735146570826
2018-06-15,-2.120394484525643,0.26952590747230776,-1.2723255420055384,0.1257946002208865,-1.0892960679632369,-0.0981014649753919,-2.0644025672509727,-0.05599191727467012
2018-06-16,-2.4722282658758696,0.2681911965229847,-1.3081235597294265,0.12365628830003558,-1.2158207019928426,-0.09888263057518495,-2.230979407474434,-0.24124885840143584
2018-06-17,-2.337215966875412,0.26680582711898176,-1.312733467987814,0.12182450310388912,-1.18698202499321,-0.09962897202548933,-2.2107141347836423,-0.1265018320917699
2018-06-18,-2.0626370819021687,0.2653706451064878,-1.284117734787164,0.12029106081230884,-1.0328254544195024,-0.10033838048635026,-2.0316198637742198,-0.031017218127948887
2018-06-19,-1.4992954888980106,0.26388645634577335,-1.2220081335810975,0.11904487677424876,-0.8090938986353604,-0.10100817493503796,-1.7491788740314738,0.2498833851334632
2018-06-20,-1.1345606466283933,0.26235397377546926,-1.1279834577255858,0.11806962733322753,-0.5758605959540825,-0.1016441995954409,-1.4250646521664123,0.29050400553801903
2018-06-21,-1.1314284762913789,0.26077399062718476,-1.0054138734715816,0.11734990721138902,-0.3744625704344967,-0.10225009034779317,-1.1040026364152977,-0.02742583987608116
2018-06-22,-1.19055807487464,0.25914743252493816,-0.8592632936803161,0.11687315071117077,-0.21366048518432515,-0.10282570385231693,-0.7997288994808491,-0.3908291753937909
2018-06-23,-0.5591314872406025,0.25747524390737836,-0.6957894513483431,0.1166258777330122,-0.07132111689000212,-0.10337455225328056,-0.49638399885123524,-0.06274748838936722
2018-06-24,-0.1300838172764176,0.25575815645004846,-0.5222439315642934,0.1165861901432735,0.08899742228446973,-0.10390740255035573,-0.16480956523685744,0.03472574796043984
2018-06-25,0.2561129022713662,0.2539969519191501,-0.34627873400963216,0.11673349658398402,0.29600113288477115,-0.10443066487913803,0.21602218249913507,0.04009071977223111
2018-06-26,0.8553447500237532,0.25219240074801624,-0.1754048119037443,0.11704672268105024,0.550405852461726,-0.10494971075962096,0.6392904532274272,0.21605429679632604
2018-06-27,1.2624026836900792,0.2503451811248009,-0.016469783352693022,0.11750165983714839,0.8169093083635571,-0.10547246641332567,1.0628138995594878,0.19958878413059145
2018-06-28,1.343344051836108,0.24845601974952095,0.12488616012960553,0.11807589756657988,1.0333371022920972,-0.10600430027284322,1.4187508794649604,-0.07540682762885242
2018-06-29,1.402523619309674,0.24652574656085402,0.2446549877450275,0.11875074386715402,1.1326727890586072,-0.10654702283221222,1.6360572443994303,-0.2335336250897564
2018-06-30,1.4524292759861213,0.24455521579195333,0.3406951737758458,0.11950833430331416,1.06881840778278,-0.10710241992603632,1.666474711727857,-0.21404543574173585
2018-07-01,1.4429641747027644,0.24254531866735024,0.4128349204996913,0.12033186049183378,0.8361994462636057,-0.10767197191675093,1.5042395740057302,-0.06127539930296577
2018-07-02,1.329193460427521,0.24049701293702996,0.4627982844399672,0.12120651440438504,0.47493556894062217,-0.10825461854665992,1.1911827621753444,0.1380106982521767
2018-07-03,1.0446976218646244,0.23841132750277033,0.4939867778006281,0.12211933306857999,0.05951408273689904,-0.10884947104686729,0.8051820500620103,0.23951557180261418
2018-07-04,0.5203164220567638,0.2362893776448397,0.5110973652296399,0.12305954132769098,-0.32423349510820965,-0.10945527440194988,0.43675751469201096,0.0835589073647528
2018-07-05,0.1482551060859873,0.2341323863415032,0.5196332089054058,0.12401909338738777,-0.6047483795162827,-0.11006982197729168,0.16296648714072245,-0.014711381054735156
2018-07-06,-0.0201777414681615,0.23194156170637875,0.5252934106961271,0.12498841022404648,-0.7439671802256885,-0.11069336244055943,0.027562839960304356,-0.04774058142846586
2018-07-07,-0.0974991519566782,0.22971806553189097,0.5334053933066272,0.12595553086156078,-0.7431841115626574,-0.11132891093221614,0.03456596720520538,-0.13206511916188357
2018-07-08,0.0205151112816833,0.22746303867305992,0.5484142639789992,0.12690745694640976,-0.63538753530076,-0.11197857233539114,0.1554186519623177,-0.1349035406806344
2018-07-09,0.516588459034939,0.22517756318228677,0.5734695338146694,0.1278288775423903,-0.46929018061203104,-0.11264580869905692,0.3445399852282585,0.17204847380668048
2018-07-10,0.5472085163966036,0.2228625986365814,0.6101351485715483,0.128700183299324,-0.29205412632251676,-0.11333739749836297,0.5563064066865739,-0.009097890289970323
2018-07-11,0.6981107839945909,0.22051923120213907,0.658380177641274,0.1295063113123904,-0.13580144065986643,-0.11405517567446179,0.7585491038214752,-0.0604383198268843
2018-07-12,0.917200064180296,0.21814850387741855,0.7165513438250234,0.13023084401474463,-0.013838542786411438,-0.1148016565248832,0.936290492405892,-0.019090428225596034
2018-07-13,1.0809648438360806,0.21575143731031232,0.7815887074932882,0.13085657300123812,0.07667013366027475,-0.11558130637691454,1.089285545088199,-0.008320701252118479
2018-07-14,1.1989438711370688,0.21332906803578042,0.8493646568354639,0.13136725719139822,0.14828873630853584,-0.11639797940470027,1.225951738966478,-0.027007867829409227
2018-07-15,1.5382446318757717,0.21088245226942265,0.9151021011032711,0.1317479476149232,0.21639532809061374,-0.11725454971294952,1.3568732793652811,0.18137135251049052
2018-07-16,1.678143770805771,0.20841258950783953,0.9738118947683233,0.13198237042156244,0.2935858045382727,-0.11815586474656158,1.4896367944894364,0.1885069763163345
2018-07-17,1.6440476928560774,0.20592054589377085,1.0208286101120758,0.13205724613482878,0.38646617512611425,-0.11910626706944691,1.626166310197343,0.017881382658734513
2018-07-18,1.6102002018068426,0.20340745008980785,1.0522162403316992,0.1319625585673323,0.49246861221307386,-0.12010604264152692,1.7599488185603862,-0.14974861675354356
2018-07-19,1.6045490509548992,0.20087444124917753,1.065107925218944,0.1316895843548785,0.5966655111567057,-0.1211546195013575,1.8731828424783479,-0.2686337915234487
2018-07-20,1.7369657140950665,0.19832266696567155,1.0579508516305645,0.1312306418463991,0.6704053756773308,-0.12225137864003909,1.9356581574799268,-0.19869244338486025
2018-07-21,1.893846174673027,0.19575325036540053,1.0306178777406851,0.1305780562851226,0.6742651817471667,-0.12339755669308604,1.907816809445289,-0.013970634772261903
2018-07-22,1.948847273707616,0.19316732795699088,0.9843970647413327,0.12972563518402286,0.5679040789473607,-0.12459418556756509,1.7505999212621417,0.1982473524454742
2018-07-23,1.7324100542250018,0.19056609747012382,0.9218439429138275,0.1286702265879846,0.32603228298675635,-0.1258398052778465,1.441272744680846,0.29113730954415584
2018-07-24,1.204613453966512,0.1879508649312429,0.8465350252335593,0.12741314584802949,-0.04402769239238556,-0.12713051073638637,0.9907408328840598,0.2138726210824523
2018-07-25,0.5050633565002965,0.1853230267698045,0.7627108234996378,0.12595982823809562,-0.49102039761284005,-0.1284610248751635,0.4545122560195344,0.05055110048076217
2018-07-26,-0.2978517701349915,0.1826840119528019,0.6748221271883945,0.12431802255199437,-0.9223761769869753,-0.1298236314696308,-0.0703756467634152,-0.22747612337157627
2018-07-27,-0.7501817306860229,0.18003525426784595,0.5870936146297886,0.1224968217686014,-1.2241720943513617,-0.13120728775624171,-0.46575369144136736,-0.28442803924465554
2018-07-28,-0.7890717385667292,0.17737803326964383,0.503122491901162,0.12050100992203625,-1.2956534857398314,-0.13260589199447356,-0.6272578426414629,-0.1618138959252663
2018-07-29,-0.5055836973255398,0.17471344150313514,0.4255799180502762,0.11833021741018213,-1.0868317717225395,-0.1340181523496384,-0.5022263471085845,-0.0033573502169552683
2018-07-30,-0.0087666240526146,0.17204243693136448,0.3560270056571191,0.1159806809100162,-0.6249098432441667,-0.13544290285553498,-0.11630262260120186,0.10753599854858725
2018-07-31,0.6494687421239527,0.1693658853958513,0.29491013821225015,0.11344624493639749,-0.01697007348545418,-0.1368825530359152,0.4238696420231295,0.22559910010082318
2018-08-01,1.054566219271741,0.16668457985079901,0.2416470915959581,0.11071898317883223,0.5761556994174716,-0.13834467960039248,0.9568616744426683,0.09770454482907276
2018-08-02,1.2109770397007171,0.16399939054266063,0.19482132386807705,0.10779477345117622,0.9893773231502985,-0.13983326692223833,1.316159544089974,-0.10518250438925691
2018-08-03,1.4698747579324838,0.16131128912032633,0.15243710507376995,0.10467397896177794,1.1091560676639405,-0.14134909721188932,1.3862293436079254,0.08364541432455841
2018-08-04,1.30842869739577,0.15862125068616723,0.11216963238319873,0.10135817717871431,0.9150879852345764,-0.14289318845716176,1.1443438570254947,0.16408484037027526
2018-08-05,0.3763764305462979,0.15593041636180266,0.0717210097083274,0.09785603474656493,0.49145219891635467,-0.14446003968578502,0.6724996200472647,-0.29612318950096683
2018-08-06,-0.1446162913350248,0.1532401995373928,0.029149047481551445,0.0941869091709073,0.0009152509263044145,-0.14603472059308545,0.1314566865230705,-0.27607297785809526
2018-08-07,-0.1686709052441478,0.15055191462593778,-0.017022505535568944,0.090367705068988,-0.3734175974895564,-0.1476073694542887,-0.2971278527844883,0.12845694754034048
2018-08-08,-0.3605416250431868,0.14786673980894866,-0.06764514492043561,0.08641170336707961,-0.494459844750131,-0.14917189031569697,-0.47699843681023535,0.11645681176704853
2018-08-09,-0.4202129754904173,0.14518588811923028,-0.12269960660075674,0.08233415230366628,-0.3218135532890944,-0.15072573750834536,-0.36771885697529993,-0.05249411851511737
2018-08-10,0.1616816953979664,0.14251050871277926,-0.18129953833007448,0.07814907657205303,0.07122110666632732,-0.15226954919892505,-0.04168839557783992,0.20337009097580633
2018-08-11,0.4189188085679171,0.13984153065202753,-0.24177674273622,0.07386407305505147,0.5223296393262185,-0.1538095561951595,0.34044894410191795,0.07846986446599913
2018-08-12,0.358944889700603,0.13717995411386716,-0.30163655607265727,0.06949040285714103,0.8398213819009708,-0.15534810633988702,0.5895070764594347,-0.23056218675883167
2018-08-13,0.3864414882594164,0.13452684099906714,-0.35768638148802473,0.0650424209675335,0.8727873597278322,-0.15688740444807697,0.557782835758331,-0.1713413474989146
2018-08-14,0.3771858373768508,0.1318832076222173,-0.4063458207349053,0.06053414653164894,0.5665161329109286,-0.15842733099962397,0.1941603353302655,0.1830255020465853
2018-08-15,-0.2879428313342401,0.12925005818821428,-0.44388939670193667,0.055980226062681146,-0.016118072987307424,-0.1599665768074217,-0.4347437622457704,0.1468009309115303
2018-08-16,-1.0946617685505124,0.12662858032046886,-0.4667050034516615,0.051402550879006775,-0.7145210166501098,-0.1614940583750434,-1.1646889472773392,0.07002717872682673
2018-08-17,-1.7825495951469938,0.12401998144864394,-0.47166976223720186,0.0468241893141417,-1.3250556992164517,-0.16299738936666885,-1.788878680057537,0.00632908491054307
2018-08-18,-2.406020377583885,0.12142540919684024,-0.4565040371353548,0.04226649301557582,-1.668490865340097,-0.16446453093949653,-2.1257675312025324,-0.2802528463813525
2018-08-19,-2.368370817134093,0.11884596597698809,-0.42001858493569033,0.03774917053553401,-1.6460567748905268,-0.1658848333227709,-2.075365056636466,-0.29300576049762705
2018-08-20,-1.555766238692068,0.11628253777075755,-0.3623718657702675,0.03328392215870834,-1.266634178687573,-0.16725432949087043,-1.646693914019245,0.09092767532717683
2018-08-21,-0.7023456701363248,0.1137357572822678,-0.2851333872406745,0.02887281840208488,-0.637097896361551,-0.16858020272238441,-0.9482029106402572,0.24585724050393243
2018-08-22,-0.0494076301249803,0.11120623356856917,-0.19116325285942487,0.024516469344851334,0.07784614922663026,-0.16987103670452866,-0.14746543742390278,0.09805780729892248
2018-08-23,0.80894035539759,0.10869463017763334,-0.08443207622377422,0.020216898455066003,0.7083224447265237,-0.17113375995892438,0.5816681371765244,0.22727221822106558
2018-08-24,1.1693932813062171,0.10620154780712111,0.030171929324215793,0.01597382370935691,1.1255562006772686,-0.1723770370201197,1.1055264644978429,0.06386681680837425
2018-08-25,1.1697933838786605,0.10372773043770021,0.14725276302261484,0.011792206448072412,1.269929558691006,-0.17360680520223548,1.359095453397158,-0.18930206951849748
2018-08-26,1.0819425945186707,0.1012740149021434,0.26121842787416233,0.007681061990728681,1.1537688849507215,-0.1748273599701766,1.3491150297475791,-0.26717243522890843
2018-08-27,0.9303197843501394,0.09884125451884658,0.3665584156780556,0.003651128188363818,0.8441093507706986,-0.17604086452055578,1.1371192846354088,-0.2067995002852694
2018-08-28,0.7372839991029828,0.09643031693055416,0.4581407922495851,-0.00028508633383582177,0.4359615861649919,-0.17724534024252667,0.8130022687687687,-0.07571826966578588
2018-08-29,0.662731335211932,0.09404205967090966,0.5315139543322938,-0.0041144447503342965,0.026276139910312583,-0.17843975884202776,0.46927795032115394,0.193453384890778
2018-08-30,0.4535997447628584,0.09167727309777783,0.5830944972192795,-0.007825160622486855,-0.3047716417871499,-0.1796240572176335,0.18255091068978715,0.27104883407307123
2018-08-31,0.1312947469202987,0.08933675844625101,0.6103536253104856,-0.011404289193098511,-0.5030958531741445,-0.18079516499830076,0.004395076391192826,0.12689967052910586
2018-09-01,0.1153508824138072,0.0870213168119365,0.6119328126055107,-0.014838518336855391,-0.5439187867968738,-0.18194955361002824,-0.04175272932631019,0.1571036117401174
2018-09-02,0.0317384521171338,0.08473162084252886,0.5876384116380676,-0.018118848910646683,-0.43238592990689323,-0.18308834921816194,0.03877690444489465,-0.007038452327760847
2018-09-03,-0.104746904650768,0.08246834066534893,0.5384559505785771,-0.0212363412977256,-0.2017840646888916,-0.18421161098239067,0.2136922742749182,-0.3184391789256862
2018-09-04,0.0924787415751803,0.08023216159593118,0.4664530416713906,-0.02418165649806408,0.09025164724561253,-0.18531528885185258,0.4274399051630178,-0.33496116358783745
2018-09-05,0.4886614023461957,0.07802366531285686,0.3746237341634625,-0.026949386550623462,0.3699823261517875,-0.1863980489065365,0.6092822901709469,-0.12062088782475122
2018-09-06,0.7809689592215731,0.07584336349339518,0.2667270743187568,-0.029536531374740795,0.5627127985784222,-0.18745929331960023,0.6882874116962332,0.09268154752533986
2018-09-07,0.8794099956767207,0.07369177972932152,0.14712227826401636,-0.03193942267965541,0.6124204163872601,-0.1884977507643704,0.6127973009365721,0.2666126947401486
2018-09-08,0.7154977326126903,0.07156947537603733,0.020518824161716305,-0.03415244626778624,0.4998008515354375,-0.18950767569116223,0.3682290291142427,0.34726870349844763
2018-09-09,0.1132441959928406,0.06947705276134208,-0.10824827180614746,-0.03616780971688751,0.25171353770017135,-0.1904811764545742,-0.013706667516095755,0.12695086350893636
2018-09-10,-0.5726281036580454,0.06741520698627512,-0.2344468087300451,-0.037973733477305704,-0.0632687142770795,-0.19140650429896738,-0.4596805537971225,-0.11294754986092287
2018-09-11,-1.0195729188009752,0.06538462223967566,-0.35370427637438473,-0.03955858487055197,-0.35453477059506083,-0.19227466069938126,-0.8746876702997031,-0.14488524850127216
2018-09-12,-1.4380771065542066,0.06338587901256602,-0.4622500646106651,-0.04091442155733606,-0.5380883405250122,-0.19308154543908768,-1.170948493119535,-0.26712861343467154
2018-09-13,-1.7594944874681842,0.06141951805584971,-0.5570387546472295,-0.04203493534569594,-0.5636880118963485,-0.19382501407381525,-1.2951671979072397,-0.4643272895609445
2018-09-14,-1.2594772559001142,0.059486016536234726,-0.6358445754939397,-0.04291639411409625,-0.4311420004444745,-0.19450534702657443,-1.24492230054285,-0.014554955357264143
2018-09-15,-0.5192791971564477,0.05758556540628336,-0.6973630503662568,-0.04356541854192113,-0.1897859237034557,-0.19513246811139626,-1.0682612953167465,0.5489820981602989
2018-09-16,-0.4044934435465775,0.05571824923046895,-0.7411135740328887,-0.04399227304811008,0.08071339218358947,-0.1957150166110231,-0.8443892222779634,0.4398957787313859
2018-09-17,-0.4483034436591798,0.05388431337835447,-0.7672113940224957,-0.044201582262418646,0.2995590131096411,-0.1962527111523022,-0.654222360949221,0.20591891729004125
2018-09-18,-0.6142267664920873,0.052084028110792276,-0.7762520074846258,-0.044197370757216164,0.41094563465177436,-0.19674519665896872,-0.554164912138244,-0.06006185435384326
2018-09-19,-1.1137879897130922,0.05031769392279189,-0.7691701201149088,-0.04398307238558126,0.39910635115698473,-0.19719155816194084,-0.5609207055826544,-0.5528672841304378
2018-09-20,-1.1535963715264197,0.048585715767645844,-0.7470835215952655,-0.0435589100763851,0.2872548117855008,-0.19758679170915974,-0.6523886958276638,-0.5012076756987559
2018-09-21,-1.0295751489018112,0.046888358885672304,-0.7112749172714444,-0.042930381322257474,0.12122717084889678,-0.1979313305620811,-0.7840210994212139,-0.24555404948059734
2018-09-22,-0.6640402749524982,0.045225826137061775,-0.6631085934232848,-0.04210526652157048,-0.05172343892077519,-0.1982267271165986,-0.9099381998451673,0.24589792489266915
2018-09-23,-0.3692141547434309,0.04359822086065912,-0.6040244953698899,-0.04109446682023666,-0.20083635555188495,-0.19847475835663295,-1.0008318552379853,0.6316177004945545
2018-09-24,-0.3581158615346297,0.04200562680882692,-0.5354818573191744,-0.039909029118575315,-0.31834298097495806,-0.19867735435591388,-1.0504055949597948,0.6922897334251651
2018-09-25,-1.1663579473730097,0.040448168421038495,-0.4589791899189458,-0.03855779118990894,-0.41348947556523863,-0.19883360292194593,-1.0694118911750008,-0.09694605619800889
2018-09-26,-1.385521086605721,0.038926170737370897,-0.37605394294171207,-0.03704182610524388,-0.4979964543780657,-0.19893468962693045,-1.0711007423145813,-0.31442034429113974
2018-09-27,-1.8235030928330267,0.037439725660835615,-0.2885137958070538,-0.035369508884851644,-0.5733589316371247,-0.19897976405022613,-1.0587822747184208,-0.7647208181146059
2018-09-28,-1.4788017708126768,0.03598893895516714,-0.1984102069003975,-0.03354796937519325,-0.6225766384239713,-0.19896673917411176,-1.0175126149185065,-0.4612891558941703
2018-09-29,-0.801530781221077,0.034573635176861836,-0.10820317454289052,-0.031593303460675515,-0.614727667212869,-0.19890012700628976,-0.918850637045863,0.11731985582478599
2018-09-30,-0.1485516594484253,0.033193500474343954,-0.020674707703222703,-0.029525797881696937,-0.5171513696118,-0.19878758639771557,-0.7329459611200912,0.584394301671666
2018-10-01,0.0910569136922408,0.031848198045673494,0.06120547782370445,-0.027366076603650816,-0.31126447455568806,-0.1986374512091742,-0.4442143264991351,0.535271240191376
2018-10-02,0.2776827784986769,0.03053750121347154,0.13445185413616312,-0.025130538980846072,-0.004668520502882859,-0.1984533275795548,-0.06326303171364908,0.34094581021232595
2018-10-03,0.0086873453862409,0.029261174061785026,0.19621380869443272,-0.022835548964689013,0.3650489049199457,-0.19824187932558712,0.36944645938588727,-0.3607591139996464
2018-10-04,0.350969262516179,0.0280190913211135,0.2439777203461228,-0.02049267441802486,0.7381537965438429,-0.19800428346294546,0.791653650330109,-0.44068438781393005
2018-10-05,1.061040502861592,0.02681091297816762,0.2756408795709506,-0.018120007203842617,1.0468445125858854,-0.19774908070299949,1.1334272172281614,-0.07238671436656952
2018-10-06,1.024310144812456,0.02563617591225851,0.2896953304130147,-0.015738838641571443,1.2332318380325806,-0.19748673935530817,1.3353377663609742,-0.31102762154851815
2018-10-07,1.2629556042691972,0.02449464210425471,0.2854804491401391,-0.013361340860878323,1.2645652773106035,-0.1972167243173073,1.3639623033768118,-0.10100669910761462
2018-10-08,1.616532162060472,0.023386003588733367,0.26314512663665984,-0.011001051744398083,1.1380878338169547,-0.1969397668447963,1.2166781454531534,0.39985401660731856
2018-10-09,1.2904857834955936,0.02230995686228926,0.22366733517467408,-0.008670715769451855,0.878756575254961,-0.19665612579363392,0.9194070257288385,0.37107875776675514
2018-10-10,0.5598125079437879,0.02126643561963098,0.16886216894664285,-0.006374083935205714,0.5314524734017828,-0.1963573267893419,0.518849667243509,0.04096284070027889
2018-10-11,0.0977043854586032,0.020255492792917343,0.10120924229793704,-0.004109793256230787,0.14926811001190665,-0.1960318518998805,0.07059119994664972,0.027113185511953478
2018-10-12,-0.417239041539195,0.019277058782723944,0.023625390999384863,-0.0018800730721370354,-0.21783364915257644,-0.19567972559109156,-0.37249099803369623,-0.04474804350549877
2018-10-13,-0.9718261009154178,0.018331038886569492,-0.06076047575958293,0.0003132555453704347,-0.530064975947664,-0.19529991102743852,-0.7674810683027455,-0.20434503261267223
2018-10-14,-1.3980515998675231,0.017417282116685254,-0.14877288940768152,0.002467684535291191,-0.7616792078218597,-0.1948940008459532,-1.0854611314235179,-0.3125904684440053
2018-10-15,-1.5145217501101524,0.016535521950808794,-0.23735614076556813,0.0045778939142961175,-0.9019142538337402,-0.19446888967815662,-1.31262586841236,-0.2018958816977925
2018-10-16,-1.294520275784988,0.015685341748754654,-0.32373159653624844,0.006634461425813837,-0.9534517529506682,-0.19403350803910888,-1.448897054351457,0.15437677856646892
2018-10-17,-1.1816787530076729,0.014866193399054347,-0.4054784854265982,0.00862444500529877,-0.9286609052134738,-0.1935939931461291,-1.5042427453818479,0.322563992374175
2018-10-18,-1.2250876797662942,0.014077535179610976,-0.480467597683889,0.010535915615089264,-0.8438798417937091,-0.19315221910175714,-1.4928862077846552,0.267798528018361
2018-10-19,-1.3835592428721506,0.013318851187750629,-0.5468330908908553,0.012358713030106536,-0.713843020910958,-0.19270487683446644,-1.4277034244184224,0.044144181546271755
2018-10-20,-1.4388207086499831,0.012589653304977515,-0.6029169247169642,0.014084355620254167,-0.5477288117489886,-0.1922445890049403,-1.3162163165456613,-0.12260439210432184
2018-10-21,-1.417295511276315,0.011889412825972811,-0.6471950847358986,0.015703487416308406,-0.34896231831722474,-0.19176833140687538,-1.1603328342177175,-0.25696267705859754
2018-10-22,-1.0633526196779313,0.011217567947781365,-0.6782606169463519,0.017206641507625596,-0.11937096385812565,-0.19127433044399902,-0.9604817017930695,-0.1028709178848618
2018-10-23,-0.7868199664982805,0.010573438246647627,-0.6948269964139249,0.018581140074243663,0.13262062289798912,-0.1907675621752521,-0.7238193573702965,-0.063000609127984
2018-10-24,-0.504825372871943,0.009956357177056546,-0.6956887938076747,0.019815465455548888,0.3842616446592853,-0.19025693941597172,-0.4719122659317556,-0.03291310694018734
2018-10-25,-0.0082957969663239,0.009365655626332237,-0.6798506233120479,0.020899291539022098,0.5947873581764167,-0.1897480445150756,-0.2445463624853524,0.23625056551902848
2018-10-26,-0.0180187159104881,0.008800591497352468,-0.6466434865176254,0.02182105381641356,0.7104607211349993,-0.18924609172654916,-0.0948072117954093,0.0767884958849212
2018-10-27,-0.0680226418645288,0.008260574710863226,-0.5957195849219357,0.022575339103679114,0.6806634401027819,-0.18875267432136333,-0.07297290532597467,0.004950263461445864
2018-10-28,-0.0710929604401788,0.007745040286196467,-0.5272403019334013,0.023158518925749855,0.4788380497763807,-0.1882685075467012,-0.2057672004917755,0.13467424005159667
2018-10-29,-0.4567970232403753,0.0072534189617876835,-0.4420248105368128,0.023567793738309306,0.122051480821429,-0.1877929243573497,-0.4769450413726366,0.020148018132261303
2018-10-30,-1.1008866810805238,0.0067852552932547595,-0.34157464095185025,0.023804945261465746,-0.32024169264766084,-0.1873243657498894,-0.81855049879468,-0.2823361822858438
2018-10-31,-1.1881955224505527,0.006340175943638172,-0.228176701647611,0.02387530756988903,-0.7363970212432346,-0.18685808266021087,-1.1212163220375293,-0.06697920041302341
2018-11-01,-1.3950423369654896,0.005917638515032676,-0.10501107442551078,0.023778898062573973,-1.0022332448477635,-0.18639371503273983,-1.2639414977284074,-0.13110083923708227
2018-11-02,-1.226717625718155,0.005517134359439319,0.023978015257548238,0.023517606114633112,-1.0198409557766992,-0.18592570477688375,-1.1527539048219624,-0.07396372089619252
2018-11-03,-0.5120581098220452,0.005138013669401669,0.1542242223464385,0.02308888437076103,-0.754947098611639,-0.18545649729244068,-0.7579524755174785,0.24589436569543321
2018-11-04,0.2185804101583399,0.004779442156889538,0.28073107836413835,0.022484364529682374,-0.25623567000509173,-0.18499568458269172,-0.1332364695370732,0.3518168796954131
2018-11-05,0.6988799077709951,0.004440567161325108,0.3984176023046248,0.021695711304012107,0.3534458548378875,-0.18455308180581234,0.5934466538020372,0.10543325396895786
2018-11-06,1.146373080100512,0.004120602232373833,0.5024671972744897,0.020717936451765544,0.912554342783665,-0.1841340130162408,1.2557260657260534,-0.1093529856255413
2018-11-07,1.4403619806536387,0.0038187526792336558,0.5886747281105796,0.01954666168426871,1.2716195325678958,-0.18374702043423713,1.6999126546077408,-0.25955067395410203
2018-11-08,1.5305929089487729,0.0035342713128283794,0.6537481222243833,0.01818025371076632,1.3421984141427354,-0.1833981171043333,1.83426294428638,-0.30367003533760717
2018-11-09,1.3683696075786993,0.00326647984773327,0.6955536684596256,0.016620950895361905,1.1251772890533063,-0.1830868987101381,1.6575314895458888,-0.2891618819671895
2018-11-10,1.4852745698988965,0.003014772030953064,0.7133390092231531,0.014874786598852264,0.7074005299445911,-0.18281245632219104,1.2558166414753582,0.2294579284235383
2018-11-11,1.3366695726272355,0.002778453479662968,0.7077417621740615,0.012946041676249003,0.22715780834249652,-0.1825784666070905,0.7680455990653795,0.568623973561856
2018-11-12,0.6133416457704455,0.0025569147512065505,0.6808016858343515,0.010843452986849383,-0.17635357998598147,-0.18238314488537122,0.33546532870105483,0.27787631706939064
2018-11-13,-0.0199979520916243,0.0023497270614735335,0.6358649474525141,0.00858349869912494,-0.41120992491718367,-0.1822148671935381,0.05337338110239073,-0.07337133319401504
2018-11-14,-0.2538303838082766,0.0021564203526966154,0.5773547365952831,0.0061818746611730716,-0.46083899754206664,-0.18206987831834578,-0.05721584425125967,-0.19661453955701694
2018-11-15,-0.3509963435894787,0.0019764001551644487,0.5103902133459347,0.003650851257456931,-0.38056815342898953,-0.18194766763388837,-0.046498356304321864,-0.3044979872851568
2018-11-16,-0.4186793480566272,0.001809017423889406,0.44047807748535467,0.0010016754697154753,-0.2657106437026903,-0.18184836283728564,-0.004270236161016433,-0.4144091118956108
2018-11-17,0.0243481996495765,0.0016536058689666873,0.3731519986073851,-0.0017542814933453818,-0.20672635573970874,-0.18177058799490153,-0.015445620751603856,0.03979382040118036
2018-11-18,-0.014110586425514,0.0015093221752463194,0.3135855264523906,-0.004611478504854643,-0.25147123992464143,-0.18172241223415073,-0.12271028203600995,0.10859969561049596
2018-11-19,0.1216842117247078,0.001375465729065847,0.2663381772215357,-0.007559062378345426,-0.38788406216093924,-0.18170589349423708,-0.3094353750829202,0.43111958680762796
2018-11-20,-0.1367855158684186,0.0012512884491082572,0.2349832768791701,-0.01058761046695904,-0.5561725744986998,-0.18172349627233297,-0.5122491159097136,0.375463600041295
2018-11-21,-0.4561117726397188,0.0011361811553102787,0.22193978857701302,-0.013683009144899507,-0.680048173052781,-0.18177227102010945,-0.6524274834854666,0.19631571084574784
2018-11-22,-1.0357415242486034,0.0010295663998723952,0.22827580832583946,-0.016830412645757548,-0.7035220038562967,-0.18184913802140024,-0.6728961797977426,-0.3628453444508608
2018-11-23,-0.9077179367714386,0.0009309531860938952,0.25360758791793997,-0.02001194944202038,-0.6144244846967178,-0.18194360814978403,-0.5618415011844884,-0.34587643558695025
2018-11-24,-0.7605073080610179,0.0008396212524566721,0.2959998234920041,-0.023217455261011436,-0.4461348355921358,-0.18204885737150064,-0.3545617034801871,-0.40594560458083073
2018-11-25,-0.3688588075031916,0.0007548195145990148,0.3522171515842197,-0.026438025126639453,-0.25517990859374684,-0.18216145666021513,-0.11080741928178275,-0.25805138822140883
2018-11-26,0.3603875979548682,0.0006756982139861684,0.4179163636459438,-0.029668185937445916,-0.08941309998311027,-0.1822824325221977,0.11722834341717611,0.24315925453769208
2018-11-27,0.8777644920368644,0.0006012752716867815,0.4879735186662005,-0.03290706433485934,0.037717272187234585,-0.182421259924675,0.3109637418655875,0.5668007501712768
2018-11-28,0.999252908686382,0.0005306453689331234,0.5569259501653528,-0.03615137684086695,0.1539662346003679,-0.18258640271690635,0.49268505057688056,0.5065678581095014
2018-11-29,0.8957758634441728,0.0004630537548859738,0.6194233497924169,-0.03939330898503409,0.3111912846253009,-0.18278452990507787,0.7088998492824917,0.1868760141616811
2018-11-30,0.6344128765514844,0.0003978414596862942,0.6705732942809145,-0.0426220011967414,0.5524096118340595,-0.18301717788823538,0.9977415684896834,-0.36332869193819906
2018-12-01,0.6024068331728735,0.00033441465267722395,0.7063192434281687,-0.04582465114693718,0.8796173346683661,-0.18328339215919362,1.357162949443081,-0.7547561162702076
2018-12-02,1.4937859139067933,0.00027213770103677755,0.7237141857707097,-0.04899035316853656,1.2384262561204809,-0.18358305079937096,1.7298391756243197,-0.23605326171752639
2018-12-03,2.037225410522816,0.00021011885643231116,0.7210810484067003,-0.0521174384646355,1.528597002830872,-0.18392504470098844,2.0138456869283803,0.023379723594435742
2018-12-04,2.2070209540280565,0.00014759052739611383,0.6982923997546486,-0.05519983003762116,1.6400128779888423,-0.18431406650653173,2.0989389717267337,0.10808198230132282
2018-12-05,2.5832050820981647,8.391712294448005e-05,0.6567984995749542,-0.058226756318527174,1.496113010668861,-0.1847533064291247,1.9100153646191076,0.6731897174790571
2018-12-06,1.939310871505088,1.8434555405745646e-05,0.5994127259056979,-0.061188399877537325,1.0867945380941082,-0.18524891072790928,1.4397883879497653,0.4995224835553227
2018-12-07,0.5193920235360112,-4.91770535931806e-05,0.5301564997932953,-0.06406282155981044,0.4787674129608492,-0.18579465885122684,0.7590172552895139,-0.2396252317535027
2018-12-08,-0.4384469698947821,-0.00011898852983689889,0.45383335236258765,-0.06681925960811107,-0.2047847192256447,-0.18637623741791504,-0.004265852418920052,-0.4341811174758621
2018-12-09,-0.9948615605533164,-0.00019118881294872715,0.3753672984810475,-0.06943092111272148,-0.8262953093196146,-0.18697831156908346,-0.7075284323333209,-0.28733312821999557
2018-12-10,-1.4225971149130956,-0.0002660815170428098,0.2993349221782202,-0.07187525623765643,-1.277788376442867,-0.18758688997759948,-1.2381816819969456,-0.18441543291615003
2018-12-11,-1.4358212577030038,-0.0003440329061267518,0.22956885258835633,-0.07413228591008222,-1.5100142766976243,-0.1881914040728355,-1.5431131469983124,0.10729188929530853
2018-12-12,-1.3493421421896354,-0.0004255661298575307,0.1687635709656246,-0.07618798047099912,-1.5368955698128481,-0.18878890058923084,-1.6335344460373111,0.2841923038476757
2018-12-13,-1.4051851456246855,-0.0005112597574264649,0.11824701863810516,-0.07803063709156402,-1.414753951797833,-0.18937648290345965,-1.564425312912178,0.15924016728749235
2018-12-14,-1.2770902925548735,-0.0006016911709212791,0.07795645823616015,-0.07964930684534653,-1.2087173245133722,-0.1899546466611556,-1.4009665109546356,0.12387621839976215
2018-12-15,-1.2529834785332117,-0.0006975100627484427,0.04642988464566122,-0.08103638534957931,-0.9633326138016498,-0.19052509842378051,-1.1891617229920968,-0.06382175554111491
2018-12-16,-1.1449712853575025,-0.0007993422768127882,0.021049390185006105,-0.08218458251960072,-0.6895897520409164,-0.1910878265789801,-0.9426121132313039,-0.20235917212619858
2018-12-17,-0.8108822322401705,-0.0009078451467454322,-0.0016702821280015741,-0.08308876786927735,-0.37400151677064075,-0.19164005647213672,-0.6513084683868018,-0.15957376385336874
2018-12-18,-0.2390618084432489,-0.0010237562567145043,-0.025629562131071492,-0.08374799818704755,-0.0027871308556779127,-0.19218366015891872,-0.3053721075894302,0.06631029914618128
2018-12-19,0.111999866896485,-0.0011478841893418975,-0.054680629846409645,-0.08416500563185572,0.4127295709775022,-0.1927230114481027,0.08001303986179223,0.03198682703469277
2018-12-20,0.487987766403087,-0.0012809810028326625,-0.09207907893780823,-0.08434170773136156,0.8239985723622008,-0.19326351223866978,0.45303329245152846,0.03495447395155854
2018-12-21,0.9247232144649932,-0.0014237934794243939,-0.14012196346814876,-0.08428058588951104,1.1528171037266683,-0.19380898227311344,0.7331817786164707,0.19154143584852246
2018-12-22,0.8016295397267954,-0.001577063203299055,-0.1998148214501583,-0.0839846935627877,1.3173160807654292,-0.19436454132515288,0.8375749612240311,-0.035945421497235674
2018-12-23,0.4663166261485346,-0.0017413180439381879,-0.2706455287521478,-0.08345040285583429,1.2655929342560046,-0.19492775601236392,0.7148279285917205,-0.24851130244318592
2018-12-24,0.4085653897867586,-0.0019169783714467201,-0.350603775906993,-0.08267127114656116,1.000081585106654,-0.19549538504911512,0.3693941746325381,0.03917121515422051
2018-12-25,-0.0212210963372807,-0.002104501826890333,-0.43642987136405403,-0.08164277524495263,0.5821569083038983,-0.19606470043819632,-0.13408494057019502,0.11286384423291432
2018-12-26,-0.7704400216782491,-0.0023042092958111336,-0.5238103167926855,-0.08035664515171703,0.11547667373491936,-0.19663248707905684,-0.6876269845843511,-0.08281303709389798
2018-12-27,-1.1262866598319738,-0.002516304382389717,-0.6078041073786375,-0.07880161596259261,-0.2873002018186917,-0.19719332564301184,-1.1736155551853233,0.0473288953533495
2018-12-28,-1.3062530154627567,-0.002741111294552155,-0.6833883194367429,-0.07697155010809195,-0.5410179112461692,-0.19774614272049926,-1.5018650348060554,0.19561201934329864
2018-12-29,-1.6731251770676558,-0.0029790192821260862,-0.7459176960539932,-0.07486323884700131,-0.6118991907243885,-0.1982871246016913,-1.6339462695092002,-0.039178907558455656
2018-12-30,-1.8210055743606328,-0.0032303835203087174,-0.7914419664641683,-0.07247351682262172,-0.5214502668055645,-0.1988122295876607,-1.587408363200324,-0.23359721116030885
2018-12-31,-1.4399765175211665,-0.003495633394393663,-0.8170959314805548,-0.06980279899823513,-0.331775590281968,-0.1993163901182272,-1.4214863442733787,-0.01849017324778779
2019-01-01,-1.2529807738837913,-0.003775367127113198,-0.8213256157659149,-0.06685848584265316,-0.11939073909897577,-0.19979887291524986,-1.2111490807499068,-0.04183169313388446
2019-01-02,-0.995521702500788,-0.004139202007828148,-0.8054263153269966,-0.06464516406402432,0.053746462508480974,-0.19990449948822983,-1.0203687183785979,0.024847015877809908
2019-01-03,-0.6564397587928515,-0.004525504131138628,-0.768646697690475,-0.062231875633692896,0.15068779060400783,-0.19993091644216696,-0.8846472032934657,0.22820744450061414
2019-01-04,-0.8310863835933927,-0.004934699014526414,-0.7129834795281859,-0.05962016295121084,0.16670454795061376,-0.19988921088667866,-0.810723004429988,-0.020363379163404693
2019-01-05,-0.8677386859545465,-0.005366762373759586,-0.6413837972264975,-0.05680586063275771,0.11966234057570306,-0.19978738288049708,-0.7836814625378088,-0.08405722341673771
2019-01-06,-0.6029359991614479,-0.005821707833257609,-0.5575565576684378,-0.05378499011550354,0.035965549417684886,-0.19963510669050774,-0.7808328128900218,0.1778968137285739
2019-01-07,-0.7975496516167758,-0.006299691456102422,-0.4657193840948105,-0.05055692229863016,-0.06048834778699262,-0.19944180329586236,-0.7825061489323981,-0.015043502684377708
2019-01-08,-1.165704942795792,-0.006800735133084309,-0.3702505095005482,-0.04712182748653594,-0.15198401283926233,-0.19920872215261953,-0.7753658071120504,-0.39033913568374157
2019-01-09,-0.7105950615897035,-0.007324906309447492,-0.27545276547089753,-0.043481834764023286,-0.22532978284344124,-0.19893472183049446,-0.750524011218304,0.039928949628600496
2019-01-10,-0.5802828696674328,-0.007872563343727523,-0.18539647621864364,-0.03964729510300479,-0.26882700011407257,-0.1986276137165115,-0.70037094849596,0.12008807882852723
2019-01-11,-0.610057198169549,-0.008444075581647248,-0.10364606546153336,-0.035628456638564704,-0.2707164738250878,-0.19829380584433576,-0.6167288773511689,0.006671679181619927
2019-01-12,-0.4541096845738226,-0.009039677218245163,-0.033114151263030654,-0.03143609302091291,-0.22327839080084871,-0.19793791083279416,-0.4948062231358316,0.040696538562009
2019-01-13,-0.140624536082476,-0.009659778443478286,0.02402902104321259,-0.027083246492906304,-0.1298380572689858,-0.19756587373107357,-0.3401179348932314,0.1994933988107554
2019-01-14,-0.1605764247855074,-0.010304845192352854,0.06644422265101226,-0.02258465946385471,-0.009368646233369329,-0.19718253271092986,-0.1729964609494945,0.012420036163987097
2019-01-15,-0.1028678412263396,-0.010975245000231715,0.09371628601443345,-0.01795318889625238,0.10597088052172458,-0.1967876636499432,-0.026028931010269263,-0.07683891021607034
2019-01-16,-0.1641796027551981,-0.011671296392600849,0.10632840049781203,-0.013202492531180395,0.18067852104488052,-0.1963801633843365,0.0657529692345748,-0.2299325719897729
2019-01-17,0.0197861100947836,-0.012393304490514819,0.10563097688163824,-0.00834572413254548,0.19050046933598772,-0.19595896043281186,0.07943345716175382,-0.05964734706697022
2019-01-18,0.0907177577641732,-0.013141576180701251,0.09370582173957552,-0.0033983417011864345,0.1340853681070581,-0.1955271233177812,0.015724148646964753,0.07499360911720845
2019-01-19,-0.1059752885202119,-0.01391635663112077,0.073221422912655,0.001624400451937312,0.03571693869456316,-0.19508867399490845,-0.09844226856687374,-0.00753301995333816
2019-01-20,-0.261072926139682,-0.014717868457662818,0.047222490032181,0.006708851783031496,-0.06418579323844173,-0.1946459720787113,-0.21961829195960333,-0.04145463418007869
2019-01-21,-0.0324201873873786,-0.015546345757463814,0.018882145169697856,0.011840324475192093,-0.12758523995960702,-0.19420500903194046,-0.30661412510412134,0.2741939377167427
2019-01-22,-0.1628764946023363,-0.016402128964458806,-0.008797891072903338,0.01700077123154872,-0.13754348173574368,-0.19377543202976238,-0.3395181625713195,0.1766416679689832
2019-01-23,-0.4405705345595942,-0.01728546947060278,-0.0331668966237866,0.022173863379467366,-0.10685519207466576,-0.1933636978681349,-0.3284973926577227,-0.11207314190187151
2019-01-24,-0.4882709263657557,-0.018196656524762114,-0.05216099204349792,0.027343862678315293,-0.0722128997110919,-0.1929731514078629,-0.3081998370088995,-0.18007108935685617
2019-01-25,-0.5145120817871193,-0.019136058830385806,-0.0644731471218622,0.03249268934711881,-0.07498074612431672,-0.19260890544931084,-0.31870616817875674,-0.19580591360836253
2019-01-26,-0.4624687435425307,-0.020103983841290973,-0.069640561611744,0.03760197983873694,-0.13675134580866888,-0.19227175389669912,-0.381165665319666,-0.0813030782228647
2019-01-27,-0.4774904035826164,-0.021100693944240256,-0.06803382796622556,0.042652776880275425,-0.24238685888728345,-0.19196115725555435,-0.48082976117302817,0.0033393575904117623
2019-01-28,-0.4032708553508244,-0.02212643404666175,-0.06077864280589497,0.04762720961889666,-0.3399079700859697,-0.1916730551803872,-0.5668588925000169,0.16358803714919246
2019-01-29,-0.1850942412327133,-0.02318143214682227,-0.049586125216498154,0.05250672756435698,-0.3597026327151801,-0.19140658813711592,-0.5713700506512595,0.3862758094185461
2019-01-30,-0.3671052435213189,-0.024265767029578732,-0.036570175951255425,0.05727217457812336,-0.24561793396350176,-0.1911611373629504,-0.440342839729163,0.07323759620784409
2019-01-31,-0.4138045677584073,-0.0253794774059751,-0.023946240198183203,0.061907549381744253,0.015914038875884058,-0.19093518059377623,-0.16243930994030623,-0.25136525781810104
2019-02-01,0.0725489266746909,-0.026522554513681795,-0.013814940138215215,0.06639585193551796,0.3815286202123388,-0.19073037843652085,0.21685659905943888,-0.14430767238474798
2019-02-02,0.5716188354075742,-0.0276950306366362,-0.007960545853509339,0.0707164879449464,0.7598320972659652,-0.1905529028807425,0.6043401058400235,-0.03272127043244932
2019-02-03,0.6089132720086863,-0.028896892193853024,-0.007592804788233577,0.07484933529530519,1.0415600960856695,-0.19040857623691732,0.8895111581619707,-0.2805978861532844
2019-02-04,0.9430056956578502,-0.030128193488171265,-0.01314535336952121,0.07877816783166756,1.1383640615999469,-0.1903011327516956,0.9835675498222264,-0.04056185416437619
2019-02-05,1.3172997982486108,-0.03138901627936482,-0.0242715576755025,0.08248542358565383,1.013389622637567,-0.19023614832040306,0.8499783239479505,0.4673214743006603
2019-02-06,0.7599598184093951,-0.032679433058781564,-0.039847319420147485,0.08595473891372112,0.6924270937953954,-0.19021724170841675,0.5156378385217706,0.2443219798876245
2019-02-07,-0.1059179454063953,-0.033999381013411566,-0.057974551498068676,0.08917783111957787,0.25170998371242603,-0.19024101454597217,0.058672867774551496,-0.16459081318094682
2019-02-08,-0.4804239356177603,-0.03534865444601405,-0.0762412813816188,0.09215024794055054,-0.21233809142745766,-0.19029837724946266,-0.42207615656400266,-0.058347779053757654
2019-02-09,-0.8484947312273506,-0.03672708139119786,-0.09203131088236365,0.094865170082333,-0.6164614006411223,-0.19038179162520333,-0.8407364144575541,-0.007758316769796547
2019-02-10,-1.4115389469970765,-0.038134480972674654,-0.10273917243779966,0.09731622343320677,-0.9117417732917877,-0.1904843577434523,-1.1457835610125076,-0.26575538598456894
2019-02-11,-1.381489304042625,-0.03957056938338746,-0.10601870106730767,0.09949818690965702,-1.0860280781815441,-0.19059943876993227,-1.3227186004925147,-0.05877070355011038
2019-02-12,-1.2803057740841184,-0.04103515700612982,-0.10011216633145642,0.10140099357779786,-1.1504118370679857,-0.1907247669773574,-1.3808829338051316,0.10057715972101322
2019-02-13,-1.2524151456752315,-0.042528105513365035,-0.08398352014182776,0.10301366974843675,-1.1186674713478824,-0.19085841694863823,-1.3330238442032767,0.0806086985280452
2019-02-14,-0.928567765449718,-0.04404925790190843,-0.057394207644765965,0.10432548656259205,-0.993581370189808,-0.19099956423373943,-1.18169891340763,0.2531311479579119
2019-02-15,-0.99601761444644,-0.045598542892400555,-0.020959017472353653,0.10532362044848978,-0.7684022686991161,-0.19115192648640353,-0.920788135101784,-0.07522947934465596
2019-02-16,-0.7445151694831229,-0.0471758645159331,0.023961605652967864,0.10599902631727848,-0.44136095309822576,-0.19131562014602924,-0.5498918057899418,-0.19462336369318112
2019-02-17,-0.1669644873949641,-0.04878117536567763,0.07535710970315301,0.10634094450036699,-0.035298246407712834,-0.1914959245688614,-0.09387729213873186,-0.07308719525623225
2019-02-18,0.5928835562834868,-0.05041439299006506,0.13074905725263877,0.10633702182282043,0.3922062464057884,-0.1917020770039097,0.38717585548727285,0.20570770079621392
2019-02-19,0.8102502970846561,-0.05207540243413296,0.18742170638800598,0.10597454948948883,0.7570461907077425,-0.19194557635741857,0.8064214677936857,0.0038288292909703925
2019-02-20,1.145202332850172,-0.05376397464677766,0.24270447361568176,0.10524631034346683,0.975112259723594,-0.19223169590871203,1.077067373127253,0.06813495972291883
2019-02-21,0.9776944063309758,-0.055479839525812376,0.29414071821657534,0.1041455572401181,0.9952215603498514,-0.19256632878612154,1.145461667494611,-0.16776726116363516
2019-02-22,0.8823566870885433,-0.0572226199611805,0.3397051508503504,0.10267142479734356,0.8242972120628916,-0.192948779595044,1.0165023881543611,-0.1341457010658178
2019-02-23,0.7399045194931576,-0.058992070411531296,0.37788399993158334,0.10082459516371856,0.5295266207369006,-0.1933785347026144,0.7558646107180567,-0.015960091224899053
2019-02-24,0.4956467183647351,-0.060787837959995365,0.4077636425447778,0.0986078771639481,0.21506530634088705,-0.19385480760032184,0.4667941804892958,0.028852537875439344
2019-02-25,0.3431819014963023,-0.06260947880360737,0.4290284213118037,0.09602682048023319,-0.01846344992399194,-0.19437417639460447,0.24960813666983306,0.09357376482646923
2019-02-26,0.4915452219693027,-0.06445658898550208,0.44190084929113777,0.09308799088703808,-0.11406102767224263,-0.1949326806879108,0.16153854283252034,0.3300066791367824
2019-02-27,0.2858365997210666,-0.06632875721843358,0.4470430991544105,0.08979702518615552,-0.07931182588950493,-0.19552709781171418,0.19567244342091333,0.09016415630015329
2019-02-28,0.0840506247195075,-0.06822546675767795,0.44552488397764956,0.08616312655072524,0.022567948440409335,-0.19615174044143385,0.2898787517696723,-0.20582812705016482
2019-03-01,0.1017086205249891,-0.07014623652554883,0.43866409740758994,0.08219617288088346,0.10662187698377457,-0.1968016111796967,0.3605342995670024,-0.2588256790420133
2019-03-02,0.0877433701343351,-0.07209067019166465,0.42787602251716195,0.07790507765081794,0.10962763460174066,-0.19747321336899748,0.3458448512090584,-0.2581014810747233
2019-03-03,0.1676272494042839,-0.07405840369214571,0.4145786864717521,0.0733000745297477,0.022144523702097636,-0.1981615254524928,0.2378033555589589,-0.07017610615467501
2019-03-04,0.5013599674229725,-0.07604896703545029,0.40011219092432815,0.06839145042647259,-0.10751515458330324,-0.19886460943871212,0.08607491029333511,0.41528505712963737
2019-03-05,0.1996535423619936,-0.07806190547641474,0.3856587736245133,0.06318773542574727,-0.19975532838379428,-0.1995892899262483,-0.028560014736196793,0.22821355709819038
2019-03-06,-0.0227264273723206,-0.08009669926461363,0.3722169468227636,0.05770351137735645,-0.18724605021335425,-0.2003370170849303,-0.03775930836277816,0.015032880990457562
2019-03-07,0.0948171295126134,-0.08215281787479357,0.36049924406484507,0.05195388949028525,-0.05552336554864771,-0.20110950864766985,0.07366744148401916,0.021149688028594238
2019-03-08,0.2243371052576691,-0.08422985522772966,0.350903733832068,0.045951985010507616,0.14185748235508772,-0.20191434325777377,0.2525690027121599,-0.028231897454490784
2019-03-09,-0.0367650542885686,-0.08632751308799756,0.3435262940095498,0.03971130419182978,0.3031130639568172,-0.2027611993283106,0.39726194974188866,-0.43402700403045724
2019-03-10,0.1959381021363719,-0.08844535757871594,0.33815056866970405,0.03325006362042289,0.3250688521598842,-0.203648733870109,0.40437539300118613,-0.20843729086481425
2019-03-11,0.4079974873472317,-0.09058300698209011,0.33420950402750327,0.026583628762641323,0.15461454711955808,-0.20457749200365224,0.2202471809239603,0.18775030642327137
2019-03-12,0.0938100936662522,-0.09273992334677714,0.3308546581249015,0.019728426668143742,-0.17843579224189818,-0.20554656020778245,-0.1261391910034125,0.2199492846696647
2019-03-13,-0.3545296387325275,-0.09491519445031295,0.3270048112010038,0.012706281975897127,-0.5652351721572979,-0.20654606278564286,-0.5269853362163528,0.17245569748382528
2019-03-14,-0.6310043511716174,-0.09710785797315906,0.32133531603532056,0.00554106368270376,-0.8594988183391516,-0.20756212059358725,-0.8372924171878736,0.20628806601625627
2019-03-15,-1.004730103170687,-0.09931708378146874,0.31233442139661344,-0.001745246055107015,-0.9386405614536645,-0.2085879639948903,-0.9359564338885171,-0.06877366928216988
2019-03-16,-1.0509122236336792,-0.10154214504794422,0.2983664702719057,-0.009130648616795696,-0.7567105975258939,-0.20961844393245668,-0.7786353648511848,-0.2722768587824944
2019-03-17,-0.7162861883354318,-0.10378251177806057,0.27771293016565496,-0.016596808045420623,-0.3657006583759429,-0.21065163486835806,-0.4190186829021272,-0.2972675054333046
2019-03-18,-0.2281644140227629,-0.10603784843075036,0.24870488300594315,-0.024129783241528865,0.10557604495453334,-0.21169089042766723,0.012422405860530034,-0.24058681988329295
2019-03-19,0.5116663530996031,-0.10830782119007414,0.2099115904942696,-0.03171841697886024,0.5055683500199245,-0.21274589223646792,0.36270781010879183,0.14895854299081124
2019-03-20,1.0903112792293,-0.11059207890026695,0.16024015517554938,-0.039353910327940986,0.7220780499589368,-0.21382633697768194,0.5185458789285963,0.5717654003007037
2019-03-21,0.6492088381341974,-0.11289019672017885,0.09911707929333405,-0.047025443603288725,0.7248409663508449,-0.21493610585993225,0.4491062994607792,0.2001025386734182
2019-03-22,0.2413268836119412,-0.11520160475421859,0.02673085937689438,-0.05471344047598764,0.5699970018185173,-0.2160720680020031,0.21074074796320239,0.030586135648738827
2019-03-23,-0.2015360210225041,-0.1175257096216826,-0.056010644035877105,-0.062398577093699975,0.36448526609366383,-0.21723289742576893,-0.08868256208336478,-0.11285345893913931
2019-03-24,-0.8451385803460344,-0.11986185370639584,-0.14750276843850285,-0.07006062742871617,0.21079294694395107,-0.21841089501013614,-0.34504319763979996,-0.5000953827062344
2019-03-25,-0.8845394380590947,-0.12220922418994759,-0.24544805415286525,-0.07767748576649748,0.1585929093443721,-0.21959243956343613,-0.5063342943283743,-0.37820514373072045
2019-03-26,-0.4189868979957883,-0.12456706530998388,-0.3469928974481017,-0.08523319610739839,0.1856645399911928,-0.22077275441984498,-0.5919013732941362,0.17291447529834786
2019-03-27,-0.5202444533966099,-0.1269347273225562,-0.44889173641097097,-0.09271680069062353,0.21761053895762902,-0.22195132198187695,-0.6728840474483986,0.15263959405178873
2019-03-28,-0.5502838825790756,-0.12931148849122714,-0.5475794251613891,-0.10011287237056238,0.1752911741508524,-0.22312107142601836,-0.8248336832983446,0.27454980071926904
2019-03-29,-0.6827437061094059,-0.1316966760860877,-0.6393978666729545,-0.10740757938085883,0.0232946742119951,-0.224280685324926,-1.079488133252832,0.39674442714342617
2019-03-30,-1.402382681820217,-0.13408961934911628,-0.7208161913227601,-0.11458652830264901,-0.20417042141615854,-0.22542887417733612,-1.39909163456802,-0.003291047252196977
2019-03-31,-1.8912966811288936,-0.1364895442198907,-0.7885951020613097,-0.12163005584530881,-0.41435154784639555,-0.2265566646052682,-1.6876229145781727,-0.2036737665507209
2019-04-01,-1.9906599437312225,-0.13889557665347566,-0.8400235900588576,-0.1285206264097413,-0.500639427222141,-0.22765692439641166,-1.8357361447406273,-0.15492379899059516
2019-04-02,-2.1000376729276575,-0.14130696596715955,-0.8730727230763994,-0.1352446767936333,-0.397986936172366,-0.22872780231956993,-1.7763391043291283,-0.3236985685985292
2019-04-03,-1.7365761199281962,-0.14372303492771615,-0.8864800137787539,-0.14178868877784218,-0.12157666460312029,-0.22976404990908353,-1.523332451996516,-0.21324366793168026
2019-04-04,-1.2392978251662936,-0.14614308527074996,-0.8797915099732597,-0.14814480734414284,0.23026391295258924,-0.23076895151889812,-1.1745844411544617,-0.06471338401183191
2019-04-05,-0.5351515676139218,-0.1485665151115596,-0.8533769581399172,-0.15430700500078845,0.5133390626215382,-0.23174599548652333,-0.8746574111172505,0.3395058435033287
2019-04-06,-0.4428320541494902,-0.15099293645878104,-0.8083596971837138,-0.16027271173876775,0.5980268548881379,-0.23270690977396036,-0.754305400267085,0.31147334611759486
2019-04-07,-0.4527362959620513,-0.15342183932244127,-0.7464937488105563,-0.16603490567090523,0.42647135362199473,-0.23365861374874092,-0.8731377539306491,0.4204014579685978
2019-04-08,-1.3032468366856182,-0.1558525449605794,-0.6701304599512657,-0.17158640518683482,0.03874150746624218,-0.23460555707839087,-1.1934334597108287,-0.10981337697478954
2019-04-09,-1.6956380075937645,-0.15828437025559344,-0.582049870134823,-0.17691270271548354,-0.44200377516372813,-0.23554050172415844,-1.5947912199937866,-0.1008467875999779
2019-04-10,-2.4172788177712503,-0.16071666730151182,-0.4854290563877053,-0.18200479807532172,-0.8606421844829276,-0.23646176249600437,-1.925254468743471,-0.49202434902777936
2019-04-11,-2.2957057120811504,-0.16314836656334022,-0.383660911956069,-0.18685140826071417,-1.090974657208824,-0.23735794690102247,-2.0619932908899696,-0.23371242119118074
2019-04-12,-2.0534624744827337,-0.16557842153824728,-0.2802972138596411,-0.19145068259300088,-1.0820808062280964,-0.23822633089262027,-1.957633455111606,-0.09582901937112775
2019-04-13,-1.4074402989892971,-0.168005907988365,-0.17883248158717108,-0.1958038421026874,-0.8678692969412198,-0.2390664768097061,-1.6495780054291496,0.24213770643985244
2019-04-14,-1.1247524178275108,-0.17043011361994234,-0.08258314809621395,-0.19991774035787666,-0.540457953664062,-0.23988368880091157,-1.2332726445390065,0.10852022671149575
2019-04-15,-0.5787914172221728,-0.1728502530988829,0.0055651301310396875,-0.20379831528662345,-0.20137785304674521,-0.2406849751242295,-0.8131462664254414,0.23435484920326866
2019-04-16,-0.2113927305796483,-0.17526572575801838,0.0831880734055151,-0.20745602672518498,0.08265362320709059,-0.241481598076214,-0.45836165394681166,0.24696892336716336
2019-04-17,-0.0631363236890558,-0.17767614486428338,0.14845639963826118,-0.21090115580761104,0.30002502638636636,-0.2422819925935856,-0.18237786724085248,0.11924154355179667
2019-04-18,-0.1695418083860514,-0.18008099792354057,0.20022284558923964,-0.21414306712472192,0.4817104536214825,-0.2430901999589124,0.044619034203547236,-0.21416084258959864
2019-04-19,-0.0222379736005401,-0.18247968645306595,0.238050663949354,-0.21718973820561233,0.6656655311766467,-0.24390533994552516,0.26014143052179733,-0.2823794041223374
2019-04-20,0.2760640363947334,-0.18487153528084932,0.2621218775917306,-0.22005209854340077,0.858871658689075,-0.24472441239923903,0.4713454900573165,-0.1952814536625831
2019-04-21,0.3742096924424562,-0.18725601727459767,0.2731819657827137,-0.22274279986092457,1.0198381409037145,-0.24554460808373876,0.6374766814671672,-0.26326698902471096
2019-04-22,0.4806534325362145,-0.18963239780671126,0.2724817797084297,-0.22527301436982855,1.0722807058147144,-0.24636278731681222,0.6834942860297921,-0.2028408534935776
2019-04-23,1.1942585132085604,-0.19200005746849733,0.2615818277663366,-0.22765428974724847,0.9437133039882228,-0.2471783326413724,0.5384624518974412,0.6557960613111191
2019-04-24,0.6891395381799871,-0.19435839245578596,0.24210706923107728,-0.2299039584181221,0.6096510634433479,-0.24799734306698357,0.1794984387335335,0.5096410994464535
2019-04-25,-0.369855536899133,-0.19670673097768288,0.2157798716150151,-0.23202756672218677,0.12211103578303613,-0.2488155927002625,-0.3396589830020809,-0.03019655389705206
2019-04-26,-0.9813391619285804,-0.19904424962184353,0.1841982626037607,-0.23402526888811656,-0.3979524092836231,-0.24962456704677316,-0.8964482322365956,-0.08489092969198475
2019-04-27,-1.4824763850620832,-0.20137027409705727,0.14858531721109627,-0.23590111510233644,-0.8022128510657731,-0.2504170206819464,-1.3413159437360171,-0.1411604413260661
2019-04-28,-2.171719770932108,-0.2036842818605615,0.10981237604863023,-0.23766057447723898,-0.9721773899361805,-0.251188452824128,-1.5548983230494788,-0.616821447882629
2019-04-29,-1.6416412140449812,-0.20598577479022476,0.06844870746973251,-0.23930779151711315,-0.8676003235643488,-0.2519337240993411,-1.4963789065012953,-0.14526230754368585
2019-04-30,-0.9720355648315304,-0.20827419797872984,0.024672377267491958,-0.2408590864694719,-0.5452006372347635,-0.25265745307228776,-1.222318997487761,0.25028343265623065
2019-05-01,-0.5409342144395721,-0.2105491335007088,-0.021452838969296572,-0.24233279751917156,-0.13539117515485852,-0.25336680019887214,-0.8630927453429076,0.32215853090333546
2019-05-02,-0.5068548313619315,-0.21281012544479438,-0.06975384542237215,-0.24374539800001815,0.2106579620364159,-0.2540680141531264,-0.5697194209838952,0.06286458962196362
2019-05-03,-0.2729996388493295,-0.21505635870486298,-0.11974375688812361,-0.24510972430203182,0.38086516616647453,-0.25476535256863236,-0.45381002629717626,0.18081038744784678
2019-05-04,-0.4694191750134586,-0.21728711019144312,-0.17057347910212795,-0.24644021788585,0.3428001376381057,-0.2554643638512702,-0.5469650333925855,0.07754585837912692
2019-05-05,-1.0493782741450204,-0.21950174035110728,-0.22084451151949486,-0.2477463582371715,0.14997586131738253,-0.256166357340434,-0.7942831061308252,-0.2550951680141952
2019-05-06,-1.348960796223327,-0.22169922712814785,-0.2685443131383549,-0.24903337690340335,-0.08836978116601318,-0.2568699239384332,-1.0845166222743523,-0.2644441739489747
2019-05-07,-1.4047420702945457,-0.2238786726573615,-0.3111536052147216,-0.25030927922920637,-0.2586207511883501,-0.2575814357029978,-1.3015437439926372,-0.1031983263019085
2019-05-08,-1.398447683700028,-0.2260393685780452,-0.34577420226512273,-0.25158426409843676,-0.29057074640113895,-0.25830849195955957,-1.372277073302303,-0.026170610397724836
2019-05-09,-1.2477937273601387,-0.22818052234805147,-0.36922905549797286,-0.2528696476941538,-0.18186659767594762,-0.2590603327692551,-1.291206155985381,0.043412428625242194
2019-05-10,-0.7611832724016095,-0.2303012601409561,-0.37829422532316204,-0.2541785402647537,0.008819728010758901,-0.25984523317258906,-1.113799530890702,0.3526162584890925
2019-05-11,-0.6865985007442434,-0.23240091275740096,-0.36998575050105076,-0.2555268824782874,0.19350886530423966,-0.2606694793304647,-0.9250741597629641,0.2384756590187207
2019-05-12,-0.6793818743964206,-0.23447863301962982,-0.3417155042145832,-0.2569256794082858,0.29545452405117384,-0.26152882054674,-0.799194113138065,0.11981223874164437
2019-05-13,-1.0492545988076825,-0.2365334769755408,-0.29159686937535,-0.2583841821481013,0.27803993655704246,-0.2624137590012468,-0.7708883509431965,-0.27836624786448594
2019-05-14,-1.2523874207731618,-0.23856449594269136,-0.21866746825426292,-0.2599061597918116,0.15244856133197435,-0.26330871364746994,-0.8279982763042615,-0.4243891444689003
2019-05-15,-1.0972230018828868,-0.24057091986804652,-0.12316228856638997,-0.2614960233705136,-0.036639766576204325,-0.2642038614563969,-0.9260728598375512,-0.17115014204533563
2019-05-16,-0.980984899590701,-0.2425521398118004,-0.006720957886652834,-0.2631612527978366,-0.2354923432373003,-0.26509535234783005,-1.01302204608142,0.03203714649071909
2019-05-17,-0.9194611543661948,-0.24450759599891841,0.12758291374664427,-0.26490823282093773,-0.4017162675136174,-0.2659801805079555,-1.0495293630947848,0.13006820872859004
2019-05-18,-0.6393585469410354,-0.24643698228376795,0.2753260828781188,-0.26674333520305693,-0.5120508645725403,-0.26686444592759573,-1.016769545108842,0.37741099816780665
2019-05-19,-0.575340758595366,-0.24834009869416457,0.43083855264920756,-0.2686762620142213,-0.5569812038588428,-0.26776105567440883,-0.9109200675924298,0.3355793089970638
2019-05-20,-0.7294285940336364,-0.25021656062376696,0.5875120842175484,-0.27071474437826704,-0.529053161140946,-0.26867666313660954,-0.7311490450620411,0.0017204510284047903
2019-05-21,-0.715910699359114,-0.25206608687809395,0.7382261509420789,-0.2728644788870821,-0.41669817178973245,-0.26961689821538415,-0.47301948482821377,-0.24289121453090023
2019-05-22,-0.430292809616911,-0.25388837777252754,0.8757766213594981,-0.27513313844211756,-0.21005331266102192,-0.270589971937479,-0.13388817945364792,-0.2964046301632631
2019-05-23,-0.0863388521467985,-0.2556830083496457,0.9933223079168721,-0.2775298777213012,0.08391592640003595,-0.27159830830152215,0.2724270399444391,-0.3587658920912376
2019-05-24,0.52704493679091,-0.25744936854570455,1.0849531677683533,-0.2800625642661946,0.42680328193096223,-0.2726410392148721,0.7016034776725442,-0.17455854088163414
2019-05-25,1.3839379416796525,-0.25918700236345305,1.1461556223526548,-0.2827410037506145,0.7460957649858414,-0.2737279152212178,1.0765954660032109,0.3073424756764416
2019-05-26,1.7439751700924808,-0.26089536746520603,1.1740968328345247,-0.28557571720052405,0.952196840744858,-0.2748711414908276,1.304951447422825,0.43902372266965584
2019-05-27,1.5641040615385604,-0.26257388036700047,1.1678989878784916,-0.2885693658895476,0.9722097284313647,-0.2760760277558519,1.3128894422974564,0.251214619241104
2019-05-28,1.156275790546644,-0.26422188455812823,1.1286880232886731,-0.2917164401704073,0.7854734962725413,-0.27734247425526715,1.0808807205774116,0.07539506996923251
2019-05-29,0.4817868873598094,-0.2658386816141881,1.0594258593896597,-0.2950073286702867,0.44331429153236485,-0.2786708639478176,0.6632232766897322,-0.18143638932992284
2019-05-30,-0.1526180030792896,-0.26742342780058626,0.964580937904938,-0.29842716776361616,0.060568762745191615,-0.2800537189671784,0.17924538611874885,-0.3318633891980385
2019-05-31,-0.4780395163451215,-0.26897536625794727,0.849716747065149,-0.3019601348770481,-0.2228987047256541,-0.281483721197013,-0.22560117999251345,-0.25243833635260804
2019-06-01,-0.4579739391059154,-0.27049387263668206,0.7209971652873683,-0.3055929035630408,-0.2970543386467643,-0.2829573621583611,-0.4351013117174799,-0.022872627388435485
2019-06-02,-0.3009479165579279,-0.27197827316831047,0.5847120343148062,-0.30931543320591526,-0.13008138779695055,-0.28447483484551067,-0.4111378947018807,0.11018997814395282
2019-06-03,-0.1424200433997147,-0.27342806346728765,0.446847657190367,-0.3131182151565682,0.21183973013316726,-0.2860360551184605,-0.21389494641878204,0.07147490301906734
2019-06-04,0.2687518783164616,-0.2748427861622266,0.31276271312882425,-0.31699073576774434,0.5842076131152592,-0.2876412040416537,0.017495600272458722,0.25125627804400286
2019-06-05,0.1434164370648255,-0.2762219867920621,0.18691538087739143,-0.3209247329842453,0.8174298197408219,-0.2892986223720629,0.11789985846984302,0.025516578594982492
2019-06-06,0.1337874358957394,-0.2775650213231536,0.07274577233548232,-0.3249036577256899,0.7843217764507093,-0.2910062072015975,-0.036407337464249345,0.17019477335998875
2019-06-07,-0.52416754470191,-0.2788712911769295,-0.02744659333051485,-0.3289099746589104,0.4517582605329598,-0.2927629938446943,-0.4762325924780892,-0.04793495222382077
2019-06-08,-1.2664650250858616,-0.2801399685363079,-0.1123699185627945,-0.33291630430140684,-0.10260182428348154,-0.29455859400625245,-1.1225866096902433,-0.1438784153956183
2019-06-09,-2.14462343353347,-0.2813703760792995,-0.18166947996824934,-0.3368937416812528,-0.7184036425483146,-0.2963898233023664,-1.8147270635794825,-0.32989636995398763
2019-06-10,-2.5183251437883,-0.2825617743170085,-0.23584649775728,-0.34081038444472145,-1.2120772028493818,-0.29824591078556534,-2.369541770153957,-0.1487833736343429
2019-06-11,-2.6452843128713406,-0.28371357095686484,-0.27610208413026355,-0.34464036263973163,-1.4445538541371141,-0.30012345278543046,-2.6491333246494047,0.003849011778064071
2019-06-12,-2.2334713249194937,-0.2848253970726709,-0.3040818208736314,-0.3483621415530232,-1.3683129935621907,-0.302025440403974,-2.6076077934654904,0.3741364685459967
2019-06-13,-2.1173995250452036,-0.2858968814267748,-0.32170742995020807,-0.3519621874931355,-1.0374633651560834,-0.3039627917902927,-2.3009926558164944,0.1835931307712908
2019-06-14,-1.7491977170771795,-0.28692759812060065,-0.3308944880861792,-0.3554243625716887,-0.5777780233008619,-0.3059400422128088,-1.8569645142921392,0.10776679721495963
2019-06-15,-1.4150379462955662,-0.2879170438483874,-0.3334428629530477,-0.3587367660369183,-0.13434154516891658,-0.3079658460778802,-1.42240406408515,0.007366117789583848
2019-06-16,-1.4392949238182529,-0.28886461317680223,-0.3309179108610135,-0.36188746969631047,0.18201059082169085,-0.31004587159903424,-1.1097052745114695,-0.32958964930678336
2019-06-17,-1.370549468672022,-0.28976972722025945,-0.3245601408755438,-0.36486012659528205,0.32711208119044677,-0.3121798000324949,-0.9642577135331335,-0.4062917551388886
2019-06-18,-0.8399147427237178,-0.2906319992966173,-0.3153767717622884,-0.3676392808529193,0.32375749244961877,-0.31436449490830093,-0.9642550543705071,0.12434031164678927
2019-06-19,-0.8331252292239034,-0.29145112919054206,-0.3042301442483196,-0.37021553285659325,0.23553949307063277,-0.31660107216865824,-1.0469583853934805,0.2138331561695771
2019-06-20,-0.8991360294489706,-0.29222695191171305,-0.29180717047882737,-0.3725732752179247,0.1314997881994725,-0.3188816681331063,-1.143989277542099,0.24485324809312836
2019-06-21,-0.9537680244169416,-0.29295938146863687,-0.27876636734679516,-0.37469700568969677,0.056792549879438006,-0.3211991796577332,-1.210829384283424,0.25706135986648226
2019-06-22,-1.414616596463449,-0.2936481545922329,-0.2658574653473009,-0.3765726381703778,0.02332121852683374,-0.3235476460237078,-1.2363046856067856,-0.1783119108566633
2019-06-23,-1.5674314980902182,-0.2942929296330777,-0.2539701726708468,-0.3781815470196207,0.02097804847881961,-0.3259152589635221,-1.2313818598082478,-0.33604963828197043
2019-06-24,-1.480256860741482,-0.29489350938878434,-0.24430900396703642,-0.37950819319338575,0.03753748843466384,-0.32828939646267224,-1.2094626145772147,-0.2707942461642674
2019-06-25,-1.1517191408278735,-0.2954497186124951,-0.23831698509030014,-0.3805400406277663,0.07500822036376416,-0.330663599201299,-1.1699621231680963,0.018242982340222813
2019-06-26,-0.88126656592361,-0.29596141446341945,-0.2376336547212899,-0.3812672140781852,0.15103979098805592,-0.3330362371083337,-1.0968587293831724,0.21559216345956245
2019-06-27,-0.728371416101105,-0.29642846529836475,-0.2439674324414195,-0.3816780869913859,0.284725235924111,-0.3354043593850949,-0.9727531081921539,0.24438169209104887
2019-06-28,-0.5777671695786116,-0.29685072579241806,-0.25893335694237857,-0.38175905402233573,0.4750470610095729,-0.3377659275276586,-0.800262003275218,0.2224948336966064
2019-06-29,-0.5689778479663288,-0.29722772763228955,-0.28392628435701417,-0.3814964671358643,0.6859010298124345,-0.34011945822748324,-0.6168689075402167,0.04789105957388795
2019-06-30,-0.7751725504505094,-0.2975589576039162,-0.3199815416939432,-0.38087457740429365,0.8492526518457967,-0.34246118437656115,-0.4916236092329176,-0.2835489412175918
2019-07-01,-0.8061007123489672,-0.29784383965317446,-0.3676361131168782,-0.37987465028072664,0.8879027730863852,-0.3447837013226021,-0.5022355312869962,-0.303865181061971
2019-07-02,-0.7910627117994722,-0.2980818233471023,-0.42688158309634694,-0.3784805609251025,0.7484113160396283,-0.34708198791725503,-0.7021146392461786,-0.08894807255329362
2019-07-03,-1.0647999631920746,-0.2982722323203368,-0.49707974823678297,-0.3766772528563752,0.4295694707585222,-0.3493511070074499,-1.0918108696624227,0.027010906470348095
2019-07-04,-1.4956430404076964,-0.29841454509337795,-0.5768862604611837,-0.37444650180240024,-0.008722639078451222,-0.35158427016647603,-1.610054216601889,0.11441117619419261
2019-07-05,-1.9598039115777783,-0.29850838198166596,-0.6642844451854667,-0.3717692409987692,-0.4631086280798701,-0.35377439122452575,-2.1514450874702975,0.19164117589251917
2019-07-06,-2.505031966363117,-0.29855328224476785,-0.7566793404907894,-0.3686271033908774,-0.8241670012449066,-0.3559103059542428,-2.6039370333255842,0.09890506696246737
2019-07-07,-2.7991453831167705,-0.29854890076696766,-0.8509676842384716,-0.36500172115708435,-1.0173021255386694,-0.357977963705848,-2.8897983954070408,0.09065301229027023
2019-07-08,-2.9846445832324537,-0.29849509108651157,-0.9436807144327543,-0.3608796489798094,-1.0293449088179192,-0.3599671720250291,-2.9923675353420234,0.007722952109569636
2019-07-09,-3.1180017528559456,-0.29839179123041737,-1.0310905686116225,-0.35625035496759566,-0.9078382356704384,-0.36186818550076383,-2.955439135980838,-0.16256261687510776
2019-07-10,-3.084720038270479,-0.29823895183478155,-1.109345738046046,-0.35110483977455326,-0.7341424869946457,-0.363669563994889,-2.8565015806449154,-0.2282184576255637
2019-07-11,-2.8186732231828633,-0.2980367373487456,-1.1745910928711298,-0.3454381332161781,-0.5833924241859361,-0.36536935660933945,-2.766827744231329,-0.05184547895153413
2019-07-12,-2.6769998721056103,-0.29778507928707426,-1.2231887135222408,-0.33924942222418375,-0.490140645354338,-0.36696617346952026,-2.717330033857357,0.04033016175174664
2019-07-13,-2.6633606758600687,-0.29748389366039396,-1.2518277047588962,-0.33253702231844406,-0.43567135742572305,-0.3684561695449815,-2.6859761477084385,0.02261547184836976
2019-07-14,-2.5419750007156363,-0.29713316262568074,-1.2576868369838452,-0.32529866884168696,-0.36365645498830224,-0.3698346771095277,-2.613609800549043,0.07163479983340659
2019-07-15,-2.28506417966048,-0.29673290246855766,-1.2386377805797322,-0.31753512195083233,-0.21609260230134442,-0.3710992281065873,-2.4400976354070543,0.15503345574657423
2019-07-16,-2.1805550010710313,-0.29628314936841726,-1.1934079771322363,-0.3092505780058573,0.028945043234368605,-0.37224769514723083,-2.1422443564193734,-0.0383106446516579
2019-07-17,-1.740857202135098,-0.2957842250867354,-1.1216163076214867,-0.3004495318892109,0.33699279227445883,-0.37328061393368417,-1.7541378862566583,0.013280684121560249
2019-07-18,-1.3102578106521752,-0.2952366897109618,-1.0239227050592157,-0.2911439092216087,0.6241704255458018,-0.3742074639507522,-1.3603403423967364,0.05008253174456123
2019-07-19,-1.0001700698402758,-0.29464099261016624,-0.9019989020824206,-0.28134737337162125,0.7912930059033674,-0.3750375793467477,-1.0617318415075885,0.06156177166731269
2019-07-20,-1.02712232799348,-0.2939973644471469,-0.7584638177733544,-0.2710733064856234,0.7687917792836916,-0.3757773505770306,-0.9305200599994636,-0.09660226799401639
2019-07-21,-1.2014716864855683,-0.2933060308100193,-0.5967519180310948,-0.26033115926292283,0.5520392442877452,-0.37642716524349074,-0.9747770290597825,-0.22669465742578587
2019-07-22,-1.3097524505461946,-0.29256711274909736,-0.4209854817755681,-0.2491291111834753,0.20952317365919382,-0.37698458125648354,-1.1301431133054305,-0.1796093372407641
2019-07-23,-1.2903544030121763,-0.2917805569958216,-0.23581725893001496,-0.23747762556087182,-0.14061100730709605,-0.37744839816016307,-1.2831348469539674,-0.007219556058208898
2019-07-24,-1.1569047982271483,-0.290946542822687,-0.0462197235250625,-0.22539132023450714,-0.37610613301619894,-0.37782367859632876,-1.3164873981947842,0.1595825999676359
2019-07-25,-0.9113845849876618,-0.29006550367189554,0.1427448403425814,-0.21288902524490325,-0.4188838146091845,-0.3781217549287522,-1.1572152581121542,0.24583067312449236
2019-07-26,-0.525713694372222,-0.28913788143343805,0.32614754813372154,-0.19999322649403584,-0.2654221196955291,-0.3783567440697635,-0.8067624235590449,0.2810487291868229
2019-07-27,-0.2842296473036928,-0.2881644168069721,0.4994064227882486,-0.18672990146084417,0.013580263330736387,-0.3785475921364845,-0.34045522428531577,0.05622557698162295
2019-07-28,-0.0844521392135167,-0.2871458886138778,0.6585037944329155,-0.1731225722952634,0.3040459715756987,-0.3787069283328194,0.12357437676665362,-0.2080265159801703
2019-07-29,0.1373224806463647,-0.2860830063779961,0.8001253027380771,-0.1591929071768348,0.4952640018643152,-0.3788417820393605,0.471271609008201,-0.33394912836183627
2019-07-30,0.4222500398874018,-0.28497634201282174,0.9217502587471077,-0.14496146632086487,0.5229572042692807,-0.3789554314105966,0.6358142232721052,-0.21356418338470345
2019-07-31,0.6147916027087056,-0.283826418251482,1.0216741450374105,-0.1304487468136315,0.3909922106416664,-0.3790499578105408,0.6193412328034225,-0.004549630094716872
2019-08-01,0.6321215164027312,-0.28263351729731695,1.0989951041164054,-0.11567322415522666,0.16427404700553216,-0.37912256871263167,0.4858398409567624,0.14628167544596876
2019-08-02,0.5228581473184142,-0.28139801285681576,1.153553288087616,-0.10065132809016876,-0.0625335292047249,-0.3791711833039159,0.32979923463199073,0.19305891268642345
2019-08-03,0.4013098888032883,-0.28012032772807915,1.1857746204353783,-0.08539865895078837,-0.20569516063776133,-0.37919465184741863,0.23536582127133088,0.1659440675319574
2019-08-04,0.3356391022550637,-0.2788009910755202,1.1964767391935889,-0.06993163608885039,-0.2247817834570489,-0.37919111733952776,0.2437712112326415,0.09186789102242221
2019-08-05,0.2786593772990504,-0.27744066695479547,1.1867613537951838,-0.05426933832482575,-0.134038693817247,-0.37916570901253616,0.3418469456857794,-0.06318756838672901
2019-08-06,0.3565332139632628,-0.27604005417805705,1.1579342330464857,-0.038433399185547286,0.00996943395653688,-0.3791327119123099,0.4742975017271084,-0.11776428776384557
2019-08-07,0.48128201212452,-0.2745999148311221,1.1113452878663244,-0.0224482054130329,0.1364792586451555,-0.3791043040456885,0.5716721222216363,-0.09039011009711634
2019-08-08,0.476583799859987,-0.2731208294280301,1.048427875697663,-0.00633881751388135,0.1914492678389692,-0.37908723126583993,0.581330265328881,-0.10474646546889399
2019-08-09,0.4344209449676752,-0.27160322928207214,0.9708365602976639,0.009871227786943533,0.15813079463795426,-0.37908779385673136,0.48814755958375816,-0.05372661461608297
2019-08-10,0.3433297637066955,-0.27004752835564466,0.8804682747368412,0.026158740090484633,0.059816978237787775,-0.3791099562222054,0.31728650848726353,0.02604325521943196
2019-08-11,0.2433724174719113,-0.2684541914762611,0.7794925018473676,0.04250215591893945,-0.0535447871607854,-0.379149669945691,0.12084600918356952,0.12252640828834177
2019-08-12,0.0362141226902773,-0.26682352933703113,0.670447485406762,0.05887953953553685,-0.1275437678926347,-0.37920532704404175,-0.0442455993314087,0.080459722021686
2019-08-13,-0.0701952143429457,-0.2651559433010281,0.556219310457581,0.0752701249328317,-0.12412464571694795,-0.3792767633460414,-0.13706791697360474,0.06687270263065903
2019-08-14,-0.2257470038802401,-0.26345206073252325,0.43989031610701573,0.09165146659617274,-0.03415796036043757,-0.3793649980299667,-0.14543323641973904,-0.08031376746050106
2019-08-15,-0.0582492419896904,-0.2617125088649318,0.3246599065998654,0.10800194651992742,0.12189386892969181,-0.37946984229105035,-0.08662662910649754,0.028377387116807144
2019-08-16,0.007014082473931,-0.2599378137779945,0.21366150670510228,0.12429299157528469,0.3017688605323257,-0.3796029740450123,0.00018257098970586583,0.006831511484225134
2019-08-17,0.0405389174788863,-0.25812875485102277,0.10983142100789668,0.14049697602951358,0.455079428249672,-0.3797755593668521,0.06750351106920743,-0.026964593590321134
2019-08-18,0.0137443065608163,-0.2562862189562377,0.01573389700412176,0.156586288481532,0.5362400018299432,-0.37999477744829513,0.07227919091106416,-0.05853488435024786
2019-08-19,-0.0237288444957016,-0.2544110459587014,-0.06653657482131885,0.17253362921760312,0.5148304991956566,-0.3802626541803947,-0.013846146547155214,-0.009882697948546387
2019-08-20,-0.3004484031439635,-0.2525041300182246,-0.13547423436327616,0.18831217613658163,0.3823778397027512,-0.38057043133250107,-0.197858779874669,-0.1025896232692945
2019-08-21,-0.5457695225888142,-0.2505664637823351,-0.19013176124116415,0.203900596833793,0.15594540333796558,-0.3808945332924187,-0.46174675814415933,-0.08402276444465484
2019-08-22,-0.6491922736041212,-0.24859889592165413,-0.23010125545455143,0.21927772228060669,-0.12339796328306366,-0.38121141682648085,-0.7640318092051434,0.11483953560102211
2019-08-23,-0.8521551521101214,-0.24660213082514723,-0.25550145824044024,0.2344203553842491,-0.39739729516418204,-0.38150402244740317,-1.0465845512929235,0.1944293991828021
2019-08-24,-1.1392225652021513,-0.24457653895205486,-0.266923260275807,0.24930882355289902,-0.6030844396480777,-0.38175158896708355,-1.247027004290124,0.10780443908797266
2019-08-25,-1.289326855647909,-0.2425224355115763,-0.2653237474880982,0.2639259378014009,-0.690398377469176,-0.38194244453503634,-1.316261067202486,0.02693421155457698
2019-08-26,-1.3677842996755285,-0.24044047032160534,-0.25203991200256987,0.2782525658638847,-0.6399765889278097,-0.3820789226036782,-1.2362833279917784,-0.13150097168375008
2019-08-27,-1.140517285529712,-0.23833120266838664,-0.22873835390367858,0.2922688530731893,-0.47329570503815216,-0.38216848614549415,-1.0302648946825221,-0.11025239084718996
2019-08-28,-0.9514933098998748,-0.2361951306746588,-0.19739201252907757,0.3059495030310113,-0.24996236987382547,-0.3822269792956688,-0.7598269893422194,-0.19166632055765542
2019-08-29,-0.5413238264946886,-0.2340330602460653,-0.16013088473996742,0.3192701697917284,-0.04881538365100014,-0.38227329052149206,-0.5059824493667965,-0.03534137712789209
2019-08-30,-0.3265947349048574,-0.2318458773660535,-0.11922665240729785,0.3322026784410256,0.06032694640987326,-0.38232906860914484,-0.34087197353159737,0.014277238626739963
2019-08-31,-0.045971488056714,-0.22963410491916594,-0.07690410471113249,0.34472290874821526,0.045872037935780166,-0.38241010059522645,-0.29835336354152947,0.2523818754848155
2019-09-01,-0.2376718798968038,-0.22739858145528888,-0.03533227883313163,0.3568051816155432,-0.07011368816063465,-0.3825342034035727,-0.3585735702370847,0.12090169034028089
2019-09-02,-0.3808007996703292,-0.22514031875782392,0.003523336891725605,0.3684337530487679,-0.21617399236717544,-0.3827034301841047,-0.4520606513686105,0.0712598516982813
2019-09-03,-0.5212846731325319,-0.22286024207433694,0.037886264939207395,0.3795920878014979,-0.2989774411751374,-0.38291886779127254,-0.4872781983000416,-0.03400647483249031
2019-09-04,-0.4423843382968846,-0.22055923307516612,0.06622889361322418,0.3902636337217,-0.24173213944376432,-0.3831805298676702,-0.38897937505167646,-0.05340496324520816
2019-09-05,-0.346105735624481,-0.21823811215136796,0.08725448897144855,0.4004284491415133,-0.019301282831774777,-0.38348684807580846,-0.13334330494598934,-0.21276243067849165
2019-09-06,-0.0107380535358731,-0.21589764884290302,0.10002823367048135,0.4100681058365338,0.3264420278561729,-0.3838350274189541,0.23680569110133093,-0.24754374463720402
2019-09-07,0.5927415912898693,-0.2135387232300123,0.1040107481468639,0.4191613353526312,0.6973072548888933,-0.38423236292146046,0.6227082522369157,-0.029966660947046475
2019-09-08,1.1175425518679685,-0.21116238967130574,0.09908840933089441,0.427683288987616,0.9732957874847203,-0.38469764427386377,0.9042074518580613,0.21333510000990719
2019-09-09,1.3210869111031585,-0.20876952297366705,0.08565917217676214,0.435612959500701,1.0576346209250633,-0.38525165735376293,0.9848855722750964,0.336201338828062
2019-09-10,1.054289584315949,-0.20636118981418922,0.06466359140440998,0.4429376533811651,0.9131211204532153,-0.38591601121501395,0.8284451642095871,0.22584442010636185
2019-09-11,0.3771018844148553,-0.2039382298427978,0.03750852587779334,0.4496564222318742,0.5750358657403709,-0.3866995837870132,0.47156300022022746,-0.09446111580537214
2019-09-12,-0.3073739093219507,-0.20150125942010144,0.005929985732584221,0.45577861728697444,0.13573074607201585,-0.38759352757101373,0.008344562100459307,-0.31571847142241
2019-09-13,-0.6940691705383066,-0.19905099198748627,-0.028194430053525392,0.46131407785880796,-0.29196398706897825,-0.3885862759928065,-0.44648160724398844,-0.2475875632943182
2019-09-14,-1.0223421444441372,-0.19658847385018433,-0.06304572958037147,0.4662657656400616,-0.6157024028453353,-0.3896711960936543,-0.7987420367294837,-0.22360010771465344
2019-09-15,-0.8680895000990007,-0.1941142837919786,-0.09696109851791289,0.4706367871322133,-0.7910694048078747,-0.39082585517723983,-1.0023338551627927,0.13424435506379206
2019-09-16,-0.6668553789401608,-0.19162903973594186,-0.1285286602679231,0.4744201382000016,-0.827811186976787,-0.3920364909603352,-1.0655852397409857,0.39872986080082495
2019-09-17,-0.6157260256544145,-0.18913355413608765,-0.15645061078265404,0.4776069033827875,-0.7723486011321952,-0.3933036600735688,-1.0336295227417183,0.4179034970873038
2019-09-18,-0.9307033967504098,-0.18662865945899515,-0.17957928085982466,0.4801919223325677,-0.679113957033035,-0.3946283824079521,-0.9597583574272393,0.029054960676829444
2019-09-19,-1.2434939673391092,-0.1841151674817332,-0.1968607846721724,0.48217882318647437,-0.5848255975400805,-0.3960053459444944,-0.879628072452006,-0.3638658948871032
2019-09-20,-1.3785026978180297,-0.18159419082604566,-0.2073857653490403,0.48357068964251104,-0.498234628771749,-0.39743604957361894,-0.8010799448779429,-0.5774227529400868
2019-09-21,-0.7949393855373451,-0.17906694382418575,-0.2104754126118938,0.48436754449923364,-0.4064321427046618,-0.39891885845150904,-0.7105258130930168,-0.08441357244432834
2019-09-22,-0.3602855975340489,-0.1765346487254712,-0.20573119548137245,0.4845530512679197,-0.2927510192071578,-0.40046811519081954,-0.5909319273369013,0.23064632980285238
2019-09-23,-0.1672802678860925,-0.17399842721384087,-0.19277846821143751,0.4841153227610707,-0.15135655318518368,-0.4020913260909376,-0.4361094519403289,0.2688291840542364
2019-09-24,0.0237649719613382,-0.17145891549136558,-0.1712038528242438,0.4830498918788214,0.006158935092966607,-0.4037900375543937,-0.25724397889821504,0.28100895085955324
2019-09-25,0.0636285652413031,-0.16891668361323206,-0.1406550792839566,0.4813541839078877,0.15607221862747828,-0.40557209990039256,-0.07771746026221527,0.14134602550351838
2019-09-26,-0.1081619316786716,-0.16637237820145057,-0.10086491675922836,0.4790297265456999,0.276732162931961,-0.40745604594851276,0.08106854856846923,-0.18923048024714084
2019-09-27,-0.0975705480288545,-0.16382648926924417,-0.05192262246693183,0.47608643464568456,0.3614561296830149,-0.4094405778616785,0.21235287473084502,-0.30992342275969953
2019-09-28,0.186398437224863,-0.1612793178451751,0.005592558621434041,0.4725309837684889,0.42063386992574914,-0.4115285605868351,0.3259495338836618,-0.13955109665879883
2019-09-29,0.4450003067288698,-0.15873155434465458,0.07036521813446459,0.4683658679080585,0.4726394235965988,-0.4137151425160265,0.43892381277844084,0.006076493950428974
2019-09-30,0.6307891651468308,-0.15618415842738792,0.14043010005619536,0.4635959807697455,0.5287660712696637,-0.4159888878757912,0.5606191057924255,0.07017005935440535
2019-10-01,0.7343546172815649,-0.15363835484373148,0.213206724064272,0.4582292018426636,0.5805908741393436,-0.41833777553027257,0.680050669672275,0.054303947609289915
2019-10-02,0.7886770734457845,-0.1510958551949531,0.2855703229173563,0.45227640639752387,0.5991551581250821,-0.42075947290981097,0.765146559335198,0.023530514110586487
2019-10-03,0.9820569718123876,-0.14855797562234208,0.3539017305962552,0.44575232687314326,0.5486284685344411,-0.4232500527105356,0.7764744976709619,0.20558247414142572
2019-10-04,0.7620702167454558,-0.14602608294995023,0.4142700121676166,0.43866995275583787,0.40816527050766604,-0.4258209150949998,0.6892582373861704,0.0728119793592854
2019-10-05,0.4312637098084282,-0.14350089120972936,0.4627467155496456,0.4310584246505042,0.19211977248767192,-0.42845801626079444,0.5139660052172978,-0.08270229540886964
2019-10-06,0.4687151305050849,-0.14098267283427998,0.495702803954458,0.42295404964530864,-0.047425404389637854,-0.4311365490314997,0.299112227344349,0.1696029031607359
2019-10-07,-0.0676643561300668,-0.13847173871077298,0.5101234488609432,0.41438231456077324,-0.23892370359635182,-0.43385759089273945,0.11325273022185212,-0.18091708635191892
2019-10-08,-0.5152506669491881,-0.1359688764032088,0.5040535935462322,0.40538550053442857,-0.3202804811462197,-0.43660309990457996,0.016586636626652385,-0.5318373035758405
2019-10-09,-0.1608776464122681,-0.1334743310061668,0.47667490827053466,0.3960035180557421,-0.2718424874848102,-0.43935078540793854,0.02801082242736125,-0.18888846883962934
2019-10-10,0.5177813883182817,-0.1309890800328593,0.4283225287093624,0.3862499342712005,-0.13301349937344414,-0.4421206297265328,0.10844925384772658,0.4093321344705551
2019-10-11,0.4217821380221946,-0.1285143289333697,0.3606192326142137,0.3761268585727355,0.011022586793919376,-0.4449531860467782,0.17430116300072068,0.24748097502147393
2019-10-12,0.4321006635580657,-0.12605033060113768,0.27668946061307625,0.3656614884621489,0.06803983133334297,-0.44785500660447963,0.13648544320295086,0.29561522035511484
2019-10-13,0.1840061113394086,-0.12359707201199624,0.18075350042621208,0.35488066205040103,-0.019568273723795132,-0.4508360436067182,-0.058367226865896404,0.24237333820530502
2019-10-14,-0.5679996206317149,-0.12115526042662278,0.07793496421071018,0.34382184951944783,-0.2423013983241163,-0.45390468486073565,-0.3956045298813167,-0.17239509075039822
2019-10-15,-1.2640664047132475,-0.11872559767977031,-0.02608431980817076,0.33254156341293856,-0.5201699671856087,-0.4570498206135625,-0.7894881418741737,-0.4745782628390738
2019-10-16,-1.718100602439355,-0.11630841203036535,-0.1257368651545726,0.32109703705678416,-0.7340712340088796,-0.460248969347724,-1.1152684434847575,-0.6028321589545975
2019-10-17,-1.275142864415528,-0.11390430038178127,-0.21610284528067103,0.30953793733370577,-0.7767674039916201,-0.46347803410505234,-1.260714646425419,-0.01442821799010896
2019-10-18,-0.740996436132157,-0.11151422603463071,-0.2934963332410171,0.29788155588846393,-0.6032292749919816,-0.4667434892358754,-1.1771017676150408,0.4361053314828838
2019-10-19,-0.2976891071301005,-0.10913901255249502,-0.35549266565890886,0.2861368138587518,-0.2521212390167473,-0.47005404612983764,-0.9006701494992371,0.6029810423691366
2019-10-20,-0.5007466033215705,-0.10677920778685182,-0.4010220109068636,0.2743106090781432,0.1672744211594884,-0.47341331970011286,-0.5396295081561967,0.0388829048346262
2019-10-21,-0.0445941009710804,-0.10443556243350574,-0.4301840969762947,0.2624288585259215,0.5204064319776521,-0.47680171716732844,-0.2285860860735553,0.1839919851024749
2019-10-22,-0.3570789389501863,-0.10210909537085071,-0.4445550617529544,0.25049410263815747,0.6991871392080075,-0.4802226776151805,-0.0772055928928207,-0.2798733460573656
2019-10-23,-0.9092963403636394,-0.0998005709235356,-0.44641024419351427,0.23853587107917582,0.6691547469223516,-0.48364509589509197,-0.1221652930106144,-0.787131047353025
2019-10-24,-0.5680709081407497,-0.0975106619616264,-0.4384983458202252,0.22659342560173126,0.4785877859550708,-0.4870330649100594,-0.3178608611351089,-0.25021004700564076
2019-10-25,-0.0895307373187943,-0.09524077566528914,-0.4241365921427136,0.21467615895029185,0.2294067620545581,-0.49039098663598135,-0.5656854334391341,0.47615469612033984
2019-10-26,-0.3938632242383106,-0.09299196336174972,-0.40660068414630685,0.2027907771966388,0.030894511138632487,-0.49372531845826323,-0.7596326776310485,0.36576945339273786
2019-10-27,-0.7264714362325119,-0.09076483899452698,-0.38833997421075306,0.19097349799403704,-0.046292134708553215,-0.4970282690147429,-0.8314517189345392,0.1049802827020273
2019-10-28,-0.521361050288187,-0.08856003397821222,-0.37115217278051227,0.17926554482204213,0.00018017258394335996,-0.5002957925792362,-0.7805622819319751,0.25920123164378805
2019-10-29,-0.8321724992700779,-0.0863783281496848,-0.3563139794570104,0.16769126228129827,0.10847456592609592,-0.5035465293963777,-0.6700730087956787,-0.1620994904743992
2019-10-30,-0.9127792181516128,-0.08421944268773895,-0.34406520257029,0.15629469612947522,0.19118497213879337,-0.5067811758251655,-0.5875861528149258,-0.325193065336687
2019-10-31,-1.0828492490121666,-0.08208291262808771,-0.3340274890304584,0.14510957017214765,0.17852610479631514,-0.5100090929282698,-0.6024838196183531,-0.48036542939381355
2019-11-01,-0.5448217500291311,-0.0799684521259899,-0.3253397484010272,0.1341727021380993,0.05321223717647172,-0.5132149143681509,-0.731138175580597,0.18631642555146588
2019-11-02,-0.7543878574433599,-0.07787633277237557,-0.3170328834135684,0.12348846735862817,-0.1460366600141478,-0.5164115972567612,-0.9338690060982249,0.17948114865486497
2019-11-03,-0.9991581852699168,-0.07580641948019869,-0.307658274681249,0.11308879561484005,-0.3418167570358852,-0.5195618801291285,-1.1317545357116212,0.13259635044170437
2019-11-04,-1.2084917621931504,-0.07375913008606569,-0.2957668701824665,0.10300691782147081,-0.4596740832121184,-0.5226113998729436,-1.2488045655321234,0.040312803338973024
2019-11-05,-0.9571479287054344,-0.07173556475061159,-0.2799963731911934,0.09327309646095405,-0.4638649227797101,-0.5255118451669265,-1.2478356094274876,0.2906876807220532
2019-11-06,-1.1523613208545858,-0.06973711767827637,-0.25938932898971223,0.08389561883011257,-0.3728512736137264,-0.528247580318293,-1.1463296817698954,-0.006031639084690399
2019-11-07,-1.3007848809019642,-0.06776458437000336,-0.23315285648115647,0.07490085408471683,-0.24220784337215107,-0.5307859189753796,-0.9990103491139737,-0.3017745317879905
2019-11-08,-1.0126083453426082,-0.06581816398781129,-0.2009645143756077,0.06631199434140406,-0.13416964091473144,-0.5331024572586157,-0.867742782195362,-0.1448655631472462
2019-11-09,-0.938477993169058,-0.06389806342381237,-0.16323827839152144,0.058130412829369066,-0.08597012695101462,-0.5352054035611894,-0.7901814594981688,-0.14829653367088924
2019-11-10,-0.8019439881507799,-0.06200420329902513,-0.1208436444111618,0.050364279088548736,-0.090509704025685,-0.5371048859999361,-0.7600981586472593,-0.04184582950352067
2019-11-11,-0.705356602853476,-0.06013680776150006,-0.07533913820498994,0.04301797682595751,-0.10571277136855703,-0.5388112068982489,-0.7369819474073385,0.031625344553862456
2019-11-12,-0.1383623530544818,-0.05829574483492684,-0.028749057670663852,0.03609432831302922,-0.08226812727274901,-0.5403422286886594,-0.67356083015397,0.5351984770994882
2019-11-13,-0.5220469708122453,-0.05648166233462431,0.016295572454739886,0.02956749537535902,0.0025553495397817143,-0.5417652152099005,-0.5498284601746442,0.02778148936239888
2019-11-14,-0.4919843514316354,-0.05469467683548302,0.057313853695659396,0.02345643862594471,0.1342414646505624,-0.5430926826699402,-0.3827756025332567,-0.10920874889837867
2019-11-15,-0.5922604094549753,-0.0529345547721946,0.09142421423181374,0.017761747469127342,0.262521920896289,-0.5443417370803169,-0.22556840925528138,-0.3666920001996939
2019-11-16,-0.1030795073568159,-0.0512001745370631,0.11598811590869489,0.012492073778120616,0.3322443901177415,-0.5455113948672523,-0.1359869895997584,0.032907482242942515
2019-11-17,-0.0293627695068275,-0.04949124108025698,0.12850539963152297,0.007624764201643958,0.3144538758245308,-0.5466338372126782,-0.14554103863523749,0.11617826912840998
2019-11-18,-0.0121781620956889,-0.04780718131218002,0.12734980554792386,0.0031609736296387414,0.23183985748215205,-0.5476947955696733,-0.23315134022213863,0.22097317812644973
2019-11-19,-0.2230743928008783,-0.04614725420666422,0.11200029334744761,-0.0008984597748606937,0.15029905182242206,-0.548689155179198,-0.3334355239908533,0.11036113118997501
2019-11-20,-0.5413612936459297,-0.04451129011552946,0.0830505021045003,-0.0045427734579068235,0.14681048490940327,-0.5495876758217547,-0.36878075238128744,-0.17258054126464223
2019-11-21,-0.8463387623042637,-0.04289934042196783,0.04226438417197994,-0.007760997324520097,0.26519311959309433,-0.5503651255694554,-0.29356795955086906,-0.5527708027533946
2019-11-22,-0.3778428214045164,-0.041312173711516235,-0.0077149539579973656,-0.010547569533710971,0.48432407123118454,-0.5510012313420807,-0.1262518573141207,-0.2515909640903957
2019-11-23,0.464529708851401,-0.03975156996246459,-0.06399513392456374,-0.012951260193623249,0.7138506350928145,-0.5515416073769094,0.04561106363525358,0.4189186452161474
2019-11-24,0.3995284087380307,-0.03821986185005425,-0.12361435503234976,-0.01504682757941983,0.8313166381919379,-0.5520353232155817,0.10240027051453238,0.2971281382234983
2019-11-25,0.6343903060397355,-0.036718343013192066,-0.18259447328642273,-0.01685254757154092,0.7446020685768882,-0.5524731841701825,-0.04403647946445011,0.6784267855041856
2019-11-26,-0.0591749221616346,-0.03524901454100147,-0.2370664517156685,-0.01840066277463756,0.43372413944804816,-0.5528650589348755,-0.4098570485181348,0.3506821263565002
2019-11-27,-1.502598744868631,-0.033811772741602394,-0.2827000400082206,-0.019651323099144108,-0.024934268721760744,-0.5531303737762568,-0.9142277783469847,-0.5883709665216464
2019-11-28,-2.4466783874239395,-0.03240546017833826,-0.3149937571492619,-0.020501279157048496,-0.48497446975807884,-0.5531336556829992,-1.4060086219257268,-1.0406697654982127
2019-11-29,-2.070274178100325,-0.031029221385684175,-0.33063847477710795,-0.020873678357912068,-0.7964389993196713,-0.5527865025411132,-1.7317668763814889,-0.33850730171883625
2019-11-30,-1.692767857660876,-0.029682992346141936,-0.3286998086745537,-0.020788332108648402,-0.8755497814255817,-0.5521079857753033,-1.806828900330229,0.11406104266935291
2019-12-01,-1.297641494443539,-0.02836597042927207,-0.30981840457386917,-0.020274399656682304,-0.7341848725773582,-0.5511195514372492,-1.643763198674431,0.34612170423089195
2019-12-02,-0.7393525607925684,-0.02707810863729042,-0.27624316613672917,-0.019369065752838602,-0.47356072856302833,-0.5498387242739705,-1.346089793363857,0.6067372325712885
2019-12-03,-0.3671624076748768,-0.02581777189641861,-0.23180827982903732,-0.018119085215585265,-0.23775496186998726,-0.5482418724064069,-1.0617419712174354,0.6945795635425587
2019-12-04,-0.7339061271563271,-0.024582985714686367,-0.18063115099190574,-0.016558943542557672,-0.14478961560367873,-0.5463192137276105,-0.912881909580439,0.17897578242411194
2019-12-05,-1.5743942228209915,-0.023371460000973253,-0.1260918909583339,-0.014659015076286669,-0.22840449291735077,-0.5440248326969501,-0.9365516916498947,-0.6378425311710968
2019-12-06,-1.7524462650459518,-0.022180314413002205,-0.07081051668621605,-0.012334800229196863,-0.42504082180476616,-0.5412515028753029,-1.0716179560084842,-0.6808283090374676
2019-12-07,-1.7184566925859452,-0.02100734080913639,-0.01701354937266429,-0.009563090240817876,-0.6142718546859824,-0.5380177530063185,-1.1998735881149196,-0.5185831044710256
2019-12-08,-1.3664106169039965,-0.019852671693039958,0.03380825826987827,-0.006354234638262138,-0.675334746401676,-0.5344222873946035,-1.2021556818577035,-0.16425493504629296
2019-12-09,-0.6590548791406589,-0.018717532831885878,0.08028739815331315,-0.0027581009477156276,-0.5470425529187662,-0.5305652954427942,-1.0187960839878487,0.35974120484718985
2019-12-10,0.0673732212675946,-0.01760448660385552,0.12123194313627243,0.0011271867976579975,-0.25822877568343533,-0.526568579833246,-0.6800427121866064,0.747415933454201
2019-12-11,0.1060849409591724,-0.016515906740944816,0.15612629078513585,0.005184784167123507,0.08860662716171656,-0.5225568005780502,-0.28915500520501913,0.39523994616419156
2019-12-12,0.3108063922882694,-0.015452076352035143,0.18582631355696505,0.009368506303773713,0.3731436667953639,-0.5185346479830149,0.03435176232105275,0.27645462996721665
2019-12-13,-0.0753324771244216,-0.014413402422862437,0.21147894388200664,0.013613332301194742,0.5065460646395329,-0.5145260723782199,0.202698866021652,-0.2780313431460736
2019-12-14,-0.468684361113133,-0.013398976062649516,0.23527901817752578,0.017929059773764244,0.4784013748560734,-0.5104866148353407,0.2077238619093732,-0.6764082230225061
2019-12-15,-0.4969265764032649,-0.012406973093595055,0.25909829252309763,0.022338967404046332,0.3517606048936616,-0.506333032579001,0.1144578591482095,-0.6113844355514744
2019-12-16,0.1479089068118605,-0.011437982151600473,0.2836177186571971,0.02682149972370676,0.2222281595214362,-0.5020443573838334,0.019185038366906326,0.12872386844495418
2019-12-17,0.1680286205525179,-0.01049513606672669,0.3072084195902151,0.03124969891264221,0.16052254979281563,-0.4977108860269899,-0.009225353798043567,0.17725397435056148
2019-12-18,0.5440142933099736,-0.009578024154856256,0.3279214331056342,0.03558432035715985,0.1890754588783326,-0.49327777738945017,0.0497254107968203,0.49428888251315334
2019-12-19,0.5356716629389736,-0.008687078149946284,0.34211997944185946,0.03972697920569044,0.2590547044876849,-0.488725790838477,0.14348879414681148,0.39218286879216213
2019-12-20,0.278695566365545,-0.007823664633028768,0.34664311314340374,0.04363942493723879,0.28720292675488535,-0.48400451396552197,0.18565728623697714,0.09303828012856785
2019-12-21,-0.2278553719755089,-0.006987545946418084,0.3390675135700466,0.04734257654035914,0.2028459002477382,-0.47898832925730445,0.10328011515442143,-0.33113548712993035
2019-12-22,-0.4281019837190504,-0.006174698505094322,0.3184605003788756,0.0509412430361937,-0.006653047153272079,-0.47342225341039673,-0.11684825565369389,-0.3112537280653565
2019-12-23,-0.8662735772121002,-0.005386022258213401,0.2851059858037496,0.054491387433837385,-0.2895075337328164,-0.4671910723550263,-0.42248725510846913,-0.44378632210363106
2019-12-24,-0.6077587300027355,-0.004619462498704118,0.24175857251812363,0.0581348337836554,-0.5357489727950755,-0.4600662036518467,-0.7005412326438473,0.09278250264111176
2019-12-25,-0.5203039013521966,-0.0038762162509052398,0.19014337298390027,0.06184541180694421,-0.6454727548334928,-0.45191436786510764,-0.8492745541586612,0.32897065280646454
2019-12-26,-0.5980889000424623,-0.003153593340056675,0.13396049227712648,0.06562042437808857,-0.5590359314505337,-0.4425561284963166,-0.8051647366316919,0.20707583658922957
2019-12-27,-0.551232838313763,-0.002452119636780297,0.07894091691147648,0.06950245018820533,-0.28328682305062464,-0.4318066528546372,-0.5691022284423604,0.01786939012859734
2019-12-28,-0.0735674275173607,-0.0017711653263076832,0.03020080822687236,0.0735192668967269,0.10454629041919541,-0.41939582840686973,-0.21290062819038275,0.13933320067302205
2019-12-29,-0.035547428880304,-0.0011184589290483779,-0.010825224415676224,0.07744841168042627,0.4704914183788231,-0.4054982232953264,0.13049792341919836,-0.16604535229950235
2019-12-30,0.0516477442786353,-0.0004941811088565921,-0.04042889607926736,0.08126275262991983,0.7134824916753738,-0.3903053329789684,0.36351683413820124,-0.31186908985956596
2019-12-31,0.5118212421844908,0.00010562904615059744,-0.05406620468938313,0.0850695770120342,0.8002084498974195,-0.37404127645478064,0.4572761748114405,0.05454506737305026
