prefecture_code,target_variable,frequency_band,model_name,split,selected_candidate,n_observations,mae,rmse,nrmse_std,r2,pearson_correlation
JP-01,cases,trend,hist_gradient_boosting,train,medium,4383,0.026514674045146066,0.03417581548768316,0.03415842273652896,0.9988332021561526,0.9994175452700865
JP-02,cases,trend,hist_gradient_boosting,train,medium,4383,0.018853606016409487,0.02537635523285419,0.08436675017463173,0.9928822514649713,0.9968592515634642
JP-03,cases,trend,hist_gradient_boosting,train,medium,4383,0.024150063824054477,0.031035960472951492,0.1409490798602194,0.9801333568865574,0.9900883798680249
JP-04,cases,trend,hist_gradient_boosting,train,medium,4383,0.01957223711028131,0.03036169063726323,0.12287270403888594,0.9849022986021724,0.9928815838001941
JP-05,cases,trend,hist_gradient_boosting,train,medium,4383,0.0279043686455425,0.037197069839342484,0.12195459477116291,0.9851270768142014,0.9926703014256315
JP-06,cases,trend,hist_gradient_boosting,train,medium,4383,0.021152436951876685,0.025275920866132572,0.11971797471803781,0.9856676065294112,0.9932829664162176
JP-07,cases,trend,hist_gradient_boosting,train,medium,4383,0.026937838269483743,0.03641096519373949,0.10403528152064428,0.9891766601989203,0.994793504248522
JP-08,cases,trend,hist_gradient_boosting,train,medium,4383,0.03297341600463419,0.04111919807368278,0.06685159000059758,0.995530864914392,0.9978660917313972
JP-09,cases,trend,hist_gradient_boosting,train,medium,4383,0.03082781171636936,0.04204983818520423,0.09308232656662246,0.9913356804809447,0.9966239996253701
JP-10,cases,trend,hist_gradient_boosting,train,medium,4383,0.02552610638314942,0.03221673877398345,0.05053056595337259,0.9974466619044319,0.9988283486041492
JP-11,cases,trend,hist_gradient_boosting,train,medium,4383,0.16223294456934872,0.2015227417831598,0.08249158949561257,0.9931951376624873,0.9966153307114858
JP-13,cases,trend,hist_gradient_boosting,train,medium,4383,0.03342783218125159,0.05054432042893357,0.023367710968095902,0.9994539500841115,0.9997300926398816
JP-14,cases,trend,hist_gradient_boosting,train,medium,4383,0.07133511019721667,0.10055028297018047,0.05456648127105784,0.9970224991216953,0.9985114022652968
JP-15,cases,trend,hist_gradient_boosting,train,medium,4383,0.020284283613879812,0.026188924718685648,0.06645799935715822,0.995583334321444,0.997928200358697
JP-16,cases,trend,hist_gradient_boosting,train,medium,4383,0.012107393966578133,0.017100352748290894,0.21788636977203155,0.9525255298675656,0.9824305814042351
JP-17,cases,trend,hist_gradient_boosting,train,medium,4383,0.006208477181322171,0.009057050065587564,1.5515295329394008,-1.4072438915831547,0.6125585282680647
JP-18,cases,trend,hist_gradient_boosting,train,medium,4383,0.009730607844481822,0.01305328852237441,0.26328247232119517,0.9306823397684391,0.9652235513226388
JP-19,cases,trend,hist_gradient_boosting,train,medium,4383,0.018935796737368737,0.02823723223654335,0.16845813421030312,0.9716218570183836,0.9867444009197655
JP-20,cases,trend,hist_gradient_boosting,train,medium,4383,0.01922051579546581,0.024719512804651737,0.13808239036795947,0.9809332534702705,0.9909492671073671
JP-21,cases,trend,hist_gradient_boosting,train,medium,4383,0.02799886095305423,0.034896219306029104,0.08270970615131078,0.9931591045083639,0.9966476650903114
JP-22,cases,trend,hist_gradient_boosting,train,medium,4383,0.04169735573269924,0.05718256071702782,0.08902533724339251,0.9920744893287002,0.9960578280805981
JP-23,cases,trend,hist_gradient_boosting,train,medium,4383,0.02976974232657521,0.043317324085901165,0.12086886300803608,0.9853907179551447,0.9927294405369752
JP-24,cases,trend,hist_gradient_boosting,train,medium,4383,0.0185680389425042,0.023946858828129657,0.08801289253808992,0.9922537307470787,0.9962011373231072
JP-25,cases,trend,hist_gradient_boosting,train,medium,4383,0.023243444017024804,0.029532762657826114,0.11989064117608118,0.9856262341583881,0.9935596331184732
JP-26,cases,trend,hist_gradient_boosting,train,medium,4383,0.025503933940226466,0.03383271583021603,0.12741327945535444,0.9837658562184317,0.991880131066725
JP-27,cases,trend,hist_gradient_boosting,train,medium,4383,0.043339680637445206,0.05733804066819454,0.0336384998376421,0.998868451328673,0.999434739404962
JP-28,cases,trend,hist_gradient_boosting,train,medium,4383,0.03359494737809114,0.047157111865791655,0.05761499605512642,0.9966805122295678,0.9983424063202203
JP-29,cases,trend,hist_gradient_boosting,train,medium,4383,0.02373632918564119,0.03172910487151801,0.09041070387413559,0.9918259046249833,0.9963189879280473
JP-30,cases,trend,hist_gradient_boosting,train,medium,4383,0.015825216516956904,0.018995477386406483,0.19002230552075972,0.9638915234045751,0.9832770808416712
JP-31,cases,trend,hist_gradient_boosting,train,medium,4383,0.02206591315682881,0.02746317345650398,0.5348749612818378,0.7139087757937526,0.8669282968167974
JP-32,cases,trend,hist_gradient_boosting,train,medium,4383,0.022481451512485536,0.029565175817202163,0.21327541964253705,0.9545135953762998,0.9840259087106952
JP-33,cases,trend,hist_gradient_boosting,train,medium,4383,0.021989020606900635,0.029057169021269053,0.15212460603281944,0.9768581042393595,0.9885946376305313
JP-34,cases,trend,hist_gradient_boosting,train,medium,4383,0.014972772575014566,0.020562273769777237,0.17599660156243913,0.969025196238472,0.9848056945464925
JP-35,cases,trend,hist_gradient_boosting,train,medium,4383,0.020777717156595873,0.026463616432184374,0.13430212009583375,0.9819629405377642,0.9910295842774111
JP-36,cases,trend,hist_gradient_boosting,train,medium,4383,0.010240687329305944,0.014054510811935395,0.2460586837921162,0.9394551241304914,0.9716050245074288
JP-37,cases,trend,hist_gradient_boosting,train,medium,4383,0.019384715787638486,0.02624194851477048,0.14555300638268825,0.9788143223329611,0.9898026042341546
JP-38,cases,trend,hist_gradient_boosting,train,medium,4383,0.024611749444955252,0.035127555912295244,0.16706970394937332,0.9720877140222688,0.9876955012307786
JP-39,cases,trend,hist_gradient_boosting,train,medium,4383,0.007815939747258761,0.01111912076887947,0.7829962627083709,0.38691685258472386,0.7861168569571158
JP-40,cases,trend,hist_gradient_boosting,train,medium,4383,0.023350789202246574,0.031319020082733795,0.2054056772664385,0.9578085077467158,0.9789902738635422
JP-41,cases,trend,hist_gradient_boosting,train,medium,4383,0.011985111617061605,0.015168853431073066,0.2013459138192495,0.9594598229882914,0.979568696923512
JP-42,cases,trend,hist_gradient_boosting,train,medium,4383,0.02057277780671117,0.025776050091616886,0.1159767385443034,0.9865493961166263,0.9933084026956388
JP-43,cases,trend,hist_gradient_boosting,train,medium,4383,0.06501831768164923,0.07516181144795536,0.22395346870035623,0.9498448438570786,0.9747889328779298
JP-44,cases,trend,hist_gradient_boosting,train,medium,4383,0.010753181912366835,0.013187812120041064,0.1256018774037458,0.9842241683926544,0.9924261471211726
JP-45,cases,trend,hist_gradient_boosting,train,medium,4383,0.011527027643283403,0.014108461937497797,0.11270951419617008,0.9872965654096634,0.9936365236187218
JP-46,cases,trend,hist_gradient_boosting,train,medium,4383,0.020828459935261126,0.026692192729034957,0.0969961350383886,0.9905917497876147,0.9952968033837447
JP-47,cases,trend,hist_gradient_boosting,train,medium,4383,0.027878630617116713,0.036541080853812906,0.1788293803119117,0.9680200527372577,0.9845668019933346
JP-01,cases,trend,hist_gradient_boosting,validation,medium,365,0.21094238163804063,0.22441402427244506,3.28950321555014,-9.820831405114708,-0.4846216084264872
JP-02,cases,trend,hist_gradient_boosting,validation,medium,365,0.12837155415409163,0.13591292508575317,7.924736967196632,-61.80145599925289,-0.6779714479636089
JP-03,cases,trend,hist_gradient_boosting,validation,medium,365,0.030424035723901302,0.04716361721355311,2.11412754958569,-3.4695352959171952,-0.7031757755225866
JP-04,cases,trend,hist_gradient_boosting,validation,medium,365,0.16621180198373114,0.18066989220089533,5.376154235341507,-27.903034362180428,-0.5197049546492444
JP-05,cases,trend,hist_gradient_boosting,validation,medium,365,0.05522937424801977,0.057290145879144536,6.400786650814045,-39.97006974923927,-0.5636281807055857
JP-06,cases,trend,hist_gradient_boosting,validation,medium,365,0.04570007696980567,0.04756147152698324,13.367012248424057,-177.67701644951882,-0.1231103727462253
JP-07,cases,trend,hist_gradient_boosting,validation,medium,365,0.11339432996237134,0.12093518871971681,10.844046423268022,-116.593342829992,-0.024383780428203935
JP-08,cases,trend,hist_gradient_boosting,validation,medium,365,0.1714953962543955,0.18154815725797635,4.546565957797992,-19.671262008607577,-0.8185580848272671
JP-09,cases,trend,hist_gradient_boosting,validation,medium,365,0.028523375284054776,0.03167468603409606,6.818549599497349,-45.49261864080546,0.19403384886534272
JP-10,cases,trend,hist_gradient_boosting,validation,medium,365,0.1634395520399334,0.17116046047979533,5.987393818129759,-34.84888473337845,-0.8848351480878903
JP-11,cases,trend,hist_gradient_boosting,validation,medium,365,0.5556002717438985,0.7045085476923928,1.3718456085569404,-0.8819603737169626,-0.12399951201021892
JP-13,cases,trend,hist_gradient_boosting,validation,medium,365,0.3709230029891641,0.4101164920137455,3.885155632233354,-14.094434286674552,-0.8045336956482868
JP-14,cases,trend,hist_gradient_boosting,validation,medium,365,0.7456032449892881,0.8072567089833481,8.79938197251081,-76.42912309814825,-0.5102838372742637
JP-15,cases,trend,hist_gradient_boosting,validation,medium,365,0.03954258099866197,0.040584429197394696,2.5692466977478596,-5.601028593888282,0.858833609384015
JP-16,cases,trend,hist_gradient_boosting,validation,medium,365,0.01788239297759682,0.02058830231117405,3.1717729981149865,-9.060143951571327,-0.11253323750609939
JP-17,cases,trend,hist_gradient_boosting,validation,medium,365,0.03944564098153901,0.040775434015700655,25.245707333509287,-636.3457387692048,0.536012022793018
JP-18,cases,trend,hist_gradient_boosting,validation,medium,365,0.03136696652597142,0.0314083069931905,5.441221002898231,-28.60688600238082,0.9627227993915897
JP-19,cases,trend,hist_gradient_boosting,validation,medium,365,0.025346145933745932,0.030996107977256184,3.9005180815717697,-14.214041304668314,-0.6716581226048858
JP-20,cases,trend,hist_gradient_boosting,validation,medium,365,0.015432616614699227,0.017459547475586864,1.5498188543142362,-1.401938481187892,0.614073882271111
JP-21,cases,trend,hist_gradient_boosting,validation,medium,365,0.033991088722743444,0.0405265598490373,2.589642158051103,-5.706246506755573,-0.007032665193544375
JP-22,cases,trend,hist_gradient_boosting,validation,medium,365,0.40852216432717126,0.43257452087916665,38.45545418909956,-1477.8219568899349,-0.009055129563038231
JP-23,cases,trend,hist_gradient_boosting,validation,medium,365,0.3416292828750829,0.3618141270967403,10.402159437315493,-107.2049209593318,-0.6090178322897729
JP-24,cases,trend,hist_gradient_boosting,validation,medium,365,0.09741248383423011,0.10481917781065683,5.264756702133935,-26.717663132664185,-0.42385869096398165
JP-25,cases,trend,hist_gradient_boosting,validation,medium,365,0.09555504777338551,0.09739133939308349,5.586245207293768,-30.20613551601259,0.07049424693680634
JP-26,cases,trend,hist_gradient_boosting,validation,medium,365,0.22906669197664853,0.23085595344610846,7.0216164331052715,-48.30309733365399,0.8287636060627581
JP-27,cases,trend,hist_gradient_boosting,validation,medium,365,0.8802651817817048,0.9498466033714507,6.741929832145946,-44.45361786157947,-0.6875950256876312
JP-28,cases,trend,hist_gradient_boosting,validation,medium,365,0.04673396474905317,0.05852318781913896,3.6386232438772104,-12.239579110883511,0.5992859275566369
JP-29,cases,trend,hist_gradient_boosting,validation,medium,365,0.08680018198186377,0.09077248595628112,4.043107356690098,-15.34671709772159,-0.7190864819899931
JP-30,cases,trend,hist_gradient_boosting,validation,medium,365,0.053309994794661426,0.05416237794028829,10.503658745724444,-109.32684704663362,0.43228573947006993
JP-31,cases,trend,hist_gradient_boosting,validation,medium,365,0.036859780323780615,0.04658020415637054,1.5099553082462347,-1.2799650329009817,-0.6768945078478913
JP-32,cases,trend,hist_gradient_boosting,validation,medium,365,0.13334491818952107,0.14842769004488196,8.607255112653679,-73.0848405743029,-0.6124356601324726
JP-33,cases,trend,hist_gradient_boosting,validation,medium,365,0.011521972719535947,0.021917310158969437,1.9946843711979592,-2.9787657407013985,-0.5724385085915082
JP-34,cases,trend,hist_gradient_boosting,validation,medium,365,0.06821647556105095,0.07029253907937844,10.173829978883452,-102.50681643922769,0.9296128954879086
JP-35,cases,trend,hist_gradient_boosting,validation,medium,365,0.10362705257447218,0.10574667629138215,7.30879706493384,-52.418514536385494,-0.030243489557684234
JP-36,cases,trend,hist_gradient_boosting,validation,medium,365,0.03834597055329061,0.04401220455647075,27.520053310427276,-756.3533342087593,-0.2566112714067739
JP-37,cases,trend,hist_gradient_boosting,validation,medium,365,0.0658601898185254,0.0784098428213304,2.7799914378585675,-6.728352394566949,0.04427584996786707
JP-38,cases,trend,hist_gradient_boosting,validation,medium,365,0.06996420530659672,0.07459165273625866,5.487216372130356,-29.109543514575424,-0.4149310384538399
JP-39,cases,trend,hist_gradient_boosting,validation,medium,365,0.022386692476732473,0.022913060088603124,28.353890358554644,-802.943098464938,-0.15999208054581004
JP-40,cases,trend,hist_gradient_boosting,validation,medium,365,0.2824454187970455,0.31059939044848667,26.96962654561585,-726.3607560099871,-0.8207574248344626
JP-41,cases,trend,hist_gradient_boosting,validation,medium,365,0.060468150287126154,0.06329057255298985,23.3237468890769,-542.9971689457242,-0.7837868158879178
JP-42,cases,trend,hist_gradient_boosting,validation,medium,365,0.15057448704529589,0.1514931987383888,6.839027238142579,-45.772293564056106,0.6751840100451798
JP-43,cases,trend,hist_gradient_boosting,validation,medium,365,0.0876941601263552,0.10131183553960953,1.1331855381522735,-0.28410946387745795,-0.4375303555885292
JP-44,cases,trend,hist_gradient_boosting,validation,medium,365,0.041464052568339814,0.04388521475075087,7.296498588648406,-52.23889165414819,-0.8276629810089196
JP-45,cases,trend,hist_gradient_boosting,validation,medium,365,0.0433681946931109,0.0450179291501574,8.74642976578786,-75.5000336478599,-0.4009912790972217
JP-46,cases,trend,hist_gradient_boosting,validation,medium,365,0.1338748095667656,0.14981917207958123,8.804476743963104,-76.51881073498716,-0.8570265350192655
JP-47,cases,trend,hist_gradient_boosting,validation,medium,365,0.16314856258471566,0.17265626842421083,3.9916674277599737,-14.933408853839923,-0.8125574761446751
JP-01,cases,trend,hist_gradient_boosting,test,medium,730,0.25015148929631886,0.27720201097448816,4.885754003279911,-22.87059218056568,-0.6110102422055683
JP-02,cases,trend,hist_gradient_boosting,test,medium,730,0.2751780503216856,0.27993451845359424,12.380460738821476,-152.27580810549998,-0.037294243889044267
JP-03,cases,trend,hist_gradient_boosting,test,medium,730,0.29885686015936647,0.3104421993388917,16.372727943531856,-267.0662203129089,-0.7347952690766563
JP-04,cases,trend,hist_gradient_boosting,test,medium,730,0.5973129215186511,0.6407722558619672,3.737767761029491,-12.970907835391413,-0.6256125824006441
JP-05,cases,trend,hist_gradient_boosting,test,medium,730,0.07376149801652766,0.0771732969091083,4.315983783247689,-17.62771601725704,-0.16726423891017778
JP-06,cases,trend,hist_gradient_boosting,test,medium,730,0.03202880963557349,0.03521586611268635,2.0067251505198995,-3.0269458297291134,0.8953183993882798
JP-07,cases,trend,hist_gradient_boosting,test,medium,730,0.02682439410168978,0.03714833073216005,1.101891613312221,-0.21416512748780892,0.37256095151224733
JP-08,cases,trend,hist_gradient_boosting,test,medium,730,0.2795487998820456,0.29351528628669266,4.7067665309451785,-21.15365117682571,-0.75248138288892
JP-09,cases,trend,hist_gradient_boosting,test,medium,730,0.043381994524716215,0.05161468725037452,2.617517172600968,-5.851396148860966,0.3047105851809565
JP-10,cases,trend,hist_gradient_boosting,test,medium,730,0.20947626834173333,0.22607769506817693,4.330161272796699,-17.75029664842833,-0.44812808374786073
JP-11,cases,trend,hist_gradient_boosting,test,medium,730,0.581594175309583,0.734595509777451,1.2505104429111882,-0.5637763678299363,0.16371236365454053
JP-13,cases,trend,hist_gradient_boosting,test,medium,730,0.442379379762946,0.464869125286659,3.954075667347349,-14.634714383108385,0.24450203460136632
JP-14,cases,trend,hist_gradient_boosting,test,medium,730,0.7077742905815014,0.8967089316176106,9.350433601928001,-86.43060854406424,-0.4525329492959362
JP-15,cases,trend,hist_gradient_boosting,test,medium,730,0.07481189181073701,0.07654272958680987,4.489726067341176,-19.157640159762867,0.3649594904218882
JP-16,cases,trend,hist_gradient_boosting,test,medium,730,0.025469211674836532,0.032360578075916226,3.4470143906531905,-10.88190820937019,0.5466357766974546
JP-17,cases,trend,hist_gradient_boosting,test,medium,730,0.02799694048301894,0.03363455728901018,4.741836034384234,-21.485008976984805,0.253116900219893
JP-18,cases,trend,hist_gradient_boosting,test,medium,730,0.008497884330048047,0.01069258468313715,1.4748722853494802,-1.1752482580919987,-0.015124982590338234
JP-19,cases,trend,hist_gradient_boosting,test,medium,730,0.04521758766309086,0.05065364311179025,2.2700970522808444,-4.153340626774179,0.47098322103147033
JP-20,cases,trend,hist_gradient_boosting,test,medium,730,0.07065378043951795,0.07691945009115513,2.8055474459945846,-6.871096471726739,0.5832776480662581
JP-21,cases,trend,hist_gradient_boosting,test,medium,730,0.14322730075158444,0.1571128626090934,2.735528706408692,-6.4831173035860115,-0.018217493527685483
JP-22,cases,trend,hist_gradient_boosting,test,medium,730,0.18524646553097499,0.23763056859267268,1.5341123926628148,-1.3535008333216259,0.17892150569368817
JP-23,cases,trend,hist_gradient_boosting,test,medium,730,0.086223330575234,0.11264628841497577,1.64500247271667,-1.7060331352439584,0.34162211850184865
JP-24,cases,trend,hist_gradient_boosting,test,medium,730,0.17892397177760216,0.21217739353230547,8.621538455772235,-73.33092534435949,0.22389107759991025
JP-25,cases,trend,hist_gradient_boosting,test,medium,730,0.14014185438096916,0.1464254220578015,3.1407355160797437,-8.864219581964692,0.6217920028830596
JP-26,cases,trend,hist_gradient_boosting,test,medium,730,0.1788222421724306,0.19318918266301313,4.199134092924014,-16.63272713035678,-0.6969669943519576
JP-27,cases,trend,hist_gradient_boosting,test,medium,730,1.0204701694804479,1.108918055238835,7.280754577078956,-52.00938721165616,-0.9525633113541063
JP-28,cases,trend,hist_gradient_boosting,test,medium,730,0.1902802063223175,0.20393735170836702,3.436256026590467,-10.807855480279304,-0.027390571830932214
JP-29,cases,trend,hist_gradient_boosting,test,medium,730,0.14891737693390786,0.15663822243972134,7.024827875230087,-48.34820667660964,-0.6180255636985261
JP-30,cases,trend,hist_gradient_boosting,test,medium,730,0.03197802032938474,0.03949305361392005,3.1562695729075894,-8.96203761686226,-0.06881014041307289
JP-31,cases,trend,hist_gradient_boosting,test,medium,730,0.11353269290277726,0.12157225256167313,6.870124980204588,-46.19861724363111,-0.42905310149666465
JP-32,cases,trend,hist_gradient_boosting,test,medium,730,0.23534876767653312,0.23826571534618565,8.91785866517446,-78.52820317202722,0.05621629048983715
JP-33,cases,trend,hist_gradient_boosting,test,medium,730,0.058956509590374635,0.06329234672094944,3.7808458768150515,-13.294795544229379,0.1980723477545492
JP-34,cases,trend,hist_gradient_boosting,test,medium,730,0.0983598258274112,0.18711519891870892,8.108354312412583,-64.74540965561971,0.5795299763821443
JP-35,cases,trend,hist_gradient_boosting,test,medium,730,0.08293957958812621,0.08645826387924581,4.506526173328866,-19.308778150898107,-0.00675594119915911
JP-36,cases,trend,hist_gradient_boosting,test,medium,730,0.010892957295915525,0.012625997767530508,1.3960978397500563,-0.9490891781547741,0.7447950677768439
JP-37,cases,trend,hist_gradient_boosting,test,medium,730,0.04871477336193021,0.05618317925359805,0.8158241534294833,0.334430950681067,0.7609905955467899
JP-38,cases,trend,hist_gradient_boosting,test,medium,730,0.10531285565451631,0.11072440310592307,5.411596744828759,-28.285379328641216,-0.17498729124134174
JP-39,cases,trend,hist_gradient_boosting,test,medium,730,0.009058030940367372,0.012116591743030793,2.017247997954838,-3.0692894852528037,-0.17070531839929567
JP-40,cases,trend,hist_gradient_boosting,test,medium,730,0.10652394272875389,0.1393573181528745,3.417480426058203,-10.679172462490953,-0.2906562133545117
JP-41,cases,trend,hist_gradient_boosting,test,medium,730,0.04355039400699582,0.056050071502587846,10.269695778784865,-104.46665138879168,-0.03580765772110745
JP-42,cases,trend,hist_gradient_boosting,test,medium,730,0.1260450499073098,0.13066177120795458,4.3116612006716455,-17.590422309377253,-0.3354716681472188
JP-43,cases,trend,hist_gradient_boosting,test,medium,730,0.12188458357995012,0.14749869623808445,1.5349680874313978,-1.3561270294328032,-0.16338673054812825
JP-44,cases,trend,hist_gradient_boosting,test,medium,730,0.03917989137798432,0.04358493847304639,4.822288415929402,-22.2544655664069,-0.636191957034704
JP-45,cases,trend,hist_gradient_boosting,test,medium,730,0.037610342298528006,0.0424588385304356,4.078945289059219,-15.637794671138398,0.5891853398455098
JP-46,cases,trend,hist_gradient_boosting,test,medium,730,0.1233536061735643,0.13199918584139134,2.940059726481963,-7.643951195281193,-0.25211225963803213
JP-47,cases,trend,hist_gradient_boosting,test,medium,730,0.2260900852010414,0.23761717336424357,5.04407825536314,-24.442725446227257,-0.5685859592042128
JP-01,cases,interannual,hist_gradient_boosting,train,regularized,4383,0.029126248384164912,0.03432692910998345,0.8763665026829457,0.23198175297526247,0.5039732176088978
JP-02,cases,interannual,hist_gradient_boosting,train,regularized,4383,0.06322155602846503,0.0759568391208595,0.7580987877062688,0.42528622807828564,0.693264550066949
JP-03,cases,interannual,hist_gradient_boosting,train,regularized,4383,0.05194635874380875,0.06753578136924741,0.9840797122864559,0.031587119866206215,0.1833828764994089
JP-04,cases,interannual,hist_gradient_boosting,train,regularized,4383,0.0722136541022291,0.0919923852117372,0.7944985366520402,0.3687720752577668,0.6341499786858475
JP-05,cases,interannual,hist_gradient_boosting,train,regularized,4383,0.04544842301016813,0.05453687976162736,0.6954098126797111,0.5164051924287691,0.7764281224885736
JP-06,cases,interannual,hist_gradient_boosting,train,regularized,4383,0.06895056525247696,0.08032016206049451,0.9638066531448696,0.07107673535368497,0.31766612693028573
JP-07,cases,interannual,hist_gradient_boosting,train,regularized,4383,0.1065139052572273,0.12774407900753568,0.6050273447750745,0.6339419120744232,0.818637933811944
JP-08,cases,interannual,hist_gradient_boosting,train,regularized,4383,0.05151875167332816,0.06396774084707815,0.6409642909230703,0.5891647777614857,0.794174638669408
JP-09,cases,interannual,hist_gradient_boosting,train,regularized,4383,0.04169260008949597,0.0526701857879885,0.6853727334775446,0.5302642162055187,0.7683879492663455
JP-10,cases,interannual,hist_gradient_boosting,train,regularized,4383,0.004459595004881785,0.005500253871808143,1.3133203024515054,-0.724810216831314,-0.012608110027826684
JP-11,cases,interannual,hist_gradient_boosting,train,regularized,4383,0.10516543146932032,0.12928053980217358,0.5510600237559748,0.6963328502180643,0.8520598956370322
JP-13,cases,interannual,hist_gradient_boosting,train,regularized,4383,0.3912523754384225,0.558506238153052,0.23478123480913038,0.9448777717815,0.9738561483339478
JP-14,cases,interannual,hist_gradient_boosting,train,regularized,4383,0.04174655919348314,0.05281587978635487,0.864280778266236,0.25301873631950933,0.556613247030765
JP-15,cases,interannual,hist_gradient_boosting,train,regularized,4383,0.061580202709907834,0.077518193266978,0.5488173085798028,0.6987995618032217,0.8772382729448072
JP-16,cases,interannual,hist_gradient_boosting,train,regularized,4383,0.003996127867982173,0.005336038414406155,1.9757066416485887,-2.903416733854343,0.1173047249498099
JP-18,cases,interannual,hist_gradient_boosting,train,regularized,4383,0.00535692233088118,0.006640784343877069,1.230977237494819,-0.515304959230376,0.1555220602520702
JP-19,cases,interannual,hist_gradient_boosting,train,regularized,4383,0.009781046478169374,0.012118952423051641,1.0366953078964534,-0.07473716141452225,0.0987962691185285
JP-20,cases,interannual,hist_gradient_boosting,train,regularized,4383,0.04113208179643514,0.051660412351386506,0.6961242062003138,0.515411089541983,0.7436808575602043
JP-22,cases,interannual,hist_gradient_boosting,train,regularized,4383,0.09773218309740034,0.12334608325668557,0.8510772735945931,0.2756674743707943,0.6428283979121115
JP-23,cases,interannual,hist_gradient_boosting,train,regularized,4383,0.1093045047310568,0.1402345171382181,0.3504893116412841,0.8771572424252188,0.9489064223994607
JP-24,cases,interannual,hist_gradient_boosting,train,regularized,4383,0.039326048744566085,0.05058636523039447,0.9896655287689525,0.020562141166469594,0.14743637075394908
JP-26,cases,interannual,hist_gradient_boosting,train,regularized,4383,0.08499736281141594,0.10074987042744787,0.6356935654216725,0.5958936908814818,0.8299087066034037
JP-27,cases,interannual,hist_gradient_boosting,train,regularized,4383,0.09753896374727723,0.12649316265326932,0.7918480847087312,0.37297661074311406,0.6699108482935392
JP-28,cases,interannual,hist_gradient_boosting,train,regularized,4383,0.14166509090178744,0.173519338483877,0.5825643964006715,0.6606187240463214,0.8790123350459477
JP-30,cases,interannual,hist_gradient_boosting,train,regularized,4383,0.028727689669031692,0.034879312205408214,0.8088903322481981,0.3456964303954,0.6797888014699619
JP-31,cases,interannual,hist_gradient_boosting,train,regularized,4383,0.06250374097132966,0.07668183691258339,0.7157024638548329,0.4877699832321216,0.7605716392769286
JP-32,cases,interannual,hist_gradient_boosting,train,regularized,4383,0.02938794172803407,0.03695206912269843,0.688008535623458,0.5266442549092651,0.8007992193773196
JP-34,cases,interannual,hist_gradient_boosting,train,regularized,4383,0.06867002056294276,0.09187944216589139,0.5256091624651291,0.7237350083327054,0.9110753611248257
JP-35,cases,interannual,hist_gradient_boosting,train,regularized,4383,0.0100762578901572,0.012745351898971326,1.0100687037009393,-0.02023878619609598,0.10819409906286011
JP-36,cases,interannual,hist_gradient_boosting,train,regularized,4383,0.01867863501725503,0.02111366945032466,0.9465201935404716,0.10409952322010829,0.3314495324474415
JP-37,cases,interannual,hist_gradient_boosting,train,regularized,4383,0.02971173809150238,0.04104037087867521,0.9011767207868325,0.18788051791189153,0.4638367265997341
JP-38,cases,interannual,hist_gradient_boosting,train,regularized,4383,0.059956636381326,0.07261054336911454,0.7739830667759527,0.40095021234409123,0.7031542250152328
JP-39,cases,interannual,hist_gradient_boosting,train,regularized,4383,0.014764070612765898,0.018520209783816733,0.9316092745502434,0.1321041595719692,0.3830287745778459
JP-40,cases,interannual,hist_gradient_boosting,train,regularized,4383,0.09495412969557625,0.12082316914859041,0.5762429850233571,0.667944022211371,0.8750183240779387
JP-41,cases,interannual,hist_gradient_boosting,train,regularized,4383,0.04588637646170639,0.054216704633703885,0.8191463096259589,0.32899932342617244,0.6447064382275829
JP-42,cases,interannual,hist_gradient_boosting,train,regularized,4383,0.07803453967413992,0.09414214088333644,0.9402664412899842,0.11589901938386882,0.463266482555187
JP-43,cases,interannual,hist_gradient_boosting,train,regularized,4383,0.07670824639680279,0.09553111695174249,0.7503900941766632,0.43691470656153863,0.723881387025659
JP-44,cases,interannual,hist_gradient_boosting,train,regularized,4383,0.045344353596645494,0.056535044792492314,0.8021835031498343,0.3565016272742598,0.715720853563761
JP-45,cases,interannual,hist_gradient_boosting,train,regularized,4383,0.015256458461321724,0.01891701197725511,0.8715142815148937,0.24046285711557858,0.5386768299468951
JP-46,cases,interannual,hist_gradient_boosting,train,regularized,4383,0.01551953291427382,0.019442685934344263,1.0056990876967784,-0.011430654994132317,0.17612631347227936
JP-47,cases,interannual,hist_gradient_boosting,train,regularized,4383,0.015937723840734375,0.020189006441277073,0.9542760461513147,0.08935722774181387,0.2996515164579302
JP-01,cases,interannual,hist_gradient_boosting,validation,regularized,365,0.01579032683012715,0.019945857346047955,1.1512633886643115,-0.3254073900788339,0.14819730078261825
JP-02,cases,interannual,hist_gradient_boosting,validation,regularized,365,0.029040653444634548,0.03448521396651035,0.7806298906402643,0.3906169738389691,0.628128523291152
JP-03,cases,interannual,hist_gradient_boosting,validation,regularized,365,0.05970486242085437,0.0722915724460115,1.3673296875136491,-0.8695904743561729,0.2800666621413303
JP-04,cases,interannual,hist_gradient_boosting,validation,regularized,365,0.035621651018158555,0.04516594043405335,0.8148002174740969,0.3361006056041643,0.6722259232046163
JP-05,cases,interannual,hist_gradient_boosting,validation,regularized,365,0.07689476811774688,0.08871608665804989,1.0934626464262913,-0.19566055912958857,-0.2956870655966408
JP-06,cases,interannual,hist_gradient_boosting,validation,regularized,365,0.13254845677848187,0.14588655796742395,1.0281351904523983,-0.05706196984658929,-0.45368678384943434
JP-07,cases,interannual,hist_gradient_boosting,validation,regularized,365,0.10506469159357526,0.16334206742362584,2.6262333069252115,-5.897101382403333,0.8801240439793458
JP-08,cases,interannual,hist_gradient_boosting,validation,regularized,365,0.08179773969954085,0.10071676552042191,1.2949207945789747,-0.6768198642330427,-0.05491841607758081
JP-09,cases,interannual,hist_gradient_boosting,validation,regularized,365,0.05148030011545048,0.0679438849328155,4.303768451190992,-17.522422881466913,0.5449395496450418
JP-10,cases,interannual,hist_gradient_boosting,validation,regularized,365,0.005944251449701651,0.007293844423245086,1.3559797839826393,-0.8386811745696059,0.0401827726760648
JP-11,cases,interannual,hist_gradient_boosting,validation,regularized,365,0.4237033152218937,0.4952867371523146,1.7072143449951194,-1.9145808197571141,0.14209653431430852
JP-13,cases,interannual,hist_gradient_boosting,validation,regularized,365,0.6511735425707853,0.8661588088554668,2.49085357900735,-5.2043515520537245,0.46306492101097196
JP-14,cases,interannual,hist_gradient_boosting,validation,regularized,365,0.05199570482914858,0.05856467975530818,1.7967175364990653,-2.22819390596327,0.21658773505006554
JP-15,cases,interannual,hist_gradient_boosting,validation,regularized,365,0.192718416035724,0.21312494911964408,0.9546210746624101,0.08869860381038519,0.6161343023250915
JP-16,cases,interannual,hist_gradient_boosting,validation,regularized,365,0.004406640299928342,0.005101387367177946,1.941688709340466,-2.770155043980245,0.09586029978404657
JP-18,cases,interannual,hist_gradient_boosting,validation,regularized,365,0.007458274178331468,0.00862690296353795,1.0103665320149529,-0.020840529015922593,0.3059685058632404
JP-19,cases,interannual,hist_gradient_boosting,validation,regularized,365,0.018670985532993224,0.021396179123504375,1.8322330912691271,-2.357078100741621,0.29801194269579445
JP-20,cases,interannual,hist_gradient_boosting,validation,regularized,365,0.14802911786694628,0.1546443998518314,5.245909126204487,-26.519562560395528,-0.4431236084799982
JP-22,cases,interannual,hist_gradient_boosting,validation,regularized,365,0.12456001834853046,0.13041056698793063,4.133736101324979,-16.087774155397437,0.0660519977244634
JP-23,cases,interannual,hist_gradient_boosting,validation,regularized,365,0.39007679619078334,0.44276970842618896,3.3559843193819083,-10.262630751937248,-0.14677868284029574
JP-24,cases,interannual,hist_gradient_boosting,validation,regularized,365,0.0264592312404701,0.031307964401004036,1.188863031089767,-0.413395306691948,-0.17038126227671985
JP-26,cases,interannual,hist_gradient_boosting,validation,regularized,365,0.08861433754190591,0.1066577719318186,2.034524383728697,-3.139289467986635,-0.393865965206112
JP-27,cases,interannual,hist_gradient_boosting,validation,regularized,365,0.3242534155241538,0.3777017086291375,1.8038627990096336,-2.25392099765087,0.5630253689525734
JP-28,cases,interannual,hist_gradient_boosting,validation,regularized,365,0.21413602244033944,0.24223825020044165,1.0609371220186548,-0.1255875768772261,0.42711622775316266
JP-30,cases,interannual,hist_gradient_boosting,validation,regularized,365,0.025307295629456886,0.029534629126953694,0.8775235164798366,0.22995247802486207,0.68667124050471
JP-31,cases,interannual,hist_gradient_boosting,validation,regularized,365,0.24488258718908726,0.24874031944612807,14.534860603918837,-210.26217277535184,0.6261937378141863
JP-32,cases,interannual,hist_gradient_boosting,validation,regularized,365,0.015362254258518303,0.018886874958879158,1.508976494747573,-1.2770100617006723,-0.4436413362556996
JP-34,cases,interannual,hist_gradient_boosting,validation,regularized,365,0.12376139681773192,0.14012489007829984,2.3889730169738157,-4.707192075828975,-0.5775782242825316
JP-35,cases,interannual,hist_gradient_boosting,validation,regularized,365,0.011937377573620506,0.014854960054001942,1.2272274860164847,-0.5060873024343411,0.01726575854784317
JP-36,cases,interannual,hist_gradient_boosting,validation,regularized,365,0.01395305549328079,0.01595129604489619,1.3721143797021935,-0.8826978709855355,0.7007889512229583
JP-37,cases,interannual,hist_gradient_boosting,validation,regularized,365,0.038893167762343285,0.04712246240153219,0.9952470998468613,0.009483210246411633,0.22605869851100738
JP-38,cases,interannual,hist_gradient_boosting,validation,regularized,365,0.048159720069484095,0.057374468023523736,1.0806705798885339,-0.1678489022366203,0.5785931613085041
JP-39,cases,interannual,hist_gradient_boosting,validation,regularized,365,0.02349797259614858,0.027034275013649762,1.8225894187602898,-2.3218321893769707,0.1474103510798892
JP-40,cases,interannual,hist_gradient_boosting,validation,regularized,365,0.06739641272050542,0.09456315738715804,1.5371260949704233,-1.362756631839023,0.25520443845966967
JP-41,cases,interannual,hist_gradient_boosting,validation,regularized,365,0.06195979047775499,0.07032380344386761,1.7803156861105793,-2.169523942211383,-0.7363209158016673
JP-42,cases,interannual,hist_gradient_boosting,validation,regularized,365,0.20843157323917214,0.21306075790961526,6.289723862817484,-38.560626270495675,-0.33129928965972466
JP-43,cases,interannual,hist_gradient_boosting,validation,regularized,365,0.036687735192520686,0.04564396498409067,4.3192549289047095,-17.655963140867627,-0.005721727727318888
JP-44,cases,interannual,hist_gradient_boosting,validation,regularized,365,0.03945984274056992,0.04442575351448517,3.735884421101406,-12.956832407828188,-0.10992887745272235
JP-45,cases,interannual,hist_gradient_boosting,validation,regularized,365,0.025207154974214385,0.02881597440337939,2.331203697239464,-4.434510678022945,-0.5048277923185572
JP-46,cases,interannual,hist_gradient_boosting,validation,regularized,365,0.016973924188235356,0.020961894279701465,1.0590559592528404,-0.12159952482895409,-0.009672976885653934
JP-47,cases,interannual,hist_gradient_boosting,validation,regularized,365,0.0071674939814371785,0.009009017178992891,1.0455529885791115,-0.09318105192671178,0.2761956534483102
JP-01,cases,interannual,hist_gradient_boosting,test,regularized,730,0.05755281706018278,0.06924365848767466,1.2624215023862861,-0.593708049687248,-0.2524035289164404
JP-02,cases,interannual,hist_gradient_boosting,test,regularized,730,0.06139640527764266,0.07475590295081917,1.8608260656561342,-2.4626736466252868,-0.06683220432400779
JP-03,cases,interannual,hist_gradient_boosting,test,regularized,730,0.12192012667284075,0.14402695519267533,1.143188960343825,-0.3068809990519952,0.38896462300075163
JP-04,cases,interannual,hist_gradient_boosting,test,regularized,730,0.17960832953383607,0.2674265890506725,1.014284006268407,-0.028772045371890265,0.1483703538929172
JP-05,cases,interannual,hist_gradient_boosting,test,regularized,730,0.08292415850014274,0.09530817002533282,1.2374697055053834,-0.5313312720435803,0.026194191914218182
JP-06,cases,interannual,hist_gradient_boosting,test,regularized,730,0.05899637567196982,0.07188343155440545,1.0004978643172266,-0.0009959765033316081,0.2492653146777524
JP-07,cases,interannual,hist_gradient_boosting,test,regularized,730,0.282775039293544,0.31296427624920076,1.6483632703463595,-1.7171014710269459,-0.02463131783321206
JP-08,cases,interannual,hist_gradient_boosting,test,regularized,730,0.1617861666357659,0.20670674192750754,2.5554332920271725,-5.530239310000833,-0.691948146111692
JP-09,cases,interannual,hist_gradient_boosting,test,regularized,730,0.055800809422836765,0.06371555966253348,5.925718694501027,-34.11414204635895,-0.20362018957317918
JP-10,cases,interannual,hist_gradient_boosting,test,regularized,730,0.007538658961989423,0.009499713833946535,1.41587780078236,-1.0047099467482927,0.05934564967128425
JP-11,cases,interannual,hist_gradient_boosting,test,regularized,730,0.2897111077317402,0.3249976103459984,1.237433036448668,-0.5312405196945711,-0.3122160916869977
JP-13,cases,interannual,hist_gradient_boosting,test,regularized,730,1.6989136799426285,2.307004567406898,1.284151032880589,-0.6490438752482832,-0.23692982005509633
JP-14,cases,interannual,hist_gradient_boosting,test,regularized,730,0.05595673402216283,0.06372416372951108,1.1908594960695977,-0.4181463393791367,0.2613629854493274
JP-15,cases,interannual,hist_gradient_boosting,test,regularized,730,0.10370978304630873,0.12766959341303272,0.8149598197718259,0.335840492157473,0.6198910568077586
JP-16,cases,interannual,hist_gradient_boosting,test,regularized,730,0.004695420998395206,0.007942830521936818,1.212587303440724,-0.47036796846564655,-0.048748626494244156
JP-18,cases,interannual,hist_gradient_boosting,test,regularized,730,0.009546156907702693,0.012130300014090859,1.2972777182306325,-0.6829294782176767,-0.31667810729601903
JP-19,cases,interannual,hist_gradient_boosting,test,regularized,730,0.02729129042228561,0.03410146453324981,0.9452050194745318,0.10658747116015,0.5750117205006917
JP-20,cases,interannual,hist_gradient_boosting,test,regularized,730,0.09841260465843475,0.11790448944209855,1.5476054866286737,-1.395082742243174,0.06701188204076673
JP-22,cases,interannual,hist_gradient_boosting,test,regularized,730,0.1351227645782063,0.1521612753938574,0.9328643227098217,0.12976415541514552,0.4723735871235799
JP-23,cases,interannual,hist_gradient_boosting,test,regularized,730,0.2938742836059657,0.3469861032073256,2.2589249310484534,-4.102741844112261,-0.3536300739546575
JP-24,cases,interannual,hist_gradient_boosting,test,regularized,730,0.03284531236623328,0.04091147130595645,1.0019086340244503,-0.0038209109327398405,0.17645334815750957
JP-26,cases,interannual,hist_gradient_boosting,test,regularized,730,0.16146008803303172,0.23813390445739568,1.2423401191036378,-0.5434089715344415,-0.14094971862961297
JP-27,cases,interannual,hist_gradient_boosting,test,regularized,730,0.47228811457409714,0.5575607612142051,0.9295488514068582,0.1359389328481908,0.414846883332491
JP-28,cases,interannual,hist_gradient_boosting,test,regularized,730,0.2803111199375974,0.3179155098920323,1.1095156767475982,-0.23102503694868082,0.01460183500127592
JP-30,cases,interannual,hist_gradient_boosting,test,regularized,730,0.09346113665408386,0.09581074604824487,6.1435460176391,-36.74315767084925,-0.14730072764461447
JP-31,cases,interannual,hist_gradient_boosting,test,regularized,730,0.15518470162362177,0.1629762000399269,3.5327504249388357,-11.480325564905524,0.19362066294781388
JP-32,cases,interannual,hist_gradient_boosting,test,regularized,730,0.019637682730990848,0.02562494215765772,1.4220814349113167,-1.0223156075194293,-0.06774794398474517
JP-34,cases,interannual,hist_gradient_boosting,test,regularized,730,0.2563313223950131,0.37529267676177797,1.822024262729415,-2.319772413974668,-0.582404295902621
JP-35,cases,interannual,hist_gradient_boosting,test,regularized,730,0.01513141006436415,0.019862625582973074,1.0245396219771603,-0.049681437001102724,0.05840958061936976
JP-36,cases,interannual,hist_gradient_boosting,test,regularized,730,0.027098787761286908,0.03072393708814814,2.5033835622783007,-5.266929259885193,0.05119889064778708
JP-37,cases,interannual,hist_gradient_boosting,test,regularized,730,0.026940872526982823,0.03452944262746247,1.1984960785695076,-0.4363928503464871,0.005089135341360985
JP-38,cases,interannual,hist_gradient_boosting,test,regularized,730,0.08815146741697115,0.09533699706671882,0.9655159262230455,0.06777899620965477,0.28565026067933513
JP-39,cases,interannual,hist_gradient_boosting,test,regularized,730,0.03964261976388225,0.04647010324843745,1.0181375017703704,-0.03660397251121106,0.1843330858379196
JP-40,cases,interannual,hist_gradient_boosting,test,regularized,730,0.3090663267770381,0.3755358791258401,1.2020488042482234,-0.44492132779458404,-0.16648539174909538
JP-41,cases,interannual,hist_gradient_boosting,test,regularized,730,0.03754568826702573,0.04585526242219388,1.1843317083584364,-0.40264159542321254,-0.15935341250014148
JP-42,cases,interannual,hist_gradient_boosting,test,regularized,730,0.13958275687471966,0.16777162573871776,1.5649592744857654,-1.4490975307990142,-0.040435238080883396
JP-43,cases,interannual,hist_gradient_boosting,test,regularized,730,0.03630832966399826,0.04410175054398981,4.264629982221039,-17.187068885258626,0.09197264089902851
JP-44,cases,interannual,hist_gradient_boosting,test,regularized,730,0.025425633695365425,0.030748756485183083,1.4647075551662818,-1.1453682221611867,0.40928608965064717
JP-45,cases,interannual,hist_gradient_boosting,test,regularized,730,0.021415263814049994,0.026384549901704784,1.1841310339078008,-0.40216630546355736,-0.3413970321202217
JP-46,cases,interannual,hist_gradient_boosting,test,regularized,730,0.02371048487093718,0.030335815019152116,1.0177023996571581,-0.03571817426793822,-0.012461301059035706
JP-47,cases,interannual,hist_gradient_boosting,test,regularized,730,0.016005085558056374,0.024903945591638315,1.3532847105281571,-0.831379507749278,-0.08472564782345614
JP-01,cases,annual,hist_gradient_boosting,train,medium,4353,0.11267611008273141,0.14315988192265255,0.10296031603346142,0.9893991733222898,0.9946974672149047
JP-02,cases,annual,hist_gradient_boosting,train,medium,4357,0.06050251860191022,0.07492728767691642,0.16168934606041455,0.9738565553705555,0.986851140143621
JP-03,cases,annual,hist_gradient_boosting,train,medium,4376,0.05622166372094652,0.07109013788207749,0.1158400952020295,0.9865810723435847,0.9932704524858811
JP-04,cases,annual,hist_gradient_boosting,train,medium,4373,0.08644497857965647,0.11436503679910884,0.12835375699215565,0.9835253130659987,0.9917384177721302
JP-05,cases,annual,hist_gradient_boosting,train,medium,4357,0.0360181768436985,0.04572821247765241,0.10910601247181288,0.9880958780425007,0.9940659643823685
JP-06,cases,annual,hist_gradient_boosting,train,medium,4383,0.04323423209749053,0.05513874286223452,0.11054746772161657,0.9877792573803381,0.9938923678785446
JP-07,cases,annual,hist_gradient_boosting,train,medium,4353,0.05953165202594128,0.07142677372822304,0.06820084904452302,0.9953486441896062,0.9976754557010221
JP-08,cases,annual,hist_gradient_boosting,train,medium,4353,0.09086168528132342,0.11060859779441183,0.09123626611975884,0.9916759437445245,0.9958832874045374
JP-09,cases,annual,hist_gradient_boosting,train,medium,4353,0.06121778021807019,0.08011578604176532,0.08822685244603809,0.992216022507465,0.9961370921087778
JP-10,cases,annual,hist_gradient_boosting,train,medium,4353,0.1050721078090137,0.12609908628985303,0.16369868051474626,0.973202741997731,0.9866434054079011
JP-11,cases,annual,hist_gradient_boosting,train,medium,4353,0.16259545342620613,0.2083100681366366,0.08164689150201121,0.9933337851080588,0.9967139078745135
JP-13,cases,annual,hist_gradient_boosting,train,medium,4353,0.25966725520521766,0.331711885263378,0.07698873207080377,0.99407273513413,0.9970536846884751
JP-14,cases,annual,hist_gradient_boosting,train,medium,4353,0.2112100431158226,0.2619109277187763,0.09345983243161951,0.9912652597218536,0.9956404610430385
JP-15,cases,annual,hist_gradient_boosting,train,medium,4353,0.06463623786710948,0.08547681717213788,0.10849365757155872,0.9882291262667453,0.9940988870071047
JP-16,cases,annual,hist_gradient_boosting,train,medium,4353,0.019942625599809773,0.024186514141342506,0.08318557303726665,0.9930801604384616,0.9965474723077659
JP-17,cases,annual,hist_gradient_boosting,train,medium,4378,0.041938811285713945,0.05161569838361247,0.1606652346271056,0.9741866823822171,0.9870453889576901
JP-18,cases,annual,hist_gradient_boosting,train,medium,4364,0.02182671031558902,0.026957316195313233,0.1191758565793284,0.9857971152085834,0.9948461711203722
JP-19,cases,annual,hist_gradient_boosting,train,medium,4380,0.05192016739421542,0.06485017565129539,0.15912488033823882,0.9746792724573412,0.9875481469481804
JP-20,cases,annual,hist_gradient_boosting,train,medium,4377,0.06007523129067847,0.07578152643534301,0.10376551533170551,0.9892327178279456,0.9947955082321804
JP-21,cases,annual,hist_gradient_boosting,train,medium,4353,0.05409244742540489,0.0664675019810574,0.06782989825820399,0.9953991049022817,0.9977216404259865
JP-22,cases,annual,hist_gradient_boosting,train,medium,4353,0.0882847503396858,0.11213274074742857,0.08229978480773764,0.9932267454206001,0.9966296322121465
JP-23,cases,annual,hist_gradient_boosting,train,medium,4369,0.14565006603004887,0.18817977219940152,0.07395419804880382,0.9945307765909583,0.9972629135144602
JP-24,cases,annual,hist_gradient_boosting,train,medium,4380,0.058187225723271126,0.07544518201077635,0.09385050988638474,0.9911920817940656,0.9955931743737879
JP-25,cases,annual,hist_gradient_boosting,train,medium,4370,0.04336256618418925,0.054590262605964376,0.11967122267881916,0.9856787984625565,0.9928178997003279
JP-26,cases,annual,hist_gradient_boosting,train,medium,4364,0.059804416029528656,0.07829162787537351,0.0751754364587317,0.9943486537532392,0.997173825550943
JP-27,cases,annual,hist_gradient_boosting,train,medium,4353,0.17179791254982793,0.23389043570691903,0.08009726507553255,0.9935844281274199,0.996796140136447
JP-28,cases,annual,hist_gradient_boosting,train,medium,4367,0.1304072070644232,0.17318709934072177,0.09351941785442407,0.9912541184841697,0.9956182007112154
JP-29,cases,annual,hist_gradient_boosting,train,medium,4376,0.05618757736031796,0.06863318465785778,0.12269559902987871,0.9849457899786992,0.992446119275666
JP-30,cases,annual,hist_gradient_boosting,train,medium,4374,0.03826059632758457,0.0481317713586353,0.1359095224564918,0.9815286017056484,0.9907272736703576
JP-31,cases,annual,hist_gradient_boosting,train,medium,4365,0.03562206383843054,0.04313245890659747,0.14481883831811587,0.9790275040681914,0.9895415845667435
JP-32,cases,annual,hist_gradient_boosting,train,medium,4368,0.046051544485868005,0.05821457862268325,0.1672384568489765,0.972031298550773,0.9859363065776564
JP-33,cases,annual,hist_gradient_boosting,train,medium,4353,0.03071532991718646,0.039405836989501335,0.06225059198216721,0.9961248637978697,0.9980633554764329
JP-34,cases,annual,hist_gradient_boosting,train,medium,4376,0.056194721953831815,0.0725323678592279,0.08955169422197026,0.9919804940619747,0.9959982436687045
JP-35,cases,annual,hist_gradient_boosting,train,medium,4362,0.05211193497413167,0.06533230468949786,0.12253086939446034,0.9849861860454378,0.9924686810787363
JP-36,cases,annual,hist_gradient_boosting,train,medium,4368,0.022490493202052327,0.029718463900604834,0.14970277419885486,0.9775890793971667,0.9903330253740044
JP-37,cases,annual,hist_gradient_boosting,train,medium,4353,0.062390171007197855,0.07807547514500059,0.1785856435892443,0.9681071679038155,0.9840004913022787
JP-38,cases,annual,hist_gradient_boosting,train,medium,4367,0.03954472009121441,0.050892175972727265,0.0777331087012912,0.9939575638116332,0.9969994474932343
JP-39,cases,annual,hist_gradient_boosting,train,medium,4367,0.035270557551737684,0.04413689161029555,0.1643155707690455,0.9730003932028428,0.9865383908657485
JP-40,cases,annual,hist_gradient_boosting,train,medium,4362,0.0676365687281747,0.08621625451975205,0.08509938563905267,0.9927580945638558,0.9963948861343951
JP-41,cases,annual,hist_gradient_boosting,train,medium,4366,0.024629879750641473,0.03170289931398906,0.12558778234133552,0.9842277089265853,0.9922270104945043
JP-42,cases,annual,hist_gradient_boosting,train,medium,4359,0.04551780986386096,0.05792671923151171,0.1237053618175485,0.9846969834575894,0.9923454593471511
JP-43,cases,annual,hist_gradient_boosting,train,medium,4356,0.0485414774014613,0.058681638394450016,0.08025494156538204,0.9935591443543371,0.9967773048308023
JP-44,cases,annual,hist_gradient_boosting,train,medium,4368,0.03971837775101087,0.04971031646627591,0.14011323025943756,0.9803682827062659,0.9901408982973094
JP-45,cases,annual,hist_gradient_boosting,train,medium,4370,0.035581910355319435,0.044412219926413025,0.13832580302206846,0.9808659722183,0.9903926599287097
JP-46,cases,annual,hist_gradient_boosting,train,medium,4353,0.04863206063194148,0.058488999254521126,0.10064054301446748,0.9898714811017532,0.9949272638596021
JP-47,cases,annual,hist_gradient_boosting,train,medium,4365,0.025745966265487273,0.03381101493989224,0.16726190591879483,0.9720234548284122,0.9864257262905574
JP-01,cases,annual,hist_gradient_boosting,validation,medium,365,0.1800634036434593,0.20339350574769693,0.12248241381566402,0.9849980583058885,0.9969133792433824
JP-02,cases,annual,hist_gradient_boosting,validation,medium,365,0.13549002984993155,0.15261033663134013,0.24940097017450769,0.9377991560760144,0.994901554673275
JP-03,cases,annual,hist_gradient_boosting,validation,medium,365,0.06688185328245756,0.07691726897337235,0.10979807547776711,0.9879443826213785,0.9981761193101494
JP-04,cases,annual,hist_gradient_boosting,validation,medium,365,0.13079799342309828,0.15063578078609774,0.14470633726941987,0.9790600759540689,0.9985892186289291
JP-05,cases,annual,hist_gradient_boosting,validation,medium,365,0.048926502492648516,0.05845871730165826,0.12216154160973144,0.9850765577515338,0.9955875964980476
JP-06,cases,annual,hist_gradient_boosting,validation,medium,365,0.03964960069170406,0.05507041863796852,0.11064351888000605,0.9877580117298498,0.9950874958022122
JP-07,cases,annual,hist_gradient_boosting,validation,medium,365,0.1110584760932533,0.12300266783669145,0.11097676268431993,0.9876841581441081,0.9954598661304597
JP-08,cases,annual,hist_gradient_boosting,validation,medium,365,0.1657742491085633,0.1934685429650993,0.1396953866498995,0.9804851989487351,0.9962931067026221
JP-09,cases,annual,hist_gradient_boosting,validation,medium,365,0.14069805037438243,0.16288170845147845,0.15453695064991105,0.9761183308838269,0.9973076984086988
JP-10,cases,annual,hist_gradient_boosting,validation,medium,365,0.12247789911930013,0.1390829650653363,0.152062567451733,0.9768769755799871,0.9982912523306111
JP-11,cases,annual,hist_gradient_boosting,validation,medium,365,0.6228355372351657,0.7759415514723556,0.23474572018869402,0.9448944468530913,0.992467503524874
JP-13,cases,annual,hist_gradient_boosting,validation,medium,365,0.6467724125888061,0.7862617541949518,0.16558772970470906,0.9725807037712402,0.9965413613419768
JP-14,cases,annual,hist_gradient_boosting,validation,medium,365,0.6502375790823277,0.7731779114322526,0.23210041278110524,0.9461293983868406,0.9956876648976553
JP-15,cases,annual,hist_gradient_boosting,validation,medium,365,0.13869235578114925,0.15309172693094508,0.16064992071101664,0.9741916029755441,0.9992883076228902
JP-16,cases,annual,hist_gradient_boosting,validation,medium,365,0.02573070999304144,0.029063045219623655,0.10139716702694906,0.989718614518909,0.9951315363895774
JP-17,cases,annual,hist_gradient_boosting,validation,medium,365,0.06563565675533316,0.07454006380409536,0.22677811083299773,0.9485716884470166,0.9742055927977186
JP-18,cases,annual,hist_gradient_boosting,validation,medium,365,0.031114278035101344,0.03778837390253928,0.1454536283481989,0.978843242000344,0.9913126753401895
JP-19,cases,annual,hist_gradient_boosting,validation,medium,365,0.07713023205954012,0.09180076969542636,0.20924936266657782,0.956214704223631,0.9803564154365495
JP-20,cases,annual,hist_gradient_boosting,validation,medium,365,0.15602026261359492,0.17320393396783587,0.20255428291385397,0.9589717624732544,0.9929580931886387
JP-21,cases,annual,hist_gradient_boosting,validation,medium,365,0.05960426050300023,0.07046248383044586,0.06836803865935956,0.9953258112898723,0.9992369242724151
JP-22,cases,annual,hist_gradient_boosting,validation,medium,365,0.39931615099649054,0.44928880052579995,0.25154161675700726,0.9367268150392709,0.99769213134022
JP-23,cases,annual,hist_gradient_boosting,validation,medium,365,0.30781231578180274,0.3599692382246549,0.1204361404776251,0.9854951360668538,0.9976508801931162
JP-24,cases,annual,hist_gradient_boosting,validation,medium,365,0.13506845157455605,0.15703308993742068,0.15985816355001958,0.9744453675464152,0.99814894133779
JP-25,cases,annual,hist_gradient_boosting,validation,medium,365,0.07637363733240052,0.0848094027562467,0.15691770884917178,0.9753768326495266,0.9977772809680702
JP-26,cases,annual,hist_gradient_boosting,validation,medium,365,0.1685568372197593,0.19466932373186438,0.1608254804963888,0.9741351648231057,0.9968097241140582
JP-27,cases,annual,hist_gradient_boosting,validation,medium,365,0.6386408334273228,0.755656388899511,0.1962525658937462,0.9614849303801208,0.9962322122843941
JP-28,cases,annual,hist_gradient_boosting,validation,medium,365,0.3458460011328543,0.39819971774098795,0.1750393481846776,0.9693612265870832,0.9983156945811779
JP-29,cases,annual,hist_gradient_boosting,validation,medium,365,0.1946427156406995,0.22151409252063653,0.2806578902389544,0.921231148646619,0.9926399775397485
JP-30,cases,annual,hist_gradient_boosting,validation,medium,365,0.09171547102818327,0.10825457029090375,0.23424797930068275,0.9451278841935469,0.9939354887277206
JP-31,cases,annual,hist_gradient_boosting,validation,medium,365,0.06669963397307059,0.07526072345288419,0.20555050739135539,0.9577489889111563,0.9975781808299962
JP-32,cases,annual,hist_gradient_boosting,validation,medium,365,0.0381943335512845,0.04320489761338418,0.1386172735436911,0.9807852514753135,0.9972243408181328
JP-33,cases,annual,hist_gradient_boosting,validation,medium,365,0.045333557750713134,0.05476883657638688,0.07895781245158023,0.9937656638528611,0.9992973031306771
JP-34,cases,annual,hist_gradient_boosting,validation,medium,365,0.09778249621871239,0.11107173926283269,0.12404502261268945,0.9846128323650174,0.9950771041343358
JP-35,cases,annual,hist_gradient_boosting,validation,medium,365,0.08597686960174061,0.10156820412125943,0.1573229753920911,0.9752494814137795,0.9967219309958316
JP-36,cases,annual,hist_gradient_boosting,validation,medium,365,0.04640670022680947,0.05464459610984409,0.2732437285909842,0.9253378647856966,0.9686007788178639
JP-37,cases,annual,hist_gradient_boosting,validation,medium,365,0.04710015797871006,0.055768587768235844,0.1271525776696492,0.9838322219919639,0.9933403185321001
JP-38,cases,annual,hist_gradient_boosting,validation,medium,365,0.08292647322169747,0.09038345036928168,0.12779094083488762,0.9836694754405343,0.9923340893050462
JP-39,cases,annual,hist_gradient_boosting,validation,medium,365,0.017507292311783003,0.023414302486159087,0.08469227825435008,0.9928272180040878,0.9971602248718054
JP-40,cases,annual,hist_gradient_boosting,validation,medium,365,0.15015447819262992,0.1708641636319294,0.15218140809802735,0.9768408190293016,0.9962091025885964
JP-41,cases,annual,hist_gradient_boosting,validation,medium,365,0.013155160770393755,0.016699821522821758,0.06342910967534289,0.9959767480457933,0.9981270774960018
JP-42,cases,annual,hist_gradient_boosting,validation,medium,365,0.09514907594063583,0.10396250858103354,0.1821045040944805,0.9668379495885033,0.9903113274636094
JP-43,cases,annual,hist_gradient_boosting,validation,medium,365,0.026439769119487384,0.03372138457542961,0.0463016113036258,0.997856160790688,0.9991159514601728
JP-44,cases,annual,hist_gradient_boosting,validation,medium,365,0.08261519864064215,0.09062205481533853,0.20420578337824818,0.958299998034876,0.9973791139293471
JP-45,cases,annual,hist_gradient_boosting,validation,medium,365,0.07307538512886688,0.0803898301431739,0.20906365520059592,0.9562923880741664,0.9840946035681499
JP-46,cases,annual,hist_gradient_boosting,validation,medium,365,0.06957961975801356,0.07768814558763563,0.11301917900559039,0.9872266651769023,0.9991825226857007
JP-47,cases,annual,hist_gradient_boosting,validation,medium,365,0.018716831823409757,0.025382557459265345,0.12938445071433582,0.9832596639133496,0.9920873290925999
JP-01,cases,annual,hist_gradient_boosting,test,medium,730,0.30511295735629695,0.3546661994174794,0.20503577534782955,0.9579603308275144,0.9837736033492555
JP-02,cases,annual,hist_gradient_boosting,test,medium,730,0.14909504468448892,0.16929353795014682,0.2611881965097448,0.931780726003987,0.9930132320084183
JP-03,cases,annual,hist_gradient_boosting,test,medium,730,0.050284948336719974,0.06032106436679644,0.09326608963340553,0.9913014365244935,0.9961294606838146
JP-04,cases,annual,hist_gradient_boosting,test,medium,730,0.17633034891575755,0.20604620390256764,0.1946808446098921,0.9620993687419791,0.9895098867580444
JP-05,cases,annual,hist_gradient_boosting,test,medium,730,0.06643666411003202,0.07967307725072646,0.16354642689566964,0.9732525662496594,0.9904203143819328
JP-06,cases,annual,hist_gradient_boosting,test,medium,730,0.0719230033138708,0.08850755235878015,0.15474534741570184,0.9760538774531937,0.9942780496043073
JP-07,cases,annual,hist_gradient_boosting,test,medium,730,0.08876116502941205,0.10385802776234357,0.09605505156633147,0.9907734270685894,0.995482676136751
JP-08,cases,annual,hist_gradient_boosting,test,medium,730,0.21589257315223206,0.24743440731117033,0.1712970060192976,0.9706573357288247,0.9917946395287262
JP-09,cases,annual,hist_gradient_boosting,test,medium,730,0.15197461975608564,0.17969216215739808,0.16338653295853273,0.9733048408477903,0.9966026740765145
JP-10,cases,annual,hist_gradient_boosting,test,medium,730,0.12764277258505943,0.16180654125446625,0.17207961843625227,0.9703886049188338,0.9955032236904245
JP-11,cases,annual,hist_gradient_boosting,test,medium,730,0.7484492885608869,0.9739238758768592,0.27789742700696335,0.9227730200629095,0.9868682149429807
JP-13,cases,annual,hist_gradient_boosting,test,medium,730,1.0389571709890206,1.207758544106324,0.23185123679125894,0.9462450039983635,0.9937793392685572
JP-14,cases,annual,hist_gradient_boosting,test,medium,730,0.5917917303772985,0.7040092577600727,0.21014978941337215,0.9558370660095153,0.9952002672763008
JP-15,cases,annual,hist_gradient_boosting,test,medium,730,0.12077693971713448,0.13870326788680376,0.14428574681293252,0.9791816232666344,0.9972556468674425
JP-16,cases,annual,hist_gradient_boosting,test,medium,730,0.03780764011716528,0.04822887753011476,0.17066844701243833,0.9708722811943625,0.9874450301690963
JP-17,cases,annual,hist_gradient_boosting,test,medium,730,0.07520928527675966,0.08934555499516969,0.29045668347529496,0.9156349150245323,0.9613005960489835
JP-18,cases,annual,hist_gradient_boosting,test,medium,730,0.035374644754636565,0.04237496556759538,0.15846084663662427,0.9748901600832043,0.9938233051734497
JP-19,cases,annual,hist_gradient_boosting,test,medium,730,0.14857106945252957,0.17312450983377642,0.3241158720370729,0.8949489014936478,0.9805707282205436
JP-20,cases,annual,hist_gradient_boosting,test,medium,730,0.1453596276895903,0.16932489458380323,0.20316146873587718,0.9587254176210812,0.9857475267843582
JP-21,cases,annual,hist_gradient_boosting,test,medium,730,0.10836064032227229,0.13674735641917227,0.14032683941491034,0.980308378139822,0.9907637595620531
JP-22,cases,annual,hist_gradient_boosting,test,medium,730,0.2631933058546486,0.31490277215191026,0.1854628119077342,0.9656035453992764,0.9914798151855778
JP-23,cases,annual,hist_gradient_boosting,test,medium,730,0.2802638434240844,0.319978201700217,0.10734015862156655,0.9884780903470969,0.9976190849418844
JP-24,cases,annual,hist_gradient_boosting,test,medium,730,0.16126786947693092,0.1794339417809678,0.17848792389870805,0.968142061022329,0.9964542209003695
JP-25,cases,annual,hist_gradient_boosting,test,medium,730,0.07313771672559598,0.08245441661661676,0.1566393372844104,0.9754641180151007,0.9937977052434412
JP-26,cases,annual,hist_gradient_boosting,test,medium,730,0.19325638822110425,0.22047100285493404,0.18130026054793424,0.9671302155252511,0.9897564914725026
JP-27,cases,annual,hist_gradient_boosting,test,medium,730,0.6847109789311715,0.7937744439486051,0.20046743665233305,0.9598128068420428,0.9962381520821725
JP-28,cases,annual,hist_gradient_boosting,test,medium,730,0.24329454211591586,0.28758840643610883,0.13227561450864378,0.9825031618063607,0.9970364038820031
JP-29,cases,annual,hist_gradient_boosting,test,medium,730,0.210742249853588,0.25171171959232164,0.30313821247202083,0.9081072241392679,0.9903823738059737
JP-30,cases,annual,hist_gradient_boosting,test,medium,730,0.10051636873576564,0.11724626398735186,0.24708613802507526,0.9389484403958535,0.9955583434486418
JP-31,cases,annual,hist_gradient_boosting,test,medium,730,0.10082723929386313,0.11465330186101721,0.30601904466568214,0.9063523443019033,0.9621713713632335
JP-32,cases,annual,hist_gradient_boosting,test,medium,730,0.037800676786581805,0.04257948101823389,0.13893555357486018,0.9806969119528471,0.995941668682706
JP-33,cases,annual,hist_gradient_boosting,test,medium,730,0.037396550117788335,0.04466168728325875,0.06568241291514636,0.9956858206336442,0.9993541349636428
JP-34,cases,annual,hist_gradient_boosting,test,medium,730,0.14232376157189008,0.15395087489347994,0.16872152356551526,0.9715330474857313,0.9887690682255453
JP-35,cases,annual,hist_gradient_boosting,test,medium,730,0.09021392676172973,0.10377077688362837,0.15996033046882677,0.9744126926763037,0.9973629437960103
JP-36,cases,annual,hist_gradient_boosting,test,medium,730,0.04848716154129633,0.05560207355691693,0.2723821834389422,0.9258079461450345,0.9658045302883069
JP-37,cases,annual,hist_gradient_boosting,test,medium,730,0.06250892740715151,0.08175110106234368,0.1925466047317651,0.9629258050062695,0.9840585219681547
JP-38,cases,annual,hist_gradient_boosting,test,medium,730,0.06873784834712121,0.07839706965083001,0.11592790594337452,0.9865607206235841,0.9935491988132983
JP-39,cases,annual,hist_gradient_boosting,test,medium,730,0.05545047719809789,0.06454839766628372,0.2177285182005385,0.9525942923621977,0.9791982151202288
JP-40,cases,annual,hist_gradient_boosting,test,medium,730,0.1491529581070151,0.16974654359016372,0.15119705990790708,0.9771394490752048,0.9952691526013325
JP-41,cases,annual,hist_gradient_boosting,test,medium,730,0.02141671381084362,0.029140725596758607,0.11269146053723321,0.9873006347219853,0.9940264798477291
JP-42,cases,annual,hist_gradient_boosting,test,medium,730,0.10859027524131762,0.12786824732971605,0.22009249037223846,0.9515592956817461,0.990317688306733
JP-43,cases,annual,hist_gradient_boosting,test,medium,730,0.04567151510926742,0.05573121677003623,0.08243601036494,0.9932043041951115,0.9976655585715725
JP-44,cases,annual,hist_gradient_boosting,test,medium,730,0.08288693581454176,0.09126104242554407,0.2046712699162217,0.9581096712708811,0.9976631058291161
JP-45,cases,annual,hist_gradient_boosting,test,medium,730,0.05377208419360271,0.06059372074683473,0.16330533274096348,0.9733313682983632,0.991648673588143
JP-46,cases,annual,hist_gradient_boosting,test,medium,730,0.06890713083770572,0.07879699541514289,0.1166027263012033,0.9864038042191267,0.998830490384453
JP-47,cases,annual,hist_gradient_boosting,test,medium,730,0.026319962719358478,0.034935453110300003,0.19531547686763973,0.9618518644959665,0.9832188809429168
JP-01,cases,semiannual,hist_gradient_boosting,train,medium,4353,0.08851232113827799,0.10869721525111817,0.2973787880091228,0.9115658564422252,0.9550363252291616
JP-02,cases,semiannual,hist_gradient_boosting,train,medium,4353,0.030396816406361035,0.03827106583266194,0.37416374434728283,0.8600014924160212,0.9273799282195204
JP-03,cases,semiannual,hist_gradient_boosting,train,medium,4353,0.0685957147296837,0.08483069163098063,0.7190028469544448,0.4830349060714033,0.7060925603670812
JP-04,cases,semiannual,hist_gradient_boosting,train,medium,4353,0.020102116953415388,0.028024455705619507,0.8304148301204585,0.3104112099160099,0.5667805536799446
JP-05,cases,semiannual,hist_gradient_boosting,train,medium,4353,0.01804118680088268,0.02444574550234246,0.6515411360466469,0.5754941480390448,0.7591213300141854
JP-06,cases,semiannual,hist_gradient_boosting,train,medium,4353,0.025830529188288567,0.03278656482336549,0.48689820305918663,0.7629301398577352,0.8742372750361131
JP-07,cases,semiannual,hist_gradient_boosting,train,medium,4353,0.10561540232663726,0.13028949330538184,0.5204315913411008,0.7291509587341694,0.8543715308894888
JP-08,cases,semiannual,hist_gradient_boosting,train,medium,4354,0.07991814199378351,0.10383952949895255,0.27721075419614627,0.9231541977580038,0.9608609546046104
JP-09,cases,semiannual,hist_gradient_boosting,train,medium,4353,0.05694353901568743,0.07300145529321193,0.28889127012707455,0.9165418340443656,0.9577838939678449
JP-10,cases,semiannual,hist_gradient_boosting,train,medium,4353,0.04294486341321595,0.05458380524639779,0.22428161695127224,0.9496977562977228,0.9746336572241519
JP-11,cases,semiannual,hist_gradient_boosting,train,medium,4353,0.126487567883689,0.15461459133126018,0.35343767616377575,0.87508180906795,0.9370338626411701
JP-13,cases,semiannual,hist_gradient_boosting,train,medium,4353,0.28794596659018185,0.37455194743755793,0.28272850415431305,0.9200645929386646,0.9601393341890223
JP-14,cases,semiannual,hist_gradient_boosting,train,medium,4353,0.1518162795114218,0.19578851464622413,0.18692698710035371,0.9650583014935842,0.9824941909355649
JP-15,cases,semiannual,hist_gradient_boosting,train,medium,4353,0.028681803607560653,0.03824664326004301,0.33102431178900393,0.8904229050046163,0.9441478724028977
JP-16,cases,semiannual,hist_gradient_boosting,train,medium,4353,0.05506662047371876,0.0656395843819818,0.6755710082592373,0.5436038127995976,0.737594613286105
JP-17,cases,semiannual,hist_gradient_boosting,train,medium,4353,0.05351013080182908,0.06567467406871254,0.9145172007286948,0.1636582895713521,0.41107510817995513
JP-18,cases,semiannual,hist_gradient_boosting,train,medium,4353,0.01644672643071397,0.021087370334913026,0.30373075840811364,0.9077476263968322,0.9528177755382287
JP-19,cases,semiannual,hist_gradient_boosting,train,medium,4353,0.07250348011949075,0.08757382059462228,0.6106474181851307,0.627109730663834,0.7935044033025134
JP-20,cases,semiannual,hist_gradient_boosting,train,medium,4365,0.0640837914813109,0.08046973848056292,0.9333279843912726,0.12889887355212437,0.36366431675090316
JP-21,cases,semiannual,hist_gradient_boosting,train,medium,4353,0.048525560215523615,0.06169717336333547,0.24836644136170793,0.9383141108053213,0.9687731621921876
JP-22,cases,semiannual,hist_gradient_boosting,train,medium,4353,0.09201525120878781,0.11620484898972999,0.25529242146304804,0.9348257795435334,0.9668742010538045
JP-23,cases,semiannual,hist_gradient_boosting,train,medium,4357,0.1611314650320084,0.19924297691574255,0.2365179687614655,0.9440592504529505,0.9716592934445387
JP-24,cases,semiannual,hist_gradient_boosting,train,medium,4353,0.06103562026271286,0.07603715660355762,0.3003971164581344,0.9097615724236381,0.9539249259071111
JP-25,cases,semiannual,hist_gradient_boosting,train,medium,4353,0.02764028631861994,0.03578691594813071,0.30753222797101987,0.9054239287591807,0.9524357176148368
JP-26,cases,semiannual,hist_gradient_boosting,train,medium,4353,0.03172788194913863,0.03967217327154637,0.1988761829762274,0.9604482638448061,0.9800816071434886
JP-27,cases,semiannual,hist_gradient_boosting,train,medium,4353,0.17311704810376807,0.22360355976292848,0.24882320034964947,0.9380870149677581,0.9690786802958995
JP-28,cases,semiannual,hist_gradient_boosting,train,medium,4353,0.09059468887605879,0.11804983725583196,0.22938359169701397,0.9473831678601776,0.9734984514205072
JP-29,cases,semiannual,hist_gradient_boosting,train,medium,4353,0.028544250840371925,0.03818023377613334,0.29663328825597235,0.9120086922984492,0.9553173606311816
JP-30,cases,semiannual,hist_gradient_boosting,train,medium,4353,0.024576099031932808,0.03238319866512245,0.3232342751968958,0.8955196033379375,0.9470469928566189
JP-31,cases,semiannual,hist_gradient_boosting,train,medium,4353,0.019069800689387188,0.02637490468973216,0.3510612748640787,0.8767559812908078,0.9364069603339314
JP-32,cases,semiannual,hist_gradient_boosting,train,medium,4353,0.030598210923092426,0.0363459248676636,0.5113492744710455,0.7385219194979353,0.8594189321302722
JP-33,cases,semiannual,hist_gradient_boosting,train,medium,4353,0.07955726541547178,0.10122305373871494,0.5366820856116248,0.7119723389835566,0.8445116654692768
JP-34,cases,semiannual,hist_gradient_boosting,train,medium,4353,0.05737626082432314,0.07273046608254279,0.349805444996682,0.8776361506506734,0.9373399948964891
JP-35,cases,semiannual,hist_gradient_boosting,train,medium,4353,0.04206707107952779,0.05061101685138214,0.3490912559905233,0.8781352949909589,0.9372168455818519
JP-36,cases,semiannual,hist_gradient_boosting,train,medium,4353,0.01702684096306828,0.02202201378168678,0.7716207950699647,0.4046013486155954,0.6426111257527224
JP-37,cases,semiannual,hist_gradient_boosting,train,medium,4353,0.017911839994935657,0.02341395612018924,0.18317437475243953,0.9664471484340529,0.983094490963954
JP-38,cases,semiannual,hist_gradient_boosting,train,medium,4353,0.07321932507579323,0.09252960968275782,0.4303498783623006,0.8147989821935531,0.9034851332022945
JP-39,cases,semiannual,hist_gradient_boosting,train,medium,4353,0.017833797625259898,0.02269273077877456,0.2148316826124697,0.9538473481458951,0.9767230497379147
JP-40,cases,semiannual,hist_gradient_boosting,train,medium,4353,0.06689311227940492,0.08571691575870366,0.3569484768781934,0.8725877848543377,0.9351068429074516
JP-41,cases,semiannual,hist_gradient_boosting,train,medium,4356,0.014557163924881282,0.019555978564959782,0.24941063439313155,0.9377943354516156,0.9687446788825352
JP-42,cases,semiannual,hist_gradient_boosting,train,medium,4353,0.027446586804645488,0.034470104251786295,0.3919037108485692,0.8464114814231212,0.9203712071763085
JP-43,cases,semiannual,hist_gradient_boosting,train,medium,4353,0.030371723977764546,0.038319929409097904,0.4102783927620976,0.8316716404325499,0.9120441142027198
JP-44,cases,semiannual,hist_gradient_boosting,train,medium,4361,0.03406337554527892,0.04180207361053033,0.3813019785045597,0.8546088011885082,0.9248831761918938
JP-45,cases,semiannual,hist_gradient_boosting,train,medium,4353,0.0690472478274984,0.08665948947662544,0.6368930622463722,0.5943672272624387,0.7719722222904458
JP-46,cases,semiannual,hist_gradient_boosting,train,medium,4356,0.06466281209479105,0.0824639332712442,0.40748822373636107,0.8339533475161853,0.9133476073563932
JP-47,cases,semiannual,hist_gradient_boosting,train,medium,4353,0.06155360539105626,0.07742229438640048,0.6009997823506963,0.6387992616144157,0.8042762683939495
JP-01,cases,semiannual,hist_gradient_boosting,validation,medium,365,0.1761555510547393,0.20038941129983692,0.3980741101684072,0.8415370028136308,0.9329359212850467
JP-02,cases,semiannual,hist_gradient_boosting,validation,medium,365,0.08747665956877741,0.09461472025723715,0.5542972218743393,0.6927545898223895,0.9072042747691325
JP-03,cases,semiannual,hist_gradient_boosting,validation,medium,365,0.07262764304614346,0.09578016959547184,0.7853425770266322,0.3832370367091683,0.683134318026432
JP-04,cases,semiannual,hist_gradient_boosting,validation,medium,365,0.022649681047577218,0.028765501764319683,0.9703695126776831,0.058383008865676045,0.5430382405875691
JP-05,cases,semiannual,hist_gradient_boosting,validation,medium,365,0.019741154593077462,0.025013174596648643,0.7300938050195087,0.4669630358721356,0.7030138125913646
JP-06,cases,semiannual,hist_gradient_boosting,validation,medium,365,0.043657047288476754,0.05030930923967568,0.5140058383006176,0.7357979981928792,0.9644464899479527
JP-07,cases,semiannual,hist_gradient_boosting,validation,medium,365,0.12155900307846965,0.13839255427514158,0.5216167527602988,0.7279159632398011,0.8627234979266288
JP-08,cases,semiannual,hist_gradient_boosting,validation,medium,365,0.14055371373236272,0.16321013535528966,0.33049367155472953,0.8907739330622746,0.9553297321696784
JP-09,cases,semiannual,hist_gradient_boosting,validation,medium,365,0.12116225228921829,0.13567547092685414,0.3896044580254804,0.8482083662866717,0.936773158923683
JP-10,cases,semiannual,hist_gradient_boosting,validation,medium,365,0.09312098998865924,0.10521241725861662,0.292023616414145,0.9147222074564043,0.9876221109547902
JP-11,cases,semiannual,hist_gradient_boosting,validation,medium,365,0.18027189344882355,0.22186749410091425,0.4742715411119105,0.7750665052913334,0.884488596169292
JP-13,cases,semiannual,hist_gradient_boosting,validation,medium,365,0.42927462012436446,0.548067905024692,0.4761310365499913,0.7732992360338309,0.9477864058189138
JP-14,cases,semiannual,hist_gradient_boosting,validation,medium,365,0.4306669404910553,0.4943122378522256,0.3595743401389908,0.8707062939136093,0.945328744210602
JP-15,cases,semiannual,hist_gradient_boosting,validation,medium,365,0.13253400811227642,0.14897912926596893,0.597153524719198,0.6434076679154381,0.9851393223935501
JP-16,cases,semiannual,hist_gradient_boosting,validation,medium,365,0.06876941867432342,0.07881949249727037,0.7859960633014011,0.3822101884747,0.6209594714834812
JP-17,cases,semiannual,hist_gradient_boosting,validation,medium,365,0.07509316089517533,0.08253084571592048,0.9002444500646163,0.18955993012785644,0.5382243821916783
JP-18,cases,semiannual,hist_gradient_boosting,validation,medium,365,0.02032986147712644,0.02557213905083212,0.30657513170400075,0.9060116886206746,0.9582717967721613
JP-19,cases,semiannual,hist_gradient_boosting,validation,medium,365,0.04531136398769265,0.054523083373756685,0.4426697601760395,0.8040434834256877,0.9138214338605046
JP-20,cases,semiannual,hist_gradient_boosting,validation,medium,365,0.04120823263732599,0.05027098678429223,0.7937768107402163,0.3699183747310908,0.8644602104839597
JP-21,cases,semiannual,hist_gradient_boosting,validation,medium,365,0.14554754751812576,0.16111120199509202,0.4412838622994481,0.8052685528740817,0.9833143807816652
JP-22,cases,semiannual,hist_gradient_boosting,validation,medium,365,0.189796509773737,0.2134177376969775,0.29933327658117537,0.9103995895311776,0.9886376728443401
JP-23,cases,semiannual,hist_gradient_boosting,validation,medium,365,0.5109506245165166,0.566193705406085,0.3935120966945239,0.8451482297550796,0.9862416098343894
JP-24,cases,semiannual,hist_gradient_boosting,validation,medium,365,0.06420791198430087,0.0813406571605689,0.24346490269837667,0.94072484115407,0.9802469216139721
JP-25,cases,semiannual,hist_gradient_boosting,validation,medium,365,0.041220063864378084,0.050811926289370375,0.38188050005014196,0.8541672836814536,0.9500557040628427
JP-26,cases,semiannual,hist_gradient_boosting,validation,medium,365,0.06085869355463753,0.07253100297839327,0.3307432692159969,0.8906088898683145,0.954977722498246
JP-27,cases,semiannual,hist_gradient_boosting,validation,medium,365,0.2729808706204896,0.36659997127578514,0.3248466403072765,0.8944746602810749,0.9529471673251113
JP-28,cases,semiannual,hist_gradient_boosting,validation,medium,365,0.17091911785261876,0.20766126393321677,0.3952755593518803,0.8437572321790582,0.9230153482464323
JP-29,cases,semiannual,hist_gradient_boosting,validation,medium,365,0.12298946060567399,0.14306842883425805,0.5580421390728391,0.6885889710190102,0.9713700974459686
JP-30,cases,semiannual,hist_gradient_boosting,validation,medium,365,0.092669699252733,0.10541693388226653,0.5421507041199931,0.7060726140221958,0.8961035137786689
JP-31,cases,semiannual,hist_gradient_boosting,validation,medium,365,0.01728335386249318,0.021023001543257442,0.2306470639031306,0.9468019319128652,0.9882466966169016
JP-32,cases,semiannual,hist_gradient_boosting,validation,medium,365,0.046182647374373824,0.05357583490270752,1.0463050563893415,-0.09475427102590306,0.6405733826810514
JP-33,cases,semiannual,hist_gradient_boosting,validation,medium,365,0.21129509455393186,0.24830702751763412,0.7485708399142816,0.43964169763002703,0.6741261670754264
JP-34,cases,semiannual,hist_gradient_boosting,validation,medium,365,0.0639887082896318,0.07554807873789826,0.2575077443934968,0.9336897615773735,0.9939985838054746
JP-35,cases,semiannual,hist_gradient_boosting,validation,medium,365,0.0674200989891948,0.08020173701500956,0.40713407801086676,0.8342418425222414,0.9339179777822553
JP-36,cases,semiannual,hist_gradient_boosting,validation,medium,365,0.021061492263228284,0.027752221129330613,0.7703623563468021,0.40654183992380266,0.6663666866523882
JP-37,cases,semiannual,hist_gradient_boosting,validation,medium,365,0.02731770844047254,0.032268721801848615,0.25615852443567905,0.9343828103589357,0.967310311203593
JP-38,cases,semiannual,hist_gradient_boosting,validation,medium,365,0.12205755130807971,0.1510797194761473,0.6849491631025488,0.530844643965118,0.7845842905911798
JP-39,cases,semiannual,hist_gradient_boosting,validation,medium,365,0.03029977458151686,0.036598147804231464,0.2770635210899451,0.9232358052812415,0.9814077556010894
JP-40,cases,semiannual,hist_gradient_boosting,validation,medium,365,0.14917809706087537,0.19067614835519311,0.4699718322272445,0.7791264769129668,0.9132707790879745
JP-41,cases,semiannual,hist_gradient_boosting,validation,medium,365,0.04483055035984421,0.04980766265384162,0.4949040847824293,0.7550699468656661,0.9311762022073213
JP-42,cases,semiannual,hist_gradient_boosting,validation,medium,365,0.07750919061376375,0.08557278368970349,0.49396586574780343,0.7559977234760229,0.976642546173605
JP-43,cases,semiannual,hist_gradient_boosting,validation,medium,365,0.030423428100184544,0.03704850618938576,0.49291747414646747,0.7570323636810665,0.9045187810901602
JP-44,cases,semiannual,hist_gradient_boosting,validation,medium,365,0.02635410575392549,0.03176399212446075,0.2595277219112483,0.9326453615595578,0.974629744685959
JP-45,cases,semiannual,hist_gradient_boosting,validation,medium,365,0.13313387821152647,0.1515725903338966,0.6541528435493622,0.5720840572762835,0.9383170532845004
JP-46,cases,semiannual,hist_gradient_boosting,validation,medium,365,0.16481953801873606,0.18474631912912784,0.4964201524459818,0.7535670322455083,0.9789114710227375
JP-47,cases,semiannual,hist_gradient_boosting,validation,medium,365,0.14350857292349753,0.16030671389799966,0.7650908409102793,0.4146360051552016,0.709355185521372
JP-01,cases,semiannual,hist_gradient_boosting,test,medium,730,0.22449437665289113,0.27518244730346375,0.5124161045218959,0.7374297358266054,0.8650349821839308
JP-02,cases,semiannual,hist_gradient_boosting,test,medium,730,0.10208636284369037,0.11455729999163194,0.6179139210103296,0.6181823862216401,0.8397193266031546
JP-03,cases,semiannual,hist_gradient_boosting,test,medium,730,0.11696060380569305,0.14028597080002994,0.7175948519419126,0.4850576284664646,0.8187613696084378
JP-04,cases,semiannual,hist_gradient_boosting,test,medium,730,0.03774746898562449,0.05450719729298746,0.8192179992702046,0.32888186967172317,0.5801133436933118
JP-05,cases,semiannual,hist_gradient_boosting,test,medium,730,0.03385526951225721,0.04125707588083666,1.818528870081837,-2.3070472513211224,-0.09443665827059378
JP-06,cases,semiannual,hist_gradient_boosting,test,medium,730,0.08487995581851052,0.10135689509862669,0.6522640852204568,0.5745515631315207,0.9311747826332251
JP-07,cases,semiannual,hist_gradient_boosting,test,medium,730,0.12343254737578563,0.161519369658864,0.51927760348827,0.7303507705154791,0.8548019418213533
JP-08,cases,semiannual,hist_gradient_boosting,test,medium,730,0.15565158197556864,0.18561085495088014,0.3173791566045047,0.8992704709530133,0.9697814518714509
JP-09,cases,semiannual,hist_gradient_boosting,test,medium,730,0.12338498896633664,0.14359916017612764,0.3533829273184035,0.875120506679876,0.9597084291407998
JP-10,cases,semiannual,hist_gradient_boosting,test,medium,730,0.12332561167193354,0.14434852559558262,0.34057730591350777,0.8840070986966969,0.9705702826404846
JP-11,cases,semiannual,hist_gradient_boosting,test,medium,730,0.5162980375632533,0.6062281778152089,0.7054784562321723,0.502300147792271,0.756945120885103
JP-13,cases,semiannual,hist_gradient_boosting,test,medium,730,0.9230931155348833,1.1719619746201277,0.6604999295011522,0.5637398431289731,0.7590778923158058
JP-14,cases,semiannual,hist_gradient_boosting,test,medium,730,0.44302889297390136,0.5115804147897731,0.3343661431783501,0.8881992822960351,0.9740240441674659
JP-15,cases,semiannual,hist_gradient_boosting,test,medium,730,0.2024220849805996,0.22780601562217354,0.6619296660488877,0.5618491172044079,0.9763743008956072
JP-16,cases,semiannual,hist_gradient_boosting,test,medium,730,0.058998265303021415,0.07000086030113774,0.987486735065163,0.024869948070344483,0.5195605559953383
JP-17,cases,semiannual,hist_gradient_boosting,test,medium,730,0.09752596992757372,0.11399530314711027,1.1940837146489454,-0.42583591758982386,-0.07414714129281147
JP-18,cases,semiannual,hist_gradient_boosting,test,medium,730,0.029310386699281352,0.03985937215511046,0.5085666045301692,0.7413600087566545,0.8914452591942417
JP-19,cases,semiannual,hist_gradient_boosting,test,medium,730,0.0702259444974058,0.07836989611971192,0.5099697405634454,0.7399308637096523,0.8666518358227552
JP-20,cases,semiannual,hist_gradient_boosting,test,medium,730,0.050505480053202906,0.06068632227531532,0.8220382101740393,0.3242531810138618,0.5887672505444103
JP-21,cases,semiannual,hist_gradient_boosting,test,medium,730,0.1875152900011989,0.21198768513482208,0.5156534548061656,0.7341015145464658,0.9192537971337394
JP-22,cases,semiannual,hist_gradient_boosting,test,medium,730,0.26443504243711313,0.30978360840274005,0.4373003327086901,0.8087684190128689,0.9288318112209929
JP-23,cases,semiannual,hist_gradient_boosting,test,medium,730,0.24610770226929438,0.29805531907009186,0.2626167677075574,0.9310324333188349,0.9687670201777822
JP-24,cases,semiannual,hist_gradient_boosting,test,medium,730,0.0940569838402144,0.11506624467515375,0.36616178074459166,0.8659255503219495,0.9326271536872652
JP-25,cases,semiannual,hist_gradient_boosting,test,medium,730,0.05056019218267125,0.06611886164821215,0.5265066646178562,0.7227907321129803,0.8641239786789401
JP-26,cases,semiannual,hist_gradient_boosting,test,medium,730,0.10174703583084291,0.11486765719553745,0.44063318740335095,0.8058423941587634,0.939754060679587
JP-27,cases,semiannual,hist_gradient_boosting,test,medium,730,0.7009023832344125,0.8143033359216167,0.5340148960583668,0.7148280907877718,0.9141979920503123
JP-28,cases,semiannual,hist_gradient_boosting,test,medium,730,0.16136071770294796,0.21235609427708352,0.36611407521413414,0.8659604839300994,0.9384044595595139
JP-29,cases,semiannual,hist_gradient_boosting,test,medium,730,0.17137872527041498,0.19578279225011683,0.6070406897883801,0.6315016009412477,0.9261861554008489
JP-30,cases,semiannual,hist_gradient_boosting,test,medium,730,0.1139361760046507,0.12951661421487234,0.5684075250720106,0.6769128854415117,0.8568802257785383
JP-31,cases,semiannual,hist_gradient_boosting,test,medium,730,0.029158390911568903,0.0366661673342295,0.3364748564700943,0.8867846709634295,0.9640393662969229
JP-32,cases,semiannual,hist_gradient_boosting,test,medium,730,0.04456351538407608,0.04970634311373752,1.3764644553834058,-0.8946543969339362,0.6771705970856495
JP-33,cases,semiannual,hist_gradient_boosting,test,medium,730,0.21048458473165987,0.27365407406396747,0.8640574000353899,0.25340480944408206,0.5336553012230801
JP-34,cases,semiannual,hist_gradient_boosting,test,medium,730,0.1434112048073124,0.1828622781585577,0.5174124533463414,0.7322843531221201,0.8757277032969708
JP-35,cases,semiannual,hist_gradient_boosting,test,medium,730,0.05597370838860822,0.07502968085233498,0.37067091845225214,0.8626030702137638,0.9459388182652991
JP-36,cases,semiannual,hist_gradient_boosting,test,medium,730,0.0431334658307818,0.05759581325960281,1.064884577172856,-0.13397916270061216,0.28682282166852147
JP-37,cases,semiannual,hist_gradient_boosting,test,medium,730,0.03781841568085684,0.051439750423553934,0.4082913704659835,0.8332981568030089,0.9189828422310659
JP-38,cases,semiannual,hist_gradient_boosting,test,medium,730,0.11802879265987885,0.14422353250960027,0.5425515606063729,0.7056378040835893,0.8411760035549537
JP-39,cases,semiannual,hist_gradient_boosting,test,medium,730,0.027850094210581933,0.03559361589446546,0.29183662459717685,0.9148313845437265,0.9588940577267975
JP-40,cases,semiannual,hist_gradient_boosting,test,medium,730,0.22007969298703603,0.2589087051139026,0.572101476566933,0.672699900509935,0.8810582906043576
JP-41,cases,semiannual,hist_gradient_boosting,test,medium,730,0.03855396034648899,0.04451195390377085,0.37488048736319146,0.8594646201943361,0.9689771176688557
JP-42,cases,semiannual,hist_gradient_boosting,test,medium,730,0.03999782507662641,0.05035038779801275,0.35747949142814,0.8722084132082785,0.9388971311234507
JP-43,cases,semiannual,hist_gradient_boosting,test,medium,730,0.032700741047477166,0.04938752348523643,0.5096607137860747,0.7402459568230688,0.8637595417497244
JP-44,cases,semiannual,hist_gradient_boosting,test,medium,730,0.05429852110797546,0.06593499703826129,0.49200624026398154,0.7579298595413013,0.8767953382314027
JP-45,cases,semiannual,hist_gradient_boosting,test,medium,730,0.11628798845766088,0.13406745433234946,0.6132052343935719,0.6239793405123246,0.8743403512768259
JP-46,cases,semiannual,hist_gradient_boosting,test,medium,730,0.16228089419607483,0.2047638281967084,0.5231430853026592,0.7263213123000146,0.9185020086575062
JP-47,cases,semiannual,hist_gradient_boosting,test,medium,730,0.17162020959962168,0.19596758331243047,0.9081256357168553,0.17530782975385706,0.42296633397498334
JP-01,cases,seasonal_subannual,hist_gradient_boosting,train,shallow,4353,0.4167951365404283,0.5489623082988934,0.9678731048507141,0.06322165290663873,0.28957665374279473
JP-02,cases,seasonal_subannual,hist_gradient_boosting,train,shallow,4353,0.1690796607728457,0.21290020195193315,0.9278629245661932,0.13907039321547077,0.3804862838258372
JP-03,cases,seasonal_subannual,hist_gradient_boosting,train,shallow,4353,0.17384220948063836,0.2148459233270699,0.957421840206733,0.08334341989515281,0.30244204244482653
JP-04,cases,seasonal_subannual,hist_gradient_boosting,train,shallow,4353,0.22332312729827142,0.2820946549697136,0.9470829473086488,0.10303389091716297,0.3432031106425319
JP-05,cases,seasonal_subannual,hist_gradient_boosting,train,shallow,4366,0.16201055836093706,0.20282153179825724,0.9774591752440963,0.044573560731130835,0.22937758287662824
JP-06,cases,seasonal_subannual,hist_gradient_boosting,train,shallow,4368,0.11325304366671497,0.14302600409424768,0.9789967910353709,0.04156528314244634,0.21423976689078944
JP-07,cases,seasonal_subannual,hist_gradient_boosting,train,shallow,4361,0.23837709307711008,0.2975592669065812,0.9587094081916371,0.08087627064484115,0.29883676985486013
JP-08,cases,seasonal_subannual,hist_gradient_boosting,train,shallow,4353,0.2590337434307469,0.32545293810863235,0.9116022384007971,0.1689813589426562,0.4161868829155569
JP-09,cases,seasonal_subannual,hist_gradient_boosting,train,shallow,4353,0.21363980668952462,0.2707992157783157,0.9789317547832388,0.04169261947700875,0.21641939628360676
JP-10,cases,seasonal_subannual,hist_gradient_boosting,train,shallow,4358,0.1962360328880006,0.24324984147245585,0.9363403627711958,0.1232667250455054,0.3570991013576381
JP-11,cases,seasonal_subannual,hist_gradient_boosting,train,shallow,4353,0.4030999646412172,0.5288835171638935,0.8473031790723948,0.28207732273381336,0.5651879254083734
JP-13,cases,seasonal_subannual,hist_gradient_boosting,train,shallow,4353,0.8448633262087726,1.106399205614021,0.8540434739112158,0.2706097446696625,0.5568103053554027
JP-14,cases,seasonal_subannual,hist_gradient_boosting,train,shallow,4353,0.3752507603922145,0.48314106434496373,0.944358860517715,0.1081863425616828,0.3419528183477638
JP-15,cases,seasonal_subannual,hist_gradient_boosting,train,shallow,4353,0.166580433888638,0.20381439410780114,0.970582788332605,0.0579690509925056,0.2744575536690272
JP-16,cases,seasonal_subannual,hist_gradient_boosting,train,shallow,4354,0.06805191845887042,0.08493365025218473,0.9929007386297779,0.01414812322844139,0.13022879580040278
JP-17,cases,seasonal_subannual,hist_gradient_boosting,train,shallow,4353,0.11397364924282785,0.14151984625676467,0.9804610764082123,0.03869607764844962,0.21677293246881355
JP-18,cases,seasonal_subannual,hist_gradient_boosting,train,shallow,4353,0.0900163126916431,0.1110201526287377,0.9906616897754028,0.018589416411343485,0.13929704195665565
JP-19,cases,seasonal_subannual,hist_gradient_boosting,train,shallow,4353,0.11949755266842078,0.1509736732854531,0.9793332802569168,0.04090632618122747,0.20455475381865248
JP-20,cases,seasonal_subannual,hist_gradient_boosting,train,shallow,4353,0.1822511401152385,0.2301542177838262,0.9340048457919536,0.12763494803714903,0.39202409612514794
JP-21,cases,seasonal_subannual,hist_gradient_boosting,train,shallow,4353,0.22295041426073464,0.2801656887268351,0.8645576084481349,0.2525401416744415,0.5095865399343364
JP-22,cases,seasonal_subannual,hist_gradient_boosting,train,shallow,4353,0.24643149952891277,0.31690749751508535,0.8396633730168971,0.29496542001388704,0.5562865556204147
JP-23,cases,seasonal_subannual,hist_gradient_boosting,train,shallow,4353,0.4587100423355969,0.5711890802660018,0.86458022791814,0.252501029493017,0.5246687804897479
JP-24,cases,seasonal_subannual,hist_gradient_boosting,train,shallow,4353,0.1929426156992233,0.24143097478822592,0.9327309038755894,0.13001306095542609,0.37321628014405483
JP-25,cases,seasonal_subannual,hist_gradient_boosting,train,shallow,4353,0.11235800458285156,0.13774956856599088,0.9832088294290035,0.03330039773284854,0.19128621565600373
JP-26,cases,seasonal_subannual,hist_gradient_boosting,train,shallow,4353,0.21640379729983705,0.2727668841316396,0.9722048819469626,0.054817667518492375,0.2599086366776528
JP-27,cases,seasonal_subannual,hist_gradient_boosting,train,shallow,4353,0.5393129675391004,0.7098528318331674,0.9031159450700512,0.18438158976022834,0.4621175401767067
JP-28,cases,seasonal_subannual,hist_gradient_boosting,train,shallow,4353,0.3541397606820661,0.4618954567980172,0.9198307572161815,0.15391137807910615,0.4030168488146598
JP-29,cases,seasonal_subannual,hist_gradient_boosting,train,shallow,4353,0.149351013019191,0.18743640060777003,0.9548538300996671,0.08825416314399614,0.31441359513777284
JP-30,cases,seasonal_subannual,hist_gradient_boosting,train,shallow,4355,0.12739144925417298,0.15863087898170927,0.9506509830039427,0.09626270851363739,0.31352405845099435
JP-31,cases,seasonal_subannual,hist_gradient_boosting,train,shallow,4353,0.05636817185466547,0.07236142382009611,1.004708312705252,-0.009438793619034325,0.06674572345421313
JP-32,cases,seasonal_subannual,hist_gradient_boosting,train,shallow,4353,0.0716992090673981,0.08874087312668576,0.9833824882118636,0.03295888187824392,0.19028359604266237
JP-33,cases,seasonal_subannual,hist_gradient_boosting,train,shallow,4353,0.1057619904750114,0.1355850403651982,0.8733910218633764,0.23718812292844715,0.4959330057696929
JP-34,cases,seasonal_subannual,hist_gradient_boosting,train,shallow,4353,0.20381076670202397,0.2584813968215304,0.9504407257742629,0.09666242678969228,0.324189488501364
JP-35,cases,seasonal_subannual,hist_gradient_boosting,train,shallow,4353,0.14976396760670296,0.18805186166795115,0.9289551835902392,0.13704226688082488,0.3782137073126473
JP-36,cases,seasonal_subannual,hist_gradient_boosting,train,shallow,4354,0.06779613869144369,0.08515955824950773,0.9814842831443431,0.03668860194063506,0.1930746321537803
JP-37,cases,seasonal_subannual,hist_gradient_boosting,train,shallow,4371,0.1118479129735373,0.1416947360156992,0.9598458843538893,0.07869587828890023,0.2867752174955961
JP-38,cases,seasonal_subannual,hist_gradient_boosting,train,shallow,4353,0.1428929581115387,0.17885309626504606,0.9480008373022144,0.10129441247430071,0.32340032151184084
JP-39,cases,seasonal_subannual,hist_gradient_boosting,train,shallow,4362,0.06432413036120144,0.0804064036816398,0.9700908970300325,0.05892365149946699,0.24427443357970002
JP-40,cases,seasonal_subannual,hist_gradient_boosting,train,shallow,4353,0.2488212977977379,0.31021053439222396,0.9503593796242262,0.09681704956025572,0.31584058314885033
JP-41,cases,seasonal_subannual,hist_gradient_boosting,train,shallow,4353,0.09472463007615362,0.11827116700281105,0.9639322282410228,0.07083465935829647,0.2703928182251877
JP-42,cases,seasonal_subannual,hist_gradient_boosting,train,shallow,4353,0.11885574385768699,0.1498062667300296,0.917959256892598,0.1573508026851893,0.397412886731284
JP-43,cases,seasonal_subannual,hist_gradient_boosting,train,shallow,4353,0.15868049323031352,0.20253826399364672,0.9724320493739482,0.054375909350382945,0.245426367121661
JP-44,cases,seasonal_subannual,hist_gradient_boosting,train,shallow,4358,0.09913895118794695,0.12339471008831729,0.9720762720254584,0.055067721365087086,0.24124325509351588
JP-45,cases,seasonal_subannual,hist_gradient_boosting,train,shallow,4353,0.1421716866133937,0.1765778604609551,0.9395175754925398,0.11730672534061959,0.3544773202282278
JP-46,cases,seasonal_subannual,hist_gradient_boosting,train,shallow,4362,0.13557137172672137,0.1670961133131792,0.8899916078282284,0.20791493799532468,0.46576947475685654
JP-47,cases,seasonal_subannual,hist_gradient_boosting,train,shallow,4353,0.07755721565249968,0.09868145610284881,0.9997714054263976,0.00045713689172577343,0.06572536469840251
JP-01,cases,seasonal_subannual,hist_gradient_boosting,validation,shallow,365,0.6710670157780306,0.8038552827118772,1.0305752703313706,-0.0620853878185772,-0.31074976633439744
JP-02,cases,seasonal_subannual,hist_gradient_boosting,validation,shallow,365,0.2673549671286757,0.3333350303422474,0.9818460573138056,0.03597831973733523,0.19191244401014382
JP-03,cases,seasonal_subannual,hist_gradient_boosting,validation,shallow,365,0.17484610111173993,0.2206834534665877,1.0094117679969372,-0.018912117370702308,0.04092537546499032
JP-04,cases,seasonal_subannual,hist_gradient_boosting,validation,shallow,365,0.23942665363130156,0.29202085980200954,1.0217289927871895,-0.04393013470192475,-0.06083113417090481
JP-05,cases,seasonal_subannual,hist_gradient_boosting,validation,shallow,365,0.14846028662381194,0.19005445540370228,1.0103960243985786,-0.02090012612045289,-0.0076547505596380435
JP-06,cases,seasonal_subannual,hist_gradient_boosting,validation,shallow,365,0.1478944251773051,0.18793012252999933,1.0385748118607934,-0.07863763983168237,-0.3391832212731861
JP-07,cases,seasonal_subannual,hist_gradient_boosting,validation,shallow,365,0.21630839651224412,0.2649488511725411,1.1104992006967027,-0.23320847474801587,-0.34019773722776586
JP-08,cases,seasonal_subannual,hist_gradient_boosting,validation,shallow,365,0.3545496889140131,0.43188993335460624,1.012093283647727,-0.024332814804838288,0.07394562978471844
JP-09,cases,seasonal_subannual,hist_gradient_boosting,validation,shallow,365,0.2671033924650795,0.31805070305490357,0.9865185247124901,0.026781200399092042,0.17635917443929564
JP-10,cases,seasonal_subannual,hist_gradient_boosting,validation,shallow,365,0.23709362243334467,0.2990436524083214,0.9777705290134274,0.04396479259280217,0.22549399277082857
JP-11,cases,seasonal_subannual,hist_gradient_boosting,validation,shallow,365,0.692429847538116,0.9033228688153258,1.0129994577554386,-0.026167901412812666,0.057550177996638856
JP-13,cases,seasonal_subannual,hist_gradient_boosting,validation,shallow,365,1.22353217048949,1.4938619738395964,1.0425992751464248,-0.08701324853585057,-0.03606312143794121
JP-14,cases,seasonal_subannual,hist_gradient_boosting,validation,shallow,365,0.4672515590486282,0.5781644503840554,1.0143516193825208,-0.02890920774394279,0.07678878410362779
JP-15,cases,seasonal_subannual,hist_gradient_boosting,validation,shallow,365,0.20091498628367968,0.2452271090043424,1.0318168990923366,-0.06464611325252534,-0.20428550624910255
JP-16,cases,seasonal_subannual,hist_gradient_boosting,validation,shallow,365,0.10854997361155856,0.1316050165654983,0.9839360395846803,0.0318698700064145,0.22820068143012587
JP-17,cases,seasonal_subannual,hist_gradient_boosting,validation,shallow,365,0.11402742494705279,0.14570580035011366,0.9975942655547879,0.00480568133220316,0.07911215401907892
JP-18,cases,seasonal_subannual,hist_gradient_boosting,validation,shallow,365,0.0887165038810114,0.10756039683305531,1.024615186185092,-0.049836279761110935,-0.14611066068224718
JP-19,cases,seasonal_subannual,hist_gradient_boosting,validation,shallow,365,0.0994366305459591,0.12889604380885109,1.0453357944508805,-0.09272692316025388,-0.14938855869726536
JP-20,cases,seasonal_subannual,hist_gradient_boosting,validation,shallow,365,0.20306810330543804,0.24847573566316755,0.9855328881215282,0.028724926430839348,0.17516527227861933
JP-21,cases,seasonal_subannual,hist_gradient_boosting,validation,shallow,365,0.23710964736916892,0.29213821072790336,1.1143661672220104,-0.24181195464907423,0.0928640362889464
JP-22,cases,seasonal_subannual,hist_gradient_boosting,validation,shallow,365,0.4059004248827102,0.4804127867695676,0.9911207404955262,0.017679677759599888,0.1784313703055507
JP-23,cases,seasonal_subannual,hist_gradient_boosting,validation,shallow,365,0.5954475105503437,0.757639227045099,1.0239501636020547,-0.04847393754067464,0.13811123622998417
JP-24,cases,seasonal_subannual,hist_gradient_boosting,validation,shallow,365,0.2829061463124536,0.35273919975262924,1.0228519436669434,-0.04622609866324412,0.006913404571910251
JP-25,cases,seasonal_subannual,hist_gradient_boosting,validation,shallow,365,0.09248317728253184,0.11490761489097943,0.950490994029565,0.09656687026868938,0.34903569741766227
JP-26,cases,seasonal_subannual,hist_gradient_boosting,validation,shallow,365,0.2751697721438513,0.3331378080907145,1.0470339261567965,-0.09628004252331546,-0.2930157670368449
JP-27,cases,seasonal_subannual,hist_gradient_boosting,validation,shallow,365,0.8447678262613302,0.9944778124162016,1.0899728650223273,-0.18804084648498032,-0.17071184316463492
JP-28,cases,seasonal_subannual,hist_gradient_boosting,validation,shallow,365,0.4079537363039206,0.48925588392237623,1.1292161932653255,-0.2751292111326331,-0.0972028722771994
JP-29,cases,seasonal_subannual,hist_gradient_boosting,validation,shallow,365,0.23677329788711787,0.2936045425919509,0.9822780208158778,0.035129889822042126,0.19172803946726322
JP-30,cases,seasonal_subannual,hist_gradient_boosting,validation,shallow,365,0.14044065045632342,0.17349989865243245,1.0000512923163574,-0.00010258726361644932,0.18542544377418732
JP-31,cases,seasonal_subannual,hist_gradient_boosting,validation,shallow,365,0.03666850000471489,0.04715397455942916,1.004379518030851,-0.008778216239884395,0.1611105073168054
JP-32,cases,seasonal_subannual,hist_gradient_boosting,validation,shallow,365,0.04723037371279139,0.057433122901780216,0.9889738216896908,0.021930780012487716,0.17666175156120884
JP-33,cases,seasonal_subannual,hist_gradient_boosting,validation,shallow,365,0.08371140284150821,0.10404704955498081,1.3183111077913083,-0.7379441769259469,0.0011296641669730665
JP-34,cases,seasonal_subannual,hist_gradient_boosting,validation,shallow,365,0.2097124132742668,0.2627104802275532,0.9645650279704964,0.06961430681627567,0.2703797318911766
JP-35,cases,seasonal_subannual,hist_gradient_boosting,validation,shallow,365,0.2356405970846353,0.295190961421205,0.9952479449322976,0.009481528108038262,0.12769744802067184
JP-36,cases,seasonal_subannual,hist_gradient_boosting,validation,shallow,365,0.0721488749075055,0.09393449655751368,1.1116644978717285,-0.23579795582840224,-0.3691641219526279
JP-37,cases,seasonal_subannual,hist_gradient_boosting,validation,shallow,365,0.1138804477336255,0.13836265230015066,1.0412590508924258,-0.08422041106539502,-0.002271595039478495
JP-38,cases,seasonal_subannual,hist_gradient_boosting,validation,shallow,365,0.16428409163689625,0.19523649570443294,0.937387210679164,0.12130521725513665,0.36410039326693266
JP-39,cases,seasonal_subannual,hist_gradient_boosting,validation,shallow,365,0.07457482658773266,0.09423851629935295,0.9444656752378248,0.10798458829755986,0.3428170970979474
JP-40,cases,seasonal_subannual,hist_gradient_boosting,validation,shallow,365,0.33546199216629147,0.4124654883124171,0.9665299487019063,0.0658198582622902,0.2634934962586751
JP-41,cases,seasonal_subannual,hist_gradient_boosting,validation,shallow,365,0.16080517085146004,0.19090030820227633,1.0419999013487948,-0.08576379441089821,-0.2810503060445366
JP-42,cases,seasonal_subannual,hist_gradient_boosting,validation,shallow,365,0.14071163570881626,0.16918324521189165,0.9566000793537621,0.08491628818037611,0.29680325990561635
JP-43,cases,seasonal_subannual,hist_gradient_boosting,validation,shallow,365,0.17458581010727472,0.20717448711712846,1.010396365700215,-0.020900815820202645,0.03403525344927318
JP-44,cases,seasonal_subannual,hist_gradient_boosting,validation,shallow,365,0.13923030129745878,0.16822805048746645,1.00974461298343,-0.019584183449056436,0.0009878662211175245
JP-45,cases,seasonal_subannual,hist_gradient_boosting,validation,shallow,365,0.15542946664465312,0.1809313187125831,0.9438196581977998,0.10920445279938851,0.3389369164418276
JP-46,cases,seasonal_subannual,hist_gradient_boosting,validation,shallow,365,0.16562152912513886,0.1982181518134039,1.1007028549172353,-0.21154677482295225,-0.10682215129542938
JP-47,cases,seasonal_subannual,hist_gradient_boosting,validation,shallow,365,0.09295398379444443,0.11536032244729803,0.9789124611920202,0.04173039332298156,0.29037364082907346
JP-01,cases,seasonal_subannual,hist_gradient_boosting,test,shallow,730,0.644693877946778,0.8538667333836433,1.007806582159171,-0.015674107043349927,-0.05167962769009197
JP-02,cases,seasonal_subannual,hist_gradient_boosting,test,shallow,730,0.26432557230814413,0.3197114308560487,0.9549210869293472,0.08812571773767419,0.30889418561851073
JP-03,cases,seasonal_subannual,hist_gradient_boosting,test,shallow,730,0.2052336287936173,0.2524121342986152,1.004902878785138,-0.00982979579065768,0.05648655142058471
JP-04,cases,seasonal_subannual,hist_gradient_boosting,test,shallow,730,0.2963750740809716,0.3842685777466099,1.0010197479150236,-0.0020405357158577164,0.07590525003793026
JP-05,cases,seasonal_subannual,hist_gradient_boosting,test,shallow,730,0.17403851572776377,0.22079778845811124,0.985668970160388,0.028456681262960304,0.18191240804935918
JP-06,cases,seasonal_subannual,hist_gradient_boosting,test,shallow,730,0.19633592847384806,0.237287418658293,0.9976757089588757,0.004643179753404669,0.09888328206350423
JP-07,cases,seasonal_subannual,hist_gradient_boosting,test,shallow,730,0.2138864056969712,0.26112175942221116,0.9674739731043499,0.06399411136568378,0.27846896797698856
JP-08,cases,seasonal_subannual,hist_gradient_boosting,test,shallow,730,0.46120907292453917,0.5718401528674855,0.9603582753346027,0.0777119829963473,0.3052635201273616
JP-09,cases,seasonal_subannual,hist_gradient_boosting,test,shallow,730,0.3378982390976419,0.40807791351568823,0.9797939594868856,0.04000379695301104,0.2816478101442963
JP-10,cases,seasonal_subannual,hist_gradient_boosting,test,shallow,730,0.32290884555012866,0.39820564231748096,0.9857776738594839,0.02824237772018534,0.1709176036834864
JP-11,cases,seasonal_subannual,hist_gradient_boosting,test,shallow,730,0.9091301055223845,1.1483298631463201,1.0372616087031714,-0.07591164488949143,-0.10959876128206099
JP-13,cases,seasonal_subannual,hist_gradient_boosting,test,shallow,730,1.2717372891415297,1.5908382737880042,0.9742093256910518,0.05091618973658585,0.23754721931964012
JP-14,cases,seasonal_subannual,hist_gradient_boosting,test,shallow,730,0.6018513517511306,0.7464001746808041,0.9682049489599472,0.0625791768094659,0.30127090472376616
JP-15,cases,seasonal_subannual,hist_gradient_boosting,test,shallow,730,0.22098261948961354,0.2800257887850249,1.0040069051129767,-0.008029865514537882,0.009139906176170791
JP-16,cases,seasonal_subannual,hist_gradient_boosting,test,shallow,730,0.121163756255802,0.14894398802919506,1.0186734955791532,-0.03769569059545086,-0.17535651412017866
JP-17,cases,seasonal_subannual,hist_gradient_boosting,test,shallow,730,0.12752781387792336,0.15957315756805346,1.0072807124716916,-0.014614433717478725,-0.02878643549795965
JP-18,cases,seasonal_subannual,hist_gradient_boosting,test,shallow,730,0.10595230589434741,0.13029376653859723,0.9836012691293307,0.03252854336717004,0.2601452942507222
JP-19,cases,seasonal_subannual,hist_gradient_boosting,test,shallow,730,0.10264807773376075,0.1270524591399088,1.0635187090258027,-0.13107204444790987,-0.21044328726757253
JP-20,cases,seasonal_subannual,hist_gradient_boosting,test,shallow,730,0.24136954233507926,0.3002392433602628,1.0199224242722196,-0.04024175153332177,-0.03888869421075486
JP-21,cases,seasonal_subannual,hist_gradient_boosting,test,shallow,730,0.22514722419837346,0.270898412180123,0.9889536730925492,0.021970632476755125,0.2748133379299524
JP-22,cases,seasonal_subannual,hist_gradient_boosting,test,shallow,730,0.39123747000046943,0.4905515574791271,0.9772492173441077,0.044983967200328934,0.23899295016741473
JP-23,cases,seasonal_subannual,hist_gradient_boosting,test,shallow,730,0.6927042343195972,0.9285633372643655,0.9723587390627575,0.05451848256828418,0.2338771250375604
JP-24,cases,seasonal_subannual,hist_gradient_boosting,test,shallow,730,0.3147759765376711,0.3831025318079399,0.9717258976018327,0.05574877992991245,0.26874292890572776
JP-25,cases,seasonal_subannual,hist_gradient_boosting,test,shallow,730,0.09348957984253774,0.11636472597328178,1.0503334264866047,-0.10320030679509196,-0.23891373173045122
JP-26,cases,seasonal_subannual,hist_gradient_boosting,test,shallow,730,0.33192193051832747,0.3999777312099872,0.9945311523301756,0.010907787044813322,0.10873163888097427
JP-27,cases,seasonal_subannual,hist_gradient_boosting,test,shallow,730,0.8571968695439904,1.083898293869975,0.9420244586538022,0.11258991929801065,0.47386190938734746
JP-28,cases,seasonal_subannual,hist_gradient_boosting,test,shallow,730,0.48496528878905487,0.6341729338547704,0.9887010043507282,0.02247032399586102,0.1558997804439807
JP-29,cases,seasonal_subannual,hist_gradient_boosting,test,shallow,730,0.21204669421365646,0.27574970929251524,0.992414753734464,0.015112956570163205,0.1237725978680486
JP-30,cases,seasonal_subannual,hist_gradient_boosting,test,shallow,730,0.2027931420241436,0.24922902639995112,0.9800716150845226,0.039459629305615196,0.20696287216281573
JP-31,cases,seasonal_subannual,hist_gradient_boosting,test,shallow,730,0.04687931717857093,0.05811735347478374,1.0404905408907015,-0.08262056568302434,-0.04831299768486871
JP-32,cases,seasonal_subannual,hist_gradient_boosting,test,shallow,730,0.06851796228182634,0.0842122331495628,1.0082488167668961,-0.01656567651184604,0.03328669155137151
JP-33,cases,seasonal_subannual,hist_gradient_boosting,test,shallow,730,0.09272689086966808,0.11763441029540253,1.0849533206153414,-0.1771237079142558,0.11159369016219671
JP-34,cases,seasonal_subannual,hist_gradient_boosting,test,shallow,730,0.21833124294929304,0.2821696396066967,0.9811858121182294,0.03727440209789057,0.20010979396449458
JP-35,cases,seasonal_subannual,hist_gradient_boosting,test,shallow,730,0.24314215096694528,0.2909346970383731,0.9643757628307125,0.0699793880646814,0.277204621741888
JP-36,cases,seasonal_subannual,hist_gradient_boosting,test,shallow,730,0.0795013760557974,0.10242150596637116,0.9685114062344083,0.06198565599384909,0.2972231165750127
JP-37,cases,seasonal_subannual,hist_gradient_boosting,test,shallow,730,0.15044468243159553,0.1881678006011559,1.0145403944616194,-0.029292211994338402,-0.05061639248663014
JP-38,cases,seasonal_subannual,hist_gradient_boosting,test,shallow,730,0.18469032459215595,0.22129971518914682,0.9573197321088744,0.08353893051499262,0.3002974697463012
JP-39,cases,seasonal_subannual,hist_gradient_boosting,test,shallow,730,0.11111742376494417,0.1334177387094126,1.0434663938272328,-0.08882211504681004,-0.2550643457610533
JP-40,cases,seasonal_subannual,hist_gradient_boosting,test,shallow,730,0.24284857013041267,0.3033416328341638,0.9732534753151435,0.05277767278699519,0.2303244622114289
JP-41,cases,seasonal_subannual,hist_gradient_boosting,test,shallow,730,0.16717812895424827,0.2073627119023634,0.9797859982272282,0.0400193976778741,0.23881044519173453
JP-42,cases,seasonal_subannual,hist_gradient_boosting,test,shallow,730,0.21953548320119845,0.2817825000911579,0.9503010190019611,0.09692797328383462,0.366100793202452
JP-43,cases,seasonal_subannual,hist_gradient_boosting,test,shallow,730,0.1966012359739063,0.2383867350242592,0.9949343932492769,0.01010555312969319,0.10469464144507222
JP-44,cases,seasonal_subannual,hist_gradient_boosting,test,shallow,730,0.16142966993108654,0.1978261760237162,1.0027507304199594,-0.00550902735776182,0.02028127828565004
JP-45,cases,seasonal_subannual,hist_gradient_boosting,test,shallow,730,0.12235121523138005,0.15450765712955677,0.9706016603896014,0.05793241684894879,0.2482440081016033
JP-46,cases,seasonal_subannual,hist_gradient_boosting,test,shallow,730,0.1700724244844201,0.2070793360426744,1.036382706946824,-0.0740891152584271,0.005811836324355386
JP-47,cases,seasonal_subannual,hist_gradient_boosting,test,shallow,730,0.13101084984789033,0.15538274596580884,1.0293461522477474,-0.059553501147243004,-0.23282342808712958
JP-01,cases,subseasonal,hist_gradient_boosting,train,shallow,4362,0.5993392484746575,0.7456780352565595,0.9852098621147868,0.029361527591762693,0.25567461463551233
JP-02,cases,subseasonal,hist_gradient_boosting,train,shallow,4363,0.29635818952583487,0.3722543461838256,0.9947539125779664,0.010464653410827474,0.12908660623422688
JP-03,cases,subseasonal,hist_gradient_boosting,train,shallow,4362,0.2200516047411418,0.2765987385140848,0.9947784487120362,0.01041583797807466,0.12471675686945377
JP-04,cases,subseasonal,hist_gradient_boosting,train,shallow,4362,0.2940969616303438,0.3679233420809857,0.9940749609197492,0.011814972072399121,0.13551962387170544
JP-05,cases,subseasonal,hist_gradient_boosting,train,shallow,4362,0.2398376384467611,0.2997515775228712,0.9951029695292264,0.00977008003411528,0.1304554100211028
JP-06,cases,subseasonal,hist_gradient_boosting,train,shallow,4362,0.2703598902386328,0.33843493804151337,0.9931670278361685,0.013619254819071225,0.14654700810763963
JP-07,cases,subseasonal,hist_gradient_boosting,train,shallow,4366,0.3699833576541695,0.46515992022224745,0.9901616213461185,0.019579963613226004,0.18086124306189627
JP-08,cases,subseasonal,hist_gradient_boosting,train,shallow,4362,0.436908747355917,0.5527049188279728,0.9845964015545497,0.030569926045832085,0.20634565345461725
JP-09,cases,subseasonal,hist_gradient_boosting,train,shallow,4362,0.28129444378293256,0.352255430145166,0.9926815267860911,0.01458338637763501,0.15699881048026895
JP-10,cases,subseasonal,hist_gradient_boosting,train,shallow,4363,0.3225747191584389,0.4072004518487663,0.9936533205255099,0.012653078608628299,0.15041417138530827
JP-11,cases,subseasonal,hist_gradient_boosting,train,shallow,4368,0.6602764204526712,0.8318855981744228,0.9818094320936036,0.036050239052035526,0.2364426388205864
JP-13,cases,subseasonal,hist_gradient_boosting,train,shallow,4362,0.7136780149685904,0.8997444362134625,0.9781354931675185,0.043250957005935176,0.2741552257285892
JP-14,cases,subseasonal,hist_gradient_boosting,train,shallow,4362,0.8139807733642215,1.0211902470911516,0.9714689187880301,0.0562481398288156,0.3245645667126369
JP-15,cases,subseasonal,hist_gradient_boosting,train,shallow,4364,0.3139409209587727,0.39420017975006033,0.9923135907734674,0.015313737566267527,0.16442245493057533
JP-16,cases,subseasonal,hist_gradient_boosting,train,shallow,4362,0.25631012928121993,0.3207593864955202,0.9938709756191889,0.012220483821761552,0.14197507260632236
JP-17,cases,subseasonal,hist_gradient_boosting,train,shallow,4365,0.20966029223916335,0.26505431262426765,0.9945497472815719,0.010870800182161688,0.12877075794781712
JP-18,cases,subseasonal,hist_gradient_boosting,train,shallow,4362,0.15488525177339496,0.19386468242682628,0.9876777398412977,0.024492682221985862,0.16691864998115302
JP-19,cases,subseasonal,hist_gradient_boosting,train,shallow,4363,0.23810551976210487,0.29982509773296395,0.991780861556529,0.01637072265018935,0.14887490395443911
JP-20,cases,subseasonal,hist_gradient_boosting,train,shallow,4377,0.2842724453347613,0.35387702734158755,0.9906642321314517,0.018584379175401233,0.15266275871622645
JP-21,cases,subseasonal,hist_gradient_boosting,train,shallow,4362,0.33182477797468246,0.4172507913818694,0.9956898447441127,0.008601733073444584,0.11819545925976709
JP-22,cases,subseasonal,hist_gradient_boosting,train,shallow,4363,0.46133835201667395,0.5810572763045659,0.9870698087694282,0.02569319261588443,0.2083479600604504
JP-23,cases,subseasonal,hist_gradient_boosting,train,shallow,4362,0.7648202606228299,0.9538646249989737,0.9757794101377796,0.04785454275116696,0.322727548752169
JP-24,cases,subseasonal,hist_gradient_boosting,train,shallow,4363,0.32243581361660534,0.40563581683953265,0.9928417132971542,0.01426533233717131,0.15109652261445278
JP-25,cases,subseasonal,hist_gradient_boosting,train,shallow,4364,0.24077357305046432,0.3023359569108817,0.9901079239192262,0.01968629899235974,0.16949782502048388
JP-26,cases,subseasonal,hist_gradient_boosting,train,shallow,4363,0.30156072329757955,0.37936441954438976,0.9922316289846528,0.015476394442462182,0.1628519165941871
JP-27,cases,subseasonal,hist_gradient_boosting,train,shallow,4364,0.7529672050383635,0.9515545400513248,0.9847034196621418,0.030359175305683772,0.26905940930089167
JP-28,cases,subseasonal,hist_gradient_boosting,train,shallow,4365,0.508105218647332,0.6433271279301858,0.9924747025949987,0.014993964708968743,0.15783712539427622
JP-29,cases,subseasonal,hist_gradient_boosting,train,shallow,4362,0.285251819794985,0.3602380086837179,0.9939604008988857,0.012042721444926241,0.1329992226075656
JP-30,cases,subseasonal,hist_gradient_boosting,train,shallow,4370,0.18801857262811525,0.23709590373029546,0.990764683055828,0.01838534280928472,0.14395496908976058
JP-31,cases,subseasonal,hist_gradient_boosting,train,shallow,4367,0.17122399808459815,0.21371822351738587,0.9945800829030995,0.010810458692463443,0.11905748822255718
JP-32,cases,subseasonal,hist_gradient_boosting,train,shallow,4370,0.1753928113233014,0.2183852875656231,0.9941066538196411,0.011751960831516306,0.11530980411739651
JP-33,cases,subseasonal,hist_gradient_boosting,train,shallow,4364,0.25418677706059367,0.32180640236915825,0.9919374432822748,0.016060108614624036,0.14417884551276702
JP-34,cases,subseasonal,hist_gradient_boosting,train,shallow,4371,0.3009461653686393,0.375462584422926,0.9927459625477004,0.014455453845239608,0.13394273092411724
JP-35,cases,subseasonal,hist_gradient_boosting,train,shallow,4362,0.252766703560921,0.3173757793102324,0.9935607172070776,0.012837101222957226,0.14125137427163878
JP-36,cases,subseasonal,hist_gradient_boosting,train,shallow,4363,0.162563345551002,0.20409230617813948,0.9939424028234463,0.012078499869554227,0.1245768374713593
JP-37,cases,subseasonal,hist_gradient_boosting,train,shallow,4362,0.17198468892342117,0.21689217503276462,0.9913413211584188,0.01724238496388064,0.15219562488816032
JP-38,cases,subseasonal,hist_gradient_boosting,train,shallow,4364,0.2542603597659851,0.31839717187983574,0.9937759567118395,0.012409347861468079,0.13510130443854274
JP-39,cases,subseasonal,hist_gradient_boosting,train,shallow,4369,0.1487957597558897,0.1895087463968179,0.993646802081354,0.01266603271349842,0.12159570196413369
JP-40,cases,subseasonal,hist_gradient_boosting,train,shallow,4367,0.37642138058083097,0.47552434049218006,0.9808187098852643,0.03799465833900584,0.2203795981139523
JP-41,cases,subseasonal,hist_gradient_boosting,train,shallow,4362,0.15812245036232728,0.19848102710958065,0.995644681304015,0.008691668591026436,0.0996894590360956
JP-42,cases,subseasonal,hist_gradient_boosting,train,shallow,4362,0.17155099224373166,0.21641082231211864,0.9891281207901648,0.02162556066211707,0.16009305156922357
JP-43,cases,subseasonal,hist_gradient_boosting,train,shallow,4365,0.2908694307850421,0.36452707474680013,0.9883075163141404,0.023248253196975432,0.17823091629386698
JP-44,cases,subseasonal,hist_gradient_boosting,train,shallow,4365,0.22204504826284271,0.27896175463365436,0.9934118878761429,0.01313282102635771,0.13692300663846252
JP-45,cases,subseasonal,hist_gradient_boosting,train,shallow,4362,0.1751867362628118,0.21985882025760653,0.9886795684088707,0.022512711010849062,0.16715906174532302
JP-46,cases,subseasonal,hist_gradient_boosting,train,shallow,4362,0.2511156392031503,0.31666790857595045,0.9894547125625646,0.02097937178773257,0.15911690359732988
JP-47,cases,subseasonal,hist_gradient_boosting,train,shallow,4364,0.2025536294113967,0.25134697590326505,0.9925499466084062,0.01484460348764971,0.14481763645092727
JP-01,cases,subseasonal,hist_gradient_boosting,validation,shallow,365,0.6959273724576623,0.8547551333709045,1.002816951602003,-0.005641838420333611,-0.0009118711722255374
JP-02,cases,subseasonal,hist_gradient_boosting,validation,shallow,365,0.3323963965849141,0.4219100335577159,1.0023799449894093,-0.004765554116971105,-0.04897044752618329
JP-03,cases,subseasonal,hist_gradient_boosting,validation,shallow,365,0.24488869479123287,0.30627093010960854,1.0035921684433546,-0.007197240560834706,-0.05633949428844359
JP-04,cases,subseasonal,hist_gradient_boosting,validation,shallow,365,0.34695698348518,0.43205936550009166,0.9972444417708753,0.005503523357095141,0.09203772511436445
JP-05,cases,subseasonal,hist_gradient_boosting,validation,shallow,365,0.31592208384972015,0.39148813347912237,0.9958600171768627,0.008262826188498829,0.12981915134009153
JP-06,cases,subseasonal,hist_gradient_boosting,validation,shallow,365,0.24903880193776043,0.316367741721341,1.0062651615961646,-0.012569575442155312,-0.08356929265127105
JP-07,cases,subseasonal,hist_gradient_boosting,validation,shallow,365,0.4042911664646028,0.5095456462727737,0.996714766743292,0.006559673755865303,0.0846769896193329
JP-08,cases,subseasonal,hist_gradient_boosting,validation,shallow,365,0.5111579713727664,0.645325733823144,1.0128266295181012,-0.025817781460997002,-0.0814028461121915
JP-09,cases,subseasonal,hist_gradient_boosting,validation,shallow,365,0.31808763356434117,0.40808639529426943,1.0032233345327983,-0.006457058951107264,-0.033923759907820414
JP-10,cases,subseasonal,hist_gradient_boosting,validation,shallow,365,0.3988669517580111,0.49792295142757087,1.0038830218014843,-0.0077811214612790724,-0.05810876636137186
JP-11,cases,subseasonal,hist_gradient_boosting,validation,shallow,365,0.9022392834001229,1.128495771514502,1.001155692607688,-0.002312720840779381,0.016991352502353535
JP-13,cases,subseasonal,hist_gradient_boosting,validation,shallow,365,1.0246260096414004,1.2829902528964172,1.0024375173126738,-0.004880976115996916,0.005308323905864314
JP-14,cases,subseasonal,hist_gradient_boosting,validation,shallow,365,0.9931133039354461,1.2462525908903828,0.9991677258621459,0.001663855595467556,0.05230101145168159
JP-15,cases,subseasonal,hist_gradient_boosting,validation,shallow,365,0.3687960060607124,0.45967609021773714,1.0059372650297078,-0.01190978117544872,-0.09392036270971774
JP-16,cases,subseasonal,hist_gradient_boosting,validation,shallow,365,0.2827512896070858,0.3520422940052807,1.0036779552593613,-0.007369437873612439,-0.05018778743756402
JP-17,cases,subseasonal,hist_gradient_boosting,validation,shallow,365,0.21783186781697336,0.26969153647488003,1.0030776743604326,-0.006164820800333537,-0.02712948754216597
JP-18,cases,subseasonal,hist_gradient_boosting,validation,shallow,365,0.1651003726515856,0.20025603091890654,0.9893708021798545,0.021145415793991207,0.15592782541153455
JP-19,cases,subseasonal,hist_gradient_boosting,validation,shallow,365,0.24844284644827738,0.31282722424816517,1.0127590017029509,-0.025680795530357736,-0.1234955296266004
JP-20,cases,subseasonal,hist_gradient_boosting,validation,shallow,365,0.3529419632511067,0.4383717119831744,1.003082626443192,-0.006174755472172722,-0.009993267197774856
JP-21,cases,subseasonal,hist_gradient_boosting,validation,shallow,365,0.400545707065447,0.49671609757527163,0.9967105792753755,0.006568021160545223,0.13486474433589757
JP-22,cases,subseasonal,hist_gradient_boosting,validation,shallow,365,0.49128995495017885,0.623100611054478,0.9962229667518706,0.007539800516101369,0.09138815038020644
JP-23,cases,subseasonal,hist_gradient_boosting,validation,shallow,365,1.023517051475821,1.2801582161765284,0.9978969753493374,0.004201626588644092,0.06794650559745673
JP-24,cases,subseasonal,hist_gradient_boosting,validation,shallow,365,0.3012754858466551,0.37619168918227913,0.9984857003920495,0.0030263061125983537,0.06643784279759393
JP-25,cases,subseasonal,hist_gradient_boosting,validation,shallow,365,0.30717480007879255,0.37647344858397885,1.0035243349806608,-0.007061090898377698,-0.026369529260435655
JP-26,cases,subseasonal,hist_gradient_boosting,validation,shallow,365,0.35157486340515964,0.44353836648929684,1.0048438885784443,-0.009711240413449174,-0.056529506415950254
JP-27,cases,subseasonal,hist_gradient_boosting,validation,shallow,365,1.0568081844059178,1.3078211014716035,1.0003868914403173,-0.0007739325656210827,0.019802728219158145
JP-28,cases,subseasonal,hist_gradient_boosting,validation,shallow,365,0.6579542489612289,0.8239557998744285,1.0000034357039105,-6.8714196246322246e-06,0.03628672495734017
JP-29,cases,subseasonal,hist_gradient_boosting,validation,shallow,365,0.3371182087878413,0.4129360825479664,0.9962039467071662,0.0075776965650652395,0.09570676455538243
JP-30,cases,subseasonal,hist_gradient_boosting,validation,shallow,365,0.2031751721596692,0.25656192436311787,1.008473940797242,-0.017019689267119498,-0.019099173487487863
JP-31,cases,subseasonal,hist_gradient_boosting,validation,shallow,365,0.19756132009382804,0.2452330963635439,1.0091420222867002,-0.0183676211448911,-0.1225902253408901
JP-32,cases,subseasonal,hist_gradient_boosting,validation,shallow,365,0.1584470788755738,0.19665974447232862,0.9937434522401098,0.012473951129908678,0.11964170332678849
JP-33,cases,subseasonal,hist_gradient_boosting,validation,shallow,365,0.297367228063591,0.3800647179712842,0.9913683648790328,0.017188765117073013,0.17680576031993187
JP-34,cases,subseasonal,hist_gradient_boosting,validation,shallow,365,0.3585574459992057,0.44971445960755985,0.9994213861562508,0.0011568928935181688,0.04289702970662227
JP-35,cases,subseasonal,hist_gradient_boosting,validation,shallow,365,0.30268965766215644,0.3696801665575018,1.0053768363317956,-0.010782583032530102,-0.10125935604727067
JP-36,cases,subseasonal,hist_gradient_boosting,validation,shallow,365,0.15100249747755184,0.18735046356993787,1.0139036636751406,-0.02800063921387297,-0.13674762734339288
JP-37,cases,subseasonal,hist_gradient_boosting,validation,shallow,365,0.19533366888483478,0.24968317730131936,1.0349921427161048,-0.0712087354840738,-0.049126647358347424
JP-38,cases,subseasonal,hist_gradient_boosting,validation,shallow,365,0.3466170418134222,0.4394278153456178,0.9965084216925657,0.00697096549579157,0.1632560691627388
JP-39,cases,subseasonal,hist_gradient_boosting,validation,shallow,365,0.15434945379460477,0.19665702854763692,1.0055066125265697,-0.01104354783465733,-0.023887489051927547
JP-40,cases,subseasonal,hist_gradient_boosting,validation,shallow,365,0.39770369516259396,0.4944871680139387,1.019597825814989,-0.039579726406652416,-0.12414349098979008
JP-41,cases,subseasonal,hist_gradient_boosting,validation,shallow,365,0.1735808009260392,0.2121560152266032,1.0069603308497244,-0.0139691079049864,0.03465801470560974
JP-42,cases,subseasonal,hist_gradient_boosting,validation,shallow,365,0.22477143002630243,0.2778798327207938,0.9991347200224606,0.0017298112456389791,0.045473404310483925
JP-43,cases,subseasonal,hist_gradient_boosting,validation,shallow,365,0.37038678119881885,0.4706431394294521,0.9945912157233665,0.010788313605915811,0.11243538684978034
JP-44,cases,subseasonal,hist_gradient_boosting,validation,shallow,365,0.2739513106829913,0.3456076508777179,1.0025346241689492,-0.005075672657576469,0.07125412611361552
JP-45,cases,subseasonal,hist_gradient_boosting,validation,shallow,365,0.18578559238475179,0.23459617989504808,1.0104803616583233,-0.021070561297136026,-0.08014388300037104
JP-46,cases,subseasonal,hist_gradient_boosting,validation,shallow,365,0.2851666810083054,0.34860510157290314,1.0003351164150895,-0.0006703451331906418,0.036832624273268944
JP-47,cases,subseasonal,hist_gradient_boosting,validation,shallow,365,0.21997228293933876,0.2749257720483533,0.9930385298278342,0.013874478277373536,0.14188314022936216
JP-01,cases,subseasonal,hist_gradient_boosting,test,shallow,730,0.8173800533073435,1.0191375885180913,1.0042492480280152,-0.008516552164834046,-0.039553176429097524
JP-02,cases,subseasonal,hist_gradient_boosting,test,shallow,730,0.38323580276568386,0.47890175035480725,1.0037215956585912,-0.007457041591428126,-0.06857568481350014
JP-03,cases,subseasonal,hist_gradient_boosting,test,shallow,730,0.26573401229643784,0.330189714946542,0.9965065828431405,0.006974630350287558,0.10096847667685013
JP-04,cases,subseasonal,hist_gradient_boosting,test,shallow,730,0.4245111797548216,0.5352444828594963,1.0029181866961314,-0.005844889205856463,-0.04237834585015732
JP-05,cases,subseasonal,hist_gradient_boosting,test,shallow,730,0.34527735547562366,0.42801471171350947,1.0030109400029688,-0.006030945765638673,-0.042872834273957966
JP-06,cases,subseasonal,hist_gradient_boosting,test,shallow,730,0.2743775616538321,0.34064769658605987,1.0076618852382428,-0.015382474961889603,-0.10700580892996409
JP-07,cases,subseasonal,hist_gradient_boosting,test,shallow,730,0.4178187287816927,0.5207996101739929,1.0035907410084863,-0.007194375437962863,-0.010768860854260062
JP-08,cases,subseasonal,hist_gradient_boosting,test,shallow,730,0.635443903548941,0.8112172738784285,1.0043344179287865,-0.00868762303635462,-0.017049176369812118
JP-09,cases,subseasonal,hist_gradient_boosting,test,shallow,730,0.3732129309253925,0.47483907024241867,1.0005083587038726,-0.0010169758363169912,0.011288719301902618
JP-10,cases,subseasonal,hist_gradient_boosting,test,shallow,730,0.38859816357798727,0.49133225757650195,1.0048931940937555,-0.009810331535950345,-0.06297990537385617
JP-11,cases,subseasonal,hist_gradient_boosting,test,shallow,730,0.9512880167400827,1.1910307254829235,0.9943685859099691,0.01123111535540855,0.11391053630110631
JP-13,cases,subseasonal,hist_gradient_boosting,test,shallow,730,1.0757509538851842,1.333146903730081,1.0007844971428126,-0.0015696097213917515,0.024879815158071715
JP-14,cases,subseasonal,hist_gradient_boosting,test,shallow,730,0.9944665597412485,1.245624167157003,1.0009196769281172,-0.0018401996618870875,0.036014347499245945
JP-15,cases,subseasonal,hist_gradient_boosting,test,shallow,730,0.4593251098228795,0.5792827031340164,0.9992187502507814,0.0015618891472666263,0.04248705671925772
JP-16,cases,subseasonal,hist_gradient_boosting,test,shallow,730,0.28643789761787847,0.3593104310763083,1.0007506676942617,-0.0015018988905106667,0.012566615917425616
JP-17,cases,subseasonal,hist_gradient_boosting,test,shallow,730,0.2466751445518833,0.30481508596927387,1.002194065589387,-0.004392945102584589,-0.011124701256971424
JP-18,cases,subseasonal,hist_gradient_boosting,test,shallow,730,0.1625298348261194,0.2044893588989384,1.0063674813571473,-0.012775507533128394,0.00858699329137262
JP-19,cases,subseasonal,hist_gradient_boosting,test,shallow,730,0.26587738033387937,0.3325510066262408,0.9954332334312304,0.009112677780645617,0.10265244795477664
JP-20,cases,subseasonal,hist_gradient_boosting,test,shallow,730,0.36935100763425677,0.46030579658740445,1.0045643074132449,-0.009149447728652449,-0.022711547531058897
JP-21,cases,subseasonal,hist_gradient_boosting,test,shallow,730,0.43119382664848327,0.537175386120631,0.9979959755198587,0.004004032846165351,0.06628648456611276
JP-22,cases,subseasonal,hist_gradient_boosting,test,shallow,730,0.6746962983597425,0.8408258427237875,1.0031241102917727,-0.006257980648660677,-0.01817935546503916
JP-23,cases,subseasonal,hist_gradient_boosting,test,shallow,730,1.0278865424120223,1.2798602446933502,0.9975336164458694,0.004926684060425068,0.07221814206924557
JP-24,cases,subseasonal,hist_gradient_boosting,test,shallow,730,0.4052605960750489,0.4992059075745128,0.9969728655217589,0.0060451054133325854,0.08348209605620277
JP-25,cases,subseasonal,hist_gradient_boosting,test,shallow,730,0.2701302512460176,0.33875315368542835,1.0069951447555643,-0.014039221561279902,-0.05288655574265686
JP-26,cases,subseasonal,hist_gradient_boosting,test,shallow,730,0.42511800783723624,0.5304086094881407,0.9985630884229955,0.002871758439129124,0.05927425267392546
JP-27,cases,subseasonal,hist_gradient_boosting,test,shallow,730,1.0464021127274559,1.3193575884380266,0.999498858901091,0.0010020310554168521,0.04118500963410907
JP-28,cases,subseasonal,hist_gradient_boosting,test,shallow,730,0.7294652677308449,0.9016738181445404,0.9975127314459645,0.004968350603210991,0.0845575226832673
JP-29,cases,subseasonal,hist_gradient_boosting,test,shallow,730,0.33903979096823617,0.42465107357697296,1.0020917347254155,-0.004187844804992347,-0.0003775673630689952
JP-30,cases,subseasonal,hist_gradient_boosting,test,shallow,730,0.2057058115849494,0.25629521505116504,1.0061160370599,-0.012269480029117874,-0.030116831982638755
JP-31,cases,subseasonal,hist_gradient_boosting,test,shallow,730,0.18813830212996452,0.23438286501441685,0.9976919260235115,0.0046108207474958585,0.07010655488663042
JP-32,cases,subseasonal,hist_gradient_boosting,test,shallow,730,0.1791955172664702,0.22323987454274713,1.0023667241617304,-0.004739049706718568,0.01226817247683114
JP-33,cases,subseasonal,hist_gradient_boosting,test,shallow,730,0.2976816083907879,0.3773969765413987,1.0013769852108225,-0.002755866509916105,0.03448484446582577
JP-34,cases,subseasonal,hist_gradient_boosting,test,shallow,730,0.4096873814491726,0.5103116205121256,1.0075140540550067,-0.015084569118354763,-0.07463761591963503
JP-35,cases,subseasonal,hist_gradient_boosting,test,shallow,730,0.3445192343345262,0.4351616101970399,1.001105703304865,-0.002212629189528137,-0.001812154520475473
JP-36,cases,subseasonal,hist_gradient_boosting,test,shallow,730,0.16197638876166848,0.2025100622105655,1.0008755992499982,-0.0017519651740429687,0.021796108319704067
JP-37,cases,subseasonal,hist_gradient_boosting,test,shallow,730,0.22992642565244734,0.28926922575836234,0.9963113058760127,0.007363781783634282,0.09257916720539199
JP-38,cases,subseasonal,hist_gradient_boosting,test,shallow,730,0.3663567889940829,0.45219185833290504,0.995438012807938,0.009103162656983299,0.15166331175244907
JP-39,cases,subseasonal,hist_gradient_boosting,test,shallow,730,0.18672632100311207,0.23896842284469988,1.0029821042237146,-0.005973101393029978,-0.0065346611717401176
JP-40,cases,subseasonal,hist_gradient_boosting,test,shallow,730,0.45855153767737156,0.5742373509949475,0.9974018643407642,0.005189521009567821,0.08023831584288542
JP-41,cases,subseasonal,hist_gradient_boosting,test,shallow,730,0.2192534383707775,0.266593495066506,0.9990525993777207,0.0018939036766194572,0.04506561689888391
JP-42,cases,subseasonal,hist_gradient_boosting,test,shallow,730,0.29396602449536796,0.3628857367902625,0.9999866147827976,2.6770255240560203e-05,0.02888972811949347
JP-43,cases,subseasonal,hist_gradient_boosting,test,shallow,730,0.4075689833540253,0.5091810073201164,0.9998876186281682,0.00022475011409062162,0.03744017126240075
JP-44,cases,subseasonal,hist_gradient_boosting,test,shallow,730,0.2672126633229404,0.3382407816477585,1.000321613364988,-0.0006433301651320722,0.027845176403157448
JP-45,cases,subseasonal,hist_gradient_boosting,test,shallow,730,0.19836251825796056,0.24663523669621612,1.0006970036150493,-0.0013944930441376346,0.04217531192368293
JP-46,cases,subseasonal,hist_gradient_boosting,test,shallow,730,0.3827201050085841,0.4784067041410042,0.9948857195250806,0.010202405085062538,0.11971515146415182
JP-47,cases,subseasonal,hist_gradient_boosting,test,shallow,730,0.25654103904678516,0.3181757657759702,1.0005757887416111,-0.0011519090158973455,0.02176197391855487
JP-01,cases,high_frequency,hist_gradient_boosting,train,shallow,4374,0.9697074335346385,1.2069111731257933,0.9930430042271766,0.013865591755463536,0.17121754264812197
JP-02,cases,high_frequency,hist_gradient_boosting,train,shallow,4369,0.5923341376813822,0.7481373207333095,0.9959342025757294,0.008115064139845973,0.125810155246519
JP-03,cases,high_frequency,hist_gradient_boosting,train,shallow,4369,0.5820458268283885,0.7328671214665178,0.99779191689339,0.0044112905822139,0.10136352657553334
JP-04,cases,high_frequency,hist_gradient_boosting,train,shallow,4374,0.696719388864531,0.8826855012178318,0.9937356822710991,0.01248939378119307,0.14485039508414763
JP-05,cases,high_frequency,hist_gradient_boosting,train,shallow,4369,0.5571873719768924,0.7002212089337732,0.9958219733172546,0.008338597458529051,0.11382808005173102
JP-06,cases,high_frequency,hist_gradient_boosting,train,shallow,4376,0.51299010816139,0.6456389978881149,0.9967253412816099,0.006538594047058477,0.10248103140597065
JP-07,cases,high_frequency,hist_gradient_boosting,train,shallow,4369,0.6900112539653719,0.8751700962256367,0.9955640434565514,0.008852235376441753,0.13898690590073945
JP-08,cases,high_frequency,hist_gradient_boosting,train,shallow,4369,0.766700355516829,0.9628909485691939,0.995785173339282,0.008411888557656289,0.14775176498781756
JP-09,cases,high_frequency,hist_gradient_boosting,train,shallow,4369,0.6701982823931977,0.8448200209182906,0.9967073215360482,0.006574515196436481,0.11577249152871051
JP-10,cases,high_frequency,hist_gradient_boosting,train,shallow,4369,0.610423535273693,0.7710924523146235,0.9958122742454387,0.00835791446212708,0.12790473518792517
JP-11,cases,high_frequency,hist_gradient_boosting,train,shallow,4370,1.0866502352583576,1.3889924770653934,0.9924073626772211,0.015127626504042757,0.2157401231784531
JP-13,cases,high_frequency,hist_gradient_boosting,train,shallow,4370,1.562635585323295,1.9625515348179403,0.9786834338453725,0.04217873631663038,0.35457664518181375
JP-14,cases,high_frequency,hist_gradient_boosting,train,shallow,4371,1.2895102197091584,1.6185537107543373,0.9867600596768092,0.026304584626619665,0.26028498904878333
JP-15,cases,high_frequency,hist_gradient_boosting,train,shallow,4369,0.7157513780221536,0.8932255851673938,0.9956492878645842,0.00868249557474654,0.13044799513620414
JP-16,cases,high_frequency,hist_gradient_boosting,train,shallow,4372,0.42104672335687887,0.5316146375713783,0.9956057871853898,0.008769116522960085,0.12207756895032665
JP-17,cases,high_frequency,hist_gradient_boosting,train,shallow,4372,0.3977067182649726,0.49968811728853724,0.9967108305417722,0.006567520280730821,0.09393350999303982
JP-18,cases,high_frequency,hist_gradient_boosting,train,shallow,4375,0.3541247034636946,0.448241748908745,0.9963003419735242,0.007385628583438719,0.1076076297082073
JP-19,cases,high_frequency,hist_gradient_boosting,train,shallow,4370,0.42887769136829085,0.5369006120544673,0.9962344955932825,0.007516829789998347,0.1146762678232219
JP-20,cases,high_frequency,hist_gradient_boosting,train,shallow,4376,0.6398292362648393,0.8032167062953399,0.9966073492795998,0.006773791361889825,0.11209255914245664
JP-21,cases,high_frequency,hist_gradient_boosting,train,shallow,4369,0.7443904079135778,0.9362377410271221,0.9965710044513112,0.006846233086904241,0.12362880170766487
JP-22,cases,high_frequency,hist_gradient_boosting,train,shallow,4371,0.7835271591602425,0.9835866214108041,0.9958657312593402,0.008251445303299576,0.1274697018196657
JP-23,cases,high_frequency,hist_gradient_boosting,train,shallow,4369,1.0725659747290186,1.3475980846933382,0.9908760151529108,0.018164722594688598,0.228583681375612
JP-24,cases,high_frequency,hist_gradient_boosting,train,shallow,4369,0.6206974416362777,0.7733502036152238,0.9948838832433241,0.010206058862683998,0.129017206966637
JP-25,cases,high_frequency,hist_gradient_boosting,train,shallow,4371,0.4805855275082681,0.6037229683695446,0.9947182867131591,0.010535530078437327,0.12299541450423984
JP-26,cases,high_frequency,hist_gradient_boosting,train,shallow,4370,0.6796238807372358,0.8560776699654062,0.995070790528394,0.009834121837197118,0.14519919248818086
JP-27,cases,high_frequency,hist_gradient_boosting,train,shallow,4371,1.254098480495415,1.584644378867828,0.9889349338668919,0.022007696577686198,0.2586001980930179
JP-28,cases,high_frequency,hist_gradient_boosting,train,shallow,4369,0.8653144473754102,1.0919332716051238,0.9922631019388611,0.015413936530669137,0.20642444918082953
JP-29,cases,high_frequency,hist_gradient_boosting,train,shallow,4372,0.5136410529953365,0.6475180644129754,0.9978487139677635,0.00429794403288053,0.08400325688361011
JP-30,cases,high_frequency,hist_gradient_boosting,train,shallow,4370,0.4332644675310051,0.5476014151158841,0.9953908921648036,0.009196971795356501,0.12289695529732603
JP-31,cases,high_frequency,hist_gradient_boosting,train,shallow,4369,0.39443791032889636,0.49778910106116925,0.9961767073034719,0.007631967826012942,0.10572040706206556
JP-32,cases,high_frequency,hist_gradient_boosting,train,shallow,4370,0.4418534254738028,0.5564117306811345,0.9964427480902538,0.007101849778343272,0.1001185918952086
JP-33,cases,high_frequency,hist_gradient_boosting,train,shallow,4371,0.5761983652219439,0.726240389967193,0.9980018887525995,0.003992230046244161,0.08669371404345722
JP-34,cases,high_frequency,hist_gradient_boosting,train,shallow,4370,0.6281269171421794,0.7906202667608921,0.995231553258711,0.009514155398253066,0.13040922197108565
JP-35,cases,high_frequency,hist_gradient_boosting,train,shallow,4370,0.4770325814565936,0.6014731750274301,0.996733569389974,0.006522191651121889,0.1083697788169652
JP-36,cases,high_frequency,hist_gradient_boosting,train,shallow,4370,0.33742972105279195,0.4249507967258244,0.9955958748372085,0.008788854007133362,0.11610617765416027
JP-37,cases,high_frequency,hist_gradient_boosting,train,shallow,4369,0.44568268277020395,0.5658830513032086,0.9974879446941437,0.005017800189853094,0.09477626393935559
JP-38,cases,high_frequency,hist_gradient_boosting,train,shallow,4371,0.5561517803231469,0.7028985733002807,0.9971516715689251,0.005688543887298558,0.10880495223615355
JP-39,cases,high_frequency,hist_gradient_boosting,train,shallow,4370,0.35050108107407274,0.4428941756151579,0.9968553450055121,0.006279421133941421,0.09579631927869675
JP-40,cases,high_frequency,hist_gradient_boosting,train,shallow,4376,0.7421721633768145,0.9385754763976626,0.9947160124732954,0.010540054529226683,0.17153214091758395
JP-41,cases,high_frequency,hist_gradient_boosting,train,shallow,4371,0.3338013947302972,0.4238525576572649,0.9970254015293177,0.005940348705302689,0.0842289703412439
JP-42,cases,high_frequency,hist_gradient_boosting,train,shallow,4369,0.4618333892453487,0.5847308208263264,0.9947499382809408,0.010472560290064603,0.13169398705797425
JP-43,cases,high_frequency,hist_gradient_boosting,train,shallow,4369,0.5338061900338379,0.6764146522358306,0.9967181200989382,0.006552989066438308,0.10623679809335843
JP-44,cases,high_frequency,hist_gradient_boosting,train,shallow,4369,0.4277536750732858,0.5344214974584055,0.9978080370305454,0.004379121237249262,0.08251333731833208
JP-45,cases,high_frequency,hist_gradient_boosting,train,shallow,4372,0.43306769220043395,0.5440345967281334,0.9955272314460523,0.00892553144935837,0.12060548635006517
JP-46,cases,high_frequency,hist_gradient_boosting,train,shallow,4369,0.5723440495624315,0.7173095262939759,0.9951797291930637,0.009617306603220133,0.1293445098511582
JP-47,cases,high_frequency,hist_gradient_boosting,train,shallow,4369,0.46929821288894213,0.5884218492504129,0.9943570031928465,0.011254150201341573,0.14337346536474496
JP-01,cases,high_frequency,hist_gradient_boosting,validation,shallow,365,1.1129472268301128,1.4280879711214742,0.9946231518516078,0.01072478580077374,0.14673906183052404
JP-02,cases,high_frequency,hist_gradient_boosting,validation,shallow,365,0.6948867032664532,0.8805625088783929,0.9980908212135573,0.0038147126092468175,0.08174873694718711
JP-03,cases,high_frequency,hist_gradient_boosting,validation,shallow,365,0.6714992042630126,0.836881437958329,1.001079951557447,-0.0021610694102602857,0.0379512095176459
JP-04,cases,high_frequency,hist_gradient_boosting,validation,shallow,365,0.8056489407972728,0.9912353347691883,0.9957640276143184,0.008454001309310955,0.10664988960274704
JP-05,cases,high_frequency,hist_gradient_boosting,validation,shallow,365,0.6412386088873318,0.7949870720042009,0.9985147593037901,0.00296827545249434,0.05913640841157663
JP-06,cases,high_frequency,hist_gradient_boosting,validation,shallow,365,0.5610158893679598,0.6992362778466338,0.999697762419332,0.0006043838137810287,0.02827772671395204
JP-07,cases,high_frequency,hist_gradient_boosting,validation,shallow,365,0.8210546262850776,1.004585962171643,1.0010734820142015,-0.0021481163920378243,-0.018009120579823096
JP-08,cases,high_frequency,hist_gradient_boosting,validation,shallow,365,0.9067704051935236,1.1411598183883733,1.0022821154511605,-0.004569438953253346,-0.07873488173431686
JP-09,cases,high_frequency,hist_gradient_boosting,validation,shallow,365,0.8433100420711591,1.064276234104188,0.9995941677211053,0.0008114998579508148,0.03379351663703812
JP-10,cases,high_frequency,hist_gradient_boosting,validation,shallow,365,0.9022880195255145,1.1320515957991448,1.0035805339164383,-0.007173888056003497,-0.09986411610279529
JP-11,cases,high_frequency,hist_gradient_boosting,validation,shallow,365,1.6161177094797787,2.0142636344427056,0.9969118748004056,0.0061667138819405665,0.12876683271853628
JP-13,cases,high_frequency,hist_gradient_boosting,validation,shallow,365,1.901265338294128,2.3861685167235134,1.0019093259412217,-0.003822297407993336,-0.0012375309373201695
JP-14,cases,high_frequency,hist_gradient_boosting,validation,shallow,365,1.707295072705479,2.1637606167297414,1.0021844583688928,-0.004373688596150949,-0.030808728818155422
JP-15,cases,high_frequency,hist_gradient_boosting,validation,shallow,365,0.8300254378415672,1.0451303223810609,0.9979783514708769,0.004039209995471027,0.0837592569892037
JP-16,cases,high_frequency,hist_gradient_boosting,validation,shallow,365,0.41233315742370463,0.5143697480684182,0.9981887673659043,0.003619184704536371,0.06414890538857598
JP-17,cases,high_frequency,hist_gradient_boosting,validation,shallow,365,0.4533700692787013,0.5654392137510569,0.9974016893310583,0.005189870119551077,0.08008854634082914
JP-18,cases,high_frequency,hist_gradient_boosting,validation,shallow,365,0.38573593558996283,0.48810020602792553,0.9999545612325202,9.087547027797349e-05,0.02120850480443074
JP-19,cases,high_frequency,hist_gradient_boosting,validation,shallow,365,0.5036619180044843,0.618480514060218,1.0057269733575636,-0.011486744938965732,-0.050151686298802685
JP-20,cases,high_frequency,hist_gradient_boosting,validation,shallow,365,0.7182689018919022,0.8922375968466435,0.9997273462644461,0.0005452331310483727,0.02886355427720524
JP-21,cases,high_frequency,hist_gradient_boosting,validation,shallow,365,0.8383096634659988,1.0532963319536472,1.0023263726137555,-0.004658157237048766,-0.02136997647607139
JP-22,cases,high_frequency,hist_gradient_boosting,validation,shallow,365,1.078466273336078,1.3424282814068875,1.0038958521311858,-0.007806881926199827,-0.1259672693100951
JP-23,cases,high_frequency,hist_gradient_boosting,validation,shallow,365,1.2718882140800842,1.6091027231672328,0.9984135664526333,0.0031703503233330155,0.06573913826626045
JP-24,cases,high_frequency,hist_gradient_boosting,validation,shallow,365,0.7488004319631466,0.9392346918052057,1.0059372177850205,-0.011909686125067598,-0.10944666461150822
JP-25,cases,high_frequency,hist_gradient_boosting,validation,shallow,365,0.49759994315819767,0.6246510338819706,1.003245554918239,-0.006501643463205253,-0.043077942547589836
JP-26,cases,high_frequency,hist_gradient_boosting,validation,shallow,365,0.8167511185684189,1.0302828583743526,1.0009580477347688,-0.0019170133249999388,-0.0024210720817758003
JP-27,cases,high_frequency,hist_gradient_boosting,validation,shallow,365,1.626710629396414,2.037845514110539,1.0030436942752938,-0.006096652625429355,-0.06146931361728508
JP-28,cases,high_frequency,hist_gradient_boosting,validation,shallow,365,0.9823126491861518,1.2147479548205133,1.0003620539036828,-0.000724238890394302,0.06751108772027134
JP-29,cases,high_frequency,hist_gradient_boosting,validation,shallow,365,0.6505741115822362,0.8068087211277403,1.001770894782294,-0.0035449256329180834,-0.029124357353664695
JP-30,cases,high_frequency,hist_gradient_boosting,validation,shallow,365,0.4938834129618306,0.6241469243797432,1.004186131072544,-0.008389785838444963,-0.08444999828899262
JP-31,cases,high_frequency,hist_gradient_boosting,validation,shallow,365,0.41476865290031967,0.5217302321587278,1.0008888177981539,-0.001778425593386368,0.005039913637154805
JP-32,cases,high_frequency,hist_gradient_boosting,validation,shallow,365,0.4563168552784943,0.5711083679706641,0.9982333053186576,0.0035302681525875013,0.06108151795781524
JP-33,cases,high_frequency,hist_gradient_boosting,validation,shallow,365,0.6803317718702685,0.8847713805920838,1.000261883474897,-0.0005238355327488176,-0.0032236596362937805
JP-34,cases,high_frequency,hist_gradient_boosting,validation,shallow,365,0.7247654644723217,0.9026189481130298,0.999972600237067,5.479877511882503e-05,0.021092604297001213
JP-35,cases,high_frequency,hist_gradient_boosting,validation,shallow,365,0.6257488031432776,0.7719148461180749,1.0009053138476842,-0.0018114472885311095,-0.0001639829828113816
JP-36,cases,high_frequency,hist_gradient_boosting,validation,shallow,365,0.4102670773985921,0.5197768762499918,0.9990321480016503,0.001934767259208936,0.054964666578281786
JP-37,cases,high_frequency,hist_gradient_boosting,validation,shallow,365,0.5166113974435569,0.638948015645945,0.9993675638942279,0.0012644722361164762,0.036430705520435966
JP-38,cases,high_frequency,hist_gradient_boosting,validation,shallow,365,0.6603189555544398,0.8253218818230507,1.0011969290585259,-0.002395290756222579,-0.032857241570652944
JP-39,cases,high_frequency,hist_gradient_boosting,validation,shallow,365,0.3925727168573121,0.5032548127871197,0.9975093303108528,0.0049751359427940844,0.13688120923853878
JP-40,cases,high_frequency,hist_gradient_boosting,validation,shallow,365,0.769143871267415,0.9769221369243181,1.0014080799665859,-0.002818142622363906,-0.03296229620586474
JP-41,cases,high_frequency,hist_gradient_boosting,validation,shallow,365,0.4026279073090534,0.4995047124673498,1.0080278335468107,-0.01612011320507678,-0.1857949741827286
JP-42,cases,high_frequency,hist_gradient_boosting,validation,shallow,365,0.5592176058935416,0.6926748774938548,0.9987470648831129,0.002504300387367042,0.05408139554156541
JP-43,cases,high_frequency,hist_gradient_boosting,validation,shallow,365,0.6162744594947194,0.7730997259548698,0.9991410759183557,0.0017171104127103876,0.05064565657812155
JP-44,cases,high_frequency,hist_gradient_boosting,validation,shallow,365,0.47335685338307065,0.6068685803216484,1.0036074687522762,-0.007227951335350813,-0.06799166055115997
JP-45,cases,high_frequency,hist_gradient_boosting,validation,shallow,365,0.49521747150799333,0.6139371206826674,1.0043020532923486,-0.008622614247227434,-0.05808593888790477
JP-46,cases,high_frequency,hist_gradient_boosting,validation,shallow,365,0.6529412331228602,0.828281459591016,1.0027181586547043,-0.005443705695880707,-0.0479656421021701
JP-47,cases,high_frequency,hist_gradient_boosting,validation,shallow,365,0.5486084010960931,0.6769695309991772,1.0016597988472622,-0.0033223526267376347,-0.022696092400982276
JP-01,cases,high_frequency,hist_gradient_boosting,test,shallow,730,1.3512500172327233,1.6993311962395021,1.0055357520722932,-0.011102148695592229,-0.07828509095421432
JP-02,cases,high_frequency,hist_gradient_boosting,test,shallow,730,0.7881659410617726,0.988160529458393,1.0051676522535282,-0.010362009136870132,-0.09666741625226963
JP-03,cases,high_frequency,hist_gradient_boosting,test,shallow,730,0.7483664080357972,0.9402215521797717,1.00039097353439,-0.0007820999290848452,-0.000944262377085373
JP-04,cases,high_frequency,hist_gradient_boosting,test,shallow,730,0.981451709697871,1.2610572873180033,1.000006178789607,-1.2357617391600684e-05,0.02795694699699163
JP-05,cases,high_frequency,hist_gradient_boosting,test,shallow,730,0.630369956039126,0.7793966809673187,1.004964809472524,-0.009954268278146605,-0.06939359458496569
JP-06,cases,high_frequency,hist_gradient_boosting,test,shallow,730,0.6338248155134959,0.7963200810538499,0.9992218740658607,0.0015556463883094063,0.04059160054510138
JP-07,cases,high_frequency,hist_gradient_boosting,test,shallow,730,0.7809373871206278,0.9758071987176851,0.9994726626699979,0.0010543965753445628,0.03286727482480807
JP-08,cases,high_frequency,hist_gradient_boosting,test,shallow,730,1.0399903336257077,1.3012161813917515,1.0004221372688893,-0.0008444527376523236,-0.0036266950903865234
JP-09,cases,high_frequency,hist_gradient_boosting,test,shallow,730,0.900224540072495,1.1292415401921836,1.0001939565259599,-0.0003879506710537939,0.008798590890992062
JP-10,cases,high_frequency,hist_gradient_boosting,test,shallow,730,0.96433371203371,1.2157454749892196,0.9988298579687471,0.002338914830132488,0.05791819696500113
JP-11,cases,high_frequency,hist_gradient_boosting,test,shallow,730,1.824877051309416,2.2592283698387328,1.0008552222785612,-0.0017111759622678857,-0.008432579390317371
JP-13,cases,high_frequency,hist_gradient_boosting,test,shallow,730,2.135030597955575,2.669348433001346,1.0019434810501051,-0.0038907392188023415,-0.012772811608233913
JP-14,cases,high_frequency,hist_gradient_boosting,test,shallow,730,1.8488790617411242,2.3328908225923994,1.000895715369723,-0.0017922330454693824,-0.0021260995493028066
JP-15,cases,high_frequency,hist_gradient_boosting,test,shallow,730,0.8606961402049702,1.0870781787859638,1.000355110694564,-0.0007103474927334652,0.01235864744695252
JP-16,cases,high_frequency,hist_gradient_boosting,test,shallow,730,0.49626357131700954,0.6328638430876026,1.0024919683268898,-0.004990146559922248,-0.04470505797910103
JP-17,cases,high_frequency,hist_gradient_boosting,test,shallow,730,0.482341683990655,0.5980555039507353,1.0008514894647045,-0.001703703963717107,0.008734090920332773
JP-18,cases,high_frequency,hist_gradient_boosting,test,shallow,730,0.44949510409453974,0.5716727303690983,1.00115354585273,-0.0023084223734946008,-0.008165719056685804
JP-19,cases,high_frequency,hist_gradient_boosting,test,shallow,730,0.5380181268568637,0.6684101980811286,1.0014138862840338,-0.002829771642491874,-0.005659372785988852
JP-20,cases,high_frequency,hist_gradient_boosting,test,shallow,730,0.7765975818785061,0.9866263181097963,1.001955431472878,-0.003914686658001321,-0.03766934665995834
JP-21,cases,high_frequency,hist_gradient_boosting,test,shallow,730,0.936505205024503,1.1684321898651235,1.0009264426762507,-0.0018537436485337455,-0.030965468904530103
JP-22,cases,high_frequency,hist_gradient_boosting,test,shallow,730,1.0974443460800998,1.389627257658356,0.9983125971866578,0.0033719582984299556,0.0827286377704118
JP-23,cases,high_frequency,hist_gradient_boosting,test,shallow,730,1.3961067496873105,1.738175754953182,0.998302849821522,0.003391420038227899,0.06253220947899699
JP-24,cases,high_frequency,hist_gradient_boosting,test,shallow,730,0.7858199409249681,0.9969927130059736,1.0007877649160506,-0.0015761504056643894,-0.006291838693156413
JP-25,cases,high_frequency,hist_gradient_boosting,test,shallow,730,0.5271873030855367,0.6752040493885141,1.0015602196297466,-0.003122873544786353,0.004637274462055251
JP-26,cases,high_frequency,hist_gradient_boosting,test,shallow,730,0.8733859542966191,1.0958457339620697,1.0010032702960947,-0.002007547143476174,-0.005578256781421852
JP-27,cases,high_frequency,hist_gradient_boosting,test,shallow,730,1.7802611077808084,2.211428769964281,1.0004889887557415,-0.0009782166214866717,0.00741047625147364
JP-28,cases,high_frequency,hist_gradient_boosting,test,shallow,730,1.136024865638737,1.423090682603009,1.0028885596631654,-0.005785463103258781,-0.0253939631835079
JP-29,cases,high_frequency,hist_gradient_boosting,test,shallow,730,0.7374510658323655,0.9339601741054604,1.0006143335689357,-0.0012290445436051733,-0.01345547261153081
JP-30,cases,high_frequency,hist_gradient_boosting,test,shallow,730,0.5088203787124116,0.6477067596559779,0.9999918388068958,1.632231960335684e-05,0.023657207302102388
JP-31,cases,high_frequency,hist_gradient_boosting,test,shallow,730,0.45015105330046745,0.5745353986052065,1.0018595668144867,-0.0037225916177110463,-0.0276411958333604
JP-32,cases,high_frequency,hist_gradient_boosting,test,shallow,730,0.40948283451824075,0.5182751575972807,0.999885651871219,0.00022868318206714644,0.03305422260392187
JP-33,cases,high_frequency,hist_gradient_boosting,test,shallow,730,0.7643247556929376,0.950763505490925,0.9994941085020776,0.0010115270696369194,0.035590484353312656
JP-34,cases,high_frequency,hist_gradient_boosting,test,shallow,730,0.727982502056805,0.9246481542409732,0.9995121155247029,0.0009755309193331119,0.03237700263793922
JP-35,cases,high_frequency,hist_gradient_boosting,test,shallow,730,0.6326052551019875,0.8042488533793816,1.0008581573663589,-0.0017170511667832233,-0.013614503299035
JP-36,cases,high_frequency,hist_gradient_boosting,test,shallow,730,0.41257001876397587,0.5237564596900621,0.999803705773672,0.00039254992123272103,0.029533974873579467
JP-37,cases,high_frequency,hist_gradient_boosting,test,shallow,730,0.544942180350101,0.6759728883357327,1.0008539115459485,-0.001708552256825202,-0.010740537214136483
JP-38,cases,high_frequency,hist_gradient_boosting,test,shallow,730,0.7829644558997549,0.9871205661033502,1.0000821497907675,-0.00016430633012309848,0.009201705423706012
JP-39,cases,high_frequency,hist_gradient_boosting,test,shallow,730,0.3979493898764999,0.5006626083069737,1.000498681053691,-0.0009976107901759068,0.03504502651020947
JP-40,cases,high_frequency,hist_gradient_boosting,test,shallow,730,0.9221335830285565,1.1328056241265676,1.0006611343155345,-0.0013227057296523181,-0.006194953410057486
JP-41,cases,high_frequency,hist_gradient_boosting,test,shallow,730,0.45342133672717383,0.5766296475850983,1.0015580328207134,-0.0031184931076970734,-0.03528227658053469
JP-42,cases,high_frequency,hist_gradient_boosting,test,shallow,730,0.6449502186731927,0.8149987082061972,1.0005651445072392,-0.0011306084027924435,0.01134548314531401
JP-43,cases,high_frequency,hist_gradient_boosting,test,shallow,730,0.6938989308489238,0.8756996911602192,0.9999742662734816,5.1466790812026986e-05,0.017646110852661333
JP-44,cases,high_frequency,hist_gradient_boosting,test,shallow,730,0.5022676327743483,0.6260040549882999,1.0003741727905637,-0.0007484855864046125,0.013888810585555252
JP-45,cases,high_frequency,hist_gradient_boosting,test,shallow,730,0.5504329610751779,0.6830439879734197,1.0015938897539391,-0.0031903199924259162,-0.042334462323841235
JP-46,cases,high_frequency,hist_gradient_boosting,test,shallow,730,0.718007794891187,0.8877644965205642,1.0001849887958723,-0.0003700118125993246,0.0038798455440745036
JP-47,cases,high_frequency,hist_gradient_boosting,test,shallow,730,0.618871074103087,0.7761201330207099,1.0005146634792719,-0.0010295918370399892,0.0037141412426292424
JP-01,incidence_per_100k,trend,hist_gradient_boosting,train,regularized,4383,0.0014869578872532875,0.001928201500089529,0.09465854788911257,0.9910397593115245,0.9955265556290663
JP-02,incidence_per_100k,trend,hist_gradient_boosting,train,regularized,4383,0.0017941454144489606,0.002389235230898247,0.08594947117337674,0.9926126884050169,0.9964525067718666
JP-03,incidence_per_100k,trend,hist_gradient_boosting,train,regularized,4383,0.001776832894866725,0.002256000417411632,0.10403534495020812,0.9891766470010912,0.9945737751340286
JP-04,incidence_per_100k,trend,hist_gradient_boosting,train,regularized,4383,0.0016750887007958041,0.002216212359276901,0.18293654330994116,0.96653422112181,0.9835008998392688
JP-05,incidence_per_100k,trend,hist_gradient_boosting,train,regularized,4383,0.0020704348829072646,0.0029183905084487886,0.08290172557288088,0.9931273038970387,0.9967141666255825
JP-06,incidence_per_100k,trend,hist_gradient_boosting,train,regularized,4383,0.0017020217177901433,0.0021377685504543795,0.0944412493309511,0.9910808504248091,0.99562521662575
JP-07,incidence_per_100k,trend,hist_gradient_boosting,train,regularized,4383,0.0020518419654806637,0.0031231054938575743,0.13528990550238,0.9816966414691571,0.9915891082674073
JP-08,incidence_per_100k,trend,hist_gradient_boosting,train,regularized,4383,0.001696741584208772,0.002186813731729175,0.09863694476183298,0.9902707531280511,0.995544290939436
JP-09,incidence_per_100k,trend,hist_gradient_boosting,train,regularized,4383,0.0017644159375165098,0.0025087457357678565,0.10404661108047238,0.9891743027226689,0.9953395706484569
JP-10,incidence_per_100k,trend,hist_gradient_boosting,train,regularized,4383,0.0017096214907447484,0.002259981819777662,0.06722500461709596,0.9954807987542315,0.9981937813953273
JP-11,incidence_per_100k,trend,hist_gradient_boosting,train,regularized,4383,0.004343197923650048,0.00529330260716432,0.1615813191773198,0.9738914772929171,0.9872177455912571
JP-13,incidence_per_100k,trend,hist_gradient_boosting,train,regularized,4383,0.0018510423947740158,0.0025646938523564236,0.1938723391696717,0.9624135161048798,0.9810820771601529
JP-14,incidence_per_100k,trend,hist_gradient_boosting,train,regularized,4383,0.0022661042982077525,0.0033374146249009503,0.17731231315986132,0.9685603436018992,0.9847297146075363
JP-15,incidence_per_100k,trend,hist_gradient_boosting,train,regularized,4383,0.001024085338281394,0.0014508257407798873,0.07506230479894901,0.9943656503982696,0.9975600758848954
JP-16,incidence_per_100k,trend,hist_gradient_boosting,train,regularized,4383,0.001199859997346088,0.001700133559713503,0.20413720839993224,0.9583280001466826,0.980343472470175
JP-17,incidence_per_100k,trend,hist_gradient_boosting,train,regularized,4383,0.0006746070965663514,0.0008454977909837952,0.6403168948130582,0.589994274216963,0.8676082671981287
JP-18,incidence_per_100k,trend,hist_gradient_boosting,train,regularized,4383,0.0005589274918488514,0.0007717537805102849,0.09239285900641472,0.9914635596046207,0.9958508574264933
JP-19,incidence_per_100k,trend,hist_gradient_boosting,train,regularized,4383,0.002034147171496122,0.0028889974774533676,0.1276036461816227,0.9837173094811552,0.9920591304841487
JP-20,incidence_per_100k,trend,hist_gradient_boosting,train,regularized,4383,0.001274831208394453,0.0018241161830467013,0.17991415365451396,0.9676308973147799,0.9837076708519822
JP-21,incidence_per_100k,trend,hist_gradient_boosting,train,regularized,4383,0.001774697460833019,0.0023417125665625487,0.1022931039972722,0.9895361208746033,0.9947882817889663
JP-22,incidence_per_100k,trend,hist_gradient_boosting,train,regularized,4383,0.0018370799640607183,0.0023232670078146933,0.1239550699221483,0.9846351406405953,0.9924010884728053
JP-23,incidence_per_100k,trend,hist_gradient_boosting,train,regularized,4383,0.0010270280506677395,0.001507672598949117,0.3884131069299181,0.849135258365048,0.9245914081594007
JP-24,incidence_per_100k,trend,hist_gradient_boosting,train,regularized,4383,0.0016341354736472387,0.0020185546420810004,0.11654820687839068,0.9864165154734319,0.9932339973295439
JP-25,incidence_per_100k,trend,hist_gradient_boosting,train,regularized,4383,0.001483450060772523,0.0019078270278125094,0.11349380226958722,0.9871191568463918,0.9940462358025808
JP-26,incidence_per_100k,trend,hist_gradient_boosting,train,regularized,4383,0.0013553779954221072,0.001692827620370674,0.15047535097289746,0.9773571687495833,0.9888324474260772
JP-27,incidence_per_100k,trend,hist_gradient_boosting,train,regularized,4383,0.0016868819461111947,0.0020586044124333413,0.10622256081640903,0.9887167675736043,0.9944473666358156
JP-28,incidence_per_100k,trend,hist_gradient_boosting,train,regularized,4383,0.0011537462987043447,0.0015833520445612565,0.10325435885278174,0.989338537377901,0.9947531030601083
JP-29,incidence_per_100k,trend,hist_gradient_boosting,train,regularized,4383,0.001606053866208829,0.00222494164989307,0.08101121729313678,0.9934371826726842,0.9969141701101678
JP-30,incidence_per_100k,trend,hist_gradient_boosting,train,regularized,4383,0.0012837584531898048,0.001615964105664043,0.1216742218070074,0.9851953837476591,0.9929523795226629
JP-31,incidence_per_100k,trend,hist_gradient_boosting,train,regularized,4383,0.0023547505912324684,0.0030191050536046626,0.26932386232900113,0.9274646571801892,0.9660502296034945
JP-32,incidence_per_100k,trend,hist_gradient_boosting,train,regularized,4383,0.0021347328654703884,0.0026040302644942236,0.12157969032391996,0.9852183789007397,0.9932552399269371
JP-33,incidence_per_100k,trend,hist_gradient_boosting,train,regularized,4383,0.0017147360737221227,0.0022390362124746297,0.20144208595324373,0.959421086006806,0.9796605144802832
JP-34,incidence_per_100k,trend,hist_gradient_boosting,train,regularized,4383,0.0005566345692296551,0.000707091712766042,0.14955537077313658,0.9776331910729097,0.9896262885632778
JP-35,incidence_per_100k,trend,hist_gradient_boosting,train,regularized,4383,0.0020065584062363764,0.0024169128993357203,0.14282612994855134,0.9796006966039196,0.9899325204888317
JP-36,incidence_per_100k,trend,hist_gradient_boosting,train,regularized,4383,0.001312451541971923,0.0015515521493251947,0.15562818868334563,0.975779866887141,0.9881318542064289
JP-37,incidence_per_100k,trend,hist_gradient_boosting,train,regularized,4383,0.0019952463102589292,0.002465181614688689,0.13057837372845513,0.982949288314432,0.9916996758556883
JP-38,incidence_per_100k,trend,hist_gradient_boosting,train,regularized,4383,0.0015925408828428604,0.0020294992801220373,0.11018916208157767,0.9878583485597598,0.994468905069268
JP-39,incidence_per_100k,trend,hist_gradient_boosting,train,regularized,4383,0.0009473681347913972,0.0012000247665659239,0.19592640569076444,0.961612843553098,0.9820344302719045
JP-40,incidence_per_100k,trend,hist_gradient_boosting,train,regularized,4383,0.0006871807532662861,0.000885697723303849,0.32044329701668484,0.8973160933970767,0.9526116295165614
JP-41,incidence_per_100k,trend,hist_gradient_boosting,train,regularized,4383,0.001084548509353148,0.0013657890056188043,0.12985444263042803,0.9831378237291408,0.9915576529329122
JP-42,incidence_per_100k,trend,hist_gradient_boosting,train,regularized,4383,0.0012879053269699017,0.0015649791916995527,0.0834966585477992,0.9930283080113522,0.996690021136953
JP-43,incidence_per_100k,trend,hist_gradient_boosting,train,regularized,4383,0.0017768997845357742,0.0021949667592419263,0.13112129787229143,0.9828072052442858,0.9914389596098436
JP-44,incidence_per_100k,trend,hist_gradient_boosting,train,regularized,4383,0.0013270850997974817,0.0015951542274824071,0.14907754201311815,0.977775886467327,0.9888834138228938
JP-45,incidence_per_100k,trend,hist_gradient_boosting,train,regularized,4383,0.0010194292882853811,0.001225992297816191,0.09318852365673709,0.9913158990586778,0.9956495067884779
JP-46,incidence_per_100k,trend,hist_gradient_boosting,train,regularized,4383,0.0011718170606728863,0.001659945272520009,0.08786967258666052,0.9922789206395131,0.9961424966419915
JP-47,incidence_per_100k,trend,hist_gradient_boosting,train,regularized,4383,0.0016942896110220566,0.0024138055458348745,0.17738315675377841,0.9685352157000645,0.9850795090626969
JP-01,incidence_per_100k,trend,hist_gradient_boosting,validation,regularized,365,0.010912786179157297,0.01232242932272197,7.716575152742611,-58.54553208792464,-0.787763153884767
JP-02,incidence_per_100k,trend,hist_gradient_boosting,validation,regularized,365,0.014409109463109328,0.014662683030274475,7.075885663851516,-49.06815792789941,-0.6166247087332164
JP-03,incidence_per_100k,trend,hist_gradient_boosting,validation,regularized,365,0.0034536370645886025,0.004931148766871261,1.761579085473553,-2.1031608743778385,-0.6815969592187118
JP-04,incidence_per_100k,trend,hist_gradient_boosting,validation,regularized,365,0.006896024194297255,0.007165031335463185,3.994329681578984,-14.954669605142866,-0.6082786597408969
JP-05,incidence_per_100k,trend,hist_gradient_boosting,validation,regularized,365,0.001348381540267299,0.0019934649224484934,3.6484996209093628,-12.31154948377576,-0.30829378468836527
JP-06,incidence_per_100k,trend,hist_gradient_boosting,validation,regularized,365,0.011016877291145465,0.01106041883586654,20.256656335161153,-409.3321258808244,0.25532449682802155
JP-07,incidence_per_100k,trend,hist_gradient_boosting,validation,regularized,365,0.007659049913747862,0.008151414492885934,6.46135841199489,-40.74915252825712,-0.3745955092300369
JP-08,incidence_per_100k,trend,hist_gradient_boosting,validation,regularized,365,0.006485141021650444,0.006687518108252435,4.194328848286141,-16.592394487565347,0.05910480675409296
JP-09,incidence_per_100k,trend,hist_gradient_boosting,validation,regularized,365,0.005359164740477835,0.006839472497891544,16.12731168607303,-259.09018221974765,0.2799461477499396
JP-10,incidence_per_100k,trend,hist_gradient_boosting,validation,regularized,365,0.011653956986710361,0.01217044814944887,7.378670459787701,-53.44477775414364,-0.843503078998888
JP-11,incidence_per_100k,trend,hist_gradient_boosting,validation,regularized,365,0.01816789706048139,0.020050352850340524,2.850736529905093,-7.126698762935332,0.0722692370072156
JP-13,incidence_per_100k,trend,hist_gradient_boosting,validation,regularized,365,0.0036934995151563276,0.003759342642458987,7.757015960429829,-59.171296610363115,-0.0434160145387499
JP-14,incidence_per_100k,trend,hist_gradient_boosting,validation,regularized,365,0.00633298275573042,0.006486366249160841,7.252753100884594,-51.60242754239111,-0.619033839736646
JP-15,incidence_per_100k,trend,hist_gradient_boosting,validation,regularized,365,0.00592842820620281,0.006001990322693938,5.471409229109971,-28.936318952389776,0.6648637372860616
JP-16,incidence_per_100k,trend,hist_gradient_boosting,validation,regularized,365,0.004442089178168427,0.004488020056041469,6.563738482303563,-42.08266286407269,0.6720783864830862
JP-17,incidence_per_100k,trend,hist_gradient_boosting,validation,regularized,365,0.004741816815830119,0.0048915935520367085,23.30409101977048,-542.080658257747,0.6232810418481207
JP-18,incidence_per_100k,trend,hist_gradient_boosting,validation,regularized,365,0.0020540021411796358,0.002196985153044509,2.2897604192494856,-4.243002777561581,0.5924381099974042
JP-19,incidence_per_100k,trend,hist_gradient_boosting,validation,regularized,365,0.00855476715460499,0.009493437148013834,6.4022227053476675,-39.98845556886921,-0.9007977447994607
JP-20,incidence_per_100k,trend,hist_gradient_boosting,validation,regularized,365,0.0019154246237633639,0.002581562610548763,3.074735969420508,-8.454001281648269,0.9074927766358272
JP-21,incidence_per_100k,trend,hist_gradient_boosting,validation,regularized,365,0.002651312196965404,0.002779836509591673,6.739421881369051,-44.41980729507595,0.4076943299627728
JP-22,incidence_per_100k,trend,hist_gradient_boosting,validation,regularized,365,0.012482896988436404,0.013854520983935872,27.75539998697223,-769.362228436818,-0.46288411557975406
JP-23,incidence_per_100k,trend,hist_gradient_boosting,validation,regularized,365,0.00541531412772117,0.005439201335046045,15.424153796001184,-236.9045203226977,0.7266259467648508
JP-24,incidence_per_100k,trend,hist_gradient_boosting,validation,regularized,365,0.007346386870104574,0.007887466427080759,3.525702724120809,-11.430579698872895,-0.35564855281801466
JP-25,incidence_per_100k,trend,hist_gradient_boosting,validation,regularized,365,0.007051506168765407,0.007429435691392834,5.968549738794815,-34.62358598446766,-0.7372128729106598
JP-26,incidence_per_100k,trend,hist_gradient_boosting,validation,regularized,365,0.005736345924071297,0.005835028484409405,4.639297639779303,-20.52308259046181,0.5417333858961838
JP-27,incidence_per_100k,trend,hist_gradient_boosting,validation,regularized,365,0.007742721369258931,0.00840592689276054,2.9235324200449075,-7.547041811053635,-0.3740006208252363
JP-28,incidence_per_100k,trend,hist_gradient_boosting,validation,regularized,365,0.002999110600207392,0.003297776550642958,9.124863196714402,-82.26312835875298,0.9594084879684823
JP-29,incidence_per_100k,trend,hist_gradient_boosting,validation,regularized,365,0.007888512262161999,0.008242265089920958,4.004251306244362,-15.03402852355968,-0.3718381096282044
JP-30,incidence_per_100k,trend,hist_gradient_boosting,validation,regularized,365,0.0028962888056812313,0.0031015826341541305,3.0945022956396113,-8.575944457718824,0.23924423703194905
JP-31,incidence_per_100k,trend,hist_gradient_boosting,validation,regularized,365,0.002472321765580878,0.0033795687765003374,0.6635045591167229,0.5597617000313231,0.9037938961995785
JP-32,incidence_per_100k,trend,hist_gradient_boosting,validation,regularized,365,0.020958220381518015,0.02213024455600547,9.816968674052108,-95.37287394732041,-0.8269249144877966
JP-33,incidence_per_100k,trend,hist_gradient_boosting,validation,regularized,365,0.0026472969779663086,0.0027536602718641616,3.811412500506003,-13.526865249013426,0.07151744322397148
JP-34,incidence_per_100k,trend,hist_gradient_boosting,validation,regularized,365,0.0007627566737764568,0.0009761579613918776,4.872115584575616,-22.7375102694646,0.6788415868651636
JP-35,incidence_per_100k,trend,hist_gradient_boosting,validation,regularized,365,0.01655020801211803,0.01827819687828362,12.918443065932394,-165.88617124773674,-0.8039155566667214
JP-36,incidence_per_100k,trend,hist_gradient_boosting,validation,regularized,365,0.0017914049778163072,0.00184490749236926,4.379511545156551,-18.180121374159516,0.4087674104965959
JP-37,incidence_per_100k,trend,hist_gradient_boosting,validation,regularized,365,0.004765934518477596,0.005574001254341909,3.2279980279886824,-9.419971268698822,-0.323069720064658
JP-38,incidence_per_100k,trend,hist_gradient_boosting,validation,regularized,365,0.011248008591840608,0.011629181145189096,9.135573206253605,-82.45869780681876,-0.2979118510823638
JP-39,incidence_per_100k,trend,hist_gradient_boosting,validation,regularized,365,0.0015003343773573553,0.0016355199626086722,3.6322659067146525,-12.193355617081615,-0.4102560794486029
JP-40,incidence_per_100k,trend,hist_gradient_boosting,validation,regularized,365,0.005980995091023272,0.006002950074086242,30.526658547189786,-930.8768820567152,0.04844513180526682
JP-41,incidence_per_100k,trend,hist_gradient_boosting,validation,regularized,365,0.00504726380818238,0.005321097369307682,10.349498135393233,-106.112111654508,-0.8452291529446575
JP-42,incidence_per_100k,trend,hist_gradient_boosting,validation,regularized,365,0.01104539928735264,0.011367190761382517,5.620977542698382,-30.595388535519547,-0.7752464299648596
JP-43,incidence_per_100k,trend,hist_gradient_boosting,validation,regularized,365,0.0027046358853706105,0.00298598795307039,2.6412217985115642,-5.976052588932664,-0.6675655736165861
JP-44,incidence_per_100k,trend,hist_gradient_boosting,validation,regularized,365,0.005385485505175231,0.005475426640969861,7.112675854398167,-49.590157809738685,-0.5057987983996768
JP-45,incidence_per_100k,trend,hist_gradient_boosting,validation,regularized,365,0.004206854775518183,0.00446520778742975,5.998161974093854,-34.977947067465486,-0.5488813578886691
JP-46,incidence_per_100k,trend,hist_gradient_boosting,validation,regularized,365,0.007198742279514428,0.007676082231828522,10.542415337292496,-110.14252114398006,-0.9305905768183279
JP-47,incidence_per_100k,trend,hist_gradient_boosting,validation,regularized,365,0.008278528024414032,0.008557584799974226,4.251404739644107,-17.074442260268373,-0.373014692564629
JP-01,incidence_per_100k,trend,hist_gradient_boosting,test,regularized,730,0.019559267544410862,0.021272044494431867,17.07347218884503,-290.5034525832648,-0.7669004190382375
JP-02,incidence_per_100k,trend,hist_gradient_boosting,test,regularized,730,0.01702828937778573,0.017257636360893624,6.12286388727415,-36.48946218208591,0.2048693246361693
JP-03,incidence_per_100k,trend,hist_gradient_boosting,test,regularized,730,0.025187486538954952,0.026886688487219215,13.435335827084865,-179.5082487865502,-0.5740420351903459
JP-04,incidence_per_100k,trend,hist_gradient_boosting,test,regularized,730,0.026819307694937487,0.02864077640957093,3.6584050483569586,-12.383927497843679,-0.6557605410562517
JP-05,incidence_per_100k,trend,hist_gradient_boosting,test,regularized,730,0.006834892699082363,0.008059252405850285,9.173148872028433,-83.14666022839648,-0.09940278595518248
JP-06,incidence_per_100k,trend,hist_gradient_boosting,test,regularized,730,0.002632348080909175,0.0034907055634819427,2.7413687930961634,-6.515102859761515,0.5108153423939595
JP-07,incidence_per_100k,trend,hist_gradient_boosting,test,regularized,730,0.01413498732465776,0.01439323302976146,7.563086733137807,-56.20028093296511,0.1516946514289608
JP-08,incidence_per_100k,trend,hist_gradient_boosting,test,regularized,730,0.010998250798274687,0.01153695737641431,4.543723435289145,-19.64542265639579,-0.5834479605989485
JP-09,incidence_per_100k,trend,hist_gradient_boosting,test,regularized,730,0.0076910574217267935,0.008979133360806314,6.758997719271611,-44.68405016911884,-0.7846466533664291
JP-10,incidence_per_100k,trend,hist_gradient_boosting,test,regularized,730,0.013125763364409435,0.013896007025063361,4.643537767193696,-20.56244299535422,-0.7260841029679557
JP-11,incidence_per_100k,trend,hist_gradient_boosting,test,regularized,730,0.007547194842876816,0.009132346164810526,1.1339773940019227,-0.2859047301073918,0.20127835007436817
JP-13,incidence_per_100k,trend,hist_gradient_boosting,test,regularized,730,0.0063363198791691715,0.006619472437874835,8.611477035018044,-73.15753672464318,0.5810021764317895
JP-14,incidence_per_100k,trend,hist_gradient_boosting,test,regularized,730,0.006116151542172883,0.00622685672176707,7.555499260171683,-56.085569070454845,0.092121766323856
JP-15,incidence_per_100k,trend,hist_gradient_boosting,test,regularized,730,0.009314374345103116,0.009425380312803704,7.763619106429785,-59.27378162972164,-0.506172352379285
JP-16,incidence_per_100k,trend,hist_gradient_boosting,test,regularized,730,0.0022728479865476493,0.002562883930380466,3.718215581965126,-12.825127113968264,0.5374576442837448
JP-17,incidence_per_100k,trend,hist_gradient_boosting,test,regularized,730,0.0015641442633107833,0.0018716222193991597,3.1756781994096466,-9.084932026205692,-0.07733865202983442
JP-18,incidence_per_100k,trend,hist_gradient_boosting,test,regularized,730,0.003543115386656233,0.003797580370939441,2.8420114959572493,-7.077029343153162,0.05439028699825654
JP-19,incidence_per_100k,trend,hist_gradient_boosting,test,regularized,730,0.01370087816029748,0.014274071452579097,4.014620393887984,-15.11717690702131,0.2907494697784362
JP-20,incidence_per_100k,trend,hist_gradient_boosting,test,regularized,730,0.0034376781766544268,0.003990169563557388,3.716679554510034,-12.813706910912908,0.8308761856048648
JP-21,incidence_per_100k,trend,hist_gradient_boosting,test,regularized,730,0.004915926211449072,0.005484677326997744,2.1908261867814027,-3.7997193806871428,0.2875928764986682
JP-22,incidence_per_100k,trend,hist_gradient_boosting,test,regularized,730,0.004366698914666133,0.005489877339411741,1.39662343454941,-0.95055701793259,0.5602673205002738
JP-23,incidence_per_100k,trend,hist_gradient_boosting,test,regularized,730,0.003040497835620634,0.003325729754108177,3.1181710788152475,-8.722990876759841,-0.10570642426981765
JP-24,incidence_per_100k,trend,hist_gradient_boosting,test,regularized,730,0.007937619749042005,0.008598856480111132,3.7296484312136267,-12.910277420454271,0.4380268582128894
JP-25,incidence_per_100k,trend,hist_gradient_boosting,test,regularized,730,0.010916331568068057,0.012010130581204327,3.409949509987784,-10.62775566066593,-0.5477249795046234
JP-26,incidence_per_100k,trend,hist_gradient_boosting,test,regularized,730,0.006135734042622714,0.006666995398271988,2.750654827134271,-6.566101978037065,-0.022382293033014023
JP-27,incidence_per_100k,trend,hist_gradient_boosting,test,regularized,730,0.015258629658066195,0.017836714746134942,4.886632641936588,-22.879178577240157,-0.12044683154289006
JP-28,incidence_per_100k,trend,hist_gradient_boosting,test,regularized,730,0.0034257842277803374,0.003850573761982833,3.7518510082997554,-13.07638598847989,-0.7474821612509558
JP-29,incidence_per_100k,trend,hist_gradient_boosting,test,regularized,730,0.01261453464648255,0.013356432382190454,5.998635903175349,-34.98363269886432,-0.5110827481691951
JP-30,incidence_per_100k,trend,hist_gradient_boosting,test,regularized,730,0.005930812618774566,0.006546898014481394,3.3049818656463263,-9.922905132251069,-0.8372777289604412
JP-31,incidence_per_100k,trend,hist_gradient_boosting,test,regularized,730,0.0063626661194977055,0.007622171333731422,2.166820142056888,-3.6951095280234325,-0.5557532616773323
JP-32,incidence_per_100k,trend,hist_gradient_boosting,test,regularized,730,0.02431452273809638,0.024644881765406232,7.403410310458472,-53.81048422500282,0.38159634538577203
JP-33,incidence_per_100k,trend,hist_gradient_boosting,test,regularized,730,0.005034379838838804,0.005829189827744594,6.835472922507152,-45.72369007432846,-0.7615782551445133
JP-34,incidence_per_100k,trend,hist_gradient_boosting,test,regularized,730,0.0012115843938239,0.001664463732471583,2.371069934811707,-4.621972635767992,0.6339127126217913
JP-35,incidence_per_100k,trend,hist_gradient_boosting,test,regularized,730,0.008826699939514506,0.009576881709342441,4.504167012699942,-19.287520478294322,-0.6789385443394278
JP-36,incidence_per_100k,trend,hist_gradient_boosting,test,regularized,730,0.0012058253122987726,0.00171007430582965,1.2034675196682556,-0.44833407089646293,0.40326161680464806
JP-37,incidence_per_100k,trend,hist_gradient_boosting,test,regularized,730,0.007975921845951101,0.008562504154488658,3.7331787463914488,-12.93662355250883,0.23373244694540685
JP-38,incidence_per_100k,trend,hist_gradient_boosting,test,regularized,730,0.014619238705307017,0.015416078082219727,8.55564417665818,-72.19904727758504,-0.6646719770616227
JP-39,incidence_per_100k,trend,hist_gradient_boosting,test,regularized,730,0.0035472394926942845,0.003724093376476706,2.7701813903560635,-6.673904935475054,0.5462634051200383
JP-40,incidence_per_100k,trend,hist_gradient_boosting,test,regularized,730,0.0065610479643337495,0.006947725013731719,8.464790685547163,-70.65268135012602,-0.813137481966151
JP-41,incidence_per_100k,trend,hist_gradient_boosting,test,regularized,730,0.0020066898846665296,0.0023218169833414265,2.3721684100914615,-4.627182965835853,0.4626679212323325
JP-42,incidence_per_100k,trend,hist_gradient_boosting,test,regularized,730,0.010658605410204528,0.011204906249752015,3.689702882225024,-12.613907359099649,-0.8039770286842542
JP-43,incidence_per_100k,trend,hist_gradient_boosting,test,regularized,730,0.0008977624362059433,0.0010980575022350638,1.0838520356156065,-0.1747352351080942,0.29219832581545235
JP-44,incidence_per_100k,trend,hist_gradient_boosting,test,regularized,730,0.00382603654937886,0.003968419663315637,7.594890891988756,-56.682367661213775,0.15999453072108252
JP-45,incidence_per_100k,trend,hist_gradient_boosting,test,regularized,730,0.006298682827805005,0.006455338529267873,4.144510888322947,-16.176970503427466,0.46018933427879866
JP-46,incidence_per_100k,trend,hist_gradient_boosting,test,regularized,730,0.0030498091089948194,0.00354685197254368,1.4907208453263778,-1.2222486386905906,0.5220160550115783
JP-47,incidence_per_100k,trend,hist_gradient_boosting,test,regularized,730,0.010946108234723612,0.011549038906365728,3.644033241065035,-12.278978261986941,-0.7499492182764477
JP-01,incidence_per_100k,interannual,hist_gradient_boosting,train,shallow,4383,0.00028617380779765366,0.00037942711915668723,1.1004813686421147,-0.21105924272842214,0.21195334712013986
JP-02,incidence_per_100k,interannual,hist_gradient_boosting,train,shallow,4383,0.00393149509348533,0.004736043422085102,0.7957738563456568,0.36674396955676214,0.6420043845391021
JP-03,incidence_per_100k,interannual,hist_gradient_boosting,train,shallow,4383,0.004776655392640222,0.006194281963465874,0.9780984476218765,0.04332342675967549,0.2892594900702525
JP-04,incidence_per_100k,interannual,hist_gradient_boosting,train,shallow,4383,0.0034556847453803222,0.0044245363632792545,0.8792821256028164,0.22686294359539294,0.5056824194084468
JP-05,incidence_per_100k,interannual,hist_gradient_boosting,train,shallow,4383,0.0044302322419955435,0.005174931114702882,0.6596384413546086,0.5648771266872628,0.805195408127431
JP-06,incidence_per_100k,interannual,hist_gradient_boosting,train,shallow,4383,0.005937083035599528,0.007053239914732707,0.9403557210898384,0.11573111781361012,0.49938248705713784
JP-07,incidence_per_100k,interannual,hist_gradient_boosting,train,shallow,4383,0.005854874871469082,0.007057500411146281,0.6568177483458341,0.5685904454579086,0.7855053039986855
JP-08,incidence_per_100k,interannual,hist_gradient_boosting,train,shallow,4383,0.0016822468132048445,0.002005232578176441,0.7822346543251693,0.38810894557278286,0.6640894892696093
JP-09,incidence_per_100k,interannual,hist_gradient_boosting,train,shallow,4383,0.0022197336311823414,0.002877425115581833,0.7190933980356293,0.482904684901572,0.7360730873828776
JP-10,incidence_per_100k,interannual,hist_gradient_boosting,train,shallow,4383,0.0021033065296195345,0.0030346921214943596,0.8121296207213395,0.3404454791470133,0.6707849325449126
JP-11,incidence_per_100k,interannual,hist_gradient_boosting,train,shallow,4383,0.0018059894781565942,0.0022113959225572755,0.7731348119228766,0.4022625625929781,0.6707500282101825
JP-13,incidence_per_100k,interannual,hist_gradient_boosting,train,shallow,4383,0.008324371081879233,0.010136804290576769,0.5592270223924493,0.6872651374260751,0.8657768496105178
JP-14,incidence_per_100k,interannual,hist_gradient_boosting,train,shallow,4383,0.0014946425715838926,0.00223544397358817,0.6769123575639331,0.5417896601772378,0.7884704053067806
JP-15,incidence_per_100k,interannual,hist_gradient_boosting,train,shallow,4383,0.003180802256747191,0.004125726493767638,0.7045834145615325,0.5035622119248118,0.7722674998423967
JP-18,incidence_per_100k,interannual,hist_gradient_boosting,train,shallow,4383,0.0006163993453709363,0.0007723300043321146,0.8895041898593834,0.20878229622260214,0.5264349222387724
JP-19,incidence_per_100k,interannual,hist_gradient_boosting,train,shallow,4383,0.0002775310939430493,0.00036381983069097026,1.1345838905577594,-0.2872806047131813,0.07862986005483609
JP-20,incidence_per_100k,interannual,hist_gradient_boosting,train,shallow,4383,0.002208997274815953,0.0027486726747070773,0.8234524816398363,0.32192601048119507,0.5888814729297414
JP-22,incidence_per_100k,interannual,hist_gradient_boosting,train,shallow,4383,0.0019905652577591037,0.0022539064791692446,0.8862679620968822,0.21452909936063946,0.5294072171692394
JP-23,incidence_per_100k,interannual,hist_gradient_boosting,train,shallow,4383,0.0029343086059200195,0.0038528507331691995,0.6704632631385213,0.5504790127816459,0.7907792248685023
JP-24,incidence_per_100k,interannual,hist_gradient_boosting,train,shallow,4383,0.002310063914057445,0.002815357622815215,0.9394520917846437,0.1174297672414576,0.3729804720691326
JP-26,incidence_per_100k,interannual,hist_gradient_boosting,train,shallow,4383,0.003875901430844601,0.004672435715303483,0.7881074460348269,0.3788866535044625,0.6659666666774572
JP-27,incidence_per_100k,interannual,hist_gradient_boosting,train,shallow,4383,0.0014868779037244615,0.0019691254572592088,0.9088670773558174,0.1739606356986948,0.4496442054555169
JP-28,incidence_per_100k,interannual,hist_gradient_boosting,train,shallow,4383,0.0038277476916458338,0.0046398391108263964,0.8462637528319206,0.2838376606428341,0.6237912879062455
JP-30,incidence_per_100k,interannual,hist_gradient_boosting,train,shallow,4383,0.0029866694831017612,0.0036822357348667697,0.7928318710618082,0.37141762422863234,0.6877880917143262
JP-31,incidence_per_100k,interannual,hist_gradient_boosting,train,shallow,4383,0.008135426189088149,0.010214823593917842,0.5398593397746989,0.7085518932580263,0.8718607002758979
JP-32,incidence_per_100k,interannual,hist_gradient_boosting,train,shallow,4383,0.004578111940354991,0.00586430314717313,0.6587652854063429,0.5660282987434995,0.7790333115619461
JP-33,incidence_per_100k,interannual,hist_gradient_boosting,train,shallow,4383,0.0006348751463321961,0.0011137691729949134,0.9743482755867305,0.05064543786116449,0.22947736466376473
JP-34,incidence_per_100k,interannual,hist_gradient_boosting,train,shallow,4383,0.0028181585005534627,0.0036850334130017113,0.6351307928547307,0.5966088759677212,0.8544391805750201
JP-35,incidence_per_100k,interannual,hist_gradient_boosting,train,shallow,4383,0.0006903364913830954,0.0008803276106142801,0.974617517790508,0.05012069401586894,0.22908193532677953
JP-36,incidence_per_100k,interannual,hist_gradient_boosting,train,shallow,4383,0.002319949901477082,0.0028348081271495386,0.9521297062107001,0.09344902255112553,0.3487484362336232
JP-37,incidence_per_100k,interannual,hist_gradient_boosting,train,shallow,4383,0.003828247507487824,0.0058879876870335645,0.7649325633119265,0.41487817358504575,0.6937264248120807
JP-38,incidence_per_100k,interannual,hist_gradient_boosting,train,shallow,4383,0.00506608563785478,0.006078813429550943,0.7976639769372019,0.363732179896727,0.7076474987829061
JP-39,incidence_per_100k,interannual,hist_gradient_boosting,train,shallow,4383,0.0015255182347105162,0.0018827275987265202,0.9238730810340479,0.14645853014065568,0.45326326104620623
JP-40,incidence_per_100k,interannual,hist_gradient_boosting,train,shallow,4383,0.002878647879329707,0.003657044425296728,0.87142465338006,0.2406190734814423,0.6269168260485118
JP-41,incidence_per_100k,interannual,hist_gradient_boosting,train,shallow,4383,0.0064805567421496605,0.007588805570238005,0.718149761142603,0.4842609205708224,0.7753393327941384
JP-42,incidence_per_100k,interannual,hist_gradient_boosting,train,shallow,4383,0.0055999266182887334,0.006817171598967236,0.9459247512876687,0.10522636490136195,0.4586712409756103
JP-43,incidence_per_100k,interannual,hist_gradient_boosting,train,shallow,4383,0.004652013298197309,0.005884176106237297,0.8454688546868238,0.2851824157545505,0.6234224652670736
JP-44,incidence_per_100k,interannual,hist_gradient_boosting,train,shallow,4383,0.0033043373000188584,0.004190543560643112,0.7658492630963011,0.4134749062148527,0.7540256332878952
JP-45,incidence_per_100k,interannual,hist_gradient_boosting,train,shallow,4383,0.0012768846199741801,0.001612107372329797,0.9357043504491621,0.1244573685505117,0.4119452143289878
JP-46,incidence_per_100k,interannual,hist_gradient_boosting,train,shallow,4383,0.0007406001651221781,0.0009021195687958323,1.0126627553951957,-0.02548585616458965,0.15045237059487346
JP-47,incidence_per_100k,interannual,hist_gradient_boosting,train,shallow,4383,0.0008291401883775175,0.0015869346263981024,1.372224058120875,-0.8829988656857222,0.21589228675367647
JP-01,incidence_per_100k,interannual,hist_gradient_boosting,validation,shallow,365,0.0003281197615518748,0.0004308039104123011,1.5633887656653962,-1.444184432608771,-0.14773436723515668
JP-02,incidence_per_100k,interannual,hist_gradient_boosting,validation,shallow,365,0.00259786164229148,0.0032477078952122124,0.9067677505558616,0.17777224655186286,0.5017053964639472
JP-03,incidence_per_100k,interannual,hist_gradient_boosting,validation,shallow,365,0.006826357041717869,0.00767768373867002,2.0506072384429714,-3.2049900463547107,0.17540062017228283
JP-04,incidence_per_100k,interannual,hist_gradient_boosting,validation,shallow,365,0.0021203501452066865,0.002690791716973799,0.9526466484386388,0.0924643632186285,0.5747607995364299
JP-05,incidence_per_100k,interannual,hist_gradient_boosting,validation,shallow,365,0.00865446052504215,0.009929591018631683,1.1168391173235408,-0.24732961398402553,-0.3533242632573278
JP-06,incidence_per_100k,interannual,hist_gradient_boosting,validation,shallow,365,0.014190944068825082,0.015605764982866362,0.9790773358702856,0.04140757038514409,0.7155577061970869
JP-07,incidence_per_100k,interannual,hist_gradient_boosting,validation,shallow,365,0.004728513035385976,0.006868366228754194,1.8229021304573707,-2.3229721772260206,0.8663479633593101
JP-08,incidence_per_100k,interannual,hist_gradient_boosting,validation,shallow,365,0.001516378387842132,0.001811197755892145,0.9673239678445302,0.06428434123351434,0.2559545023748341
JP-09,incidence_per_100k,interannual,hist_gradient_boosting,validation,shallow,365,0.002561582729345247,0.0036895779200680247,4.740196863534067,-21.469466305058216,0.5434765153683777
JP-10,incidence_per_100k,interannual,hist_gradient_boosting,validation,shallow,365,0.0008228697185423155,0.0010293093180492013,1.3303821696589186,-0.7699167173463719,0.236333535475899
JP-11,incidence_per_100k,interannual,hist_gradient_boosting,validation,shallow,365,0.0044739510031120925,0.0051997842271125135,1.8666442557789087,-2.484360777632395,-0.006649071162183225
JP-13,incidence_per_100k,interannual,hist_gradient_boosting,validation,shallow,365,0.010283764105151272,0.011176086264894691,4.350525976912895,-17.927076275793894,0.46433951890849623
JP-14,incidence_per_100k,interannual,hist_gradient_boosting,validation,shallow,365,0.0009505574324175293,0.0011216786738265788,2.7049753959118807,-6.316891892488638,-0.21705191995012896
JP-15,incidence_per_100k,interannual,hist_gradient_boosting,validation,shallow,365,0.008572219784749905,0.00945405484571536,0.9434977645187915,0.10981196834804297,0.6793413743427831
JP-18,incidence_per_100k,interannual,hist_gradient_boosting,validation,shallow,365,0.001129895795420045,0.0012416095230518428,0.9732498441328001,0.05278474089548035,0.740545589143134
JP-19,incidence_per_100k,interannual,hist_gradient_boosting,validation,shallow,365,0.0004445075407599246,0.0005328877269681796,1.4683597462006714,-1.1560803442625,0.14748144545664882
JP-20,incidence_per_100k,interannual,hist_gradient_boosting,validation,shallow,365,0.006181711317600222,0.006530315640264433,4.621436094907835,-20.35767157931697,-0.49169217709168134
JP-22,incidence_per_100k,interannual,hist_gradient_boosting,validation,shallow,365,0.0018485397962187957,0.0020930946621189515,2.9225020997139355,-7.541018522832363,-0.7288389721449047
JP-23,incidence_per_100k,interannual,hist_gradient_boosting,validation,shallow,365,0.005173928636201927,0.006410412516514329,3.345536661326842,-10.192615552281952,0.7524270650114553
JP-24,incidence_per_100k,interannual,hist_gradient_boosting,validation,shallow,365,0.0008655746441766257,0.0011020915191213686,0.986341030346744,0.02713137185452341,0.17468117415244702
JP-26,incidence_per_100k,interannual,hist_gradient_boosting,validation,shallow,365,0.0030096465999976236,0.003890589210052246,3.0669127053151706,-8.405953542023617,-0.4747427623795418
JP-27,incidence_per_100k,interannual,hist_gradient_boosting,validation,shallow,365,0.002322222794564787,0.0030705442729537127,1.3355338560551566,-0.7836506806695558,0.557350660010631
JP-28,incidence_per_100k,interannual,hist_gradient_boosting,validation,shallow,365,0.0038484140714395904,0.004301812881522399,1.0347191588669773,-0.07064373772638488,0.5158024900242165
JP-30,incidence_per_100k,interannual,hist_gradient_boosting,validation,shallow,365,0.0025869660883017977,0.003104671411548114,0.7922065249958921,0.3724088217539332,0.754468229604019
JP-31,incidence_per_100k,interannual,hist_gradient_boosting,validation,shallow,365,0.0391641757698464,0.040743229376929466,7.562411230258443,-56.19006361553902,0.34206595300967707
JP-32,incidence_per_100k,interannual,hist_gradient_boosting,validation,shallow,365,0.002437975378039538,0.0029012749874407504,1.256572997456292,-0.5789756979362903,-0.41672599775369273
JP-33,incidence_per_100k,interannual,hist_gradient_boosting,validation,shallow,365,0.000567463653880397,0.0006962315910881906,1.105755019995052,-0.2226941642442577,0.003565185479540367
JP-34,incidence_per_100k,interannual,hist_gradient_boosting,validation,shallow,365,0.003258252977936807,0.003567908909446143,1.9069261615419408,-2.6363673855730805,-0.6442697265447618
JP-35,incidence_per_100k,interannual,hist_gradient_boosting,validation,shallow,365,0.0009028138624610101,0.0011180951353500436,1.2132331452345517,-0.47193466469572276,-0.04381078155870984
JP-36,incidence_per_100k,interannual,hist_gradient_boosting,validation,shallow,365,0.0025587940650041133,0.003130570914273636,1.0082707233354204,-0.016609851535331677,0.5075269101909139
JP-37,incidence_per_100k,interannual,hist_gradient_boosting,validation,shallow,365,0.014715849446980345,0.016173222191425494,0.8838857632571897,0.21874595751125525,0.9565071068767149
JP-38,incidence_per_100k,interannual,hist_gradient_boosting,validation,shallow,365,0.004977960265207511,0.005981228237806771,1.4244160122901786,-1.0289609760686544,0.41030723820112774
JP-39,incidence_per_100k,interannual,hist_gradient_boosting,validation,shallow,365,0.002417707833997175,0.0026870631974050324,2.129181968865198,-3.533415856540681,0.2719264682634073
JP-40,incidence_per_100k,interannual,hist_gradient_boosting,validation,shallow,365,0.001934479137185486,0.0023240647048618753,1.5919678531101058,-1.5343616453360003,0.3733418749261221
JP-41,incidence_per_100k,interannual,hist_gradient_boosting,validation,shallow,365,0.00959398214465462,0.011153569031462465,1.3164992772222446,-0.7331703469266924,-0.16789309019220675
JP-42,incidence_per_100k,interannual,hist_gradient_boosting,validation,shallow,365,0.015567398220415531,0.01587968069164061,6.135777963214344,-36.64777121386676,-0.6733746047696949
JP-43,incidence_per_100k,interannual,hist_gradient_boosting,validation,shallow,365,0.0016973698380748168,0.0020925299664784065,3.6401513796918135,-12.250702067072215,0.0033640364655943833
JP-44,incidence_per_100k,interannual,hist_gradient_boosting,validation,shallow,365,0.002025758888538692,0.0021691257644882176,5.680548716404123,-31.268633719440523,0.05678170232019991
JP-45,incidence_per_100k,interannual,hist_gradient_boosting,validation,shallow,365,0.0018826508892903166,0.002139688304471695,2.1225037516877245,-3.505022175928465,-0.5081885668452704
JP-46,incidence_per_100k,interannual,hist_gradient_boosting,validation,shallow,365,0.0006588271114654231,0.0008147581647901133,0.9927140644943464,0.014518786155114372,0.15543130763051952
JP-47,incidence_per_100k,interannual,hist_gradient_boosting,validation,shallow,365,0.0006862753360836621,0.000838963132799991,1.1242789010694008,-0.26400304738981917,0.32378267758781876
JP-01,incidence_per_100k,interannual,hist_gradient_boosting,test,shallow,730,0.0006448422393871855,0.0008534789835484277,1.8323484612876673,-2.3575008835832807,-0.02995166061736622
JP-02,incidence_per_100k,interannual,hist_gradient_boosting,test,shallow,730,0.004328519229948654,0.005127481349541421,1.4263018633937066,-1.0343370055203596,-0.0706888504945808
JP-03,incidence_per_100k,interannual,hist_gradient_boosting,test,shallow,730,0.012004931544202542,0.013833344058030533,1.53900302434509,-1.3685303089433334,0.008666619427457407
JP-04,incidence_per_100k,interannual,hist_gradient_boosting,test,shallow,730,0.008474237698589692,0.012277759189161682,1.0035797372350101,-0.007172288988691822,0.0912876040321496
JP-05,incidence_per_100k,interannual,hist_gradient_boosting,test,shallow,730,0.010484450801951477,0.012463713409763802,1.353120441850606,-0.8309349301539786,0.32315741586906077
JP-06,incidence_per_100k,interannual,hist_gradient_boosting,test,shallow,730,0.007759039865472963,0.008670794687536737,0.9804791291708215,0.038660677260427656,0.20132485202745443
JP-07,incidence_per_100k,interannual,hist_gradient_boosting,test,shallow,730,0.01422285352866877,0.016276886075731883,1.4474387889401568,-1.095079047728547,0.005689356494284886
JP-08,incidence_per_100k,interannual,hist_gradient_boosting,test,shallow,730,0.006106615606062065,0.006715141187214197,2.850207984710333,-7.123685556106537,-0.130065765068865
JP-09,incidence_per_100k,interannual,hist_gradient_boosting,test,shallow,730,0.002642121759425808,0.003026367531495371,5.499140984058247,-29.240551562549115,-0.01971276072082052
JP-10,incidence_per_100k,interannual,hist_gradient_boosting,test,shallow,730,0.002126703129441771,0.0031860062012471382,2.3071046243949023,-4.322731747904343,0.3686032722186841
JP-11,incidence_per_100k,interannual,hist_gradient_boosting,test,shallow,730,0.002537020758084567,0.0033074650420390245,1.2154084573965958,-0.47721771831117255,-0.47975454020079095
JP-13,incidence_per_100k,interannual,hist_gradient_boosting,test,shallow,730,0.012697275699668699,0.016820137990376703,1.3862965692887725,-0.9218181780218202,-0.04948439007814221
JP-14,incidence_per_100k,interannual,hist_gradient_boosting,test,shallow,730,0.0015167275649043165,0.0022434908845875754,3.620229137695328,-12.106059009418257,-0.3134050515019111
JP-15,incidence_per_100k,interannual,hist_gradient_boosting,test,shallow,730,0.004851938259318125,0.006341674049996728,0.9377515612168036,0.12062200943544754,0.42816995148376147
JP-18,incidence_per_100k,interannual,hist_gradient_boosting,test,shallow,730,0.0016304443547112161,0.001972083004818149,1.5639622571218736,-1.4459779417017464,-0.2621445025519545
JP-19,incidence_per_100k,interannual,hist_gradient_boosting,test,shallow,730,0.00046783090515220446,0.0006086486912504103,1.1143202505935315,-0.24170962088283066,-0.058929349013576174
JP-20,incidence_per_100k,interannual,hist_gradient_boosting,test,shallow,730,0.00446497794090051,0.00552565949042479,1.551781465809405,-1.408025717629585,0.09120665247152988
JP-22,incidence_per_100k,interannual,hist_gradient_boosting,test,shallow,730,0.002608729721047776,0.0030481590693140544,0.9095662670921669,0.17268920576802071,0.6032460942543084
JP-23,incidence_per_100k,interannual,hist_gradient_boosting,test,shallow,730,0.00373632184888792,0.004227357223944548,1.8203528087762677,-2.3136843484196468,-0.2191849629960905
JP-24,incidence_per_100k,interannual,hist_gradient_boosting,test,shallow,730,0.005185439252071254,0.006844663653197351,1.0259424101560608,-0.05255782895682648,0.43084271967313087
JP-26,incidence_per_100k,interannual,hist_gradient_boosting,test,shallow,730,0.005394363747849364,0.006971309963561705,1.1834934084535043,-0.40065664785289257,0.02967449086952073
JP-27,incidence_per_100k,interannual,hist_gradient_boosting,test,shallow,730,0.005629574752415609,0.006799344056301068,1.0104622971758574,-0.021034054013910675,0.15439890148867905
JP-28,incidence_per_100k,interannual,hist_gradient_boosting,test,shallow,730,0.005387485299567721,0.005975580794296049,1.171245604789872,-0.37181626673959345,-0.23483219683535142
JP-30,incidence_per_100k,interannual,hist_gradient_boosting,test,shallow,730,0.009595793323541138,0.01001971855977448,4.211785096212389,-16.739133696676806,0.0003691765184701991
JP-31,incidence_per_100k,interannual,hist_gradient_boosting,test,shallow,730,0.025090917366227178,0.028277339187463717,2.8924638257179374,-7.3663469830868475,-0.04253080499861114
JP-32,incidence_per_100k,interannual,hist_gradient_boosting,test,shallow,730,0.004112089167922015,0.005055931251506058,1.0942698233287595,-0.19742644624795447,0.05106222048460253
JP-33,incidence_per_100k,interannual,hist_gradient_boosting,test,shallow,730,0.0014891390923535432,0.0019530132780422275,1.3960077701209812,-0.9488376942381536,0.009988496500697549
JP-34,incidence_per_100k,interannual,hist_gradient_boosting,test,shallow,730,0.004097608578609358,0.004856934752611402,1.5600434596003607,-1.433735595841863,0.3664254287047535
JP-35,incidence_per_100k,interannual,hist_gradient_boosting,test,shallow,730,0.0012292623087206014,0.0016663317622590498,0.9849546912913348,0.02986425610319121,0.17373221980089584
JP-36,incidence_per_100k,interannual,hist_gradient_boosting,test,shallow,730,0.0035993620166666937,0.004298464848957908,1.4511014286833497,-1.1056953563268586,0.27860355967100714
JP-37,incidence_per_100k,interannual,hist_gradient_boosting,test,shallow,730,0.008881561712720526,0.011644373962998649,1.6835087981971635,-1.8342018736072578,0.3878312706890938
JP-38,incidence_per_100k,interannual,hist_gradient_boosting,test,shallow,730,0.00826509009147173,0.00910107506279586,0.9614351015085482,0.0756425455872477,0.6711070166348359
JP-39,incidence_per_100k,interannual,hist_gradient_boosting,test,shallow,730,0.0019121533169539613,0.0023332658586336366,1.2768527015240445,-0.6303528213892506,0.36901041570157306
JP-40,incidence_per_100k,interannual,hist_gradient_boosting,test,shallow,730,0.00548848304790803,0.006139143741583616,0.9747910689372253,0.04978237192022161,0.4490437099802905
JP-41,incidence_per_100k,interannual,hist_gradient_boosting,test,shallow,730,0.006229647783242327,0.007463095334528134,1.637780462224596,-1.6823248424446113,0.30271476749102855
JP-42,incidence_per_100k,interannual,hist_gradient_boosting,test,shallow,730,0.010119265324152202,0.011994083099667855,1.5006872539824676,-1.252062234265439,-0.11612683635345929
JP-43,incidence_per_100k,interannual,hist_gradient_boosting,test,shallow,730,0.0017831196924440143,0.002147404866007369,2.216144632933263,-3.911297034078906,0.10627182159651219
JP-44,incidence_per_100k,interannual,hist_gradient_boosting,test,shallow,730,0.004237911836726,0.0047187386298649546,3.5035172173100815,-11.27463289198818,0.4396736714181836
JP-45,incidence_per_100k,interannual,hist_gradient_boosting,test,shallow,730,0.0018872386393304682,0.0022971640614653037,1.1755326007326892,-0.3818768953853604,-0.45222334882675297
JP-46,incidence_per_100k,interannual,hist_gradient_boosting,test,shallow,730,0.0009559766813696472,0.0012159599281825742,0.9949244768356706,0.010125285393267403,0.13729581359101298
JP-47,incidence_per_100k,interannual,hist_gradient_boosting,test,shallow,730,0.0011359381430737217,0.0014391333384650695,1.7887551867662035,-2.1996451181829952,0.09307626890218919
JP-01,incidence_per_100k,annual,hist_gradient_boosting,train,medium,4353,0.0027872249375234686,0.0034985812405545808,0.1368730110844156,0.9812657788366854,0.9906211368957464
JP-02,incidence_per_100k,annual,hist_gradient_boosting,train,medium,4357,0.003513339445283004,0.004555688290543986,0.13203199921983888,0.9825675511820124,0.9912527147202104
JP-03,incidence_per_100k,annual,hist_gradient_boosting,train,medium,4375,0.0036386237626813973,0.0046815755204846895,0.09951945954693565,0.9900958771714858,0.9950455525621995
JP-04,incidence_per_100k,annual,hist_gradient_boosting,train,medium,4373,0.0037573539442878057,0.004837512399678292,0.12625921385654404,0.9840586109163275,0.9920012705374972
JP-05,incidence_per_100k,annual,hist_gradient_boosting,train,medium,4357,0.0027824240308489904,0.0036857741752365013,0.0932679908897695,0.9913010818753859,0.9956433685915446
JP-06,incidence_per_100k,annual,hist_gradient_boosting,train,medium,4383,0.0030626753283785465,0.0038800291054447707,0.0898236380716085,0.9919317140435807,0.9959616821840043
JP-07,incidence_per_100k,annual,hist_gradient_boosting,train,medium,4353,0.0032496851991487665,0.004066347646435807,0.07657260059079918,0.994136636838762,0.9970661368945447
JP-08,incidence_per_100k,annual,hist_gradient_boosting,train,medium,4353,0.003384140824097173,0.004213134468263718,0.10191501325962497,0.9896133300722905,0.9948459521005915
JP-09,incidence_per_100k,annual,hist_gradient_boosting,train,medium,4353,0.002971713011261156,0.00401732234029049,0.08789955196389797,0.992273668764546,0.9961755765489907
JP-10,incidence_per_100k,annual,hist_gradient_boosting,train,medium,4353,0.004393721961896903,0.005462386456133732,0.1409380528405655,0.98013646526151,0.990135945450287
JP-11,incidence_per_100k,annual,hist_gradient_boosting,train,medium,4353,0.0028814932647991402,0.0037150265227139895,0.10496852147079389,0.9889816095002355,0.9945511077591445
JP-13,incidence_per_100k,annual,hist_gradient_boosting,train,medium,4361,0.004001367674124978,0.004696194819991926,0.14296321736555087,0.9795615184804902,0.9897569873806953
JP-14,incidence_per_100k,annual,hist_gradient_boosting,train,medium,4353,0.003007794419165946,0.0036774685699615937,0.11844994473262964,0.9859696105928369,0.9929957385509447
JP-15,incidence_per_100k,annual,hist_gradient_boosting,train,medium,4353,0.0029203911066680538,0.003857857393637562,0.114423796538836,0.986907194785639,0.9934401865515833
JP-16,incidence_per_100k,annual,hist_gradient_boosting,train,medium,4353,0.0013612067509343382,0.0017776398064359216,0.06631426028923214,0.995602418882292,0.9978019172441374
JP-17,incidence_per_100k,annual,hist_gradient_boosting,train,medium,4378,0.002822458702008863,0.003429737173207925,0.12372959395874912,0.984690987578803,0.9923682826500222
JP-18,incidence_per_100k,annual,hist_gradient_boosting,train,medium,4364,0.001386242414434434,0.001808437947632677,0.06384610328395775,0.9959236750954542,0.9979655311506695
JP-19,incidence_per_100k,annual,hist_gradient_boosting,train,medium,4380,0.00520378701718851,0.006498469003125823,0.1354851583847111,0.9816437718574698,0.9909563728409951
JP-20,incidence_per_100k,annual,hist_gradient_boosting,train,medium,4377,0.0026827857334333774,0.0033648313065181277,0.09796696152566457,0.990402474449429,0.9953170013218399
JP-21,incidence_per_100k,annual,hist_gradient_boosting,train,medium,4353,0.0026218655567599347,0.003255913722942973,0.06854182575944041,0.9953020181215625,0.9976776661281023
JP-22,incidence_per_100k,annual,hist_gradient_boosting,train,medium,4353,0.0027342177790473194,0.0034345176250494196,0.09434325481641527,0.9910993502706449,0.9955678459493074
JP-23,incidence_per_100k,annual,hist_gradient_boosting,train,medium,4370,0.0020610800342127553,0.002665766266380695,0.07814517084151687,0.9938933322741501,0.9969433423742097
JP-24,incidence_per_100k,annual,hist_gradient_boosting,train,medium,4380,0.0027004429004983364,0.003556922420080676,0.0816648815533361,0.9933308471208796,0.9966627845770085
JP-25,incidence_per_100k,annual,hist_gradient_boosting,train,medium,4370,0.0025512301345404793,0.0033348137953147583,0.10285694379765987,0.9894204491126051,0.9947035000626189
JP-26,incidence_per_100k,annual,hist_gradient_boosting,train,medium,4362,0.0022094366463193842,0.0029418472582978567,0.07376613115486677,0.994558557894443,0.9972761583539759
JP-27,incidence_per_100k,annual,hist_gradient_boosting,train,medium,4353,0.002576157865826116,0.0035342216948589726,0.10661841989386717,0.988632512539335,0.9943074418516459
JP-28,incidence_per_100k,annual,hist_gradient_boosting,train,medium,4367,0.002616751127891357,0.0034363890804405745,0.1028573505667182,0.9894203654343953,0.9947015171150932
JP-29,incidence_per_100k,annual,hist_gradient_boosting,train,medium,4375,0.0036207452184580323,0.0045960493279386064,0.11363846770036347,0.9870862986587134,0.9935240896256554
JP-30,incidence_per_100k,annual,hist_gradient_boosting,train,medium,4374,0.0031230278457134867,0.004080496798459135,0.11321332858303437,0.9871827422311499,0.9935757096587902
JP-31,incidence_per_100k,annual,hist_gradient_boosting,train,medium,4365,0.00471686758393656,0.0057435557372487855,0.11246041619826537,0.987352654788513,0.9936585994603769
JP-32,incidence_per_100k,annual,hist_gradient_boosting,train,medium,4367,0.004785012545778963,0.006443145706416856,0.13157238772406266,0.9826887067885889,0.9913278036212643
JP-33,incidence_per_100k,annual,hist_gradient_boosting,train,medium,4353,0.001619757151726915,0.002045650672861055,0.06229621350458852,0.9961191817829907,0.998065986847508
JP-34,incidence_per_100k,annual,hist_gradient_boosting,train,medium,4376,0.0017073967109146725,0.002199958508349609,0.07717156170984647,0.9940445500632633,0.9970234244264959
JP-35,incidence_per_100k,annual,hist_gradient_boosting,train,medium,4362,0.002631594559199314,0.0034186722271001184,0.09157824246728531,0.9916134255066031,0.9957981893141676
JP-36,incidence_per_100k,annual,hist_gradient_boosting,train,medium,4368,0.0028477888460037184,0.0035828043330629372,0.14044392657911078,0.9802755034870413,0.9901073698712062
JP-37,incidence_per_100k,annual,hist_gradient_boosting,train,medium,4353,0.004778534699916907,0.00592609136798937,0.1334437425226354,0.9821927675815526,0.9911115634174401
JP-38,incidence_per_100k,annual,hist_gradient_boosting,train,medium,4367,0.0023483258890154364,0.003162245458204286,0.06805869205462303,0.995368014435814,0.9977093884999104
JP-39,incidence_per_100k,annual,hist_gradient_boosting,train,medium,4367,0.004171308443521486,0.005158958645892554,0.14411308529270406,0.9792314186474178,0.9895669281867614
JP-40,incidence_per_100k,annual,hist_gradient_boosting,train,medium,4362,0.0012367074026211722,0.0016107880498440021,0.08048968138125584,0.9935214111911439,0.99676260328534
JP-41,incidence_per_100k,annual,hist_gradient_boosting,train,medium,4366,0.0018556867283787398,0.0023845584796495156,0.07963111469423849,0.993658885572553,0.9968251788471842
JP-42,incidence_per_100k,annual,hist_gradient_boosting,train,medium,4358,0.002448359274157236,0.0031237762636063494,0.09351481203591788,0.991254979929887,0.9956511171336652
JP-43,incidence_per_100k,annual,hist_gradient_boosting,train,medium,4355,0.002820759253229886,0.0035734244914489427,0.08788340436502155,0.9922765072372141,0.9961372081727023
JP-44,incidence_per_100k,annual,hist_gradient_boosting,train,medium,4368,0.003269297208628629,0.00407842930240683,0.13552085485102983,0.9816340979004461,0.9907790881413031
JP-45,incidence_per_100k,annual,hist_gradient_boosting,train,medium,4370,0.002561360378378324,0.003298419561072891,0.11501066556100738,0.9867725468072142,0.9933695204436508
JP-46,incidence_per_100k,annual,hist_gradient_boosting,train,medium,4353,0.0021673171590931273,0.002639842315768548,0.07624997523349761,0.994185941276891,0.99709067825912
JP-47,incidence_per_100k,annual,hist_gradient_boosting,train,medium,4365,0.001571233676138843,0.002032349325010098,0.14059233889755648,0.9802337942433146,0.9903414326371507
JP-01,incidence_per_100k,annual,hist_gradient_boosting,validation,medium,365,0.004393255131060674,0.004893482481131125,0.15643083683886208,0.9755293932858933,0.9948862950403279
JP-02,incidence_per_100k,annual,hist_gradient_boosting,validation,medium,365,0.010913745716918184,0.01259144230912384,0.26070826249816625,0.9320312018651873,0.9962673827156255
JP-03,incidence_per_100k,annual,hist_gradient_boosting,validation,medium,365,0.004863437809364007,0.005381576266608885,0.09627909804629722,0.9907303352793915,0.9991777989522894
JP-04,incidence_per_100k,annual,hist_gradient_boosting,validation,medium,365,0.005339278659050568,0.006002065975390331,0.13238473109904805,0.9824742829718327,0.9991531240882144
JP-05,incidence_per_100k,annual,hist_gradient_boosting,validation,medium,365,0.005333834063554826,0.006295413788233831,0.13052740285001807,0.9829625971052292,0.9978413725939212
JP-06,incidence_per_100k,annual,hist_gradient_boosting,validation,medium,365,0.003588686399975695,0.004527349262337644,0.09585737729117103,0.9908113632188581,0.9986071179966767
JP-07,incidence_per_100k,annual,hist_gradient_boosting,validation,medium,365,0.00798547427841077,0.008670296402294615,0.1468461698569137,0.9784362023983545,0.9960248621943576
JP-08,incidence_per_100k,annual,hist_gradient_boosting,validation,medium,365,0.006071602773513079,0.007294194714328085,0.15242053857523483,0.9767679794204354,0.9964586624290859
JP-09,incidence_per_100k,annual,hist_gradient_boosting,validation,medium,365,0.00885951042084245,0.010547199923926262,0.19328567942468425,0.9626406461293382,0.9972339702716801
JP-10,incidence_per_100k,annual,hist_gradient_boosting,validation,medium,365,0.006066125689857457,0.007061420038301046,0.15081122586404422,0.9772559741533843,0.9970771561624683
JP-11,incidence_per_100k,annual,hist_gradient_boosting,validation,medium,365,0.009092776183288315,0.011083595894085491,0.24436392208340693,0.9402862735840146,0.9930933885826831
JP-13,incidence_per_100k,annual,hist_gradient_boosting,validation,medium,365,0.002993337900819744,0.0036741264068875135,0.10658108138723402,0.9886404730903278,0.9989628299351335
JP-14,incidence_per_100k,annual,hist_gradient_boosting,validation,medium,365,0.006409470339418809,0.007317716440717249,0.20091691561910172,0.9596323930181068,0.998348204607082
JP-15,incidence_per_100k,annual,hist_gradient_boosting,validation,medium,365,0.006504031293160665,0.007193253214318416,0.17061919713947274,0.9708890895674818,0.9994400014350688
JP-16,incidence_per_100k,annual,hist_gradient_boosting,validation,medium,365,0.0019335738956010526,0.002457823578454528,0.08979936478772288,0.9919360740837215,0.9960406236651245
JP-17,incidence_per_100k,annual,hist_gradient_boosting,validation,medium,365,0.005536269150434336,0.006242872777429577,0.21823991622998706,0.9523713389639282,0.9763843079194743
JP-18,incidence_per_100k,annual,hist_gradient_boosting,validation,medium,365,0.005252908057923189,0.005948528042136699,0.17615713695436858,0.9689686631000398,0.9940094307012723
JP-19,incidence_per_100k,annual,hist_gradient_boosting,validation,medium,365,0.010180894523251176,0.011493501234777114,0.2140388827813402,0.9541873566577157,0.9824605750760993
JP-20,incidence_per_100k,annual,hist_gradient_boosting,validation,medium,365,0.00726584691285132,0.008269401553920409,0.19961922542494506,0.960152164840745,0.9953180193923467
JP-21,incidence_per_100k,annual,hist_gradient_boosting,validation,medium,365,0.004179126815006567,0.004788551340884878,0.09349425307367701,0.9912588246421953,0.999484612778974
JP-22,incidence_per_100k,annual,hist_gradient_boosting,validation,medium,365,0.013091961148925864,0.014752098383138824,0.29590873631010073,0.9124380197753592,0.9980285666606888
JP-23,incidence_per_100k,annual,hist_gradient_boosting,validation,medium,365,0.004518723874058906,0.005088951826128518,0.12754501477013522,0.983732269207286,0.9978207925077801
JP-24,incidence_per_100k,annual,hist_gradient_boosting,validation,medium,365,0.007299428588503085,0.008703471790756626,0.15766457855867652,0.975141880667915,0.9977219208973857
JP-25,incidence_per_100k,annual,hist_gradient_boosting,validation,medium,365,0.0049286100160430175,0.005534725667403341,0.1445308768504445,0.9791108256368416,0.9983413919218356
JP-26,incidence_per_100k,annual,hist_gradient_boosting,validation,medium,365,0.006285543031819753,0.007327573381896638,0.15631763202530286,0.975564797918002,0.9970720458872349
JP-27,incidence_per_100k,annual,hist_gradient_boosting,validation,medium,365,0.008244058426551473,0.009597973659927836,0.21916607757336556,0.9519662304411055,0.9977829635545271
JP-28,incidence_per_100k,annual,hist_gradient_boosting,validation,medium,365,0.006701508845816806,0.007772198398892572,0.18776619601892638,0.9647438556325821,0.9965499271797328
JP-29,incidence_per_100k,annual,hist_gradient_boosting,validation,medium,365,0.014941939787881059,0.017173736235054162,0.2934459464084309,0.9138894765364604,0.990728861339268
JP-30,incidence_per_100k,annual,hist_gradient_boosting,validation,medium,365,0.00890788149119743,0.010331148400094298,0.21027116685062536,0.9557860363912765,0.9934544842713933
JP-31,incidence_per_100k,annual,hist_gradient_boosting,validation,medium,365,0.014418261265211752,0.016081369048447876,0.2503458132816323,0.9373269737723581,0.9991240717954057
JP-32,incidence_per_100k,annual,hist_gradient_boosting,validation,medium,365,0.004573596174512243,0.005499886764786871,0.1228562534643893,0.9849063409846938,0.9969772371101754
JP-33,incidence_per_100k,annual,hist_gradient_boosting,validation,medium,365,0.0028912685916357575,0.003262146549821825,0.08912153636050418,0.9920573517567434,0.999617465044018
JP-34,incidence_per_100k,annual,hist_gradient_boosting,validation,medium,365,0.0030809559782424287,0.0034090243054766224,0.1085528564359636,0.988216277359593,0.9965737317817618
JP-35,incidence_per_100k,annual,hist_gradient_boosting,validation,medium,365,0.005769331360018288,0.006597892884385345,0.14058440992040672,0.9802360236873311,0.9983395544850077
JP-36,incidence_per_100k,annual,hist_gradient_boosting,validation,medium,365,0.003926704434427371,0.00467727109493622,0.17652576064572367,0.9688386558284486,0.9852439802735253
JP-37,incidence_per_100k,annual,hist_gradient_boosting,validation,medium,365,0.0051604588399267294,0.005958487111373822,0.12882045181420915,0.983405291194383,0.9947942956193057
JP-38,incidence_per_100k,annual,hist_gradient_boosting,validation,medium,365,0.0051105054780910455,0.005841705571976174,0.11209569814662979,0.9874345544570197,0.9942135750321848
JP-39,incidence_per_100k,annual,hist_gradient_boosting,validation,medium,365,0.0029100521378138877,0.0036834851747996195,0.09843837766323528,0.9903098858030303,0.9968789432742239
JP-40,incidence_per_100k,annual,hist_gradient_boosting,validation,medium,365,0.002730393557381985,0.003149206906252964,0.14277036343703975,0.9796166233240556,0.9965514172558334
JP-41,incidence_per_100k,annual,hist_gradient_boosting,validation,medium,365,0.002223483332496493,0.0024453227406410877,0.07626722855522114,0.9941833098485057,0.9992754206795333
JP-42,incidence_per_100k,annual,hist_gradient_boosting,validation,medium,365,0.005903529273195838,0.006670521275145767,0.15802639168427612,0.9750276595312477,0.9919482984969
JP-43,incidence_per_100k,annual,hist_gradient_boosting,validation,medium,365,0.0012906363469017232,0.0015780327528210996,0.03812569855051754,0.998546431110035,0.9992777182022697
JP-44,incidence_per_100k,annual,hist_gradient_boosting,validation,medium,365,0.007913351683307196,0.008665702472361028,0.223866305907125,0.9498838770794975,0.9979333521145197
JP-45,incidence_per_100k,annual,hist_gradient_boosting,validation,medium,365,0.00569982902475721,0.006441985695618794,0.18279546952822812,0.9665858163199547,0.9875800601044766
JP-46,incidence_per_100k,annual,hist_gradient_boosting,validation,medium,365,0.0037423054025236416,0.0042471016897133555,0.10016914606087172,0.9899661421774357,0.9987901527174136
JP-47,incidence_per_100k,annual,hist_gradient_boosting,validation,medium,365,0.0011076099759296143,0.0014611089799891946,0.10810138783775977,0.9883140899475502,0.9950911976044292
JP-01,incidence_per_100k,annual,hist_gradient_boosting,test,medium,730,0.0062286638356880844,0.007219942303837093,0.21952352060101288,0.9518094239029367,0.9831582245128716
JP-02,incidence_per_100k,annual,hist_gradient_boosting,test,medium,730,0.012591142462634515,0.0145844142062882,0.2787708784113049,0.9222867973497895,0.9925845291146989
JP-03,incidence_per_100k,annual,hist_gradient_boosting,test,medium,730,0.0036426835274399943,0.004494577463511958,0.08604832079452868,0.9925956864884419,0.9966387906180127
JP-04,incidence_per_100k,annual,hist_gradient_boosting,test,medium,730,0.0076106072428941554,0.008972329611759993,0.19518754721480855,0.9619018214122669,0.9887338160003653
JP-05,incidence_per_100k,annual,hist_gradient_boosting,test,medium,730,0.007369464305345973,0.00883801945271433,0.17539533215652775,0.9692364774577014,0.9935978542289209
JP-06,incidence_per_100k,annual,hist_gradient_boosting,test,medium,730,0.008014713675651278,0.009852167207462884,0.186332044412068,0.9652803692252191,0.9947147995436183
JP-07,incidence_per_100k,annual,hist_gradient_boosting,test,medium,730,0.006464029178655959,0.007403288651398352,0.12675419504242041,0.983933374039148,0.9969298118252604
JP-08,incidence_per_100k,annual,hist_gradient_boosting,test,medium,730,0.008464927551802965,0.009596554030393233,0.19037606074330019,0.9637569554958633,0.9917748478516102
JP-09,incidence_per_100k,annual,hist_gradient_boosting,test,medium,730,0.010221798496855304,0.01187545932637001,0.20809151563513095,0.9566979211206741,0.9966061444574735
JP-10,incidence_per_100k,annual,hist_gradient_boosting,test,medium,730,0.008004805278403965,0.01032189720236802,0.21332771047291688,0.9544912879443833,0.9914312270023052
JP-11,incidence_per_100k,annual,hist_gradient_boosting,test,medium,730,0.01222213560983341,0.014823828397628185,0.30275089195038907,0.9083418974232438,0.9908487411507886
JP-13,incidence_per_100k,annual,hist_gradient_boosting,test,medium,730,0.005809957520131111,0.006947220265552523,0.18481036113903848,0.9658451304156581,0.9964262683461929
JP-14,incidence_per_100k,annual,hist_gradient_boosting,test,medium,730,0.006703416071605412,0.0079357014979959,0.21736729876454727,0.9527514574278041,0.9942993352915119
JP-15,incidence_per_100k,annual,hist_gradient_boosting,test,medium,730,0.0064886046509484985,0.0073345503506290115,0.1704526649621999,0.9709458890072841,0.9966806763409022
JP-16,incidence_per_100k,annual,hist_gradient_boosting,test,medium,730,0.003297391042236394,0.004210448876916096,0.15461895399198375,0.9760929790664248,0.9880004952028805
JP-17,incidence_per_100k,annual,hist_gradient_boosting,test,medium,730,0.006369836809791436,0.007456743420094638,0.2761167712591623,0.9237595286294155,0.9648224642967753
JP-18,incidence_per_100k,annual,hist_gradient_boosting,test,medium,730,0.006162089264509697,0.0069275937125012526,0.19723294703580987,0.9610991646035694,0.9972445626021128
JP-19,incidence_per_100k,annual,hist_gradient_boosting,test,medium,730,0.02033779134894384,0.02350605748025959,0.3572765604659888,0.8723534593415926,0.9819858694801992
JP-20,incidence_per_100k,annual,hist_gradient_boosting,test,medium,730,0.007019871034326939,0.007982432578776287,0.19687729617922406,0.9612393302491581,0.9889340351028725
JP-21,incidence_per_100k,annual,hist_gradient_boosting,test,medium,730,0.00615413301666115,0.007649885533334611,0.15682862846743822,0.9754047812930222,0.9880129282741583
JP-22,incidence_per_100k,annual,hist_gradient_boosting,test,medium,730,0.008064690912062985,0.009728150494516516,0.20923451379442015,0.9562209182372126,0.988487531823154
JP-23,incidence_per_100k,annual,hist_gradient_boosting,test,medium,730,0.00421256453384884,0.004773346374762857,0.12029221516641311,0.9855297829703573,0.9976544131780883
JP-24,incidence_per_100k,annual,hist_gradient_boosting,test,medium,730,0.008500369559480596,0.009938727334050148,0.18305779828475344,0.9664898424871385,0.9889963592915604
JP-25,incidence_per_100k,annual,hist_gradient_boosting,test,medium,730,0.004970950023089387,0.005721052709595883,0.15332244750820923,0.9764922270900924,0.9928441143291182
JP-26,incidence_per_100k,annual,hist_gradient_boosting,test,medium,730,0.007324372433891746,0.008341653799484455,0.1765008420298996,0.9688474527627364,0.9933222525180655
JP-27,incidence_per_100k,annual,hist_gradient_boosting,test,medium,730,0.009518076458430195,0.010795556882453766,0.23940944147760562,0.9426831193313809,0.9981066575968542
JP-28,incidence_per_100k,annual,hist_gradient_boosting,test,medium,730,0.005379659025388085,0.00643588010267714,0.16127585865272656,0.9739900974158258,0.995085303968684
JP-29,incidence_per_100k,annual,hist_gradient_boosting,test,medium,730,0.017304134203601204,0.020583513026313626,0.3243061929933405,0.8948254931861661,0.9920218812433222
JP-30,incidence_per_100k,annual,hist_gradient_boosting,test,medium,730,0.011216693641524252,0.012598617258906998,0.24681318041368003,0.9390832539740842,0.9947680431047385
JP-31,incidence_per_100k,annual,hist_gradient_boosting,test,medium,730,0.017990744340853206,0.020455069176787084,0.31167059690222415,0.9028614390266113,0.9662312223824606
JP-32,incidence_per_100k,annual,hist_gradient_boosting,test,medium,730,0.0035533250221509204,0.0050512612215452045,0.11384483284365238,0.9870393540348008,0.9954232548590226
JP-33,incidence_per_100k,annual,hist_gradient_boosting,test,medium,730,0.0023102387127296323,0.002779114909289531,0.07704679698206936,0.9940637910748038,0.9992240945089031
JP-34,incidence_per_100k,annual,hist_gradient_boosting,test,medium,730,0.00512054554659954,0.005705289561391657,0.1803537470914228,0.9674725259100831,0.9853673557789372
JP-35,incidence_per_100k,annual,hist_gradient_boosting,test,medium,730,0.006543922235622352,0.0074396110294171714,0.15594186936940008,0.9756821333775769,0.9975460240598412
JP-36,incidence_per_100k,annual,hist_gradient_boosting,test,medium,730,0.0095266128320716,0.010540869205956647,0.33226450183991235,0.8896003008170749,0.95196202725247
JP-37,incidence_per_100k,annual,hist_gradient_boosting,test,medium,730,0.008516552909732454,0.010575146639363264,0.24338958558284504,0.940761509629811,0.9778268823771021
JP-38,incidence_per_100k,annual,hist_gradient_boosting,test,medium,730,0.004709526702649741,0.005810508395814026,0.1151127509358898,0.9867490545719718,0.9938636784574808
JP-39,incidence_per_100k,annual,hist_gradient_boosting,test,medium,730,0.009860698008526046,0.01141309851669744,0.2651819106856264,0.9296785542451205,0.9750401469718147
JP-40,incidence_per_100k,annual,hist_gradient_boosting,test,medium,730,0.002476645119423023,0.00286178609146596,0.1298623449204108,0.9831357713717722,0.9954121781831543
JP-41,incidence_per_100k,annual,hist_gradient_boosting,test,medium,730,0.0028135087503526343,0.003211483741966391,0.10128074101736996,0.9897422114989725,0.996456268120085
JP-42,incidence_per_100k,annual,hist_gradient_boosting,test,medium,730,0.007394174826406436,0.008485747456104795,0.195109426667231,0.9619323116255845,0.9927203843035065
JP-43,incidence_per_100k,annual,hist_gradient_boosting,test,medium,730,0.0020590286597887393,0.0027342570017362057,0.07069114357966771,0.9950027622193988,0.9981638733279211
JP-44,incidence_per_100k,annual,hist_gradient_boosting,test,medium,730,0.007219414303735867,0.007976190020468444,0.2036731676535544,0.9585172407779671,0.9980505459230185
JP-45,incidence_per_100k,annual,hist_gradient_boosting,test,medium,730,0.004263433066689543,0.005022817092451767,0.14643197948829637,0.9785576753831391,0.993192618961282
JP-46,incidence_per_100k,annual,hist_gradient_boosting,test,medium,730,0.004582969053480382,0.005200988008013677,0.12341298082463843,0.9847692361639774,0.9983287836379388
JP-47,incidence_per_100k,annual,hist_gradient_boosting,test,medium,730,0.0020124303570790945,0.002426860585050494,0.19846455040440958,0.9606118222327755,0.9880523914251615
JP-01,incidence_per_100k,semiannual,hist_gradient_boosting,train,medium,4353,0.0017314532622258166,0.0021630845704897345,0.32023697364792264,0.8974482807088197,0.9474098199665101
JP-02,incidence_per_100k,semiannual,hist_gradient_boosting,train,medium,4353,0.0021961103908099077,0.002683690551418221,0.3440305240879013,0.881642998495804,0.9389989635326961
JP-03,incidence_per_100k,semiannual,hist_gradient_boosting,train,medium,4353,0.004584474890046855,0.005796853160549769,0.5587584106441141,0.6877890385344636,0.8453513434358577
JP-04,incidence_per_100k,semiannual,hist_gradient_boosting,train,medium,4353,0.0007423771491430002,0.0010516729925642066,0.757124567887107,0.4267623887017614,0.6579142501753104
JP-05,incidence_per_100k,semiannual,hist_gradient_boosting,train,medium,4353,0.0018082022100145171,0.0023527228385063874,0.950074379742058,0.09735867295774381,0.3121538647016419
JP-06,incidence_per_100k,semiannual,hist_gradient_boosting,train,medium,4353,0.001877234009722154,0.0024218327749435282,0.38284312157268446,0.8534311442644826,0.9251188111499911
JP-07,incidence_per_100k,semiannual,hist_gradient_boosting,train,medium,4353,0.004567899449313636,0.005685137195820803,0.4772183978711935,0.7722626007332513,0.8799090916464626
JP-08,incidence_per_100k,semiannual,hist_gradient_boosting,train,medium,4355,0.0028766250814380796,0.0036552440667595456,0.28462770396104764,0.9189870701378623,0.9586801283808141
JP-09,incidence_per_100k,semiannual,hist_gradient_boosting,train,medium,4353,0.0027557278559720818,0.0034515130838414427,0.27042618260153123,0.9268696797635633,0.9634457143528384
JP-10,incidence_per_100k,semiannual,hist_gradient_boosting,train,medium,4353,0.0019712042845905107,0.002457352343051299,0.2002973114712109,0.9598809870174048,0.9799115590248506
JP-11,incidence_per_100k,semiannual,hist_gradient_boosting,train,medium,4353,0.0020259187879267263,0.0025216732024869147,0.41666915995112275,0.8263868111456256,0.9101550772173984
JP-13,incidence_per_100k,semiannual,hist_gradient_boosting,train,medium,4353,0.0032518342883402656,0.004128634206220437,0.4129436323756945,0.8294775564803673,0.91179250146551
JP-14,incidence_per_100k,semiannual,hist_gradient_boosting,train,medium,4353,0.002369509611382076,0.0030125128555266983,0.2606984201357485,0.9320363337387247,0.9656756500916543
JP-15,incidence_per_100k,semiannual,hist_gradient_boosting,train,medium,4353,0.001203766396635512,0.0016310949371520017,0.33252181011483883,0.8894292457979511,0.9435181914196455
JP-16,incidence_per_100k,semiannual,hist_gradient_boosting,train,medium,4353,0.004797059384119627,0.005749316106676032,0.6403505548488639,0.5899511669047521,0.7688693078823993
JP-17,incidence_per_100k,semiannual,hist_gradient_boosting,train,medium,4353,0.00461174426392419,0.00594031129865588,0.7668339105662789,0.41196575360562804,0.7059367968384259
JP-18,incidence_per_100k,semiannual,hist_gradient_boosting,train,medium,4353,0.0018732306178460827,0.0023758182067820295,0.27145290213508977,0.9263133219224373,0.962494060692482
JP-19,incidence_per_100k,semiannual,hist_gradient_boosting,train,medium,4353,0.005842435928549226,0.006932355663977041,0.45260008657470713,0.7951531616325676,0.8942340343431098
JP-20,incidence_per_100k,semiannual,hist_gradient_boosting,train,medium,4353,0.002255890640856407,0.0027117496514665125,0.8480173953256908,0.2808664972250313,0.5337167840666663
JP-21,incidence_per_100k,semiannual,hist_gradient_boosting,train,medium,4353,0.0021615281536752455,0.002790342061716513,0.22951416585304005,0.9473232476727832,0.9736503683478039
JP-22,incidence_per_100k,semiannual,hist_gradient_boosting,train,medium,4353,0.0025680913811235878,0.0032349563871164853,0.26387911011756193,0.9303678152435636,0.9646606484481565
JP-23,incidence_per_100k,semiannual,hist_gradient_boosting,train,medium,4357,0.0025489930919539595,0.0031043650118437985,0.27321917658461475,0.9253512815464251,0.9619731917193008
JP-24,incidence_per_100k,semiannual,hist_gradient_boosting,train,medium,4353,0.0033701756087605584,0.0042138161122400215,0.3004674943586011,0.909719284833864,0.9539428924434578
JP-25,incidence_per_100k,semiannual,hist_gradient_boosting,train,medium,4353,0.0016772839504495083,0.0021700884363168487,0.2648767875300513,0.92984028742776,0.9647058157098191
JP-26,incidence_per_100k,semiannual,hist_gradient_boosting,train,medium,4353,0.0012907968741980417,0.0016312477463930628,0.20757881605444967,0.956911035125433,0.9782548466477383
JP-27,incidence_per_100k,semiannual,hist_gradient_boosting,train,medium,4353,0.0025077301487225908,0.0031828701965914813,0.3192448214536525,0.8980827439750255,0.9481193870991359
JP-28,incidence_per_100k,semiannual,hist_gradient_boosting,train,medium,4353,0.001795444407660608,0.0023158640903477206,0.24892547869372506,0.9380361060570999,0.9685406984207285
JP-29,incidence_per_100k,semiannual,hist_gradient_boosting,train,medium,4353,0.001901275552179443,0.002588245632359367,0.27780320254025714,0.9228253806583768,0.9606766220875602
JP-30,incidence_per_100k,semiannual,hist_gradient_boosting,train,medium,4353,0.0022790427193876547,0.003034197041521502,0.29300281545994805,0.9141493501325436,0.9564808913962773
JP-31,incidence_per_100k,semiannual,hist_gradient_boosting,train,medium,4353,0.0025651953598115787,0.0034371906729132374,0.2643254324447889,0.9301320657628753,0.9645700049211925
JP-32,incidence_per_100k,semiannual,hist_gradient_boosting,train,medium,4353,0.003859158392420322,0.004683912863988105,0.4588168656571677,0.7894870837885325,0.8887164618026905
JP-33,incidence_per_100k,semiannual,hist_gradient_boosting,train,medium,4353,0.003808327485389658,0.004877599275616725,0.5048608982449596,0.7451154734232925,0.8644191953625772
JP-34,incidence_per_100k,semiannual,hist_gradient_boosting,train,medium,4353,0.001836038336650738,0.0023639645178184718,0.33476937251162603,0.8879294672281721,0.9426900167686119
JP-35,incidence_per_100k,semiannual,hist_gradient_boosting,train,medium,4353,0.003133987268034808,0.0037893372804790235,0.36575926757197996,0.8662201581852087,0.9308552463411712
JP-36,incidence_per_100k,semiannual,hist_gradient_boosting,train,medium,4353,0.0013964472785517373,0.001716198016959554,0.6527675077962871,0.5738945807654242,0.7577224337822515
JP-37,incidence_per_100k,semiannual,hist_gradient_boosting,train,medium,4353,0.0016922573715811358,0.0021977254044192327,0.16934794276304008,0.971321274281926,0.985559820793457
JP-38,incidence_per_100k,semiannual,hist_gradient_boosting,train,medium,4353,0.00413621832151458,0.005282581088669153,0.35290668537147746,0.875456871420117,0.936238408918248
JP-39,incidence_per_100k,semiannual,hist_gradient_boosting,train,medium,4353,0.0022082523854582967,0.002775731772935908,0.19731750196604295,0.9610658034178806,0.9803549492878926
JP-40,incidence_per_100k,semiannual,hist_gradient_boosting,train,medium,4353,0.0014564518133457257,0.0018446663851404207,0.3849933737788562,0.8517801021463739,0.9238205000076909
JP-41,incidence_per_100k,semiannual,hist_gradient_boosting,train,medium,4356,0.001597202716458875,0.0022005967259663404,0.23679942346109767,0.9439260330484918,0.9716353865563409
JP-42,incidence_per_100k,semiannual,hist_gradient_boosting,train,medium,4353,0.0017425186690902122,0.002215819466960488,0.3523604889852588,0.8758420858020693,0.9362476414173088
JP-43,incidence_per_100k,semiannual,hist_gradient_boosting,train,medium,4353,0.0028352177205561917,0.003574725932058525,0.37540809750019977,0.8590687603312805,0.9269679965345298
JP-44,incidence_per_100k,semiannual,hist_gradient_boosting,train,medium,4360,0.002271109931436847,0.0028708646787888007,0.3134220370410235,0.9017666266970552,0.9500732970856115
JP-45,incidence_per_100k,semiannual,hist_gradient_boosting,train,medium,4353,0.005387189050157358,0.006785507767139579,0.5473519971085917,0.7004057912612363,0.8407318804156879
JP-46,incidence_per_100k,semiannual,hist_gradient_boosting,train,medium,4354,0.0031303198290708006,0.0039512838994423954,0.3274717786680048,0.8927622341760133,0.9449615825553557
JP-47,incidence_per_100k,semiannual,hist_gradient_boosting,train,medium,4353,0.0035151191808067794,0.00445891362806234,0.4952734151054635,0.7547042442897711,0.8756197680251467
JP-01,incidence_per_100k,semiannual,hist_gradient_boosting,validation,medium,365,0.0036209061122797724,0.004117787630835313,0.43520127685585713,0.8105998486230315,0.9148098936469317
JP-02,incidence_per_100k,semiannual,hist_gradient_boosting,validation,medium,365,0.006856436198454871,0.007469088465305462,0.5570020720395893,0.6897486917436042,0.9180742849665398
JP-03,incidence_per_100k,semiannual,hist_gradient_boosting,validation,medium,365,0.006544952573372243,0.008830010321384814,0.8041215197427893,0.35338858148654695,0.6350703611698735
JP-04,incidence_per_100k,semiannual,hist_gradient_boosting,validation,medium,365,0.001028235919322758,0.0012887791862005449,0.936092064566911,0.12373164665485825,0.5213655701246539
JP-05,incidence_per_100k,semiannual,hist_gradient_boosting,validation,medium,365,0.004369699891011025,0.004957322362876012,0.9145639728077912,0.16357273964202967,0.7812094878899228
JP-06,incidence_per_100k,semiannual,hist_gradient_boosting,validation,medium,365,0.004382704937904834,0.004988773075503384,0.5087233163623982,0.7412005873892433,0.9753762695660328
JP-07,incidence_per_100k,semiannual,hist_gradient_boosting,validation,medium,365,0.005439027160161039,0.00625479305631803,0.49952022085233855,0.750479548959631,0.876965330526073
JP-08,incidence_per_100k,semiannual,hist_gradient_boosting,validation,medium,365,0.005265824066992772,0.0060427254421221415,0.3568088806593614,0.8726874226826136,0.9440086557838585
JP-09,incidence_per_100k,semiannual,hist_gradient_boosting,validation,medium,365,0.006314807790977009,0.006957812000928874,0.3887877653759046,0.8488440734940106,0.9348756768354693
JP-10,incidence_per_100k,semiannual,hist_gradient_boosting,validation,medium,365,0.005134471879972157,0.005794151345183364,0.3125575682909159,0.9023077665040694,0.989097560502752
JP-11,incidence_per_100k,semiannual,hist_gradient_boosting,validation,medium,365,0.0019621071466546336,0.002495402860879866,0.3876095636028191,0.8497588262036321,0.9261259165837139
JP-13,incidence_per_100k,semiannual,hist_gradient_boosting,validation,medium,365,0.0025243954978040935,0.0029114374242531767,0.3467237246315516,0.8797826587776241,0.9727417831759462
JP-14,incidence_per_100k,semiannual,hist_gradient_boosting,validation,medium,365,0.004373677457025361,0.004883394392129204,0.3260918721230126,0.8936640909353089,0.9603994732961963
JP-15,incidence_per_100k,semiannual,hist_gradient_boosting,validation,medium,365,0.006009738296265964,0.006882964713313639,0.6180252541725462,0.6180447852049596,0.9806872068753096
JP-16,incidence_per_100k,semiannual,hist_gradient_boosting,validation,medium,365,0.006331625253565858,0.007128633968768938,0.7385447027557073,0.454551722031484,0.6744149006140382
JP-17,incidence_per_100k,semiannual,hist_gradient_boosting,validation,medium,365,0.007685662264005164,0.008960296231843618,0.9872500234148184,0.02533739126744039,0.23442887173341104
JP-18,incidence_per_100k,semiannual,hist_gradient_boosting,validation,medium,365,0.0029786184939199606,0.003785177212836987,0.334764189546295,0.8879329373974123,0.9575221305118902
JP-19,incidence_per_100k,semiannual,hist_gradient_boosting,validation,medium,365,0.0054998176642758086,0.006418548844762469,0.41578192187205665,0.827125393444379,0.920411784929124
JP-20,incidence_per_100k,semiannual,hist_gradient_boosting,validation,medium,365,0.00327603377265355,0.0038915791464744346,0.8293657488247042,0.3121524546764377,0.7361936161625718
JP-21,incidence_per_100k,semiannual,hist_gradient_boosting,validation,medium,365,0.006742391161636297,0.007654239176464011,0.41536419852346745,0.8274725825849575,0.9912990994780125
JP-22,incidence_per_100k,semiannual,hist_gradient_boosting,validation,medium,365,0.005834170324360643,0.006570551794895627,0.32996512431823033,0.8911230167336548,0.9912400722728775
JP-23,incidence_per_100k,semiannual,hist_gradient_boosting,validation,medium,365,0.005637462353541849,0.006380069547226887,0.3348478444545231,0.8878769210641595,0.9878180928485538
JP-24,incidence_per_100k,semiannual,hist_gradient_boosting,validation,medium,365,0.0043347299232615105,0.005515835503780707,0.2916926384154795,0.9149154046942163,0.9703372895064217
JP-25,incidence_per_100k,semiannual,hist_gradient_boosting,validation,medium,365,0.0023625535772422677,0.0027865728370219216,0.2880988422759736,0.9169990570792437,0.9723165590596469
JP-26,incidence_per_100k,semiannual,hist_gradient_boosting,validation,medium,365,0.0034117119675363054,0.00410523608402198,0.48684477553974953,0.7629821645296508,0.879594183939188
JP-27,incidence_per_100k,semiannual,hist_gradient_boosting,validation,medium,365,0.004434597554878777,0.005155346381958466,0.39875911340412673,0.8409911694771548,0.9738013615668497
JP-28,incidence_per_100k,semiannual,hist_gradient_boosting,validation,medium,365,0.0035597031636372565,0.004424777956883452,0.45817520347488966,0.7900754829207435,0.8965958801161351
JP-29,incidence_per_100k,semiannual,hist_gradient_boosting,validation,medium,365,0.009058796878821024,0.010445705342373464,0.5360939693764608,0.7126032559981903,0.9728048391749777
JP-30,incidence_per_100k,semiannual,hist_gradient_boosting,validation,medium,365,0.009268609553259349,0.010796051091991861,0.5128332971083712,0.737002009376957,0.910197824514793
JP-31,incidence_per_100k,semiannual,hist_gradient_boosting,validation,medium,365,0.004341862545107034,0.0051784202832460425,0.3067574942194075,0.9058998397402301,0.9796096962550459
JP-32,incidence_per_100k,semiannual,hist_gradient_boosting,validation,medium,365,0.006705475973196667,0.007752996705576242,1.0151881669992582,-0.03060701441531366,0.6602677989244347
JP-33,incidence_per_100k,semiannual,hist_gradient_boosting,validation,medium,365,0.011438166135081345,0.013309094083101337,0.7670743959830895,0.41159687102717835,0.6497667499845993
JP-34,incidence_per_100k,semiannual,hist_gradient_boosting,validation,medium,365,0.0029844927943572432,0.003402628853371899,0.3193889968833752,0.8979906686698313,0.9877714953345075
JP-35,incidence_per_100k,semiannual,hist_gradient_boosting,validation,medium,365,0.004556880435077498,0.005689040891763903,0.3953303005944335,0.8437139534319149,0.9278505217555046
JP-36,incidence_per_100k,semiannual,hist_gradient_boosting,validation,medium,365,0.0012332436513791216,0.0015209901811450168,0.4825758423219393,0.7671205564072707,0.8981621789382923
JP-37,incidence_per_100k,semiannual,hist_gradient_boosting,validation,medium,365,0.0029947950600076774,0.0035812619070348236,0.2706587196110399,0.9267438574985125,0.9635146488945268
JP-38,incidence_per_100k,semiannual,hist_gradient_boosting,validation,medium,365,0.007857710958932368,0.009969282277484245,0.6175079092805958,0.6186839819759072,0.8236989733128114
JP-39,incidence_per_100k,semiannual,hist_gradient_boosting,validation,medium,365,0.004113444396312513,0.005291148472894863,0.29751484830737696,0.9114849150366384,0.9774795301213389
JP-40,incidence_per_100k,semiannual,hist_gradient_boosting,validation,medium,365,0.0032503349527426657,0.0042396399897712215,0.520076121129072,0.7295208282313388,0.8953460441221373
JP-41,incidence_per_100k,semiannual,hist_gradient_boosting,validation,medium,365,0.00544620396720483,0.00598183388184963,0.4806303280435117,0.7689944877647864,0.9255389039496311
JP-42,incidence_per_100k,semiannual,hist_gradient_boosting,validation,medium,365,0.005613191088827998,0.006184569610622953,0.50791193133343,0.7420254700091451,0.9760171175377704
JP-43,incidence_per_100k,semiannual,hist_gradient_boosting,validation,medium,365,0.0024997877699687453,0.0031291559322325847,0.40332097117814136,0.8373321942079208,0.9614877226595442
JP-44,incidence_per_100k,semiannual,hist_gradient_boosting,validation,medium,365,0.0025865770001410418,0.0030023306816440365,0.267177119004171,0.9286163870806311,0.9726934785513779
JP-45,incidence_per_100k,semiannual,hist_gradient_boosting,validation,medium,365,0.013377717604898021,0.015094308296449841,0.6888353580517088,0.525505849497774,0.8891374756560133
JP-46,incidence_per_100k,semiannual,hist_gradient_boosting,validation,medium,365,0.008310903281990205,0.009218439792698943,0.44280041961295924,0.8039277883905873,0.9708293306434322
JP-47,incidence_per_100k,semiannual,hist_gradient_boosting,validation,medium,365,0.010696590787465826,0.012160981472801181,0.8262750653047679,0.3172695164556014,0.593382101663775
JP-01,incidence_per_100k,semiannual,hist_gradient_boosting,test,medium,730,0.004776516184142624,0.0059976277051843494,0.5789032991306827,0.6648709702556113,0.8252426769369308
JP-02,incidence_per_100k,semiannual,hist_gradient_boosting,test,medium,730,0.008359324008684645,0.009379050603621469,0.6357195898274668,0.5958606031095974,0.8428654938586689
JP-03,incidence_per_100k,semiannual,hist_gradient_boosting,test,medium,730,0.012442831417414332,0.01501280957158352,0.754002285551512,0.4314805533830961,0.7947565643874389
JP-04,incidence_per_100k,semiannual,hist_gradient_boosting,test,medium,730,0.0018243108182469537,0.0024819004605279773,0.8133966076552739,0.3383859586548924,0.6449543797974477
JP-05,incidence_per_100k,semiannual,hist_gradient_boosting,test,medium,730,0.004595268429326193,0.005505778970918041,1.0494917627365399,-0.10143296005184954,-0.0885679216417142
JP-06,incidence_per_100k,semiannual,hist_gradient_boosting,test,medium,730,0.009701520607981275,0.011433912749315229,0.704903571726602,0.5031109545670795,0.9003595101350602
JP-07,incidence_per_100k,semiannual,hist_gradient_boosting,test,medium,730,0.006822550024527586,0.008461976823221412,0.518777941402778,0.7308694475138959,0.8629429228076032
JP-08,incidence_per_100k,semiannual,hist_gradient_boosting,test,medium,730,0.006088144744231572,0.007187593996395169,0.3491478376615045,0.8780957874562957,0.967030144304758
JP-09,incidence_per_100k,semiannual,hist_gradient_boosting,test,medium,730,0.006389967009218284,0.007558810043478998,0.35993397302208924,0.870447535064534,0.9602094594515656
JP-10,incidence_per_100k,semiannual,hist_gradient_boosting,test,medium,730,0.006537108059650701,0.007707615845498138,0.3512466867478967,0.8766257650486249,0.9745950914756879
JP-11,incidence_per_100k,semiannual,hist_gradient_boosting,test,medium,730,0.00669010911346117,0.007973619831496925,0.708014292740387,0.49871576127532946,0.7351404777600847
JP-13,incidence_per_100k,semiannual,hist_gradient_boosting,test,medium,730,0.007116110594454464,0.008688718406273586,0.6746073404934266,0.5449049361523859,0.7480771153327009
JP-14,incidence_per_100k,semiannual,hist_gradient_boosting,test,medium,730,0.005390398844807532,0.006180278981768271,0.3667368368238316,0.8655040925164503,0.9599055253631633
JP-15,incidence_per_100k,semiannual,hist_gradient_boosting,test,medium,730,0.00934909400888415,0.010548944818071343,0.6777479753696442,0.5406576818823483,0.9670894354553492
JP-16,incidence_per_100k,semiannual,hist_gradient_boosting,test,medium,730,0.004989159459731464,0.005843882596426493,0.8476484084296615,0.2814921756866616,0.6059472380616059
JP-17,incidence_per_100k,semiannual,hist_gradient_boosting,test,medium,730,0.00868918258605429,0.009980174500303534,1.020289760933847,-0.04099119626644687,0.1548508795613511
JP-18,incidence_per_100k,semiannual,hist_gradient_boosting,test,medium,730,0.003944215654762,0.004981182839501295,0.487919302689632,0.7619347540628632,0.9013631064817339
JP-19,incidence_per_100k,semiannual,hist_gradient_boosting,test,medium,730,0.008438600212512557,0.010093613773359213,0.5489402887062788,0.6986645594350673,0.8480920129437232
JP-20,incidence_per_100k,semiannual,hist_gradient_boosting,test,medium,730,0.005071692738885582,0.006755750947713462,0.8951810775475801,0.19865083840075337,0.48895218021972975
JP-21,incidence_per_100k,semiannual,hist_gradient_boosting,test,medium,730,0.008850158890246894,0.01015627704652786,0.488849188181969,0.7610264712138299,0.9338932821407001
JP-22,incidence_per_100k,semiannual,hist_gradient_boosting,test,medium,730,0.007471657779827689,0.008715743312723925,0.44445099232766333,0.8024633154189553,0.932605916523767
JP-23,incidence_per_100k,semiannual,hist_gradient_boosting,test,medium,730,0.0032265522670292205,0.003946882573223575,0.2621747702253498,0.931264389857285,0.9669942506259782
JP-24,incidence_per_100k,semiannual,hist_gradient_boosting,test,medium,730,0.007551680269716521,0.00872696888144347,0.46049319877158384,0.7879460138851146,0.892047381646807
JP-25,incidence_per_100k,semiannual,hist_gradient_boosting,test,medium,730,0.003017469082383286,0.004281390197563833,0.4918877452545393,0.7580464460684054,0.8885584285101634
JP-26,incidence_per_100k,semiannual,hist_gradient_boosting,test,medium,730,0.004644869270717636,0.005787466939945156,0.519022588574056,0.7306155525498862,0.9126511565908701
JP-27,incidence_per_100k,semiannual,hist_gradient_boosting,test,medium,730,0.008349585904131082,0.009620872836664133,0.5636406565193292,0.6823092103184596,0.928261961914622
JP-28,incidence_per_100k,semiannual,hist_gradient_boosting,test,medium,730,0.0031146336465719257,0.003932656219359105,0.36575985752772605,0.8662197266212975,0.9413803468467982
JP-29,incidence_per_100k,semiannual,hist_gradient_boosting,test,medium,730,0.01238310615526612,0.014254758438080653,0.5758788836306656,0.6683635113882982,0.9329187703354299
JP-30,incidence_per_100k,semiannual,hist_gradient_boosting,test,medium,730,0.011217216933950325,0.013021740352461267,0.525901842385039,0.7234272521760216,0.8793935332661669
JP-31,incidence_per_100k,semiannual,hist_gradient_boosting,test,medium,730,0.006272266954617717,0.00754522136590722,0.3630066147135885,0.8682261976741803,0.9619028046847624
JP-32,incidence_per_100k,semiannual,hist_gradient_boosting,test,medium,730,0.006217175134559896,0.007016363522774897,1.307989888401619,-0.7108375481608795,0.6967563931486597
JP-33,incidence_per_100k,semiannual,hist_gradient_boosting,test,medium,730,0.010304286611159936,0.013197702384156382,0.8071219332915301,0.34855418479974276,0.6049242017049534
JP-34,incidence_per_100k,semiannual,hist_gradient_boosting,test,medium,730,0.004828637004496204,0.0057542879348334,0.45885689768748517,0.7894503474446168,0.9252524596532767
JP-35,incidence_per_100k,semiannual,hist_gradient_boosting,test,medium,730,0.005293201273042844,0.0072808824396490245,0.4428823213476115,0.803855249437751,0.9134542418241816
JP-36,incidence_per_100k,semiannual,hist_gradient_boosting,test,medium,730,0.0017111467458032876,0.0021432944807595507,0.6178704854784764,0.6182360631745919,0.8154454618696793
JP-37,incidence_per_100k,semiannual,hist_gradient_boosting,test,medium,730,0.004151385079983329,0.005418690217536718,0.4050511588629641,0.8359335587037698,0.9173963763321613
JP-38,incidence_per_100k,semiannual,hist_gradient_boosting,test,medium,730,0.008647305388143395,0.010537412527857727,0.5440955810260769,0.7039599987078957,0.840224443531535
JP-39,incidence_per_100k,semiannual,hist_gradient_boosting,test,medium,730,0.004542085277992258,0.005500797179677176,0.3031065963309292,0.9081263912606792,0.9631493904235823
JP-40,incidence_per_100k,semiannual,hist_gradient_boosting,test,medium,730,0.0038061268488878883,0.004564302285719574,0.5300640815751099,0.7190320694239354,0.9002311347044485
JP-41,incidence_per_100k,semiannual,hist_gradient_boosting,test,medium,730,0.005092652310498338,0.005958446490428305,0.40376004573416785,0.8369778254687427,0.9700057271514453
JP-42,incidence_per_100k,semiannual,hist_gradient_boosting,test,medium,730,0.0034836038365111894,0.004283368788750713,0.37201055039319575,0.8616081503961516,0.947922411370305
JP-43,incidence_per_100k,semiannual,hist_gradient_boosting,test,medium,730,0.003210684452522276,0.00408092785107304,0.4160679267374071,0.8268874803404357,0.9304304924737368
JP-44,incidence_per_100k,semiannual,hist_gradient_boosting,test,medium,730,0.004667070949695526,0.0056522214281286565,0.488491963252019,0.7613756018381881,0.879489853807905
JP-45,incidence_per_100k,semiannual,hist_gradient_boosting,test,medium,730,0.010499806631790858,0.012356739654423993,0.6030443580084346,0.6363375022741948,0.8457033389710145
JP-46,incidence_per_100k,semiannual,hist_gradient_boosting,test,medium,730,0.010380364947869179,0.012865680092156042,0.5278363179407736,0.7213888214627265,0.9222499817457508
JP-47,incidence_per_100k,semiannual,hist_gradient_boosting,test,medium,730,0.012136954310567633,0.013934643524571397,0.9444315955585318,0.10804896131076602,0.33829309185034134
JP-01,incidence_per_100k,seasonal_subannual,hist_gradient_boosting,train,shallow,4353,0.007457996065691348,0.009904956374589574,0.9787597886276004,0.04202927616565533,0.21334218780468212
JP-02,incidence_per_100k,seasonal_subannual,hist_gradient_boosting,train,shallow,4353,0.012964923383451036,0.016471059050203435,0.9014958836628143,0.18730517173900163,0.4518995043675811
JP-03,incidence_per_100k,seasonal_subannual,hist_gradient_boosting,train,shallow,4353,0.012856800330431937,0.015913524898226113,0.9302235444643882,0.13468415732411043,0.39153045159069655
JP-04,incidence_per_100k,seasonal_subannual,hist_gradient_boosting,train,shallow,4353,0.00977566772123417,0.012220696388285318,0.9423202572671078,0.112032532744052,0.3534323150569467
JP-05,incidence_per_100k,seasonal_subannual,hist_gradient_boosting,train,shallow,4366,0.014358247542882728,0.018147435402942908,0.9457885252341267,0.10548406553545575,0.381531889274879
JP-06,incidence_per_100k,seasonal_subannual,hist_gradient_boosting,train,shallow,4353,0.009460854504440345,0.01188244921434874,0.9589844796680518,0.08034876775579614,0.3133387823102093
JP-07,incidence_per_100k,seasonal_subannual,hist_gradient_boosting,train,shallow,4361,0.011612029441860981,0.014675330238416382,0.9437410066856526,0.1093529122999507,0.3507336250776448
JP-08,incidence_per_100k,seasonal_subannual,hist_gradient_boosting,train,shallow,4353,0.008499136728096567,0.010778067894361646,0.9079639116734741,0.17560153509860343,0.4250618845415749
JP-09,incidence_per_100k,seasonal_subannual,hist_gradient_boosting,train,shallow,4353,0.011153132336790252,0.014127460750616199,0.97438007997327,0.05058345975128398,0.25237792705104944
JP-10,incidence_per_100k,seasonal_subannual,hist_gradient_boosting,train,shallow,4359,0.009220255684130978,0.011391379612149722,0.9249879856502264,0.14439722640273633,0.3869080973664113
JP-11,incidence_per_100k,seasonal_subannual,hist_gradient_boosting,train,shallow,4353,0.005853807310362457,0.007677448727890792,0.8826848696053065,0.220867420969863,0.49094397578620635
JP-13,incidence_per_100k,seasonal_subannual,hist_gradient_boosting,train,shallow,4353,0.006787157423865694,0.008854860396730328,0.9273692998711613,0.13998618165647203,0.37999779701876396
JP-14,incidence_per_100k,seasonal_subannual,hist_gradient_boosting,train,shallow,4353,0.004051639408652704,0.005010116252883714,0.9344173315557541,0.1268642504882237,0.3673521828631691
JP-15,incidence_per_100k,seasonal_subannual,hist_gradient_boosting,train,shallow,4353,0.006669808489970659,0.00819869437756124,0.9517999075699415,0.094076935949851,0.3236622055165622
JP-16,incidence_per_100k,seasonal_subannual,hist_gradient_boosting,train,shallow,4353,0.007907069885663028,0.009802941597038282,0.976271172346775,0.04689459804465357,0.2318576580275268
JP-17,incidence_per_100k,seasonal_subannual,hist_gradient_boosting,train,shallow,4361,0.009776898819983232,0.012247052110933462,0.9658187473992952,0.06719414717205663,0.2925473279255715
JP-18,incidence_per_100k,seasonal_subannual,hist_gradient_boosting,train,shallow,4353,0.010118063905181562,0.012447740828514329,0.973006832559786,0.05325770379197248,0.2815203038909163
JP-19,incidence_per_100k,seasonal_subannual,hist_gradient_boosting,train,shallow,4353,0.013204016133454153,0.016669548337168934,0.9473886347698663,0.10245477470888886,0.34196868057946306
JP-20,incidence_per_100k,seasonal_subannual,hist_gradient_boosting,train,shallow,4353,0.007768470162779391,0.009760412161399903,0.916163320700972,0.16064476980216802,0.4255356143354247
JP-21,incidence_per_100k,seasonal_subannual,hist_gradient_boosting,train,shallow,4353,0.010281827986507753,0.012959863215226219,0.8630689820085843,0.255111932294666,0.5231325671822564
JP-22,incidence_per_100k,seasonal_subannual,hist_gradient_boosting,train,shallow,4353,0.007291447675487098,0.00935002442333188,0.8445603466779071,0.2867178208192933,0.5456123951232504
JP-23,incidence_per_100k,seasonal_subannual,hist_gradient_boosting,train,shallow,4353,0.006617121130288357,0.008328064899179349,0.903351989558655,0.18395518296041957,0.4428085023830029
JP-24,incidence_per_100k,seasonal_subannual,hist_gradient_boosting,train,shallow,4353,0.010432639636674885,0.013148514188099293,0.9109461240648263,0.17017715905126984,0.43307574501758567
JP-25,incidence_per_100k,seasonal_subannual,hist_gradient_boosting,train,shallow,4353,0.007847819125503554,0.009574565562287234,0.9746360097646286,0.05008464847008265,0.2518021064758217
JP-26,incidence_per_100k,seasonal_subannual,hist_gradient_boosting,train,shallow,4353,0.00818692844355589,0.010409457708838572,0.962805857301219,0.07300488114646464,0.2991381576528165
JP-27,incidence_per_100k,seasonal_subannual,hist_gradient_boosting,train,shallow,4353,0.005971164221179449,0.007862025574118607,0.9417213639357079,0.11316087270707009,0.3458585956141479
JP-28,incidence_per_100k,seasonal_subannual,hist_gradient_boosting,train,shallow,4353,0.006354554581004557,0.008309339285838777,0.9237683790768794,0.14665198181767503,0.387927854738539
JP-29,incidence_per_100k,seasonal_subannual,hist_gradient_boosting,train,shallow,4353,0.009512663576871505,0.012008413136391232,0.9480229357268566,0.10125251333583263,0.3442917264750236
JP-30,incidence_per_100k,seasonal_subannual,hist_gradient_boosting,train,shallow,4355,0.012709062745591007,0.01582875091035958,0.9364663633925793,0.12303075023427756,0.3563584575228818
JP-31,incidence_per_100k,seasonal_subannual,hist_gradient_boosting,train,shallow,4353,0.009215101440316453,0.011826141478326113,0.9837610013628031,0.032214292197654926,0.24425187674238938
JP-32,incidence_per_100k,seasonal_subannual,hist_gradient_boosting,train,shallow,4353,0.010879916933047015,0.013358571197661399,0.962871473356423,0.07287852579643106,0.3192132916521386
JP-33,incidence_per_100k,seasonal_subannual,hist_gradient_boosting,train,shallow,4353,0.004889183912283222,0.006377318213204722,0.8425548448790725,0.290101333370802,0.5464605454369925
JP-34,incidence_per_100k,seasonal_subannual,hist_gradient_boosting,train,shallow,4353,0.00694485828701097,0.008804202509138891,0.9386728899649495,0.11889320564484984,0.35566720694819853
JP-35,incidence_per_100k,seasonal_subannual,hist_gradient_boosting,train,shallow,4353,0.010173715453576522,0.01275623971345525,0.9137463450683857,0.1650676168741665,0.412269605260619
JP-36,incidence_per_100k,seasonal_subannual,hist_gradient_boosting,train,shallow,4353,0.010501827584677065,0.013220528071662543,0.9502553364072096,0.09701479562962079,0.35962249629447535
JP-37,incidence_per_100k,seasonal_subannual,hist_gradient_boosting,train,shallow,4364,0.010741176949402803,0.013672402097376453,0.9454665864343826,0.10609293393611596,0.3586059798193693
JP-38,incidence_per_100k,seasonal_subannual,hist_gradient_boosting,train,shallow,4353,0.011002551619270521,0.013894098902553354,0.9281356343627882,0.13856424422598457,0.3892402219297073
JP-39,incidence_per_100k,seasonal_subannual,hist_gradient_boosting,train,shallow,4363,0.008569727855596065,0.01068503399229991,0.9540123525634099,0.08986043115642817,0.30770711213061464
JP-40,incidence_per_100k,seasonal_subannual,hist_gradient_boosting,train,shallow,4353,0.00503108641845586,0.006282673521003738,0.9439727841317269,0.10891538281859603,0.33310966650119983
JP-41,incidence_per_100k,seasonal_subannual,hist_gradient_boosting,train,shallow,4353,0.00985645450830143,0.012312867879551196,0.9375391794631877,0.12102028697149292,0.36207246548057476
JP-42,incidence_per_100k,seasonal_subannual,hist_gradient_boosting,train,shallow,4353,0.00790970310528529,0.00994975563780809,0.8909339502542748,0.20623669628431318,0.456699962364829
JP-43,incidence_per_100k,seasonal_subannual,hist_gradient_boosting,train,shallow,4355,0.008217517609909858,0.010311995315473546,0.9627013675578627,0.0732060769022208,0.28704605589914606
JP-44,incidence_per_100k,seasonal_subannual,hist_gradient_boosting,train,shallow,4355,0.009704815568152923,0.012143794792137818,0.9634843139780553,0.07169797671823597,0.2851666327382969
JP-45,incidence_per_100k,seasonal_subannual,hist_gradient_boosting,train,shallow,4353,0.012317287849634127,0.015282090124313984,0.9252308404816362,0.14394789182164525,0.401571786027398
JP-46,incidence_per_100k,seasonal_subannual,hist_gradient_boosting,train,shallow,4353,0.007955957373005786,0.009935813504128138,0.8692291836408153,0.24444062630712182,0.5099111320171094
JP-47,incidence_per_100k,seasonal_subannual,hist_gradient_boosting,train,shallow,4361,0.005114007352620447,0.0064339466077273305,0.9790980243881295,0.04136705863926171,0.23013988148368067
JP-01,incidence_per_100k,seasonal_subannual,hist_gradient_boosting,validation,shallow,365,0.012360440798381755,0.014799486401039182,1.0224376642933242,-0.04537877736558826,-0.19178702182598875
JP-02,incidence_per_100k,seasonal_subannual,hist_gradient_boosting,validation,shallow,365,0.020678812224279326,0.0263212150758089,0.9815087705211033,0.03664053339015205,0.19559735948822082
JP-03,incidence_per_100k,seasonal_subannual,hist_gradient_boosting,validation,shallow,365,0.01488728316237974,0.018271232496411497,0.9830671092773485,0.033579058657077665,0.1844833961676046
JP-04,incidence_per_100k,seasonal_subannual,hist_gradient_boosting,validation,shallow,365,0.01046777128063081,0.012660756772553556,1.034606768661872,-0.07041116576096074,-0.10146797725933261
JP-05,incidence_per_100k,seasonal_subannual,hist_gradient_boosting,validation,shallow,365,0.016204881500752277,0.02065233505135712,1.0546256864614731,-0.11223533854433354,-0.22552244930097223
JP-06,incidence_per_100k,seasonal_subannual,hist_gradient_boosting,validation,shallow,365,0.013511941531211191,0.016502424788039875,1.031980057016175,-0.06498283807910799,-0.19079522484426262
JP-07,incidence_per_100k,seasonal_subannual,hist_gradient_boosting,validation,shallow,365,0.011688465769937753,0.014447395547307352,1.1059469932217718,-0.2231187518162776,-0.34369522650291656
JP-08,incidence_per_100k,seasonal_subannual,hist_gradient_boosting,validation,shallow,365,0.011865586501537103,0.014921751280703088,1.004893592740395,-0.00981113273069889,0.10510776853160962
JP-09,incidence_per_100k,seasonal_subannual,hist_gradient_boosting,validation,shallow,365,0.013916221512515876,0.01682570287543023,0.9887717364613225,0.022330453175260834,0.16493756853629138
JP-10,incidence_per_100k,seasonal_subannual,hist_gradient_boosting,validation,shallow,365,0.011874493259154469,0.01519429845509981,0.985203839272785,0.029373395082164522,0.20000653839448973
JP-11,incidence_per_100k,seasonal_subannual,hist_gradient_boosting,validation,shallow,365,0.009731704468247133,0.012489508323212896,0.9977339263074898,0.0045270122950406,0.11880460221163268
JP-13,incidence_per_100k,seasonal_subannual,hist_gradient_boosting,validation,shallow,365,0.008951287715763919,0.010868940451897673,1.070049722646259,-0.14500640893533556,-0.09058551254767931
JP-14,incidence_per_100k,seasonal_subannual,hist_gradient_boosting,validation,shallow,365,0.0046494563156075875,0.005735697156640328,0.994641556278422,0.010688174524038585,0.13075476731516125
JP-15,incidence_per_100k,seasonal_subannual,hist_gradient_boosting,validation,shallow,365,0.00858218142235729,0.010529529642730013,1.0091705349275826,-0.018425168566023276,0.003393796258615341
JP-16,incidence_per_100k,seasonal_subannual,hist_gradient_boosting,validation,shallow,365,0.014007005679146325,0.016312346193639693,0.9962107156604924,0.007564210003209837,0.11443328657864575
JP-17,incidence_per_100k,seasonal_subannual,hist_gradient_boosting,validation,shallow,365,0.008879722587083435,0.01126804415074945,0.9765687046619428,0.046313565074894814,0.22664872803130995
JP-18,incidence_per_100k,seasonal_subannual,hist_gradient_boosting,validation,shallow,365,0.012678682090212832,0.015359093265646887,1.0426392060907321,-0.08709651407751218,-0.34589424628842386
JP-19,incidence_per_100k,seasonal_subannual,hist_gradient_boosting,validation,shallow,365,0.011395488159074119,0.014766949166083823,1.0399498211198697,-0.08149563044724917,-0.11547314197224946
JP-20,incidence_per_100k,seasonal_subannual,hist_gradient_boosting,validation,shallow,365,0.009173926565613548,0.011104698426204611,0.992821766289969,0.014304940380866049,0.14994833564848212
JP-21,incidence_per_100k,seasonal_subannual,hist_gradient_boosting,validation,shallow,365,0.011846544829566399,0.01446330287108324,1.1027828049689599,-0.21612991493520695,0.033296832658093314
JP-22,incidence_per_100k,seasonal_subannual,hist_gradient_boosting,validation,shallow,365,0.011586241409813684,0.013509185042744776,1.0168520472455722,-0.033988085987511685,0.14891723834509787
JP-23,incidence_per_100k,seasonal_subannual,hist_gradient_boosting,validation,shallow,365,0.007593490029409532,0.009660949770602747,1.0278142832014676,-0.056402200752946774,0.13075724838774402
JP-24,incidence_per_100k,seasonal_subannual,hist_gradient_boosting,validation,shallow,365,0.015884873336284418,0.019975095823263605,1.0203988735747516,-0.041213861192621826,0.04980332556905563
JP-25,incidence_per_100k,seasonal_subannual,hist_gradient_boosting,validation,shallow,365,0.006860816359816495,0.008403203817117094,0.951704949100846,0.09425768985695648,0.3595371163308194
JP-26,incidence_per_100k,seasonal_subannual,hist_gradient_boosting,validation,shallow,365,0.011113672877535332,0.013575263602381826,1.0514549507281785,-0.10555751341079622,-0.2779843170603677
JP-27,incidence_per_100k,seasonal_subannual,hist_gradient_boosting,validation,shallow,365,0.007669377028669894,0.00920309985310601,1.0634451921255528,-0.13091567665495396,-0.08210370557802969
JP-28,incidence_per_100k,seasonal_subannual,hist_gradient_boosting,validation,shallow,365,0.006922117877308392,0.008382338597428016,1.103121843241555,-0.2168778010366461,-0.01571260063491276
JP-29,incidence_per_100k,seasonal_subannual,hist_gradient_boosting,validation,shallow,365,0.015852004766682186,0.019279963331254202,0.986348161291045,0.027117304717774515,0.16910904419771336
JP-30,incidence_per_100k,seasonal_subannual,hist_gradient_boosting,validation,shallow,365,0.01470910036217537,0.018218116756583188,1.0071678735259848,-0.014387125462853811,0.16631905701725433
JP-31,incidence_per_100k,seasonal_subannual,hist_gradient_boosting,validation,shallow,365,0.007558891818225943,0.009630211933793865,1.001916068595092,-0.003835808509045524,0.028166172039766433
JP-32,incidence_per_100k,seasonal_subannual,hist_gradient_boosting,validation,shallow,365,0.006398308134350126,0.007674656891087713,0.9824985518440538,0.034696595624337245,0.18772512143768919
JP-33,incidence_per_100k,seasonal_subannual,hist_gradient_boosting,validation,shallow,365,0.004258223811387493,0.0052250358783811944,1.3616751868476495,-0.8541593144765809,0.087092494872014
JP-34,incidence_per_100k,seasonal_subannual,hist_gradient_boosting,validation,shallow,365,0.007140630489415919,0.008937222963159526,0.9503976799879078,0.09674424987360242,0.3146434495149177
JP-35,incidence_per_100k,seasonal_subannual,hist_gradient_boosting,validation,shallow,365,0.016617118740965237,0.021581043672020274,0.9906091105881462,0.018693590019762008,0.1533842887437012
JP-36,incidence_per_100k,seasonal_subannual,hist_gradient_boosting,validation,shallow,365,0.011761619592042017,0.015028631589139812,1.012747844109702,-0.02565819574884931,-0.00015895304339189805
JP-37,incidence_per_100k,seasonal_subannual,hist_gradient_boosting,validation,shallow,365,0.01086960358478873,0.01332880731867411,1.0267673164265454,-0.054251122081769854,0.029792860740703614
JP-38,incidence_per_100k,seasonal_subannual,hist_gradient_boosting,validation,shallow,365,0.013639395727526992,0.016423541001485725,0.9503608242523021,0.09681430372648492,0.3152295547732665
JP-39,incidence_per_100k,seasonal_subannual,hist_gradient_boosting,validation,shallow,365,0.010993255046233216,0.013469831549885389,0.9556299516209027,0.086771395565031,0.31407752837260355
JP-40,incidence_per_100k,seasonal_subannual,hist_gradient_boosting,validation,shallow,365,0.006495667440161422,0.008073138538059415,0.9690815013735753,0.06088104369553726,0.25092348996603425
JP-41,incidence_per_100k,seasonal_subannual,hist_gradient_boosting,validation,shallow,365,0.017352856733508698,0.021045766611730448,1.0486548326029523,-0.0996769579415262,-0.27230468526603513
JP-42,incidence_per_100k,seasonal_subannual,hist_gradient_boosting,validation,shallow,365,0.010370594270479065,0.012387683773819085,0.9593610041974743,0.07962646362521364,0.29015666729688117
JP-43,incidence_per_100k,seasonal_subannual,hist_gradient_boosting,validation,shallow,365,0.010995405933466483,0.012779570846894022,0.9917769115948633,0.01637855762735485,0.13184580662940834
JP-44,incidence_per_100k,seasonal_subannual,hist_gradient_boosting,validation,shallow,365,0.01809601336390167,0.021187745591518013,1.0175491569256028,-0.03540628676000512,-0.09594289626335895
JP-45,incidence_per_100k,seasonal_subannual,hist_gradient_boosting,validation,shallow,365,0.01425230639146996,0.016700474344865796,0.9432905980725111,0.11020284758800403,0.3407511659182639
JP-46,incidence_per_100k,seasonal_subannual,hist_gradient_boosting,validation,shallow,365,0.010326636478935097,0.012444010953486635,1.10500059139507,-0.2210263069834546,-0.1239543130356108
JP-47,incidence_per_100k,seasonal_subannual,hist_gradient_boosting,validation,shallow,365,0.006705436189027402,0.008231746148069555,1.0110008872795153,-0.02212279407996731,-0.11552209181839625
JP-01,incidence_per_100k,seasonal_subannual,hist_gradient_boosting,test,shallow,730,0.012233768510316158,0.016342247626148495,1.0032131906295823,-0.006436705853186453,0.004889451282714631
JP-02,incidence_per_100k,seasonal_subannual,hist_gradient_boosting,test,shallow,730,0.025980208672239314,0.03188994177475718,0.9812524668785965,0.03714359624466912,0.19799420894951691
JP-03,incidence_per_100k,seasonal_subannual,hist_gradient_boosting,test,shallow,730,0.01778560213703201,0.021571729369296865,1.0002841228193171,-0.0005683263644105097,0.11633760616830158
JP-04,incidence_per_100k,seasonal_subannual,hist_gradient_boosting,test,shallow,730,0.012414485561706661,0.01620269876427772,0.9999364219213137,0.00012715211520053504,0.11695028108765759
JP-05,incidence_per_100k,seasonal_subannual,hist_gradient_boosting,test,shallow,730,0.01975138698178326,0.024108748527647442,0.9957619575722867,0.008458123851807442,0.11329791854305335
JP-06,incidence_per_100k,seasonal_subannual,hist_gradient_boosting,test,shallow,730,0.01792965967324713,0.021710195560371476,0.9877347295991648,0.024380103943664633,0.19553342089433215
JP-07,incidence_per_100k,seasonal_subannual,hist_gradient_boosting,test,shallow,730,0.012527425349736759,0.015891972109074597,0.9783411297423148,0.04284863385453119,0.21882246697285165
JP-08,incidence_per_100k,seasonal_subannual,hist_gradient_boosting,test,shallow,730,0.01701267851797972,0.020922052399017108,0.979380110841717,0.040814598487666,0.23848053045660825
JP-09,incidence_per_100k,seasonal_subannual,hist_gradient_boosting,test,shallow,730,0.01923339197733561,0.02345115711264411,0.9897427639164161,0.020409261275093238,0.1676605374929341
JP-10,incidence_per_100k,seasonal_subannual,hist_gradient_boosting,test,shallow,730,0.015855461935729197,0.01952908043673338,0.997256636009725,0.0054792019345669685,0.11347620110687737
JP-11,incidence_per_100k,seasonal_subannual,hist_gradient_boosting,test,shallow,730,0.012354162232402916,0.01576114144802671,1.0338234881987152,-0.06879100475135869,-0.09243532894922596
JP-13,incidence_per_100k,seasonal_subannual,hist_gradient_boosting,test,shallow,730,0.008785097414915486,0.011081492568355703,0.9607369197183159,0.07698457109016232,0.29542315622359827
JP-14,incidence_per_100k,seasonal_subannual,hist_gradient_boosting,test,shallow,730,0.006845389306167799,0.008518643163218934,0.9789085917536503,0.04173796899088522,0.21860057890527998
JP-15,incidence_per_100k,seasonal_subannual,hist_gradient_boosting,test,shallow,730,0.009804088103866846,0.012113583549082504,0.9932497214864686,0.013454990767052255,0.12231334627771667
JP-16,incidence_per_100k,seasonal_subannual,hist_gradient_boosting,test,shallow,730,0.012146515266835443,0.015066040289078814,1.0122353756218219,-0.02462045566025073,-0.10863041268654668
JP-17,incidence_per_100k,seasonal_subannual,hist_gradient_boosting,test,shallow,730,0.010205418256516732,0.012605286422381306,1.0005352035313917,-0.001070693505603293,0.08170723503376108
JP-18,incidence_per_100k,seasonal_subannual,hist_gradient_boosting,test,shallow,730,0.01525451538111749,0.01878868342998909,0.9952132841620422,0.009550519027402005,0.11522658483351765
JP-19,incidence_per_100k,seasonal_subannual,hist_gradient_boosting,test,shallow,730,0.012048373749033222,0.0146004117767172,1.0715889690211418,-0.14830291852779354,-0.12436314978751288
JP-20,incidence_per_100k,seasonal_subannual,hist_gradient_boosting,test,shallow,730,0.010765146888340068,0.013298296575572036,1.0226804714766096,-0.04587534673962024,-0.05506769696989061
JP-21,incidence_per_100k,seasonal_subannual,hist_gradient_boosting,test,shallow,730,0.00991432037527465,0.012186898333438103,0.9466393431127806,0.1038739540710032,0.331689721397577
JP-22,incidence_per_100k,seasonal_subannual,hist_gradient_boosting,test,shallow,730,0.01169777037098585,0.014618120257323447,0.9917121748998274,0.016506962155453997,0.2055544106676155
JP-23,incidence_per_100k,seasonal_subannual,hist_gradient_boosting,test,shallow,730,0.0107373830543244,0.013612553222587347,0.9771058317939968,0.04526419347416166,0.2163211204758659
JP-24,incidence_per_100k,seasonal_subannual,hist_gradient_boosting,test,shallow,730,0.016199726798011894,0.02085809114159365,0.9621422371093142,0.07428231557028386,0.29990286325722826
JP-25,incidence_per_100k,seasonal_subannual,hist_gradient_boosting,test,shallow,730,0.006590967754082376,0.008317109496657187,1.0326507449638231,-0.06636756107433905,-0.09549352489753386
JP-26,incidence_per_100k,seasonal_subannual,hist_gradient_boosting,test,shallow,730,0.016251156093988323,0.01944279029719764,0.9936076051659125,0.012743926956459872,0.11803450649366296
JP-27,incidence_per_100k,seasonal_subannual,hist_gradient_boosting,test,shallow,730,0.00849180762092551,0.01067303943039783,0.9289275696236985,0.13709357039300885,0.5523554741906898
JP-28,incidence_per_100k,seasonal_subannual,hist_gradient_boosting,test,shallow,730,0.008507684284969595,0.011225883723464558,0.979883705024332,0.03982792462778806,0.20147866053196328
JP-29,incidence_per_100k,seasonal_subannual,hist_gradient_boosting,test,shallow,730,0.014628710955405192,0.01909247792291937,0.9984585684933256,0.003080487002259269,0.07512802569769386
JP-30,incidence_per_100k,seasonal_subannual,hist_gradient_boosting,test,shallow,730,0.022630475809087926,0.028076883535781846,0.9874453863543627,0.024951608967483163,0.15809325445694103
JP-31,incidence_per_100k,seasonal_subannual,hist_gradient_boosting,test,shallow,730,0.009903370908160342,0.012103276327797658,1.0163920572579597,-0.033052814057067614,-0.04476354231007255
JP-32,incidence_per_100k,seasonal_subannual,hist_gradient_boosting,test,shallow,730,0.011223124945088312,0.013695153403653204,0.986382311848727,0.027049934871960613,0.16584231462456567
JP-33,incidence_per_100k,seasonal_subannual,hist_gradient_boosting,test,shallow,730,0.0038838099216270566,0.004943616561261072,1.0655006482138838,-0.13529163134420674,0.22306172019201126
JP-34,incidence_per_100k,seasonal_subannual,hist_gradient_boosting,test,shallow,730,0.007763258692241602,0.009771513684095082,0.9774377925120873,0.04461536176909808,0.22513944070687003
JP-35,incidence_per_100k,seasonal_subannual,hist_gradient_boosting,test,shallow,730,0.02018579369092559,0.023932913754678282,0.9579515052996808,0.08232891349407578,0.31586533548969264
JP-36,incidence_per_100k,seasonal_subannual,hist_gradient_boosting,test,shallow,730,0.01310535634813281,0.01741658805942491,0.9625774249308902,0.0734447010134166,0.35054051494036076
JP-37,incidence_per_100k,seasonal_subannual,hist_gradient_boosting,test,shallow,730,0.014588388076095533,0.01819434626785879,1.02953798727553,-0.05994846724334901,-0.1283155018883534
JP-38,incidence_per_100k,seasonal_subannual,hist_gradient_boosting,test,shallow,730,0.014587712723746675,0.01781037842227453,0.9432108564326497,0.11035328030758773,0.35660160303129373
JP-39,incidence_per_100k,seasonal_subannual,hist_gradient_boosting,test,shallow,730,0.015094350555261654,0.01844088162854299,1.0170105675377334,-0.03431049448342294,-0.06843185593874947
JP-40,incidence_per_100k,seasonal_subannual,hist_gradient_boosting,test,shallow,730,0.004921117113045306,0.006012966609908526,0.9720879971020252,0.05504492589017296,0.23777374254091502
JP-41,incidence_per_100k,seasonal_subannual,hist_gradient_boosting,test,shallow,730,0.020630121097557123,0.025401999044041404,0.9753964752094016,0.04860171614907505,0.3004958608310061
JP-42,incidence_per_100k,seasonal_subannual,hist_gradient_boosting,test,shallow,730,0.01638094370109668,0.02088249412719687,0.9467757490068822,0.10361568109245722,0.3670245218003839
JP-43,incidence_per_100k,seasonal_subannual,hist_gradient_boosting,test,shallow,730,0.013253047593658378,0.01644822660800176,0.9857906690475451,0.02821675681879332,0.19111237574742843
JP-44,incidence_per_100k,seasonal_subannual,hist_gradient_boosting,test,shallow,730,0.019904176279174065,0.024343853263766233,0.9914502446093724,0.017026412464015594,0.165352016305706
JP-45,incidence_per_100k,seasonal_subannual,hist_gradient_boosting,test,shallow,730,0.011825897338876115,0.014974673066173602,0.9801007431280774,0.03940253331979082,0.22640529874580473
JP-46,incidence_per_100k,seasonal_subannual,hist_gradient_boosting,test,shallow,730,0.010532000903537404,0.01290561562492689,1.0345171724276212,-0.07022578004764046,0.035165147334718816
JP-47,incidence_per_100k,seasonal_subannual,hist_gradient_boosting,test,shallow,730,0.00890624106856992,0.010611842313845883,1.0045098853623278,-0.009040109790636963,-0.03323108920399791
JP-01,incidence_per_100k,subseasonal,hist_gradient_boosting,train,shallow,4362,0.011445184634732836,0.014308455889273835,0.9941937116843579,0.01157886364727978,0.13309954342017233
JP-02,incidence_per_100k,subseasonal,hist_gradient_boosting,train,shallow,4364,0.02023653151040898,0.025446183248360437,0.9911880602480801,0.01754622922164839,0.1830239362813555
JP-03,incidence_per_100k,subseasonal,hist_gradient_boosting,train,shallow,4362,0.013891934757474378,0.01739643722810831,0.9938591838355504,0.012243922705734045,0.13378921494221102
JP-04,incidence_per_100k,subseasonal,hist_gradient_boosting,train,shallow,4362,0.012651975789625855,0.015896133468647152,0.9917841539291339,0.01636419201507222,0.14980761547191962
JP-05,incidence_per_100k,subseasonal,hist_gradient_boosting,train,shallow,4364,0.020975005581835814,0.026508890999901034,0.9922596070453363,0.015420872226234672,0.1610921592256839
JP-06,incidence_per_100k,subseasonal,hist_gradient_boosting,train,shallow,4364,0.021990238311457397,0.027419085690792686,0.9913790692145626,0.017167541123267682,0.2000444716685232
JP-07,incidence_per_100k,subseasonal,hist_gradient_boosting,train,shallow,4366,0.019487664577811578,0.02447235594759754,0.9888753867937438,0.022125469393523667,0.1941628058484595
JP-08,incidence_per_100k,subseasonal,hist_gradient_boosting,train,shallow,4362,0.015140573391169731,0.01925500489249775,0.9881163144302945,0.023626149156691145,0.19997481843386314
JP-09,incidence_per_100k,subseasonal,hist_gradient_boosting,train,shallow,4362,0.014922332493216632,0.01868847527038151,0.9928557451644113,0.014237469294021476,0.14356143845877498
JP-10,incidence_per_100k,subseasonal,hist_gradient_boosting,train,shallow,4363,0.016269323920935514,0.020746517445964403,0.9914065607925263,0.017113031217534824,0.16278927698836068
JP-11,incidence_per_100k,subseasonal,hist_gradient_boosting,train,shallow,4368,0.009875757868951451,0.012475125720471002,0.988153311293617,0.02355303337946002,0.16440519196386477
JP-13,incidence_per_100k,subseasonal,hist_gradient_boosting,train,shallow,4362,0.005660542766840776,0.007129590942881627,0.9866199959996821,0.026580983493587285,0.17439248627478712
JP-14,incidence_per_100k,subseasonal,hist_gradient_boosting,train,shallow,4362,0.00938979793668856,0.011813334561723407,0.9851048154826934,0.029568502512808403,0.19620165305804407
JP-15,incidence_per_100k,subseasonal,hist_gradient_boosting,train,shallow,4364,0.013221646760738783,0.016664819279348066,0.9909652791586359,0.017987815502046978,0.1601093739847944
JP-16,incidence_per_100k,subseasonal,hist_gradient_boosting,train,shallow,4362,0.02288400678113766,0.02864606099344037,0.9899569614564264,0.01998521446395929,0.1891199154922472
JP-17,incidence_per_100k,subseasonal,hist_gradient_boosting,train,shallow,4362,0.017134567788232188,0.021702041962046698,0.988489023264753,0.022889450885094642,0.19058108113408626
JP-18,incidence_per_100k,subseasonal,hist_gradient_boosting,train,shallow,4362,0.019537996998035316,0.024452232277622287,0.9867904874976255,0.026244533784198554,0.19145513506334247
JP-19,incidence_per_100k,subseasonal,hist_gradient_boosting,train,shallow,4363,0.026097898219191656,0.03294044288042275,0.9836479142195839,0.032436780851462066,0.2383403650473774
JP-20,incidence_per_100k,subseasonal,hist_gradient_boosting,train,shallow,4377,0.01422260254489127,0.017864686736542654,0.9921300919606896,0.01567788062607367,0.14025205769707155
JP-21,incidence_per_100k,subseasonal,hist_gradient_boosting,train,shallow,4363,0.016938626036602806,0.021271197892784113,0.9898378675261928,0.02022099601119909,0.17578069609955055
JP-22,incidence_per_100k,subseasonal,hist_gradient_boosting,train,shallow,4363,0.012304299048818104,0.015638980774169045,0.9867027727319767,0.026417638283028677,0.19435727540530587
JP-23,incidence_per_100k,subseasonal,hist_gradient_boosting,train,shallow,4362,0.010234264299017087,0.012780630001295942,0.9915087347179321,0.01691042897804529,0.14496831862899306
JP-24,incidence_per_100k,subseasonal,hist_gradient_boosting,train,shallow,4362,0.016373763462294258,0.020577768953588916,0.9921278737194532,0.015682282188916763,0.14701138325723567
JP-25,incidence_per_100k,subseasonal,hist_gradient_boosting,train,shallow,4364,0.01761168127678344,0.022176881511966166,0.9852790504811217,0.029225192683019152,0.203373983603399
JP-26,incidence_per_100k,subseasonal,hist_gradient_boosting,train,shallow,4363,0.011324591615497596,0.01425373073181982,0.9864679724447598,0.026880939340724663,0.19385877865239504
JP-27,incidence_per_100k,subseasonal,hist_gradient_boosting,train,shallow,4364,0.008590195900455297,0.010831014261561677,0.9901690617750147,0.019565229103587156,0.15575833855929602
JP-28,incidence_per_100k,subseasonal,hist_gradient_boosting,train,shallow,4366,0.009119851848676318,0.011474966094742661,0.9915904480609601,0.016748383314264426,0.14671135668789917
JP-29,incidence_per_100k,subseasonal,hist_gradient_boosting,train,shallow,4362,0.021144535216419902,0.026736593429841277,0.9918861658579446,0.016161833979625784,0.17717921021595243
JP-30,incidence_per_100k,subseasonal,hist_gradient_boosting,train,shallow,4370,0.01916214468079128,0.024148329932962957,0.9874534429101888,0.02493569808481455,0.18570273253446326
JP-31,incidence_per_100k,subseasonal,hist_gradient_boosting,train,shallow,4363,0.030490017034435112,0.03828585602216073,0.9875063640057798,0.024831181048083906,0.2122490639429142
JP-32,incidence_per_100k,subseasonal,hist_gradient_boosting,train,shallow,4371,0.024606955364182916,0.030615539703139523,0.991102648630948,0.017715539876719588,0.16161421060758813
JP-33,incidence_per_100k,subseasonal,hist_gradient_boosting,train,shallow,4364,0.01334586401239851,0.01669644912790663,0.9900756858713173,0.01975013624644073,0.16224252195431255
JP-34,incidence_per_100k,subseasonal,hist_gradient_boosting,train,shallow,4362,0.010604876497752491,0.013238286743396518,0.9898089346422633,0.02027827290234785,0.15867330618830877
JP-35,incidence_per_100k,subseasonal,hist_gradient_boosting,train,shallow,4362,0.01814385026317427,0.022835423962006964,0.986422020729489,0.026971597019951554,0.20147645460179858
JP-36,incidence_per_100k,subseasonal,hist_gradient_boosting,train,shallow,4364,0.020482818739052992,0.025689714472976473,0.9892273852610844,0.0214291802495179,0.17763048269993406
JP-37,incidence_per_100k,subseasonal,hist_gradient_boosting,train,shallow,4362,0.01738059378192658,0.021915148765036776,0.9856903399522231,0.028414553724870895,0.1970864121160987
JP-38,incidence_per_100k,subseasonal,hist_gradient_boosting,train,shallow,4363,0.017325416545057076,0.02167107625104582,0.9895884592630728,0.020714681293337533,0.17350291568580375
JP-39,incidence_per_100k,subseasonal,hist_gradient_boosting,train,shallow,4371,0.017251431979989875,0.021754838093607627,0.9916593140783895,0.01661180480157798,0.16955057929796963
JP-40,incidence_per_100k,subseasonal,hist_gradient_boosting,train,shallow,4367,0.007376025247397084,0.009332311082673315,0.9878995582376349,0.024054462833886014,0.1666649791725119
JP-41,incidence_per_100k,subseasonal,hist_gradient_boosting,train,shallow,4362,0.016985410379917583,0.02121747834533917,0.9912891256325504,0.01734586940265348,0.15599689746304501
JP-42,incidence_per_100k,subseasonal,hist_gradient_boosting,train,shallow,4370,0.012009227213335303,0.015205523234408205,0.9824379108768602,0.03481575127191039,0.20158975341282984
JP-43,incidence_per_100k,subseasonal,hist_gradient_boosting,train,shallow,4365,0.015661387200882396,0.01957344435223728,0.9831379331790399,0.033439804344445934,0.21867334313517509
JP-44,incidence_per_100k,subseasonal,hist_gradient_boosting,train,shallow,4362,0.01870834020856928,0.0234217417681808,0.9863538471141675,0.027106088283081475,0.20792788421188543
JP-45,incidence_per_100k,subseasonal,hist_gradient_boosting,train,shallow,4362,0.014446244772011924,0.01812882385230012,0.9877301231020624,0.024389203916784452,0.173128518547374
JP-46,incidence_per_100k,subseasonal,hist_gradient_boosting,train,shallow,4363,0.01473907635414964,0.01859991571295915,0.9893746346082833,0.021137832393725797,0.17251608729937612
JP-47,incidence_per_100k,subseasonal,hist_gradient_boosting,train,shallow,4364,0.015249246901171,0.01906540494040521,0.9838115578171335,0.0321148187054251,0.2148558884971399
JP-01,incidence_per_100k,subseasonal,hist_gradient_boosting,validation,shallow,365,0.01366237235967418,0.0169589946271037,1.003822373360565,-0.007659357259237609,-0.03775571872282821
JP-02,incidence_per_100k,subseasonal,hist_gradient_boosting,validation,shallow,365,0.023316422490078214,0.029669640563214746,1.0072632434487465,-0.014579241602888926,-0.11708773612143519
JP-03,incidence_per_100k,subseasonal,hist_gradient_boosting,validation,shallow,365,0.01667917051136003,0.020826293754718207,1.00612732883551,-0.012292201829678273,-0.09103531084962115
JP-04,incidence_per_100k,subseasonal,hist_gradient_boosting,validation,shallow,365,0.015664508452407334,0.019602848446391086,1.005205976383361,-0.010439054956826288,-0.07854277906101158
JP-05,incidence_per_100k,subseasonal,hist_gradient_boosting,validation,shallow,365,0.031122122773194025,0.0390268101231499,0.9997354938076716,0.0005289424211312177,0.029100874295926643
JP-06,incidence_per_100k,subseasonal,hist_gradient_boosting,validation,shallow,365,0.023155734714731244,0.02934814462195071,1.0025175581772874,-0.0050414544537511485,-0.03138891122847098
JP-07,incidence_per_100k,subseasonal,hist_gradient_boosting,validation,shallow,365,0.022575971994994372,0.02811558067649546,1.000259241607451,-0.0005185504211129288,0.028191829895859822
JP-08,incidence_per_100k,subseasonal,hist_gradient_boosting,validation,shallow,365,0.01802964814040305,0.02243281099241871,1.008724300278328,-0.01752471397200206,-0.10043759960035295
JP-09,incidence_per_100k,subseasonal,hist_gradient_boosting,validation,shallow,365,0.016671957158358227,0.020937412458718156,1.0029378964890747,-0.005884424213930206,-0.030145051439289187
JP-10,incidence_per_100k,subseasonal,hist_gradient_boosting,validation,shallow,365,0.02200330696633398,0.0272578565372133,1.0013933742244598,-0.0027886899406490695,-0.001766949362966386
JP-11,incidence_per_100k,subseasonal,hist_gradient_boosting,validation,shallow,365,0.013466925158945727,0.01681060616491899,0.9967527204657365,0.006484014244153236,0.08191170813676454
JP-13,incidence_per_100k,subseasonal,hist_gradient_boosting,validation,shallow,365,0.007680109951216909,0.00955123598258024,0.9994364373941194,0.001126807608950564,0.0499073268972821
JP-14,incidence_per_100k,subseasonal,hist_gradient_boosting,validation,shallow,365,0.01101348506349442,0.013754381362430658,0.9935098123077369,0.012938252848245457,0.12077301856996515
JP-15,incidence_per_100k,subseasonal,hist_gradient_boosting,validation,shallow,365,0.016947435942878262,0.02103474303179823,1.0050882662935188,-0.010202423040911235,-0.04925838096326663
JP-16,incidence_per_100k,subseasonal,hist_gradient_boosting,validation,shallow,365,0.02664679429539558,0.03312128006896721,1.007559114213513,-0.015175368634718689,-0.1272437722607559
JP-17,incidence_per_100k,subseasonal,hist_gradient_boosting,validation,shallow,365,0.018298100042780895,0.023250531722225975,1.0052452320928853,-0.0105179766454786,-0.047131168337347464
JP-18,incidence_per_100k,subseasonal,hist_gradient_boosting,validation,shallow,365,0.02251267544481074,0.02741350172806574,0.9937739399184726,0.012413356338915715,0.123917097483266
JP-19,incidence_per_100k,subseasonal,hist_gradient_boosting,validation,shallow,365,0.03122681797853858,0.03875965967597794,1.0188982248010006,-0.038153592502630174,-0.11917609635279543
JP-20,incidence_per_100k,subseasonal,hist_gradient_boosting,validation,shallow,365,0.018588788264733716,0.023092790512555802,1.0020488161998888,-0.004101830047598565,-0.0069605644402858605
JP-21,incidence_per_100k,subseasonal,hist_gradient_boosting,validation,shallow,365,0.021205025599213046,0.025945555678689045,0.9960161480936479,0.007951832736692421,0.13319245062312673
JP-22,incidence_per_100k,subseasonal,hist_gradient_boosting,validation,shallow,365,0.014851236409570942,0.018580136791585645,1.0007490006548552,-0.0014985623116912095,0.02954447048365441
JP-23,incidence_per_100k,subseasonal,hist_gradient_boosting,validation,shallow,365,0.013050445393516906,0.016206147553965808,0.9954649138494015,0.009049605294803365,0.10319292198483551
JP-24,incidence_per_100k,subseasonal,hist_gradient_boosting,validation,shallow,365,0.017318375598488256,0.021973545069334202,0.9941890537268975,0.011588125449616293,0.12953470867388614
JP-25,incidence_per_100k,subseasonal,hist_gradient_boosting,validation,shallow,365,0.021318698091525593,0.026160893175642633,0.9926992434221058,0.014548212109178671,0.13385750983707495
JP-26,incidence_per_100k,subseasonal,hist_gradient_boosting,validation,shallow,365,0.013264923622902085,0.016960953939954806,1.0002646907757458,-0.0005294516126981286,0.03829902973124436
JP-27,incidence_per_100k,subseasonal,hist_gradient_boosting,validation,shallow,365,0.012126116494833167,0.014901032940469763,1.0066724582681281,-0.01338943823559613,-0.06882543207322908
JP-28,incidence_per_100k,subseasonal,hist_gradient_boosting,validation,shallow,365,0.011971613239110843,0.01488263365120146,0.999200608287117,0.0015981443986554655,0.05435012345582203
JP-29,incidence_per_100k,subseasonal,hist_gradient_boosting,validation,shallow,365,0.026769892970873326,0.032773077379300325,0.9991270782354061,0.0017450815367806571,0.04391322398664482
JP-30,incidence_per_100k,subseasonal,hist_gradient_boosting,validation,shallow,365,0.021350389644918526,0.027095801211151384,1.0073913486844281,-0.014837329404230992,-0.05666054266888239
JP-31,incidence_per_100k,subseasonal,hist_gradient_boosting,validation,shallow,365,0.038548362619061284,0.048023698558047175,1.0075257689423085,-0.015108175082790387,-0.09350615247628856
JP-32,incidence_per_100k,subseasonal,hist_gradient_boosting,validation,shallow,365,0.024562205734354327,0.029860339424975103,0.9968571691586677,0.006275784296967402,0.08075310917443491
JP-33,incidence_per_100k,subseasonal,hist_gradient_boosting,validation,shallow,365,0.015811921183967945,0.02015379874226815,0.9925389205930715,0.014866491107940472,0.13674938716322943
JP-34,incidence_per_100k,subseasonal,hist_gradient_boosting,validation,shallow,365,0.013332916754919094,0.01673413639882525,1.0025056924699045,-0.005017663434562669,0.09655918661373934
JP-35,incidence_per_100k,subseasonal,hist_gradient_boosting,validation,shallow,365,0.023526217468190905,0.029248048461484738,1.0044766182555425,-0.008973276622090687,-0.05125361371760531
JP-36,incidence_per_100k,subseasonal,hist_gradient_boosting,validation,shallow,365,0.022616015481201658,0.02872212793497745,1.0156307600905978,-0.03150584084220576,-0.1776910496958891
JP-37,incidence_per_100k,subseasonal,hist_gradient_boosting,validation,shallow,365,0.01995350382861467,0.0254349615928333,1.0018831729220719,-0.0037698921843980493,0.03615879318651145
JP-38,incidence_per_100k,subseasonal,hist_gradient_boosting,validation,shallow,365,0.02471180526564184,0.031112582750481718,0.9956054020631582,0.008769883382657273,0.10983423546534683
JP-39,incidence_per_100k,subseasonal,hist_gradient_boosting,validation,shallow,365,0.019906216560227806,0.02529199992429485,1.0097101391283252,-0.01951456505854199,-0.03494837809312226
JP-40,incidence_per_100k,subseasonal,hist_gradient_boosting,validation,shallow,365,0.007202647287035845,0.009033116151732202,1.0182067271377842,-0.03674493918863786,-0.12089350413823415
JP-41,incidence_per_100k,subseasonal,hist_gradient_boosting,validation,shallow,365,0.0195664715038864,0.024342613132907226,1.0007072086229702,-0.0014149173899771217,0.013273513895109177
JP-42,incidence_per_100k,subseasonal,hist_gradient_boosting,validation,shallow,365,0.01791885126489423,0.022242351047291165,1.00369702945704,-0.007407726940886317,-0.026246928614815392
JP-43,incidence_per_100k,subseasonal,hist_gradient_boosting,validation,shallow,365,0.01928446811419869,0.02417153123763824,0.9949357872092425,0.010102779330325107,0.10349531450152634
JP-44,incidence_per_100k,subseasonal,hist_gradient_boosting,validation,shallow,365,0.023619516411008717,0.030144828056282564,1.012941441617709,-0.026050364146562366,0.09063523999993194
JP-45,incidence_per_100k,subseasonal,hist_gradient_boosting,validation,shallow,365,0.016839269848015405,0.02131380446525705,1.0034731498677947,-0.006958362505593341,0.005122764031646838
JP-46,incidence_per_100k,subseasonal,hist_gradient_boosting,validation,shallow,365,0.01776811208637866,0.021945427402772322,0.9958661028870865,0.008250705120486868,0.0957277012085656
JP-47,incidence_per_100k,subseasonal,hist_gradient_boosting,validation,shallow,365,0.016041695671157007,0.01986165206180019,1.0040420955248637,-0.008100529585959526,0.039662307402070926
JP-01,incidence_per_100k,subseasonal,hist_gradient_boosting,test,shallow,730,0.01597832515746943,0.020144411698568218,1.0082391389340932,-0.01654616127856179,-0.1426199901303826
JP-02,incidence_per_100k,subseasonal,hist_gradient_boosting,test,shallow,730,0.024897670364936692,0.031245373458311927,1.0031420189204752,-0.006293910123846835,-0.03918445854694545
JP-03,incidence_per_100k,subseasonal,hist_gradient_boosting,test,shallow,730,0.02020108006014957,0.024869626106365842,0.9981161126476698,0.0037642256731041934,0.0718694694359113
JP-04,incidence_per_100k,subseasonal,hist_gradient_boosting,test,shallow,730,0.019810174296724378,0.025083412393735325,1.0037028639376586,-0.007419439076657985,-0.07164656501820894
JP-05,incidence_per_100k,subseasonal,hist_gradient_boosting,test,shallow,730,0.034034385844747696,0.042629085975140556,1.003115758291733,-0.0062412245331984195,-0.0487082020828206
JP-06,incidence_per_100k,subseasonal,hist_gradient_boosting,test,shallow,730,0.02483108333090675,0.03117769895918544,1.0037317799471233,-0.007477486075820661,-0.05717304758977682
JP-07,incidence_per_100k,subseasonal,hist_gradient_boosting,test,shallow,730,0.024027687389710096,0.029959991838502155,1.0040565800924925,-0.00812961602703166,-0.03468463152931462
JP-08,incidence_per_100k,subseasonal,hist_gradient_boosting,test,shallow,730,0.022361419202375287,0.02815647686884044,1.0054695337563027,-0.010968983312116709,-0.09315037158991571
JP-09,incidence_per_100k,subseasonal,hist_gradient_boosting,test,shallow,730,0.021227199995744715,0.02689081863870963,1.0012126080024797,-0.0024266864231270446,-0.001333671004984419
JP-10,incidence_per_100k,subseasonal,hist_gradient_boosting,test,shallow,730,0.02122798135479079,0.027172972535072424,1.0031746677606816,-0.006359414036753774,-0.028894479666792747
JP-11,incidence_per_100k,subseasonal,hist_gradient_boosting,test,shallow,730,0.014586477765412144,0.018601804416355807,0.9990818185908209,0.0018355197612582863,0.04959296239592786
JP-13,incidence_per_100k,subseasonal,hist_gradient_boosting,test,shallow,730,0.008110868439916536,0.010170530410951444,1.003112823923517,-0.006235337519812756,0.0002734206599810146
JP-14,incidence_per_100k,subseasonal,hist_gradient_boosting,test,shallow,730,0.010722243069294608,0.013376081254334826,1.0056259710224038,-0.011283593594752617,-0.0161536446863762
JP-15,incidence_per_100k,subseasonal,hist_gradient_boosting,test,shallow,730,0.023237349717732253,0.029122695438185867,1.0000355672511647,-7.113576735862104e-05,0.02117879932329402
JP-16,incidence_per_100k,subseasonal,hist_gradient_boosting,test,shallow,730,0.028911008386268377,0.036241341481611226,0.9989418640362239,0.0021151522758345864,0.04601429589560435
JP-17,incidence_per_100k,subseasonal,hist_gradient_boosting,test,shallow,730,0.021304414646702872,0.026386950176102382,0.998791120861963,0.002416296887303382,0.049963323253485355
JP-18,incidence_per_100k,subseasonal,hist_gradient_boosting,test,shallow,730,0.023021036659589888,0.02923310007445223,1.0073465904489025,-0.014747153289029091,-0.02468347385797387
JP-19,incidence_per_100k,subseasonal,hist_gradient_boosting,test,shallow,730,0.033889550516942674,0.0423287113336732,0.9988971771047543,0.002204429572153055,0.05158972134944475
JP-20,incidence_per_100k,subseasonal,hist_gradient_boosting,test,shallow,730,0.019624424452235764,0.024845410663358335,1.005701391095481,-0.011435288051385717,-0.03766142704127198
JP-21,incidence_per_100k,subseasonal,hist_gradient_boosting,test,shallow,730,0.024011354449370224,0.029840843932474655,1.0001759021871612,-0.00035183531590177175,0.037274267885329185
JP-22,incidence_per_100k,subseasonal,hist_gradient_boosting,test,shallow,730,0.01992040257814526,0.024643498525849555,1.0010090785107566,-0.002019175260953965,0.00525996039769173
JP-23,incidence_per_100k,subseasonal,hist_gradient_boosting,test,shallow,730,0.012543638933808623,0.015770671269439412,0.9991494293265889,0.0017004178763513345,0.04651128832659366
JP-24,incidence_per_100k,subseasonal,hist_gradient_boosting,test,shallow,730,0.023736564507445147,0.02920957587518483,1.0037260340431546,-0.007465951416000038,-0.04077727308356413
JP-25,incidence_per_100k,subseasonal,hist_gradient_boosting,test,shallow,730,0.01937876674961581,0.024433244882854966,1.0040391772201296,-0.008094669392874732,-0.007049310594376931
JP-26,incidence_per_100k,subseasonal,hist_gradient_boosting,test,shallow,730,0.016325575629723917,0.02038346987966186,0.999391113648146,0.001217401961118414,0.04330274280490382
JP-27,incidence_per_100k,subseasonal,hist_gradient_boosting,test,shallow,730,0.01170052865132458,0.014845161109190328,0.9959677344014956,0.00804827203115177,0.09963272329392187
JP-28,incidence_per_100k,subseasonal,hist_gradient_boosting,test,shallow,730,0.013299856762044883,0.016461813645179398,0.9989425829045863,0.0021137160599139504,0.08617737092963182
JP-29,incidence_per_100k,subseasonal,hist_gradient_boosting,test,shallow,730,0.02698844286916626,0.03378801325431742,1.0065267388797645,-0.01309607607993346,-0.10722305209130185
JP-30,incidence_per_100k,subseasonal,hist_gradient_boosting,test,shallow,730,0.023171316584550735,0.0289009068330534,0.9998226318250276,0.0003547048904753991,0.04096962798961926
JP-31,incidence_per_100k,subseasonal,hist_gradient_boosting,test,shallow,730,0.03728513437522562,0.046918940417393716,1.001769323927686,-0.00354177836253311,0.005052727485400148
JP-32,incidence_per_100k,subseasonal,hist_gradient_boosting,test,shallow,730,0.028589501329596534,0.035608311360613265,0.9994840464234058,0.0010316409450946695,0.04405033673623641
JP-33,incidence_per_100k,subseasonal,hist_gradient_boosting,test,shallow,730,0.016766146270497134,0.020775121844673484,0.9995501244680354,0.0008995486759350024,0.050064969484091476
JP-34,incidence_per_100k,subseasonal,hist_gradient_boosting,test,shallow,730,0.016780850522352286,0.021170727675901106,1.0185315187332045,-0.03740645465296821,-0.05705093938762191
JP-35,incidence_per_100k,subseasonal,hist_gradient_boosting,test,shallow,730,0.028424043694630474,0.03615756488199497,1.0032090128887552,-0.006428323541230796,-0.029775973684638926
JP-36,incidence_per_100k,subseasonal,hist_gradient_boosting,test,shallow,730,0.025996511775608248,0.032227182647360526,1.0028748148980644,-0.0057578943568268315,-0.01305745300727901
JP-37,incidence_per_100k,subseasonal,hist_gradient_boosting,test,shallow,730,0.023310609774666053,0.029200184954312543,0.9953404293934399,0.009297429614882669,0.11981140724971628
JP-38,incidence_per_100k,subseasonal,hist_gradient_boosting,test,shallow,730,0.027962902406900532,0.03450491730859108,0.9925944225331772,0.014756312356028478,0.15386747025791975
JP-39,incidence_per_100k,subseasonal,hist_gradient_boosting,test,shallow,730,0.02560553978618237,0.033074851643931376,0.998948505804077,0.002101882751801898,0.05353193664693502
JP-40,incidence_per_100k,subseasonal,hist_gradient_boosting,test,shallow,730,0.008136659480960656,0.01015400640530439,1.0021757853490698,-0.004356304740024797,0.02474087159211106
JP-41,incidence_per_100k,subseasonal,hist_gradient_boosting,test,shallow,730,0.025818108600598664,0.03137715221339226,0.9986929658063354,0.0026123600489459387,0.05223593847085107
JP-42,incidence_per_100k,subseasonal,hist_gradient_boosting,test,shallow,730,0.023302780015760537,0.029018517583463004,0.9960654644588954,0.007853590512284958,0.10809176579497747
JP-43,incidence_per_100k,subseasonal,hist_gradient_boosting,test,shallow,730,0.021265259160451355,0.02698385803366006,1.0031203781911622,-0.006250493142380353,-0.0033714615152194566
JP-44,incidence_per_100k,subseasonal,hist_gradient_boosting,test,shallow,730,0.02360876699843851,0.030109996524176317,1.0021308737371621,-0.004266288097207749,0.006069754209228499
JP-45,incidence_per_100k,subseasonal,hist_gradient_boosting,test,shallow,730,0.017454443552481297,0.021413817394011818,0.9998250354180053,0.0003498985513843422,0.05052434598416883
JP-46,incidence_per_100k,subseasonal,hist_gradient_boosting,test,shallow,730,0.024091526780620952,0.030118038935967786,0.9948794978208423,0.010214784815748446,0.12336135333719501
JP-47,incidence_per_100k,subseasonal,hist_gradient_boosting,test,shallow,730,0.018727880825156733,0.022864598084137783,1.0076815550779754,-0.015422116444366862,0.026481150309384794
JP-01,incidence_per_100k,high_frequency,hist_gradient_boosting,train,shallow,4374,0.017841622193721776,0.02225304828829444,0.9958902523883824,0.008202605197804358,0.11043782426340934
JP-02,incidence_per_100k,high_frequency,hist_gradient_boosting,train,shallow,4369,0.042626884468554324,0.05384067579301862,0.994354308742199,0.011259508685823594,0.15002861072325893
JP-03,incidence_per_100k,high_frequency,hist_gradient_boosting,train,shallow,4370,0.044385224285960104,0.05597027987696919,0.997082603790588,0.005826281218181073,0.14382272329943127
JP-04,incidence_per_100k,high_frequency,hist_gradient_boosting,train,shallow,4374,0.029357546112512005,0.03717710141995774,0.9937548190357026,0.012451359643317783,0.13716455170267491
JP-05,incidence_per_100k,high_frequency,hist_gradient_boosting,train,shallow,4369,0.050816101817982656,0.06422825195502505,0.9950726255911669,0.009830469799101405,0.1535138355198234
JP-06,incidence_per_100k,high_frequency,hist_gradient_boosting,train,shallow,4374,0.044675716362621236,0.056365672958086074,0.9940098975311917,0.011944323610029617,0.1724704565718623
JP-07,incidence_per_100k,high_frequency,hist_gradient_boosting,train,shallow,4369,0.03378745597207201,0.042748672511859834,0.9945196956425941,0.010930574978961993,0.15108553715825956
JP-08,incidence_per_100k,high_frequency,hist_gradient_boosting,train,shallow,4369,0.025637072070880007,0.03223742143273921,0.9954465660505744,0.00908613413811954,0.13171220539629558
JP-09,incidence_per_100k,high_frequency,hist_gradient_boosting,train,shallow,4369,0.03322454535314083,0.041805784830070344,0.9965482890180242,0.0068915076552484855,0.12287263139009338
JP-10,incidence_per_100k,high_frequency,hist_gradient_boosting,train,shallow,4369,0.0306414774491731,0.03878844520345061,0.9972814659627071,0.005429677647274089,0.11578663098683047
JP-11,incidence_per_100k,high_frequency,hist_gradient_boosting,train,shallow,4370,0.015166561029410369,0.019341235232890372,0.9971595347493796,0.0056728622584010235,0.097671187712239
JP-13,incidence_per_100k,high_frequency,hist_gradient_boosting,train,shallow,4373,0.012332437325030287,0.015442825854030045,0.9964927083895886,0.007002282126382209,0.09870806840203344
JP-14,incidence_per_100k,high_frequency,hist_gradient_boosting,train,shallow,4371,0.014475162918998393,0.018187726502684885,0.9960600454082176,0.007864385941379393,0.1059003246346363
JP-15,incidence_per_100k,high_frequency,hist_gradient_boosting,train,shallow,4369,0.030625521714213386,0.03831951393674571,0.995830959638539,0.00832069982538619,0.12169374689011314
JP-16,incidence_per_100k,high_frequency,hist_gradient_boosting,train,shallow,4371,0.037910115928401024,0.04781762447969314,0.9936954756956128,0.01256930158206937,0.15529739139880286
JP-17,incidence_per_100k,high_frequency,hist_gradient_boosting,train,shallow,4372,0.034627382146613234,0.04358387655632993,0.9955004387217292,0.008978876504844968,0.1369336022892736
JP-18,incidence_per_100k,high_frequency,hist_gradient_boosting,train,shallow,4375,0.043388071729085965,0.05477089712697932,0.9928207627613932,0.014306933029885172,0.1942819823005938
JP-19,incidence_per_100k,high_frequency,hist_gradient_boosting,train,shallow,4370,0.04993850531261051,0.06234881678231099,0.9942115687041327,0.011543356654867831,0.1858780652321469
JP-20,incidence_per_100k,high_frequency,hist_gradient_boosting,train,shallow,4373,0.028824746033004583,0.036190586848123214,0.9967722125301046,0.006445156327840262,0.10467742144235553
JP-21,incidence_per_100k,high_frequency,hist_gradient_boosting,train,shallow,4369,0.035376647960190376,0.044577441249642524,0.9955968121719962,0.008786987592958817,0.15372352158645122
JP-22,incidence_per_100k,high_frequency,hist_gradient_boosting,train,shallow,4371,0.02032277842479876,0.025592917237057786,0.9972703963826564,0.005451756498779381,0.0972549697468941
JP-23,incidence_per_100k,high_frequency,hist_gradient_boosting,train,shallow,4369,0.015130867951702808,0.019011313298389267,0.9965910049916317,0.006806368769770033,0.09799137564150133
JP-24,incidence_per_100k,high_frequency,hist_gradient_boosting,train,shallow,4369,0.033730077968104906,0.04212040156571606,0.9922060652874825,0.015527124006732507,0.16533305987940336
JP-25,incidence_per_100k,high_frequency,hist_gradient_boosting,train,shallow,4371,0.03447632003445876,0.04332272850073238,0.9950317080537957,0.009911899967545712,0.1379175055234762
JP-26,incidence_per_100k,high_frequency,hist_gradient_boosting,train,shallow,4370,0.026324907575552687,0.033184667155726766,0.9957932352774178,0.008395832575733064,0.11647064333065499
JP-27,incidence_per_100k,high_frequency,hist_gradient_boosting,train,shallow,4371,0.014410606925465528,0.018196225717123145,0.9969855460691419,0.006019820929214825,0.09681970129697237
JP-28,incidence_per_100k,high_frequency,hist_gradient_boosting,train,shallow,4371,0.015660211976923258,0.01973219550332576,0.9967796793757063,0.006430270783663872,0.10675722650457206
JP-29,incidence_per_100k,high_frequency,hist_gradient_boosting,train,shallow,4372,0.0363629368992739,0.04597847292492412,0.9944990220751861,0.010971695091498312,0.1693368574868018
JP-30,incidence_per_100k,high_frequency,hist_gradient_boosting,train,shallow,4370,0.041637502475352486,0.052614142768569655,0.990271686134481,0.01936198764037189,0.21486206323916693
JP-31,incidence_per_100k,high_frequency,hist_gradient_boosting,train,shallow,4369,0.06547775586788222,0.08272324744866891,0.9869625414188312,0.02590494183608205,0.2937488107451146
JP-32,incidence_per_100k,high_frequency,hist_gradient_boosting,train,shallow,4371,0.060577726412131695,0.0761054733672191,0.9933803472113627,0.013195485774232463,0.1864998208358038
JP-33,incidence_per_100k,high_frequency,hist_gradient_boosting,train,shallow,4369,0.030114771915846786,0.03796039203442397,0.9962075105672082,0.0075705958894854986,0.12108884414444432
JP-34,incidence_per_100k,high_frequency,hist_gradient_boosting,train,shallow,4376,0.021984566947024536,0.02766277646066854,0.9962931323492857,0.007399994433648471,0.10765816893494708
JP-35,incidence_per_100k,high_frequency,hist_gradient_boosting,train,shallow,4370,0.031064929814302686,0.039346920833393646,0.9951526896564086,0.009671124269615916,0.13535228775872307
JP-36,incidence_per_100k,high_frequency,hist_gradient_boosting,train,shallow,4370,0.04047696034336385,0.05104817165855329,0.9941017603428849,0.011761690083177179,0.16034184361390583
JP-37,incidence_per_100k,high_frequency,hist_gradient_boosting,train,shallow,4369,0.04409197630691461,0.05586106544382396,0.9929278342806375,0.014094315910762822,0.18806735242696837
JP-38,incidence_per_100k,high_frequency,hist_gradient_boosting,train,shallow,4371,0.03870998586537638,0.04897693926878852,0.9949632231100862,0.01004818465838897,0.16033567787068848
JP-39,incidence_per_100k,high_frequency,hist_gradient_boosting,train,shallow,4370,0.04491446319182121,0.0568830851754982,0.9885970058335494,0.02267596005694117,0.23496453870807749
JP-40,incidence_per_100k,high_frequency,hist_gradient_boosting,train,shallow,4376,0.014921772885317697,0.018936541850772686,0.9947854044158558,0.010401999161181896,0.12101680386488131
JP-41,incidence_per_100k,high_frequency,hist_gradient_boosting,train,shallow,4371,0.039865807558814595,0.050820658525304235,0.9952606438384403,0.009456250826293422,0.13170241166847882
JP-42,incidence_per_100k,high_frequency,hist_gradient_boosting,train,shallow,4369,0.032748158097776314,0.041522514368718136,0.9941588879603556,0.011648105489429406,0.13623270063150736
JP-43,incidence_per_100k,high_frequency,hist_gradient_boosting,train,shallow,4370,0.029994207386297763,0.03811087805311272,0.9958523248363373,0.008278147118062407,0.12917285471042395
JP-44,incidence_per_100k,high_frequency,hist_gradient_boosting,train,shallow,4369,0.034752703033424,0.04345988044261588,0.996202091126262,0.00758139363566257,0.12755821342906645
JP-45,incidence_per_100k,high_frequency,hist_gradient_boosting,train,shallow,4372,0.03829433331804246,0.048082137914061907,0.992918510136133,0.014112832229041805,0.18196431415177663
JP-46,incidence_per_100k,high_frequency,hist_gradient_boosting,train,shallow,4369,0.033005153339312955,0.041437492113601135,0.9956619083929532,0.008657364175302273,0.14814657120627564
JP-47,incidence_per_100k,high_frequency,hist_gradient_boosting,train,shallow,4369,0.03393568217991421,0.04258362246784446,0.9944906360307488,0.010988374847156535,0.15310699044713932
JP-01,incidence_per_100k,high_frequency,hist_gradient_boosting,validation,shallow,365,0.02147578703240468,0.027453289336185797,0.9982217586959576,0.003553320465949583,0.06058500778837931
JP-02,incidence_per_100k,high_frequency,hist_gradient_boosting,validation,shallow,365,0.05674028930804432,0.0716227782662051,0.9984415443314881,0.0031144825529528797,0.06529533487801942
JP-03,incidence_per_100k,high_frequency,hist_gradient_boosting,validation,shallow,365,0.05654577347778848,0.07158563512118783,0.9984967625223594,0.003004215232367269,0.10083328964452894
JP-04,incidence_per_100k,high_frequency,hist_gradient_boosting,validation,shallow,365,0.03428073743317135,0.04214371974710861,0.9968712336746763,0.006247743471929135,0.08441846146690297
JP-05,incidence_per_100k,high_frequency,hist_gradient_boosting,validation,shallow,365,0.06584781314598397,0.08205477968939735,0.9985402358565719,0.0029173973755016736,0.06484324184159547
JP-06,incidence_per_100k,high_frequency,hist_gradient_boosting,validation,shallow,365,0.054213127042759233,0.06801929287428532,1.0007757459307882,-0.001552093643325314,-0.01036611883156574
JP-07,incidence_per_100k,high_frequency,hist_gradient_boosting,validation,shallow,365,0.04547171030145301,0.05605154515976362,1.000347353390599,-0.0006948274355760287,0.0049749734422529345
JP-08,incidence_per_100k,high_frequency,hist_gradient_boosting,validation,shallow,365,0.031707171615196324,0.039847685657810175,1.0033701218427615,-0.006751601406758567,-0.04391331116243876
JP-09,incidence_per_100k,high_frequency,hist_gradient_boosting,validation,shallow,365,0.0437335697079522,0.054738162637340715,1.0011742826819214,-0.0023499443036598677,-0.03945151169564294
JP-10,incidence_per_100k,high_frequency,hist_gradient_boosting,validation,shallow,365,0.046444545683716115,0.057908794083641656,1.0014893578568607,-0.0029809339005471003,-0.03275321416848046
JP-11,incidence_per_100k,high_frequency,hist_gradient_boosting,validation,shallow,365,0.021971833643737056,0.0272926074463945,0.9967037530987903,0.006581628558785968,0.13323063828786239
JP-13,incidence_per_100k,high_frequency,hist_gradient_boosting,validation,shallow,365,0.013810755439872473,0.017232421387296117,0.999717785367428,0.0005643496200452569,0.031094113330440813
JP-14,incidence_per_100k,high_frequency,hist_gradient_boosting,validation,shallow,365,0.019003523138373703,0.02389637608817473,1.0013056581550908,-0.0026130210533992226,-0.005408612132199886
JP-15,incidence_per_100k,high_frequency,hist_gradient_boosting,validation,shallow,365,0.03852936949220371,0.04875684880899562,0.9975415695648401,0.0049108169901150855,0.09715271094507544
JP-16,incidence_per_100k,high_frequency,hist_gradient_boosting,validation,shallow,365,0.03858686947404778,0.04847650597781171,0.9993978263544006,0.0012039846780993457,0.0363007618854452
JP-17,incidence_per_100k,high_frequency,hist_gradient_boosting,validation,shallow,365,0.04080772857137582,0.05079345949451693,0.999129795774341,0.0017396511959234529,0.045117983407329476
JP-18,incidence_per_100k,high_frequency,hist_gradient_boosting,validation,shallow,365,0.050116340751804156,0.06365711954485596,1.0018815595820774,-0.0037666594306156043,-0.031987203170039086
JP-19,incidence_per_100k,high_frequency,hist_gradient_boosting,validation,shallow,365,0.06224495293777105,0.07633610053876314,1.0053137076513465,-0.010655650791696836,-0.08927037678150071
JP-20,incidence_per_100k,high_frequency,hist_gradient_boosting,validation,shallow,365,0.03417056706351111,0.04267067327445047,0.9994585838333663,0.001082539201802013,0.035847281834095635
JP-21,incidence_per_100k,high_frequency,hist_gradient_boosting,validation,shallow,365,0.04218360600915643,0.05311077771070044,1.001808321208182,-0.0036199124419560302,0.010715578910620843
JP-22,incidence_per_100k,high_frequency,hist_gradient_boosting,validation,shallow,365,0.02914290657527364,0.036070657818585594,1.0015743792893808,-0.0031512372489082008,-0.04288629322061036
JP-23,incidence_per_100k,high_frequency,hist_gradient_boosting,validation,shallow,365,0.017661186800990106,0.022124931571874118,0.9992511684058244,0.0014971024395947774,0.040106445339452686
JP-24,incidence_per_100k,high_frequency,hist_gradient_boosting,validation,shallow,365,0.042440536575777454,0.053204423088779956,1.0062021723081849,-0.012442811557709987,-0.1029432643108232
JP-25,incidence_per_100k,high_frequency,hist_gradient_boosting,validation,shallow,365,0.03532734054904171,0.04473836067703403,1.002185702031624,-0.004376181356619213,-0.04691549860850666
JP-26,incidence_per_100k,high_frequency,hist_gradient_boosting,validation,shallow,365,0.0315290267612074,0.03996026847437599,1.0016449089693686,-0.0032925236642549205,-0.01595358113986517
JP-27,incidence_per_100k,high_frequency,hist_gradient_boosting,validation,shallow,365,0.018648295578993796,0.023323499588682534,1.000464236465358,-0.0009286884462120781,0.0006189406781020575
JP-28,incidence_per_100k,high_frequency,hist_gradient_boosting,validation,shallow,365,0.018653076621148273,0.023062502168304265,1.001842946203757,-0.003689288858223838,0.0039594679493960986
JP-29,incidence_per_100k,high_frequency,hist_gradient_boosting,validation,shallow,365,0.050148587190795846,0.06160877208469056,1.0007575128654753,-0.0015155995566922265,0.004475036156589419
JP-30,incidence_per_100k,high_frequency,hist_gradient_boosting,validation,shallow,365,0.05262297548187487,0.06597726395290933,1.0021832054438018,-0.004371177273613691,-0.031744814185514426
JP-31,incidence_per_100k,high_frequency,hist_gradient_boosting,validation,shallow,365,0.07393922173059361,0.09254584044696393,0.9998547852582572,0.0002904083961642323,0.03331053103903022
JP-32,incidence_per_100k,high_frequency,hist_gradient_boosting,validation,shallow,365,0.06783250913000402,0.08489915675985191,1.0003872123423727,-0.0007745746181431201,0.003196850575812994
JP-33,incidence_per_100k,high_frequency,hist_gradient_boosting,validation,shallow,365,0.036563731225964326,0.047631757145594436,1.001272870283425,-0.002547360765608575,-0.025839612886797283
JP-34,incidence_per_100k,high_frequency,hist_gradient_boosting,validation,shallow,365,0.02550096420763169,0.031870472758397404,1.0015403606542481,-0.0030830940194412904,-0.024281105563114073
JP-35,incidence_per_100k,high_frequency,hist_gradient_boosting,validation,shallow,365,0.044055165087360446,0.05445983688747322,0.9992739520278033,0.0014515687987353143,0.04623378545884355
JP-36,incidence_per_100k,high_frequency,hist_gradient_boosting,validation,shallow,365,0.0525115855976451,0.06660958511725487,1.003061851815205,-0.006133078566948669,-0.04987279824542644
JP-37,incidence_per_100k,high_frequency,hist_gradient_boosting,validation,shallow,365,0.05287876629648278,0.06625880263622136,1.0028600734125277,-0.005728326844980147,-0.053834897072194104
JP-38,incidence_per_100k,high_frequency,hist_gradient_boosting,validation,shallow,365,0.04960757102156469,0.0619458737778157,1.0010495175377436,-0.0021001365625494817,-0.02632776119168557
JP-39,incidence_per_100k,high_frequency,hist_gradient_boosting,validation,shallow,365,0.057474459813434034,0.07398006302053642,0.9973747502122238,0.005243607639104142,0.11141954629750239
JP-40,incidence_per_100k,high_frequency,hist_gradient_boosting,validation,shallow,365,0.015373868028229796,0.019511259983048982,0.9990648067142693,0.0018695119849797548,0.046183942613267484
JP-41,incidence_per_100k,high_frequency,hist_gradient_boosting,validation,shallow,365,0.050192100466769834,0.06249954559831806,1.0022500015275626,-0.004505065561999366,-0.07500854373658013
JP-42,incidence_per_100k,high_frequency,hist_gradient_boosting,validation,shallow,365,0.042685355751916634,0.053268146233083256,1.0001373781336778,-0.00027477514010709747,0.01546539539433181
JP-43,incidence_per_100k,high_frequency,hist_gradient_boosting,validation,shallow,365,0.03673210418388384,0.045884907846023455,0.9957488978159837,0.00848413249825386,0.14897743065636584
JP-44,incidence_per_100k,high_frequency,hist_gradient_boosting,validation,shallow,365,0.04095145128730603,0.052329528317831726,1.0031840032483024,-0.0063781443732897625,-0.08672564176759259
JP-45,incidence_per_100k,high_frequency,hist_gradient_boosting,validation,shallow,365,0.04667595396799137,0.057594735716768736,1.0036770613033452,-0.007367643386519296,-0.025379197519111888
JP-46,incidence_per_100k,high_frequency,hist_gradient_boosting,validation,shallow,365,0.04003663630057697,0.05135387370094872,1.0018323936945812,-0.0036681450558144757,-0.04349211491150745
JP-47,incidence_per_100k,high_frequency,hist_gradient_boosting,validation,shallow,365,0.03723475142287677,0.04587177049161029,1.0038359819285028,-0.007686678614360787,-0.0941196750707805
JP-01,incidence_per_100k,high_frequency,hist_gradient_boosting,test,shallow,730,0.02698618823364354,0.03392924607839406,1.0049920221045712,-0.010008964493834593,-0.06804260617012967
JP-02,incidence_per_100k,high_frequency,hist_gradient_boosting,test,shallow,730,0.06564998501516443,0.08242391062114882,1.004410693012092,-0.0088408402370308,-0.10671941745989791
JP-03,incidence_per_100k,high_frequency,hist_gradient_boosting,test,shallow,730,0.06475165154176032,0.08148572853225057,1.0008582771013388,-0.001717290842260466,-0.01777748221640448
JP-04,incidence_per_100k,high_frequency,hist_gradient_boosting,test,shallow,730,0.04200978043284285,0.05365755344515425,1.0015756227981312,-0.003153728183464155,-0.0012552157543945005
JP-05,incidence_per_100k,high_frequency,hist_gradient_boosting,test,shallow,730,0.06763562233843874,0.0846678691524147,1.0024237406584176,-0.004853355835614526,-0.059659881929785046
JP-06,incidence_per_100k,high_frequency,hist_gradient_boosting,test,shallow,730,0.06252196551782499,0.07906909008582494,0.9996473864887874,0.0007051026861368825,0.03073085550451584
JP-07,incidence_per_100k,high_frequency,hist_gradient_boosting,test,shallow,730,0.04565198741564915,0.05687509424788252,1.0001605444684425,-0.0003211147114114965,0.013814876158854525
JP-08,incidence_per_100k,high_frequency,hist_gradient_boosting,test,shallow,730,0.03639897868405423,0.04565509191120745,1.0023142756262509,-0.0046339071241761065,0.018289487232505727
JP-09,incidence_per_100k,high_frequency,hist_gradient_boosting,test,shallow,730,0.04547637794360059,0.0577941893212053,0.9999842283728023,3.154300565100243e-05,0.014242122867272602
JP-10,incidence_per_100k,high_frequency,hist_gradient_boosting,test,shallow,730,0.0508451919583237,0.06398907104043974,0.9991468779728613,0.0017055162370843702,0.052649183022478965
JP-11,incidence_per_100k,high_frequency,hist_gradient_boosting,test,shallow,730,0.0243398705581272,0.030197275532495974,1.0006679443793614,-0.0013363349084167808,-0.007222382142503416
JP-13,incidence_per_100k,high_frequency,hist_gradient_boosting,test,shallow,730,0.015221547561439543,0.01890438047478068,0.9997734350377283,0.00045307859286125574,0.02701055302373165
JP-14,incidence_per_100k,high_frequency,hist_gradient_boosting,test,shallow,730,0.02014600116914178,0.0254628216291821,1.0002956693118406,-0.000591426044022958,0.009162489823563382
JP-15,incidence_per_100k,high_frequency,hist_gradient_boosting,test,shallow,730,0.03945417076012869,0.049975927635807556,1.0010866884341625,-0.002174557760078022,-0.01605497154670277
JP-16,incidence_per_100k,high_frequency,hist_gradient_boosting,test,shallow,730,0.046310038531032736,0.059592004374642904,1.000819575185075,-0.0016398220736340008,0.0035669234441398317
JP-17,incidence_per_100k,high_frequency,hist_gradient_boosting,test,shallow,730,0.043914087942929655,0.054637715829667644,1.002644196999592,-0.0052953857769568735,-0.03459639299056096
JP-18,incidence_per_100k,high_frequency,hist_gradient_boosting,test,shallow,730,0.05982872774274365,0.0756989500858396,1.0021798116515948,-0.004364374882025901,-0.05106832120588807
JP-19,incidence_per_100k,high_frequency,hist_gradient_boosting,test,shallow,730,0.06924163425893605,0.08589340189865535,1.0004329882149814,-0.000866163908757045,0.016761432783757052
JP-20,incidence_per_100k,high_frequency,hist_gradient_boosting,test,shallow,730,0.037069064257173844,0.04721389609501584,1.0005956249623575,-0.0011916046938107439,0.0038122002701782283
JP-21,incidence_per_100k,high_frequency,hist_gradient_boosting,test,shallow,730,0.047469688483052476,0.05933950917589738,1.0006595392044118,-0.0013195134007855103,-0.014409733212703037
JP-22,incidence_per_100k,high_frequency,hist_gradient_boosting,test,shallow,730,0.030124392230624054,0.03813579188687994,0.9999573803884716,8.523740662558232e-05,0.01680151770435914
JP-23,incidence_per_100k,high_frequency,hist_gradient_boosting,test,shallow,730,0.0189204646884475,0.02365533070664699,0.9990080881246783,0.001982839861475183,0.04491700394744153
JP-24,incidence_per_100k,high_frequency,hist_gradient_boosting,test,shallow,730,0.044119122672092524,0.05567906003413191,1.0015800791050125,-0.003162654860002778,-0.006631490848662122
JP-25,incidence_per_100k,high_frequency,hist_gradient_boosting,test,shallow,730,0.03771429628370104,0.04804501793832667,0.9999218232701107,0.00015634734817748797,0.03165778748179234
JP-26,incidence_per_100k,high_frequency,hist_gradient_boosting,test,shallow,730,0.03386768417247699,0.04248408969384588,1.0014452312367341,-0.002892551166795654,-0.009346049207370808
JP-27,incidence_per_100k,high_frequency,hist_gradient_boosting,test,shallow,730,0.020513895168982815,0.025609758717906585,0.9999019699710999,0.00019605044791359827,0.01700346552891279
JP-28,incidence_per_100k,high_frequency,hist_gradient_boosting,test,shallow,730,0.021696318107932808,0.02723420693692828,0.9999943091525452,1.1381662523790581e-05,0.04146455775955036
JP-29,incidence_per_100k,high_frequency,hist_gradient_boosting,test,shallow,730,0.05679852850456303,0.07179837416999997,1.0004428511072019,-0.0008858983315069846,0.002315214125270839
JP-30,incidence_per_100k,high_frequency,hist_gradient_boosting,test,shallow,730,0.05458186711163798,0.06988447703953052,1.0007850224482222,-0.0015706611566888018,-0.00027172051579828335
JP-31,incidence_per_100k,high_frequency,hist_gradient_boosting,test,shallow,730,0.08098790654518394,0.10293348197166603,1.0002275757478936,-0.0004552032865079436,0.02165179984818259
JP-32,incidence_per_100k,high_frequency,hist_gradient_boosting,test,shallow,730,0.061059288138034296,0.07767898903096566,0.9992862425165376,0.0014270055171794471,0.039541287540198734
JP-33,incidence_per_100k,high_frequency,hist_gradient_boosting,test,shallow,730,0.041299271345698045,0.05183860097582574,1.0006726284586795,-0.001345709346402435,0.0032349876493889744
JP-34,incidence_per_100k,high_frequency,hist_gradient_boosting,test,shallow,730,0.025754506743627472,0.03280857115504676,0.999963006967994,7.39846955276624e-05,0.019210081151750245
JP-35,incidence_per_100k,high_frequency,hist_gradient_boosting,test,shallow,730,0.045378070658546016,0.05779214646715411,1.0006746870688532,-0.0013498293403473305,-0.004354504015638504
JP-36,incidence_per_100k,high_frequency,hist_gradient_boosting,test,shallow,730,0.053462026021899284,0.06777268970299512,1.0004467376628752,-0.0008936749002894651,0.009746712157645932
JP-37,incidence_per_100k,high_frequency,hist_gradient_boosting,test,shallow,730,0.05687672146751318,0.07073059055592122,1.0009390257983362,-0.0018789333661222152,-0.011288480770338977
JP-38,incidence_per_100k,high_frequency,hist_gradient_boosting,test,shallow,730,0.05992768329967767,0.0756314867172368,0.9998409974099417,0.00031797989829263074,0.018600962776051274
JP-39,incidence_per_100k,high_frequency,hist_gradient_boosting,test,shallow,730,0.05965551686126467,0.07597048515424851,1.0016401934293593,-0.0032830770932039677,-0.012574108993617442
JP-40,incidence_per_100k,high_frequency,hist_gradient_boosting,test,shallow,730,0.018399012341443758,0.022535080822847806,1.0018877638717725,-0.0037790913959807604,-0.033761756576140486
JP-41,incidence_per_100k,high_frequency,hist_gradient_boosting,test,shallow,730,0.05786309054003899,0.07353791431047985,1.0027712529847135,-0.0055501858125324155,-0.09179145069770558
JP-42,incidence_per_100k,high_frequency,hist_gradient_boosting,test,shallow,730,0.05046382210689796,0.06398982625469166,0.9989586188164276,0.0020816778923755663,0.057636069097847624
JP-43,incidence_per_100k,high_frequency,hist_gradient_boosting,test,shallow,730,0.04104896971746386,0.05215704145016344,1.0001850190520472,-0.00037007233614372304,0.015274281021904422
JP-44,incidence_per_100k,high_frequency,hist_gradient_boosting,test,shallow,730,0.04490309222816807,0.05650027770576624,0.9996302968614277,0.0007392695967339824,0.0315701863061255
JP-45,incidence_per_100k,high_frequency,hist_gradient_boosting,test,shallow,730,0.05380530451761079,0.0672217712918764,1.0012875373832433,-0.0025767325189995915,-0.018975647167636236
JP-46,incidence_per_100k,high_frequency,hist_gradient_boosting,test,shallow,730,0.04565242669282629,0.05650024167612012,0.9997790015810885,0.000441947997521952,0.021215242149729484
JP-47,incidence_per_100k,high_frequency,hist_gradient_boosting,test,shallow,730,0.041497699720936615,0.05178156640266493,1.0028259144497456,-0.00565981469196819,-0.06580068349311025
