model,n_obs,aic,bic_llf,deviance,df_resid,delta_aic
lags_raw_plus_flipflops,251850,955184.5148738013,956040.3151677975,290352.00092216954,251768,0.0
flipflops,251988,956814.1614608294,957576.0724433102,291545.0879607237,251915,1629.6465870281681
raw_temperature,251988,956845.8936431372,957566.0560786327,291584.8201430313,251919,1661.378769335919
