model,n_obs,aic,bic_llf,deviance,df_resid,delta_aic
lags_raw_plus_flipflops,251850,955184.5148738011,956040.3151677974,290352.0009221695,251768,0.0
flipflops,251988,956814.1614608293,957576.07244331,291545.0879607236,251915,1629.6465870281681
raw_temperature,251988,956845.893643137,957566.0560786325,291584.8201430312,251919,1661.3787693358026
