model,n_obs,aic,bic_llf,deviance,df_resid,delta_aic
lags_raw_plus_flipflops,251850,955184.5148738013,956040.3151677975,290352.00092216954,251768,0.0
lags_raw_temperature,251850,955232.3229011555,955983.7573056399,290419.80894952366,251778,47.80802735418547
raw_plus_flipflops,251988,956814.1614608295,957576.0724433103,291545.0879607237,251915,1629.6465870282846
raw_temperature,251988,956845.8936431372,957566.0560786327,291584.8201430313,251919,1661.378769335919
lags_flipflops,251850,957078.7925179785,957892.84645617,292254.2785663467,251772,1894.2776441772003
standardized_temperature,251988,957204.4569413749,957924.6193768705,291943.3834412691,251919,2019.942067573662
flipflops,251988,957754.2892975577,958505.7631432922,292487.2157974516,251916,2569.774423756404
