model,n_obs,aic,bic_llf,deviance,df_resid,delta_aic
lags_raw_plus_flipflops,251850,955184.5148738013,956040.3151677975,290352.00092216954,251768,0.0
raw_temperature,251988,956845.8936431372,957566.0560786327,291584.8201430313,251919,1661.378769335919
flipflops,251988,957754.2892975577,958505.7631432922,292487.2157974516,251916,2569.774423756404
